date,nav,ret,funding_pnl,basis_pnl,cost
2021-01-02,1500000.0,0.0,0.0,0.0,0.0
2021-01-03,1500000.0,0.0,0.0,0.0,0.0
2021-01-04,1500000.0,0.0,0.0,0.0,0.0
2021-01-05,1500000.0,0.0,0.0,0.0,0.0
2021-01-06,1500000.0,0.0,0.0,0.0,0.0
2021-01-07,1500000.0,0.0,0.0,0.0,0.0
2021-01-08,1503969.2846234483,0.002646189748965557,5890.779797611458,-321.495174163123,1600.0
2021-01-09,1508278.0765559785,0.002872527955020045,3835.24283718298,473.54909534708713,0.0
2021-01-10,1512786.6425188105,0.003005710641888074,4368.103596177515,140.46236665459583,0.0
2021-01-11,1515597.476127101,0.0018738890721937112,2884.474072361984,-73.64046407141723,0.0
2021-01-12,1519101.2295869826,0.0023358356399210767,1681.8338302655488,1821.9196296160662,0.0
2021-01-13,1519678.1691781553,0.0003846263941150857,1252.9999627161058,-676.0603715434772,0.0
2021-01-14,1521503.3028706245,0.0012167557949794537,2799.50612911628,-974.3724366470997,0.0
2021-01-15,1525600.7333365572,0.002731620310621855,3181.697658083234,915.7328078495484,0.0
2021-01-16,1527002.073477855,0.0009342267608650683,1391.7941552143245,9.545986083277967,0.0
2021-01-17,1527465.3068824138,0.00030882226970596063,901.3259801682138,-438.0925756092729,0.0
2021-01-18,1529328.470349625,0.0012421089781407162,2547.0651844659537,-683.9017172548793,0.0
2021-01-19,1533261.3240982997,0.002621902499116482,4505.953841748007,-573.1000930732844,0.0
2021-01-20,1537412.2244555857,0.0027672669048573214,1500.5255068679962,2650.3748504179857,0.0
2021-01-21,1537423.9052962868,7.787227134138902e-06,1416.3045072464263,-1404.623666545218,0.0
2021-01-22,1537985.847870362,0.00037462838271678465,315.7925043553562,246.15006971982075,0.0
2021-01-23,1537792.0939299357,-0.00012916929361754767,361.9588208525248,-555.7127612788463,0.0
2021-01-24,1539588.743486177,0.001197766370827518,719.3168411241081,1077.3327151171688,0.0
2021-01-25,1540503.492670493,0.0006098327895439465,1151.6941960268243,-236.9450117109045,0.0
2021-01-26,1541415.3701962004,0.0006079183504717579,368.4381751074776,543.4393506001593,0.0
2021-01-27,1541361.9277772475,-3.562827930194544e-05,332.14723319821223,-385.5896521511304,0.0
2021-01-28,1541459.789358922,6.524105444967889e-05,437.7668718553647,-339.90529018084635,0.0
2021-01-29,1543834.4114858634,0.0015830814179608396,2751.0067210833326,-376.3845941420732,0.0
2021-01-30,1545669.545557683,0.0012234227145465075,1458.4085496033301,376.7255222164313,0.0
2021-01-31,1547330.003084591,0.0011069716846051525,1698.3005431666086,-37.84301625887974,0.0
2021-02-01,1548316.32799672,0.0006575499414195355,1336.458044542253,-350.13313241294964,0.0
2021-02-02,1550748.2042860861,0.0016212508595772758,2324.4839459288073,107.39234343710632,0.0
2021-02-03,1553492.4227913995,0.0018294790035423452,2825.018458947146,-80.79995363362832,0.0
2021-02-04,1555603.891815425,0.0014076460160169072,2121.696866257326,-10.227842231965042,0.0
2021-02-05,1558276.5896625083,0.0017817985647222486,2907.2563622735815,-234.5585151902087,0.0
2021-02-06,1559984.01441,0.0011382831649944625,2706.6849335701645,-999.2601860784707,0.0
2021-02-07,1564335.147013869,0.0029007550692459402,4373.974784853929,-22.842180985018786,0.0
2021-02-08,1569695.0588765568,0.003573274575125232,4849.542535304807,510.3693273830413,0.0
2021-02-09,1576497.4398300098,0.004534920635635316,7583.4471719129815,-781.0662184600078,0.0
2021-02-10,1583177.1453744548,0.004453137029630026,6531.401832079287,148.30371236575252,0.0
2021-02-11,1589295.2366204446,0.004078727497326611,5105.875793083933,1012.2154529059844,0.0
2021-02-12,1593517.8189073051,0.0028150548579069195,5897.561916407845,-1674.9796295474662,0.0
2021-02-13,1600167.6849757566,0.004433244045634292,5773.680917232892,876.1851512185458,0.0
2021-02-14,1606331.0895574412,0.004108936387789775,6129.311774244247,34.09280744041462,0.0
2021-02-15,1609752.9018417955,0.0022812081895696606,3758.990149940167,-337.17786558567605,0.0
2021-02-16,1615867.636638074,0.004076489864185575,5970.181292731073,144.55350354728944,0.0
2021-02-17,1621853.0706391784,0.003990289334069664,5780.195300313313,205.23870079118205,0.0
2021-02-18,1628766.3242590777,0.0046088357465995065,7338.390928681256,-425.13730878199567,0.0
2021-02-19,1634708.6017837764,0.0039615183497991565,5359.290517467451,582.9870072312842,0.0
2021-02-20,1640893.078172905,0.004122984259418982,7548.188686745058,-1363.7122976165847,0.0
2021-02-21,1648202.7029241298,0.004873083167483276,6198.540156741683,1111.0845944832308,0.0
2021-02-22,1653960.6161962892,0.0038386088481061676,5617.79183357937,140.12143857988121,0.0
2021-02-23,1656074.135125093,0.0014090126192025836,1251.9936847847214,861.5252440191543,0.0
2021-02-24,1657688.4245767102,0.0010761929677448546,1652.814324024861,-38.524872407579096,0.0
2021-02-25,1659323.6662136763,0.0010901610913107273,1186.239362975893,449.00227399019786,0.0
2021-02-26,1660200.7511081763,0.0005847232630000061,481.60832819100165,395.47656630900747,0.0
2021-02-27,1660789.21199133,0.00039230725543564675,1338.5026468428355,-750.0417636893653,0.0
2021-02-28,1663155.961506544,0.0015778330101427688,906.8955006153752,1459.8540145987781,0.0
2021-03-01,1662527.4434975095,-0.00041901200602307675,568.480460198352,-1196.9984692329672,0.0
2021-03-02,1664033.6124887373,0.0010041126608186738,507.2497332237818,998.919258004229,0.0
2021-03-03,1664482.3771625815,0.0002991764492294983,1075.0495465247498,-626.2848726805023,0.0
2021-03-04,1664766.442695776,0.00018937702212966769,515.2147676404709,-231.14923444596934,0.0
2021-03-05,1665694.303372109,0.0006185737842220055,494.8820218398524,432.9786544931558,0.0
2021-03-06,1665709.3657108075,1.004155913221598e-05,498.83927627788364,-483.77693757955967,0.0
2021-03-07,1666331.6420007122,0.00041485085993653244,627.0492829464367,-4.772993041638074,0.0
2021-03-08,1666897.3166298508,0.00037711641942571593,778.0728194922217,-212.3981903536478,0.0
2021-03-09,1669211.2413165173,0.001542616457777716,3064.3073784301628,-750.3826917635888,0.0
2021-03-10,1672022.1248125643,0.0018739223306979442,2431.0896211607237,379.7938748861925,0.0
2021-03-11,1675514.4453318317,0.002328213679511567,5353.787805514172,-1861.4672862468215,0.0
2021-03-12,1680821.8465526,0.0035382674805121725,4345.302194799484,962.0990259687751,0.0
2021-03-13,1684060.5018250868,0.002159103514991134,3232.859495221893,5.795777264807839,0.0
2021-03-14,1689609.1618894197,0.0036991067095552685,5879.701224579551,-331.04116024664836,0.0
2021-03-15,1694308.6157845436,0.003132969263415973,4085.7833611962483,613.6705339277105,0.0
2021-03-16,1696857.743255464,0.0016994183139469267,1880.2265889396115,668.9008819807786,0.0
2021-03-17,1698017.351780875,0.0007730723502740113,1537.3568318508644,-377.7483064398475,0.0
2021-03-18,1700087.9494651929,0.0013803984562118657,1850.6990763269778,219.8986079908209,0.0
2021-03-19,1701183.156657933,0.0007301381284934915,1537.3909052424513,-442.1837125022139,0.0
2021-03-20,1704005.5151115789,0.001881572302430555,2825.4268063153518,-3.0683526695192995,0.0
2021-03-21,1706166.001394351,0.0014403241885148836,1660.0038695472817,500.4824132250435,0.0
2021-03-22,1708377.9133861621,0.0014746079945406252,2866.8348227412666,-654.9228309303289,0.0
2021-03-23,1710686.0150875435,0.001538734467587561,1717.6142765131242,590.4874248682172,0.0
2021-03-24,1712103.4232841362,0.000944938797728524,1788.6788696188767,-371.27067302609066,0.0
2021-03-25,1714476.9152818453,0.0015823279984726682,567.5959875902182,1805.896010118784,0.0
2021-03-26,1714179.5262999586,-0.00019825932125775602,629.9353804927774,-927.3243623794115,0.0
2021-03-27,1715663.5521150322,0.000989350543382459,562.8381580337997,921.187657039889,0.0
2021-03-28,1716014.6534831768,0.00023406757876297425,570.9999761350349,-219.8986079905735,0.0
2021-03-29,1716207.3121396336,0.00012843910430463854,726.2110928994911,-533.5524364425332,0.0
2021-03-30,1718531.8578188478,0.0015496971194760092,2807.6407606446264,-483.0950814306125,0.0
2021-03-31,1722506.4405971013,0.002649721852169085,4210.505005741229,-235.92222748760105,0.0
2021-04-01,1726832.6239589385,0.0028841222412247887,5142.024243886307,-815.840882049124,0.0
2021-04-02,1732240.1386384284,0.003605009786326699,5597.75254500762,-190.23786551757138,0.0
2021-04-03,1737658.7998625548,0.003612440816084183,5482.41477403969,-63.753549913415554,0.0
2021-04-04,1740007.8477605283,0.0015660319319823854,2475.873141652206,-126.82524367862788,0.0
2021-04-05,1744100.1418706211,0.002728196073395131,2384.2444573277376,1708.0496527649593,0.0
2021-04-06,1746166.3224272882,0.0013774537044447934,4821.220325927239,-2755.039769260049,0.0
2021-04-07,1750913.7271395961,0.0031649364748719514,3266.4131570962472,1480.99155521168,0.0
2021-04-08,1752848.4880869128,0.001289840631544379,1756.1146363286136,178.64631098795508,0.0
2021-04-09,1754848.6271829112,0.0013334260639988498,1341.4660562497231,658.6730397485517,0.0
2021-04-10,1760832.984928763,0.003989571830567964,5577.97148116202,406.38626468992675,0.0
2021-04-11,1765776.3202106592,0.003295556854597476,5959.641871695128,-1016.3065897989145,0.0
2021-04-12,1770747.4280940893,0.003314071922286668,6033.4397632731825,-1062.33187984318,0.0
2021-04-13,1778282.5701885808,0.005023428062994392,6059.605388470495,1475.536706021092,0.0
2021-04-14,1784232.872604755,0.003966868277449529,6593.292764500525,-642.9903483262315,0.0
2021-04-15,1790389.5603214372,0.00410445847778804,5773.825489126099,382.862227555961,0.0
2021-04-16,1797319.305587235,0.004619830177198457,7441.478305478373,-511.7330396806874,0.0
2021-04-17,1800887.1268471514,0.0023785475066111423,4114.669891260991,-546.8486313442772,0.0
2021-04-18,1804179.4172667589,0.002194860279738286,3074.4373800632075,217.85303954422125,0.0
2021-04-19,1807938.8998402203,0.0025063217156410036,574.1915743035694,3185.2909991579363,0.0
2021-04-20,1808126.0800582098,0.00012478681199300657,569.019661322051,-381.8394433325411,0.0
2021-04-21,1809214.0966068585,0.000725344365765775,576.9653651169214,511.0511835317411,0.0
2021-04-22,1809053.4654808072,-0.00010708741736752814,550.2039090813013,-710.8350351325935,0.0
2021-04-23,1809680.7183080076,0.00041816855146692037,1192.1706464882704,-564.9178192878899,0.0
2021-04-24,1811024.8978121483,0.0008961196694271796,948.7029378317656,395.47656630900383,0.0
2021-04-25,1811053.3732232768,1.8983607419031764e-05,1199.9042747812093,-1171.4288636526617,0.0
2021-04-26,1813234.2622273238,0.0014539260026978772,501.81823760641225,1679.0707664404035,0.0
2021-04-27,1814271.205261652,0.0006912953562187246,552.1433125253565,484.79972180273035,0.0
2021-04-28,1814447.8699282072,0.00011777644437020793,562.5952467807867,-385.93058022547484,0.0
2021-04-29,1814284.515195955,-0.00010890315483475812,561.1174258566671,-724.4721581088043,0.0
2021-04-30,1815240.0537770805,0.0006370257207503399,547.7886041381851,407.74997698732477,0.0
2021-05-01,1816723.4828365792,0.0009889527063324927,1056.2461822703765,427.1828772283625,0.0
2021-05-02,1817186.1344276736,0.0003084343940628705,2097.7426359365463,-1635.0910448422405,0.0
2021-05-03,1819514.9786251527,0.0015525627983195135,2776.4827591718176,-447.6385616925472,0.0
2021-05-04,1822270.149322262,0.0018367804647395206,2527.4307434073035,227.73995370197736,0.0
2021-05-05,1823628.8736733089,0.0009058162340312156,1795.794142432931,-437.0697913861077,0.0
2021-05-06,1828014.5735051767,0.0029237998879118507,4500.933521016512,-115.23368914873572,0.0
2021-05-07,1830910.3557665867,0.0019305215076067443,2214.607968750533,681.1742926595834,0.0
2021-05-08,1834097.5684398208,0.0021248084488226476,2973.45077058268,213.76190265129117,0.0
2021-05-09,1836411.7449861376,0.0015427843642111796,3147.0638320861044,-832.887285769335,0.0
2021-05-10,1841109.6339452707,0.0031319259727554064,4420.714434642385,277.17452449072516,0.0
2021-05-11,1843266.6791376595,0.0014380301282592533,2210.5709000705724,-53.52570768169244,0.0
2021-05-12,1845370.8838653774,0.0014028031518119471,1743.1618969238061,361.0428307941147,0.0
2021-05-13,1845546.4976115122,0.00011707583075651253,752.4640480265379,-576.850301891769,0.0
2021-05-14,1847938.0630361415,0.0015943769497528838,1530.7220367588648,860.8433878704609,0.0
2021-05-15,1848801.870936727,0.0005758719337235823,684.8206615231985,178.98723906217492,0.0
2021-05-16,1850201.311058547,0.0009329600812134792,1485.694924644668,-86.25480282444914,0.0
2021-05-17,1853305.8817879085,0.0020697138195742175,2109.7426082497777,994.8281211115482,0.0
2021-05-18,1853820.0179969415,0.0003427574726886651,1354.1829843650385,-840.0467753320409,0.0
2021-05-19,1852985.1337640604,-0.0005565894885873922,-641.5780146940001,-193.30621818708823,0.0
2021-05-20,1853866.662690103,0.0005876859506951157,375.2507355523205,506.27819049035315,0.0
2021-05-21,1855571.327779409,0.0011364433928706375,228.4465271361701,1476.2185621697863,0.0
2021-05-22,1856467.794699335,0.0005976446132840804,-56.42704803335638,952.8939679594769,0.0
2021-05-23,1855399.1771067649,-0.0007124117283802046,-17.53633918252266,-1051.0812533877843,0.0
2021-05-24,1855287.8183155935,-7.423919411418423e-05,-193.1815290283209,81.82273785704456,0.0
2021-05-25,1853687.8183155935,-0.0010666666666666667,0.0,0.0,1600.0
2021-05-26,1853687.8183155935,0.0,0.0,0.0,0.0
2021-05-27,1853687.8183155935,0.0,0.0,0.0,0.0
2021-05-28,1853687.8183155935,0.0,0.0,0.0,0.0
2021-05-29,1853687.8183155935,0.0,0.0,0.0,0.0
2021-05-30,1853687.8183155935,0.0,0.0,0.0,0.0
2021-05-31,1853687.8183155935,0.0,0.0,0.0,0.0
2021-06-01,1853687.8183155935,0.0,0.0,0.0,0.0
2021-06-02,1853687.8183155935,0.0,0.0,0.0,0.0
2021-06-03,1853687.8183155935,0.0,0.0,0.0,0.0
2021-06-04,1853687.8183155935,0.0,0.0,0.0,0.0
2021-06-05,1853687.8183155935,0.0,0.0,0.0,0.0
2021-06-06,1853687.8183155935,0.0,0.0,0.0,0.0
2021-06-07,1853687.8183155935,0.0,0.0,0.0,0.0
2021-06-08,1853687.8183155935,0.0,0.0,0.0,0.0
2021-06-09,1853687.8183155935,0.0,0.0,0.0,0.0
2021-06-10,1853687.8183155935,0.0,0.0,0.0,0.0
2021-06-11,1853687.8183155935,0.0,0.0,0.0,0.0
2021-06-12,1853687.8183155935,0.0,0.0,0.0,0.0
2021-06-13,1853687.8183155935,0.0,0.0,0.0,0.0
2021-06-14,1853687.8183155935,0.0,0.0,0.0,0.0
2021-06-15,1853687.8183155935,0.0,0.0,0.0,0.0
2021-06-16,1853687.8183155935,0.0,0.0,0.0,0.0
2021-06-17,1853687.8183155935,0.0,0.0,0.0,0.0
2021-06-18,1853687.8183155935,0.0,0.0,0.0,0.0
2021-06-19,1853687.8183155935,0.0,0.0,0.0,0.0
2021-06-20,1853687.8183155935,0.0,0.0,0.0,0.0
2021-06-21,1853687.8183155935,0.0,0.0,0.0,0.0
2021-06-22,1853687.8183155935,0.0,0.0,0.0,0.0
2021-06-23,1853687.8183155935,0.0,0.0,0.0,0.0
2021-06-24,1853687.8183155935,0.0,0.0,0.0,0.0
2021-06-25,1853687.8183155935,0.0,0.0,0.0,0.0
2021-06-26,1853687.8183155935,0.0,0.0,0.0,0.0
2021-06-27,1853687.8183155935,0.0,0.0,0.0,0.0
2021-06-28,1853687.8183155935,0.0,0.0,0.0,0.0
2021-06-29,1853687.8183155935,0.0,0.0,0.0,0.0
2021-06-30,1853687.8183155935,0.0,0.0,0.0,0.0
2021-07-01,1853687.8183155935,0.0,0.0,0.0,0.0
2021-07-02,1853687.8183155935,0.0,0.0,0.0,0.0
2021-07-03,1853687.8183155935,0.0,0.0,0.0,0.0
2021-07-04,1853687.8183155935,0.0,0.0,0.0,0.0
2021-07-05,1853687.8183155935,0.0,0.0,0.0,0.0
2021-07-06,1853687.8183155935,0.0,0.0,0.0,0.0
2021-07-07,1853687.8183155935,0.0,0.0,0.0,0.0
2021-07-08,1853687.8183155935,0.0,0.0,0.0,0.0
2021-07-09,1853687.8183155935,0.0,0.0,0.0,0.0
2021-07-10,1853687.8183155935,0.0,0.0,0.0,0.0
2021-07-11,1853687.8183155935,0.0,0.0,0.0,0.0
2021-07-12,1853687.8183155935,0.0,0.0,0.0,0.0
2021-07-13,1853687.8183155935,0.0,0.0,0.0,0.0
2021-07-14,1853687.8183155935,0.0,0.0,0.0,0.0
2021-07-15,1853687.8183155935,0.0,0.0,0.0,0.0
2021-07-16,1853687.8183155935,0.0,0.0,0.0,0.0
2021-07-17,1853687.8183155935,0.0,0.0,0.0,0.0
2021-07-18,1853687.8183155935,0.0,0.0,0.0,0.0
2021-07-19,1853687.8183155935,0.0,0.0,0.0,0.0
2021-07-20,1853687.8183155935,0.0,0.0,0.0,0.0
2021-07-21,1853687.8183155935,0.0,0.0,0.0,0.0
2021-07-22,1853687.8183155935,0.0,0.0,0.0,0.0
2021-07-23,1853687.8183155935,0.0,0.0,0.0,0.0
2021-07-24,1853687.8183155935,0.0,0.0,0.0,0.0
2021-07-25,1853687.8183155935,0.0,0.0,0.0,0.0
2021-07-26,1853687.8183155935,0.0,0.0,0.0,0.0
2021-07-27,1853687.8183155935,0.0,0.0,0.0,0.0
2021-07-28,1853687.8183155935,0.0,0.0,0.0,0.0
2021-07-29,1853687.8183155935,0.0,0.0,0.0,0.0
2021-07-30,1853687.8183155935,0.0,0.0,0.0,0.0
2021-07-31,1853687.8183155935,0.0,0.0,0.0,0.0
2021-08-01,1853687.8183155935,0.0,0.0,0.0,0.0
2021-08-02,1853687.8183155935,0.0,0.0,0.0,0.0
2021-08-03,1853687.8183155935,0.0,0.0,0.0,0.0
2021-08-04,1853687.8183155935,0.0,0.0,0.0,0.0
2021-08-05,1853687.8183155935,0.0,0.0,0.0,0.0
2021-08-06,1853687.8183155935,0.0,0.0,0.0,0.0
2021-08-07,1853687.8183155935,0.0,0.0,0.0,0.0
2021-08-08,1853687.8183155935,0.0,0.0,0.0,0.0
2021-08-09,1853687.8183155935,0.0,0.0,0.0,0.0
2021-08-10,1851965.0129548407,-0.0011485369071685973,473.13691330539996,-595.9422740582959,1600.0
2021-08-11,1852630.4021753767,0.00044359281369068246,466.28722508412403,199.1019954518997,0.0
2021-08-12,1852875.4148749474,0.00016334179971382124,465.5931637102521,-220.58046413952025,0.0
2021-08-13,1854230.4514735762,0.0009033577324191962,453.96369797863747,901.072900650157,0.0
2021-08-14,1854463.5697722088,0.0001554121990883543,488.8143544356447,-255.69605580311327,0.0
2021-08-15,1854170.5463538594,-0.00019534894556631264,481.565166696782,-774.588585046251,0.0
2021-08-16,1854136.3281607372,-2.2812128748011748e-05,543.6548929929053,-577.8730861149229,0.0
2021-08-17,1854853.9091055852,0.00047838729656530626,469.7262347562536,247.85471009170578,0.0
2021-08-18,1855857.650961666,0.0006691612373870562,457.23415281078155,546.5077032698027,0.0
2021-08-19,1856116.559480436,0.0001726056791800354,457.3286580730063,-198.42013930295323,0.0
2021-08-20,1856800.6703543367,0.00045607391593387744,570.2408970499494,113.8699768508668,0.0
2021-08-21,1857615.555261768,0.0005432566049541475,785.5650930324529,29.319814398768358,0.0
2021-08-22,1857727.8841167027,7.488590328992571e-05,579.7412449431845,-467.4123900082959,0.0
2021-08-23,1858621.7910449207,0.0005959379521451873,1229.0392253568664,-335.1322971390855,0.0
2021-08-24,1859972.5308428318,0.0009004931986074912,1361.6494962924073,-10.909698381170529,0.0
2021-08-25,1860241.9185810676,0.0001795918254903745,643.7267639311735,-374.3390256956118,0.0
2021-08-26,1861828.6241904423,0.0010578037395831987,699.2698317008561,887.4357776739416,0.0
2021-08-27,1862613.654243252,0.0005233533685398653,479.2175700692425,305.8124827405554,0.0
2021-08-28,1863643.8851582725,0.0006868206100136217,1093.9844649338427,-63.7535499134101,0.0
2021-08-29,1863312.1484024758,-0.0002211578371978327,500.4686738238834,-832.2054296206325,0.0
2021-08-30,1864328.8794889795,0.0006778207243357344,707.8502510935269,308.8808354100747,0.0
2021-08-31,1865244.5348068061,0.0006104368785512552,1399.7731834806714,-484.1178656537886,0.0
2021-09-01,1866685.1049132508,0.0009603800709630093,1701.3800833637329,-260.809976919219,0.0
2021-09-02,1869706.445709028,0.002014227197184894,2441.4221412158176,579.918654561523,0.0
2021-09-03,1870796.4899201852,0.0007266961407713892,1774.9687126351355,-684.9245014780518,0.0
2021-09-04,1872873.1954255397,0.0013844703369029774,1278.2519550997727,798.4535502546933,0.0
2021-09-05,1873535.027504826,0.00044122138619082866,510.8009423251977,151.03113696104538,0.0
2021-09-06,1873746.85935074,0.00014122123060933888,826.1842359904132,-614.3523900764048,0.0
2021-09-07,1875367.6994003993,0.001080560033106255,771.9291443932674,848.9109052661152,0.0
2021-09-08,1876596.0398648118,0.0008188936429416807,479.32148494632094,749.0189794662001,0.0
2021-09-09,1876525.0588442776,-4.732068035609681e-05,471.0946177684894,-542.0756383026346,0.0
2021-09-10,1876777.7437811207,0.00016845662456207582,492.35737314918674,-239.672436306073,0.0
2021-09-11,1877240.3234815812,0.00030838646697357587,458.82949164214835,3.7502088182154694,0.0
2021-09-12,1877638.468048722,0.0002654297114271728,462.23904512864925,-64.09447798789006,0.0
2021-09-13,1878031.7083314196,0.00026216018846523186,470.971883661704,-77.73160096385618,0.0
2021-09-14,1878067.2599019047,2.3701046990016078e-05,460.0070231183327,-424.4554526333086,0.0
2021-09-15,1880299.1848840911,0.0014879499881242616,481.6002481956382,1750.3247339907539,0.0
2021-09-16,1880762.9097619539,0.00030914991857513457,492.0219080380612,-28.297030175359396,0.0
2021-09-17,1880466.7682154356,-0.0001974276976788314,488.3339526860019,-784.475499204249,0.0
2021-09-18,1881107.744803905,0.00042731772564626576,483.80874616882085,157.16784230057783,0.0
2021-09-19,1881985.818117078,0.00058538220878201,493.8473733196507,384.22593985336425,0.0
2021-09-20,1881674.451097778,-0.00020757801286657115,483.336322136119,-794.7033414359757,0.0
2021-09-21,1882291.8030753313,0.00041156798503545587,440.0693788631413,177.2825986900425,0.0
2021-09-22,1883261.687159786,0.0006465893896363817,416.5578196967786,553.326264757794,0.0
2021-09-23,1884282.3024258635,0.0006804101773850529,335.0089084505842,685.6063576269953,0.0
2021-09-24,1884453.9602595177,0.00011443855576955191,-189.7259252140176,361.38375886834547,0.0
2021-09-25,1883979.6892490445,-0.0003161806736488157,373.95803864419725,-848.2290491174208,0.0
2021-09-26,1884535.18010489,0.000370327237230189,156.60500879253505,398.88584705274843,0.0
2021-09-27,1884536.714383503,1.0228524087940514e-06,441.3314945945855,-439.7972159813944,0.0
2021-09-28,1885230.5312389426,0.0004625445702930468,224.35889698517306,469.45795845439716,0.0
2021-09-29,1885335.382660224,6.990094752109195e-05,193.83364870089358,-88.98222741925565,0.0
2021-09-30,1885835.6072396042,0.0003334830529200129,413.62884848133587,86.59573089868354,0.0
2021-10-01,1885838.8424255669,2.156790641757141e-06,141.99291224511367,-138.75772628247796,0.0
2021-10-02,1885983.415697699,9.638218142133419e-05,241.73777333737902,-97.16450120537775,0.0
2021-10-03,1886150.0608631682,0.00011109677697959474,487.11755540933535,-320.47238993994324,0.0
2021-10-04,1886770.7680502732,0.0004138047914033247,492.85915920318297,127.84802790180402,0.0
2021-10-05,1887348.1335280736,0.000384910318533584,129.72691610782877,447.6385616925472,0.0
2021-10-06,1887418.298775911,4.677683189167374e-05,526.327011390407,-456.16176355289645,0.0
2021-10-07,1887947.8357461686,0.00035302464683841694,1355.264766464269,-825.7277962066437,0.0
2021-10-08,1888644.4115885133,0.0004643838948964291,1287.0632672126062,-590.4874248679625,0.0
2021-10-09,1889657.9309951041,0.0006756796043938148,657.2495688384921,356.26983775223016,0.0
2021-10-10,1890705.6800433148,0.0006984993654737599,766.483386827221,281.2656613834188,0.0
2021-10-11,1890245.0862147948,-0.0003070625523466244,559.4629700971988,-1020.0567986171354,0.0
2021-10-12,1891253.5515611605,0.0006723102309104618,588.1010306255689,420.36431574012386,0.0
2021-10-13,1892294.8668957646,0.0006942102230693566,572.8801603725664,468.4351742314684,0.0
2021-10-14,1893005.4348472813,0.0004737119676777135,979.9011302958916,-269.3331787793213,0.0
2021-10-15,1893897.4465776617,0.0005946744869202812,1108.8419857014767,-216.83025532105478,0.0
2021-10-16,1896381.3820409281,0.001655956975511074,2508.8232126982075,-24.887749431596603,0.0
2021-10-17,1898099.2409174067,0.0011452392509856933,2402.442449881868,-684.583573403328,0.0
2021-10-18,1899815.9945903614,0.0011445024486363563,1482.8770139132748,233.8766590412597,0.0
2021-10-19,1900924.2543278057,0.0007388398249629275,739.7164890135929,368.5432484307985,0.0
2021-10-20,1902686.6366124158,0.0011749215230733596,1825.1130503005281,-62.730765690488624,0.0
2021-10-21,1905948.1380032317,0.0021743342605439974,4239.624036281566,-978.1226454655698,0.0
2021-10-22,1907736.7362712969,0.0011923988453767425,1936.2201242819206,-147.62185621680692,0.0
2021-10-23,1909666.9079891178,0.0012867811452138727,1209.7906966046974,720.3810212161115,0.0
2021-10-24,1912029.6027576276,0.001575129845673205,2099.839223144243,262.85554536556447,0.0
2021-10-25,1913411.1127956137,0.0009210066919907568,1799.4878572056853,-417.97781921954993,0.0
2021-10-26,1916808.0342257558,0.0022646142867613676,3392.4893651748794,4.432064967171755,0.0
2021-10-27,1919288.3171172147,0.001653521927639177,1780.0166266326191,700.2662648261467,0.0
2021-10-28,1919868.3493049706,0.0003866881251706518,784.2481043239909,-204.2159165680132,0.0
2021-10-29,1920876.6136511217,0.0006721762307674635,1356.010982043318,-347.74663589212287,0.0
2021-10-30,1922261.0095100591,0.000922930572624914,1670.4345133626762,-286.03865442530514,0.0
2021-10-31,1925252.8743428611,0.0019945765552014153,2360.806967079985,631.0578657221376,0.0
2021-11-01,1927393.1930265448,0.0014268791224556405,2526.5901919834173,-386.2715082999566,0.0
2021-11-02,1929930.121278637,0.0016912855013950046,2005.7623121707916,531.1659399217151,0.0
2021-11-03,1932835.9631062367,0.0019372278850662721,3395.7554705182447,-489.91364291883656,0.0
2021-11-04,1935776.1103623623,0.001960098170750497,3071.063636696816,-130.91638057107048,0.0
2021-11-05,1937789.43302259,0.001342215106818439,1635.9152818622856,377.407378365373,0.0
2021-11-06,1939703.4253953472,0.0012759949151714073,2832.111677127477,-918.1193043703661,0.0
2021-11-07,1942468.0133110492,0.0018430586104680685,1907.4947366501092,857.0931790519935,0.0
2021-11-08,1945070.659752817,0.0017350976278451993,2675.605049690267,-72.95860792246822,0.0
2021-11-09,1947124.161384185,0.0013690010875787347,3359.938012484786,-1306.436381116684,0.0
2021-11-10,1951476.8864178178,0.0029018166890884497,3733.5996505146304,619.1253831180438,0.0
2021-11-11,1953556.2409431231,0.0013862363502035145,1217.829281286117,861.5252440191543,0.0
2021-11-12,1954898.7841443694,0.0008950288008310015,1998.4888164000042,-655.9456151535019,0.0
2021-11-13,1957195.5470381943,0.001531175262549767,1509.559970025604,787.2029237990464,0.0
2021-11-14,1957561.4145456317,0.00024391167162500225,813.1651410555816,-447.2976336180782,0.0
2021-11-15,1959223.8323621235,0.0011082785443278496,1740.4903455306035,-78.07252903882909,0.0
2021-11-16,1960490.5588495145,0.0008444843249273981,1215.2463481557497,51.48013923534745,0.0
2021-11-17,1961190.4212593476,0.0004665749398886704,679.406725368799,20.45568446420657,0.0
2021-11-18,1962687.2872125483,0.0009979106354671024,642.8411268184251,854.0248263822286,0.0
2021-11-19,1963020.2482069673,0.00022197399627938642,582.179416808436,-249.21842238935642,0.0
2021-11-20,1964193.7518225096,0.000782335743694823,593.9258890551861,579.5777264870485,0.0
2021-11-21,1964929.3001882706,0.0004903655771740981,610.7686905293591,124.77967523178813,0.0
2021-11-22,1964765.1317629833,-0.00010944561685829118,599.8513894523674,-764.0198147398041,0.0
2021-11-23,1965624.2904868457,0.0005727724825748237,631.0778420855253,228.08088177671016,0.0
2021-11-24,1965962.8155032613,0.0002256833442771252,628.3138796592084,-289.7888632435206,0.0
2021-11-25,1967015.6756747072,0.0007019067809639464,842.1666214641497,210.69354998177005,0.0
2021-11-26,1968133.5670650594,0.0007452609269015593,1158.4618312065104,-40.570440854171466,0.0
2021-11-27,1968563.8061796827,0.0002868260764155176,564.9057040130643,-134.666589389788,0.0
2021-11-28,1969452.3203469492,0.000592342778177573,559.859503540538,328.6546637258216,0.0
2021-11-29,1969617.3265236383,0.00011000411779278518,796.7458985602608,-631.739721871083,0.0
2021-11-30,1970188.6385327275,0.0003808746727261091,942.5826821152543,-371.27067302609066,0.0
2021-12-01,1972021.2829891006,0.0012217629709154517,1006.9166601663047,825.7277962068729,0.0
2021-12-02,1972800.5527979697,0.0005195132059126221,701.1972798303542,78.07252903857898,0.0
2021-12-03,1973602.9641369102,0.0005349408926270549,941.8509213717582,-139.43958243117595,0.0
2021-12-04,1974583.8715684875,0.0006539382877182432,350.5314220041798,630.376009573185,0.0
2021-12-05,1975982.0438037072,0.0009321148234797841,456.8698217900769,941.3024134295993,0.0
2021-12-06,1976681.019621679,0.00046598387864784166,504.9877436357252,193.98807433603724,0.0
2021-12-07,1976912.5212091901,0.0001543343916741821,412.19346694531856,-180.6918794340454,0.0
2021-12-08,1977244.351958857,0.00022122049977777594,517.2956221425966,-185.46487247593268,0.0
2021-12-09,1977754.6491117666,0.00034019810193980675,516.0929301745211,-5.795777264811022,0.0
2021-12-10,1977728.800013351,-1.7232732277065415e-05,486.2248693393155,-512.0739677549136,0.0
2021-12-11,1978608.7249068962,0.0005866165956967665,482.061830715574,397.86306282957594,0.0
2021-12-12,1979190.4795614164,0.0003878364363468534,505.04583777960374,76.70881674067641,0.0
2021-12-13,1979238.7926833974,3.220874798730131e-05,511.97530317029026,-463.6621811893383,0.0
2021-12-14,1980415.4525141777,0.0007844398871868313,291.95147770159934,884.7083530786476,0.0
2021-12-15,1980572.8658246915,0.00010494220700914528,494.25024802517413,-336.8369375114562,0.0
2021-12-16,1980443.693086664,-8.61151586849065e-05,499.83955924818554,-629.0122972755453,0.0
2021-12-17,1981143.7517023596,0.0004667057437970719,400.7237663688092,299.3348493267986,0.0
2021-12-18,1981742.2453371848,0.0003989957565501048,420.5291799861584,177.9644548389988,0.0
2021-12-19,1982514.7123299607,0.000514977995183896,432.22077452039946,340.24621825544455,0.0
2021-12-20,1982791.2252835226,0.00018434196904130575,477.3195893862272,-200.8066358242686,0.0
2021-12-21,1983420.1137539763,0.000419258980302359,466.60670703709644,162.28176341644212,0.0
2021-12-22,1983727.7251096084,0.00020507423708821058,499.89478959623887,-192.28343396392302,0.0
2021-12-23,1984351.6055192742,0.0004159202731105897,393.072103294388,230.80830637149666,0.0
2021-12-24,1984953.1861300129,0.00040105374049240184,519.7578728815582,81.82273785704456,0.0
2021-12-25,1985123.0641459478,0.00011325201062327252,519.670220273629,-349.7922043387202,0.0
2021-12-26,1985141.170563237,1.2070944859508926e-05,515.5204778447892,-497.4140605555258,0.0
2021-12-27,1986128.1477585582,0.0006579847968807627,519.2238772386191,467.75331808252486,0.0
2021-12-28,1986100.2706153991,-1.858476210604552e-05,518.6305601107335,-546.5077032698018,0.0
2021-12-29,1987540.9169468426,0.0009604308876289665,486.047723111855,954.5986083315947,0.0
2021-12-30,1988234.3973451832,0.0004623202655603227,474.94550264730657,218.53489569317753,0.0
2021-12-31,1988428.3212050206,0.00012928257322500936,271.3145327273905,-77.39067288987644,0.0
2022-01-01,1988236.1458793492,-0.000128116883781028,472.63441941653576,-664.8097450880778,0.0
2022-01-02,1989131.4674938482,0.0005968810763327573,487.91256558603834,407.40904891309765,0.0
2022-01-03,1989201.1532945347,4.6457200457600456e-05,483.5724830132588,-413.88668232685814,0.0
2022-01-04,1989476.0688296042,0.00018327702337965005,475.0403147447983,-200.12477967532323,0.0
2022-01-05,1989886.8879433959,0.0002738794091944413,468.7768864402678,-57.957772648605896,0.0
2022-01-06,1991382.420421909,0.000997021652342091,444.1102970506313,1051.4221814625053,0.0
2022-01-07,1990897.4162455401,-0.0003233361175793083,440.61554563833664,-925.6197220072991,0.0
2022-01-08,1991674.2604448192,0.0005178961328528467,425.0064264942025,351.8377727850675,0.0
2022-01-09,1991387.4177115306,-0.0001912284888591642,426.3787983649091,-713.2215316536553,0.0
2022-01-10,1992477.4587309193,0.0007266940129258654,349.8861698571853,740.1548495316129,0.0
2022-01-11,1993124.91921248,0.00043164032104045795,390.4007134601813,257.0597681005056,0.0
2022-01-12,1993378.9513219693,0.0001693547396594453,-7.118795504522408,261.15090499369035,0.0
2022-01-13,1993097.8901688005,-0.0001873741021124661,-53.662127541192646,-227.3990256275065,0.0
2022-01-14,1992798.557937201,-0.0001995548210662371,-220.91877448630666,-78.41345711304893,0.0
2022-01-15,1992947.2648253802,9.913792545267559e-05,219.27899958065848,-70.57211140164509,0.0
2022-01-16,1991347.2648253802,-0.0010666666666666667,0.0,0.0,1600.0
2022-01-17,1991347.2648253802,0.0,0.0,0.0,0.0
2022-01-18,1991347.2648253802,0.0,0.0,0.0,0.0
2022-01-19,1991347.2648253802,0.0,0.0,0.0,0.0
2022-01-20,1991347.2648253802,0.0,0.0,0.0,0.0
2022-01-21,1991347.2648253802,0.0,0.0,0.0,0.0
2022-01-22,1991347.2648253802,0.0,0.0,0.0,0.0
2022-01-23,1991347.2648253802,0.0,0.0,0.0,0.0
2022-01-24,1991347.2648253802,0.0,0.0,0.0,0.0
2022-01-25,1991347.2648253802,0.0,0.0,0.0,0.0
2022-01-26,1991347.2648253802,0.0,0.0,0.0,0.0
2022-01-27,1991347.2648253802,0.0,0.0,0.0,0.0
2022-01-28,1991347.2648253802,0.0,0.0,0.0,0.0
2022-01-29,1991347.2648253802,0.0,0.0,0.0,0.0
2022-01-30,1991347.2648253802,0.0,0.0,0.0,0.0
2022-01-31,1991347.2648253802,0.0,0.0,0.0,0.0
2022-02-01,1991347.2648253802,0.0,0.0,0.0,0.0
2022-02-02,1991347.2648253802,0.0,0.0,0.0,0.0
2022-02-03,1991347.2648253802,0.0,0.0,0.0,0.0
2022-02-04,1991347.2648253802,0.0,0.0,0.0,0.0
2022-02-05,1991347.2648253802,0.0,0.0,0.0,0.0
2022-02-06,1991347.2648253802,0.0,0.0,0.0,0.0
2022-02-07,1991347.2648253802,0.0,0.0,0.0,0.0
2022-02-08,1991347.2648253802,0.0,0.0,0.0,0.0
2022-02-09,1991347.2648253802,0.0,0.0,0.0,0.0
2022-02-10,1991347.2648253802,0.0,0.0,0.0,0.0
2022-02-11,1991347.2648253802,0.0,0.0,0.0,0.0
2022-02-12,1991347.2648253802,0.0,0.0,0.0,0.0
2022-02-13,1991347.2648253802,0.0,0.0,0.0,0.0
2022-02-14,1991347.2648253802,0.0,0.0,0.0,0.0
2022-02-15,1991347.2648253802,0.0,0.0,0.0,0.0
2022-02-16,1991347.2648253802,0.0,0.0,0.0,0.0
2022-02-17,1991347.2648253802,0.0,0.0,0.0,0.0
2022-02-18,1991347.2648253802,0.0,0.0,0.0,0.0
2022-02-19,1991347.2648253802,0.0,0.0,0.0,0.0
2022-02-20,1991347.2648253802,0.0,0.0,0.0,0.0
2022-02-21,1991347.2648253802,0.0,0.0,0.0,0.0
2022-02-22,1991347.2648253802,0.0,0.0,0.0,0.0
2022-02-23,1991347.2648253802,0.0,0.0,0.0,0.0
2022-02-24,1991347.2648253802,0.0,0.0,0.0,0.0
2022-02-25,1991347.2648253802,0.0,0.0,0.0,0.0
2022-02-26,1991347.2648253802,0.0,0.0,0.0,0.0
2022-02-27,1991347.2648253802,0.0,0.0,0.0,0.0
2022-02-28,1991347.2648253802,0.0,0.0,0.0,0.0
2022-03-01,1991347.2648253802,0.0,0.0,0.0,0.0
2022-03-02,1991347.2648253802,0.0,0.0,0.0,0.0
2022-03-03,1991347.2648253802,0.0,0.0,0.0,0.0
2022-03-04,1991347.2648253802,0.0,0.0,0.0,0.0
2022-03-05,1991347.2648253802,0.0,0.0,0.0,0.0
2022-03-06,1991347.2648253802,0.0,0.0,0.0,0.0
2022-03-07,1991347.2648253802,0.0,0.0,0.0,0.0
2022-03-08,1991347.2648253802,0.0,0.0,0.0,0.0
2022-03-09,1991347.2648253802,0.0,0.0,0.0,0.0
2022-03-10,1991347.2648253802,0.0,0.0,0.0,0.0
2022-03-11,1991347.2648253802,0.0,0.0,0.0,0.0
2022-03-12,1991347.2648253802,0.0,0.0,0.0,0.0
2022-03-13,1991347.2648253802,0.0,0.0,0.0,0.0
2022-03-14,1991347.2648253802,0.0,0.0,0.0,0.0
2022-03-15,1991347.2648253802,0.0,0.0,0.0,0.0
2022-03-16,1991347.2648253802,0.0,0.0,0.0,0.0
2022-03-17,1991347.2648253802,0.0,0.0,0.0,0.0
2022-03-18,1991347.2648253802,0.0,0.0,0.0,0.0
2022-03-19,1991347.2648253802,0.0,0.0,0.0,0.0
2022-03-20,1991347.2648253802,0.0,0.0,0.0,0.0
2022-03-21,1991347.2648253802,0.0,0.0,0.0,0.0
2022-03-22,1991347.2648253802,0.0,0.0,0.0,0.0
2022-03-23,1991347.2648253802,0.0,0.0,0.0,0.0
2022-03-24,1991347.2648253802,0.0,0.0,0.0,0.0
2022-03-25,1991347.2648253802,0.0,0.0,0.0,0.0
2022-03-26,1991347.2648253802,0.0,0.0,0.0,0.0
2022-03-27,1991347.2648253802,0.0,0.0,0.0,0.0
2022-03-28,1991347.2648253802,0.0,0.0,0.0,0.0
2022-03-29,1991347.2648253802,0.0,0.0,0.0,0.0
2022-03-30,1991347.2648253802,0.0,0.0,0.0,0.0
2022-03-31,1991347.2648253802,0.0,0.0,0.0,0.0
2022-04-01,1991347.2648253802,0.0,0.0,0.0,0.0
2022-04-02,1991347.2648253802,0.0,0.0,0.0,0.0
2022-04-03,1990263.3511756426,-0.0007226090998250094,468.35641984610515,47.72993041638074,1600.0
2022-04-04,1990614.0874098195,0.0002338241561178451,474.49312518537965,-123.756891008612,0.0
2022-04-05,1990563.434703021,-3.376847119894508e-05,476.4220962303583,-527.0748030287759,0.0
2022-04-06,1991723.8469174514,0.0007736081429534698,463.55523034805356,696.856984082151,0.0
2022-04-07,1991734.3085939991,6.974451031873325e-06,329.91128226458073,-319.44960571677075,0.0
2022-04-08,1992654.2334645656,0.000613283247044444,359.7800443206497,560.1448262460162,0.0
2022-04-09,1992933.257803046,0.0001860162256534678,421.53227358114253,-142.5079351009408,0.0
2022-04-10,1993319.79430301,0.0002576909999760901,276.07580385726027,110.46069610687482,0.0
2022-04-11,1993351.175400219,2.09207314725348e-05,290.8273618303747,-259.4462646215725,0.0
2022-04-12,1993245.3004169073,-7.058332220764411e-05,-320.65967018618085,214.78468687471468,0.0
2022-04-13,1992850.8101088789,-0.00026299353868564367,-33.106549160123684,-361.38375886834183,0.0
2022-04-14,1993159.9016464304,0.00020606102503425186,181.92536579877745,127.16617175260035,0.0
2022-04-15,1991559.9016464304,-0.0010666666666666667,0.0,0.0,1600.0
2022-04-16,1991559.9016464304,0.0,0.0,0.0,0.0
2022-04-17,1991559.9016464304,0.0,0.0,0.0,0.0
2022-04-18,1991559.9016464304,0.0,0.0,0.0,0.0
2022-04-19,1991559.9016464304,0.0,0.0,0.0,0.0
2022-04-20,1991559.9016464304,0.0,0.0,0.0,0.0
2022-04-21,1991559.9016464304,0.0,0.0,0.0,0.0
2022-04-22,1991559.9016464304,0.0,0.0,0.0,0.0
2022-04-23,1991559.9016464304,0.0,0.0,0.0,0.0
2022-04-24,1991559.9016464304,0.0,0.0,0.0,0.0
2022-04-25,1991559.9016464304,0.0,0.0,0.0,0.0
2022-04-26,1991559.9016464304,0.0,0.0,0.0,0.0
2022-04-27,1991559.9016464304,0.0,0.0,0.0,0.0
2022-04-28,1991559.9016464304,0.0,0.0,0.0,0.0
2022-04-29,1991559.9016464304,0.0,0.0,0.0,0.0
2022-04-30,1991559.9016464304,0.0,0.0,0.0,0.0
2022-05-01,1991559.9016464304,0.0,0.0,0.0,0.0
2022-05-02,1991559.9016464304,0.0,0.0,0.0,0.0
2022-05-03,1991559.9016464304,0.0,0.0,0.0,0.0
2022-05-04,1991559.9016464304,0.0,0.0,0.0,0.0
2022-05-05,1991559.9016464304,0.0,0.0,0.0,0.0
2022-05-06,1991559.9016464304,0.0,0.0,0.0,0.0
2022-05-07,1991559.9016464304,0.0,0.0,0.0,0.0
2022-05-08,1991559.9016464304,0.0,0.0,0.0,0.0
2022-05-09,1991559.9016464304,0.0,0.0,0.0,0.0
2022-05-10,1991559.9016464304,0.0,0.0,0.0,0.0
2022-05-11,1991559.9016464304,0.0,0.0,0.0,0.0
2022-05-12,1991559.9016464304,0.0,0.0,0.0,0.0
2022-05-13,1991559.9016464304,0.0,0.0,0.0,0.0
2022-05-14,1991559.9016464304,0.0,0.0,0.0,0.0
2022-05-15,1991559.9016464304,0.0,0.0,0.0,0.0
2022-05-16,1991559.9016464304,0.0,0.0,0.0,0.0
2022-05-17,1991559.9016464304,0.0,0.0,0.0,0.0
2022-05-18,1991559.9016464304,0.0,0.0,0.0,0.0
2022-05-19,1991559.9016464304,0.0,0.0,0.0,0.0
2022-05-20,1991559.9016464304,0.0,0.0,0.0,0.0
2022-05-21,1991559.9016464304,0.0,0.0,0.0,0.0
2022-05-22,1991559.9016464304,0.0,0.0,0.0,0.0
2022-05-23,1991559.9016464304,0.0,0.0,0.0,0.0
2022-05-24,1991559.9016464304,0.0,0.0,0.0,0.0
2022-05-25,1991559.9016464304,0.0,0.0,0.0,0.0
2022-05-26,1991559.9016464304,0.0,0.0,0.0,0.0
2022-05-27,1991559.9016464304,0.0,0.0,0.0,0.0
2022-05-28,1991559.9016464304,0.0,0.0,0.0,0.0
2022-05-29,1991559.9016464304,0.0,0.0,0.0,0.0
2022-05-30,1991559.9016464304,0.0,0.0,0.0,0.0
2022-05-31,1991559.9016464304,0.0,0.0,0.0,0.0
2022-06-01,1991559.9016464304,0.0,0.0,0.0,0.0
2022-06-02,1991559.9016464304,0.0,0.0,0.0,0.0
2022-06-03,1991559.9016464304,0.0,0.0,0.0,0.0
2022-06-04,1991559.9016464304,0.0,0.0,0.0,0.0
2022-06-05,1991559.9016464304,0.0,0.0,0.0,0.0
2022-06-06,1991559.9016464304,0.0,0.0,0.0,0.0
2022-06-07,1991559.9016464304,0.0,0.0,0.0,0.0
2022-06-08,1991559.9016464304,0.0,0.0,0.0,0.0
2022-06-09,1991559.9016464304,0.0,0.0,0.0,0.0
2022-06-10,1991559.9016464304,0.0,0.0,0.0,0.0
2022-06-11,1991559.9016464304,0.0,0.0,0.0,0.0
2022-06-12,1991559.9016464304,0.0,0.0,0.0,0.0
2022-06-13,1991559.9016464304,0.0,0.0,0.0,0.0
2022-06-14,1991559.9016464304,0.0,0.0,0.0,0.0
2022-06-15,1991559.9016464304,0.0,0.0,0.0,0.0
2022-06-16,1991559.9016464304,0.0,0.0,0.0,0.0
2022-06-17,1991559.9016464304,0.0,0.0,0.0,0.0
2022-06-18,1991559.9016464304,0.0,0.0,0.0,0.0
2022-06-19,1991559.9016464304,0.0,0.0,0.0,0.0
2022-06-20,1991559.9016464304,0.0,0.0,0.0,0.0
2022-06-21,1991559.9016464304,0.0,0.0,0.0,0.0
2022-06-22,1991559.9016464304,0.0,0.0,0.0,0.0
2022-06-23,1991559.9016464304,0.0,0.0,0.0,0.0
2022-06-24,1991559.9016464304,0.0,0.0,0.0,0.0
2022-06-25,1991559.9016464304,0.0,0.0,0.0,0.0
2022-06-26,1991559.9016464304,0.0,0.0,0.0,0.0
2022-06-27,1991559.9016464304,0.0,0.0,0.0,0.0
2022-06-28,1991559.9016464304,0.0,0.0,0.0,0.0
2022-06-29,1991559.9016464304,0.0,0.0,0.0,0.0
2022-06-30,1991559.9016464304,0.0,0.0,0.0,0.0
2022-07-01,1991559.9016464304,0.0,0.0,0.0,0.0
2022-07-02,1991559.9016464304,0.0,0.0,0.0,0.0
2022-07-03,1991559.9016464304,0.0,0.0,0.0,0.0
2022-07-04,1991559.9016464304,0.0,0.0,0.0,0.0
2022-07-05,1991559.9016464304,0.0,0.0,0.0,0.0
2022-07-06,1991559.9016464304,0.0,0.0,0.0,0.0
2022-07-07,1991559.9016464304,0.0,0.0,0.0,0.0
2022-07-08,1991559.9016464304,0.0,0.0,0.0,0.0
2022-07-09,1991559.9016464304,0.0,0.0,0.0,0.0
2022-07-10,1991559.9016464304,0.0,0.0,0.0,0.0
2022-07-11,1991559.9016464304,0.0,0.0,0.0,0.0
2022-07-12,1991559.9016464304,0.0,0.0,0.0,0.0
2022-07-13,1991559.9016464304,0.0,0.0,0.0,0.0
2022-07-14,1991559.9016464304,0.0,0.0,0.0,0.0
2022-07-15,1991559.9016464304,0.0,0.0,0.0,0.0
2022-07-16,1991559.9016464304,0.0,0.0,0.0,0.0
2022-07-17,1991559.9016464304,0.0,0.0,0.0,0.0
2022-07-18,1991559.9016464304,0.0,0.0,0.0,0.0
2022-07-19,1991559.9016464304,0.0,0.0,0.0,0.0
2022-07-20,1991559.9016464304,0.0,0.0,0.0,0.0
2022-07-21,1991559.9016464304,0.0,0.0,0.0,0.0
2022-07-22,1991559.9016464304,0.0,0.0,0.0,0.0
2022-07-23,1991559.9016464304,0.0,0.0,0.0,0.0
2022-07-24,1991559.9016464304,0.0,0.0,0.0,0.0
2022-07-25,1991559.9016464304,0.0,0.0,0.0,0.0
2022-07-26,1991559.9016464304,0.0,0.0,0.0,0.0
2022-07-27,1991559.9016464304,0.0,0.0,0.0,0.0
2022-07-28,1991559.9016464304,0.0,0.0,0.0,0.0
2022-07-29,1991559.9016464304,0.0,0.0,0.0,0.0
2022-07-30,1991559.9016464304,0.0,0.0,0.0,0.0
2022-07-31,1991559.9016464304,0.0,0.0,0.0,0.0
2022-08-01,1991559.9016464304,0.0,0.0,0.0,0.0
2022-08-02,1991559.9016464304,0.0,0.0,0.0,0.0
2022-08-03,1991559.9016464304,0.0,0.0,0.0,0.0
2022-08-04,1991559.9016464304,0.0,0.0,0.0,0.0
2022-08-05,1991559.9016464304,0.0,0.0,0.0,0.0
2022-08-06,1991559.9016464304,0.0,0.0,0.0,0.0
2022-08-07,1991559.9016464304,0.0,0.0,0.0,0.0
2022-08-08,1991559.9016464304,0.0,0.0,0.0,0.0
2022-08-09,1991559.9016464304,0.0,0.0,0.0,0.0
2022-08-10,1991559.9016464304,0.0,0.0,0.0,0.0
2022-08-11,1991559.9016464304,0.0,0.0,0.0,0.0
2022-08-12,1991559.9016464304,0.0,0.0,0.0,0.0
2022-08-13,1991559.9016464304,0.0,0.0,0.0,0.0
2022-08-14,1991559.9016464304,0.0,0.0,0.0,0.0
2022-08-15,1991559.9016464304,0.0,0.0,0.0,0.0
2022-08-16,1991559.9016464304,0.0,0.0,0.0,0.0
2022-08-17,1991559.9016464304,0.0,0.0,0.0,0.0
2022-08-18,1991559.9016464304,0.0,0.0,0.0,0.0
2022-08-19,1991559.9016464304,0.0,0.0,0.0,0.0
2022-08-20,1991559.9016464304,0.0,0.0,0.0,0.0
2022-08-21,1991559.9016464304,0.0,0.0,0.0,0.0
2022-08-22,1991559.9016464304,0.0,0.0,0.0,0.0
2022-08-23,1991559.9016464304,0.0,0.0,0.0,0.0
2022-08-24,1991559.9016464304,0.0,0.0,0.0,0.0
2022-08-25,1991559.9016464304,0.0,0.0,0.0,0.0
2022-08-26,1991559.9016464304,0.0,0.0,0.0,0.0
2022-08-27,1991559.9016464304,0.0,0.0,0.0,0.0
2022-08-28,1991559.9016464304,0.0,0.0,0.0,0.0
2022-08-29,1991559.9016464304,0.0,0.0,0.0,0.0
2022-08-30,1991559.9016464304,0.0,0.0,0.0,0.0
2022-08-31,1991559.9016464304,0.0,0.0,0.0,0.0
2022-09-01,1991559.9016464304,0.0,0.0,0.0,0.0
2022-09-02,1991559.9016464304,0.0,0.0,0.0,0.0
2022-09-03,1991559.9016464304,0.0,0.0,0.0,0.0
2022-09-04,1991559.9016464304,0.0,0.0,0.0,0.0
2022-09-05,1991559.9016464304,0.0,0.0,0.0,0.0
2022-09-06,1991559.9016464304,0.0,0.0,0.0,0.0
2022-09-07,1991559.9016464304,0.0,0.0,0.0,0.0
2022-09-08,1991559.9016464304,0.0,0.0,0.0,0.0
2022-09-09,1991559.9016464304,0.0,0.0,0.0,0.0
2022-09-10,1991559.9016464304,0.0,0.0,0.0,0.0
2022-09-11,1991559.9016464304,0.0,0.0,0.0,0.0
2022-09-12,1991559.9016464304,0.0,0.0,0.0,0.0
2022-09-13,1991559.9016464304,0.0,0.0,0.0,0.0
2022-09-14,1991559.9016464304,0.0,0.0,0.0,0.0
2022-09-15,1991559.9016464304,0.0,0.0,0.0,0.0
2022-09-16,1991559.9016464304,0.0,0.0,0.0,0.0
2022-09-17,1991559.9016464304,0.0,0.0,0.0,0.0
2022-09-18,1991559.9016464304,0.0,0.0,0.0,0.0
2022-09-19,1991559.9016464304,0.0,0.0,0.0,0.0
2022-09-20,1991559.9016464304,0.0,0.0,0.0,0.0
2022-09-21,1991559.9016464304,0.0,0.0,0.0,0.0
2022-09-22,1991559.9016464304,0.0,0.0,0.0,0.0
2022-09-23,1991559.9016464304,0.0,0.0,0.0,0.0
2022-09-24,1991559.9016464304,0.0,0.0,0.0,0.0
2022-09-25,1991559.9016464304,0.0,0.0,0.0,0.0
2022-09-26,1991559.9016464304,0.0,0.0,0.0,0.0
2022-09-27,1991559.9016464304,0.0,0.0,0.0,0.0
2022-09-28,1991559.9016464304,0.0,0.0,0.0,0.0
2022-09-29,1991559.9016464304,0.0,0.0,0.0,0.0
2022-09-30,1991559.9016464304,0.0,0.0,0.0,0.0
2022-10-01,1991559.9016464304,0.0,0.0,0.0,0.0
2022-10-02,1991559.9016464304,0.0,0.0,0.0,0.0
2022-10-03,1991559.9016464304,0.0,0.0,0.0,0.0
2022-10-04,1991559.9016464304,0.0,0.0,0.0,0.0
2022-10-05,1991559.9016464304,0.0,0.0,0.0,0.0
2022-10-06,1991559.9016464304,0.0,0.0,0.0,0.0
2022-10-07,1991559.9016464304,0.0,0.0,0.0,0.0
2022-10-08,1991559.9016464304,0.0,0.0,0.0,0.0
2022-10-09,1991559.9016464304,0.0,0.0,0.0,0.0
2022-10-10,1991559.9016464304,0.0,0.0,0.0,0.0
2022-10-11,1991559.9016464304,0.0,0.0,0.0,0.0
2022-10-12,1991559.9016464304,0.0,0.0,0.0,0.0
2022-10-13,1991559.9016464304,0.0,0.0,0.0,0.0
2022-10-14,1991559.9016464304,0.0,0.0,0.0,0.0
2022-10-15,1991559.9016464304,0.0,0.0,0.0,0.0
2022-10-16,1991559.9016464304,0.0,0.0,0.0,0.0
2022-10-17,1991559.9016464304,0.0,0.0,0.0,0.0
2022-10-18,1991559.9016464304,0.0,0.0,0.0,0.0
2022-10-19,1991559.9016464304,0.0,0.0,0.0,0.0
2022-10-20,1991559.9016464304,0.0,0.0,0.0,0.0
2022-10-21,1991559.9016464304,0.0,0.0,0.0,0.0
2022-10-22,1991559.9016464304,0.0,0.0,0.0,0.0
2022-10-23,1991559.9016464304,0.0,0.0,0.0,0.0
2022-10-24,1991559.9016464304,0.0,0.0,0.0,0.0
2022-10-25,1991559.9016464304,0.0,0.0,0.0,0.0
2022-10-26,1991559.9016464304,0.0,0.0,0.0,0.0
2022-10-27,1991559.9016464304,0.0,0.0,0.0,0.0
2022-10-28,1991559.9016464304,0.0,0.0,0.0,0.0
2022-10-29,1991559.9016464304,0.0,0.0,0.0,0.0
2022-10-30,1991559.9016464304,0.0,0.0,0.0,0.0
2022-10-31,1991559.9016464304,0.0,0.0,0.0,0.0
2022-11-01,1991559.9016464304,0.0,0.0,0.0,0.0
2022-11-02,1991559.9016464304,0.0,0.0,0.0,0.0
2022-11-03,1991559.9016464304,0.0,0.0,0.0,0.0
2022-11-04,1991559.9016464304,0.0,0.0,0.0,0.0
2022-11-05,1991559.9016464304,0.0,0.0,0.0,0.0
2022-11-06,1991559.9016464304,0.0,0.0,0.0,0.0
2022-11-07,1991559.9016464304,0.0,0.0,0.0,0.0
2022-11-08,1991559.9016464304,0.0,0.0,0.0,0.0
2022-11-09,1991559.9016464304,0.0,0.0,0.0,0.0
2022-11-10,1991559.9016464304,0.0,0.0,0.0,0.0
2022-11-11,1991559.9016464304,0.0,0.0,0.0,0.0
2022-11-12,1991559.9016464304,0.0,0.0,0.0,0.0
2022-11-13,1991559.9016464304,0.0,0.0,0.0,0.0
2022-11-14,1991559.9016464304,0.0,0.0,0.0,0.0
2022-11-15,1991559.9016464304,0.0,0.0,0.0,0.0
2022-11-16,1991559.9016464304,0.0,0.0,0.0,0.0
2022-11-17,1991559.9016464304,0.0,0.0,0.0,0.0
2022-11-18,1991559.9016464304,0.0,0.0,0.0,0.0
2022-11-19,1991559.9016464304,0.0,0.0,0.0,0.0
2022-11-20,1991559.9016464304,0.0,0.0,0.0,0.0
2022-11-21,1991559.9016464304,0.0,0.0,0.0,0.0
2022-11-22,1991559.9016464304,0.0,0.0,0.0,0.0
2022-11-23,1991559.9016464304,0.0,0.0,0.0,0.0
2022-11-24,1991559.9016464304,0.0,0.0,0.0,0.0
2022-11-25,1991559.9016464304,0.0,0.0,0.0,0.0
2022-11-26,1991559.9016464304,0.0,0.0,0.0,0.0
2022-11-27,1991559.9016464304,0.0,0.0,0.0,0.0
2022-11-28,1991559.9016464304,0.0,0.0,0.0,0.0
2022-11-29,1991559.9016464304,0.0,0.0,0.0,0.0
2022-11-30,1991559.9016464304,0.0,0.0,0.0,0.0
2022-12-01,1991559.9016464304,0.0,0.0,0.0,0.0
2022-12-02,1991559.9016464304,0.0,0.0,0.0,0.0
2022-12-03,1991559.9016464304,0.0,0.0,0.0,0.0
2022-12-04,1991559.9016464304,0.0,0.0,0.0,0.0
2022-12-05,1991559.9016464304,0.0,0.0,0.0,0.0
2022-12-06,1991559.9016464304,0.0,0.0,0.0,0.0
2022-12-07,1991559.9016464304,0.0,0.0,0.0,0.0
2022-12-08,1991559.9016464304,0.0,0.0,0.0,0.0
2022-12-09,1991559.9016464304,0.0,0.0,0.0,0.0
2022-12-10,1991559.9016464304,0.0,0.0,0.0,0.0
2022-12-11,1991559.9016464304,0.0,0.0,0.0,0.0
2022-12-12,1991559.9016464304,0.0,0.0,0.0,0.0
2022-12-13,1991559.9016464304,0.0,0.0,0.0,0.0
2022-12-14,1991559.9016464304,0.0,0.0,0.0,0.0
2022-12-15,1991559.9016464304,0.0,0.0,0.0,0.0
2022-12-16,1991559.9016464304,0.0,0.0,0.0,0.0
2022-12-17,1991559.9016464304,0.0,0.0,0.0,0.0
2022-12-18,1991559.9016464304,0.0,0.0,0.0,0.0
2022-12-19,1991559.9016464304,0.0,0.0,0.0,0.0
2022-12-20,1991559.9016464304,0.0,0.0,0.0,0.0
2022-12-21,1991559.9016464304,0.0,0.0,0.0,0.0
2022-12-22,1991559.9016464304,0.0,0.0,0.0,0.0
2022-12-23,1991559.9016464304,0.0,0.0,0.0,0.0
2022-12-24,1991559.9016464304,0.0,0.0,0.0,0.0
2022-12-25,1991559.9016464304,0.0,0.0,0.0,0.0
2022-12-26,1991559.9016464304,0.0,0.0,0.0,0.0
2022-12-27,1991559.9016464304,0.0,0.0,0.0,0.0
2022-12-28,1991559.9016464304,0.0,0.0,0.0,0.0
2022-12-29,1991559.9016464304,0.0,0.0,0.0,0.0
2022-12-30,1991559.9016464304,0.0,0.0,0.0,0.0
2022-12-31,1991559.9016464304,0.0,0.0,0.0,0.0
2023-01-01,1991559.9016464304,0.0,0.0,0.0,0.0
2023-01-02,1991559.9016464304,0.0,0.0,0.0,0.0
2023-01-03,1991559.9016464304,0.0,0.0,0.0,0.0
2023-01-04,1991559.9016464304,0.0,0.0,0.0,0.0
2023-01-05,1991559.9016464304,0.0,0.0,0.0,0.0
2023-01-06,1991559.9016464304,0.0,0.0,0.0,0.0
2023-01-07,1991559.9016464304,0.0,0.0,0.0,0.0
2023-01-08,1991559.9016464304,0.0,0.0,0.0,0.0
2023-01-09,1991559.9016464304,0.0,0.0,0.0,0.0
2023-01-10,1991559.9016464304,0.0,0.0,0.0,0.0
2023-01-11,1991559.9016464304,0.0,0.0,0.0,0.0
2023-01-12,1991559.9016464304,0.0,0.0,0.0,0.0
2023-01-13,1991559.9016464304,0.0,0.0,0.0,0.0
2023-01-14,1991559.9016464304,0.0,0.0,0.0,0.0
2023-01-15,1991559.9016464304,0.0,0.0,0.0,0.0
2023-01-16,1991559.9016464304,0.0,0.0,0.0,0.0
2023-01-17,1991559.9016464304,0.0,0.0,0.0,0.0
2023-01-18,1991559.9016464304,0.0,0.0,0.0,0.0
2023-01-19,1991559.9016464304,0.0,0.0,0.0,0.0
2023-01-20,1991559.9016464304,0.0,0.0,0.0,0.0
2023-01-21,1991559.9016464304,0.0,0.0,0.0,0.0
2023-01-22,1991559.9016464304,0.0,0.0,0.0,0.0
2023-01-23,1991559.9016464304,0.0,0.0,0.0,0.0
2023-01-24,1991559.9016464304,0.0,0.0,0.0,0.0
2023-01-25,1991559.9016464304,0.0,0.0,0.0,0.0
2023-01-26,1991559.9016464304,0.0,0.0,0.0,0.0
2023-01-27,1991559.9016464304,0.0,0.0,0.0,0.0
2023-01-28,1991559.9016464304,0.0,0.0,0.0,0.0
2023-01-29,1991559.9016464304,0.0,0.0,0.0,0.0
2023-01-30,1991559.9016464304,0.0,0.0,0.0,0.0
2023-01-31,1991559.9016464304,0.0,0.0,0.0,0.0
2023-02-01,1991559.9016464304,0.0,0.0,0.0,0.0
2023-02-02,1991559.9016464304,0.0,0.0,0.0,0.0
2023-02-03,1991559.9016464304,0.0,0.0,0.0,0.0
2023-02-04,1991559.9016464304,0.0,0.0,0.0,0.0
2023-02-05,1991559.9016464304,0.0,0.0,0.0,0.0
2023-02-06,1991559.9016464304,0.0,0.0,0.0,0.0
2023-02-07,1991559.9016464304,0.0,0.0,0.0,0.0
2023-02-08,1991559.9016464304,0.0,0.0,0.0,0.0
2023-02-09,1991559.9016464304,0.0,0.0,0.0,0.0
2023-02-10,1991559.9016464304,0.0,0.0,0.0,0.0
2023-02-11,1991559.9016464304,0.0,0.0,0.0,0.0
2023-02-12,1991559.9016464304,0.0,0.0,0.0,0.0
2023-02-13,1991559.9016464304,0.0,0.0,0.0,0.0
2023-02-14,1991559.9016464304,0.0,0.0,0.0,0.0
2023-02-15,1991559.9016464304,0.0,0.0,0.0,0.0
2023-02-16,1991559.9016464304,0.0,0.0,0.0,0.0
2023-02-17,1991559.9016464304,0.0,0.0,0.0,0.0
2023-02-18,1991559.9016464304,0.0,0.0,0.0,0.0
2023-02-19,1991559.9016464304,0.0,0.0,0.0,0.0
2023-02-20,1991559.9016464304,0.0,0.0,0.0,0.0
2023-02-21,1991559.9016464304,0.0,0.0,0.0,0.0
2023-02-22,1991559.9016464304,0.0,0.0,0.0,0.0
2023-02-23,1991559.9016464304,0.0,0.0,0.0,0.0
2023-02-24,1991559.9016464304,0.0,0.0,0.0,0.0
2023-02-25,1991559.9016464304,0.0,0.0,0.0,0.0
2023-02-26,1991559.9016464304,0.0,0.0,0.0,0.0
2023-02-27,1991559.9016464304,0.0,0.0,0.0,0.0
2023-02-28,1991559.9016464304,0.0,0.0,0.0,0.0
2023-03-01,1991559.9016464304,0.0,0.0,0.0,0.0
2023-03-02,1991559.9016464304,0.0,0.0,0.0,0.0
2023-03-03,1991559.9016464304,0.0,0.0,0.0,0.0
2023-03-04,1991559.9016464304,0.0,0.0,0.0,0.0
2023-03-05,1991559.9016464304,0.0,0.0,0.0,0.0
2023-03-06,1991559.9016464304,0.0,0.0,0.0,0.0
2023-03-07,1991559.9016464304,0.0,0.0,0.0,0.0
2023-03-08,1991559.9016464304,0.0,0.0,0.0,0.0
2023-03-09,1991559.9016464304,0.0,0.0,0.0,0.0
2023-03-10,1991559.9016464304,0.0,0.0,0.0,0.0
2023-03-11,1991559.9016464304,0.0,0.0,0.0,0.0
2023-03-12,1991559.9016464304,0.0,0.0,0.0,0.0
2023-03-13,1991559.9016464304,0.0,0.0,0.0,0.0
2023-03-14,1991559.9016464304,0.0,0.0,0.0,0.0
2023-03-15,1991559.9016464304,0.0,0.0,0.0,0.0
2023-03-16,1991559.9016464304,0.0,0.0,0.0,0.0
2023-03-17,1991559.9016464304,0.0,0.0,0.0,0.0
2023-03-18,1991559.9016464304,0.0,0.0,0.0,0.0
2023-03-19,1991559.9016464304,0.0,0.0,0.0,0.0
2023-03-20,1991559.9016464304,0.0,0.0,0.0,0.0
2023-03-21,1991559.9016464304,0.0,0.0,0.0,0.0
2023-03-22,1991559.9016464304,0.0,0.0,0.0,0.0
2023-03-23,1991559.9016464304,0.0,0.0,0.0,0.0
2023-03-24,1991559.9016464304,0.0,0.0,0.0,0.0
2023-03-25,1991559.9016464304,0.0,0.0,0.0,0.0
2023-03-26,1991559.9016464304,0.0,0.0,0.0,0.0
2023-03-27,1991559.9016464304,0.0,0.0,0.0,0.0
2023-03-28,1991559.9016464304,0.0,0.0,0.0,0.0
2023-03-29,1991559.9016464304,0.0,0.0,0.0,0.0
2023-03-30,1991559.9016464304,0.0,0.0,0.0,0.0
2023-03-31,1991559.9016464304,0.0,0.0,0.0,0.0
2023-04-01,1991559.9016464304,0.0,0.0,0.0,0.0
2023-04-02,1991559.9016464304,0.0,0.0,0.0,0.0
2023-04-03,1991559.9016464304,0.0,0.0,0.0,0.0
2023-04-04,1991559.9016464304,0.0,0.0,0.0,0.0
2023-04-05,1991559.9016464304,0.0,0.0,0.0,0.0
2023-04-06,1991559.9016464304,0.0,0.0,0.0,0.0
2023-04-07,1991559.9016464304,0.0,0.0,0.0,0.0
2023-04-08,1991559.9016464304,0.0,0.0,0.0,0.0
2023-04-09,1991559.9016464304,0.0,0.0,0.0,0.0
2023-04-10,1991559.9016464304,0.0,0.0,0.0,0.0
2023-04-11,1991559.9016464304,0.0,0.0,0.0,0.0
2023-04-12,1991559.9016464304,0.0,0.0,0.0,0.0
2023-04-13,1991559.9016464304,0.0,0.0,0.0,0.0
2023-04-14,1991559.9016464304,0.0,0.0,0.0,0.0
2023-04-15,1991559.9016464304,0.0,0.0,0.0,0.0
2023-04-16,1991559.9016464304,0.0,0.0,0.0,0.0
2023-04-17,1991559.9016464304,0.0,0.0,0.0,0.0
2023-04-18,1991559.9016464304,0.0,0.0,0.0,0.0
2023-04-19,1991559.9016464304,0.0,0.0,0.0,0.0
2023-04-20,1991559.9016464304,0.0,0.0,0.0,0.0
2023-04-21,1991559.9016464304,0.0,0.0,0.0,0.0
2023-04-22,1991559.9016464304,0.0,0.0,0.0,0.0
2023-04-23,1991559.9016464304,0.0,0.0,0.0,0.0
2023-04-24,1991559.9016464304,0.0,0.0,0.0,0.0
2023-04-25,1991559.9016464304,0.0,0.0,0.0,0.0
2023-04-26,1991559.9016464304,0.0,0.0,0.0,0.0
2023-04-27,1991559.9016464304,0.0,0.0,0.0,0.0
2023-04-28,1991559.9016464304,0.0,0.0,0.0,0.0
2023-04-29,1991559.9016464304,0.0,0.0,0.0,0.0
2023-04-30,1991559.9016464304,0.0,0.0,0.0,0.0
2023-05-01,1991559.9016464304,0.0,0.0,0.0,0.0
2023-05-02,1991559.9016464304,0.0,0.0,0.0,0.0
2023-05-03,1991559.9016464304,0.0,0.0,0.0,0.0
2023-05-04,1991559.9016464304,0.0,0.0,0.0,0.0
2023-05-05,1991559.9016464304,0.0,0.0,0.0,0.0
2023-05-06,1991559.9016464304,0.0,0.0,0.0,0.0
2023-05-07,1991559.9016464304,0.0,0.0,0.0,0.0
2023-05-08,1991559.9016464304,0.0,0.0,0.0,0.0
2023-05-09,1991559.9016464304,0.0,0.0,0.0,0.0
2023-05-10,1991559.9016464304,0.0,0.0,0.0,0.0
2023-05-11,1991559.9016464304,0.0,0.0,0.0,0.0
2023-05-12,1991559.9016464304,0.0,0.0,0.0,0.0
2023-05-13,1991559.9016464304,0.0,0.0,0.0,0.0
2023-05-14,1991559.9016464304,0.0,0.0,0.0,0.0
2023-05-15,1991559.9016464304,0.0,0.0,0.0,0.0
2023-05-16,1991559.9016464304,0.0,0.0,0.0,0.0
2023-05-17,1991559.9016464304,0.0,0.0,0.0,0.0
2023-05-18,1991559.9016464304,0.0,0.0,0.0,0.0
2023-05-19,1991559.9016464304,0.0,0.0,0.0,0.0
2023-05-20,1991559.9016464304,0.0,0.0,0.0,0.0
2023-05-21,1991559.9016464304,0.0,0.0,0.0,0.0
2023-05-22,1991559.9016464304,0.0,0.0,0.0,0.0
2023-05-23,1991559.9016464304,0.0,0.0,0.0,0.0
2023-05-24,1991559.9016464304,0.0,0.0,0.0,0.0
2023-05-25,1991559.9016464304,0.0,0.0,0.0,0.0
2023-05-26,1991559.9016464304,0.0,0.0,0.0,0.0
2023-05-27,1991559.9016464304,0.0,0.0,0.0,0.0
2023-05-28,1991559.9016464304,0.0,0.0,0.0,0.0
2023-05-29,1991559.9016464304,0.0,0.0,0.0,0.0
2023-05-30,1991559.9016464304,0.0,0.0,0.0,0.0
2023-05-31,1991559.9016464304,0.0,0.0,0.0,0.0
2023-06-01,1991559.9016464304,0.0,0.0,0.0,0.0
2023-06-02,1991559.9016464304,0.0,0.0,0.0,0.0
2023-06-03,1991559.9016464304,0.0,0.0,0.0,0.0
2023-06-04,1991559.9016464304,0.0,0.0,0.0,0.0
2023-06-05,1991559.9016464304,0.0,0.0,0.0,0.0
2023-06-06,1991559.9016464304,0.0,0.0,0.0,0.0
2023-06-07,1991559.9016464304,0.0,0.0,0.0,0.0
2023-06-08,1991559.9016464304,0.0,0.0,0.0,0.0
2023-06-09,1991559.9016464304,0.0,0.0,0.0,0.0
2023-06-10,1991559.9016464304,0.0,0.0,0.0,0.0
2023-06-11,1991559.9016464304,0.0,0.0,0.0,0.0
2023-06-12,1991559.9016464304,0.0,0.0,0.0,0.0
2023-06-13,1991559.9016464304,0.0,0.0,0.0,0.0
2023-06-14,1991559.9016464304,0.0,0.0,0.0,0.0
2023-06-15,1991559.9016464304,0.0,0.0,0.0,0.0
2023-06-16,1991559.9016464304,0.0,0.0,0.0,0.0
2023-06-17,1991559.9016464304,0.0,0.0,0.0,0.0
2023-06-18,1991559.9016464304,0.0,0.0,0.0,0.0
2023-06-19,1991559.9016464304,0.0,0.0,0.0,0.0
2023-06-20,1991559.9016464304,0.0,0.0,0.0,0.0
2023-06-21,1991559.9016464304,0.0,0.0,0.0,0.0
2023-06-22,1991559.9016464304,0.0,0.0,0.0,0.0
2023-06-23,1991559.9016464304,0.0,0.0,0.0,0.0
2023-06-24,1991559.9016464304,0.0,0.0,0.0,0.0
2023-06-25,1991559.9016464304,0.0,0.0,0.0,0.0
2023-06-26,1991559.9016464304,0.0,0.0,0.0,0.0
2023-06-27,1991559.9016464304,0.0,0.0,0.0,0.0
2023-06-28,1991559.9016464304,0.0,0.0,0.0,0.0
2023-06-29,1991559.9016464304,0.0,0.0,0.0,0.0
2023-06-30,1991559.9016464304,0.0,0.0,0.0,0.0
2023-07-01,1991559.9016464304,0.0,0.0,0.0,0.0
2023-07-02,1991559.9016464304,0.0,0.0,0.0,0.0
2023-07-03,1991559.9016464304,0.0,0.0,0.0,0.0
2023-07-04,1991559.9016464304,0.0,0.0,0.0,0.0
2023-07-05,1991559.9016464304,0.0,0.0,0.0,0.0
2023-07-06,1991559.9016464304,0.0,0.0,0.0,0.0
2023-07-07,1991559.9016464304,0.0,0.0,0.0,0.0
2023-07-08,1991559.9016464304,0.0,0.0,0.0,0.0
2023-07-09,1991559.9016464304,0.0,0.0,0.0,0.0
2023-07-10,1991559.9016464304,0.0,0.0,0.0,0.0
2023-07-11,1991559.9016464304,0.0,0.0,0.0,0.0
2023-07-12,1991559.9016464304,0.0,0.0,0.0,0.0
2023-07-13,1991559.9016464304,0.0,0.0,0.0,0.0
2023-07-14,1991559.9016464304,0.0,0.0,0.0,0.0
2023-07-15,1991559.9016464304,0.0,0.0,0.0,0.0
2023-07-16,1991559.9016464304,0.0,0.0,0.0,0.0
2023-07-17,1991559.9016464304,0.0,0.0,0.0,0.0
2023-07-18,1991559.9016464304,0.0,0.0,0.0,0.0
2023-07-19,1991559.9016464304,0.0,0.0,0.0,0.0
2023-07-20,1991559.9016464304,0.0,0.0,0.0,0.0
2023-07-21,1991559.9016464304,0.0,0.0,0.0,0.0
2023-07-22,1991559.9016464304,0.0,0.0,0.0,0.0
2023-07-23,1991559.9016464304,0.0,0.0,0.0,0.0
2023-07-24,1991559.9016464304,0.0,0.0,0.0,0.0
2023-07-25,1991559.9016464304,0.0,0.0,0.0,0.0
2023-07-26,1991559.9016464304,0.0,0.0,0.0,0.0
2023-07-27,1991559.9016464304,0.0,0.0,0.0,0.0
2023-07-28,1991559.9016464304,0.0,0.0,0.0,0.0
2023-07-29,1991559.9016464304,0.0,0.0,0.0,0.0
2023-07-30,1991559.9016464304,0.0,0.0,0.0,0.0
2023-07-31,1991559.9016464304,0.0,0.0,0.0,0.0
2023-08-01,1991559.9016464304,0.0,0.0,0.0,0.0
2023-08-02,1991559.9016464304,0.0,0.0,0.0,0.0
2023-08-03,1991559.9016464304,0.0,0.0,0.0,0.0
2023-08-04,1991559.9016464304,0.0,0.0,0.0,0.0
2023-08-05,1991559.9016464304,0.0,0.0,0.0,0.0
2023-08-06,1991559.9016464304,0.0,0.0,0.0,0.0
2023-08-07,1991559.9016464304,0.0,0.0,0.0,0.0
2023-08-08,1991559.9016464304,0.0,0.0,0.0,0.0
2023-08-09,1991559.9016464304,0.0,0.0,0.0,0.0
2023-08-10,1991559.9016464304,0.0,0.0,0.0,0.0
2023-08-11,1991559.9016464304,0.0,0.0,0.0,0.0
2023-08-12,1991559.9016464304,0.0,0.0,0.0,0.0
2023-08-13,1991559.9016464304,0.0,0.0,0.0,0.0
2023-08-14,1991559.9016464304,0.0,0.0,0.0,0.0
2023-08-15,1991559.9016464304,0.0,0.0,0.0,0.0
2023-08-16,1991559.9016464304,0.0,0.0,0.0,0.0
2023-08-17,1991559.9016464304,0.0,0.0,0.0,0.0
2023-08-18,1991559.9016464304,0.0,0.0,0.0,0.0
2023-08-19,1991559.9016464304,0.0,0.0,0.0,0.0
2023-08-20,1991559.9016464304,0.0,0.0,0.0,0.0
2023-08-21,1991559.9016464304,0.0,0.0,0.0,0.0
2023-08-22,1991559.9016464304,0.0,0.0,0.0,0.0
2023-08-23,1991559.9016464304,0.0,0.0,0.0,0.0
2023-08-24,1991559.9016464304,0.0,0.0,0.0,0.0
2023-08-25,1991559.9016464304,0.0,0.0,0.0,0.0
2023-08-26,1991559.9016464304,0.0,0.0,0.0,0.0
2023-08-27,1991559.9016464304,0.0,0.0,0.0,0.0
2023-08-28,1991559.9016464304,0.0,0.0,0.0,0.0
2023-08-29,1991559.9016464304,0.0,0.0,0.0,0.0
2023-08-30,1991559.9016464304,0.0,0.0,0.0,0.0
2023-08-31,1991559.9016464304,0.0,0.0,0.0,0.0
2023-09-01,1991559.9016464304,0.0,0.0,0.0,0.0
2023-09-02,1991559.9016464304,0.0,0.0,0.0,0.0
2023-09-03,1991559.9016464304,0.0,0.0,0.0,0.0
2023-09-04,1991559.9016464304,0.0,0.0,0.0,0.0
2023-09-05,1991559.9016464304,0.0,0.0,0.0,0.0
2023-09-06,1991559.9016464304,0.0,0.0,0.0,0.0
2023-09-07,1991559.9016464304,0.0,0.0,0.0,0.0
2023-09-08,1991559.9016464304,0.0,0.0,0.0,0.0
2023-09-09,1991559.9016464304,0.0,0.0,0.0,0.0
2023-09-10,1991559.9016464304,0.0,0.0,0.0,0.0
2023-09-11,1991559.9016464304,0.0,0.0,0.0,0.0
2023-09-12,1991559.9016464304,0.0,0.0,0.0,0.0
2023-09-13,1991559.9016464304,0.0,0.0,0.0,0.0
2023-09-14,1991559.9016464304,0.0,0.0,0.0,0.0
2023-09-15,1991559.9016464304,0.0,0.0,0.0,0.0
2023-09-16,1991559.9016464304,0.0,0.0,0.0,0.0
2023-09-17,1991559.9016464304,0.0,0.0,0.0,0.0
2023-09-18,1991559.9016464304,0.0,0.0,0.0,0.0
2023-09-19,1991559.9016464304,0.0,0.0,0.0,0.0
2023-09-20,1991559.9016464304,0.0,0.0,0.0,0.0
2023-09-21,1991559.9016464304,0.0,0.0,0.0,0.0
2023-09-22,1991559.9016464304,0.0,0.0,0.0,0.0
2023-09-23,1991559.9016464304,0.0,0.0,0.0,0.0
2023-09-24,1991559.9016464304,0.0,0.0,0.0,0.0
2023-09-25,1991559.9016464304,0.0,0.0,0.0,0.0
2023-09-26,1991559.9016464304,0.0,0.0,0.0,0.0
2023-09-27,1991559.9016464304,0.0,0.0,0.0,0.0
2023-09-28,1991559.9016464304,0.0,0.0,0.0,0.0
2023-09-29,1991559.9016464304,0.0,0.0,0.0,0.0
2023-09-30,1991559.9016464304,0.0,0.0,0.0,0.0
2023-10-01,1991559.9016464304,0.0,0.0,0.0,0.0
2023-10-02,1991559.9016464304,0.0,0.0,0.0,0.0
2023-10-03,1991559.9016464304,0.0,0.0,0.0,0.0
2023-10-04,1991559.9016464304,0.0,0.0,0.0,0.0
2023-10-05,1991559.9016464304,0.0,0.0,0.0,0.0
2023-10-06,1991559.9016464304,0.0,0.0,0.0,0.0
2023-10-07,1991559.9016464304,0.0,0.0,0.0,0.0
2023-10-08,1991559.9016464304,0.0,0.0,0.0,0.0
2023-10-09,1991559.9016464304,0.0,0.0,0.0,0.0
2023-10-10,1991559.9016464304,0.0,0.0,0.0,0.0
2023-10-11,1991559.9016464304,0.0,0.0,0.0,0.0
2023-10-12,1991559.9016464304,0.0,0.0,0.0,0.0
2023-10-13,1991559.9016464304,0.0,0.0,0.0,0.0
2023-10-14,1991559.9016464304,0.0,0.0,0.0,0.0
2023-10-15,1991559.9016464304,0.0,0.0,0.0,0.0
2023-10-16,1991559.9016464304,0.0,0.0,0.0,0.0
2023-10-17,1991559.9016464304,0.0,0.0,0.0,0.0
2023-10-18,1991559.9016464304,0.0,0.0,0.0,0.0
2023-10-19,1991559.9016464304,0.0,0.0,0.0,0.0
2023-10-20,1991559.9016464304,0.0,0.0,0.0,0.0
2023-10-21,1991559.9016464304,0.0,0.0,0.0,0.0
2023-10-22,1991559.9016464304,0.0,0.0,0.0,0.0
2023-10-23,1991559.9016464304,0.0,0.0,0.0,0.0
2023-10-24,1991559.9016464304,0.0,0.0,0.0,0.0
2023-10-25,1991559.9016464304,0.0,0.0,0.0,0.0
2023-10-26,1991559.9016464304,0.0,0.0,0.0,0.0
2023-10-27,1991559.9016464304,0.0,0.0,0.0,0.0
2023-10-28,1991559.9016464304,0.0,0.0,0.0,0.0
2023-10-29,1991559.9016464304,0.0,0.0,0.0,0.0
2023-10-30,1991559.9016464304,0.0,0.0,0.0,0.0
2023-10-31,1991559.9016464304,0.0,0.0,0.0,0.0
2023-11-01,1991559.9016464304,0.0,0.0,0.0,0.0
2023-11-02,1991559.9016464304,0.0,0.0,0.0,0.0
2023-11-03,1991559.9016464304,0.0,0.0,0.0,0.0
2023-11-04,1991559.9016464304,0.0,0.0,0.0,0.0
2023-11-05,1991559.9016464304,0.0,0.0,0.0,0.0
2023-11-06,1991559.9016464304,0.0,0.0,0.0,0.0
2023-11-07,1991559.9016464304,0.0,0.0,0.0,0.0
2023-11-08,1991559.9016464304,0.0,0.0,0.0,0.0
2023-11-09,1991559.9016464304,0.0,0.0,0.0,0.0
2023-11-10,1991559.9016464304,0.0,0.0,0.0,0.0
2023-11-11,1991559.9016464304,0.0,0.0,0.0,0.0
2023-11-12,1990680.564604868,-0.0005862246943749155,837.9422160324837,-117.27925759485697,1600.0
2023-11-13,1991850.6262553008,0.0007800411002885256,807.3141792668,362.7474711659884,0.0
2023-11-14,1992389.1754882468,0.00035903282196404887,599.9162863386712,-61.36705339259788,0.0
2023-11-15,1993276.8748033221,0.0005917995433835589,363.6928647163308,524.0064503590074,0.0
2023-11-16,1993096.126026913,-0.0001204991842727929,480.6516879348964,-661.4004643440858,0.0
2023-11-17,1993971.042925695,0.000583277932521354,370.0024205893284,504.9144781927025,0.0
2023-11-18,1994499.0235746175,0.00035198709928166433,374.5630154406325,153.41763348186396,0.0
2023-11-19,1994709.5217728126,0.00014033213213001828,374.1436739091154,-163.64547571408798,0.0
2023-11-20,1994984.062287,0.00018302700945840188,382.273785699431,-107.7332715118282,0.0
2023-11-21,1995440.1824573278,0.0003040801135519294,383.1615624051794,72.95860792271469,0.0
2023-11-22,1996435.0480805275,0.0006632437487996279,365.5123978494257,629.3532253500161,0.0
2023-11-23,1996483.5979429628,3.236657495694662e-05,382.6593753515821,-334.1095129161622,0.0
2023-11-24,1997036.1850756553,0.0003683914217950045,381.44123934173615,171.14589335077062,0.0
2023-11-25,1997674.1259382716,0.00042529390841084143,385.65408755714816,252.286775059114,0.0
2023-11-26,1998288.8195973504,0.0004097957727192623,386.2718492279684,228.421809850925,0.0
2023-11-27,1998520.0155389425,0.00015413062772803618,382.90893470204594,-151.71299310999166,0.0
2023-11-28,1998859.249882673,0.00022615622915364195,380.8275688078087,-41.59322507734578,0.0
2023-11-29,1999197.5732665888,0.00022554892261050379,386.7351704810836,-48.41178656532793,0.0
2023-11-30,1999944.9271533396,0.0004982359245005003,386.9929121053332,360.3609746454173,0.0
2023-12-01,1999976.8063147927,2.1252774302099813e-05,385.7625026848087,-353.88334123165896,0.0
2023-12-02,2000842.2303078105,0.0005769493286785499,335.6217653937549,529.8022276240699,0.0
2023-12-03,2000994.643226257,0.00010160861229771593,403.33598120804453,-250.92306276147065,0.0
2023-12-04,2000626.575231562,-0.0002453786631301252,408.9070868718827,-776.9750815670704,0.0
2023-12-05,2001244.9481864197,0.0004122486365718257,429.4988016378184,188.87415321992012,0.0
2023-12-06,2001495.3431515938,0.0001669299767828553,450.8606729238333,-200.46570774955035,0.0
2023-12-07,2001788.6275503843,0.00019552293252695166,447.7248164954639,-154.44041770503645,0.0
2023-12-08,2002222.8454375165,0.00028947859142151476,790.146796810277,-355.92890967800486,0.0
2023-12-09,2002572.9635718218,0.00023341208953680409,887.0798514917309,-536.9617171865248,0.0
2023-12-10,2004155.904562627,0.0010552939938700677,969.6113849521167,613.329605852985,0.0
2023-12-11,2004674.9760017185,0.0003460476260610429,518.7305110170907,0.3409280744735952,0.0
2023-12-12,2005196.3003709165,0.00034754957946530316,422.11429954622474,99.21006965173001,0.0
2023-12-13,2005522.3655539092,0.00021737678866189127,490.733442930345,-164.66825993750808,0.0
2023-12-14,2006525.1202527506,0.0006685031325608563,438.5187357023289,564.2359631389554,0.0
2023-12-15,2006826.4901017535,0.00020091323266864397,440.1275752854421,-138.75772628247614,0.0
2023-12-16,2006653.3122770793,-0.00011545188311617851,429.24208279779225,-602.41990747206,0.0
2023-12-17,2007710.7422930687,0.0007049533439928925,432.5088556067327,624.9211603826061,0.0
2023-12-18,2007831.7921863925,8.069992888253023e-05,549.9374109240174,-428.88751760022205,0.0
2023-12-19,2008539.6113717789,0.0004718794569242851,436.44043816076135,271.3787472256663,0.0
2023-12-20,2008896.2799053448,0.00023777902237740212,636.570482651875,-279.9019490857718,0.0
2023-12-21,2009561.6607500622,0.0004435872298115661,1271.2100329336522,-605.829188216303,0.0
2023-12-22,2010918.4395807472,0.0009045192204566532,1173.7004547298657,183.0783759551141,0.0
2023-12-23,2011690.44083509,0.0005146675028951469,620.2882612327277,151.71299310999257,0.0
2023-12-24,2012685.9349178742,0.0006636627218561163,753.0942218828093,242.39986090136517,0.0
2023-12-25,2013744.6974264227,0.0007058416723657159,849.0917427902236,209.67076575835017,0.0
2023-12-26,2014538.9152908153,0.0005294785762616921,1437.8900688674712,-643.6722044749331,0.0
2023-12-27,2016166.5485906922,0.0010850888665846295,1419.3262464159936,208.30705346095056,0.0
2023-12-28,2017824.8545864578,0.001105537330510355,1497.0470165725137,161.2589791930186,0.0
2023-12-29,2019646.161096616,0.0012142043401054332,2209.9645149786747,-388.6580048205251,0.0
2023-12-30,2021567.6299069815,0.0012809792069103918,1642.5896455029883,278.8791648625993,0.0
2023-12-31,2022748.873120808,0.0007874954758843205,1380.6861373531028,-199.44292352662205,0.0
2024-01-01,2024288.2342972828,0.0010262407843164853,1416.967997763512,122.39317871121602,0.0
2024-01-02,2025928.7324874662,0.001093665460122173,2333.6049654469402,-693.1067752636809,0.0
2024-01-03,2027281.4361750807,0.000901802458409762,740.3968659845831,612.3068216300599,0.0
2024-01-04,2028692.0209690067,0.0009403898626172829,438.25792572540973,972.3268682005146,0.0
2024-01-05,2029537.9705730183,0.0005639664026745232,451.49582192644823,394.45378208533657,0.0
2024-01-06,2029734.467537054,0.0001309979760237576,451.51116368979643,-255.01419965416002,0.0
2024-01-07,2030589.7531154556,0.0005701903856010496,449.58116986059457,405.7044085409798,0.0
2024-01-08,2031052.2244348815,0.00030831421295048067,449.17512452397926,13.296194901741728,0.0
2024-01-09,2030384.7479503953,-0.0004449843229906702,480.42834203268137,-1147.9048265186866,0.0
2024-01-10,2031458.4726237007,0.0007158164488703611,471.6456939079563,602.0789793975855,0.0
2024-01-11,2031761.8611078323,0.00020225898942103382,477.2618020776158,-173.87331794606507,0.0
2024-01-12,2032585.5900427392,0.0005491526232711152,473.9367305679521,349.7922043387207,0.0
2024-01-13,2032766.8512720573,0.00012084081954553597,437.6391412703662,-256.3779119520623,0.0
2024-01-14,2033472.706029879,0.0004705698385477952,438.22621941449023,267.62853840720254,0.0
2024-01-15,2033758.4197798492,0.00019047583331346254,426.857972773484,-141.14422280329018,0.0
2024-01-16,2034147.2312023034,0.00025920761496950383,434.83671249876414,-46.02529004450844,0.0
2024-01-17,2034889.7691390752,0.0004950252911810719,441.157518998217,301.38041777339095,0.0
2024-01-18,2034913.1223712435,1.5568821445540343e-05,437.58084256964315,-414.22761040133264,0.0
2024-01-19,2035728.518683084,0.0005435975412269814,422.6471701265184,392.7491417139536,0.0
2024-01-20,2035903.0271500326,0.00011633897796571175,426.11338585898545,-251.60491891041784,0.0
2024-01-21,2036579.0036532697,0.0004506510021580681,426.4171527732795,249.55935046382274,0.0
2024-01-22,2036873.7008580004,0.00019646480315377247,425.2726572275048,-130.57545249684608,0.0
2024-01-23,2037295.4333181032,0.0002811549734019258,404.68605638268497,17.04640372020367,0.0
2024-01-24,2037934.22922833,0.0004258639401511409,407.9876038552147,230.80830637149666,0.0
2024-01-25,2038289.6003796784,0.0002369141008988327,409.91964325286295,-54.54849190461391,0.0
2024-01-26,2038756.1942013795,0.00031106254780089094,408.6360490527314,57.95777264860499,0.0
2024-01-27,2039462.560795338,0.00047091106263887447,388.6216286134114,317.74496534490027,0.0
2024-01-28,2039862.461549471,0.0002666005027552598,354.89824831155374,45.002505821335944,0.0
2024-01-29,2039987.4395802023,8.331868715429668e-05,417.49431857001133,-292.5162878385663,0.0
2024-01-30,2040530.4185932153,0.000361986008675365,363.65084587664546,179.32816713640204,0.0
2024-01-31,2041116.7507929173,0.00039088813313457356,324.158510485243,262.1736892166173,0.0
2024-02-01,2041439.5466076843,0.00021519720984473857,435.30207932032584,-112.50626455321799,0.0
2024-02-02,2041568.1371769318,8.572704616503688e-05,440.5397573273967,-311.9491880798414,0.0
2024-02-03,2042192.1943757986,0.0004160381325778236,363.5881500219899,260.46904884474543,0.0
2024-02-04,2042614.3903743941,0.00028146399906356416,397.99010531268226,24.205893282663965,0.0
2024-02-05,2042841.144705033,0.00015116955375918376,435.4023121742007,-208.64798153542506,0.0
2024-02-06,2043339.8823733917,0.00033249177890589705,388.9588284006724,109.7788399581732,0.0
2024-02-07,2043789.7490345808,0.00029991110745950514,311.44986298100685,138.41679820825084,0.0
2024-02-08,2044196.0468241735,0.0002708651930617731,289.0185319978045,117.27925759485515,0.0
2024-02-09,2044419.49998277,0.0001489687723977992,354.3695391675219,-130.9163805708231,0.0
2024-02-10,2044775.1502042369,0.00023710014764444714,450.42822615122896,-94.77800468455825,0.0
2024-02-11,2045324.7187597589,0.00036637903701462743,488.2015021290959,61.367053392845264,0.0
2024-02-12,2045072.8076874376,-0.00016794071488082126,494.03955447519246,-745.9506267964243,0.0
2024-02-13,2044802.2158022076,-0.00018039459015327484,510.8152613043227,-781.4071465342349,0.0
2024-02-14,2046355.6030525884,0.0010355915002539181,546.9675747399572,1006.4196756409201,0.0
2024-02-15,2045824.3324477482,-0.00035418040322693524,530.0384907796002,-1061.309095620003,0.0
2024-02-16,2046680.3864780292,0.0005707026868541743,530.8086472996793,325.2453829815822,0.0
2024-02-17,2047109.4414924677,0.0002860366762922229,640.7713486432768,-211.71633420494254,0.0
2024-02-18,2047566.070457035,0.00030441930971151647,874.6067837868246,-417.97781921954993,0.0
2024-02-19,2048515.5782460482,0.0006330051926754883,995.8740071322154,-46.36621811898294,0.0
2024-02-20,2049225.7682310815,0.00047345999002221847,735.4186625391642,-25.22867750583646,0.0
2024-02-21,2049799.1656975085,0.0003822649776179782,557.032918855709,16.3645475712583,0.0
2024-02-22,2050776.1032368601,0.0006512916929010615,637.3731772450967,339.56436210649554,0.0
2024-02-23,2051354.6567635564,0.0003857023511309356,577.1898143987564,1.3637122976469982,0.0
2024-02-24,2051898.8314960133,0.0003627831549712016,519.2869830251913,24.887749431611155,0.0
2024-02-25,2052419.805859995,0.0003473162426544344,730.3042016657746,-209.32983768412305,0.0
2024-02-26,2053679.5681715896,0.0008398415410630029,1333.402775665918,-73.64046407141359,0.0
2024-02-27,2056100.59128024,0.001614015405767114,2392.726078474824,28.297030175846885,0.0
2024-02-28,2058057.4629243996,0.001304581096106316,2022.6707625197312,-65.79911836025713,0.0
2024-02-29,2061735.135117317,0.0024517814619450518,4313.162123606883,-635.4899306893058,0.0
2024-03-01,2064597.1884298765,0.00190803554170621,3425.2664914750944,-563.2131789157793,0.0
2024-03-02,2068735.389924369,0.00275880099632838,3128.7134661816394,1009.4880283109305,0.0
2024-03-03,2071228.3544557802,0.0016619763542741453,2831.1651812203177,-338.20064980909956,0.0
2024-03-04,2074387.5842426661,0.002106153191257325,3565.2751235011947,-406.0453366152069,0.0
2024-03-05,2079980.335031233,0.003728500525711213,5124.3156143353435,468.4351742314757,0.0
2024-03-06,2083508.4168420383,0.002352054540536811,2597.3481676820643,930.7336431231524,0.0
2024-03-07,2085299.2634469057,0.0011938977365783256,2829.654447577195,-1038.8078427097062,0.0
2024-03-08,2088762.4051093394,0.002308761108288971,3219.719017308919,243.42264512453767,0.0
2024-03-09,2090235.125519135,0.0009818136065305263,1785.6923820985487,-312.97197230275924,0.0
2024-03-10,2094015.8706474435,0.00252049675220556,3471.182436749319,309.562691559021,0.0
2024-03-11,2098291.763815381,0.00285059544529184,4241.8003604973455,34.09280744041462,0.0
2024-03-12,2100660.5159843657,0.0015791681126565,3387.445255303989,-1018.6930863192392,0.0
2024-03-13,2104982.8911115485,0.002881583418121816,3487.1013448930685,835.2737822896561,0.0
2024-03-14,2107378.057825513,0.0015967778093096403,2528.1286629823708,-132.96194901791023,0.0
2024-03-15,2108647.547041754,0.0008463261441604876,1660.1927895075978,-390.70357326686644,0.0
2024-03-16,2110419.3013831316,0.0011811695609185995,1280.817914236134,490.9364271417653,0.0
2024-03-17,2111724.8281132565,0.0008703511534166881,1240.7503959879584,64.77633413707372,0.0
2024-03-18,2113405.633558117,0.0011205369632401692,1819.5631711424842,-138.75772628223058,0.0
2024-03-19,2115402.1785793733,0.0013310300141710862,1845.5138842958302,151.0311369607989,0.0
2024-03-20,2116790.582358732,0.0009256025195722113,934.6285123262545,453.7752670320624,0.0
2024-03-21,2117956.7857423746,0.0007774689224285268,1138.9291376906215,27.274245952168712,0.0
2024-03-22,2118718.6981898635,0.0005079416316591275,854.9858118008842,-93.07336431219301,0.0
2024-03-23,2119701.3302352615,0.0006550880302652398,670.3419292437875,312.29011615407217,0.0
2024-03-24,2120561.5931454916,0.0005735086068200269,891.62829307541,-31.365382845369822,0.0
2024-03-25,2121482.964392027,0.0006142474976904464,1620.9556552126198,-699.5844086769503,0.0
2024-03-26,2123433.047150612,0.001300055172390012,1598.926841949154,351.15591663586383,0.0
2024-03-27,2125335.165235756,0.001268078723429236,2434.306809288245,-532.188724144391,0.0
2024-03-28,2127096.9590910044,0.0011745292368323089,1979.98782286741,-218.19396761894677,0.0
2024-03-29,2129031.482895898,0.0012896825365958638,1784.1745240814546,150.34928081234102,0.0
2024-03-30,2131261.921432907,0.0014869590246727419,2055.5424348401225,174.89610216899018,0.0
2024-03-31,2133703.5052217776,0.0016277225259134936,2672.0511671672625,-230.46737829702215,0.0
2024-04-01,2136103.7029338093,0.00160013180802117,3190.128060426092,-789.9303483943368,0.0
2024-04-02,2138110.584703362,0.001337921179701997,888.2967574330844,1118.585012119911,0.0
2024-04-03,2139182.1461880356,0.0007143743231156888,669.948213025498,401.61327164803515,0.0
2024-04-04,2140875.588436525,0.0011289614989926633,674.7491621692573,1018.6930863197376,0.0
2024-04-05,2141798.7173380204,0.0006154192676637376,700.5028689097462,222.62603258586023,0.0
2024-04-06,2142384.3547201017,0.0003904249213877093,693.7115816676156,-108.07419958605169,0.0
2024-04-07,2143077.8177652033,0.00046230869673421067,704.7136715567118,-11.250626455395832,0.0
2024-04-08,2144491.32535266,0.0009423383916378882,1305.0924597960568,108.4151276607754,0.0
2024-04-09,2144063.1877867156,-0.00028542504396291345,1480.3777945703796,-1908.5153605147498,0.0
2024-04-10,2145389.1047404553,0.000883944635826441,811.1155613892137,514.8013923504477,0.0
2024-04-11,2146431.4567388054,0.000694901332233184,1298.7299103018238,-256.3779119520477,0.0
2024-04-12,2147649.88938035,0.0008122884276964638,1172.7482795746582,45.68436197003757,0.0
2024-04-13,2149342.2877070755,0.0011282655511503363,686.6605072327892,1005.7378194927151,0.0
2024-04-14,2150156.489066014,0.0005428009059592993,653.9651639693575,160.23619496959145,0.0
2024-04-15,2152727.3377955803,0.0017138991530440226,486.7554107330977,2084.0933188329363,0.0
2024-04-16,2152498.1975359973,-0.0001527601730554677,410.44080799953633,-639.5810675827379,0.0
2024-04-17,2152901.187082018,0.000268659697346896,358.3279682732334,44.66157774711064,0.0
2024-04-18,2152909.752689364,5.710404897483405e-06,200.1671851614465,-191.6015778152214,0.0
2024-04-19,2153188.443131786,0.0001857936282815562,203.34533797904655,75.34510444328771,0.0
2024-04-20,2153668.870478718,0.00032028489795463784,292.23504986073095,188.19229707122577,0.0
2024-04-21,2154311.416727589,0.00042836416591387675,207.1810978565852,435.3651510142299,0.0
2024-04-22,2153975.1180169107,-0.00022419914045214537,172.70690440717723,-509.00561508539533,0.0
2024-04-23,2154483.8025615844,0.00033912302978253206,66.50083217133681,442.1837125024613,0.0
2024-04-24,2154330.9327601064,-0.00010191320098527986,311.47423586086046,-464.34403733878025,0.0
2024-04-25,2155000.417737111,0.00044632331800291376,267.871705356321,401.6132716480497,0.0
2024-04-26,2154491.750777064,-0.0003391113066978253,174.8938291336677,-683.5607891804057,0.0
2024-04-27,2154993.376528316,0.0003344171675014652,441.2814820825251,60.34426916967277,0.0
2024-04-28,2155704.6409542784,0.0004741762839748772,36.908694790959956,674.3557311713557,0.0
2024-04-29,2155653.6668237643,-3.398275367606955e-05,319.27375828881384,-370.24788880291817,0.0
2024-04-30,2156056.869606283,0.0002688018550123215,628.8971677741147,-225.69438525563237,0.0
2024-05-01,2156558.2608715696,0.00033426084352439184,596.5101980451185,-95.11893275853072,0.0
2024-05-02,2158053.3469511354,0.0009967240530438356,252.06232028828882,1243.0237592774647,0.0
2024-05-03,2156971.5835186034,-0.0007211756216880853,55.91355175458633,-1137.6769842867143,0.0
2024-05-04,2157473.8545479337,0.00033484735288677084,351.9217485178152,150.34928081234102,0.0
2024-05-05,2157703.2959979004,0.00015296096664452565,249.2152782825408,-19.773828315752326,0.0
2024-05-06,2157739.1614486924,2.391030052815732e-05,159.62234180085025,-123.75689100861428,0.0
2024-05-07,2158042.8527577883,0.0002024608727305196,358.9216571490913,-55.2303480533119,0.0
2024-05-08,2158243.4800163517,0.00013375150570876175,419.1621542563165,-218.5348956931739,0.0
2024-05-09,2159231.399743609,0.000658613151504973,338.110817443244,649.8089098142154,0.0
2024-05-10,2159166.0607588245,-4.355932318952462e-05,314.11396202743106,-379.452946811718,0.0
2024-05-11,2159464.6883126316,0.0001990850358712731,367.1540967622061,-68.52654295529646,0.0
2024-05-12,2159607.376664415,9.512556785554902e-05,319.97095047337865,-177.28259869005512,0.0
2024-05-13,2160578.4783850787,0.0006474011471093746,578.6935070248229,392.40821363923897,0.0
2024-05-14,2161084.798900971,0.000337547010594833,520.2985669429321,-13.978051050682552,0.0
2024-05-15,2161305.675084077,0.0001472507887370694,251.5597098020231,-30.683526696418994,0.0
2024-05-16,2161689.6614427264,0.0002559909057664031,243.5239919950088,140.46236665459583,0.0
2024-05-17,2161340.818451287,-0.00023256199429283155,114.81918975033837,-463.6621811895857,0.0
2024-05-18,2162423.148844684,0.000721553595597893,179.21192430033037,903.1184690965092,0.0
2024-05-19,2162259.9949692525,-0.00010876925028773405,303.9175865019757,-467.07146193357676,0.0
2024-05-20,2162646.8306239196,0.000257890436444821,240.23658267335338,146.59907199387817,0.0
2024-05-21,2161532.999233478,-0.0007425542602942748,743.5447589127122,-1857.3761493541242,0.0
2024-05-22,2162372.078640161,0.0005593862711220061,855.443954254271,-16.364547571261937,0.0
2024-05-23,2161981.5714414646,-0.00026033813246421905,707.9630570338576,-1098.4702557301862,0.0
2024-05-24,2163438.6970086843,0.0009714170448129735,695.4922490002283,761.633318219232,0.0
2024-05-25,2164011.6334562814,0.0003819576317316735,701.4663316480123,-128.529884050502,0.0
2024-05-26,2165063.885797605,0.0007015015608821959,708.9377703985791,343.31457092471464,0.0
2024-05-27,2166010.5516915014,0.0006311105959310572,700.8567522509776,245.80914164560818,0.0
2024-05-28,2166436.6589406547,0.0002840714994355111,710.4412632067014,-284.33401405343466,0.0
2024-05-29,2166619.1517873704,0.00012166189781037876,759.6840766815425,-577.1912299659743,0.0
2024-05-30,2167570.8879635893,0.000634490784145951,692.2899115973504,259.4462646215761,0.0
2024-05-31,2167883.791291456,0.00020860221857789627,859.7519592113654,-546.848631344521,0.0
2024-06-01,2169008.250997167,0.0007496398038074431,696.935900408091,427.52380530307346,0.0
2024-06-02,2169890.2237433773,0.000587981830806462,693.439521064241,188.53322514545198,0.0
2024-06-03,2170409.3052819516,0.00034605435904957766,789.0965735023882,-270.0150349280217,0.0
2024-06-04,2171122.1151124076,0.00047520655363754015,751.3347028641367,-38.52487240782648,0.0
2024-06-05,2172049.40045216,0.00061819022650137,953.1958734065876,-25.910533654532628,0.0
2024-06-06,2173405.633240031,0.0009041551919139911,781.0871263513537,575.145661519633,0.0
2024-06-07,2173941.7964286627,0.0003574421257547435,728.446622596031,-192.28343396391574,0.0
2024-06-08,2174976.618822183,0.000689881595679942,709.5770105380869,325.24538298182597,0.0
2024-06-09,2175183.356924645,0.00013782540164156338,709.2660841342304,-502.5279816718853,0.0
2024-06-10,2176481.956392115,0.0008657329783132876,712.5441075696262,586.0553599003051,0.0
2024-06-11,2177198.5067454875,0.00047770023558149773,711.4364322558871,5.113921116359506,0.0
2024-06-12,2178310.8248177436,0.0007415453815040391,688.5444757719465,423.7735964841122,0.0
2024-06-13,2179010.7873156555,0.00046664166527461096,698.2578575397949,1.7046403721215029,0.0
2024-06-14,2179439.198897664,0.00028560772133900096,683.0848535884386,-254.67327157993714,0.0
2024-06-15,2180731.040488844,0.0008612277274533753,675.4436326568184,616.3979585232446,0.0
2024-06-16,2181758.0559703875,0.0006846769876957863,677.2232772052081,349.7922043384715,0.0
2024-06-17,2182740.1350861564,0.0006547194105125783,681.7214822188963,300.35763354997107,0.0
2024-06-18,2183682.4283100744,0.0006281954826119943,639.8900219216754,302.40320199631606,0.0
2024-06-19,2183829.9384750496,9.834010998345226e-05,379.6821836443166,-232.1720186691382,0.0
2024-06-20,2184724.4235330587,0.0005963233720060735,371.16046379855237,523.3245942105577,0.0
2024-06-21,2184336.673040588,-0.0002585003283138744,457.0692759028628,-844.8197683736744,0.0
2024-06-22,2184982.8478339342,0.0004307831955643259,527.8727515282102,118.30204181827867,0.0
2024-06-23,2185438.3242019257,0.0003036509119940628,371.94898976192997,83.52737822916424,0.0
2024-06-24,2185788.6798198405,0.00023357041194332494,582.1867085099058,-231.83109059491835,0.0
2024-06-25,2186383.143822268,0.0003963093349516559,434.56873553186483,159.895266895619,0.0
2024-06-26,2187298.3096667295,0.0006101105629744767,631.8546146319512,283.31122982976376,0.0
2024-06-27,2187128.8012509206,-0.00011300561053958533,622.4675010313074,-791.9759168406854,0.0
2024-06-28,2188423.8039272055,0.0008633351175234973,630.8747873461136,664.1278889391324,0.0
2024-06-29,2188144.5476958924,-0.0001861708208754162,618.0664605188244,-897.3226918319488,0.0
2024-06-30,2188977.5969224973,0.000555366151069929,623.7193889205195,209.32983768437407,0.0
2024-07-01,2189678.5392476954,0.0004672948834651748,641.9617683257364,58.98055687202577,0.0
2024-07-02,2190675.9280795734,0.0006649258879187459,643.1645625722341,354.2242693058847,0.0
2024-07-03,2191163.354652189,0.000324951048410563,635.3893569073733,-147.9627842915288,0.0
2024-07-04,2191390.8355005546,0.0001516538989102966,615.7979251117392,-388.31707674629433,0.0
2024-07-05,2191935.1042868164,0.00036284585750787795,423.2393198484916,121.02946641332528,0.0
2024-07-06,2192927.365698838,0.0006615076080146292,318.2466089248152,674.0148030971286,0.0
2024-07-07,2193153.604008926,0.00015082554005843037,558.9841107061644,-332.74580061851884,0.0
2024-07-08,2194083.2114087697,0.0006197382665625802,497.3106014994017,432.2967983444687,0.0
2024-07-09,2194534.100716379,0.0003005928717394825,403.1593771925938,47.72993041662994,0.0
2024-07-10,2194978.2450383925,0.0002960962146756393,488.80589976032763,-44.661577746868716,0.0
2024-07-11,2195294.016030186,0.0002105139945291744,590.2180916891964,-274.4470998954348,0.0
2024-07-12,2195738.715902236,0.00029646658136654746,262.6442803178814,182.05559173193978,0.0
2024-07-13,2196061.7105053444,0.00021532973540559083,496.86792105469505,-173.87331794630882,0.0
2024-07-14,2196856.8114395216,0.0005300672894514358,419.3981961836512,375.7027379935025,0.0
2024-07-15,2197068.9556207317,0.00014142945414012158,150.7771278173444,61.36705339283799,0.0
2024-07-16,2197605.378262924,0.00035761509479494613,142.65071625579154,393.77192593662767,0.0
2024-07-17,2197293.920007862,-0.0002076388367079336,11.059703324389654,-322.51795838629005,0.0
2024-07-18,2197349.3096373756,3.692641967552779e-05,117.09761098061145,-61.70798146731977,0.0
2024-07-19,2197497.8930471335,9.905560650543487e-05,294.1596975286124,-145.5762877704601,0.0
2024-07-20,2197651.8497025953,0.0001026377703077178,11.107792286161391,142.84886317541532,0.0
2024-07-21,2196051.8497025953,-0.0010666666666666667,0.0,0.0,1600.0
2024-07-22,2196051.8497025953,0.0,0.0,0.0,0.0
2024-07-23,2196051.8497025953,0.0,0.0,0.0,0.0
2024-07-24,2196051.8497025953,0.0,0.0,0.0,0.0
2024-07-25,2196051.8497025953,0.0,0.0,0.0,0.0
2024-07-26,2196051.8497025953,0.0,0.0,0.0,0.0
2024-07-27,2194950.3962699613,-0.0007343022884228064,547.9811381542835,-49.43457078849315,1600.0
2024-07-28,2195324.531306696,0.0002494233578235185,466.52654489852273,-92.39150816324496,0.0
2024-07-29,2196277.452737094,0.0006352809535984729,557.7857921634273,395.13563823428194,0.0
2024-07-30,2196617.638343417,0.00022679040421529355,333.3670448354511,6.818561487489205,0.0
2024-07-31,2196734.461736913,7.788226233074064e-05,317.2891012454103,-200.46570774929933,0.0
2024-08-01,2197270.8396401373,0.00035758526881614854,621.2689937507885,-84.89109052656568,0.0
2024-08-02,2197898.4439044655,0.0004184028428855175,668.1747051824477,-40.570440854171466,0.0
2024-08-03,2198048.3706831727,9.995118580472274e-05,503.8101199384966,-353.8833412314125,0.0
2024-08-04,2198533.4865419534,0.0003234105725204834,524.3225873372495,-39.20672855652447,0.0
2024-08-05,2199040.4176853923,0.0003379540956258267,404.31179304302174,102.61935039571836,0.0
2024-08-06,2199096.0374486516,3.7079842173034396e-05,95.849276039234,-40.22951277968241,0.0
2024-08-07,2199537.3858285956,0.0002942322532958598,-82.99899848968863,524.3473784334783,0.0
2024-08-08,2199671.9013605965,8.967702133422119e-05,129.06068281074744,5.454849190584355,0.0
2024-08-09,2199765.792077875,6.259381151897083e-05,252.76319995090637,-158.87248267245013,0.0
2024-08-10,2199723.8311543693,-2.7973949003925897e-05,-150.71697924088954,108.7560557350007,0.0
2024-08-11,2198123.8311543693,-0.0010666666666666667,0.0,0.0,1600.0
2024-08-12,2198123.8311543693,0.0,0.0,0.0,0.0
2024-08-13,2198123.8311543693,0.0,0.0,0.0,0.0
2024-08-14,2198123.8311543693,0.0,0.0,0.0,0.0
2024-08-15,2198123.8311543693,0.0,0.0,0.0,0.0
2024-08-16,2198123.8311543693,0.0,0.0,0.0,0.0
2024-08-17,2198123.8311543693,0.0,0.0,0.0,0.0
2024-08-18,2198123.8311543693,0.0,0.0,0.0,0.0
2024-08-19,2198123.8311543693,0.0,0.0,0.0,0.0
2024-08-20,2198123.8311543693,0.0,0.0,0.0,0.0
2024-08-21,2198123.8311543693,0.0,0.0,0.0,0.0
2024-08-22,2198123.8311543693,0.0,0.0,0.0,0.0
2024-08-23,2198123.8311543693,0.0,0.0,0.0,0.0
2024-08-24,2198123.8311543693,0.0,0.0,0.0,0.0
2024-08-25,2198123.8311543693,0.0,0.0,0.0,0.0
2024-08-26,2198123.8311543693,0.0,0.0,0.0,0.0
2024-08-27,2198123.8311543693,0.0,0.0,0.0,0.0
2024-08-28,2198123.8311543693,0.0,0.0,0.0,0.0
2024-08-29,2198123.8311543693,0.0,0.0,0.0,0.0
2024-08-30,2198123.8311543693,0.0,0.0,0.0,0.0
2024-08-31,2198123.8311543693,0.0,0.0,0.0,0.0
2024-09-01,2198123.8311543693,0.0,0.0,0.0,0.0
2024-09-02,2198123.8311543693,0.0,0.0,0.0,0.0
2024-09-03,2198123.8311543693,0.0,0.0,0.0,0.0
2024-09-04,2198123.8311543693,0.0,0.0,0.0,0.0
2024-09-05,2198123.8311543693,0.0,0.0,0.0,0.0
2024-09-06,2198123.8311543693,0.0,0.0,0.0,0.0
2024-09-07,2198123.8311543693,0.0,0.0,0.0,0.0
2024-09-08,2198123.8311543693,0.0,0.0,0.0,0.0
2024-09-09,2198123.8311543693,0.0,0.0,0.0,0.0
2024-09-10,2198123.8311543693,0.0,0.0,0.0,0.0
2024-09-11,2198123.8311543693,0.0,0.0,0.0,0.0
2024-09-12,2198123.8311543693,0.0,0.0,0.0,0.0
2024-09-13,2198123.8311543693,0.0,0.0,0.0,0.0
2024-09-14,2198123.8311543693,0.0,0.0,0.0,0.0
2024-09-15,2198123.8311543693,0.0,0.0,0.0,0.0
2024-09-16,2198123.8311543693,0.0,0.0,0.0,0.0
2024-09-17,2198123.8311543693,0.0,0.0,0.0,0.0
2024-09-18,2198123.8311543693,0.0,0.0,0.0,0.0
2024-09-19,2198123.8311543693,0.0,0.0,0.0,0.0
2024-09-20,2198123.8311543693,0.0,0.0,0.0,0.0
2024-09-21,2198123.8311543693,0.0,0.0,0.0,0.0
2024-09-22,2198123.8311543693,0.0,0.0,0.0,0.0
2024-09-23,2198123.8311543693,0.0,0.0,0.0,0.0
2024-09-24,2198123.8311543693,0.0,0.0,0.0,0.0
2024-09-25,2198123.8311543693,0.0,0.0,0.0,0.0
2024-09-26,2198123.8311543693,0.0,0.0,0.0,0.0
2024-09-27,2198123.8311543693,0.0,0.0,0.0,0.0
2024-09-28,2198123.8311543693,0.0,0.0,0.0,0.0
2024-09-29,2198123.8311543693,0.0,0.0,0.0,0.0
2024-09-30,2198123.8311543693,0.0,0.0,0.0,0.0
2024-10-01,2198123.8311543693,0.0,0.0,0.0,0.0
2024-10-02,2197333.182229963,-0.0005270992829372825,481.37826801719643,327.97280757687986,1600.0
2024-10-03,2197548.0309962807,0.0001432325108784139,271.10189859435354,-56.253132276732686,0.0
2024-10-04,2197711.4779287465,0.00010896462164377124,195.83509953395134,-32.38816706829448,0.0
2024-10-05,2197926.2302846955,0.000143168237299449,7.468086711646444,207.28426923752704,0.0
2024-10-06,2198205.6773416344,0.00018629803795907734,170.0091450546678,109.43791188394823,0.0
2024-10-07,2198186.603023269,-1.271621224357122e-05,124.11547288428561,-143.18979124964244,0.0
2024-10-08,2198565.2268840065,0.000252415907158399,286.5732806485816,92.05058008901688,0.0
2024-10-09,2198893.477734997,0.00021883390066023239,488.82797403491793,-160.57712304456936,0.0
2024-10-10,2199209.3745355913,0.00021059786706309467,281.46306507976016,34.433735514881846,0.0
2024-10-11,2199334.7542115394,8.358645063189699e-05,9.805058724860817,115.57461722298467,0.0
2024-10-12,2199491.5501343803,0.000104530615227422,228.73174654043237,-71.93582369929936,0.0
2024-10-13,2199600.664281873,7.27427649949881e-05,135.0246811470184,-25.910533654536266,0.0
2024-10-14,2200148.518900357,0.00036523641232287903,544.786265814801,3.0683526695174805,0.0
2024-10-15,2200441.698975157,0.00019545338319989074,675.701374281068,-382.52129948123184,0.0
2024-10-16,2201431.22747163,0.0006596856643152499,613.1439023309254,376.3845941419495,0.0
2024-10-17,2202049.5891758613,0.00041224113615418454,691.320312153745,-72.95860792246822,0.0
2024-10-18,2202475.7646106295,0.00028411695651232486,689.3719082085254,-263.19647344003806,0.0
2024-10-19,2203172.3604438067,0.00046439722211813207,699.6641858467119,-3.0683526695138426,0.0
2024-10-20,2203895.3710432607,0.0004820070663024895,699.1456342455434,23.864965208190824,0.0
2024-10-21,2204291.395140057,0.00026401606453094634,705.9277164296649,-309.9036196332454,0.0
2024-10-22,2204878.153152719,0.00039117200844137847,689.0364349833116,-102.27842232124385,0.0
2024-10-23,2205932.710167825,0.0007030380100708301,689.4230474196859,365.13396768655934,0.0
2024-10-24,2206677.0990031124,0.0004962592235248657,681.6580695970573,62.73076569024124,0.0
2024-10-25,2207480.739433091,0.0005357602866525539,697.270870764395,106.36955921443587,0.0
2024-10-26,2208368.2359351013,0.0005916643346733773,507.3616990491516,380.1348029609144,0.0
2024-10-27,2208544.7157012243,0.00011765317741534924,679.6896039438559,-503.20983782083204,0.0
2024-10-28,2209479.547603808,0.0006232212683889151,657.6573780926439,277.1745244907288,0.0
2024-10-29,2209967.141913037,0.00032506287281921066,715.3342629305496,-227.7399537017336,0.0
2024-10-30,2209845.1527340934,-8.132611929547739e-05,743.9681300436048,-865.9573089868209,0.0
2024-10-31,2210545.579235114,0.00046695100068063964,739.9741576519602,-39.54765663100079,0.0
2024-11-01,2210390.6809510053,-0.00010326552273931983,719.2412986632211,-874.1395827722008,0.0
2024-11-02,2212140.958636922,0.0011668517906111855,710.7879870583704,1039.4896988584078,0.0
2024-11-03,2213107.4890460013,0.000644353606052919,709.4706409788728,257.0597681005056,0.0
2024-11-04,2213993.1775672943,0.0005904590141952406,703.2920014864466,182.3965198064143,0.0
2024-11-05,2214759.2538601784,0.0005107175285895565,693.7995411108119,72.27675177352285,0.0
2024-11-06,2215581.09268984,0.0005478925531078052,709.3325651087391,112.50626455296879,0.0
2024-11-07,2215439.742887409,-9.423320162095972e-05,773.0192931197306,-914.3690955511702,0.0
2024-11-08,2216433.814830051,0.0006627146284280408,775.8779750236092,218.193967618452,0.0
2024-11-09,2218207.8224736582,0.0011826717624048735,782.2478751657762,991.7597684415341,0.0
2024-11-10,2218647.6126227463,0.00029319343272520487,1299.6107527350957,-859.8206036472884,0.0
2024-11-11,2218766.444566411,7.92212957766936e-05,1559.2530580225489,-1440.4211143575085,0.0
2024-11-12,2221346.5425136834,0.0017200652981813752,3981.653261147496,-1401.555313875433,0.0
2024-11-13,2224774.559711459,0.002285344798517189,1348.3559439105134,2079.66125386527,0.0
2024-11-14,2225082.553792948,0.00020532938765915917,924.732968085723,-616.7388865969842,0.0
2024-11-15,2225360.359307186,0.0001852036761589474,922.8414310114996,-645.0359167730785,0.0
2024-11-16,2226886.1829152964,0.0010172157387401122,1031.8188282983942,494.0047798117739,0.0
2024-11-17,2227576.2742411997,0.00046006088393564976,1123.0699803966359,-432.97865449316123,0.0
2024-11-18,2230035.1645203177,0.001639260186078477,2077.0508357851745,381.8394433325411,0.0
2024-11-19,2232211.886933066,0.0014511482751657062,2153.1983756140967,23.52403713446256,0.0
2024-11-20,2233777.7958302656,0.0010439392647998806,944.3970175612051,621.5118796386159,0.0
2024-11-21,2235548.794442688,0.0011806657416149073,964.362788382535,806.6358240398258,0.0
2024-11-22,2234910.2375230417,-0.00042570461309790177,1006.0801112789237,-1644.6370309257763,0.0
2024-11-23,2236609.9838725543,0.001133164233008601,1011.7534953650829,687.9928541478184,0.0
2024-11-24,2237447.064309624,0.0005580536247129325,1645.0799734076102,-807.9995363382113,0.0
2024-11-25,2239079.101120992,0.001088024540912268,1879.2096653109095,-247.17285394250757,0.0
2024-11-26,2241502.446841833,0.0016155638138939943,2203.106184776198,220.23953606479336,0.0
2024-11-27,2243241.9460866777,0.0011596661632297448,1819.6173423292892,-80.11809748467203,0.0
2024-11-28,2244910.901401917,0.0011126368768260932,1183.1328092132405,485.8225060258992,0.0
2024-11-29,2246398.357598728,0.000991637464540811,1771.1083547152057,-283.65215790398906,0.0
2024-11-30,2247463.3777463497,0.000710013431747719,1262.417502701855,-197.3973550802766,0.0
2024-12-01,2248583.969136007,0.0007470609264380652,1495.9531995758857,-375.3618099187879,0.0
2024-12-02,2250265.0054499605,0.0011206908759690039,2111.287543851873,-430.25122989836746,0.0
2024-12-03,2252905.7114179744,0.0017604706453426776,1623.3765939921657,1017.3293740218505,0.0
2024-12-04,2254930.5215116953,0.0013498733958141908,2489.1541310595703,-464.344037338284,0.0
2024-12-05,2259236.541167563,0.0028706797705782363,4949.35093226782,-643.3312764004659,0.0
2024-12-06,2261285.7075692373,0.0013661109344496397,1145.3660764292558,903.8003252452036,0.0
2024-12-07,2263080.0321020805,0.001196216355228815,1988.3126071792635,-193.98807433604088,0.0
2024-12-08,2264632.463563742,0.0010349543077742204,1741.6465429552327,-189.21508129390213,0.0
2024-12-09,2265996.884397174,0.000909613888954999,2158.44231872002,-794.0214852875215,0.0
2024-12-10,2267602.135030448,0.0010701670888490365,995.6712362392908,609.5793970342638,0.0
2024-12-11,2270748.9246812356,0.0020978597671917412,988.0330836603404,2158.7565671272714,0.0
2024-12-12,2272430.879358257,0.0011213031180145154,1034.1913356539171,647.7633413678559,0.0
2024-12-13,2273872.4831521045,0.0009610691958982625,1022.6031904049205,419.0006034424732,0.0
2024-12-14,2275831.6939462293,0.0013061405294163024,924.4940883071899,1034.7167058172636,0.0
2024-12-15,2276351.382854134,0.0003464592719364815,974.486959160226,-454.79805125550376,0.0
2024-12-16,2276179.9853048953,-0.0001142650328255689,1039.2380429705745,-1210.6355922089278,0.0
2024-12-17,2278276.8438201533,0.0013979056768386384,1007.252389462595,1089.6061257953625,0.0
2024-12-18,2280139.0029385816,0.00124143941228551,1054.5005101647707,807.6586082634942,0.0
2024-12-19,2279925.048752496,-0.00014263612405694508,1024.6375082248899,-1238.5916943103075,0.0
2024-12-20,2281083.5322362357,0.0007723223224929592,996.5426483974676,161.94083534197125,0.0
2024-12-21,2282246.504033643,0.0007753145316047065,706.8100338541578,456.1617635529019,0.0
2024-12-22,2282866.231805746,0.0004131518480688258,982.4752432692275,-362.7474711659888,0.0
2024-12-23,2283894.3483777144,0.0006854110479788417,940.157128771943,87.95944319631963,0.0
2024-12-24,2284441.47997936,0.0003647544010972538,970.2233419815423,-423.0917403356616,0.0
2024-12-25,2286002.864761013,0.0010409231877685592,1008.7403730434992,552.6444086093397,0.0
2024-12-26,2287333.661596518,0.0008871978903367857,876.3397123248909,454.45712318028745,0.0
2024-12-27,2287995.5826580324,0.00044128070767615547,979.3250987839095,-317.40403726967634,0.0
2024-12-28,2288709.224904066,0.00047576149735594164,733.0751462751903,-19.43290024127782,0.0
2024-12-29,2289645.240603224,0.0006240104661052597,909.7642374291297,26.25146172875975,0.0
2024-12-30,2290155.193802357,0.00033996879942210627,598.9354265521604,-88.98222741900099,0.0
2024-12-31,2290915.0471350993,0.0005065688884947412,948.7274859622866,-188.87415322017478,0.0
2025-01-01,2291682.6344212093,0.0005117248574067671,956.8023674045488,-189.21508129439826,0.0
2025-01-02,2292093.5983271543,0.00027397593729668247,967.3585233723243,-556.3946174273005,0.0
2025-01-03,2293143.1986432625,0.0006997335440719574,834.4747011594965,215.12561494843976,0.0
2025-01-04,2294146.68668279,0.0006689920263517694,618.9211715993277,384.56686792832625,0.0
2025-01-05,2295736.865575933,0.0010601192620951964,947.8704009655083,642.3084921772862,0.0
2025-01-06,2295927.855528783,0.0001273266352332305,1005.808050675549,-814.8180978257033,0.0
2025-01-07,2297955.1742150504,0.0013515457908452335,946.9176184810292,1080.401067786821,0.0
2025-01-08,2298240.73761574,0.00019037560045964954,991.2845147059325,-705.7211140164582,0.0
2025-01-09,2299281.8706083726,0.0006940886617548433,624.8598137850857,416.2731788471792,0.0
2025-01-10,2299624.1916821594,0.00022821404919148196,346.4122106799129,-4.091136892689974,0.0
2025-01-11,2300159.305886518,0.00035674280290595863,398.4020465230451,136.71215783589287,0.0
2025-01-12,2300198.4323736983,2.608432478651764e-05,479.26463123514833,-440.13814405537187,0.0
2025-01-13,2300880.0671532713,0.0004544231863820087,423.2112991746131,258.4234803984,0.0
2025-01-14,2302019.0878572874,0.000759347136010837,950.1465507965785,188.87415321967688,0.0
2025-01-15,2302502.6583483266,0.0003223803273592577,645.8522544550776,-162.2817634161911,0.0
2025-01-16,2302651.074989707,9.89444275873066e-05,441.6147853687308,-293.1981439877709,0.0
2025-01-17,2303672.2942920323,0.0006808128682165907,593.3545689475891,427.86473337729694,0.0
2025-01-18,2304107.204548921,0.00028994017125924667,947.325152718731,-512.414895829861,0.0
2025-01-19,2305076.0297448696,0.0006458834639655535,1069.058049823229,-100.23285387489886,0.0
2025-01-20,2305707.8870869265,0.0004212382280380122,1036.19803829986,-404.34069624284166,0.0
2025-01-21,2306488.759317312,0.0005205814869236095,1045.7733441975747,-264.9011138121605,0.0
2025-01-22,2308123.6669428507,0.00108993841702573,1085.331569598762,549.5760559398332,0.0
2025-01-23,2309542.2488262737,0.000945721255615284,963.7838321679276,454.7980512549984,0.0
2025-01-24,2310315.26099536,0.0005153414460577124,616.5261829351862,156.48598615138235,0.0
2025-01-25,2311651.554163502,0.0008908621120946278,785.353399905222,550.9397682367198,0.0
2025-01-26,2312006.679100686,0.00023674995812280038,956.8629885073148,-601.7380513231142,0.0
2025-01-27,2312974.031364619,0.000644901509288458,450.84623121060156,516.5060327220854,0.0
2025-01-28,2313845.3841571948,0.0005809018617173944,819.5317252665205,51.821067309570935,0.0
2025-01-29,2314684.8260358796,0.0005596279191229547,1034.1118091689198,-194.66993048448785,0.0
2025-01-30,2314937.8212018255,0.00016866344396420345,957.6934957401038,-704.6983297937986,0.0
2025-01-31,2316066.554688975,0.0007524889914327932,757.4628141226045,371.2706730265854,0.0
2025-02-01,2316871.74205043,0.0005367915743032656,678.3621177770127,126.82524367788574,0.0
2025-02-02,2316554.452508671,-0.0002115263611723188,286.1531499367579,-603.4426916952361,0.0
2025-02-03,2317519.099802384,0.0006430981958086021,827.2532797280759,137.39401398482732,0.0
2025-02-04,2317946.80371317,0.0002851359405237907,467.9334235656304,-40.22951277994434,0.0
2025-02-05,2318765.6230553836,0.000545879561475816,197.30746257462064,621.5118796391034,0.0
2025-02-06,2319232.0260164123,0.000310935307352472,258.4368356419846,207.96612538672343,0.0
2025-02-07,2319216.587288006,-1.0292485604298918e-05,662.6672115833723,-678.1059399898206,0.0
2025-02-08,2319571.308144451,0.00023648057096354425,-86.78099990794942,441.5018563532658,0.0
2025-02-09,2319440.961981085,-8.689744224400935e-05,536.1682220941848,-666.5143854601988,0.0
2025-02-10,2320265.1791474954,0.000549478110940136,606.023198791751,218.19396761845303,0.0
2025-02-11,2320984.5286807315,0.0004795663554906032,294.2122244534071,425.1373087824977,0.0
2025-02-12,2321184.6791083575,0.000133433618417445,364.13683141447643,-163.98640378830896,0.0
2025-02-13,2321917.202224508,0.0004883487441001839,497.62367288633124,234.8994432639447,0.0
2025-02-14,2322256.7160275946,0.00022634253539121566,549.866424994119,-210.35262190729554,0.0
2025-02-15,2322756.0372849377,0.0003328808382286107,235.44292775393174,263.87832958898434,0.0
2025-02-16,2322196.5581541676,-0.0003729860871799865,245.11112482399588,-804.5902555939756,0.0
2025-02-17,2323339.3153809905,0.0007618381512151703,479.6521221067992,663.1051047159563,0.0
2025-02-18,2323817.3894553874,0.000318716049598071,962.5328681256116,-484.45879372850504,0.0
2025-02-19,2325028.9251018045,0.0008076904309448206,774.12492695616,437.41071946107104,0.0
2025-02-20,2325346.722442736,0.00021186489395422917,429.28082126163844,-111.4834803302947,0.0
2025-02-21,2325619.860540289,0.00018209206503522524,77.44538284518116,195.6927147076567,0.0
2025-02-22,2326296.148771793,0.00045085882100283066,615.6030342598623,60.685197244383744,0.0
2025-02-23,2326369.2689145054,4.874676180802343e-05,287.22297343829376,-214.10283072625862,0.0
2025-02-24,2326288.31823057,-5.396712262355677e-05,195.54198440594988,-276.492668341285,0.0
2025-02-25,2326765.5787149603,0.00031817365626037736,518.8537094679136,-41.5932250773476,0.0
2025-02-26,2327454.8558678697,0.0004595181019395105,590.067083258045,99.21006965122069,0.0
2025-02-27,2327981.911592768,0.00035137048326547467,520.2371634102353,6.8185614879766945,0.0
2025-02-28,2328480.399977145,0.0003323255895844016,536.6723287092123,-38.183944332609826,0.0
2025-03-01,2328620.040295298,9.309354543562993e-05,-200.60590010125568,340.2462182547006,0.0
2025-03-02,2328643.4934384166,1.563542874558605e-05,-197.80917717009245,221.26232028847153,0.0
2025-03-03,2328359.2790867086,-0.0001894762344719398,17.506994139446427,-301.72134584735613,0.0
2025-03-04,2327658.591872193,-0.0004671248096769878,-14.399000739813918,-686.2882137756678,0.0
2025-03-05,2328291.6946625873,0.00042206852692936516,352.85991323380506,280.24287716024264,0.0
2025-03-06,2328939.697652833,0.00043200199349719114,517.7684658236652,130.23452442212147,0.0
2025-03-07,2327339.697652833,-0.0010666666666666667,0.0,0.0,1600.0
2025-03-08,2327339.697652833,0.0,0.0,0.0,0.0
2025-03-09,2327339.697652833,0.0,0.0,0.0,0.0
2025-03-10,2327339.697652833,0.0,0.0,0.0,0.0
2025-03-11,2327339.697652833,0.0,0.0,0.0,0.0
2025-03-12,2327339.697652833,0.0,0.0,0.0,0.0
2025-03-13,2327339.697652833,0.0,0.0,0.0,0.0
2025-03-14,2327339.697652833,0.0,0.0,0.0,0.0
2025-03-15,2327339.697652833,0.0,0.0,0.0,0.0
2025-03-16,2327339.697652833,0.0,0.0,0.0,0.0
2025-03-17,2327339.697652833,0.0,0.0,0.0,0.0
2025-03-18,2327339.697652833,0.0,0.0,0.0,0.0
2025-03-19,2327339.697652833,0.0,0.0,0.0,0.0
2025-03-20,2327339.697652833,0.0,0.0,0.0,0.0
2025-03-21,2327339.697652833,0.0,0.0,0.0,0.0
2025-03-22,2327339.697652833,0.0,0.0,0.0,0.0
2025-03-23,2327339.697652833,0.0,0.0,0.0,0.0
2025-03-24,2327339.697652833,0.0,0.0,0.0,0.0
2025-03-25,2327339.697652833,0.0,0.0,0.0,0.0
2025-03-26,2327339.697652833,0.0,0.0,0.0,0.0
2025-03-27,2327339.697652833,0.0,0.0,0.0,0.0
2025-03-28,2327339.697652833,0.0,0.0,0.0,0.0
2025-03-29,2327339.697652833,0.0,0.0,0.0,0.0
2025-03-30,2327339.697652833,0.0,0.0,0.0,0.0
2025-03-31,2327339.697652833,0.0,0.0,0.0,0.0
2025-04-01,2327339.697652833,0.0,0.0,0.0,0.0
2025-04-02,2327339.697652833,0.0,0.0,0.0,0.0
2025-04-03,2327339.697652833,0.0,0.0,0.0,0.0
2025-04-04,2327339.697652833,0.0,0.0,0.0,0.0
2025-04-05,2327339.697652833,0.0,0.0,0.0,0.0
2025-04-06,2327339.697652833,0.0,0.0,0.0,0.0
2025-04-07,2327339.697652833,0.0,0.0,0.0,0.0
2025-04-08,2327339.697652833,0.0,0.0,0.0,0.0
2025-04-09,2327339.697652833,0.0,0.0,0.0,0.0
2025-04-10,2327339.697652833,0.0,0.0,0.0,0.0
2025-04-11,2327339.697652833,0.0,0.0,0.0,0.0
2025-04-12,2327339.697652833,0.0,0.0,0.0,0.0
2025-04-13,2327339.697652833,0.0,0.0,0.0,0.0
2025-04-14,2327339.697652833,0.0,0.0,0.0,0.0
2025-04-15,2327339.697652833,0.0,0.0,0.0,0.0
2025-04-16,2327339.697652833,0.0,0.0,0.0,0.0
2025-04-17,2327339.697652833,0.0,0.0,0.0,0.0
2025-04-18,2327339.697652833,0.0,0.0,0.0,0.0
2025-04-19,2327339.697652833,0.0,0.0,0.0,0.0
2025-04-20,2327339.697652833,0.0,0.0,0.0,0.0
2025-04-21,2327339.697652833,0.0,0.0,0.0,0.0
2025-04-22,2327339.697652833,0.0,0.0,0.0,0.0
2025-04-23,2327339.697652833,0.0,0.0,0.0,0.0
2025-04-24,2327339.697652833,0.0,0.0,0.0,0.0
2025-04-25,2327339.697652833,0.0,0.0,0.0,0.0
2025-04-26,2327339.697652833,0.0,0.0,0.0,0.0
2025-04-27,2327339.697652833,0.0,0.0,0.0,0.0
2025-04-28,2327339.697652833,0.0,0.0,0.0,0.0
2025-04-29,2327339.697652833,0.0,0.0,0.0,0.0
2025-04-30,2327339.697652833,0.0,0.0,0.0,0.0
2025-05-01,2327339.697652833,0.0,0.0,0.0,0.0
2025-05-02,2327339.697652833,0.0,0.0,0.0,0.0
2025-05-03,2327339.697652833,0.0,0.0,0.0,0.0
2025-05-04,2327339.697652833,0.0,0.0,0.0,0.0
2025-05-05,2327339.697652833,0.0,0.0,0.0,0.0
2025-05-06,2327339.697652833,0.0,0.0,0.0,0.0
2025-05-07,2327339.697652833,0.0,0.0,0.0,0.0
2025-05-08,2327339.697652833,0.0,0.0,0.0,0.0
2025-05-09,2327339.697652833,0.0,0.0,0.0,0.0
2025-05-10,2327339.697652833,0.0,0.0,0.0,0.0
2025-05-11,2326283.3584430357,-0.0007042261398649483,862.7694678453687,-319.108677642791,1600.0
2025-05-12,2327715.5079906243,0.0009547663650591224,594.489268777466,837.6602788112177,0.0
2025-05-13,2328788.8604890816,0.0007155683323048939,844.2488324577164,229.10366599962435,0.0
2025-05-14,2328488.1770360256,-0.00020045563537067102,732.3286123886444,-1033.012065444651,0.0
2025-05-15,2329787.1221531853,0.000865963411439836,344.00558075392837,954.9395364058255,0.0
2025-05-16,2330373.901835032,0.0003911864545642505,594.2800994828121,-7.500417636436396,0.0
2025-05-17,2330686.8259572606,0.00020861608148607818,238.26087393502593,74.66324829409132,0.0
2025-05-18,2331327.510021771,0.0004271227096735399,795.8063383642954,-155.12227385398546,0.0
2025-05-19,2331827.515834595,0.0003333372085493381,512.961079651026,-12.955266827018932,0.0
2025-05-20,2332275.412873123,0.00029859802568533495,602.6783843077626,-154.78134577976016,0.0
2025-05-21,2333306.149039114,0.0006871574439941325,765.8350521790419,264.90111381215684,0.0
2025-05-22,2333895.0300108953,0.00039258731452090993,1121.0696959262507,-532.1887241448858,0.0
2025-05-23,2334827.9629365695,0.0006219552837827616,959.1843874033896,-26.25146172924724,0.0
2025-05-24,2335857.255235209,0.000686194865759614,583.3583773187371,445.933921320684,0.0
2025-05-25,2337090.9641719563,0.0008224726244983435,681.4054562129029,552.3034805346124,0.0
2025-05-26,2337596.9437189996,0.00033731969802870557,1007.1438164170506,-501.1642693739923,0.0
2025-05-27,2338238.043698067,0.00042739998604465214,648.6003967039076,-7.500417636929342,0.0
2025-05-28,2338672.431151368,0.00028959163553436956,400.63557393536684,33.751879366187495,0.0
2025-05-29,2339531.4795558928,0.0005726989363496806,528.0072442783746,331.0411602461463,0.0
2025-05-30,2339729.251806973,0.00013184816738688414,498.8117407787479,-301.0394896984217,0.0
2025-05-31,2339977.597683789,0.00016556391787727262,735.1911670649843,-486.84529024907533,0.0
2025-06-01,2340586.0441093286,0.0004056309503595496,209.2196504123525,399.2267751269719,0.0
2025-06-02,2341346.1035397053,0.00050670628691805,339.0132584882567,421.0461718888182,0.0
2025-06-03,2341359.733908488,9.086912521622708e-06,560.1380720517393,-546.5077032693052,0.0
2025-06-04,2341596.7422701577,0.00015800557444636143,127.91137786081272,109.09698380872942,0.0
2025-06-05,2342167.35468669,0.00038040827768840184,289.0058270744621,281.60658945814066,0.0
2025-06-06,2341665.344578446,-0.0003346734054962674,-329.15957452176315,-172.85053372263792,0.0
2025-06-07,2341404.2626993177,-0.00017405458608531102,-204.48781877627275,-56.59406035169377,0.0
2025-06-08,2341524.083794754,7.988073029082536e-05,245.28262681672052,-125.46153138048248,0.0
2025-06-09,2342139.667395602,0.00041038906723216573,177.1500971645012,438.4335036837474,0.0
2025-06-10,2342295.0913539818,0.00010361597225321483,922.1711977144183,-766.7472393345961,0.0
2025-06-11,2343265.068465162,0.0006466514074533959,834.6286656416096,135.34844553848444,0.0
2025-06-12,2343852.381723548,0.00039154217225717314,381.392701445876,205.92055693988368,0.0
2025-06-13,2344506.833524296,0.00043630120049893836,64.30530395442472,590.1464967939828,0.0
2025-06-14,2343972.256858879,-0.00035638444361146175,251.2625460849525,-785.8392115021452,0.0
2025-06-15,2344687.6583141647,0.0004769343035239026,185.59922766154023,529.8022276243137,0.0
2025-06-16,2345157.320769904,0.0003131083038261275,316.58575033155256,153.07670540763866,0.0
2025-06-17,2345007.578505868,-9.982817602375436e-05,357.89963875261236,-507.6419027882439,0.0
2025-06-18,2345272.284124704,0.00017647041255717697,307.6625562105163,-42.95693737475085,0.0
2025-06-19,2345779.019196179,0.00033782338098354246,137.85089497028812,368.8841765050256,0.0
2025-06-20,2346186.9063529754,0.00027192477119748727,493.11917539726653,-85.23201860103563,0.0
2025-06-21,2346670.1157936146,0.0003221396270928584,469.91324573754684,13.296194901740819,0.0
2025-06-22,2346865.1998952525,0.00013005606775856707,592.6062363927083,-397.5221347548577,0.0
2025-06-23,2347546.313464974,0.00045407571314759834,35.05486872564495,646.0587009957526,0.0
2025-06-24,2347097.4464746527,-0.0002992446602139576,104.45927443687206,-553.3262647578085,0.0
2025-06-25,2347292.7057577837,0.00013017285542043844,19.340396738000194,175.91888639265744,0.0
2025-06-26,2347884.38380672,0.0003944520326242028,169.26816475008272,422.40988418622146,0.0
2025-06-27,2347186.8739779,-0.0004650065525465831,230.83731778246744,-928.347146602342,0.0
2025-06-28,2347653.93891297,0.0003113766233801917,340.23969139190706,126.8252436783805,0.0
2025-06-29,2348905.9193126746,0.0008346535998027954,607.2854110058402,644.694988698353,0.0
2025-06-30,2348938.343504521,2.161612789781581e-05,331.0771850250753,-298.6529931783516,0.0
2025-07-01,2349587.3475175174,0.00043266934199749527,237.16289911597352,411.8411138802694,0.0
2025-07-02,2349378.9238618826,-0.00013894910375649352,336.37940726244983,-544.8030628971901,0.0
2025-07-03,2350095.0626468826,0.00047742585666670086,499.3085296794936,216.83025532055763,0.0
2025-07-04,2350206.370489115,7.420522815478792e-05,449.50849204103406,-338.2006498088522,0.0
2025-07-05,2350821.7737039984,0.0004102688099223424,299.02196183651137,316.38125304700225,0.0
2025-07-06,2350848.4284344097,1.776982027417633e-05,170.8673058840776,-144.2125754728131,0.0
2025-07-07,2351677.5617816756,0.0005527555648439889,374.6762240852048,454.4571231807786,0.0
2025-07-08,2352052.064256575,0.00024966831659956523,340.7505955331604,33.751879366187495,0.0
2025-07-09,2352135.426596433,5.5574893238375166e-05,398.7208086813925,-315.35846882382975,0.0
2025-07-10,2352378.4821008183,0.00016203700292377805,774.5623723820986,-531.5068679964315,0.0
2025-07-11,2353449.1244434034,0.0007137615617233267,1186.2169598079893,-115.57461722299922,0.0
2025-07-12,2354543.503562241,0.0007295860792250009,1201.771462274604,-107.39234343710268,0.0
2025-07-13,2355844.3766790396,0.0008672487445324186,1200.640262923731,100.23285387489705,0.0
2025-07-14,2357587.931724706,0.0011623700304445475,1138.407713599962,605.1473320668592,0.0
2025-07-15,2358006.078303323,0.0002787643857443633,1225.4642588053198,-807.3176801887748,0.0
2025-07-16,2359033.3484581383,0.0006848467698769012,1204.211825431189,-176.9416706158372,0.0
2025-07-17,2360936.9957066784,0.0012690981656935296,1212.926969797182,690.7202787431124,0.0
2025-07-18,2360837.2043546597,-6.652756801248325e-05,1218.9184397767604,-1318.7097917954852,0.0
2025-07-19,2362973.082943354,0.0014239190591294046,1205.8268017196413,930.0517869744654,0.0
2025-07-20,2364088.404932874,0.0007435479930131416,1204.9860730881608,-89.6640835684484,0.0
2025-07-21,2366081.6351241004,0.0013288201274844376,1198.8677778649042,794.3624133617523,0.0
2025-07-22,2367320.876627321,0.000826161002146909,1200.0347746635894,39.206728556774124,0.0
2025-07-23,2365499.233490373,-0.0012144287579651054,1227.2766324488525,-3048.9197693965107,0.0
2025-07-24,2369504.5935615594,0.0026702400474574108,1214.1819260390635,2791.1781451470524,0.0
2025-07-25,2370850.1793953157,0.000897057222504342,1209.8964601438036,135.68937361270946,0.0
2025-07-26,2371518.5695670415,0.00044559344781702157,1202.6244643167631,-534.2342925912308,0.0
2025-07-27,2372716.82231066,0.0007988351624124259,1205.75316125557,-7.500417636931161,0.0
2025-07-28,2372621.261876045,-6.370695641017907e-05,1221.444716808095,-1317.0051514233637,0.0
2025-07-29,2374809.0808568746,0.0014585459872199524,1207.3098388432993,980.5091419866294,0.0
2025-07-30,2377134.180663568,0.001550066537795564,1205.8329384249807,1119.2668682683652,0.0
2025-07-31,2378695.634872973,0.001040969472936416,1031.6519817808037,529.8022276238203,0.0
2025-08-01,2378842.775911713,9.809402582680554e-05,229.64563274545972,-82.50459400525142,0.0
2025-08-02,2378768.936180909,-4.922648720232788e-05,391.52709075846275,-465.36682156195457,0.0
2025-08-03,2378915.8865779205,9.79669313406655e-05,677.7754088579933,-530.825011846995,0.0
2025-08-04,2380147.813567185,0.0008212846595094645,537.7974297773399,694.129559486857,0.0
2025-08-05,2380780.7646049354,0.00042196735850040675,802.733218804229,-169.78218105361884,0.0
2025-08-06,2381911.068118199,0.0007535356755092316,884.1534435440157,246.15006971983166,0.0
2025-08-07,2382340.80017328,0.0002864880367204528,732.4761851512187,-302.74413007053954,0.0
2025-08-08,2382854.3632771913,0.000342375402607776,484.5842175871156,28.97888632454851,0.0
2025-08-09,2383581.550060978,0.00048479118919117703,917.4246493043363,-190.23786551757075,0.0
2025-08-10,2384548.4504666477,0.00064460027044656,1184.7534452145633,-217.8530395447233,0.0
2025-08-11,2385727.945347613,0.000786329920643468,1219.7243937446517,-40.22951277944958,0.0
2025-08-12,2386979.3851195322,0.0008342931812793182,1073.1343890057515,178.3053829132259,0.0
2025-08-13,2388396.266599535,0.0009445876533353625,1110.3871411135392,306.49433888950443,0.0
2025-08-14,2387248.9471465205,-0.0007648796353431992,1261.3373926502725,-2408.656845665071,0.0
2025-08-15,2390197.676429923,0.001965819522268643,550.3002799701347,2398.4290034328296,0.0
2025-08-16,2391585.5240327213,0.0009252317351986265,1045.2148880221741,342.63271477576563,0.0
2025-08-17,2391763.618002863,0.00011872931342797052,589.935084021724,-411.8411138797683,0.0
2025-08-18,2392070.6101287883,0.00020466141728346237,298.46892406509,8.52320186010354,0.0
2025-08-19,2392465.6426422806,0.00026335500899473866,656.183418485802,-261.150904993694,0.0
2025-08-20,2393066.8187474157,0.00040078407009013075,417.07494495716236,184.10116017803375,0.0
2025-08-21,2393766.196293552,0.0004662516974241632,635.2830681481129,64.09447798813198,0.0
2025-08-22,2394213.4809509707,0.00029818977161243885,888.1046576229814,-440.82000020432315,0.0
2025-08-23,2395421.4374016705,0.0008053043004666672,1184.091485491806,23.864965208194917,0.0
2025-08-24,2397367.220632782,0.0012971888207409697,1180.0587760000274,765.7244551114272,0.0
2025-08-25,2398000.841968334,0.00042241422370126825,1096.2607325180609,-462.63939696615853,0.0
2025-08-26,2398708.813497498,0.0004719810194429189,691.2660535188893,16.70547564548906,0.0
2025-08-27,2399302.225986376,0.0003956083259184,411.3568971454093,182.0555917321908,0.0
2025-08-28,2400628.813821312,0.0008843918899574955,853.0387395889089,473.5490953473345,0.0
2025-08-29,2400785.535407616,0.00010448105753594727,412.7585701817488,-256.0369838778279,0.0
2025-08-30,2401157.3440738716,0.0002478724441703864,869.5636548853289,-497.7549886297493,0.0
2025-08-31,2402112.993383663,0.000637099539860782,501.1921866103908,454.4571231807822,0.0
2025-09-01,2402142.4405119233,1.963141884047309e-05,723.9176158217902,-694.4704875610805,0.0
2025-09-02,2403359.832243497,0.0008115944877156219,822.9379494880965,394.45378208533657,0.0
2025-09-03,2403760.070184087,0.000266825293726626,312.2784973936049,87.95944319633418,0.0
2025-09-04,2404090.4970600605,0.00022028458398259704,538.0520732858989,-207.62519731200337,0.0
2025-09-05,2405231.4817346614,0.0007606564497339374,958.588154794983,182.39651980592316,0.0
2025-09-06,2405476.196085211,0.000163142900366083,455.06697245642096,-210.35262190729645,0.0
2025-09-07,2406205.8492454435,0.00048643544015523026,471.2296798344454,258.4234803984,0.0
2025-09-08,2407401.0863007456,0.0007968247035347891,886.0152918173853,309.22176348479843,0.0
2025-09-09,2407992.184071178,0.00039406518028828856,908.8427357773331,-317.74496534490027,0.0
2025-09-10,2408577.780684024,0.00039039774189725577,791.8580978599945,-206.2614850141108,0.0
2025-09-11,2409670.1618803404,0.0007282541308774363,522.349455912886,570.0317404032685,0.0
2025-09-12,2410075.0862086266,0.00026994955219109316,660.9613121639728,-256.0369838773331,0.0
2025-09-13,2410067.129351575,-5.30457136801969e-06,151.5974817688712,-159.55433882090074,0.0
2025-09-14,2410858.3295301865,0.0005274667857411877,635.0551205351206,156.14505807666092,0.0
2025-09-15,2411830.684542,0.0006482366745420676,889.8504178073551,82.50459400574618,0.0
2025-09-16,2412099.078542348,0.0001789293335654292,568.4107058233925,-300.0167054752487,0.0
2025-09-17,2412706.027463413,0.000404632614043218,864.3496172400509,-257.40069617522386,0.0
2025-09-18,2413537.281635588,0.0005541694481169183,717.3841953245126,113.86997685086499,0.0
2025-09-19,2414211.8883335292,0.00044973779862726503,284.9259088972,389.6807890436976,0.0
2025-09-20,2414536.046698165,0.00021610557642415346,107.32810931517778,216.8302553210524,0.0
2025-09-21,2414501.155905951,-2.326052814279304e-05,38.749671856728355,-73.64046407091791,0.0
2025-09-22,2414604.022749468,6.857789567816387e-05,520.1628065880941,-417.2959630708483,0.0
2025-09-23,2415362.537062686,0.0005056762088118269,830.1092088423105,-71.5948956245702,0.0
2025-09-24,2416197.1855177702,0.0005564323033895013,646.7970860877481,187.85136899650388,0.0
2025-09-25,2416669.2756704036,0.0003147267684222784,427.4285748865562,44.66157774686144,0.0
2025-09-26,2417465.641267147,0.0005309103978289436,565.2163622974462,231.14923444596934,0.0
2025-09-27,2417717.3608694887,0.0001678130682278226,419.79714302273646,-168.07754068100257,0.0
2025-09-28,2418349.400825305,0.0004213599705438673,506.2374963605928,125.80245945520812,0.0
2025-09-29,2417998.249226727,-0.00023410106571841637,139.44390048991363,-490.5954990675382,0.0
2025-09-30,2418781.839810634,0.0005223937226046854,421.86589696471736,361.72468694231065,0.0
2025-10-01,2419618.265256278,0.0005576169637629795,653.3470696891078,183.07837595536148,0.0
2025-10-02,2420134.658954564,0.00034426246552364607,1104.4946266326194,-588.1009283471503,0.0
2025-10-03,2421536.3927046703,0.0009344891667376413,1229.2241444580438,172.50960564841807,0.0
2025-10-04,2422768.9273928064,0.0008216897920906407,1179.3499085289977,53.184779606963275,0.0
2025-10-05,2423883.690957414,0.0007431757097385548,1176.812474149129,-62.04890954129678,0.0
2025-10-06,2425127.347865708,0.0008291046055292101,976.7102260353133,266.9466822585018,0.0
2025-10-07,2425305.666387034,0.00011887901421733416,1053.8218163965948,-875.5032950705936,0.0
2025-10-08,2426607.206710575,0.000867693549027457,741.73642536914,559.8038981720456,0.0
2025-10-09,2427708.152640269,0.000733963953129207,342.38096414459443,758.5649655492161,0.0
2025-10-10,2428434.399756461,0.0004841647441279942,235.3106890497312,490.9364271422601,0.0
2025-10-11,2428419.0368231838,-1.0241955518059513e-05,786.4998977215778,-801.862830998667,0.0
2025-10-12,2428198.462868895,-0.00014704930285928985,-418.65316551717086,198.0792112282361,0.0
2025-10-13,2428018.682393846,-0.00011985365003258401,-146.02859568316873,-33.75187936570728,0.0
2025-10-14,2427360.0156189916,-0.0004391111832362864,-307.1699301438375,-351.4968447105921,0.0
2025-10-15,2425760.0156189916,-0.0010666666666666667,0.0,0.0,1600.0
2025-10-16,2425760.0156189916,0.0,0.0,0.0,0.0
2025-10-17,2425760.0156189916,0.0,0.0,0.0,0.0
2025-10-18,2425760.0156189916,0.0,0.0,0.0,0.0
2025-10-19,2425760.0156189916,0.0,0.0,0.0,0.0
2025-10-20,2425760.0156189916,0.0,0.0,0.0,0.0
2025-10-21,2425760.0156189916,0.0,0.0,0.0,0.0
2025-10-22,2425760.0156189916,0.0,0.0,0.0,0.0
2025-10-23,2425760.0156189916,0.0,0.0,0.0,0.0
2025-10-24,2425760.0156189916,0.0,0.0,0.0,0.0
2025-10-25,2425760.0156189916,0.0,0.0,0.0,0.0
2025-10-26,2425760.0156189916,0.0,0.0,0.0,0.0
2025-10-27,2425760.0156189916,0.0,0.0,0.0,0.0
2025-10-28,2424199.8292743196,-0.0010401242297812532,655.5297577024176,-615.7161023742974,1600.0
2025-10-29,2425261.7322415872,0.0007079353115117791,329.2485353729924,732.6544318946762,0.0
2025-10-30,2424568.8856779034,-0.00046189770912255805,304.0271258740543,-996.8736895578913,0.0
2025-10-31,2426118.517014239,0.0010330875575570086,746.0638649652084,803.5674713703047,0.0
2025-11-01,2426942.483074986,0.0005493107071645597,1112.3912116924694,-288.42515094562987,0.0
2025-11-02,2427766.9800835126,0.0005496646723511946,824.8379366010154,-0.34092807422348415,0.0
2025-11-03,2428284.7975888057,0.00034521167019539164,688.6224705693841,-170.80496527629657,0.0
2025-11-04,2428859.4761679536,0.0003831190527653223,804.4641012965495,-229.7855221485661,0.0
2025-11-05,2429573.526872754,0.0004760338032003037,441.9901014261021,272.0606033743534,0.0
2025-11-06,2430192.450295195,0.00041261561496048403,580.3985500328996,38.52487240782648,0.0
2025-11-07,2430535.8433657633,0.00022892871371211118,606.5895440087005,-263.19647344053374,0.0
2025-11-08,2430822.030352505,0.0001907913244943414,512.9041562200623,-226.7171694785502,0.0
2025-11-09,2431558.975569966,0.0004912968116406581,400.7901360984873,336.1550813624999,0.0
2025-11-10,2432608.842274862,0.0006999111365975077,756.6685609085051,293.19814398775634,0.0
2025-11-11,2432567.7939605126,-2.736554289950639e-05,211.9203168585524,-252.968631207812,0.0
2025-11-12,2433166.926238219,0.0003994215184708041,313.77547943010467,285.3567982761015,0.0
2025-11-13,2433628.3406419526,0.00030760960248912085,619.2641021829626,-157.84969844928128,0.0
2025-11-14,2434168.385908303,0.0003600301775667891,909.6112990041491,-369.5660326539655,0.0
2025-11-15,2435343.4735803436,0.0007833917813607775,787.452451443319,387.63522059784736,0.0
2025-11-16,2435699.1896561254,0.0002371440505208994,808.12763051579,-452.41155473444087,0.0
2025-11-17,2436692.954163194,0.0006625096713793894,860.1207019027197,133.64380516636447,0.0
2025-11-18,2437629.0500952406,0.0006240639546974037,745.5171384543005,190.57879359180515,0.0
2025-11-19,2438106.6944862576,0.0003184295940115389,522.3059687641698,-44.66157774686144,0.0
2025-11-20,2438898.09639,0.00052760126916175,725.6027853823679,65.79911836025713,0.0
2025-11-21,2438890.100540186,-5.330566542889528e-06,337.7052176314363,-345.7010674457706,0.0
2025-11-22,2439272.0276852194,0.00025461809668914494,381.9271450342122,-4.94765117764473e-10,0.0
2025-11-23,2439856.0940150954,0.00038937755325042924,88.69783776596651,495.3684921096774,0.0
2025-11-24,2439048.3346524937,-0.0005385062417341761,145.1346053587075,-952.8939679599716,0.0
2025-11-25,2439898.5738332095,0.0005668261204770441,-189.9323742912958,1040.171555006862,0.0
2025-11-26,2439926.710002849,1.875744642613972e-05,268.1495340195079,-240.0133643802983,0.0
2025-11-27,2440068.165034095,9.430335416402598e-05,136.6820382044,4.772993041638983,0.0
2025-11-28,2440111.6674955958,2.9001641000703575e-05,189.07874927126628,-145.5762877702109,0.0
2025-11-29,2438511.6674955958,-0.0010666666666666667,0.0,0.0,1600.0
2025-11-30,2438511.6674955958,0.0,0.0,0.0,0.0
2025-12-01,2438511.6674955958,0.0,0.0,0.0,0.0
2025-12-02,2438511.6674955958,0.0,0.0,0.0,0.0
2025-12-03,2438511.6674955958,0.0,0.0,0.0,0.0
2025-12-04,2438511.6674955958,0.0,0.0,0.0,0.0
2025-12-05,2438511.6674955958,0.0,0.0,0.0,0.0
2025-12-06,2438511.6674955958,0.0,0.0,0.0,0.0
2025-12-07,2438511.6674955958,0.0,0.0,0.0,0.0
2025-12-08,2438511.6674955958,0.0,0.0,0.0,0.0
2025-12-09,2438511.6674955958,0.0,0.0,0.0,0.0
2025-12-10,2438511.6674955958,0.0,0.0,0.0,0.0
2025-12-11,2438511.6674955958,0.0,0.0,0.0,0.0
2025-12-12,2438511.6674955958,0.0,0.0,0.0,0.0
2025-12-13,2438511.6674955958,0.0,0.0,0.0,0.0
2025-12-14,2438511.6674955958,0.0,0.0,0.0,0.0
2025-12-15,2438511.6674955958,0.0,0.0,0.0,0.0
2025-12-16,2438511.6674955958,0.0,0.0,0.0,0.0
2025-12-17,2438511.6674955958,0.0,0.0,0.0,0.0
2025-12-18,2438511.6674955958,0.0,0.0,0.0,0.0
2025-12-19,2437824.2333106697,-0.00045828945661723113,742.7836340205308,169.78218105362248,1600.0
2025-12-20,2438047.705015344,0.00014898113644955764,552.808224548867,-329.3365198745305,0.0
2025-12-21,2438837.308758871,0.0005264024956846307,678.4611912708776,111.14255225606848,0.0
2025-12-22,2439217.6371329846,0.0002535522494090256,470.3333857567069,-90.00501164316847,0.0
2025-12-23,2439567.9777912144,0.00023356043881991517,291.7010294323206,58.63962879755218,0.0
2025-12-24,2439736.2344228453,0.0001121710877537652,727.0377455790152,-558.7811139483674,0.0
2025-12-25,2441052.8242717804,0.0008777265659568311,664.0535145252408,652.536334410006,0.0
2025-12-26,2441656.1494639786,0.0004022167947986416,588.6652849988238,14.659907199138615,0.0
2025-12-27,2442266.824699338,0.0004071168235729856,310.9994579584545,299.6757774010239,0.0
2025-12-28,2442659.144339352,0.0002615464266761493,520.5085959900041,-128.18895597578012,0.0
2025-12-29,2442885.4223424685,0.0001508520020776663,744.1477481359758,-517.8697450194763,0.0
2025-12-30,2443623.1944680526,0.0004918480837227374,682.5417775307943,55.2303480533119,0.0
2025-12-31,2443744.462072726,8.084506978219104e-05,245.02449568214595,-123.75689100885938,0.0
2026-01-01,2444720.5609013997,0.0006507325524489543,648.4669491710334,327.6318795023981,0.0
2026-01-02,2445134.4584934246,0.0002759317280166608,443.2174064237668,-29.319814398775634,0.0
2026-01-03,2445631.4400882516,0.0003313210632182139,340.4956086759376,156.48598615138326,0.0
2026-01-04,2445851.3691426874,0.00014661936962381917,609.6098434799211,-389.68078904419235,0.0
2026-01-05,2446544.0831112615,0.00046180931238253605,681.4633421179135,11.250626455890597,0.0
2026-01-06,2446842.2519597425,0.00019877923232078634,132.13687624651828,166.03197223466123,0.0
2026-01-07,2447548.0465719537,0.000470529741474056,621.9263059079427,83.86830630314125,0.0
2026-01-08,2448200.5773918172,0.0004350205465759402,782.424416211812,-129.89359634790162,0.0
2026-01-09,2448486.483714124,0.00019060421487104227,144.76209950326782,141.14422280329563,0.0
2026-01-10,2449000.2429846404,0.00034250618034435795,603.4233540844888,-89.66408356795182,0.0
2026-01-11,2449377.777715222,0.00025168982038756765,465.153245703454,-87.61851512210251,0.0
2026-01-12,2450154.3715048768,0.0005177291931030114,290.4303555538888,486.16343410062836,0.0
2026-01-13,2450447.8999468004,0.00019568562794946035,483.0844512933107,-189.55600936912015,0.0
2026-01-14,2450498.427052424,3.3684737082197637e-05,217.92279015536093,-167.39568453206448,0.0
2026-01-15,2450764.6265785336,0.00017746635073976878,96.07641698230923,170.12310912734392,0.0
2026-01-16,2451106.946796182,0.00022821347843242817,559.4914010439218,-217.1711833952795,0.0
2026-01-17,2451627.6801866777,0.00034715559366364535,189.01037410037605,331.7230163950919,0.0
2026-01-18,2452018.272805244,0.0002603950790444122,638.447328658073,-247.85471009145476,0.0
2026-01-19,2452927.6939230105,0.0006062807451776185,252.45271839000125,656.9683993764265,0.0
2026-01-20,2453020.0691999975,6.158351799134258e-05,697.5226090543679,-605.147332067354,0.0
2026-01-21,2453425.478458752,0.00027027283916962355,556.440395715216,-151.0311369607807,0.0
2026-01-22,2454279.2536158687,0.0005691834380776958,636.6039737212641,217.1711833952795,0.0
2026-01-23,2454680.826059061,0.00026771496212850697,471.46269844570895,-69.89025525294846,0.0
2026-01-24,2455128.2468756866,0.0002982805444166512,437.87483054170065,9.545986083276148,0.0
2026-01-25,2455668.154461268,0.00035993839038768656,434.9017386649938,105.00584691653603,0.0
2026-01-26,2455929.507818898,0.00017423557175358625,369.7684852906582,-108.41512766027881,0.0
2026-01-27,2456636.4474367173,0.00047129307854618417,535.7937244687489,171.14589335052733,0.0
2026-01-28,2457325.006732565,0.00045903953056491476,493.8893653623895,194.66993048498261,0.0
2026-01-29,2457371.507000637,3.100017871450988e-05,520.0493634190996,-473.54909534733474,0.0
2026-01-30,2457803.1559536126,0.0002877659686506049,187.54445170242434,244.10450127348304,0.0
2026-01-31,2458496.4588362956,0.0004622019217888137,569.2050636001322,124.09781908308832,0.0
2026-02-01,2458045.6338821338,-0.0003005499694414296,50.33931521186977,-501.1642693740141,0.0
2026-02-02,2457893.449814793,-0.00010145604489371524,-227.87009985783303,75.68603251726017,0.0
2026-02-03,2458205.3011812335,0.00020790091096005529,-11.348448095405324,323.19981453548826,0.0
2026-02-04,2458136.6621767436,-4.5759336326535334e-05,213.99036919101175,-282.62937368081475,0.0
2026-02-05,2457926.3581967484,-0.00014020265332992374,112.55490646638282,-322.8588864612684,0.0
2026-02-06,2456326.3581967484,-0.0010666666666666667,0.0,0.0,1600.0
2026-02-07,2456326.3581967484,0.0,0.0,0.0,0.0
2026-02-08,2456326.3581967484,0.0,0.0,0.0,0.0
2026-02-09,2456326.3581967484,0.0,0.0,0.0,0.0
2026-02-10,2456326.3581967484,0.0,0.0,0.0,0.0
2026-02-11,2456326.3581967484,0.0,0.0,0.0,0.0
2026-02-12,2456326.3581967484,0.0,0.0,0.0,0.0
2026-02-13,2456326.3581967484,0.0,0.0,0.0,0.0
2026-02-14,2456326.3581967484,0.0,0.0,0.0,0.0
2026-02-15,2456326.3581967484,0.0,0.0,0.0,0.0
2026-02-16,2456326.3581967484,0.0,0.0,0.0,0.0
2026-02-17,2456326.3581967484,0.0,0.0,0.0,0.0
2026-02-18,2456326.3581967484,0.0,0.0,0.0,0.0
2026-02-19,2456326.3581967484,0.0,0.0,0.0,0.0
2026-02-20,2456326.3581967484,0.0,0.0,0.0,0.0
2026-02-21,2456326.3581967484,0.0,0.0,0.0,0.0
2026-02-22,2456326.3581967484,0.0,0.0,0.0,0.0
2026-02-23,2456326.3581967484,0.0,0.0,0.0,0.0
2026-02-24,2456326.3581967484,0.0,0.0,0.0,0.0
2026-02-25,2456326.3581967484,0.0,0.0,0.0,0.0
2026-02-26,2456326.3581967484,0.0,0.0,0.0,0.0
2026-02-27,2456326.3581967484,0.0,0.0,0.0,0.0
2026-02-28,2456326.3581967484,0.0,0.0,0.0,0.0
2026-03-01,2456326.3581967484,0.0,0.0,0.0,0.0
2026-03-02,2456326.3581967484,0.0,0.0,0.0,0.0
2026-03-03,2456326.3581967484,0.0,0.0,0.0,0.0
2026-03-04,2456326.3581967484,0.0,0.0,0.0,0.0
2026-03-05,2456326.3581967484,0.0,0.0,0.0,0.0
2026-03-06,2456326.3581967484,0.0,0.0,0.0,0.0
2026-03-07,2456326.3581967484,0.0,0.0,0.0,0.0
2026-03-08,2456326.3581967484,0.0,0.0,0.0,0.0
2026-03-09,2456326.3581967484,0.0,0.0,0.0,0.0
2026-03-10,2456326.3581967484,0.0,0.0,0.0,0.0
2026-03-11,2456326.3581967484,0.0,0.0,0.0,0.0
2026-03-12,2456326.3581967484,0.0,0.0,0.0,0.0
2026-03-13,2456326.3581967484,0.0,0.0,0.0,0.0
2026-03-14,2456326.3581967484,0.0,0.0,0.0,0.0
2026-03-15,2456326.3581967484,0.0,0.0,0.0,0.0
2026-03-16,2456326.3581967484,0.0,0.0,0.0,0.0
2026-03-17,2456326.3581967484,0.0,0.0,0.0,0.0
2026-03-18,2456326.3581967484,0.0,0.0,0.0,0.0
2026-03-19,2456326.3581967484,0.0,0.0,0.0,0.0
2026-03-20,2456326.3581967484,0.0,0.0,0.0,0.0
2026-03-21,2456326.3581967484,0.0,0.0,0.0,0.0
2026-03-22,2456326.3581967484,0.0,0.0,0.0,0.0
2026-03-23,2456326.3581967484,0.0,0.0,0.0,0.0
2026-03-24,2456326.3581967484,0.0,0.0,0.0,0.0
2026-03-25,2456326.3581967484,0.0,0.0,0.0,0.0
2026-03-26,2456326.3581967484,0.0,0.0,0.0,0.0
2026-03-27,2456326.3581967484,0.0,0.0,0.0,0.0
2026-03-28,2456326.3581967484,0.0,0.0,0.0,0.0
2026-03-29,2456326.3581967484,0.0,0.0,0.0,0.0
2026-03-30,2456326.3581967484,0.0,0.0,0.0,0.0
2026-03-31,2456326.3581967484,0.0,0.0,0.0,0.0
2026-04-01,2456326.3581967484,0.0,0.0,0.0,0.0
2026-04-02,2456326.3581967484,0.0,0.0,0.0,0.0
2026-04-03,2456326.3581967484,0.0,0.0,0.0,0.0
2026-04-04,2456326.3581967484,0.0,0.0,0.0,0.0
2026-04-05,2456326.3581967484,0.0,0.0,0.0,0.0
2026-04-06,2456326.3581967484,0.0,0.0,0.0,0.0
2026-04-07,2456326.3581967484,0.0,0.0,0.0,0.0
2026-04-08,2456326.3581967484,0.0,0.0,0.0,0.0
2026-04-09,2456326.3581967484,0.0,0.0,0.0,0.0
2026-04-10,2456326.3581967484,0.0,0.0,0.0,0.0
2026-04-11,2456326.3581967484,0.0,0.0,0.0,0.0
2026-04-12,2456326.3581967484,0.0,0.0,0.0,0.0
2026-04-13,2456326.3581967484,0.0,0.0,0.0,0.0
2026-04-14,2456326.3581967484,0.0,0.0,0.0,0.0
2026-04-15,2456326.3581967484,0.0,0.0,0.0,0.0
2026-04-16,2456326.3581967484,0.0,0.0,0.0,0.0
2026-04-17,2456326.3581967484,0.0,0.0,0.0,0.0
2026-04-18,2456326.3581967484,0.0,0.0,0.0,0.0
2026-04-19,2456326.3581967484,0.0,0.0,0.0,0.0
2026-04-20,2456326.3581967484,0.0,0.0,0.0,0.0
2026-04-21,2456326.3581967484,0.0,0.0,0.0,0.0
2026-04-22,2456326.3581967484,0.0,0.0,0.0,0.0
2026-04-23,2456326.3581967484,0.0,0.0,0.0,0.0
2026-04-24,2456326.3581967484,0.0,0.0,0.0,0.0
2026-04-25,2456326.3581967484,0.0,0.0,0.0,0.0
2026-04-26,2456326.3581967484,0.0,0.0,0.0,0.0
2026-04-27,2456326.3581967484,0.0,0.0,0.0,0.0
2026-04-28,2456326.3581967484,0.0,0.0,0.0,0.0
2026-04-29,2456326.3581967484,0.0,0.0,0.0,0.0
2026-04-30,2456326.3581967484,0.0,0.0,0.0,0.0
2026-05-01,2456326.3581967484,0.0,0.0,0.0,0.0
2026-05-02,2456326.3581967484,0.0,0.0,0.0,0.0
2026-05-03,2456326.3581967484,0.0,0.0,0.0,0.0
2026-05-04,2456326.3581967484,0.0,0.0,0.0,0.0
2026-05-05,2456326.3581967484,0.0,0.0,0.0,0.0
2026-05-06,2456326.3581967484,0.0,0.0,0.0,0.0
2026-05-07,2456326.3581967484,0.0,0.0,0.0,0.0
2026-05-08,2456326.3581967484,0.0,0.0,0.0,0.0
2026-05-09,2456326.3581967484,0.0,0.0,0.0,0.0
2026-05-10,2456326.3581967484,0.0,0.0,0.0,0.0
2026-05-11,2456326.3581967484,0.0,0.0,0.0,0.0
2026-05-12,2456326.3581967484,0.0,0.0,0.0,0.0
2026-05-13,2456326.3581967484,0.0,0.0,0.0,0.0
2026-05-14,2456326.3581967484,0.0,0.0,0.0,0.0
2026-05-15,2456326.3581967484,0.0,0.0,0.0,0.0
2026-05-16,2456326.3581967484,0.0,0.0,0.0,0.0
2026-05-17,2456326.3581967484,0.0,0.0,0.0,0.0
2026-05-18,2456326.3581967484,0.0,0.0,0.0,0.0
2026-05-19,2456326.3581967484,0.0,0.0,0.0,0.0
2026-05-20,2456326.3581967484,0.0,0.0,0.0,0.0
2026-05-21,2456326.3581967484,0.0,0.0,0.0,0.0
2026-05-22,2456326.3581967484,0.0,0.0,0.0,0.0
2026-05-23,2456326.3581967484,0.0,0.0,0.0,0.0
2026-05-24,2456326.3581967484,0.0,0.0,0.0,0.0
2026-05-25,2456326.3581967484,0.0,0.0,0.0,0.0
2026-05-26,2456326.3581967484,0.0,0.0,0.0,0.0
2026-05-27,2456326.3581967484,0.0,0.0,0.0,0.0
2026-05-28,2455596.157287153,-0.0004868006063971998,634.558719065039,235.24037133916136,1600.0
2026-05-29,2455973.5151628302,0.0002515719171183889,554.2995462929185,-176.94167061533517,0.0
2026-05-30,2456554.4908178383,0.00038731710333852305,360.73611894298665,220.2395360647979,0.0
2026-05-31,2456785.585681996,0.0001540632427716717,404.9681821033216,-173.87331794581405,0.0
2026-06-01,2457076.891368744,0.00019420379116545915,505.74944554867267,-214.44375880048392,0.0
2026-06-02,2457539.978115335,0.0003087244977275297,592.2984867907419,-129.21174019944738,0.0
2026-06-03,2458504.243350354,0.0006428434900124459,509.4671837636414,454.79805125502753,0.0
2026-06-04,2458379.0471980344,-8.346410154627954e-05,68.79192201611225,-193.98807433553156,0.0
2026-06-05,2458614.7947071795,0.00015716500609678493,-21.312258955328193,257.0597681005056,0.0
2026-06-06,2458698.2370102173,5.56282020249924e-05,19.347825049349336,64.09447798813926,0.0
2026-06-07,2458720.2380376724,1.4667351636724874e-05,6.659264106751393,15.341763348335917,0.0
2026-06-08,2458808.5358830066,5.8865230222968646e-05,153.4151075457611,-65.11726221130812,0.0
2026-06-09,2457208.5358830066,-0.0010666666666666667,0.0,0.0,1600.0
2026-06-10,2457208.5358830066,0.0,0.0,0.0,0.0
2026-06-11,2457208.5358830066,0.0,0.0,0.0,0.0
2026-06-12,2457208.5358830066,0.0,0.0,0.0,0.0
2026-06-13,2457208.5358830066,0.0,0.0,0.0,0.0
2026-06-14,2457208.5358830066,0.0,0.0,0.0,0.0
2026-06-15,2457208.5358830066,0.0,0.0,0.0,0.0
2026-06-16,2457208.5358830066,0.0,0.0,0.0,0.0
2026-06-17,2457208.5358830066,0.0,0.0,0.0,0.0
2026-06-18,2457208.5358830066,0.0,0.0,0.0,0.0
2026-06-19,2457208.5358830066,0.0,0.0,0.0,0.0
2026-06-20,2457208.5358830066,0.0,0.0,0.0,0.0
2026-06-21,2457208.5358830066,0.0,0.0,0.0,0.0
2026-06-22,2457208.5358830066,0.0,0.0,0.0,0.0
2026-06-23,2457208.5358830066,0.0,0.0,0.0,0.0
2026-06-24,2457208.5358830066,0.0,0.0,0.0,0.0
2026-06-25,2457208.5358830066,0.0,0.0,0.0,0.0
2026-06-26,2457208.5358830066,0.0,0.0,0.0,0.0
2026-06-27,2457208.5358830066,0.0,0.0,0.0,0.0
2026-06-28,2457208.5358830066,0.0,0.0,0.0,0.0
2026-06-29,2457208.5358830066,0.0,0.0,0.0,0.0
2026-06-30,2457208.5358830066,0.0,0.0,0.0,0.0
2026-07-01,2457208.5358830066,0.0,0.0,0.0,0.0
2026-07-02,2457208.5358830066,0.0,0.0,0.0,0.0
2026-07-03,2457208.5358830066,0.0,0.0,0.0,0.0
2026-07-04,2457208.5358830066,0.0,0.0,0.0,0.0
2026-07-05,2456576.7668101606,-0.0004211793818974353,581.277562705196,386.953364448651,1600.0
2026-07-06,2457219.5395454606,0.00042851515686678895,516.6293477705009,126.14338752968251,0.0
2026-07-07,2457257.048281572,2.500582407418934e-05,493.6704996641859,-456.1617635529019,0.0
2026-07-08,2457844.793393993,0.00039183007494731525,275.1140681924335,312.6310442285394,0.0
2026-07-09,2458435.316941452,0.00039368236497270686,375.3979325098784,215.1256149491819,0.0
2026-07-10,2458923.289592986,0.0003253151010226701,556.1582664148344,-68.18561488082923,0.0
2026-07-11,2459229.8613876654,0.00020438119645293216,330.0958318133624,-23.524037133964157,0.0
2026-07-12,2459758.911461954,0.0003527000495255378,403.24761483309874,125.80245945520801,0.0
2026-07-13,2459916.772108387,0.00010524043095570217,355.939857662529,-198.07921122897574,0.0
2026-07-14,2460197.0462980866,0.0001868494597994274,368.233632895468,-87.9594431963269,0.0
2026-07-15,2460802.896648458,0.0004039002335812529,542.0968004582073,63.75354991367203,0.0
2026-07-16,2461345.5829560366,0.00036179087171894645,355.5167947306157,187.16951284780407,0.0
2026-07-17,2461479.2376451273,8.910312606045499e-05,330.7111160962372,-197.05642700555472,0.0
2026-07-18,2461520.325176535,2.7391687605292873e-05,290.98780994623564,-249.90027853829633,0.0
2026-07-19,2461993.2145277155,0.0003152595674533057,277.1966364718035,195.6927147081551,0.0
2026-07-20,2462369.4277825896,0.0002508088365828999,368.0309810887198,8.18227378563006,0.0
2026-07-21,2462834.4348002532,0.0003100046784424347,360.6830268958158,104.32399076783622,0.0
2026-07-22,2463183.4444940994,0.00023267312923074815,245.36755922772974,103.64213461839245,0.0
2026-07-23,2463326.3491508365,9.526977115791105e-05,188.92994678112763,-46.025290044261055,0.0
2026-07-24,2463633.1797708143,0.00020455374665190803,413.2001791917959,-106.36955921393383,0.0
2026-07-25,2463700.007319848,4.455169935588151e-05,267.29325678361636,-200.4657077497941,0.0
2026-07-26,2464502.364625425,0.0005349048703848744,341.76347705724527,460.5938285200664,0.0
2026-07-27,2464479.233730455,-1.5420596646837454e-05,393.1422838771704,-416.2731788474266,0.0
2026-07-28,2465071.879078457,0.0003950968986682338,239.44386291963986,353.20148508271086,0.0
2026-07-29,2464777.412236781,-0.00019631122778432088,515.5782631078322,-810.0451047843135,0.0
2026-07-30,2465794.468184476,0.0006780372984631637,540.0975716034188,476.9583760913267,0.0
2026-07-31,2464906.059312845,-0.0005922725810869132,553.4005018461255,158.19062652350476,1600.0
