date,nav,ret,funding_pnl,basis_pnl,cost
2021-01-02,1500000.0,0.0,0.0,0.0,0.0
2021-01-03,1500000.0,0.0,0.0,0.0,0.0
2021-01-04,1500000.0,0.0,0.0,0.0,0.0
2021-01-05,1500000.0,0.0,0.0,0.0,0.0
2021-01-06,1500000.0,0.0,0.0,0.0,0.0
2021-01-07,1500000.0,0.0,0.0,0.0,0.0
2021-01-08,1503669.2846234483,0.0024461897489655568,5890.779797611458,-321.495174163123,1900.0
2021-01-09,1507978.0765559785,0.002872527955020045,3835.24283718298,473.54909534708713,0.0
2021-01-10,1512486.6425188105,0.003005710641888074,4368.103596177515,140.46236665459583,0.0
2021-01-11,1515297.476127101,0.0018738890721937112,2884.474072361984,-73.64046407141723,0.0
2021-01-12,1518801.2295869826,0.0023358356399210767,1681.8338302655488,1821.9196296160662,0.0
2021-01-13,1519378.1691781553,0.0003846263941150857,1252.9999627161058,-676.0603715434772,0.0
2021-01-14,1521203.3028706245,0.0012167557949794537,2799.50612911628,-974.3724366470997,0.0
2021-01-15,1525300.7333365572,0.002731620310621855,3181.697658083234,915.7328078495484,0.0
2021-01-16,1526702.073477855,0.0009342267608650683,1391.7941552143245,9.545986083277967,0.0
2021-01-17,1527165.3068824138,0.00030882226970596063,901.3259801682138,-438.0925756092729,0.0
2021-01-18,1529028.470349625,0.0012421089781407162,2547.0651844659537,-683.9017172548793,0.0
2021-01-19,1532961.3240982997,0.002621902499116482,4505.953841748007,-573.1000930732844,0.0
2021-01-20,1537112.2244555857,0.0027672669048573214,1500.5255068679962,2650.3748504179857,0.0
2021-01-21,1537123.9052962868,7.787227134138902e-06,1416.3045072464263,-1404.623666545218,0.0
2021-01-22,1537685.847870362,0.00037462838271678465,315.7925043553562,246.15006971982075,0.0
2021-01-23,1537492.0939299357,-0.00012916929361754767,361.9588208525248,-555.7127612788463,0.0
2021-01-24,1539288.743486177,0.001197766370827518,719.3168411241081,1077.3327151171688,0.0
2021-01-25,1540203.492670493,0.0006098327895439465,1151.6941960268243,-236.9450117109045,0.0
2021-01-26,1541115.3701962004,0.0006079183504717579,368.4381751074776,543.4393506001593,0.0
2021-01-27,1541061.9277772475,-3.562827930194544e-05,332.14723319821223,-385.5896521511304,0.0
2021-01-28,1541159.789358922,6.524105444967889e-05,437.7668718553647,-339.90529018084635,0.0
2021-01-29,1543534.4114858634,0.0015830814179608396,2751.0067210833326,-376.3845941420732,0.0
2021-01-30,1545369.545557683,0.0012234227145465075,1458.4085496033301,376.7255222164313,0.0
2021-01-31,1547030.003084591,0.0011069716846051525,1698.3005431666086,-37.84301625887974,0.0
2021-02-01,1548016.32799672,0.0006575499414195355,1336.458044542253,-350.13313241294964,0.0
2021-02-02,1550448.2042860861,0.0016212508595772758,2324.4839459288073,107.39234343710632,0.0
2021-02-03,1553192.4227913995,0.0018294790035423452,2825.018458947146,-80.79995363362832,0.0
2021-02-04,1555303.891815425,0.0014076460160169072,2121.696866257326,-10.227842231965042,0.0
2021-02-05,1557976.5896625083,0.0017817985647222486,2907.2563622735815,-234.5585151902087,0.0
2021-02-06,1559684.01441,0.0011382831649944625,2706.6849335701645,-999.2601860784707,0.0
2021-02-07,1564035.147013869,0.0029007550692459402,4373.974784853929,-22.842180985018786,0.0
2021-02-08,1569395.0588765568,0.003573274575125232,4849.542535304807,510.3693273830413,0.0
2021-02-09,1576197.4398300098,0.004534920635635316,7583.4471719129815,-781.0662184600078,0.0
2021-02-10,1582877.1453744548,0.004453137029630026,6531.401832079287,148.30371236575252,0.0
2021-02-11,1588995.2366204446,0.004078727497326611,5105.875793083933,1012.2154529059844,0.0
2021-02-12,1593217.8189073051,0.0028150548579069195,5897.561916407845,-1674.9796295474662,0.0
2021-02-13,1599867.6849757566,0.004433244045634292,5773.680917232892,876.1851512185458,0.0
2021-02-14,1606031.0895574412,0.004108936387789775,6129.311774244247,34.09280744041462,0.0
2021-02-15,1609452.9018417955,0.0022812081895696606,3758.990149940167,-337.17786558567605,0.0
2021-02-16,1615567.636638074,0.004076489864185575,5970.181292731073,144.55350354728944,0.0
2021-02-17,1621553.0706391784,0.003990289334069664,5780.195300313313,205.23870079118205,0.0
2021-02-18,1628466.3242590777,0.0046088357465995065,7338.390928681256,-425.13730878199567,0.0
2021-02-19,1634408.6017837764,0.0039615183497991565,5359.290517467451,582.9870072312842,0.0
2021-02-20,1640593.078172905,0.004122984259418982,7548.188686745058,-1363.7122976165847,0.0
2021-02-21,1647902.7029241298,0.004873083167483276,6198.540156741683,1111.0845944832308,0.0
2021-02-22,1653660.6161962892,0.0038386088481061676,5617.79183357937,140.12143857988121,0.0
2021-02-23,1655774.135125093,0.0014090126192025836,1251.9936847847214,861.5252440191543,0.0
2021-02-24,1657388.4245767102,0.0010761929677448546,1652.814324024861,-38.524872407579096,0.0
2021-02-25,1659023.6662136763,0.0010901610913107273,1186.239362975893,449.00227399019786,0.0
2021-02-26,1659900.7511081763,0.0005847232630000061,481.60832819100165,395.47656630900747,0.0
2021-02-27,1660489.21199133,0.00039230725543564675,1338.5026468428355,-750.0417636893653,0.0
2021-02-28,1662855.961506544,0.0015778330101427688,906.8955006153752,1459.8540145987781,0.0
2021-03-01,1662227.4434975095,-0.00041901200602307675,568.480460198352,-1196.9984692329672,0.0
2021-03-02,1663733.6124887373,0.0010041126608186738,507.2497332237818,998.919258004229,0.0
2021-03-03,1664182.3771625815,0.0002991764492294983,1075.0495465247498,-626.2848726805023,0.0
2021-03-04,1664466.442695776,0.00018937702212966769,515.2147676404709,-231.14923444596934,0.0
2021-03-05,1665394.303372109,0.0006185737842220055,494.8820218398524,432.9786544931558,0.0
2021-03-06,1665409.3657108075,1.004155913221598e-05,498.83927627788364,-483.77693757955967,0.0
2021-03-07,1666031.6420007122,0.00041485085993653244,627.0492829464367,-4.772993041638074,0.0
2021-03-08,1666597.3166298508,0.00037711641942571593,778.0728194922217,-212.3981903536478,0.0
2021-03-09,1668911.2413165173,0.001542616457777716,3064.3073784301628,-750.3826917635888,0.0
2021-03-10,1671722.1248125643,0.0018739223306979442,2431.0896211607237,379.7938748861925,0.0
2021-03-11,1675214.4453318317,0.002328213679511567,5353.787805514172,-1861.4672862468215,0.0
2021-03-12,1680521.8465526,0.0035382674805121725,4345.302194799484,962.0990259687751,0.0
2021-03-13,1683760.5018250868,0.002159103514991134,3232.859495221893,5.795777264807839,0.0
2021-03-14,1689309.1618894197,0.0036991067095552685,5879.701224579551,-331.04116024664836,0.0
2021-03-15,1694008.6157845436,0.003132969263415973,4085.7833611962483,613.6705339277105,0.0
2021-03-16,1696557.743255464,0.0016994183139469267,1880.2265889396115,668.9008819807786,0.0
2021-03-17,1697717.351780875,0.0007730723502740113,1537.3568318508644,-377.7483064398475,0.0
2021-03-18,1699787.9494651929,0.0013803984562118657,1850.6990763269778,219.8986079908209,0.0
2021-03-19,1700883.156657933,0.0007301381284934915,1537.3909052424513,-442.1837125022139,0.0
2021-03-20,1703705.5151115789,0.001881572302430555,2825.4268063153518,-3.0683526695192995,0.0
2021-03-21,1705866.001394351,0.0014403241885148836,1660.0038695472817,500.4824132250435,0.0
2021-03-22,1708077.9133861621,0.0014746079945406252,2866.8348227412666,-654.9228309303289,0.0
2021-03-23,1710386.0150875435,0.001538734467587561,1717.6142765131242,590.4874248682172,0.0
2021-03-24,1711803.4232841362,0.000944938797728524,1788.6788696188767,-371.27067302609066,0.0
2021-03-25,1714176.9152818453,0.0015823279984726682,567.5959875902182,1805.896010118784,0.0
2021-03-26,1713879.5262999586,-0.00019825932125775602,629.9353804927774,-927.3243623794115,0.0
2021-03-27,1715363.5521150322,0.000989350543382459,562.8381580337997,921.187657039889,0.0
2021-03-28,1715714.6534831768,0.00023406757876297425,570.9999761350349,-219.8986079905735,0.0
2021-03-29,1715907.3121396336,0.00012843910430463854,726.2110928994911,-533.5524364425332,0.0
2021-03-30,1718231.8578188478,0.0015496971194760092,2807.6407606446264,-483.0950814306125,0.0
2021-03-31,1722206.4405971013,0.002649721852169085,4210.505005741229,-235.92222748760105,0.0
2021-04-01,1726532.6239589385,0.0028841222412247887,5142.024243886307,-815.840882049124,0.0
2021-04-02,1731940.1386384284,0.003605009786326699,5597.75254500762,-190.23786551757138,0.0
2021-04-03,1737358.7998625548,0.003612440816084183,5482.41477403969,-63.753549913415554,0.0
2021-04-04,1739707.8477605283,0.0015660319319823854,2475.873141652206,-126.82524367862788,0.0
2021-04-05,1743800.1418706211,0.002728196073395131,2384.2444573277376,1708.0496527649593,0.0
2021-04-06,1745866.3224272882,0.0013774537044447934,4821.220325927239,-2755.039769260049,0.0
2021-04-07,1750613.7271395961,0.0031649364748719514,3266.4131570962472,1480.99155521168,0.0
2021-04-08,1752548.4880869128,0.001289840631544379,1756.1146363286136,178.64631098795508,0.0
2021-04-09,1754548.6271829112,0.0013334260639988498,1341.4660562497231,658.6730397485517,0.0
2021-04-10,1760532.984928763,0.003989571830567964,5577.97148116202,406.38626468992675,0.0
2021-04-11,1765476.3202106592,0.003295556854597476,5959.641871695128,-1016.3065897989145,0.0
2021-04-12,1770447.4280940893,0.003314071922286668,6033.4397632731825,-1062.33187984318,0.0
2021-04-13,1777982.5701885808,0.005023428062994392,6059.605388470495,1475.536706021092,0.0
2021-04-14,1783932.872604755,0.003966868277449529,6593.292764500525,-642.9903483262315,0.0
2021-04-15,1790089.5603214372,0.00410445847778804,5773.825489126099,382.862227555961,0.0
2021-04-16,1797019.305587235,0.004619830177198457,7441.478305478373,-511.7330396806874,0.0
2021-04-17,1800587.1268471514,0.0023785475066111423,4114.669891260991,-546.8486313442772,0.0
2021-04-18,1803879.4172667589,0.002194860279738286,3074.4373800632075,217.85303954422125,0.0
2021-04-19,1807638.8998402203,0.0025063217156410036,574.1915743035694,3185.2909991579363,0.0
2021-04-20,1807826.0800582098,0.00012478681199300657,569.019661322051,-381.8394433325411,0.0
2021-04-21,1808914.0966068585,0.000725344365765775,576.9653651169214,511.0511835317411,0.0
2021-04-22,1808753.4654808072,-0.00010708741736752814,550.2039090813013,-710.8350351325935,0.0
2021-04-23,1809380.7183080076,0.00041816855146692037,1192.1706464882704,-564.9178192878899,0.0
2021-04-24,1810724.8978121483,0.0008961196694271796,948.7029378317656,395.47656630900383,0.0
2021-04-25,1810753.3732232768,1.8983607419031764e-05,1199.9042747812093,-1171.4288636526617,0.0
2021-04-26,1812934.2622273238,0.0014539260026978772,501.81823760641225,1679.0707664404035,0.0
2021-04-27,1813971.205261652,0.0006912953562187246,552.1433125253565,484.79972180273035,0.0
2021-04-28,1814147.8699282072,0.00011777644437020793,562.5952467807867,-385.93058022547484,0.0
2021-04-29,1813984.515195955,-0.00010890315483475812,561.1174258566671,-724.4721581088043,0.0
2021-04-30,1814940.0537770805,0.0006370257207503399,547.7886041381851,407.74997698732477,0.0
2021-05-01,1816423.4828365792,0.0009889527063324927,1056.2461822703765,427.1828772283625,0.0
2021-05-02,1816886.1344276736,0.0003084343940628705,2097.7426359365463,-1635.0910448422405,0.0
2021-05-03,1819214.9786251527,0.0015525627983195135,2776.4827591718176,-447.6385616925472,0.0
2021-05-04,1821970.149322262,0.0018367804647395206,2527.4307434073035,227.73995370197736,0.0
2021-05-05,1823328.8736733089,0.0009058162340312156,1795.794142432931,-437.0697913861077,0.0
2021-05-06,1827714.5735051767,0.0029237998879118507,4500.933521016512,-115.23368914873572,0.0
2021-05-07,1830610.3557665867,0.0019305215076067443,2214.607968750533,681.1742926595834,0.0
2021-05-08,1833797.5684398208,0.0021248084488226476,2973.45077058268,213.76190265129117,0.0
2021-05-09,1836111.7449861376,0.0015427843642111796,3147.0638320861044,-832.887285769335,0.0
2021-05-10,1840809.6339452707,0.0031319259727554064,4420.714434642385,277.17452449072516,0.0
2021-05-11,1842966.6791376595,0.0014380301282592533,2210.5709000705724,-53.52570768169244,0.0
2021-05-12,1845070.8838653774,0.0014028031518119471,1743.1618969238061,361.0428307941147,0.0
2021-05-13,1845246.4976115122,0.00011707583075651253,752.4640480265379,-576.850301891769,0.0
2021-05-14,1847638.0630361415,0.0015943769497528838,1530.7220367588648,860.8433878704609,0.0
2021-05-15,1848501.870936727,0.0005758719337235823,684.8206615231985,178.98723906217492,0.0
2021-05-16,1849901.311058547,0.0009329600812134792,1485.694924644668,-86.25480282444914,0.0
2021-05-17,1853005.8817879085,0.0020697138195742175,2109.7426082497777,994.8281211115482,0.0
2021-05-18,1853520.0179969415,0.0003427574726886651,1354.1829843650385,-840.0467753320409,0.0
2021-05-19,1852685.1337640604,-0.0005565894885873922,-641.5780146940001,-193.30621818708823,0.0
2021-05-20,1853566.662690103,0.0005876859506951157,375.2507355523205,506.27819049035315,0.0
2021-05-21,1855271.327779409,0.0011364433928706375,228.4465271361701,1476.2185621697863,0.0
2021-05-22,1856167.794699335,0.0005976446132840804,-56.42704803335638,952.8939679594769,0.0
2021-05-23,1855099.1771067649,-0.0007124117283802046,-17.53633918252266,-1051.0812533877843,0.0
2021-05-24,1854987.8183155935,-7.423919411418423e-05,-193.1815290283209,81.82273785704456,0.0
2021-05-25,1855469.7226716313,0.00032126957069184735,396.67233743697096,85.23201860080007,0.0
2021-05-26,1854854.962940692,-0.00040983982062618333,392.0008727758705,-1006.7606037151454,0.0
2021-05-27,1855932.202343795,0.0007181596020686253,401.17903155971186,676.0603715432262,0.0
2021-05-28,1855811.452915702,-8.049961872873795e-05,394.0519642571007,-514.8013923502076,0.0
2021-05-29,1855778.2145835392,-2.215888810848317e-05,369.39772370847925,-402.636055871204,0.0
2021-05-30,1856214.0428853424,0.0002905522012021459,354.0055639461743,81.82273785704456,0.0
2021-05-31,1856451.1767712063,0.00015808925724261283,364.6409856912488,-127.50709982732951,0.0
2021-06-01,1857513.962358131,0.0007085237246164839,380.9294381164406,681.8561488082851,0.0
2021-06-02,1857583.1131744832,4.610054423477644e-05,375.3042271671946,-306.15341081502993,0.0
2021-06-03,1857906.0061537516,0.00021526198617887447,384.2600326609096,-61.36705339259788,0.0
2021-06-04,1858472.6661251816,0.00037777331428675485,542.7950062219373,23.864965208194917,0.0
2021-06-05,1858908.658890688,0.0002906618436709604,376.6712805599403,59.32148494650028,0.0
2021-06-06,1859851.985700931,0.0006288845401618231,363.06722760699176,580.2595826357428,0.0
2021-06-07,1859415.6152553037,-0.00029091363041807783,366.1742415202665,-802.5446871473832,0.0
2021-06-08,1860044.3117285902,0.0004191309821910424,240.37939654026195,388.3170767463016,0.0
2021-06-09,1860003.842936594,-2.6979194664175557e-05,-116.49575258849642,76.02696059223308,0.0
2021-06-10,1860329.5569550996,0.00021714267900381287,-9.759206708100793,335.4732252138201,0.0
2021-06-11,1860210.0998060764,-7.963809934881991e-05,217.3797884882227,-336.83693751145256,0.0
2021-06-12,1861025.4103323875,0.0005435403508740691,17.87976027983377,797.4307660312697,0.0
2021-06-13,1860367.7037525952,-0.0004384710531948753,71.87949943235473,-729.5860792246676,0.0
2021-06-14,1861162.160648363,0.0005296379305117763,224.0842272899287,570.3726684777357,0.0
2021-06-15,1861558.2426273143,0.0002640546526342019,386.5359928677847,9.545986083518073,0.0
2021-06-16,1861415.0479948858,-9.54630882855519e-05,410.47256040393154,-553.6671928322594,0.0
2021-06-17,1861571.652999028,0.00010440333609477181,392.1863035555389,-235.5812994133812,0.0
2021-06-18,1862737.6469092923,0.0007773292735096212,203.55395622142598,962.4399540430059,0.0
2021-06-19,1861859.4831407042,-0.0005854425123922194,-87.55156404504343,-790.6122045432858,0.0
2021-06-20,1861593.3751226314,-0.00017740534538174477,18.907852129266296,-285.01587020188344,0.0
2021-06-21,1861823.4207133304,0.00015336372713257334,-139.17951388088656,369.2251045797466,0.0
2021-06-22,1861546.7120486433,-0.00018447244312471905,-160.1112632407941,-116.5974014462845,0.0
2021-06-23,1859646.7120486433,-0.0012666666666666666,0.0,0.0,1900.0
2021-06-24,1859646.7120486433,0.0,0.0,0.0,0.0
2021-06-25,1859646.7120486433,0.0,0.0,0.0,0.0
2021-06-26,1859646.7120486433,0.0,0.0,0.0,0.0
2021-06-27,1859646.7120486433,0.0,0.0,0.0,0.0
2021-06-28,1859646.7120486433,0.0,0.0,0.0,0.0
2021-06-29,1859646.7120486433,0.0,0.0,0.0,0.0
2021-06-30,1859646.7120486433,0.0,0.0,0.0,0.0
2021-07-01,1859646.7120486433,0.0,0.0,0.0,0.0
2021-07-02,1859646.7120486433,0.0,0.0,0.0,0.0
2021-07-03,1859646.7120486433,0.0,0.0,0.0,0.0
2021-07-04,1859646.7120486433,0.0,0.0,0.0,0.0
2021-07-05,1859646.7120486433,0.0,0.0,0.0,0.0
2021-07-06,1859646.7120486433,0.0,0.0,0.0,0.0
2021-07-07,1859646.7120486433,0.0,0.0,0.0,0.0
2021-07-08,1859646.7120486433,0.0,0.0,0.0,0.0
2021-07-09,1859646.7120486433,0.0,0.0,0.0,0.0
2021-07-10,1859646.7120486433,0.0,0.0,0.0,0.0
2021-07-11,1859646.7120486433,0.0,0.0,0.0,0.0
2021-07-12,1859646.7120486433,0.0,0.0,0.0,0.0
2021-07-13,1859646.7120486433,0.0,0.0,0.0,0.0
2021-07-14,1859646.7120486433,0.0,0.0,0.0,0.0
2021-07-15,1859646.7120486433,0.0,0.0,0.0,0.0
2021-07-16,1859646.7120486433,0.0,0.0,0.0,0.0
2021-07-17,1859646.7120486433,0.0,0.0,0.0,0.0
2021-07-18,1859646.7120486433,0.0,0.0,0.0,0.0
2021-07-19,1859646.7120486433,0.0,0.0,0.0,0.0
2021-07-20,1859646.7120486433,0.0,0.0,0.0,0.0
2021-07-21,1859646.7120486433,0.0,0.0,0.0,0.0
2021-07-22,1859646.7120486433,0.0,0.0,0.0,0.0
2021-07-23,1859646.7120486433,0.0,0.0,0.0,0.0
2021-07-24,1859646.7120486433,0.0,0.0,0.0,0.0
2021-07-25,1859646.7120486433,0.0,0.0,0.0,0.0
2021-07-26,1859646.7120486433,0.0,0.0,0.0,0.0
2021-07-27,1859646.7120486433,0.0,0.0,0.0,0.0
2021-07-28,1859646.7120486433,0.0,0.0,0.0,0.0
2021-07-29,1859646.7120486433,0.0,0.0,0.0,0.0
2021-07-30,1859646.7120486433,0.0,0.0,0.0,0.0
2021-07-31,1859646.7120486433,0.0,0.0,0.0,0.0
2021-08-01,1859646.7120486433,0.0,0.0,0.0,0.0
2021-08-02,1857804.8073516772,-0.001227936464644055,407.5465792981655,-349.451276264248,1900.0
2021-08-03,1858065.4209881183,0.00017374242429411216,400.3941469468187,-139.78051050565045,0.0
2021-08-04,1858557.9320569483,0.00032834071255330644,277.0445258065506,215.46654302340903,0.0
2021-08-05,1858492.1122442544,-4.387987512937938e-05,406.3655703556221,-472.18538304969115,0.0
2021-08-06,1858508.296679524,1.0789623513110693e-05,418.1386349921757,-401.95419972250966,0.0
2021-08-07,1860015.7997904927,0.0010050020739791735,438.01174156288255,1069.4913694058778,0.0
2021-08-08,1859107.9196812594,-0.0006052534061556158,456.17311645762095,-1364.0532256910446,0.0
2021-08-09,1860756.5221488967,0.0010990683117582964,447.8537895860111,1200.7486780514337,0.0
2021-08-10,1860633.7167881439,-8.187024050193061e-05,473.13691330539996,-595.9422740582959,0.0
2021-08-11,1861299.1060086798,0.00044359281369068246,466.28722508412403,199.1019954518997,0.0
2021-08-12,1861544.1187082506,0.00016334179971382124,465.5931637102521,-220.58046413952025,0.0
2021-08-13,1862899.1553068794,0.0009033577324191962,453.96369797863747,901.072900650157,0.0
2021-08-14,1863132.273605512,0.0001554121990883543,488.8143544356447,-255.69605580311327,0.0
2021-08-15,1862839.2501871625,-0.00019534894556631264,481.565166696782,-774.588585046251,0.0
2021-08-16,1862805.0319940406,-2.2812128748011748e-05,543.6548929929053,-577.8730861149229,0.0
2021-08-17,1863522.6129388884,0.00047838729656530626,469.7262347562536,247.85471009170578,0.0
2021-08-18,1864526.354794969,0.0006691612373870562,457.23415281078155,546.5077032698027,0.0
2021-08-19,1864785.263313739,0.0001726056791800354,457.3286580730063,-198.42013930295323,0.0
2021-08-20,1865469.37418764,0.00045607391593387744,570.2408970499494,113.8699768508668,0.0
2021-08-21,1866284.2590950711,0.0005432566049541475,785.5650930324529,29.319814398768358,0.0
2021-08-22,1866396.5879500061,7.488590328992571e-05,579.7412449431845,-467.4123900082959,0.0
2021-08-23,1867290.4948782239,0.0005959379521451873,1229.0392253568664,-335.1322971390855,0.0
2021-08-24,1868641.2346761352,0.0009004931986074912,1361.6494962924073,-10.909698381170529,0.0
2021-08-25,1868910.6224143708,0.0001795918254903745,643.7267639311735,-374.3390256956118,0.0
2021-08-26,1870497.3280237454,0.0010578037395831987,699.2698317008561,887.4357776739416,0.0
2021-08-27,1871282.3580765552,0.0005233533685398653,479.2175700692425,305.8124827405554,0.0
2021-08-28,1872312.5889915759,0.0006868206100136217,1093.9844649338427,-63.7535499134101,0.0
2021-08-29,1871980.852235779,-0.0002211578371978327,500.4686738238834,-832.2054296206325,0.0
2021-08-30,1872997.5833222826,0.0006778207243357344,707.8502510935269,308.8808354100747,0.0
2021-08-31,1873913.2386401095,0.0006104368785512552,1399.7731834806714,-484.1178656537886,0.0
2021-09-01,1875353.808746554,0.0009603800709630093,1701.3800833637329,-260.809976919219,0.0
2021-09-02,1878375.1495423312,0.002014227197184894,2441.4221412158176,579.918654561523,0.0
2021-09-03,1879465.1937534884,0.0007266961407713892,1774.9687126351355,-684.9245014780518,0.0
2021-09-04,1881541.899258843,0.0013844703369029774,1278.2519550997727,798.4535502546933,0.0
2021-09-05,1882203.7313381291,0.00044122138619082866,510.8009423251977,151.03113696104538,0.0
2021-09-06,1882415.5631840432,0.00014122123060933888,826.1842359904132,-614.3523900764048,0.0
2021-09-07,1884036.4032337025,0.001080560033106255,771.9291443932674,848.9109052661152,0.0
2021-09-08,1885264.743698115,0.0008188936429416807,479.32148494632094,749.0189794662001,0.0
2021-09-09,1885193.7626775808,-4.732068035609681e-05,471.0946177684894,-542.0756383026346,0.0
2021-09-10,1885446.447614424,0.00016845662456207582,492.35737314918674,-239.672436306073,0.0
2021-09-11,1885909.0273148844,0.00030838646697357587,458.82949164214835,3.7502088182154694,0.0
2021-09-12,1886307.1718820252,0.0002654297114271728,462.23904512864925,-64.09447798789006,0.0
2021-09-13,1886700.412164723,0.00026216018846523186,470.971883661704,-77.73160096385618,0.0
2021-09-14,1886735.963735208,2.3701046990016078e-05,460.0070231183327,-424.4554526333086,0.0
2021-09-15,1888967.8887173943,0.0014879499881242616,481.6002481956382,1750.3247339907539,0.0
2021-09-16,1889431.613595257,0.00030914991857513457,492.0219080380612,-28.297030175359396,0.0
2021-09-17,1889135.472048739,-0.0001974276976788314,488.3339526860019,-784.475499204249,0.0
2021-09-18,1889776.4486372082,0.00042731772564626576,483.80874616882085,157.16784230057783,0.0
2021-09-19,1890654.5219503813,0.00058538220878201,493.8473733196507,384.22593985336425,0.0
2021-09-20,1890343.1549310815,-0.00020757801286657115,483.336322136119,-794.7033414359757,0.0
2021-09-21,1890960.5069086347,0.00041156798503545587,440.0693788631413,177.2825986900425,0.0
2021-09-22,1891930.3909930892,0.0006465893896363817,416.5578196967786,553.326264757794,0.0
2021-09-23,1892951.0062591666,0.0006804101773850529,335.0089084505842,685.6063576269953,0.0
2021-09-24,1893122.664092821,0.00011443855576955191,-189.7259252140176,361.38375886834547,0.0
2021-09-25,1892648.3930823477,-0.0003161806736488157,373.95803864419725,-848.2290491174208,0.0
2021-09-26,1893203.883938193,0.000370327237230189,156.60500879253505,398.88584705274843,0.0
2021-09-27,1893205.4182168064,1.0228524087940514e-06,441.3314945945855,-439.7972159813944,0.0
2021-09-28,1893899.2350722458,0.0004625445702930468,224.35889698517306,469.45795845439716,0.0
2021-09-29,1894004.0864935275,6.990094752109195e-05,193.83364870089358,-88.98222741925565,0.0
2021-09-30,1894504.3110729074,0.0003334830529200129,413.62884848133587,86.59573089868354,0.0
2021-10-01,1894507.54625887,2.156790641757141e-06,141.99291224511367,-138.75772628247796,0.0
2021-10-02,1894652.1195310021,9.638218142133419e-05,241.73777333737902,-97.16450120537775,0.0
2021-10-03,1894818.7646964714,0.00011109677697959474,487.11755540933535,-320.47238993994324,0.0
2021-10-04,1895439.4718835764,0.0004138047914033247,492.85915920318297,127.84802790180402,0.0
2021-10-05,1896016.8373613767,0.000384910318533584,129.72691610782877,447.6385616925472,0.0
2021-10-06,1896087.0026092143,4.677683189167374e-05,526.327011390407,-456.16176355289645,0.0
2021-10-07,1896616.539579472,0.00035302464683841694,1355.264766464269,-825.7277962066437,0.0
2021-10-08,1897313.1154218167,0.0004643838948964291,1287.0632672126062,-590.4874248679625,0.0
2021-10-09,1898326.6348284073,0.0006756796043938148,657.2495688384921,356.26983775223016,0.0
2021-10-10,1899374.383876618,0.0006984993654737599,766.483386827221,281.2656613834188,0.0
2021-10-11,1898913.7900480982,-0.0003070625523466244,559.4629700971988,-1020.0567986171354,0.0
2021-10-12,1899922.255394464,0.0006723102309104618,588.1010306255689,420.36431574012386,0.0
2021-10-13,1900963.5707290678,0.0006942102230693566,572.8801603725664,468.4351742314684,0.0
2021-10-14,1901674.1386805845,0.0004737119676777135,979.9011302958916,-269.3331787793213,0.0
2021-10-15,1902566.1504109649,0.0005946744869202812,1108.8419857014767,-216.83025532105478,0.0
2021-10-16,1905050.0858742315,0.001655956975511074,2508.8232126982075,-24.887749431596603,0.0
2021-10-17,1906767.94475071,0.0011452392509856933,2402.442449881868,-684.583573403328,0.0
2021-10-18,1908484.6984236646,0.0011445024486363563,1482.8770139132748,233.8766590412597,0.0
2021-10-19,1909592.958161109,0.0007388398249629275,739.7164890135929,368.5432484307985,0.0
2021-10-20,1911355.340445719,0.0011749215230733596,1825.1130503005281,-62.730765690488624,0.0
2021-10-21,1914616.841836535,0.0021743342605439974,4239.624036281566,-978.1226454655698,0.0
2021-10-22,1916405.4401046,0.0011923988453767425,1936.2201242819206,-147.62185621680692,0.0
2021-10-23,1918335.611822421,0.0012867811452138727,1209.7906966046974,720.3810212161115,0.0
2021-10-24,1920698.3065909308,0.001575129845673205,2099.839223144243,262.85554536556447,0.0
2021-10-25,1922079.816628917,0.0009210066919907568,1799.4878572056853,-417.97781921954993,0.0
2021-10-26,1925476.738059059,0.0022646142867613676,3392.4893651748794,4.432064967171755,0.0
2021-10-27,1927957.0209505178,0.001653521927639177,1780.0166266326191,700.2662648261467,0.0
2021-10-28,1928537.0531382738,0.0003866881251706518,784.2481043239909,-204.2159165680132,0.0
2021-10-29,1929545.317484425,0.0006721762307674635,1356.010982043318,-347.74663589212287,0.0
2021-10-30,1930929.7133433623,0.000922930572624914,1670.4345133626762,-286.03865442530514,0.0
2021-10-31,1933921.5781761645,0.0019945765552014153,2360.806967079985,631.0578657221376,0.0
2021-11-01,1936061.896859848,0.0014268791224556405,2526.5901919834173,-386.2715082999566,0.0
2021-11-02,1938598.8251119405,0.0016912855013950046,2005.7623121707916,531.1659399217151,0.0
2021-11-03,1941504.6669395398,0.0019372278850662721,3395.7554705182447,-489.91364291883656,0.0
2021-11-04,1944444.8141956655,0.001960098170750497,3071.063636696816,-130.91638057107048,0.0
2021-11-05,1946458.1368558933,0.001342215106818439,1635.9152818622856,377.407378365373,0.0
2021-11-06,1948372.1292286504,0.0012759949151714073,2832.111677127477,-918.1193043703661,0.0
2021-11-07,1951136.7171443524,0.0018430586104680685,1907.4947366501092,857.0931790519935,0.0
2021-11-08,1953739.3635861203,0.0017350976278451993,2675.605049690267,-72.95860792246822,0.0
2021-11-09,1955792.8652174883,0.0013690010875787347,3359.938012484786,-1306.436381116684,0.0
2021-11-10,1960145.590251121,0.0029018166890884497,3733.5996505146304,619.1253831180438,0.0
2021-11-11,1962224.9447764263,0.0013862363502035145,1217.829281286117,861.5252440191543,0.0
2021-11-12,1963567.4879776728,0.0008950288008310015,1998.4888164000042,-655.9456151535019,0.0
2021-11-13,1965864.2508714974,0.001531175262549767,1509.559970025604,787.2029237990464,0.0
2021-11-14,1966230.118378935,0.00024391167162500225,813.1651410555816,-447.2976336180782,0.0
2021-11-15,1967892.5361954267,0.0011082785443278496,1740.4903455306035,-78.07252903882909,0.0
2021-11-16,1969159.2626828179,0.0008444843249273981,1215.2463481557497,51.48013923534745,0.0
2021-11-17,1969859.1250926508,0.0004665749398886704,679.406725368799,20.45568446420657,0.0
2021-11-18,1971355.9910458515,0.0009979106354671024,642.8411268184251,854.0248263822286,0.0
2021-11-19,1971688.9520402704,0.00022197399627938642,582.179416808436,-249.21842238935642,0.0
2021-11-20,1972862.4556558128,0.000782335743694823,593.9258890551861,579.5777264870485,0.0
2021-11-21,1973598.0040215738,0.0004903655771740981,610.7686905293591,124.77967523178813,0.0
2021-11-22,1973433.8355962865,-0.00010944561685829118,599.8513894523674,-764.0198147398041,0.0
2021-11-23,1974292.9943201486,0.0005727724825748237,631.0778420855253,228.08088177671016,0.0
2021-11-24,1974631.5193365645,0.0002256833442771252,628.3138796592084,-289.7888632435206,0.0
2021-11-25,1975684.3795080103,0.0007019067809639464,842.1666214641497,210.69354998177005,0.0
2021-11-26,1976802.2708983626,0.0007452609269015593,1158.4618312065104,-40.570440854171466,0.0
2021-11-27,1977232.510012986,0.0002868260764155176,564.9057040130643,-134.666589389788,0.0
2021-11-28,1978121.0241802523,0.000592342778177573,559.859503540538,328.6546637258216,0.0
2021-11-29,1978286.0303569415,0.00011000411779278518,796.7458985602608,-631.739721871083,0.0
2021-11-30,1978857.3423660307,0.0003808746727261091,942.5826821152543,-371.27067302609066,0.0
2021-12-01,1980689.986822404,0.0012217629709154517,1006.9166601663047,825.7277962068729,0.0
2021-12-02,1981469.2566312728,0.0005195132059126221,701.1972798303542,78.07252903857898,0.0
2021-12-03,1982271.6679702133,0.0005349408926270549,941.8509213717582,-139.43958243117595,0.0
2021-12-04,1983252.5754017907,0.0006539382877182432,350.5314220041798,630.376009573185,0.0
2021-12-05,1984650.7476370104,0.0009321148234797841,456.8698217900769,941.3024134295993,0.0
2021-12-06,1985349.723454982,0.00046598387864784166,504.9877436357252,193.98807433603724,0.0
2021-12-07,1985581.2250424935,0.0001543343916741821,412.19346694531856,-180.6918794340454,0.0
2021-12-08,1985913.05579216,0.00022122049977777594,517.2956221425966,-185.46487247593268,0.0
2021-12-09,1986423.3529450698,0.00034019810193980675,516.0929301745211,-5.795777264811022,0.0
2021-12-10,1986397.5038466542,-1.7232732277065415e-05,486.2248693393155,-512.0739677549136,0.0
2021-12-11,1987277.4287401994,0.0005866165956967665,482.061830715574,397.86306282957594,0.0
2021-12-12,1987859.1833947196,0.0003878364363468534,505.04583777960374,76.70881674067641,0.0
2021-12-13,1987907.4965167006,3.220874798730131e-05,511.97530317029026,-463.6621811893383,0.0
2021-12-14,1989084.1563474808,0.0007844398871868313,291.95147770159934,884.7083530786476,0.0
2021-12-15,1989241.5696579944,0.00010494220700914528,494.25024802517413,-336.8369375114562,0.0
2021-12-16,1989112.3969199671,-8.61151586849065e-05,499.83955924818554,-629.0122972755453,0.0
2021-12-17,1989812.4555356628,0.0004667057437970719,400.7237663688092,299.3348493267986,0.0
2021-12-18,1990410.949170488,0.0003989957565501048,420.5291799861584,177.9644548389988,0.0
2021-12-19,1991183.4161632638,0.000514977995183896,432.22077452039946,340.24621825544455,0.0
2021-12-20,1991459.9291168258,0.00018434196904130575,477.3195893862272,-200.8066358242686,0.0
2021-12-21,1992088.8175872792,0.000419258980302359,466.60670703709644,162.28176341644212,0.0
2021-12-22,1992396.4289429118,0.00020507423708821058,499.89478959623887,-192.28343396392302,0.0
2021-12-23,1993020.3093525777,0.0004159202731105897,393.072103294388,230.80830637149666,0.0
2021-12-24,1993621.8899633163,0.00040105374049240184,519.7578728815582,81.82273785704456,0.0
2021-12-25,1993791.767979251,0.00011325201062327252,519.670220273629,-349.7922043387202,0.0
2021-12-26,1993809.8743965402,1.2070944859508926e-05,515.5204778447892,-497.4140605555258,0.0
2021-12-27,1994796.8515918613,0.0006579847968807627,519.2238772386191,467.75331808252486,0.0
2021-12-28,1994768.9744487023,-1.858476210604552e-05,518.6305601107335,-546.5077032698018,0.0
2021-12-29,1996209.6207801457,0.0009604308876289665,486.047723111855,954.5986083315947,0.0
2021-12-30,1996903.1011784864,0.0004623202655603227,474.94550264730657,218.53489569317753,0.0
2021-12-31,1997097.0250383238,0.00012928257322500936,271.3145327273905,-77.39067288987644,0.0
2022-01-01,1996904.8497126522,-0.000128116883781028,472.63441941653576,-664.8097450880778,0.0
2022-01-02,1997800.1713271514,0.0005968810763327573,487.91256558603834,407.40904891309765,0.0
2022-01-03,1997869.8571278378,4.6457200457600456e-05,483.5724830132588,-413.88668232685814,0.0
2022-01-04,1998144.7726629074,0.00018327702337965005,475.0403147447983,-200.12477967532323,0.0
2022-01-05,1998555.591776699,0.0002738794091944413,468.7768864402678,-57.957772648605896,0.0
2022-01-06,2000051.124255212,0.000997021652342091,444.1102970506313,1051.4221814625053,0.0
2022-01-07,1999566.120078843,-0.0003233361175793083,440.61554563833664,-925.6197220072991,0.0
2022-01-08,2000342.9642781224,0.0005178961328528467,425.0064264942025,351.8377727850675,0.0
2022-01-09,2000056.1215448338,-0.0001912284888591642,426.3787983649091,-713.2215316536553,0.0
2022-01-10,2001146.1625642225,0.0007266940129258654,349.8861698571853,740.1548495316129,0.0
2022-01-11,2001793.6230457833,0.00043164032104045795,390.4007134601813,257.0597681005056,0.0
2022-01-12,2002047.6551552722,0.0001693547396594453,-7.118795504522408,261.15090499369035,0.0
2022-01-13,2001766.5940021037,-0.0001873741021124661,-53.662127541192646,-227.3990256275065,0.0
2022-01-14,2001467.2617705043,-0.0001995548210662371,-220.91877448630666,-78.41345711304893,0.0
2022-01-15,2001615.9686586834,9.913792545267559e-05,219.27899958065848,-70.57211140164509,0.0
2022-01-16,2001639.223527511,1.5503245885308673e-05,152.1256809526894,-128.8708121247264,0.0
2022-01-17,2001814.5389789443,0.00011687696762208724,270.09345611744294,-94.77800468431207,0.0
2022-01-18,2002733.0693905195,0.000612353607716813,431.3441932516697,487.18621832354984,0.0
2022-01-19,2002727.0337312636,-4.023772837351013e-06,360.462020728427,-366.4976799844535,0.0
2022-01-20,2002763.0722152246,2.402565597397256e-05,426.0602010793783,-390.0217171184195,0.0
2022-01-21,2003615.7405579868,0.0005684455618415583,315.36569750133816,537.3026452609993,0.0
2022-01-22,2003777.725802163,0.00010799016278400266,162.32617225050032,-0.34092807449633256,0.0
2022-01-23,2004164.7809635852,0.0002580367742816706,85.67474364936231,301.38041777314356,0.0
2022-01-24,2003890.8880831865,-0.00018259525359916846,174.08660936802164,-447.97948976677435,0.0
2022-01-25,2003907.085882632,1.0798532963601844e-05,101.42981804668669,-85.23201860128393,0.0
2022-01-26,2004249.0603678,0.0002279829901119952,-67.48013219145159,409.45461735944446,0.0
2022-01-27,2003820.9478551329,-0.00028540834177807515,-283.55900911982604,-144.5535035472867,0.0
2022-01-28,2004258.5888074131,0.00029176063485355147,120.91877115884863,316.72218112147857,0.0
2022-01-29,2003974.2911627966,-0.0001895317630777644,14.355348561453987,-298.6529931781006,0.0
2022-01-30,2004181.733759032,0.00013829506415705427,327.44927842573054,-120.00668219014915,0.0
2022-01-31,2003955.736527368,-0.00015066482110939644,-52.805769866731204,-173.19146179736344,0.0
2022-02-01,2004450.6778561284,0.0003299608858402468,-54.29379910472287,549.2351278650931,0.0
2022-02-02,2004108.1097678414,-0.00022837872552462765,127.23079824217486,-469.7988865291163,0.0
2022-02-03,2003673.7249023037,-0.0002895899103585303,-101.63906491952395,-332.74580061827146,0.0
2022-02-04,2004403.5829299768,0.00048657201844879344,36.75125240950918,693.1067752636809,0.0
2022-02-05,2004691.9529698994,0.00019224669328169876,388.9438218718997,-100.57378194935154,0.0
2022-02-06,2004645.327782815,-3.108345805616049e-05,423.1736994446282,-469.79888652886893,0.0
2022-02-07,2004999.6095960618,0.00023618787549778943,-41.535681136790586,395.8174943834747,0.0
2022-02-08,2005122.99136391,8.225451189881766e-05,448.28622275558524,-324.90445490735874,0.0
2022-02-09,2005799.9182095956,0.00045128456379044444,287.5869847161944,389.3398609694723,0.0
2022-02-10,2005843.339353304,2.8947429138766666e-05,275.25223430281915,-231.83109059466915,0.0
2022-02-11,2006034.7250889414,0.0001275904904249611,-133.17779119519156,324.5635268326332,0.0
2022-02-12,2005908.9157086466,-8.387292019655948e-05,433.3126617277553,-559.1220420225945,0.0
2022-02-13,2006586.3646339527,0.0004516326168707119,327.99764904182166,349.4512762642462,0.0
2022-02-14,2006672.9605259327,5.773059465342014e-05,272.742620605011,-186.14672862488078,0.0
2022-02-15,2006725.6436736127,3.512209845330157e-05,111.66370455173075,-58.98055687177839,0.0
2022-02-16,2007329.3901322223,0.0004024976390730539,455.4427462438249,148.30371236575593,0.0
2022-02-17,2007696.5096650142,0.00024474635519462643,448.6013425747571,-81.48180978281744,0.0
2022-02-18,2008017.3252793155,0.0002138770762008608,-59.31918865936854,380.1348029606597,0.0
2022-02-19,2007717.3836198822,-0.0001999611062889196,254.40738954782717,-554.3490489812066,0.0
2022-02-20,2008390.9176380946,0.0004490226788083775,28.498101439739248,645.035916772827,0.0
2022-02-21,2008113.2524564313,-0.00018511012110905605,-19.241701265184098,-258.4234803984,0.0
2022-02-22,2008132.472659829,1.2813468931888412e-05,-75.2168732122584,94.43707661009103,0.0
2022-02-23,2007770.3592631286,-0.0002414089311336395,-241.76578643583562,-120.34761026462365,0.0
2022-02-24,2005870.3592631286,-0.0012666666666666666,0.0,0.0,1900.0
2022-02-25,2005870.3592631286,0.0,0.0,0.0,0.0
2022-02-26,2005870.3592631286,0.0,0.0,0.0,0.0
2022-02-27,2005870.3592631286,0.0,0.0,0.0,0.0
2022-02-28,2005870.3592631286,0.0,0.0,0.0,0.0
2022-03-01,2005870.3592631286,0.0,0.0,0.0,0.0
2022-03-02,2005870.3592631286,0.0,0.0,0.0,0.0
2022-03-03,2005870.3592631286,0.0,0.0,0.0,0.0
2022-03-04,2004309.408141987,-0.0010406340807611698,434.16781161678324,-95.118932758538,1900.0
2022-03-05,2005162.5293286894,0.0005687474578016935,288.8852235635848,564.2359631389554,0.0
2022-03-06,2005300.0205071752,9.16607856573101e-05,68.62370745643793,68.86747102952722,0.0
2022-03-07,2005033.5014079756,-0.00017767939946648474,-155.03561886968708,-111.48348033004004,0.0
2022-03-08,2005493.2481593061,0.000306497834220327,302.5789090301619,157.16784230032863,0.0
2022-03-09,2005724.5665903548,0.00015421228736579485,353.3706816856848,-122.05225063699254,0.0
2022-03-10,2005226.6737506967,-0.0003319285597720507,133.84688221275957,-631.7397218708356,0.0
2022-03-11,2005481.6841895054,0.0001700069592058292,-178.30914375914114,433.31958256788494,0.0
2022-03-12,2005525.5773077358,2.9262078820245024e-05,-9.291661376599375,53.18477960696691,0.0
2022-03-13,2005318.2725064117,-0.00013820320088276986,-145.25589178261063,-62.04890954154416,0.0
2022-03-14,2005835.4890332408,0.0003448110178861542,-154.4117797468268,671.6283065760581,0.0
2022-03-15,2005598.8197542017,-0.00015777951935947219,260.4038534418394,-497.07313248104765,0.0
2022-03-16,2005592.6753622638,-4.096261291907922e-06,346.375236996151,-352.51962893401287,0.0
2022-03-17,2005968.097516452,0.00025028143612542797,420.42466000947786,-45.002505821335944,0.0
2022-03-18,2006671.7500411947,0.0004691016831618768,302.0392530947746,401.6132716480406,0.0
2022-03-19,2006622.1613709168,-3.305911351872768e-05,427.0287777387605,-476.617448016852,0.0
2022-03-20,2007292.9871328056,0.0004472171745926042,431.49425365730593,239.3315082316003,0.0
2022-03-21,2007015.952297798,-0.00018468989000523388,125.94214893783861,-402.9769839456894,0.0
2022-03-22,2008087.9869906388,0.0007146897952272678,419.15743035691764,652.8772624839839,0.0
2022-03-23,2008272.4427837224,0.00012297052872248495,390.03542194963137,-205.57962886590394,0.0
2022-03-24,2008320.085833597,3.176203324965115e-05,22.75530044286557,24.887749431611155,0.0
2022-03-25,2008663.8990127854,0.0002292087861256602,231.3069146350195,112.50626455347083,0.0
2022-03-26,2009001.17973528,0.00022485381499658374,190.6816505009938,146.5990719938818,0.0
2022-03-27,2009027.371818555,1.7461388849809087e-05,46.306839664935914,-20.114756390222283,0.0
2022-03-28,2008991.1062764965,-2.4177028038911012e-05,478.8767783660682,-515.1423204244347,0.0
2022-03-29,2009246.6395559176,0.00017035551961406127,475.4318874119128,-219.8986079908209,0.0
2022-03-30,2010273.0222749556,0.0006842551460252815,484.9889368839857,541.3937821539366,0.0
2022-03-31,2010706.5440278715,0.0002890145019438249,481.25168333236735,-47.72993041662994,0.0
2022-04-01,2010766.6914902073,4.009830822392761e-05,416.0763720138963,-355.92890967800486,0.0
2022-04-02,2011677.6465320222,0.0006073033612099722,473.2033942799088,437.7516475350494,0.0
2022-04-03,2012193.7328822846,0.00034405756684165726,468.35641984610515,47.72993041638074,0.0
2022-04-04,2012544.4691164615,0.0002338241561178451,474.49312518537965,-123.756891008612,0.0
2022-04-05,2012493.816409663,-3.376847119894508e-05,476.4220962303583,-527.0748030287759,0.0
2022-04-06,2013654.2286240933,0.0007736081429534698,463.55523034805356,696.856984082151,0.0
2022-04-07,2013664.690300641,6.974451031873325e-06,329.91128226458073,-319.44960571677075,0.0
2022-04-08,2014584.6151712078,0.000613283247044444,359.7800443206497,560.1448262460162,0.0
2022-04-09,2014863.639509688,0.0001860162256534678,421.53227358114253,-142.5079351009408,0.0
2022-04-10,2015250.1760096522,0.0002576909999760901,276.07580385726027,110.46069610687482,0.0
2022-04-11,2015281.557106861,2.09207314725348e-05,290.8273618303747,-259.4462646215725,0.0
2022-04-12,2015175.6821235495,-7.058332220764411e-05,-320.65967018618085,214.78468687471468,0.0
2022-04-13,2014781.191815521,-0.00026299353868564367,-33.106549160123684,-361.38375886834183,0.0
2022-04-14,2015090.2833530724,0.00020606102503425186,181.92536579877745,127.16617175260035,0.0
2022-04-15,2015211.789395375,8.100402820168769e-05,-167.94189286676195,289.4479351692935,0.0
2022-04-16,2015257.5013627005,3.0474644883674025e-05,187.878974351981,-142.16700702646995,0.0
2022-04-17,2015386.965179049,8.63092108990774e-05,282.88144983072925,-153.41763348211316,0.0
2022-04-18,2013486.965179049,-0.0012666666666666666,0.0,0.0,1900.0
2022-04-19,2013486.965179049,0.0,0.0,0.0,0.0
2022-04-20,2013486.965179049,0.0,0.0,0.0,0.0
2022-04-21,2013486.965179049,0.0,0.0,0.0,0.0
2022-04-22,2013486.965179049,0.0,0.0,0.0,0.0
2022-04-23,2013486.965179049,0.0,0.0,0.0,0.0
2022-04-24,2013486.965179049,0.0,0.0,0.0,0.0
2022-04-25,2013486.965179049,0.0,0.0,0.0,0.0
2022-04-26,2013486.965179049,0.0,0.0,0.0,0.0
2022-04-27,2013486.965179049,0.0,0.0,0.0,0.0
2022-04-28,2013486.965179049,0.0,0.0,0.0,0.0
2022-04-29,2013486.965179049,0.0,0.0,0.0,0.0
2022-04-30,2013486.965179049,0.0,0.0,0.0,0.0
2022-05-01,2013486.965179049,0.0,0.0,0.0,0.0
2022-05-02,2013486.965179049,0.0,0.0,0.0,0.0
2022-05-03,2013486.965179049,0.0,0.0,0.0,0.0
2022-05-04,2012431.68040251,-0.0007035231843592739,289.34339025695755,555.3718332041317,1900.0
2022-05-05,2012494.930401658,4.216666609856092e-05,405.8827139238435,-342.6327147760021,0.0
2022-05-06,2012763.9581433507,0.00017935182779501682,-186.79309378590398,455.8208354784292,0.0
2022-05-07,2012757.7399894758,-4.145435916417163e-06,17.646811333812916,-23.86496520843866,0.0
2022-05-08,2012528.645884702,-0.00015272940318256982,209.68032698411616,-438.7744317579709,0.0
2022-05-09,2012896.8355907197,0.0002454598040117346,348.07494962787706,20.11475638972479,0.0
2022-05-10,2013611.3117376869,0.0004763174313114799,307.4080261287276,407.0681208384922,0.0
2022-05-11,2013617.871232943,4.3729968373802515e-06,116.33833521411988,-109.7788399580495,0.0
2022-05-12,2013245.983056192,-0.00024792545116727636,-747.9318428185205,376.04366606760595,0.0
2022-05-13,2012646.3048617472,-0.00039978546296316276,-16.6911872138335,-582.9870072309106,0.0
2022-05-14,2013079.0196379109,0.00028847651744236193,299.4118990716529,133.30287709188997,0.0
2022-05-15,2013168.159977032,5.942689274750683e-05,280.4009888618798,-191.26064974061956,0.0
2022-05-16,2013332.2277940698,0.00010937854469166074,254.4137567546375,-90.3459397171464,0.0
2022-05-17,2013577.6892804478,0.00016364099091873723,142.50120790816763,102.9602784699382,0.0
2022-05-18,2013486.7400371376,-6.0632828873350955e-05,-101.85894169107145,10.909698381045018,0.0
2022-05-19,2013843.3082717783,0.0002377121564269594,124.73714404552071,231.83109059491835,0.0
2022-05-20,2013628.045262815,-0.00014350867264207768,310.1071536937853,-525.3701626569018,0.0
2022-05-21,2014066.0924843876,0.00029203148104831104,2.0002144096659937,436.0470071628006,0.0
2022-05-22,2014349.4234566123,0.0001888873148164236,93.7749628558863,189.55600936874907,0.0
2022-05-23,2014395.2851011811,3.057442971261003e-05,309.739974157652,-263.87832958873696,0.0
2022-05-24,2014342.605830358,-3.5119513882025224e-05,-100.7501293140186,48.070858490980754,0.0
2022-05-25,2014590.0911779513,0.00016499023172884898,239.3030738075188,8.18227378575466,0.0
2022-05-26,2014564.405928852,-1.7123499399467904e-05,183.64458858504625,-209.3298376842481,0.0
2022-05-27,2014928.114817188,0.0002424725922238818,298.5916261246365,65.11726221118624,0.0
2022-05-28,2015179.6625248217,0.0001676984717558946,280.18566588366855,-28.637958249826625,0.0
2022-05-29,2015681.7009337787,0.00033469227263791847,296.79970816556835,205.23870079130938,0.0
2022-05-30,2016084.1931180025,0.0002683281228158731,301.2365461258638,101.25563809794585,0.0
2022-05-31,2016143.7856407678,3.9728348510300523e-05,324.4936365774912,-264.9011138120404,0.0
2022-06-01,2016312.8644872035,0.00011271923095713859,325.2239045128649,-156.14505807715705,0.0
2022-06-02,2016539.924953525,0.00015137364421430042,29.6631112414214,197.39735508002923,0.0
2022-06-03,2016786.4190951195,0.0001643294277295826,21.822540561917652,224.67160103245624,0.0
2022-06-04,2016957.4889201892,0.00011404655004647869,106.97534708182614,64.09447798789188,0.0
2022-06-05,2017014.887994058,3.826604924590067e-05,121.49355185686476,-64.09447798801375,0.0
2022-06-06,2017061.0659244203,3.0785286908063995e-05,261.985401459854,-215.80747109775803,0.0
2022-06-07,2017111.0010571263,3.329008847077234e-05,-42.11544738286564,92.05058008902415,0.0
2022-06-08,2017273.1259936285,0.00010808329100147292,318.26999457924364,-156.14505807703426,0.0
2022-06-09,2017738.0788656408,0.00030996858134151034,299.6027559261822,165.3501160860833,0.0
2022-06-10,2018120.562244647,0.0002549889193374846,233.8387385661247,148.6446404401022,0.0
2022-06-11,2018126.8157662295,4.169014388290388e-06,86.7125471418295,-80.45902555939392,0.0
2022-06-12,2018026.8009130843,-6.667656876343599e-05,106.5875599436787,-206.6024130888327,0.0
2022-06-13,2018102.2315747233,5.028710775935266e-05,16.791032841601407,58.63962879742758,0.0
2022-06-14,2018154.659821637,3.49521646091796e-05,-85.30669514552515,137.73494205929455,0.0
2022-06-15,2018074.2516236464,-5.360546532707965e-05,-75.2942768745078,-5.113921116111669,0.0
2022-06-16,2018121.660457775,3.1605889418925635e-05,-37.823184472771786,85.23201860116023,0.0
2022-06-17,2016221.660457775,-0.0012666666666666666,0.0,0.0,1900.0
2022-06-18,2016221.660457775,0.0,0.0,0.0,0.0
2022-06-19,2016221.660457775,0.0,0.0,0.0,0.0
2022-06-20,2016221.660457775,0.0,0.0,0.0,0.0
2022-06-21,2016221.660457775,0.0,0.0,0.0,0.0
2022-06-22,2016221.660457775,0.0,0.0,0.0,0.0
2022-06-23,2016221.660457775,0.0,0.0,0.0,0.0
2022-06-24,2016221.660457775,0.0,0.0,0.0,0.0
2022-06-25,2016221.660457775,0.0,0.0,0.0,0.0
2022-06-26,2016221.660457775,0.0,0.0,0.0,0.0
2022-06-27,2016221.660457775,0.0,0.0,0.0,0.0
2022-06-28,2016221.660457775,0.0,0.0,0.0,0.0
2022-06-29,2016221.660457775,0.0,0.0,0.0,0.0
2022-06-30,2016221.660457775,0.0,0.0,0.0,0.0
2022-07-01,2016221.660457775,0.0,0.0,0.0,0.0
2022-07-02,2016221.660457775,0.0,0.0,0.0,0.0
2022-07-03,2016221.660457775,0.0,0.0,0.0,0.0
2022-07-04,2016221.660457775,0.0,0.0,0.0,0.0
2022-07-05,2016221.660457775,0.0,0.0,0.0,0.0
2022-07-06,2016221.660457775,0.0,0.0,0.0,0.0
2022-07-07,2016221.660457775,0.0,0.0,0.0,0.0
2022-07-08,2016221.660457775,0.0,0.0,0.0,0.0
2022-07-09,2016221.660457775,0.0,0.0,0.0,0.0
2022-07-10,2016221.660457775,0.0,0.0,0.0,0.0
2022-07-11,2016221.660457775,0.0,0.0,0.0,0.0
2022-07-12,2016221.660457775,0.0,0.0,0.0,0.0
2022-07-13,2016221.660457775,0.0,0.0,0.0,0.0
2022-07-14,2016221.660457775,0.0,0.0,0.0,0.0
2022-07-15,2016221.660457775,0.0,0.0,0.0,0.0
2022-07-16,2016221.660457775,0.0,0.0,0.0,0.0
2022-07-17,2016221.660457775,0.0,0.0,0.0,0.0
2022-07-18,2016221.660457775,0.0,0.0,0.0,0.0
2022-07-19,2016221.660457775,0.0,0.0,0.0,0.0
2022-07-20,2016221.660457775,0.0,0.0,0.0,0.0
2022-07-21,2016221.660457775,0.0,0.0,0.0,0.0
2022-07-22,2016221.660457775,0.0,0.0,0.0,0.0
2022-07-23,2014549.7247022614,-0.001114623837009037,155.10563656385412,72.95860792259009,1900.0
2022-07-24,2014672.4915130157,8.184454050285676e-05,168.79210079879448,-46.02529004450935,0.0
2022-07-25,2014710.330991873,2.5226319238214018e-05,104.32045336615336,-66.48097450883233,0.0
2022-07-26,2015021.3483894325,0.00020734493170640022,162.03182904502637,148.98556851457397,0.0
2022-07-27,2015207.2258213577,0.0001239182879500517,91.44035531523915,94.43707660983841,0.0
2022-07-28,2015420.1508860148,0.0001419500431047755,228.60775607959988,-15.68269142243662,0.0
2022-07-29,2015522.117700076,6.797787604074544e-05,243.79289301336098,-141.82607895224282,0.0
2022-07-30,2015670.8066611658,9.912597405990912e-05,243.12603769982647,-94.43707660996279,0.0
2022-07-31,2016167.545694362,0.00033115935546412377,211.72316299430312,285.01587020188254,0.0
2022-08-01,2016091.8596123757,-5.0457387990863194e-05,210.01164436428846,-285.69772635058325,0.0
2022-08-02,2016398.6311928842,0.00020451438700565987,203.12944588960067,103.64213461888914,0.0
2022-08-03,2016456.6678307196,3.8691091890317586e-05,5.874642451681964,52.16199538379442,0.0
2022-08-04,2016636.3126977065,0.00011976324465789844,23.499808909814295,156.14505807703335,0.0
2022-08-05,2016653.0948040625,1.1188070903914669e-05,81.55844049270925,-64.77633413683725,0.0
2022-08-06,2016925.3473997184,0.00018150173043733064,202.36234040304518,69.89025525295074,0.0
2022-08-07,2016861.4607122096,-4.259112500588992e-05,91.23558634514876,-155.12227385398364,0.0
2022-08-08,2016887.3700325012,1.7272880194455485e-05,180.0088099223707,-154.09948963068746,0.0
2022-08-09,2017120.4339381051,0.00015537593706927528,226.58627219015605,6.477633413756848,0.0
2022-08-10,2017343.9057623432,0.00014898121615864826,68.69047845845962,154.78134577951278,0.0
2022-08-11,2017586.8180712103,0.00016194153924475613,180.52247125124015,62.389837615894066,0.0
2022-08-12,2017737.7349289444,0.00010061123848945226,57.50256534738866,93.41429238678973,0.0
2022-08-13,2017742.1437681867,2.939226161453803e-06,58.6164030724438,-54.2075638302631,0.0
2022-08-14,2017764.8715875766,1.5151879593308674e-05,27.50081243160131,-4.772993041638301,0.0
2022-08-15,2017632.299443855,-8.838142914775559e-05,-33.362074070033444,-99.21006965159995,0.0
2022-08-16,2017570.9290216838,-4.091361478085293e-05,51.47677045653679,-112.84719262781618,0.0
2022-08-17,2017833.9971547956,0.0001753787554080007,82.03532560335748,181.0328075086436,0.0
2022-08-18,2017914.947356182,5.396680092413902e-05,203.34338009730087,-122.39317871109233,0.0
2022-08-19,2017851.3022111682,-4.243009667585099e-05,42.38348612593204,-106.02863113970852,0.0
2022-08-20,2017878.9819314026,1.8453146822914674e-05,-72.55313364039588,100.2328538747679,0.0
2022-08-21,2017917.3359286138,2.5569331474128187e-05,-63.242568961226254,101.59656617241853,0.0
2022-08-22,2017820.6181108262,-6.447854519164765e-05,-53.419952338255214,-43.29786544921626,0.0
2022-08-23,2017863.351020954,2.8488606751917053e-05,-47.61302958914758,90.34593971702316,0.0
2022-08-24,2015963.351020954,-0.0012666666666666666,0.0,0.0,1900.0
2022-08-25,2015963.351020954,0.0,0.0,0.0,0.0
2022-08-26,2015963.351020954,0.0,0.0,0.0,0.0
2022-08-27,2015963.351020954,0.0,0.0,0.0,0.0
2022-08-28,2015963.351020954,0.0,0.0,0.0,0.0
2022-08-29,2015963.351020954,0.0,0.0,0.0,0.0
2022-08-30,2015963.351020954,0.0,0.0,0.0,0.0
2022-08-31,2015963.351020954,0.0,0.0,0.0,0.0
2022-09-01,2015963.351020954,0.0,0.0,0.0,0.0
2022-09-02,2015963.351020954,0.0,0.0,0.0,0.0
2022-09-03,2015963.351020954,0.0,0.0,0.0,0.0
2022-09-04,2015963.351020954,0.0,0.0,0.0,0.0
2022-09-05,2015963.351020954,0.0,0.0,0.0,0.0
2022-09-06,2015963.351020954,0.0,0.0,0.0,0.0
2022-09-07,2015963.351020954,0.0,0.0,0.0,0.0
2022-09-08,2015963.351020954,0.0,0.0,0.0,0.0
2022-09-09,2015963.351020954,0.0,0.0,0.0,0.0
2022-09-10,2015963.351020954,0.0,0.0,0.0,0.0
2022-09-11,2015963.351020954,0.0,0.0,0.0,0.0
2022-09-12,2015963.351020954,0.0,0.0,0.0,0.0
2022-09-13,2015963.351020954,0.0,0.0,0.0,0.0
2022-09-14,2015963.351020954,0.0,0.0,0.0,0.0
2022-09-15,2015963.351020954,0.0,0.0,0.0,0.0
2022-09-16,2015963.351020954,0.0,0.0,0.0,0.0
2022-09-17,2015963.351020954,0.0,0.0,0.0,0.0
2022-09-18,2015963.351020954,0.0,0.0,0.0,0.0
2022-09-19,2015963.351020954,0.0,0.0,0.0,0.0
2022-09-20,2015963.351020954,0.0,0.0,0.0,0.0
2022-09-21,2015963.351020954,0.0,0.0,0.0,0.0
2022-09-22,2015963.351020954,0.0,0.0,0.0,0.0
2022-09-23,2015963.351020954,0.0,0.0,0.0,0.0
2022-09-24,2015963.351020954,0.0,0.0,0.0,0.0
2022-09-25,2015963.351020954,0.0,0.0,0.0,0.0
2022-09-26,2015963.351020954,0.0,0.0,0.0,0.0
2022-09-27,2015963.351020954,0.0,0.0,0.0,0.0
2022-09-28,2015963.351020954,0.0,0.0,0.0,0.0
2022-09-29,2015963.351020954,0.0,0.0,0.0,0.0
2022-09-30,2015963.351020954,0.0,0.0,0.0,0.0
2022-10-01,2015963.351020954,0.0,0.0,0.0,0.0
2022-10-02,2015963.351020954,0.0,0.0,0.0,0.0
2022-10-03,2015963.351020954,0.0,0.0,0.0,0.0
2022-10-04,2015963.351020954,0.0,0.0,0.0,0.0
2022-10-05,2015963.351020954,0.0,0.0,0.0,0.0
2022-10-06,2015963.351020954,0.0,0.0,0.0,0.0
2022-10-07,2015963.351020954,0.0,0.0,0.0,0.0
2022-10-08,2015963.351020954,0.0,0.0,0.0,0.0
2022-10-09,2015963.351020954,0.0,0.0,0.0,0.0
2022-10-10,2015963.351020954,0.0,0.0,0.0,0.0
2022-10-11,2015963.351020954,0.0,0.0,0.0,0.0
2022-10-12,2015963.351020954,0.0,0.0,0.0,0.0
2022-10-13,2015963.351020954,0.0,0.0,0.0,0.0
2022-10-14,2015963.351020954,0.0,0.0,0.0,0.0
2022-10-15,2015963.351020954,0.0,0.0,0.0,0.0
2022-10-16,2015963.351020954,0.0,0.0,0.0,0.0
2022-10-17,2015963.351020954,0.0,0.0,0.0,0.0
2022-10-18,2015963.351020954,0.0,0.0,0.0,0.0
2022-10-19,2015963.351020954,0.0,0.0,0.0,0.0
2022-10-20,2015963.351020954,0.0,0.0,0.0,0.0
2022-10-21,2015963.351020954,0.0,0.0,0.0,0.0
2022-10-22,2015963.351020954,0.0,0.0,0.0,0.0
2022-10-23,2015963.351020954,0.0,0.0,0.0,0.0
2022-10-24,2015963.351020954,0.0,0.0,0.0,0.0
2022-10-25,2015963.351020954,0.0,0.0,0.0,0.0
2022-10-26,2015963.351020954,0.0,0.0,0.0,0.0
2022-10-27,2015963.351020954,0.0,0.0,0.0,0.0
2022-10-28,2015963.351020954,0.0,0.0,0.0,0.0
2022-10-29,2015963.351020954,0.0,0.0,0.0,0.0
2022-10-30,2015963.351020954,0.0,0.0,0.0,0.0
2022-10-31,2015963.351020954,0.0,0.0,0.0,0.0
2022-11-01,2015963.351020954,0.0,0.0,0.0,0.0
2022-11-02,2015963.351020954,0.0,0.0,0.0,0.0
2022-11-03,2015963.351020954,0.0,0.0,0.0,0.0
2022-11-04,2015963.351020954,0.0,0.0,0.0,0.0
2022-11-05,2015963.351020954,0.0,0.0,0.0,0.0
2022-11-06,2015963.351020954,0.0,0.0,0.0,0.0
2022-11-07,2015963.351020954,0.0,0.0,0.0,0.0
2022-11-08,2015963.351020954,0.0,0.0,0.0,0.0
2022-11-09,2015963.351020954,0.0,0.0,0.0,0.0
2022-11-10,2015963.351020954,0.0,0.0,0.0,0.0
2022-11-11,2015963.351020954,0.0,0.0,0.0,0.0
2022-11-12,2015963.351020954,0.0,0.0,0.0,0.0
2022-11-13,2015963.351020954,0.0,0.0,0.0,0.0
2022-11-14,2015963.351020954,0.0,0.0,0.0,0.0
2022-11-15,2015963.351020954,0.0,0.0,0.0,0.0
2022-11-16,2015963.351020954,0.0,0.0,0.0,0.0
2022-11-17,2015963.351020954,0.0,0.0,0.0,0.0
2022-11-18,2015963.351020954,0.0,0.0,0.0,0.0
2022-11-19,2015963.351020954,0.0,0.0,0.0,0.0
2022-11-20,2015963.351020954,0.0,0.0,0.0,0.0
2022-11-21,2015963.351020954,0.0,0.0,0.0,0.0
2022-11-22,2015963.351020954,0.0,0.0,0.0,0.0
2022-11-23,2015963.351020954,0.0,0.0,0.0,0.0
2022-11-24,2015963.351020954,0.0,0.0,0.0,0.0
2022-11-25,2015963.351020954,0.0,0.0,0.0,0.0
2022-11-26,2015963.351020954,0.0,0.0,0.0,0.0
2022-11-27,2015963.351020954,0.0,0.0,0.0,0.0
2022-11-28,2015963.351020954,0.0,0.0,0.0,0.0
2022-11-29,2015963.351020954,0.0,0.0,0.0,0.0
2022-11-30,2015963.351020954,0.0,0.0,0.0,0.0
2022-12-01,2015963.351020954,0.0,0.0,0.0,0.0
2022-12-02,2015963.351020954,0.0,0.0,0.0,0.0
2022-12-03,2015963.351020954,0.0,0.0,0.0,0.0
2022-12-04,2015963.351020954,0.0,0.0,0.0,0.0
2022-12-05,2015963.351020954,0.0,0.0,0.0,0.0
2022-12-06,2015963.351020954,0.0,0.0,0.0,0.0
2022-12-07,2015963.351020954,0.0,0.0,0.0,0.0
2022-12-08,2015963.351020954,0.0,0.0,0.0,0.0
2022-12-09,2015963.351020954,0.0,0.0,0.0,0.0
2022-12-10,2015963.351020954,0.0,0.0,0.0,0.0
2022-12-11,2015963.351020954,0.0,0.0,0.0,0.0
2022-12-12,2015963.351020954,0.0,0.0,0.0,0.0
2022-12-13,2015963.351020954,0.0,0.0,0.0,0.0
2022-12-14,2015963.351020954,0.0,0.0,0.0,0.0
2022-12-15,2015963.351020954,0.0,0.0,0.0,0.0
2022-12-16,2015963.351020954,0.0,0.0,0.0,0.0
2022-12-17,2015963.351020954,0.0,0.0,0.0,0.0
2022-12-18,2015963.351020954,0.0,0.0,0.0,0.0
2022-12-19,2015963.351020954,0.0,0.0,0.0,0.0
2022-12-20,2015963.351020954,0.0,0.0,0.0,0.0
2022-12-21,2015963.351020954,0.0,0.0,0.0,0.0
2022-12-22,2015963.351020954,0.0,0.0,0.0,0.0
2022-12-23,2015963.351020954,0.0,0.0,0.0,0.0
2022-12-24,2015963.351020954,0.0,0.0,0.0,0.0
2022-12-25,2015963.351020954,0.0,0.0,0.0,0.0
2022-12-26,2015963.351020954,0.0,0.0,0.0,0.0
2022-12-27,2015963.351020954,0.0,0.0,0.0,0.0
2022-12-28,2015963.351020954,0.0,0.0,0.0,0.0
2022-12-29,2015963.351020954,0.0,0.0,0.0,0.0
2022-12-30,2015963.351020954,0.0,0.0,0.0,0.0
2022-12-31,2015963.351020954,0.0,0.0,0.0,0.0
2023-01-01,2015963.351020954,0.0,0.0,0.0,0.0
2023-01-02,2015963.351020954,0.0,0.0,0.0,0.0
2023-01-03,2015963.351020954,0.0,0.0,0.0,0.0
2023-01-04,2015963.351020954,0.0,0.0,0.0,0.0
2023-01-05,2015963.351020954,0.0,0.0,0.0,0.0
2023-01-06,2015963.351020954,0.0,0.0,0.0,0.0
2023-01-07,2015963.351020954,0.0,0.0,0.0,0.0
2023-01-08,2015963.351020954,0.0,0.0,0.0,0.0
2023-01-09,2015963.351020954,0.0,0.0,0.0,0.0
2023-01-10,2015963.351020954,0.0,0.0,0.0,0.0
2023-01-11,2015963.351020954,0.0,0.0,0.0,0.0
2023-01-12,2015963.351020954,0.0,0.0,0.0,0.0
2023-01-13,2015963.351020954,0.0,0.0,0.0,0.0
2023-01-14,2015963.351020954,0.0,0.0,0.0,0.0
2023-01-15,2015963.351020954,0.0,0.0,0.0,0.0
2023-01-16,2014288.1866083904,-0.0011167762750425479,213.58496098078191,11.250626455396286,1900.0
2023-01-17,2014749.0006764464,0.00030720937870403804,216.7095667826959,244.10450127336117,0.0
2023-01-18,2015102.8581071442,0.00023590495379858373,216.12248863857195,137.73494205930365,0.0
2023-01-19,2015173.9085406344,4.736695566005426e-05,211.51280014455352,-140.46236665447213,0.0
2023-01-20,2015591.2212091805,0.000278208445697504,215.48324849906416,201.8294200471919,0.0
2023-01-21,2015881.2930427259,0.0001933812223634969,231.77313282216855,58.29870072307676,0.0
2023-01-22,2015996.68151322,7.692564699623687e-05,233.00865616380912,-117.6201856694538,0.0
2023-01-23,2016221.0602570367,0.0001495858292109545,232.22008952771236,-7.84134571128061,0.0
2023-01-24,2016564.169930189,0.0002287397821015561,234.35361741733345,108.7560557350007,0.0
2023-01-25,2016793.2139337754,0.0001526960023909661,231.43050010739233,-2.386496520943183,0.0
2023-01-26,2016871.5653419788,5.223427213563061e-05,235.86017857812536,-157.50877037467944,0.0
2023-01-27,2017373.5816342155,0.00033467752815782446,231.66032923424152,270.3559630024952,0.0
2023-01-28,2017551.9016770362,0.00011888002854707386,235.93688739486632,-57.61684457425554,0.0
2023-01-29,2017764.80444094,0.00014193517593593614,235.40401681457263,-22.501252910668427,0.0
2023-01-30,2017931.588500507,0.00011118937304456267,242.8110201590771,-76.02696059223308,0.0
2023-01-31,2018311.9268375281,0.00025355889134738807,233.3983369528531,146.94000006822898,0.0
2023-02-01,2018485.317742249,0.00011559393648058785,236.4625984855975,-63.07169376471575,0.0
2023-02-02,2018580.7445330587,6.361786053996853e-05,242.7077189525326,-147.2809281425798,0.0
2023-02-03,2018651.2450495649,4.7000344337364236e-05,240.28269755929594,-169.7821810532496,0.0
2023-02-04,2019261.418002377,0.00040678196854140706,239.58413593484184,370.58881687726875,0.0
2023-02-05,2019426.9992676973,0.00011038751021365035,238.53987324294192,-72.9586079224664,0.0
2023-02-06,2019612.081959802,0.0001233884614029477,234.51726289304747,-49.43457078862593,0.0
2023-02-07,2019882.688164011,0.00018040413613941222,232.76318795023818,37.8430162588802,0.0
2023-02-08,2020243.0569800017,0.00024024587732722808,237.63470920539893,122.73410678544315,0.0
2023-02-09,2020397.0463498645,0.00010265957990836782,234.78932349642199,-80.79995363387025,0.0
2023-02-10,2020571.5329974166,0.00011632443170143094,222.8984341173543,-48.411786565207876,0.0
2023-02-11,2020778.094241463,0.00013770749603097618,136.33006071929006,70.23118332717422,0.0
2023-02-12,2021053.5181635679,0.0001836159480698259,131.21134663180112,144.21257547293771,0.0
2023-02-13,2021208.8180906093,0.00010353328469424503,136.54888294916424,18.7510440922033,0.0
2023-02-14,2021326.3555435017,7.835830192825496e-05,214.36102602303995,-96.82357313065751,0.0
2023-02-15,2021566.1487423955,0.00015986213259593416,106.49032180200945,133.3028770918918,0.0
2023-02-16,2021165.0356094027,-0.0002674087553284366,358.13368870539387,-759.2468216980487,0.0
2023-02-17,2021438.0501295296,0.00018200968008455718,240.62635305829525,32.3881670685405,0.0
2023-02-18,2021546.9558526892,7.260381543971732e-05,251.4136582605168,-142.5079351009408,0.0
2023-02-19,2022082.2483860233,0.00035686168888944195,251.9813035043997,283.3112298297633,0.0
2023-02-20,2022717.7304753668,0.00042365472622900557,248.18779682050481,387.2942925230036,0.0
2023-02-21,2022541.640102153,-0.00011739358214262065,254.1608566840654,-430.2512298979964,0.0
2023-02-22,2023247.8040817382,0.00047077598639017456,250.00221603248363,456.1617635527782,0.0
2023-02-23,2023509.7130635225,0.00017460598785616185,141.2204434451464,120.68853833909634,0.0
2023-02-24,2023655.1912775026,9.698547598673377e-05,125.36345759025218,20.11475638984848,0.0
2023-02-25,2023568.0641241157,-5.8084768924613666e-05,13.78755663667636,-100.91471002359685,0.0
2023-02-26,2023779.3858138232,0.00014088112647177192,131.88544837155706,79.4362413361008,0.0
2023-02-27,2023867.560622375,5.878320570119966e-05,129.76803362914526,-41.59322507734578,0.0
2023-02-28,2024041.5957175111,0.00011602339675737233,90.84864498136828,83.18645015469019,0.0
2023-03-01,2024193.2654108803,0.00010111312891283324,159.17011100618103,-7.500417636931161,0.0
2023-03-02,2024335.1818555458,9.461096311044807e-05,207.03370687686018,-65.11726221118806,0.0
2023-03-03,2024320.4126822967,-9.846115499566513e-06,44.552311696901306,-59.321484946251076,0.0
2023-03-04,2024482.7018400338,0.0001081927718247928,49.101037035016724,113.18812070217245,0.0
2023-03-05,2024503.0840337696,1.3588129157181763e-05,46.63365546490657,-26.251461729133922,0.0
2023-03-06,2024622.9800201599,7.993065759347734e-05,114.10020912528084,5.795777264935168,0.0
2023-03-07,2024732.1403759862,7.277357055106434e-05,62.45320963326367,46.70714619333285,0.0
2023-03-08,2024829.7333366058,6.506197374629823e-05,126.57184694375029,-28.978886324302948,0.0
2023-03-09,2024970.147632402,9.360953053060823e-05,221.8961055786061,-81.48180978269374,0.0
2023-03-10,2025062.263133924,6.141033434811304e-05,-69.48440574531992,161.59990726748947,0.0
2023-03-11,2024930.0584196048,-8.813647621284021e-05,-15.607312873103162,-116.59740144615716,0.0
2023-03-12,2024900.8523493123,-1.9470713528347066e-05,37.615832290661636,-66.82190258318224,0.0
2023-03-13,2025212.4207371655,0.00020771225856890078,194.97098640719767,116.59740144615353,0.0
2023-03-14,2025012.9869960255,-0.00013295582742671176,451.0570248229731,-650.4907659630408,0.0
2023-03-15,2025320.6625390388,0.0002051170286754466,473.366587173604,-165.6910441604341,0.0
2023-03-16,2025904.8895016764,0.00038948464175842944,248.41280934961154,335.8141532880327,0.0
2023-03-17,2026462.1546944543,0.000371510128518531,198.6088585046213,358.65633427317516,0.0
2023-03-18,2026842.8066853038,0.00025376799389967866,280.07820890026835,100.57378194924968,0.0
2023-03-19,2026751.8504843335,-6.063746731347502e-05,275.2005509397683,-366.1567519099808,0.0
2023-03-20,2027594.277830788,0.0005616182309696334,277.1685990924495,565.2587473620006,0.0
2023-03-21,2027543.7292510602,-3.369905315181912e-05,91.27749922438863,-141.8260789521173,0.0
2023-03-22,2027726.9899856239,0.00012217382304248497,53.70806629005479,129.55266827367268,0.0
2023-03-23,2027827.7025731658,6.714172502785312e-05,85.02989611921573,15.682691422563948,0.0
2023-03-24,2027920.9532200764,6.21670979405959e-05,289.2842896934034,-196.03364278250956,0.0
2023-03-25,2028062.4955353872,9.436154354051375e-05,3.807373251465139,137.73494205930547,0.0
2023-03-26,2028076.1763028847,9.120511664837526e-06,3.452925265156812,10.227842232099476,0.0
2023-03-27,2028054.520295016,-1.4437338579042423e-05,46.870535086612776,-68.52654295517641,0.0
2023-03-28,2028092.3330750458,2.520852001989876e-05,66.79166635414927,-28.97888632430113,0.0
2023-03-29,2028255.1116722971,0.00010851906483427193,215.2815207096759,-52.502923458268015,0.0
2023-03-30,2028341.5707158577,5.7639362373571276e-05,132.8252616793435,-46.36621811898658,0.0
2023-03-31,2028592.2526367828,0.00016712128061673452,130.33431066047996,120.34761026462184,0.0
2023-04-01,2028770.7749972325,0.00011901490696646708,279.77799854764646,-101.25563809794585,0.0
2023-04-02,2028873.4700049544,6.846333848133734e-05,154.51607503145064,-51.82106730944463,0.0
2023-04-03,2028985.2252694294,7.450350964994164e-05,59.59326909111985,52.1619953837926,0.0
2023-04-04,2029016.8881201334,2.110856713616468e-05,-81.86619807239266,113.52904877663968,0.0
2023-04-05,2029055.3249186145,2.5624532320576765e-05,158.78440874548699,-120.34761026462184,0.0
2023-04-06,2029267.429232377,0.00014140287584185436,19.8208797989888,192.28343396379276,0.0
2023-04-07,2029099.836293475,-0.00011172862593480994,5.598522895024838,-173.19146179723975,0.0
2023-04-08,2029297.7446616227,0.00013193891209849472,37.331245103420535,160.57712304432152,0.0
2023-04-09,2029216.4212489668,-5.421560843728467e-05,-7.6829485846371,-73.6404640712899,0.0
2023-04-10,2029498.9729148436,0.0001883677772511739,252.54999532928542,30.00167054747544,0.0
2023-04-11,2029798.2030992517,0.0001994867896053964,302.98039322644104,-3.7502088183464366,0.0
2023-04-12,2030035.9438004044,0.00015849380076849026,200.9204691170304,36.820232035704976,0.0
2023-04-13,2030177.1294087393,9.412373888992603e-05,214.82607240630446,-73.64046407141541,0.0
2023-04-14,2030245.6683781478,4.569264627237546e-05,137.74736851256492,-69.20839910400173,0.0
2023-04-15,2030480.7404810265,0.00015671473525232378,139.95317011969985,95.11893275878583,0.0
2023-04-16,2030787.2113564273,0.00020431391693393838,280.2194136718977,26.25146172900986,0.0
2023-04-17,2031184.4355069539,0.00026481610035113817,282.6723175267714,114.5518329999359,0.0
2023-04-18,2031025.2231171164,-0.00010614159322506267,109.77986086725282,-268.9922507048468,0.0
2023-04-19,2031330.1518017817,0.00020328578977686705,167.19374260612244,137.73494205917814,0.0
2023-04-20,2031095.4178023885,-0.00015648933292877943,178.12989871026912,-412.86389810343826,0.0
2023-04-21,2031745.6909472456,0.0004335154299046515,253.09193817610304,397.1812066808743,0.0
2023-04-22,2031802.0744043244,3.7588971385943924e-05,176.04921119471422,-119.66575411579834,0.0
2023-04-23,2031853.1848048808,3.407360037084459e-05,71.22515694623905,-20.11475638997217,0.0
2023-04-24,2032128.4561419324,0.00018351422470116828,103.44358755203416,171.82774949971827,0.0
2023-04-25,2032278.397995354,9.996123561425903e-05,189.48951005226428,-39.547656630875736,0.0
2023-04-26,2032452.439177556,0.00011602745480145188,154.60828196115466,19.432900241023162,0.0
2023-04-27,2032741.2156862481,0.0001925176724613604,111.83483807621107,176.94167061582948,0.0
2023-04-28,2032798.8456510985,3.841997656686692e-05,245.82226192140246,-188.19229707110208,0.0
2023-04-29,2032873.914671987,5.004601392573562e-05,145.98206036472484,-70.91303947612141,0.0
2023-04-30,2033207.1113942023,0.00022213114814350577,126.59430912630363,206.60241308895502,0.0
2023-05-01,2032916.1455493998,-0.00019397722986846477,-33.565148627594034,-257.4006961751031,0.0
2023-05-02,2033116.96879916,0.00013388216650694377,79.45285527262314,121.37039448779251,0.0
2023-05-03,2033298.9036019843,0.00012128986854946832,192.50357313077663,-10.568770306574152,0.0
2023-05-04,2033345.379336565,3.098382305381411e-05,240.4638089166329,-193.98807433591173,0.0
2023-05-05,2033713.4423155263,0.0002453753193075856,218.0546262235056,150.00835273787288,0.0
2023-05-06,2034081.2167711495,0.0002451829704153669,301.6344091886935,66.14004643435692,0.0
2023-05-07,2034093.0365738203,7.87986844719156e-06,141.713399018809,-129.89359634802167,0.0
2023-05-08,2034151.990424262,3.930256696118213e-05,48.726008209548034,10.227842232225157,0.0
2023-05-09,2034214.0453594346,4.136995678168153e-05,116.26249900278539,-54.2075638302631,0.0
2023-05-10,2034639.6620662054,0.0002837444711807387,116.0540152122107,309.5626915588973,0.0
2023-05-11,2034688.9899288933,3.28852417919519e-05,129.10503209837822,-79.77716941045037,0.0
2023-05-12,2034663.84353356,-1.676426355564092e-05,95.20121493128596,-120.34761026474735,0.0
2023-05-13,2034672.142792996,5.532839623991634e-06,90.1219972930311,-81.82273785704365,0.0
2023-05-14,2034838.4783189967,0.00011089035066733247,75.64865820937756,90.68686779162113,0.0
2023-05-15,2034973.1612449437,8.978861729796242e-05,24.222229840070643,110.460696106873,0.0
2023-05-16,2034929.714330002,-2.896460996118331e-05,163.1554981470559,-206.60241308883087,0.0
2023-05-17,2035095.8503144146,0.00011075732294176306,183.1823881329756,-17.046403720331,0.0
2023-05-18,2035386.8150145174,0.00019397646673508868,264.71323837350036,26.251461729132643,0.0
2023-05-19,2035554.2234657833,0.00011160563417733776,100.5865486828244,66.82190258318224,0.0
2023-05-20,2035558.9672146626,3.162499252855369e-06,63.38337767671154,-58.639628797428486,0.0
2023-05-21,2035807.6660512113,0.000165799224365899,158.01196875735127,90.6868677914972,0.0
2023-05-22,2035954.20909754,9.76953642191407e-05,72.90258225742116,73.6404640712899,0.0
2023-05-23,2036027.5788647202,4.891317812011232e-05,274.5173310786624,-201.1475638984939,0.0
2023-05-24,2036201.4629038656,0.00011592269276359733,152.40557045790052,21.47846868749548,0.0
2023-05-25,2036616.858158147,0.00027693016952079014,231.63502217737127,183.7602321038139,0.0
2023-05-26,2036735.9321535854,7.938266362558822e-05,221.35241775962527,-102.27842232124294,0.0
2023-05-27,2037083.2652660883,0.00023155540833529298,209.93909851798568,137.39401398495374,0.0
2023-05-28,2037239.0786038763,0.00010387555852540125,273.43352345755613,-117.62018566945426,0.0
2023-05-29,2037407.7268581542,0.00011243216951850267,286.9502960960327,-118.30204181827867,0.0
2023-05-30,2037761.2858255513,0.00023570597826473802,180.3675055997436,173.19146179736344,0.0
2023-05-31,2037906.937335692,9.710100676057061e-05,142.24222939686416,3.409280743991758,0.0
2023-06-01,2037933.6218820023,1.7789697540035168e-05,201.58064847929032,-174.89610216923757,0.0
2023-06-02,2038267.6784503567,0.00022270437890289284,219.1638072801781,114.89276107416117,0.0
2023-06-03,2038554.691549086,0.00019134206581957074,213.37263465806618,73.6404640712899,0.0
2023-06-04,2038767.8787373498,0.00014212479217590128,229.21080776088672,-16.023619497034815,0.0
2023-06-05,2038969.1773820242,0.00013419909644967886,253.1197119839628,-51.821067309444516,0.0
2023-06-06,2038944.5870672455,-1.6393543185861247e-05,-51.86456073122252,27.274245952430647,0.0
2023-06-07,2038995.8804145453,3.41955648666256e-05,222.78016872530404,-171.48682142536563,0.0
2023-06-08,2039275.0452667358,0.000186109901460398,113.13287995581572,166.03197223478128,0.0
2023-06-09,2039417.8250196995,9.518650197568437e-05,170.73585506465702,-27.956102101130455,0.0
2023-06-10,2039449.9773867973,2.1434911398465658e-05,135.1126455677646,-102.9602784700661,0.0
2023-06-11,2039740.6249166713,0.00019376501991597416,119.50163652294275,171.14589335101846,0.0
2023-06-12,2039907.57486843,0.00011129996783907857,135.58456891349633,31.36538284512153,0.0
2023-06-13,2039932.5893573277,1.667632593179805e-05,200.25151914140676,-175.23703024370968,0.0
2023-06-14,2040209.5822251122,0.00018466191185645902,77.89087233266397,199.10199545202454,0.0
2023-06-15,2040171.224195574,-2.557201969210906e-05,82.33050880105826,-120.68853833922185,0.0
2023-06-16,2040207.5749587417,2.4233842111765733e-05,43.510252729981566,-7.159489562332965,0.0
2023-06-17,2040338.4549810041,8.725334817496403e-05,246.11371141120358,-115.23368914875755,0.0
2023-06-18,2040475.5865032822,9.142101485208558e-05,168.4969051231262,-31.36538284499784,0.0
2023-06-19,2040703.990264128,0.00015226917389715296,153.74051255126705,74.66324829446239,0.0
2023-06-20,2040899.0049830158,0.00013000981259181582,11.936342932731485,183.07837595499223,0.0
2023-06-21,2041133.6202737081,0.00015641019379486682,181.77143915968048,52.84385153261974,0.0
2023-06-22,2041026.4815077996,-7.142584393903019e-05,298.90657070677804,-406.0453366153233,0.0
2023-06-23,2041486.4787121895,0.00030666480292650003,305.55678668471313,154.4404177050369,0.0
2023-06-24,2041973.7348207682,0.00032483740571918575,313.7237187070644,173.53238987171426,0.0
2023-06-25,2041884.659179056,-5.9383761141255563e-05,312.19670186180826,-401.2723435736916,0.0
2023-06-26,2042244.931512402,0.00024018155556389603,311.5196187060416,48.752714639802434,0.0
2023-06-27,2042664.2058810885,0.000279516245791068,309.4955287283042,109.7788399582978,0.0
2023-06-28,2042960.2434377251,0.00019735837109100123,250.0122665921171,46.02529004438475,0.0
2023-06-29,2043288.8760932481,0.00021908843701533843,265.2200336836937,63.41262183931394,0.0
2023-06-30,2043474.4081285545,0.00012368802353762145,311.3344947616402,-125.80245945520801,0.0
2023-07-01,2043935.2767451026,0.00030724574436533444,311.5421199589523,149.32649658904938,0.0
2023-07-02,2044265.3660341655,0.0002200595260418371,312.7019572680752,17.38733179468045,0.0
2023-07-03,2044306.4072966902,2.7360841683157293e-05,313.10186589935125,-272.0606033746153,0.0
2023-07-04,2044723.181639807,0.0002778495620779107,318.5870576884395,98.18728542842655,0.0
2023-07-05,2045147.5290182405,0.00028289825228907403,314.56853847543783,109.7788399581732,0.0
2023-07-06,2045551.1002878225,0.00026904751305461167,199.6962810883788,203.8749884935387,0.0
2023-07-07,2045755.4165709906,0.00013621085544538646,43.39823204928456,160.91805111879512,0.0
2023-07-08,2045688.2088305596,-4.480516028729458e-05,83.48246845562991,-150.69020888657178,0.0
2023-07-09,2045837.6917876333,9.965530471582083e-05,192.78082252307235,-43.29786544934109,0.0
2023-07-10,2045809.9835373103,-1.847216688202964e-05,58.20562442681467,-85.91387474985913,0.0
2023-07-11,2046079.6231729602,0.0001797597571000749,209.63629455503775,60.003341095074575,0.0
2023-07-12,2046239.5705374158,0.0001066315763037038,189.60810692868125,-29.660742473125538,0.0
2023-07-13,2046204.6097661685,-2.3307180831675797e-05,57.08980884162869,-92.05058008914239,0.0
2023-07-14,2046578.3514858778,0.00024916114647298475,321.579724325559,52.16199538391811,0.0
2023-07-15,2046771.6414272725,0.0001288599609296376,-13.653399768850775,206.9433411633072,0.0
2023-07-16,2046726.0958987144,-3.0363685705233443e-05,148.10161770371303,-193.6471462615632,0.0
2023-07-17,2046954.8735609706,0.00015251844150408625,157.86462278013212,70.91303947599727,0.0
2023-07-18,2047037.0510372166,5.478498416388741e-05,187.5242512367166,-105.34677499088548,0.0
2023-07-19,2047318.9591331673,0.0001879387306338715,233.15538131100482,48.752714639802434,0.0
2023-07-20,2047510.1563866506,0.00012746483565563162,181.99219547452074,9.205058008926699,0.0
2023-07-21,2047424.4434757046,-5.714194063076525e-05,74.86421209817365,-160.57712304432152,0.0
2023-07-22,2047499.8295644755,5.025739251392793e-05,33.79286369354658,41.59322507734532,0.0
2023-07-23,2047735.266439938,0.0001569579169749324,226.2318174534719,9.205058008926699,0.0
2023-07-24,2048065.2389830225,0.00021998169538978653,249.51351752540774,80.45902555927205,0.0
2023-07-25,2048299.5466787922,0.00015620513051299725,239.42161688548566,-5.113921115989797,0.0
2023-07-26,2048551.0845534464,0.00016769191643621967,251.19694657998005,0.34092807434944916,0.0
2023-07-27,2048759.979677834,0.00013926341625844157,98.43442828066564,110.46069610699669,0.0
2023-07-28,2048868.32930312,7.223308352394289e-05,209.60526338398387,-101.25563809806954,0.0
2023-07-29,2049128.608148192,0.00017351923004803324,220.7311884411746,39.54765663087528,0.0
2023-07-30,2049297.7421768368,0.0001127560190965974,180.72558317451768,-11.59155452962159,0.0
2023-07-31,2049343.768647856,3.0684314012860154e-05,179.32934811142894,-133.30287709213871,0.0
2023-08-01,2049627.1021792914,0.0001888890209568421,229.80782375382267,53.52570768144051,0.0
2023-08-02,2049703.4823413687,5.092010805151021e-05,303.77918770477,-227.39902562750467,0.0
2023-08-03,2050377.1923547671,0.00044914000893227755,298.348203479512,375.3618099189043,0.0
2023-08-04,2050580.1903711115,0.00013533201089614396,279.70683308502413,-76.70881674080817,0.0
2023-08-05,2050797.9389840795,0.0001451657419787816,239.9089378044914,-22.160324836318978,0.0
2023-08-06,2051147.2985506917,0.00023290637774146144,297.197571228398,52.16199538379419,0.0
2023-08-07,2051356.7992196265,0.00013966711262328356,274.277003071762,-64.77633413683668,0.0
2023-08-08,2051464.3292011824,7.168665437056714e-05,249.69698858231882,-142.16700702646813,0.0
2023-08-09,2051840.723162187,0.0002509293073363813,269.0016175673419,107.39234343723001,0.0
2023-08-10,2052043.3138382474,0.00013506045070695442,285.0952700661742,-82.50459400574255,0.0
2023-08-11,2052416.8351394674,0.0002490142008133986,272.2656631221512,101.25563809794676,0.0
2023-08-12,2052658.2194531965,0.00016092287581928458,293.88723718707064,-52.502923458143755,0.0
2023-08-13,2052866.472043261,0.0001388350600431293,247.11839054674638,-38.865800482052464,0.0
2023-08-14,2053205.9678788246,0.0002263305570423411,299.6072508582865,39.888584705225185,0.0
2023-08-15,2053536.5266258456,0.00022037249801407075,300.8980045479806,29.660742473125538,0.0
2023-08-16,2053824.4973196685,0.00019198046254845295,298.5394641292527,-10.568770306573242,0.0
2023-08-17,2054288.6477098605,0.00030943359346145523,293.68635299010975,170.4640372020731,0.0
2023-08-18,2054343.9935179795,3.6897205412627936e-05,137.1685459758555,-81.82273785691359,0.0
2023-08-19,2054233.4717807465,-7.368115815537859e-05,-52.22303650998749,-58.2987007230804,0.0
2023-08-20,2054152.3478982574,-5.408258832601026e-05,-67.82768758714974,-13.296194901865647,0.0
2023-08-21,2054205.112231726,3.517622231241515e-05,-32.12675705806346,84.89109052668618,0.0
2023-08-22,2054124.3824086336,-5.381988206165468e-05,7.229620103846693,-87.95944319632872,0.0
2023-08-23,2054149.69563187,1.687548215763831e-05,26.336007459506266,-1.0227842230488022,0.0
2023-08-24,2054259.851406271,7.343718293397664e-05,41.288303371437735,68.86747102952722,0.0
2023-08-25,2052359.851406271,-0.0012666666666666666,0.0,0.0,1900.0
2023-08-26,2052359.851406271,0.0,0.0,0.0,0.0
2023-08-27,2052359.851406271,0.0,0.0,0.0,0.0
2023-08-28,2052359.851406271,0.0,0.0,0.0,0.0
2023-08-29,2052359.851406271,0.0,0.0,0.0,0.0
2023-08-30,2052359.851406271,0.0,0.0,0.0,0.0
2023-08-31,2052359.851406271,0.0,0.0,0.0,0.0
2023-09-01,2052359.851406271,0.0,0.0,0.0,0.0
2023-09-02,2052359.851406271,0.0,0.0,0.0,0.0
2023-09-03,2052359.851406271,0.0,0.0,0.0,0.0
2023-09-04,2052359.851406271,0.0,0.0,0.0,0.0
2023-09-05,2052359.851406271,0.0,0.0,0.0,0.0
2023-09-06,2052359.851406271,0.0,0.0,0.0,0.0
2023-09-07,2052359.851406271,0.0,0.0,0.0,0.0
2023-09-08,2052359.851406271,0.0,0.0,0.0,0.0
2023-09-09,2052359.851406271,0.0,0.0,0.0,0.0
2023-09-10,2052359.851406271,0.0,0.0,0.0,0.0
2023-09-11,2052359.851406271,0.0,0.0,0.0,0.0
2023-09-12,2052359.851406271,0.0,0.0,0.0,0.0
2023-09-13,2052359.851406271,0.0,0.0,0.0,0.0
2023-09-14,2052359.851406271,0.0,0.0,0.0,0.0
2023-09-15,2052359.851406271,0.0,0.0,0.0,0.0
2023-09-16,2052359.851406271,0.0,0.0,0.0,0.0
2023-09-17,2052359.851406271,0.0,0.0,0.0,0.0
2023-09-18,2052359.851406271,0.0,0.0,0.0,0.0
2023-09-19,2052359.851406271,0.0,0.0,0.0,0.0
2023-09-20,2052359.851406271,0.0,0.0,0.0,0.0
2023-09-21,2052359.851406271,0.0,0.0,0.0,0.0
2023-09-22,2052359.851406271,0.0,0.0,0.0,0.0
2023-09-23,2052359.851406271,0.0,0.0,0.0,0.0
2023-09-24,2052359.851406271,0.0,0.0,0.0,0.0
2023-09-25,2052359.851406271,0.0,0.0,0.0,0.0
2023-09-26,2052359.851406271,0.0,0.0,0.0,0.0
2023-09-27,2052359.851406271,0.0,0.0,0.0,0.0
2023-09-28,2052359.851406271,0.0,0.0,0.0,0.0
2023-09-29,2052359.851406271,0.0,0.0,0.0,0.0
2023-09-30,2052359.851406271,0.0,0.0,0.0,0.0
2023-10-01,2052359.851406271,0.0,0.0,0.0,0.0
2023-10-02,2052359.851406271,0.0,0.0,0.0,0.0
2023-10-03,2052359.851406271,0.0,0.0,0.0,0.0
2023-10-04,2052359.851406271,0.0,0.0,0.0,0.0
2023-10-05,2052359.851406271,0.0,0.0,0.0,0.0
2023-10-06,2052359.851406271,0.0,0.0,0.0,0.0
2023-10-07,2052359.851406271,0.0,0.0,0.0,0.0
2023-10-08,2052359.851406271,0.0,0.0,0.0,0.0
2023-10-09,2052359.851406271,0.0,0.0,0.0,0.0
2023-10-10,2052359.851406271,0.0,0.0,0.0,0.0
2023-10-11,2052359.851406271,0.0,0.0,0.0,0.0
2023-10-12,2052359.851406271,0.0,0.0,0.0,0.0
2023-10-13,2052359.851406271,0.0,0.0,0.0,0.0
2023-10-14,2052359.851406271,0.0,0.0,0.0,0.0
2023-10-15,2052359.851406271,0.0,0.0,0.0,0.0
2023-10-16,2052359.851406271,0.0,0.0,0.0,0.0
2023-10-17,2052359.851406271,0.0,0.0,0.0,0.0
2023-10-18,2052359.851406271,0.0,0.0,0.0,0.0
2023-10-19,2052359.851406271,0.0,0.0,0.0,0.0
2023-10-20,2052359.851406271,0.0,0.0,0.0,0.0
2023-10-21,2052359.851406271,0.0,0.0,0.0,0.0
2023-10-22,2052359.851406271,0.0,0.0,0.0,0.0
2023-10-23,2052359.851406271,0.0,0.0,0.0,0.0
2023-10-24,2052359.851406271,0.0,0.0,0.0,0.0
2023-10-25,2052359.851406271,0.0,0.0,0.0,0.0
2023-10-26,2052359.851406271,0.0,0.0,0.0,0.0
2023-10-27,2050448.1302990732,-0.0012744807381319307,349.32172359597297,-361.04283079386914,1900.0
2023-10-28,2050833.9913299715,0.00025724068726557415,346.6543023418349,39.206728556526286,0.0
2023-10-29,2051029.2070863033,0.00013014383755459135,348.63338981375097,-153.41763348186396,0.0
2023-10-30,2051483.6157976973,0.0003029391409292992,353.1530732961267,101.25563809782216,0.0
2023-10-31,2051620.162264489,9.103097786118126e-05,352.69486596412764,-216.14839917235577,0.0
2023-11-01,2051887.293729764,0.00017808764351656675,354.4090523222317,-87.27758704738153,0.0
2023-11-02,2052098.029895755,0.00014049077732744016,362.4491591009045,-151.71299310974427,0.0
2023-11-03,2053053.720496709,0.000637127067302676,357.3618303746459,598.3287705793682,0.0
2023-11-04,2053913.205286203,0.0005729898596625416,354.91123937582887,504.57355011798336,0.0
2023-11-05,2053456.3926909561,-0.0003045417301644814,358.6873587279292,-815.4999539746514,0.0
2023-11-06,2053611.0939186383,0.00010313415178797095,358.23528810126936,-203.53406041931294,0.0
2023-11-07,2054044.6606740598,0.0002890445036143397,358.5625790526973,75.0041763688123,0.0
2023-11-08,2054544.5277121107,0.00033324469203400823,362.1320959917087,137.73494205930365,0.0
2023-11-09,2055214.4615791899,0.0004466225780527937,486.1736349751293,183.7602321040613,0.0
2023-11-10,2055047.867200821,-0.00011106291891262041,396.61880054684866,-563.2131789157793,0.0
2023-11-11,2055226.1935598454,0.00011888423934956578,525.0502106935501,-346.7238516692014,0.0
2023-11-12,2055946.856518283,0.00048044197229175114,837.9422160324837,-117.27925759485697,0.0
2023-11-13,2057116.9181687157,0.0007800411002885256,807.3141792668,362.7474711659884,0.0
2023-11-14,2057655.467401662,0.00035903282196404887,599.9162863386712,-61.36705339259788,0.0
2023-11-15,2058543.1667167372,0.0005917995433835589,363.6928647163308,524.0064503590074,0.0
2023-11-16,2058362.417940328,-0.0001204991842727929,480.6516879348964,-661.4004643440858,0.0
2023-11-17,2059237.3348391098,0.000583277932521354,370.0024205893284,504.9144781927025,0.0
2023-11-18,2059765.3154880325,0.00035198709928166433,374.5630154406325,153.41763348186396,0.0
2023-11-19,2059975.8136862274,0.00014033213213001828,374.1436739091154,-163.64547571408798,0.0
2023-11-20,2060250.354200415,0.00018302700945840188,382.273785699431,-107.7332715118282,0.0
2023-11-21,2060706.4743707431,0.0003040801135519294,383.1615624051794,72.95860792271469,0.0
2023-11-22,2061701.3399939425,0.0006632437487996279,365.5123978494257,629.3532253500161,0.0
2023-11-23,2061749.889856378,3.236657495694662e-05,382.6593753515821,-334.1095129161622,0.0
2023-11-24,2062302.4769890704,0.0003683914217950045,381.44123934173615,171.14589335077062,0.0
2023-11-25,2062940.4178516867,0.00042529390841084143,385.65408755714816,252.286775059114,0.0
2023-11-26,2063555.1115107657,0.0004097957727192623,386.2718492279684,228.421809850925,0.0
2023-11-27,2063786.3074523578,0.00015413062772803618,382.90893470204594,-151.71299310999166,0.0
2023-11-28,2064125.5417960882,0.00022615622915364195,380.8275688078087,-41.59322507734578,0.0
2023-11-29,2064463.865180004,0.00022554892261050379,386.7351704810836,-48.41178656532793,0.0
2023-11-30,2065211.2190667547,0.0004982359245005003,386.9929121053332,360.3609746454173,0.0
2023-12-01,2065243.0982282078,2.1252774302099813e-05,385.7625026848087,-353.88334123165896,0.0
2023-12-02,2066108.5222212258,0.0005769493286785499,335.6217653937549,529.8022276240699,0.0
2023-12-03,2066260.9351396724,0.00010160861229771593,403.33598120804453,-250.92306276147065,0.0
2023-12-04,2065892.8671449772,-0.0002453786631301252,408.9070868718827,-776.9750815670704,0.0
2023-12-05,2066511.2400998347,0.0004122486365718257,429.4988016378184,188.87415321992012,0.0
2023-12-06,2066761.6350650091,0.0001669299767828553,450.8606729238333,-200.46570774955035,0.0
2023-12-07,2067054.9194637996,0.00019552293252695166,447.7248164954639,-154.44041770503645,0.0
2023-12-08,2067489.1373509318,0.00028947859142151476,790.146796810277,-355.92890967800486,0.0
2023-12-09,2067839.255485237,0.00023341208953680409,887.0798514917309,-536.9617171865248,0.0
2023-12-10,2069422.1964760423,0.0010552939938700677,969.6113849521167,613.329605852985,0.0
2023-12-11,2069941.2679151339,0.0003460476260610429,518.7305110170907,0.3409280744735952,0.0
2023-12-12,2070462.5922843316,0.00034754957946530316,422.11429954622474,99.21006965173001,0.0
2023-12-13,2070788.6574673245,0.00021737678866189127,490.733442930345,-164.66825993750808,0.0
2023-12-14,2071791.4121661657,0.0006685031325608563,438.5187357023289,564.2359631389554,0.0
2023-12-15,2072092.7820151686,0.00020091323266864397,440.1275752854421,-138.75772628247614,0.0
2023-12-16,2071919.6041904944,-0.00011545188311617851,429.24208279779225,-602.41990747206,0.0
2023-12-17,2072977.0342064837,0.0007049533439928925,432.5088556067327,624.9211603826061,0.0
2023-12-18,2073098.0840998075,8.069992888253023e-05,549.9374109240174,-428.88751760022205,0.0
2023-12-19,2073805.903285194,0.0004718794569242851,436.44043816076135,271.3787472256663,0.0
2023-12-20,2074162.5718187601,0.00023777902237740212,636.570482651875,-279.9019490857718,0.0
2023-12-21,2074827.9526634775,0.0004435872298115661,1271.2100329336522,-605.829188216303,0.0
2023-12-22,2076184.7314941622,0.0009045192204566532,1173.7004547298657,183.0783759551141,0.0
2023-12-23,2076956.7327485052,0.0005146675028951469,620.2882612327277,151.71299310999257,0.0
2023-12-24,2077952.2268312892,0.0006636627218561163,753.0942218828093,242.39986090136517,0.0
2023-12-25,2079010.9893398378,0.0007058416723657159,849.0917427902236,209.67076575835017,0.0
2023-12-26,2079805.2072042304,0.0005294785762616921,1437.8900688674712,-643.6722044749331,0.0
2023-12-27,2081432.8405041073,0.0010850888665846295,1419.3262464159936,208.30705346095056,0.0
2023-12-28,2083091.1464998727,0.001105537330510355,1497.0470165725137,161.2589791930186,0.0
2023-12-29,2084912.453010031,0.0012142043401054332,2209.9645149786747,-388.6580048205251,0.0
2023-12-30,2086833.9218203966,0.0012809792069103918,1642.5896455029883,278.8791648625993,0.0
2023-12-31,2088015.1650342229,0.0007874954758843205,1380.6861373531028,-199.44292352662205,0.0
2024-01-01,2089554.5262106976,0.0010262407843164853,1416.967997763512,122.39317871121602,0.0
2024-01-02,2091195.024400881,0.001093665460122173,2333.6049654469402,-693.1067752636809,0.0
2024-01-03,2092547.7280884956,0.000901802458409762,740.3968659845831,612.3068216300599,0.0
2024-01-04,2093958.3128824215,0.0009403898626172829,438.25792572540973,972.3268682005146,0.0
2024-01-05,2094804.2624864331,0.0005639664026745232,451.49582192644823,394.45378208533657,0.0
2024-01-06,2095000.759450469,0.0001309979760237576,451.51116368979643,-255.01419965416002,0.0
2024-01-07,2095856.0450288705,0.0005701903856010496,449.58116986059457,405.7044085409798,0.0
2024-01-08,2096318.5163482963,0.00030831421295048067,449.17512452397926,13.296194901741728,0.0
2024-01-09,2095651.0398638102,-0.0004449843229906702,480.42834203268137,-1147.9048265186866,0.0
2024-01-10,2096724.7645371156,0.0007158164488703611,471.6456939079563,602.0789793975855,0.0
2024-01-11,2097028.1530212471,0.00020225898942103382,477.2618020776158,-173.87331794606507,0.0
2024-01-12,2097851.881956154,0.0005491526232711152,473.9367305679521,349.7922043387207,0.0
2024-01-13,2098033.143185472,0.00012084081954553597,437.6391412703662,-256.3779119520623,0.0
2024-01-14,2098738.997943294,0.0004705698385477952,438.22621941449023,267.62853840720254,0.0
2024-01-15,2099024.711693264,0.00019047583331346254,426.857972773484,-141.14422280329018,0.0
2024-01-16,2099413.5231157183,0.00025920761496950383,434.83671249876414,-46.02529004450844,0.0
2024-01-17,2100156.06105249,0.0004950252911810719,441.157518998217,301.38041777339095,0.0
2024-01-18,2100179.4142846586,1.5568821445540343e-05,437.58084256964315,-414.22761040133264,0.0
2024-01-19,2100994.8105964987,0.0005435975412269814,422.6471701265184,392.7491417139536,0.0
2024-01-20,2101169.3190634474,0.00011633897796571175,426.11338585898545,-251.60491891041784,0.0
2024-01-21,2101845.2955666846,0.0004506510021580681,426.4171527732795,249.55935046382274,0.0
2024-01-22,2102139.992771415,0.00019646480315377247,425.2726572275048,-130.57545249684608,0.0
2024-01-23,2102561.725231518,0.0002811549734019258,404.68605638268497,17.04640372020367,0.0
2024-01-24,2103200.521141745,0.0004258639401511409,407.9876038552147,230.80830637149666,0.0
2024-01-25,2103555.8922930933,0.0002369141008988327,409.91964325286295,-54.54849190461391,0.0
2024-01-26,2104022.4861147944,0.00031106254780089094,408.6360490527314,57.95777264860499,0.0
2024-01-27,2104728.8527087527,0.00047091106263887447,388.6216286134114,317.74496534490027,0.0
2024-01-28,2105128.7534628855,0.0002666005027552598,354.89824831155374,45.002505821335944,0.0
2024-01-29,2105253.7314936174,8.331868715429668e-05,417.49431857001133,-292.5162878385663,0.0
2024-01-30,2105796.71050663,0.000361986008675365,363.65084587664546,179.32816713640204,0.0
2024-01-31,2106383.042706332,0.00039088813313457356,324.158510485243,262.1736892166173,0.0
2024-02-01,2106705.838521099,0.00021519720984473857,435.30207932032584,-112.50626455321799,0.0
2024-02-02,2106834.4290903467,8.572704616503688e-05,440.5397573273967,-311.9491880798414,0.0
2024-02-03,2107458.4862892134,0.0004160381325778236,363.5881500219899,260.46904884474543,0.0
2024-02-04,2107880.682287809,0.00028146399906356416,397.99010531268226,24.205893282663965,0.0
2024-02-05,2108107.436618448,0.00015116955375918376,435.4023121742007,-208.64798153542506,0.0
2024-02-06,2108606.1742868065,0.00033249177890589705,388.9588284006724,109.7788399581732,0.0
2024-02-07,2109056.0409479956,0.00029991110745950514,311.44986298100685,138.41679820825084,0.0
2024-02-08,2109462.3387375884,0.0002708651930617731,289.0185319978045,117.27925759485515,0.0
2024-02-09,2109685.791896185,0.0001489687723977992,354.3695391675219,-130.9163805708231,0.0
2024-02-10,2110041.442117652,0.00023710014764444714,450.42822615122896,-94.77800468455825,0.0
2024-02-11,2110591.0106731737,0.00036637903701462743,488.2015021290959,61.367053392845264,0.0
2024-02-12,2110339.0996008525,-0.00016794071488082126,494.03955447519246,-745.9506267964243,0.0
2024-02-13,2110068.5077156224,-0.00018039459015327484,510.8152613043227,-781.4071465342349,0.0
2024-02-14,2111621.8949660035,0.0010355915002539181,546.9675747399572,1006.4196756409201,0.0
2024-02-15,2111090.624361163,-0.00035418040322693524,530.0384907796002,-1061.309095620003,0.0
2024-02-16,2111946.678391444,0.0005707026868541743,530.8086472996793,325.2453829815822,0.0
2024-02-17,2112375.7334058825,0.0002860366762922229,640.7713486432768,-211.71633420494254,0.0
2024-02-18,2112832.36237045,0.00030441930971151647,874.6067837868246,-417.97781921954993,0.0
2024-02-19,2113781.870159463,0.0006330051926754883,995.8740071322154,-46.36621811898294,0.0
2024-02-20,2114492.060144496,0.00047345999002221847,735.4186625391642,-25.22867750583646,0.0
2024-02-21,2115065.4576109233,0.0003822649776179782,557.032918855709,16.3645475712583,0.0
2024-02-22,2116042.395150275,0.0006512916929010615,637.3731772450967,339.56436210649554,0.0
2024-02-23,2116620.9486769713,0.0003857023511309356,577.1898143987564,1.3637122976469982,0.0
2024-02-24,2117165.123409428,0.0003627831549712016,519.2869830251913,24.887749431611155,0.0
2024-02-25,2117686.09777341,0.0003473162426544344,730.3042016657746,-209.32983768412305,0.0
2024-02-26,2118945.8600850045,0.0008398415410630029,1333.402775665918,-73.64046407141359,0.0
2024-02-27,2121366.883193655,0.001614015405767114,2392.726078474824,28.297030175846885,0.0
2024-02-28,2123323.7548378147,0.001304581096106316,2022.6707625197312,-65.79911836025713,0.0
2024-02-29,2127001.427030732,0.0024517814619450518,4313.162123606883,-635.4899306893058,0.0
2024-03-01,2129863.4803432915,0.00190803554170621,3425.2664914750944,-563.2131789157793,0.0
2024-03-02,2134001.681837784,0.00275880099632838,3128.7134661816394,1009.4880283109305,0.0
2024-03-03,2136494.646369195,0.0016619763542741453,2831.1651812203177,-338.20064980909956,0.0
2024-03-04,2139653.876156081,0.002106153191257325,3565.2751235011947,-406.0453366152069,0.0
2024-03-05,2145246.626944648,0.003728500525711213,5124.3156143353435,468.4351742314757,0.0
2024-03-06,2148774.708755453,0.002352054540536811,2597.3481676820643,930.7336431231524,0.0
2024-03-07,2150565.5553603205,0.0011938977365783256,2829.654447577195,-1038.8078427097062,0.0
2024-03-08,2154028.6970227542,0.002308761108288971,3219.719017308919,243.42264512453767,0.0
2024-03-09,2155501.41743255,0.0009818136065305263,1785.6923820985487,-312.97197230275924,0.0
2024-03-10,2159282.1625608583,0.00252049675220556,3471.182436749319,309.562691559021,0.0
2024-03-11,2163558.055728796,0.00285059544529184,4241.8003604973455,34.09280744041462,0.0
2024-03-12,2165926.8078977806,0.0015791681126565,3387.445255303989,-1018.6930863192392,0.0
2024-03-13,2170249.1830249634,0.002881583418121816,3487.1013448930685,835.2737822896561,0.0
2024-03-14,2172644.3497389276,0.0015967778093096403,2528.1286629823708,-132.96194901791023,0.0
2024-03-15,2173913.8389551686,0.0008463261441604876,1660.1927895075978,-390.70357326686644,0.0
2024-03-16,2175685.5932965465,0.0011811695609185995,1280.817914236134,490.9364271417653,0.0
2024-03-17,2176991.1200266713,0.0008703511534166881,1240.7503959879584,64.77633413707372,0.0
2024-03-18,2178671.9254715317,0.0011205369632401692,1819.5631711424842,-138.75772628223058,0.0
2024-03-19,2180668.4704927886,0.0013310300141710862,1845.5138842958302,151.0311369607989,0.0
2024-03-20,2182056.8742721467,0.0009256025195722113,934.6285123262545,453.7752670320624,0.0
2024-03-21,2183223.0776557894,0.0007774689224285268,1138.9291376906215,27.274245952168712,0.0
2024-03-22,2183984.9901032783,0.0005079416316591275,854.9858118008842,-93.07336431219301,0.0
2024-03-23,2184967.622148676,0.0006550880302652398,670.3419292437875,312.29011615407217,0.0
2024-03-24,2185827.885058906,0.0005735086068200269,891.62829307541,-31.365382845369822,0.0
2024-03-25,2186749.2563054417,0.0006142474976904464,1620.9556552126198,-699.5844086769503,0.0
2024-03-26,2188699.3390640267,0.001300055172390012,1598.926841949154,351.15591663586383,0.0
2024-03-27,2190601.457149171,0.001268078723429236,2434.306809288245,-532.188724144391,0.0
2024-03-28,2192363.2510044193,0.0011745292368323089,1979.98782286741,-218.19396761894677,0.0
2024-03-29,2194297.774809313,0.0012896825365958638,1784.1745240814546,150.34928081234102,0.0
2024-03-30,2196528.213346322,0.0014869590246727419,2055.5424348401225,174.89610216899018,0.0
2024-03-31,2198969.7971351924,0.0016277225259134936,2672.0511671672625,-230.46737829702215,0.0
2024-04-01,2201369.994847224,0.00160013180802117,3190.128060426092,-789.9303483943368,0.0
2024-04-02,2203376.876616777,0.001337921179701997,888.2967574330844,1118.585012119911,0.0
2024-04-03,2204448.4381014504,0.0007143743231156888,669.948213025498,401.61327164803515,0.0
2024-04-04,2206141.8803499397,0.0011289614989926633,674.7491621692573,1018.6930863197376,0.0
2024-04-05,2207065.0092514353,0.0006154192676637376,700.5028689097462,222.62603258586023,0.0
2024-04-06,2207650.646633517,0.0003904249213877093,693.7115816676156,-108.07419958605169,0.0
2024-04-07,2208344.109678618,0.00046230869673421067,704.7136715567118,-11.250626455395832,0.0
2024-04-08,2209757.6172660748,0.0009423383916378882,1305.0924597960568,108.4151276607754,0.0
2024-04-09,2209329.4797001304,-0.00028542504396291345,1480.3777945703796,-1908.5153605147498,0.0
2024-04-10,2210655.39665387,0.000883944635826441,811.1155613892137,514.8013923504477,0.0
2024-04-11,2211697.74865222,0.000694901332233184,1298.7299103018238,-256.3779119520477,0.0
2024-04-12,2212916.1812937646,0.0008122884276964638,1172.7482795746582,45.68436197003757,0.0
2024-04-13,2214608.5796204903,0.0011282655511503363,686.6605072327892,1005.7378194927151,0.0
2024-04-14,2215422.7809794294,0.0005428009059592993,653.9651639693575,160.23619496959145,0.0
2024-04-15,2217993.629708995,0.0017138991530440226,486.7554107330977,2084.0933188329363,0.0
2024-04-16,2217764.489449412,-0.0001527601730554677,410.44080799953633,-639.5810675827379,0.0
2024-04-17,2218167.478995432,0.000268659697346896,358.3279682732334,44.66157774711064,0.0
2024-04-18,2218176.0446027787,5.710404897483405e-06,200.1671851614465,-191.6015778152214,0.0
2024-04-19,2218454.735045201,0.0001857936282815562,203.34533797904655,75.34510444328771,0.0
2024-04-20,2218935.162392133,0.00032028489795463784,292.23504986073095,188.19229707122577,0.0
2024-04-21,2219577.708641004,0.00042836416591387675,207.1810978565852,435.3651510142299,0.0
2024-04-22,2219241.4099303256,-0.00022419914045214537,172.70690440717723,-509.00561508539533,0.0
2024-04-23,2219750.0944749992,0.00033912302978253206,66.50083217133681,442.1837125024613,0.0
2024-04-24,2219597.2246735212,-0.00010191320098527986,311.47423586086046,-464.34403733878025,0.0
2024-04-25,2220266.709650526,0.00044632331800291376,267.871705356321,401.6132716480497,0.0
2024-04-26,2219758.042690479,-0.0003391113066978253,174.8938291336677,-683.5607891804057,0.0
2024-04-27,2220259.668441731,0.0003344171675014652,441.2814820825251,60.34426916967277,0.0
2024-04-28,2220970.9328676937,0.0004741762839748772,36.908694790959956,674.3557311713557,0.0
2024-04-29,2220919.9587371796,-3.398275367606955e-05,319.27375828881384,-370.24788880291817,0.0
2024-04-30,2221323.161519698,0.0002688018550123215,628.8971677741147,-225.69438525563237,0.0
2024-05-01,2221824.5527849845,0.00033426084352439184,596.5101980451185,-95.11893275853072,0.0
2024-05-02,2223319.6388645503,0.0009967240530438356,252.06232028828882,1243.0237592774647,0.0
2024-05-03,2222237.875432018,-0.0007211756216880853,55.91355175458633,-1137.6769842867143,0.0
2024-05-04,2222740.1464613485,0.00033484735288677084,351.9217485178152,150.34928081234102,0.0
2024-05-05,2222969.5879113153,0.00015296096664452565,249.2152782825408,-19.773828315752326,0.0
2024-05-06,2223005.4533621073,2.391030052815732e-05,159.62234180085025,-123.75689100861428,0.0
2024-05-07,2223309.144671203,0.0002024608727305196,358.9216571490913,-55.2303480533119,0.0
2024-05-08,2223509.7719297665,0.00013375150570876175,419.1621542563165,-218.5348956931739,0.0
2024-05-09,2224497.691657024,0.000658613151504973,338.110817443244,649.8089098142154,0.0
2024-05-10,2224432.3526722398,-4.355932318952462e-05,314.11396202743106,-379.452946811718,0.0
2024-05-11,2224730.9802260464,0.0001990850358712731,367.1540967622061,-68.52654295529646,0.0
2024-05-12,2224873.66857783,9.512556785554902e-05,319.97095047337865,-177.28259869005512,0.0
2024-05-13,2225844.770298494,0.0006474011471093746,578.6935070248229,392.40821363923897,0.0
2024-05-14,2226351.090814386,0.000337547010594833,520.2985669429321,-13.978051050682552,0.0
2024-05-15,2226571.9669974917,0.0001472507887370694,251.5597098020231,-30.683526696418994,0.0
2024-05-16,2226955.953356141,0.0002559909057664031,243.5239919950088,140.46236665459583,0.0
2024-05-17,2226607.110364702,-0.00023256199429283155,114.81918975033837,-463.6621811895857,0.0
2024-05-18,2227689.440758099,0.000721553595597893,179.21192430033037,903.1184690965092,0.0
2024-05-19,2227526.286882667,-0.00010876925028773405,303.9175865019757,-467.07146193357676,0.0
2024-05-20,2227913.1225373344,0.000257890436444821,240.23658267335338,146.59907199387817,0.0
2024-05-21,2226799.291146893,-0.0007425542602942748,743.5447589127122,-1857.3761493541242,0.0
2024-05-22,2227638.370553576,0.0005593862711220061,855.443954254271,-16.364547571261937,0.0
2024-05-23,2227247.8633548794,-0.00026033813246421905,707.9630570338576,-1098.4702557301862,0.0
2024-05-24,2228704.988922099,0.0009714170448129735,695.4922490002283,761.633318219232,0.0
2024-05-25,2229277.9253696967,0.0003819576317316735,701.4663316480123,-128.529884050502,0.0
2024-05-26,2230330.1777110198,0.0007015015608821959,708.9377703985791,343.31457092471464,0.0
2024-05-27,2231276.8436049162,0.0006311105959310572,700.8567522509776,245.80914164560818,0.0
2024-05-28,2231702.9508540696,0.0002840714994355111,710.4412632067014,-284.33401405343466,0.0
2024-05-29,2231885.4437007853,0.00012166189781037876,759.6840766815425,-577.1912299659743,0.0
2024-05-30,2232837.179877004,0.000634490784145951,692.2899115973504,259.4462646215761,0.0
2024-05-31,2233150.083204871,0.00020860221857789627,859.7519592113654,-546.848631344521,0.0
2024-06-01,2234274.5429105824,0.0007496398038074431,696.935900408091,427.52380530307346,0.0
2024-06-02,2235156.5156567916,0.000587981830806462,693.439521064241,188.53322514545198,0.0
2024-06-03,2235675.5971953664,0.00034605435904957766,789.0965735023882,-270.0150349280217,0.0
2024-06-04,2236388.4070258224,0.00047520655363754015,751.3347028641367,-38.52487240782648,0.0
2024-06-05,2237315.6923655747,0.00061819022650137,953.1958734065876,-25.910533654532628,0.0
2024-06-06,2238671.9251534455,0.0009041551919139911,781.0871263513537,575.145661519633,0.0
2024-06-07,2239208.088342078,0.0003574421257547435,728.446622596031,-192.28343396391574,0.0
2024-06-08,2240242.910735598,0.000689881595679942,709.5770105380869,325.24538298182597,0.0
2024-06-09,2240449.64883806,0.00013782540164156338,709.2660841342304,-502.5279816718853,0.0
2024-06-10,2241748.2483055303,0.0008657329783132876,712.5441075696262,586.0553599003051,0.0
2024-06-11,2242464.7986589023,0.00047770023558149773,711.4364322558871,5.113921116359506,0.0
2024-06-12,2243577.1167311585,0.0007415453815040391,688.5444757719465,423.7735964841122,0.0
2024-06-13,2244277.0792290703,0.00046664166527461096,698.2578575397949,1.7046403721215029,0.0
2024-06-14,2244705.490811079,0.00028560772133900096,683.0848535884386,-254.67327157993714,0.0
2024-06-15,2245997.3324022586,0.0008612277274533753,675.4436326568184,616.3979585232446,0.0
2024-06-16,2247024.3478838024,0.0006846769876957863,677.2232772052081,349.7922043384715,0.0
2024-06-17,2248006.4269995713,0.0006547194105125783,681.7214822188963,300.35763354997107,0.0
2024-06-18,2248948.720223489,0.0006281954826119943,639.8900219216754,302.40320199631606,0.0
2024-06-19,2249096.2303884644,9.834010998345226e-05,379.6821836443166,-232.1720186691382,0.0
2024-06-20,2249990.7154464736,0.0005963233720060735,371.16046379855237,523.3245942105577,0.0
2024-06-21,2249602.9649540028,-0.0002585003283138744,457.0692759028628,-844.8197683736744,0.0
2024-06-22,2250249.1397473495,0.0004307831955643259,527.8727515282102,118.30204181827867,0.0
2024-06-23,2250704.6161153405,0.0003036509119940628,371.94898976192997,83.52737822916424,0.0
2024-06-24,2251054.9717332553,0.00023357041194332494,582.1867085099058,-231.83109059491835,0.0
2024-06-25,2251649.435735683,0.0003963093349516559,434.56873553186483,159.895266895619,0.0
2024-06-26,2252564.601580145,0.0006101105629744767,631.8546146319512,283.31122982976376,0.0
2024-06-27,2252395.093164335,-0.00011300561053958533,622.4675010313074,-791.9759168406854,0.0
2024-06-28,2253690.0958406203,0.0008633351175234973,630.8747873461136,664.1278889391324,0.0
2024-06-29,2253410.8396093072,-0.0001861708208754162,618.0664605188244,-897.3226918319488,0.0
2024-06-30,2254243.888835912,0.000555366151069929,623.7193889205195,209.32983768437407,0.0
2024-07-01,2254944.8311611097,0.0004672948834651748,641.9617683257364,58.98055687202577,0.0
2024-07-02,2255942.219992988,0.0006649258879187459,643.1645625722341,354.2242693058847,0.0
2024-07-03,2256429.646565604,0.000324951048410563,635.3893569073733,-147.9627842915288,0.0
2024-07-04,2256657.1274139695,0.0001516538989102966,615.7979251117392,-388.31707674629433,0.0
2024-07-05,2257201.3962002313,0.00036284585750787795,423.2393198484916,121.02946641332528,0.0
2024-07-06,2258193.657612253,0.0006615076080146292,318.2466089248152,674.0148030971286,0.0
2024-07-07,2258419.8959223405,0.00015082554005843037,558.9841107061644,-332.74580061851884,0.0
2024-07-08,2259349.5033221846,0.0006197382665625802,497.3106014994017,432.2967983444687,0.0
2024-07-09,2259800.392629794,0.0003005928717394825,403.1593771925938,47.72993041662994,0.0
2024-07-10,2260244.5369518073,0.0002960962146756393,488.80589976032763,-44.661577746868716,0.0
2024-07-11,2260560.307943601,0.0002105139945291744,590.2180916891964,-274.4470998954348,0.0
2024-07-12,2261005.0078156507,0.00029646658136654746,262.6442803178814,182.05559173193978,0.0
2024-07-13,2261328.0024187593,0.00021532973540559083,496.86792105469505,-173.87331794630882,0.0
2024-07-14,2262123.1033529365,0.0005300672894514358,419.3981961836512,375.7027379935025,0.0
2024-07-15,2262335.2475341465,0.00014142945414012158,150.7771278173444,61.36705339283799,0.0
2024-07-16,2262871.670176339,0.00035761509479494613,142.65071625579154,393.77192593662767,0.0
2024-07-17,2262560.211921277,-0.0002076388367079336,11.059703324389654,-322.51795838629005,0.0
2024-07-18,2262615.6015507905,3.692641967552779e-05,117.09761098061145,-61.70798146731977,0.0
2024-07-19,2262764.1849605488,9.905560650543487e-05,294.1596975286124,-145.5762877704601,0.0
2024-07-20,2262918.14161601,0.0001026377703077178,11.107792286161391,142.84886317541532,0.0
2024-07-21,2263279.550119847,0.00024093900255797796,-56.56931538233381,417.9778192193007,0.0
2024-07-22,2263114.1346833063,-0.00011027695769399801,414.84414609449846,-580.2595826354955,0.0
2024-07-23,2263614.312501571,0.00033345187884318775,314.3720177146227,185.8058005501589,0.0
2024-07-24,2263841.878241027,0.000151710492970499,674.1815169253742,-446.61577746962575,0.0
2024-07-25,2264701.5355401263,0.0005731048660665836,668.3966493588848,191.26064974099063,0.0
2024-07-26,2265280.8206889583,0.0003861900992212555,523.3729446298715,55.91220420201171,0.0
2024-07-27,2265779.3672563243,0.0003323643782438602,547.9811381542835,-49.43457078849315,0.0
2024-07-28,2266153.5022930596,0.0002494233578235185,466.52654489852273,-92.39150816324496,0.0
2024-07-29,2267106.4237234574,0.0006352809535984729,557.7857921634273,395.13563823428194,0.0
2024-07-30,2267446.60932978,0.00022679040421529355,333.3670448354511,6.818561487489205,0.0
2024-07-31,2267563.4327232763,7.788226233074064e-05,317.2891012454103,-200.46570774929933,0.0
2024-08-01,2268099.8106265003,0.00035758526881614854,621.2689937507885,-84.89109052656568,0.0
2024-08-02,2268727.4148908285,0.0004184028428855175,668.1747051824477,-40.570440854171466,0.0
2024-08-03,2268877.3416695357,9.995118580472274e-05,503.8101199384966,-353.8833412314125,0.0
2024-08-04,2269362.4575283164,0.0003234105725204834,524.3225873372495,-39.20672855652447,0.0
2024-08-05,2269869.3886717553,0.0003379540956258267,404.31179304302174,102.61935039571836,0.0
2024-08-06,2269925.0084350146,3.7079842173034396e-05,95.849276039234,-40.22951277968241,0.0
2024-08-07,2270366.3568149586,0.0002942322532958598,-82.99899848968863,524.3473784334783,0.0
2024-08-08,2270500.87234696,8.967702133422119e-05,129.06068281074744,5.454849190584355,0.0
2024-08-09,2270594.7630642382,6.259381151897083e-05,252.76319995090637,-158.87248267245013,0.0
2024-08-10,2270552.8021407323,-2.7973949003925897e-05,-150.71697924088954,108.7560557350007,0.0
2024-08-11,2270770.560017364,0.0001451719177545047,70.47694848917726,147.2809281425798,0.0
2024-08-12,2270438.997837129,-0.0002210414534900499,153.23754156765548,-484.79972180273035,0.0
2024-08-13,2270612.4191145524,0.00011561418494903313,55.80109175397266,117.62018566957704,0.0
2024-08-14,2270918.662139812,0.000204162016839567,-164.91957356716452,471.162598826515,0.0
2024-08-15,2270701.989163817,-0.0001444486506635298,-166.55654905784527,-50.11642693744943,0.0
2024-08-16,2268801.989163817,-0.0012666666666666666,0.0,0.0,1900.0
2024-08-17,2268801.989163817,0.0,0.0,0.0,0.0
2024-08-18,2268801.989163817,0.0,0.0,0.0,0.0
2024-08-19,2268801.989163817,0.0,0.0,0.0,0.0
2024-08-20,2268801.989163817,0.0,0.0,0.0,0.0
2024-08-21,2268801.989163817,0.0,0.0,0.0,0.0
2024-08-22,2268801.989163817,0.0,0.0,0.0,0.0
2024-08-23,2268801.989163817,0.0,0.0,0.0,0.0
2024-08-24,2268801.989163817,0.0,0.0,0.0,0.0
2024-08-25,2268801.989163817,0.0,0.0,0.0,0.0
2024-08-26,2268801.989163817,0.0,0.0,0.0,0.0
2024-08-27,2268801.989163817,0.0,0.0,0.0,0.0
2024-08-28,2268801.989163817,0.0,0.0,0.0,0.0
2024-08-29,2268801.989163817,0.0,0.0,0.0,0.0
2024-08-30,2268801.989163817,0.0,0.0,0.0,0.0
2024-08-31,2268801.989163817,0.0,0.0,0.0,0.0
2024-09-01,2268801.989163817,0.0,0.0,0.0,0.0
2024-09-02,2268801.989163817,0.0,0.0,0.0,0.0
2024-09-03,2268801.989163817,0.0,0.0,0.0,0.0
2024-09-04,2268801.989163817,0.0,0.0,0.0,0.0
2024-09-05,2268801.989163817,0.0,0.0,0.0,0.0
2024-09-06,2268801.989163817,0.0,0.0,0.0,0.0
2024-09-07,2268801.989163817,0.0,0.0,0.0,0.0
2024-09-08,2268801.989163817,0.0,0.0,0.0,0.0
2024-09-09,2268801.989163817,0.0,0.0,0.0,0.0
2024-09-10,2268801.989163817,0.0,0.0,0.0,0.0
2024-09-11,2268801.989163817,0.0,0.0,0.0,0.0
2024-09-12,2268801.989163817,0.0,0.0,0.0,0.0
2024-09-13,2268801.989163817,0.0,0.0,0.0,0.0
2024-09-14,2268801.989163817,0.0,0.0,0.0,0.0
2024-09-15,2268801.989163817,0.0,0.0,0.0,0.0
2024-09-16,2268801.989163817,0.0,0.0,0.0,0.0
2024-09-17,2268801.989163817,0.0,0.0,0.0,0.0
2024-09-18,2268801.989163817,0.0,0.0,0.0,0.0
2024-09-19,2268801.989163817,0.0,0.0,0.0,0.0
2024-09-20,2268801.989163817,0.0,0.0,0.0,0.0
2024-09-21,2267536.10068739,-0.0008439256509509849,492.6263726957525,141.48515087777014,1900.0
2024-09-22,2268097.454091932,0.00037423560302795493,454.9838453277512,106.36955921418121,0.0
2024-09-23,2268107.293964493,6.559915040710621e-06,286.3325409028457,-276.4926683417798,0.0
2024-09-24,2268817.0559890945,0.0004731746830675204,108.7058294268658,601.0561951744148,0.0
2024-09-25,2268271.1278090025,-0.00036395212006121587,81.03854873737288,-626.9667288291967,0.0
2024-09-26,2269140.687056097,0.0005797061647296062,385.1004533661534,484.45879372825584,0.0
2024-09-27,2269602.79715633,0.0003080734001552413,421.88058745316505,40.22951277969696,0.0
2024-09-28,2269450.523052033,-0.00010151606953119586,340.0260351428659,-492.3001394396597,0.0
2024-09-29,2270206.028837992,0.00050367052397249,249.22759546838404,506.2781904903509,0.0
2024-09-30,2270625.0230630795,0.00027932948339156927,469.79250817375055,-50.79828308639662,0.0
2024-10-01,2270753.9859257843,8.597524180325747e-05,647.5144638735567,-518.5516011686705,0.0
2024-10-02,2271563.337001378,0.0005395673837293842,481.37826801719643,327.97280757687986,0.0
2024-10-03,2271778.185767696,0.0001432325108784139,271.10189859435354,-56.253132276732686,0.0
2024-10-04,2271941.6327001615,0.00010896462164377124,195.83509953395134,-32.38816706829448,0.0
2024-10-05,2272156.3850561106,0.000143168237299449,7.468086711646444,207.28426923752704,0.0
2024-10-06,2272435.832113049,0.00018629803795907734,170.0091450546678,109.43791188394823,0.0
2024-10-07,2272416.757794684,-1.271621224357122e-05,124.11547288428561,-143.18979124964244,0.0
2024-10-08,2272795.3816554216,0.000252415907158399,286.5732806485816,92.05058008901688,0.0
2024-10-09,2273123.6325064115,0.00021883390066023239,488.82797403491793,-160.57712304456936,0.0
2024-10-10,2273439.5293070064,0.00021059786706309467,281.46306507976016,34.433735514881846,0.0
2024-10-11,2273564.908982954,8.358645063189699e-05,9.805058724860817,115.57461722298467,0.0
2024-10-12,2273721.7049057954,0.000104530615227422,228.73174654043237,-71.93582369929936,0.0
2024-10-13,2273830.8190532876,7.27427649949881e-05,135.0246811470184,-25.910533654536266,0.0
2024-10-14,2274378.6736717722,0.00036523641232287903,544.786265814801,3.0683526695174805,0.0
2024-10-15,2274671.853746572,0.00019545338319989074,675.701374281068,-382.52129948123184,0.0
2024-10-16,2275661.3822430447,0.0006596856643152499,613.1439023309254,376.3845941419495,0.0
2024-10-17,2276279.743947276,0.00041224113615418454,691.320312153745,-72.95860792246822,0.0
2024-10-18,2276705.9193820446,0.00028411695651232486,689.3719082085254,-263.19647344003806,0.0
2024-10-19,2277402.515215222,0.00046439722211813207,699.6641858467119,-3.0683526695138426,0.0
2024-10-20,2278125.5258146753,0.0004820070663024895,699.1456342455434,23.864965208190824,0.0
2024-10-21,2278521.549911472,0.00026401606453094634,705.9277164296649,-309.9036196332454,0.0
2024-10-22,2279108.3079241337,0.00039117200844137847,689.0364349833116,-102.27842232124385,0.0
2024-10-23,2280162.86493924,0.0007030380100708301,689.4230474196859,365.13396768655934,0.0
2024-10-24,2280907.2537745275,0.0004962592235248657,681.6580695970573,62.73076569024124,0.0
2024-10-25,2281710.894204506,0.0005357602866525539,697.270870764395,106.36955921443587,0.0
2024-10-26,2282598.3907065163,0.0005916643346733773,507.3616990491516,380.1348029609144,0.0
2024-10-27,2282774.8704726393,0.00011765317741534924,679.6896039438559,-503.20983782083204,0.0
2024-10-28,2283709.7023752225,0.0006232212683889151,657.6573780926439,277.1745244907288,0.0
2024-10-29,2284197.2966844514,0.00032506287281921066,715.3342629305496,-227.7399537017336,0.0
2024-10-30,2284075.307505508,-8.132611929547739e-05,743.9681300436048,-865.9573089868209,0.0
2024-10-31,2284775.734006529,0.00046695100068063964,739.9741576519602,-39.54765663100079,0.0
2024-11-01,2284620.8357224204,-0.00010326552273931983,719.2412986632211,-874.1395827722008,0.0
2024-11-02,2286371.113408337,0.0011668517906111855,710.7879870583704,1039.4896988584078,0.0
2024-11-03,2287337.6438174164,0.000644353606052919,709.4706409788728,257.0597681005056,0.0
2024-11-04,2288223.3323387094,0.0005904590141952406,703.2920014864466,182.3965198064143,0.0
2024-11-05,2288989.4086315935,0.0005107175285895565,693.7995411108119,72.27675177352285,0.0
2024-11-06,2289811.247461255,0.0005478925531078052,709.3325651087391,112.50626455296879,0.0
2024-11-07,2289669.897658824,-9.423320162095972e-05,773.0192931197306,-914.3690955511702,0.0
2024-11-08,2290663.969601466,0.0006627146284280408,775.8779750236092,218.193967618452,0.0
2024-11-09,2292437.9772450733,0.0011826717624048735,782.2478751657762,991.7597684415341,0.0
2024-11-10,2292877.767394161,0.00029319343272520487,1299.6107527350957,-859.8206036472884,0.0
2024-11-11,2292996.599337826,7.92212957766936e-05,1559.2530580225489,-1440.4211143575085,0.0
2024-11-12,2295576.697285098,0.0017200652981813752,3981.653261147496,-1401.555313875433,0.0
2024-11-13,2299004.7144828737,0.002285344798517189,1348.3559439105134,2079.66125386527,0.0
2024-11-14,2299312.7085643625,0.00020532938765915917,924.732968085723,-616.7388865969842,0.0
2024-11-15,2299590.514078601,0.0001852036761589474,922.8414310114996,-645.0359167730785,0.0
2024-11-16,2301116.337686711,0.0010172157387401122,1031.8188282983942,494.0047798117739,0.0
2024-11-17,2301806.4290126143,0.00046006088393564976,1123.0699803966359,-432.97865449316123,0.0
2024-11-18,2304265.3192917323,0.001639260186078477,2077.0508357851745,381.8394433325411,0.0
2024-11-19,2306442.041704481,0.0014511482751657062,2153.1983756140967,23.52403713446256,0.0
2024-11-20,2308007.9506016807,0.0010439392647998806,944.3970175612051,621.5118796386159,0.0
2024-11-21,2309778.949214103,0.0011806657416149073,964.362788382535,806.6358240398258,0.0
2024-11-22,2309140.3922944563,-0.00042570461309790177,1006.0801112789237,-1644.6370309257763,0.0
2024-11-23,2310840.1386439693,0.001133164233008601,1011.7534953650829,687.9928541478184,0.0
2024-11-24,2311677.2190810386,0.0005580536247129325,1645.0799734076102,-807.9995363382113,0.0
2024-11-25,2313309.255892407,0.001088024540912268,1879.2096653109095,-247.17285394250757,0.0
2024-11-26,2315732.6016132478,0.0016155638138939943,2203.106184776198,220.23953606479336,0.0
2024-11-27,2317472.100858093,0.0011596661632297448,1819.6173423292892,-80.11809748467203,0.0
2024-11-28,2319141.056173332,0.0011126368768260932,1183.1328092132405,485.8225060258992,0.0
2024-11-29,2320628.512370143,0.000991637464540811,1771.1083547152057,-283.65215790398906,0.0
2024-11-30,2321693.5325177647,0.000710013431747719,1262.417502701855,-197.3973550802766,0.0
2024-12-01,2322814.1239074217,0.0007470609264380652,1495.9531995758857,-375.3618099187879,0.0
2024-12-02,2324495.160221375,0.0011206908759690039,2111.287543851873,-430.25122989836746,0.0
2024-12-03,2327135.866189389,0.0017604706453426776,1623.3765939921657,1017.3293740218505,0.0
2024-12-04,2329160.6762831104,0.0013498733958141908,2489.1541310595703,-464.344037338284,0.0
2024-12-05,2333466.695938978,0.0028706797705782363,4949.35093226782,-643.3312764004659,0.0
2024-12-06,2335515.8623406524,0.0013661109344496397,1145.3660764292558,903.8003252452036,0.0
2024-12-07,2337310.1868734956,0.001196216355228815,1988.3126071792635,-193.98807433604088,0.0
2024-12-08,2338862.6183351567,0.0010349543077742204,1741.6465429552327,-189.21508129390213,0.0
2024-12-09,2340227.0391685893,0.000909613888954999,2158.44231872002,-794.0214852875215,0.0
2024-12-10,2341832.289801863,0.0010701670888490365,995.6712362392908,609.5793970342638,0.0
2024-12-11,2344979.0794526506,0.0020978597671917412,988.0330836603404,2158.7565671272714,0.0
2024-12-12,2346661.034129672,0.0011213031180145154,1034.1913356539171,647.7633413678559,0.0
2024-12-13,2348102.6379235196,0.0009610691958982625,1022.6031904049205,419.0006034424732,0.0
2024-12-14,2350061.848717644,0.0013061405294163024,924.4940883071899,1034.7167058172636,0.0
2024-12-15,2350581.5376255484,0.0003464592719364815,974.486959160226,-454.79805125550376,0.0
2024-12-16,2350410.1400763104,-0.0001142650328255689,1039.2380429705745,-1210.6355922089278,0.0
2024-12-17,2352506.9985915683,0.0013979056768386384,1007.252389462595,1089.6061257953625,0.0
2024-12-18,2354369.157709996,0.00124143941228551,1054.5005101647707,807.6586082634942,0.0
2024-12-19,2354155.203523911,-0.00014263612405694508,1024.6375082248899,-1238.5916943103075,0.0
2024-12-20,2355313.6870076507,0.0007723223224929592,996.5426483974676,161.94083534197125,0.0
2024-12-21,2356476.6588050574,0.0007753145316047065,706.8100338541578,456.1617635529019,0.0
2024-12-22,2357096.386577161,0.0004131518480688258,982.4752432692275,-362.7474711659888,0.0
2024-12-23,2358124.503149129,0.0006854110479788417,940.157128771943,87.95944319631963,0.0
2024-12-24,2358671.634750775,0.0003647544010972538,970.2233419815423,-423.0917403356616,0.0
2024-12-25,2360233.0195324277,0.0010409231877685592,1008.7403730434992,552.6444086093397,0.0
2024-12-26,2361563.816367933,0.0008871978903367857,876.3397123248909,454.45712318028745,0.0
2024-12-27,2362225.737429447,0.00044128070767615547,979.3250987839095,-317.40403726967634,0.0
2024-12-28,2362939.379675481,0.00047576149735594164,733.0751462751903,-19.43290024127782,0.0
2024-12-29,2363875.395374639,0.0006240104661052597,909.7642374291297,26.25146172875975,0.0
2024-12-30,2364385.3485737722,0.00033996879942210627,598.9354265521604,-88.98222741900099,0.0
2024-12-31,2365145.2019065144,0.0005065688884947412,948.7274859622866,-188.87415322017478,0.0
2025-01-01,2365912.7891926244,0.0005117248574067671,956.8023674045488,-189.21508129439826,0.0
2025-01-02,2366323.7530985693,0.00027397593729668247,967.3585233723243,-556.3946174273005,0.0
2025-01-03,2367373.353414677,0.0006997335440719574,834.4747011594965,215.12561494843976,0.0
2025-01-04,2368376.841454205,0.0006689920263517694,618.9211715993277,384.56686792832625,0.0
2025-01-05,2369967.020347348,0.0010601192620951964,947.8704009655083,642.3084921772862,0.0
2025-01-06,2370158.0103001976,0.0001273266352332305,1005.808050675549,-814.8180978257033,0.0
2025-01-07,2372185.3289864655,0.0013515457908452335,946.9176184810292,1080.401067786821,0.0
2025-01-08,2372470.892387155,0.00019037560045964954,991.2845147059325,-705.7211140164582,0.0
2025-01-09,2373512.025379787,0.0006940886617548433,624.8598137850857,416.2731788471792,0.0
2025-01-10,2373854.3464535745,0.00022821404919148196,346.4122106799129,-4.091136892689974,0.0
2025-01-11,2374389.4606579333,0.00035674280290595863,398.4020465230451,136.71215783589287,0.0
2025-01-12,2374428.587145113,2.608432478651764e-05,479.26463123514833,-440.13814405537187,0.0
2025-01-13,2375110.221924686,0.0004544231863820087,423.2112991746131,258.4234803984,0.0
2025-01-14,2376249.2426287024,0.000759347136010837,950.1465507965785,188.87415321967688,0.0
2025-01-15,2376732.813119741,0.0003223803273592577,645.8522544550776,-162.2817634161911,0.0
2025-01-16,2376881.2297611223,9.89444275873066e-05,441.6147853687308,-293.1981439877709,0.0
2025-01-17,2377902.4490634473,0.0006808128682165907,593.3545689475891,427.86473337729694,0.0
2025-01-18,2378337.359320336,0.00028994017125924667,947.325152718731,-512.414895829861,0.0
2025-01-19,2379306.184516284,0.0006458834639655535,1069.058049823229,-100.23285387489886,0.0
2025-01-20,2379938.0418583415,0.0004212382280380122,1036.19803829986,-404.34069624284166,0.0
2025-01-21,2380718.914088727,0.0005205814869236095,1045.7733441975747,-264.9011138121605,0.0
2025-01-22,2382353.8217142653,0.00108993841702573,1085.331569598762,549.5760559398332,0.0
2025-01-23,2383772.4035976883,0.000945721255615284,963.7838321679276,454.7980512549984,0.0
2025-01-24,2384545.4157667747,0.0005153414460577124,616.5261829351862,156.48598615138235,0.0
2025-01-25,2385881.708934917,0.0008908621120946278,785.353399905222,550.9397682367198,0.0
2025-01-26,2386236.8338721013,0.00023674995812280038,956.8629885073148,-601.7380513231142,0.0
2025-01-27,2387204.186136034,0.000644901509288458,450.84623121060156,516.5060327220854,0.0
2025-01-28,2388075.53892861,0.0005809018617173944,819.5317252665205,51.821067309570935,0.0
2025-01-29,2388914.980807294,0.0005596279191229547,1034.1118091689198,-194.66993048448785,0.0
2025-01-30,2389167.9759732406,0.00016866344396420345,957.6934957401038,-704.6983297937986,0.0
2025-01-31,2390296.70946039,0.0007524889914327932,757.4628141226045,371.2706730265854,0.0
2025-02-01,2391101.896821845,0.0005367915743032656,678.3621177770127,126.82524367788574,0.0
2025-02-02,2390784.6072800863,-0.0002115263611723188,286.1531499367579,-603.4426916952361,0.0
2025-02-03,2391749.254573799,0.0006430981958086021,827.2532797280759,137.39401398482732,0.0
2025-02-04,2392176.958484585,0.0002851359405237907,467.9334235656304,-40.22951277994434,0.0
2025-02-05,2392995.7778267986,0.000545879561475816,197.30746257462064,621.5118796391034,0.0
2025-02-06,2393462.1807878274,0.000310935307352472,258.4368356419846,207.96612538672343,0.0
2025-02-07,2393446.742059421,-1.0292485604298918e-05,662.6672115833723,-678.1059399898206,0.0
2025-02-08,2393801.462915866,0.00023648057096354425,-86.78099990794942,441.5018563532658,0.0
2025-02-09,2393671.1167525,-8.689744224400935e-05,536.1682220941848,-666.5143854601988,0.0
2025-02-10,2394495.3339189105,0.000549478110940136,606.023198791751,218.19396761845303,0.0
2025-02-11,2395214.683452146,0.0004795663554906032,294.2122244534071,425.1373087824977,0.0
2025-02-12,2395414.8338797726,0.000133433618417445,364.13683141447643,-163.98640378830896,0.0
2025-02-13,2396147.3569959225,0.0004883487441001839,497.62367288633124,234.8994432639447,0.0
2025-02-14,2396486.8707990097,0.00022634253539121566,549.866424994119,-210.35262190729554,0.0
2025-02-15,2396986.1920563523,0.0003328808382286107,235.44292775393174,263.87832958898434,0.0
2025-02-16,2396426.7129255827,-0.0003729860871799865,245.11112482399588,-804.5902555939756,0.0
2025-02-17,2397569.470152405,0.0007618381512151703,479.6521221067992,663.1051047159563,0.0
2025-02-18,2398047.5442268024,0.000318716049598071,962.5328681256116,-484.45879372850504,0.0
2025-02-19,2399259.0798732196,0.0008076904309448206,774.12492695616,437.41071946107104,0.0
2025-02-20,2399576.877214151,0.00021186489395422917,429.28082126163844,-111.4834803302947,0.0
2025-02-21,2399850.015311704,0.00018209206503522524,77.44538284518116,195.6927147076567,0.0
2025-02-22,2400526.303543208,0.00045085882100283066,615.6030342598623,60.685197244383744,0.0
2025-02-23,2400599.42368592,4.874676180802343e-05,287.22297343829376,-214.10283072625862,0.0
2025-02-24,2400518.473001985,-5.396712262355677e-05,195.54198440594988,-276.492668341285,0.0
2025-02-25,2400995.7334863753,0.00031817365626037736,518.8537094679136,-41.5932250773476,0.0
2025-02-26,2401685.0106392847,0.0004595181019395105,590.067083258045,99.21006965122069,0.0
2025-02-27,2402212.066364183,0.00035137048326547467,520.2371634102353,6.8185614879766945,0.0
2025-02-28,2402710.5547485594,0.0003323255895844016,536.6723287092123,-38.183944332609826,0.0
2025-03-01,2402850.195066713,9.309354543562993e-05,-200.60590010125568,340.2462182547006,0.0
2025-03-02,2402873.648209831,1.563542874558605e-05,-197.80917717009245,221.26232028847153,0.0
2025-03-03,2402589.4338581236,-0.0001894762344719398,17.506994139446427,-301.72134584735613,0.0
2025-03-04,2401888.746643608,-0.0004671248096769878,-14.399000739813918,-686.2882137756678,0.0
2025-03-05,2402521.849434002,0.00042206852692936516,352.85991323380506,280.24287716024264,0.0
2025-03-06,2403169.8524242477,0.00043200199349719114,517.7684658236652,130.23452442212147,0.0
2025-03-07,2403305.18170564,9.021952092824112e-05,-3.7693729650855547,139.09865435744723,0.0
2025-03-08,2403644.535375628,0.0002262357799921083,204.34615252440196,135.00751746376045,0.0
2025-03-09,2403604.1974761207,-2.689193300520291e-05,306.72688023537677,-347.06477974318113,0.0
2025-03-10,2404066.1844400875,0.0003079913093113065,256.7482631760178,205.23870079094195,0.0
2025-03-11,2403977.8658311423,-5.8879072630199594e-05,447.62032401804197,-535.9389329633414,0.0
2025-03-12,2404576.3480139,0.00039898812183877076,294.03341231500394,304.44877044315217,0.0
2025-03-13,2404821.4180038087,0.00016337999327219462,162.22446782832225,82.84552207996967,0.0
2025-03-14,2404815.942980881,-3.6500152849263637e-06,306.1332370779737,-311.60826000536326,0.0
2025-03-15,2405009.2306438875,0.00012885844200437164,-250.25976179355445,443.5474248001119,0.0
2025-03-16,2404911.6066551656,-6.508265914819738e-05,170.00454968515294,-267.628538407449,0.0
2025-03-17,2405118.3002858786,0.000137795753808927,292.60750546337243,-85.91387474998191,0.0
2025-03-18,2405778.6615291755,0.000440240828864467,179.6526583866602,480.7085849100404,0.0
2025-03-19,2406155.598920121,0.0002512915939637031,315.2294094784823,61.707981467072386,0.0
2025-03-20,2405924.4642896694,-0.0001540897536342782,201.8440240422478,-432.9786544936651,0.0
2025-03-21,2406320.3241631854,0.00026390658234398706,271.4211263581722,124.4387471578084,0.0
2025-03-22,2406452.802590075,8.831895125960061e-05,176.45814848781356,-43.97972159841265,0.0
2025-03-23,2406526.9142445307,4.940776963743747e-05,169.5715152889195,-95.4598608327633,0.0
2025-03-24,2406740.429345565,0.00014234340068917077,121.12359287051213,92.391508163244,0.0
2025-03-25,2406530.6623193785,-0.00013984468412411272,-85.66920710357735,-124.09781908259174,0.0
2025-03-26,2405997.5996708786,-0.00035537509899980445,-131.4493768516656,-401.61327164804106,0.0
2025-03-27,2406561.3718433743,0.0003758481149971667,144.7715690532768,419.0006034424732,0.0
2025-03-28,2407025.0622002236,0.0003091269045661323,274.81620362952026,188.8741532196782,0.0
2025-03-29,2407582.8907360397,0.0003718856905442185,463.3914592062513,94.43707661007647,0.0
2025-03-30,2407738.841911321,0.00010396745018743658,150.83725416528875,5.1139211158661055,0.0
2025-03-31,2407801.0157283177,4.144921133104595e-05,295.02769181465794,-232.85387481808903,0.0
2025-04-01,2407944.2327605733,9.547802150360227e-05,293.225384993028,-150.0083527376246,0.0
2025-04-02,2408157.669246355,0.00014229099052119487,48.086369695585326,165.35011608620698,0.0
2025-04-03,2408436.1805424606,0.0001856741974038842,488.8639180136166,-210.3526219077903,0.0
2025-04-04,2408927.059099415,0.00032725237130263647,483.7190673912525,7.15948956270222,0.0
2025-04-05,2409296.5100366604,0.00024630062483028617,469.0019349713791,-99.55099772594986,0.0
2025-04-06,2409554.9143855725,0.00017226956594170012,141.806947466393,116.59740144615716,0.0
2025-04-07,2410277.010980758,0.0004813977301234978,449.0132075876953,273.08338759755134,0.0
2025-04-08,2409996.552534197,-0.00018697229770736786,290.9370061401147,-571.3954527011665,0.0
2025-04-09,2410408.835237211,0.0002748551353427431,368.6439094904148,43.63879352369986,0.0
2025-04-10,2410918.620831841,0.0003398570630866731,410.9164530524995,98.86914157751016,0.0
2025-04-11,2411618.346206879,0.00046648358335846083,28.77892461057491,670.9464504271164,0.0
2025-04-12,2411985.580359894,0.00024482276867687016,417.3505799527474,-50.11642693744216,0.0
2025-04-13,2412435.394776106,0.00029987627747477826,672.099520723313,-222.28510451114562,0.0
2025-04-14,2413184.7735773344,0.0004995858674855222,504.2515157321261,245.12728549615713,0.0
2025-04-15,2413079.2555959015,-7.034532095513231e-05,184.95273795927275,-290.4707193919712,0.0
2025-04-16,2413323.9397355183,0.0001631227597443923,322.7566686554139,-78.07252903882545,0.0
2025-04-17,2413791.5457627173,0.0003117373514661483,300.89219881561587,166.7138283836066,0.0
2025-04-18,2413887.203779334,6.37720110780097e-05,343.1717986342422,-247.51378201722764,0.0
2025-04-19,2414793.7422414757,0.0006043589747609344,201.4992042738743,705.0392578675273,0.0
2025-04-20,2413883.7846070398,-0.0006066384229574442,-105.36737884268557,-804.5902555934808,0.0
2025-04-21,2414586.6667833882,0.0004685881175657565,353.7718281586134,349.11034819002134,0.0
2025-04-22,2414922.310936301,0.00022376276860847568,-1.1927845982333174,336.8369375109469,0.0
2025-04-23,2414654.357562579,-0.00017863558248107047,145.5923805302795,-413.5457542518852,0.0
2025-04-24,2415374.7448714636,0.00048025820592280394,11.938770272435638,708.4485386117703,0.0
2025-04-25,2414990.0228706924,-0.0002564813338471971,-47.20320711039592,-337.51879366039975,0.0
2025-04-26,2414596.1499048565,-0.0002625819772239822,-322.6189982851318,-71.25396755084148,0.0
2025-04-27,2414697.712418554,6.770834246481461e-05,-83.2205026302601,184.78301632748202,0.0
2025-04-28,2412797.712418554,-0.0012666666666666666,0.0,0.0,1900.0
2025-04-29,2412797.712418554,0.0,0.0,0.0,0.0
2025-04-30,2412797.712418554,0.0,0.0,0.0,0.0
2025-05-01,2412797.712418554,0.0,0.0,0.0,0.0
2025-05-02,2412797.712418554,0.0,0.0,0.0,0.0
2025-05-03,2412797.712418554,0.0,0.0,0.0,0.0
2025-05-04,2412797.712418554,0.0,0.0,0.0,0.0
2025-05-05,2412797.712418554,0.0,0.0,0.0,0.0
2025-05-06,2412797.712418554,0.0,0.0,0.0,0.0
2025-05-07,2412797.712418554,0.0,0.0,0.0,0.0
2025-05-08,2412797.712418554,0.0,0.0,0.0,0.0
2025-05-09,2411466.207317929,-0.000887670067083403,857.9428345441963,-289.44793516930076,1900.0
2025-05-10,2412185.4812081573,0.0004795159268188901,839.2805724182369,-120.00668218990177,0.0
2025-05-11,2412729.14199836,0.00036244052680171846,862.7694678453687,-319.108677642791,0.0
2025-05-12,2414161.2915459485,0.0009547663650591224,594.489268777466,837.6602788112177,0.0
2025-05-13,2415234.644044406,0.0007155683323048939,844.2488324577164,229.10366599962435,0.0
2025-05-14,2414933.9605913498,-0.00020045563537067102,732.3286123886444,-1033.012065444651,0.0
2025-05-15,2416232.9057085095,0.000865963411439836,344.00558075392837,954.9395364058255,0.0
2025-05-16,2416819.685390356,0.0003911864545642505,594.2800994828121,-7.500417636436396,0.0
2025-05-17,2417132.6095125847,0.00020861608148607818,238.26087393502593,74.66324829409132,0.0
2025-05-18,2417773.293577095,0.0004271227096735399,795.8063383642954,-155.12227385398546,0.0
2025-05-19,2418273.2993899193,0.0003333372085493381,512.961079651026,-12.955266827018932,0.0
2025-05-20,2418721.196428447,0.00029859802568533495,602.6783843077626,-154.78134577976016,0.0
2025-05-21,2419751.932594438,0.0006871574439941325,765.8350521790419,264.90111381215684,0.0
2025-05-22,2420340.8135662195,0.00039258731452090993,1121.0696959262507,-532.1887241448858,0.0
2025-05-23,2421273.7464918937,0.0006219552837827616,959.1843874033896,-26.25146172924724,0.0
2025-05-24,2422303.0387905333,0.000686194865759614,583.3583773187371,445.933921320684,0.0
2025-05-25,2423536.7477272805,0.0008224726244983435,681.4054562129029,552.3034805346124,0.0
2025-05-26,2424042.727274324,0.00033731969802870557,1007.1438164170506,-501.1642693739923,0.0
2025-05-27,2424683.827253391,0.00042739998604465214,648.6003967039076,-7.500417636929342,0.0
2025-05-28,2425118.2147066924,0.00028959163553436956,400.63557393536684,33.751879366187495,0.0
2025-05-29,2425977.263111217,0.0005726989363496806,528.0072442783746,331.0411602461463,0.0
2025-05-30,2426175.035362297,0.00013184816738688414,498.8117407787479,-301.0394896984217,0.0
2025-05-31,2426423.3812391134,0.00016556391787727262,735.1911670649843,-486.84529024907533,0.0
2025-06-01,2427031.827664653,0.0004056309503595496,209.2196504123525,399.2267751269719,0.0
2025-06-02,2427791.8870950295,0.00050670628691805,339.0132584882567,421.0461718888182,0.0
2025-06-03,2427805.517463812,9.086912521622708e-06,560.1380720517393,-546.5077032693052,0.0
2025-06-04,2428042.525825482,0.00015800557444636143,127.91137786081272,109.09698380872942,0.0
2025-06-05,2428613.138242014,0.00038040827768840184,289.0058270744621,281.60658945814066,0.0
2025-06-06,2428111.12813377,-0.0003346734054962674,-329.15957452176315,-172.85053372263792,0.0
2025-06-07,2427850.046254642,-0.00017405458608531102,-204.48781877627275,-56.59406035169377,0.0
2025-06-08,2427969.867350078,7.988073029082536e-05,245.28262681672052,-125.46153138048248,0.0
2025-06-09,2428585.450950926,0.00041038906723216573,177.1500971645012,438.4335036837474,0.0
2025-06-10,2428740.874909306,0.00010361597225321483,922.1711977144183,-766.7472393345961,0.0
2025-06-11,2429710.8520204863,0.0006466514074533959,834.6286656416096,135.34844553848444,0.0
2025-06-12,2430298.165278872,0.00039154217225717314,381.392701445876,205.92055693988368,0.0
2025-06-13,2430952.6170796202,0.00043630120049893836,64.30530395442472,590.1464967939828,0.0
2025-06-14,2430418.040414203,-0.00035638444361146175,251.2625460849525,-785.8392115021452,0.0
2025-06-15,2431133.441869489,0.0004769343035239026,185.59922766154023,529.8022276243137,0.0
2025-06-16,2431603.1043252284,0.0003131083038261275,316.58575033155256,153.07670540763866,0.0
2025-06-17,2431453.3620611923,-9.982817602375436e-05,357.89963875261236,-507.6419027882439,0.0
2025-06-18,2431718.0676800283,0.00017647041255717697,307.6625562105163,-42.95693737475085,0.0
2025-06-19,2432224.8027515034,0.00033782338098354246,137.85089497028812,368.8841765050256,0.0
2025-06-20,2432632.6899082996,0.00027192477119748727,493.11917539726653,-85.23201860103563,0.0
2025-06-21,2433115.899348939,0.0003221396270928584,469.91324573754684,13.296194901740819,0.0
2025-06-22,2433310.9834505767,0.00013005606775856707,592.6062363927083,-397.5221347548577,0.0
2025-06-23,2433992.0970202982,0.00045407571314759834,35.05486872564495,646.0587009957526,0.0
2025-06-24,2433543.230029977,-0.0002992446602139576,104.45927443687206,-553.3262647578085,0.0
2025-06-25,2433738.489313108,0.00013017285542043844,19.340396738000194,175.91888639265744,0.0
2025-06-26,2434330.167362044,0.0003944520326242028,169.26816475008272,422.40988418622146,0.0
2025-06-27,2433632.657533224,-0.0004650065525465831,230.83731778246744,-928.347146602342,0.0
2025-06-28,2434099.722468294,0.0003113766233801917,340.23969139190706,126.8252436783805,0.0
2025-06-29,2435351.7028679987,0.0008346535998027954,607.2854110058402,644.694988698353,0.0
2025-06-30,2435384.1270598453,2.161612789781581e-05,331.0771850250753,-298.6529931783516,0.0
2025-07-01,2436033.1310728416,0.00043266934199749527,237.16289911597352,411.8411138802694,0.0
2025-07-02,2435824.707417207,-0.00013894910375649352,336.37940726244983,-544.8030628971901,0.0
2025-07-03,2436540.846202207,0.00047742585666670086,499.3085296794936,216.83025532055763,0.0
2025-07-04,2436652.154044439,7.420522815478792e-05,449.50849204103406,-338.2006498088522,0.0
2025-07-05,2437267.5572593226,0.0004102688099223424,299.02196183651137,316.38125304700225,0.0
2025-07-06,2437294.211989734,1.776982027417633e-05,170.8673058840776,-144.2125754728131,0.0
2025-07-07,2438123.3453369997,0.0005527555648439889,374.6762240852048,454.4571231807786,0.0
2025-07-08,2438497.847811899,0.00024966831659956523,340.7505955331604,33.751879366187495,0.0
2025-07-09,2438581.210151757,5.5574893238375166e-05,398.7208086813925,-315.35846882382975,0.0
2025-07-10,2438824.2656561425,0.00016203700292377805,774.5623723820986,-531.5068679964315,0.0
2025-07-11,2439894.9079987276,0.0007137615617233267,1186.2169598079893,-115.57461722299922,0.0
2025-07-12,2440989.287117565,0.0007295860792250009,1201.771462274604,-107.39234343710268,0.0
2025-07-13,2442290.1602343637,0.0008672487445324186,1200.640262923731,100.23285387489705,0.0
2025-07-14,2444033.7152800304,0.0011623700304445475,1138.407713599962,605.1473320668592,0.0
2025-07-15,2444451.8618586473,0.0002787643857443633,1225.4642588053198,-807.3176801887748,0.0
2025-07-16,2445479.1320134625,0.0006848467698769012,1204.211825431189,-176.9416706158372,0.0
2025-07-17,2447382.7792620026,0.0012690981656935296,1212.926969797182,690.7202787431124,0.0
2025-07-18,2447282.987909984,-6.652756801248325e-05,1218.9184397767604,-1318.7097917954852,0.0
2025-07-19,2449418.866498678,0.0014239190591294046,1205.8268017196413,930.0517869744654,0.0
2025-07-20,2450534.188488198,0.0007435479930131416,1204.9860730881608,-89.6640835684484,0.0
2025-07-21,2452527.4186794246,0.0013288201274844376,1198.8677778649042,794.3624133617523,0.0
2025-07-22,2453766.660182645,0.000826161002146909,1200.0347746635894,39.206728556774124,0.0
2025-07-23,2451945.017045697,-0.0012144287579651054,1227.2766324488525,-3048.9197693965107,0.0
2025-07-24,2455950.3771168836,0.0026702400474574108,1214.1819260390635,2791.1781451470524,0.0
2025-07-25,2457295.96295064,0.000897057222504342,1209.8964601438036,135.68937361270946,0.0
2025-07-26,2457964.3531223657,0.00044559344781702157,1202.6244643167631,-534.2342925912308,0.0
2025-07-27,2459162.605865984,0.0007988351624124259,1205.75316125557,-7.500417636931161,0.0
2025-07-28,2459067.045431369,-6.370695641017907e-05,1221.444716808095,-1317.0051514233637,0.0
2025-07-29,2461254.864412199,0.0014585459872199524,1207.3098388432993,980.5091419866294,0.0
2025-07-30,2463579.964218892,0.001550066537795564,1205.8329384249807,1119.2668682683652,0.0
2025-07-31,2465141.418428297,0.001040969472936416,1031.6519817808037,529.8022276238203,0.0
2025-08-01,2465288.559467037,9.809402582680554e-05,229.64563274545972,-82.50459400525142,0.0
2025-08-02,2465214.7197362334,-4.922648720232788e-05,391.52709075846275,-465.36682156195457,0.0
2025-08-03,2465361.6701332447,9.79669313406655e-05,677.7754088579933,-530.825011846995,0.0
2025-08-04,2466593.597122509,0.0008212846595094645,537.7974297773399,694.129559486857,0.0
2025-08-05,2467226.5481602596,0.00042196735850040675,802.733218804229,-169.78218105361884,0.0
2025-08-06,2468356.851673523,0.0007535356755092316,884.1534435440157,246.15006971983166,0.0
2025-08-07,2468786.583728604,0.0002864880367204528,732.4761851512187,-302.74413007053954,0.0
2025-08-08,2469300.1468325155,0.000342375402607776,484.5842175871156,28.97888632454851,0.0
2025-08-09,2470027.3336163023,0.00048479118919117703,917.4246493043363,-190.23786551757075,0.0
2025-08-10,2470994.234021972,0.00064460027044656,1184.7534452145633,-217.8530395447233,0.0
2025-08-11,2472173.7289029374,0.000786329920643468,1219.7243937446517,-40.22951277944958,0.0
2025-08-12,2473425.1686748564,0.0008342931812793182,1073.1343890057515,178.3053829132259,0.0
2025-08-13,2474842.050154859,0.0009445876533353625,1110.3871411135392,306.49433888950443,0.0
2025-08-14,2473694.7307018447,-0.0007648796353431992,1261.3373926502725,-2408.656845665071,0.0
2025-08-15,2476643.4599852473,0.001965819522268643,550.3002799701347,2398.4290034328296,0.0
2025-08-16,2478031.3075880455,0.0009252317351986265,1045.2148880221741,342.63271477576563,0.0
2025-08-17,2478209.4015581873,0.00011872931342797052,589.935084021724,-411.8411138797683,0.0
2025-08-18,2478516.3936841125,0.00020466141728346237,298.46892406509,8.52320186010354,0.0
2025-08-19,2478911.4261976047,0.00026335500899473866,656.183418485802,-261.150904993694,0.0
2025-08-20,2479512.60230274,0.00040078407009013075,417.07494495716236,184.10116017803375,0.0
2025-08-21,2480211.979848876,0.0004662516974241632,635.2830681481129,64.09447798813198,0.0
2025-08-22,2480659.264506295,0.00029818977161243885,888.1046576229814,-440.82000020432315,0.0
2025-08-23,2481867.2209569947,0.0008053043004666672,1184.091485491806,23.864965208194917,0.0
2025-08-24,2483813.0041881064,0.0012971888207409697,1180.0587760000274,765.7244551114272,0.0
2025-08-25,2484446.625523658,0.00042241422370126825,1096.2607325180609,-462.63939696615853,0.0
2025-08-26,2485154.5970528224,0.0004719810194429189,691.2660535188893,16.70547564548906,0.0
2025-08-27,2485748.0095417,0.0003956083259184,411.3568971454093,182.0555917321908,0.0
2025-08-28,2487074.597376636,0.0008843918899574955,853.0387395889089,473.5490953473345,0.0
2025-08-29,2487231.31896294,0.00010448105753594727,412.7585701817488,-256.0369838778279,0.0
2025-08-30,2487603.127629196,0.0002478724441703864,869.5636548853289,-497.7549886297493,0.0
2025-08-31,2488558.776938987,0.000637099539860782,501.1921866103908,454.4571231807822,0.0
2025-09-01,2488588.2240672475,1.963141884047309e-05,723.9176158217902,-694.4704875610805,0.0
2025-09-02,2489805.615798821,0.0008115944877156219,822.9379494880965,394.45378208533657,0.0
2025-09-03,2490205.853739411,0.000266825293726626,312.2784973936049,87.95944319633418,0.0
2025-09-04,2490536.2806153847,0.00022028458398259704,538.0520732858989,-207.62519731200337,0.0
2025-09-05,2491677.2652899856,0.0007606564497339374,958.588154794983,182.39651980592316,0.0
2025-09-06,2491921.979640535,0.000163142900366083,455.06697245642096,-210.35262190729645,0.0
2025-09-07,2492651.6328007677,0.00048643544015523026,471.2296798344454,258.4234803984,0.0
2025-09-08,2493846.86985607,0.0007968247035347891,886.0152918173853,309.22176348479843,0.0
2025-09-09,2494437.9676265023,0.00039406518028828856,908.8427357773331,-317.74496534490027,0.0
2025-09-10,2495023.5642393483,0.00039039774189725577,791.8580978599945,-206.2614850141108,0.0
2025-09-11,2496115.9454356646,0.0007282541308774363,522.349455912886,570.0317404032685,0.0
2025-09-12,2496520.869763951,0.00026994955219109316,660.9613121639728,-256.0369838773331,0.0
2025-09-13,2496512.912906899,-5.30457136801969e-06,151.5974817688712,-159.55433882090074,0.0
2025-09-14,2497304.1130855107,0.0005274667857411877,635.0551205351206,156.14505807666092,0.0
2025-09-15,2498276.468097324,0.0006482366745420676,889.8504178073551,82.50459400574618,0.0
2025-09-16,2498544.862097672,0.0001789293335654292,568.4107058233925,-300.0167054752487,0.0
2025-09-17,2499151.811018737,0.000404632614043218,864.3496172400509,-257.40069617522386,0.0
2025-09-18,2499983.065190912,0.0005541694481169183,717.3841953245126,113.86997685086499,0.0
2025-09-19,2500657.6718888534,0.00044973779862726503,284.9259088972,389.6807890436976,0.0
2025-09-20,2500981.8302534893,0.00021610557642415346,107.32810931517778,216.8302553210524,0.0
2025-09-21,2500946.939461275,-2.326052814279304e-05,38.749671856728355,-73.64046407091791,0.0
2025-09-22,2501049.8063047924,6.857789567816387e-05,520.1628065880941,-417.2959630708483,0.0
2025-09-23,2501808.32061801,0.0005056762088118269,830.1092088423105,-71.5948956245702,0.0
2025-09-24,2502642.9690730944,0.0005564323033895013,646.7970860877481,187.85136899650388,0.0
2025-09-25,2503115.059225728,0.0003147267684222784,427.4285748865562,44.66157774686144,0.0
2025-09-26,2503911.424822471,0.0005309103978289436,565.2163622974462,231.14923444596934,0.0
2025-09-27,2504163.144424813,0.0001678130682278226,419.79714302273646,-168.07754068100257,0.0
2025-09-28,2504795.184380629,0.0004213599705438673,506.2374963605928,125.80245945520812,0.0
2025-09-29,2504444.0327820512,-0.00023410106571841637,139.44390048991363,-490.5954990675382,0.0
2025-09-30,2505227.623365958,0.0005223937226046854,421.86589696471736,361.72468694231065,0.0
2025-10-01,2506064.0488116024,0.0005576169637629795,653.3470696891078,183.07837595536148,0.0
2025-10-02,2506580.442509888,0.00034426246552364607,1104.4946266326194,-588.1009283471503,0.0
2025-10-03,2507982.1762599945,0.0009344891667376413,1229.2241444580438,172.50960564841807,0.0
2025-10-04,2509214.7109481306,0.0008216897920906407,1179.3499085289977,53.184779606963275,0.0
2025-10-05,2510329.474512738,0.0007431757097385548,1176.812474149129,-62.04890954129678,0.0
2025-10-06,2511573.1314210324,0.0008291046055292101,976.7102260353133,266.9466822585018,0.0
2025-10-07,2511751.4499423583,0.00011887901421733416,1053.8218163965948,-875.5032950705936,0.0
2025-10-08,2513052.9902658993,0.000867693549027457,741.73642536914,559.8038981720456,0.0
2025-10-09,2514153.9361955933,0.000733963953129207,342.38096414459443,758.5649655492161,0.0
2025-10-10,2514880.183311785,0.0004841647441279942,235.3106890497312,490.9364271422601,0.0
2025-10-11,2514864.820378508,-1.0241955518059513e-05,786.4998977215778,-801.862830998667,0.0
2025-10-12,2514644.246424219,-0.00014704930285928985,-418.65316551717086,198.0792112282361,0.0
2025-10-13,2514464.4659491703,-0.00011985365003258401,-146.02859568316873,-33.75187936570728,0.0
2025-10-14,2513805.7991743158,-0.0004391111832362864,-307.1699301438375,-351.4968447105921,0.0
2025-10-15,2513425.4491621107,-0.00025356667480323607,-47.263283512377384,-333.08672869247675,0.0
2025-10-16,2511525.4491621107,-0.0012666666666666666,0.0,0.0,1900.0
2025-10-17,2511525.4491621107,0.0,0.0,0.0,0.0
2025-10-18,2511525.4491621107,0.0,0.0,0.0,0.0
2025-10-19,2511525.4491621107,0.0,0.0,0.0,0.0
2025-10-20,2511525.4491621107,0.0,0.0,0.0,0.0
2025-10-21,2511525.4491621107,0.0,0.0,0.0,0.0
2025-10-22,2511525.4491621107,0.0,0.0,0.0,0.0
2025-10-23,2511525.4491621107,0.0,0.0,0.0,0.0
2025-10-24,2511525.4491621107,0.0,0.0,0.0,0.0
2025-10-25,2511525.4491621107,0.0,0.0,0.0,0.0
2025-10-26,2510573.0478948136,-0.0006349341781983329,355.4066674621655,592.1920652403351,1900.0
2025-10-27,2511797.065139501,0.0008160114964583115,1065.826618163966,158.19062652350112,0.0
2025-10-28,2511836.878794829,2.6542436885413433e-05,655.5297577024176,-615.7161023742974,0.0
2025-10-29,2512898.7817620966,0.0007079353115117791,329.2485353729924,732.6544318946762,0.0
2025-10-30,2512205.9351984127,-0.00046189770912255805,304.0271258740543,-996.8736895578913,0.0
2025-10-31,2513755.5665347483,0.0010330875575570086,746.0638649652084,803.5674713703047,0.0
2025-11-01,2514579.532595495,0.0005493107071645597,1112.3912116924694,-288.42515094562987,0.0
2025-11-02,2515404.029604022,0.0005496646723511946,824.8379366010154,-0.34092807422348415,0.0
2025-11-03,2515921.847109315,0.00034521167019539164,688.6224705693841,-170.80496527629657,0.0
2025-11-04,2516496.525688463,0.0003831190527653223,804.4641012965495,-229.7855221485661,0.0
2025-11-05,2517210.5763932634,0.0004760338032003037,441.9901014261021,272.0606033743534,0.0
2025-11-06,2517829.4998157043,0.00041261561496048403,580.3985500328996,38.52487240782648,0.0
2025-11-07,2518172.8928862726,0.00022892871371211118,606.5895440087005,-263.19647344053374,0.0
2025-11-08,2518459.0798730142,0.0001907913244943414,512.9041562200623,-226.7171694785502,0.0
2025-11-09,2519196.025090475,0.0004912968116406581,400.7901360984873,336.1550813624999,0.0
2025-11-10,2520245.891795371,0.0006999111365975077,756.6685609085051,293.19814398775634,0.0
2025-11-11,2520204.843481022,-2.736554289950639e-05,211.9203168585524,-252.968631207812,0.0
2025-11-12,2520803.975758728,0.0003994215184708041,313.77547943010467,285.3567982761015,0.0
2025-11-13,2521265.390162462,0.00030760960248912085,619.2641021829626,-157.84969844928128,0.0
2025-11-14,2521805.435428812,0.0003600301775667891,909.6112990041491,-369.5660326539655,0.0
2025-11-15,2522980.523100853,0.0007833917813607775,787.452451443319,387.63522059784736,0.0
2025-11-16,2523336.2391766347,0.0002371440505208994,808.12763051579,-452.41155473444087,0.0
2025-11-17,2524330.0036837035,0.0006625096713793894,860.1207019027197,133.64380516636447,0.0
2025-11-18,2525266.09961575,0.0006240639546974037,745.5171384543005,190.57879359180515,0.0
2025-11-19,2525743.744006767,0.0003184295940115389,522.3059687641698,-44.66157774686144,0.0
2025-11-20,2526535.1459105094,0.00052760126916175,725.6027853823679,65.79911836025713,0.0
2025-11-21,2526527.150060695,-5.330566542889528e-06,337.7052176314363,-345.7010674457706,0.0
2025-11-22,2526909.0772057287,0.00025461809668914494,381.9271450342122,-4.94765117764473e-10,0.0
2025-11-23,2527493.1435356047,0.00038937755325042924,88.69783776596651,495.3684921096774,0.0
2025-11-24,2526685.384173003,-0.0005385062417341761,145.1346053587075,-952.8939679599716,0.0
2025-11-25,2527535.623353719,0.0005668261204770441,-189.9323742912958,1040.171555006862,0.0
2025-11-26,2527563.759523358,1.875744642613972e-05,268.1495340195079,-240.0133643802983,0.0
2025-11-27,2527705.214554604,9.430335416402598e-05,136.6820382044,4.772993041638983,0.0
2025-11-28,2527748.717016105,2.9001641000703575e-05,189.07874927126628,-145.5762877702109,0.0
2025-11-29,2527863.8999075843,7.678859431941734e-05,75.29430677389992,39.888584705226094,0.0
2025-11-30,2528099.126613912,0.00015681780421874969,418.3050822829908,-183.07837595486626,0.0
2025-12-01,2528419.9296899354,0.0002138687173487302,253.64024536593516,67.16283065716016,0.0
2025-12-02,2528756.0160298,0.0002240575599095821,165.62230266230736,170.4640372020658,0.0
2025-12-03,2528269.168973509,-0.00032456470419367186,49.432804747082514,-536.2798610375903,0.0
2025-12-04,2529449.1744769067,0.0007866703355981344,349.1637860744519,830.8417173227499,0.0
2025-12-05,2529434.574903203,-9.733049135541894e-06,319.1690111381202,-333.76858484143304,0.0
2025-12-06,2529484.4880667767,3.3275442382302376e-05,115.37135385947629,-65.45819028602273,0.0
2025-12-07,2529761.8030185187,0.00018487663449463253,336.636436687952,-59.32148494600324,0.0
2025-12-08,2530399.794374424,0.00042532757060371817,289.56286386401064,348.42849204156664,0.0
2025-12-09,2529892.2892789813,-0.0003383367302954349,391.52223676091063,-899.027332204063,0.0
2025-12-10,2530722.4724451117,0.0005534554440870485,251.96915194141496,578.2140141891578,0.0
2025-12-11,2530855.85576674,8.892221441898139e-05,223.04740519642573,-89.66408356795364,0.0
2025-12-12,2531257.0263814675,0.00026744707648480826,472.765510352281,-71.5948956250686,0.0
2025-12-13,2531732.34087241,0.0003168763272954282,374.7407089940235,100.57378194911871,0.0
2025-12-14,2532584.8585111084,0.0005683450924654025,512.6123485171335,339.90529018097027,0.0
2025-12-15,2532815.171280706,0.00015354184639834503,71.44028692506744,158.87248267245013,0.0
2025-12-16,2532810.7219443223,-2.9662242556408957e-06,380.11753154437014,-384.5668679278315,0.0
2025-12-17,2533274.4968320713,0.0003091832584993597,632.5342845794822,-168.7593968304427,0.0
2025-12-18,2533831.0665327027,0.00037104646708737045,403.15206714919356,153.41763348186214,0.0
2025-12-19,2534743.6323477766,0.0006083772100494355,742.7836340205308,169.78218105362248,0.0
2025-12-20,2534967.104052451,0.00014898113644955764,552.808224548867,-329.3365198745305,0.0
2025-12-21,2535756.707795978,0.0005264024956846307,678.4611912708776,111.14255225606848,0.0
2025-12-22,2536137.0361700915,0.0002535522494090256,470.3333857567069,-90.00501164316847,0.0
2025-12-23,2536487.3768283213,0.00023356043881991517,291.7010294323206,58.63962879755218,0.0
2025-12-24,2536655.633459952,0.0001121710877537652,727.0377455790152,-558.7811139483674,0.0
2025-12-25,2537972.2233088873,0.0008777265659568311,664.0535145252408,652.536334410006,0.0
2025-12-26,2538575.5485010855,0.0004022167947986416,588.6652849988238,14.659907199138615,0.0
2025-12-27,2539186.2237364445,0.0004071168235729856,310.9994579584545,299.6757774010239,0.0
2025-12-28,2539578.543376459,0.0002615464266761493,520.5085959900041,-128.18895597578012,0.0
2025-12-29,2539804.8213795754,0.0001508520020776663,744.1477481359758,-517.8697450194763,0.0
2025-12-30,2540542.5935051595,0.0004918480837227374,682.5417775307943,55.2303480533119,0.0
2025-12-31,2540663.861109833,8.084506978219104e-05,245.02449568214595,-123.75689100885938,0.0
2026-01-01,2541639.959938506,0.0006507325524489543,648.4669491710334,327.6318795023981,0.0
2026-01-02,2542053.8575305315,0.0002759317280166608,443.2174064237668,-29.319814398775634,0.0
2026-01-03,2542550.8391253585,0.0003313210632182139,340.4956086759376,156.48598615138326,0.0
2026-01-04,2542770.7681797943,0.00014661936962381917,609.6098434799211,-389.68078904419235,0.0
2026-01-05,2543463.482148368,0.00046180931238253605,681.4633421179135,11.250626455890597,0.0
2026-01-06,2543761.6509968494,0.00019877923232078634,132.13687624651828,166.03197223466123,0.0
2026-01-07,2544467.44560906,0.000470529741474056,621.9263059079427,83.86830630314125,0.0
2026-01-08,2545119.976428924,0.0004350205465759402,782.424416211812,-129.89359634790162,0.0
2026-01-09,2545405.882751231,0.00019060421487104227,144.76209950326782,141.14422280329563,0.0
2026-01-10,2545919.6420217473,0.00034250618034435795,603.4233540844888,-89.66408356795182,0.0
2026-01-11,2546297.176752329,0.00025168982038756765,465.153245703454,-87.61851512210251,0.0
2026-01-12,2547073.770541983,0.0005177291931030114,290.4303555538888,486.16343410062836,0.0
2026-01-13,2547367.2989839073,0.00019568562794946035,483.0844512933107,-189.55600936912015,0.0
2026-01-14,2547417.8260895307,3.3684737082197637e-05,217.92279015536093,-167.39568453206448,0.0
2026-01-15,2547684.0256156405,0.00017746635073976878,96.07641698230923,170.12310912734392,0.0
2026-01-16,2548026.345833289,0.00022821347843242817,559.4914010439218,-217.1711833952795,0.0
2026-01-17,2548547.0792237846,0.00034715559366364535,189.01037410037605,331.7230163950919,0.0
2026-01-18,2548937.671842351,0.0002603950790444122,638.447328658073,-247.85471009145476,0.0
2026-01-19,2549847.0929601174,0.0006062807451776185,252.45271839000125,656.9683993764265,0.0
2026-01-20,2549939.468237105,6.158351799134258e-05,697.5226090543679,-605.147332067354,0.0
2026-01-21,2550344.877495859,0.00027027283916962355,556.440395715216,-151.0311369607807,0.0
2026-01-22,2551198.6526529756,0.0005691834380776958,636.6039737212641,217.1711833952795,0.0
2026-01-23,2551600.2250961685,0.00026771496212850697,471.46269844570895,-69.89025525294846,0.0
2026-01-24,2552047.6459127935,0.0002982805444166512,437.87483054170065,9.545986083276148,0.0
2026-01-25,2552587.553498375,0.00035993839038768656,434.9017386649938,105.00584691653603,0.0
2026-01-26,2552848.906856005,0.00017423557175358625,369.7684852906582,-108.41512766027881,0.0
2026-01-27,2553555.8464738247,0.00047129307854618417,535.7937244687489,171.14589335052733,0.0
2026-01-28,2554244.4057696722,0.00045903953056491476,493.8893653623895,194.66993048498261,0.0
2026-01-29,2554290.9060377437,3.100017871450988e-05,520.0493634190996,-473.54909534733474,0.0
2026-01-30,2554722.5549907195,0.0002877659686506049,187.54445170242434,244.10450127348304,0.0
2026-01-31,2555415.8578734025,0.0004622019217888137,569.2050636001322,124.09781908308832,0.0
2026-02-01,2554965.0329192406,-0.0003005499694414296,50.33931521186977,-501.1642693740141,0.0
2026-02-02,2554812.8488519,-0.00010145604489371524,-227.87009985783303,75.68603251726017,0.0
2026-02-03,2555124.7002183404,0.00020790091096005529,-11.348448095405324,323.19981453548826,0.0
2026-02-04,2555056.06121385,-4.5759336326535334e-05,213.99036919101175,-282.62937368081475,0.0
2026-02-05,2554845.7572338553,-0.00014020265332992374,112.55490646638282,-322.8588864612684,0.0
2026-02-06,2554687.1318693864,-0.00010575024297928144,-616.4917683939219,457.86640392499976,0.0
2026-02-07,2552787.1318693864,-0.0012666666666666666,0.0,0.0,1900.0
2026-02-08,2552787.1318693864,0.0,0.0,0.0,0.0
2026-02-09,2552787.1318693864,0.0,0.0,0.0,0.0
2026-02-10,2552787.1318693864,0.0,0.0,0.0,0.0
2026-02-11,2552787.1318693864,0.0,0.0,0.0,0.0
2026-02-12,2552787.1318693864,0.0,0.0,0.0,0.0
2026-02-13,2552787.1318693864,0.0,0.0,0.0,0.0
2026-02-14,2552787.1318693864,0.0,0.0,0.0,0.0
2026-02-15,2552787.1318693864,0.0,0.0,0.0,0.0
2026-02-16,2552787.1318693864,0.0,0.0,0.0,0.0
2026-02-17,2552787.1318693864,0.0,0.0,0.0,0.0
2026-02-18,2552787.1318693864,0.0,0.0,0.0,0.0
2026-02-19,2552787.1318693864,0.0,0.0,0.0,0.0
2026-02-20,2552787.1318693864,0.0,0.0,0.0,0.0
2026-02-21,2552787.1318693864,0.0,0.0,0.0,0.0
2026-02-22,2552787.1318693864,0.0,0.0,0.0,0.0
2026-02-23,2552787.1318693864,0.0,0.0,0.0,0.0
2026-02-24,2552787.1318693864,0.0,0.0,0.0,0.0
2026-02-25,2552787.1318693864,0.0,0.0,0.0,0.0
2026-02-26,2552787.1318693864,0.0,0.0,0.0,0.0
2026-02-27,2552787.1318693864,0.0,0.0,0.0,0.0
2026-02-28,2552787.1318693864,0.0,0.0,0.0,0.0
2026-03-01,2552787.1318693864,0.0,0.0,0.0,0.0
2026-03-02,2552787.1318693864,0.0,0.0,0.0,0.0
2026-03-03,2552787.1318693864,0.0,0.0,0.0,0.0
2026-03-04,2552787.1318693864,0.0,0.0,0.0,0.0
2026-03-05,2552787.1318693864,0.0,0.0,0.0,0.0
2026-03-06,2552787.1318693864,0.0,0.0,0.0,0.0
2026-03-07,2552787.1318693864,0.0,0.0,0.0,0.0
2026-03-08,2552787.1318693864,0.0,0.0,0.0,0.0
2026-03-09,2552787.1318693864,0.0,0.0,0.0,0.0
2026-03-10,2552787.1318693864,0.0,0.0,0.0,0.0
2026-03-11,2552787.1318693864,0.0,0.0,0.0,0.0
2026-03-12,2552787.1318693864,0.0,0.0,0.0,0.0
2026-03-13,2552787.1318693864,0.0,0.0,0.0,0.0
2026-03-14,2552787.1318693864,0.0,0.0,0.0,0.0
2026-03-15,2552787.1318693864,0.0,0.0,0.0,0.0
2026-03-16,2552787.1318693864,0.0,0.0,0.0,0.0
2026-03-17,2552787.1318693864,0.0,0.0,0.0,0.0
2026-03-18,2552787.1318693864,0.0,0.0,0.0,0.0
2026-03-19,2552787.1318693864,0.0,0.0,0.0,0.0
2026-03-20,2552787.1318693864,0.0,0.0,0.0,0.0
2026-03-21,2552787.1318693864,0.0,0.0,0.0,0.0
2026-03-22,2552787.1318693864,0.0,0.0,0.0,0.0
2026-03-23,2552787.1318693864,0.0,0.0,0.0,0.0
2026-03-24,2552787.1318693864,0.0,0.0,0.0,0.0
2026-03-25,2552787.1318693864,0.0,0.0,0.0,0.0
2026-03-26,2552787.1318693864,0.0,0.0,0.0,0.0
2026-03-27,2552787.1318693864,0.0,0.0,0.0,0.0
2026-03-28,2552787.1318693864,0.0,0.0,0.0,0.0
2026-03-29,2552787.1318693864,0.0,0.0,0.0,0.0
2026-03-30,2552787.1318693864,0.0,0.0,0.0,0.0
2026-03-31,2552787.1318693864,0.0,0.0,0.0,0.0
2026-04-01,2552787.1318693864,0.0,0.0,0.0,0.0
2026-04-02,2552787.1318693864,0.0,0.0,0.0,0.0
2026-04-03,2552787.1318693864,0.0,0.0,0.0,0.0
2026-04-04,2552787.1318693864,0.0,0.0,0.0,0.0
2026-04-05,2552787.1318693864,0.0,0.0,0.0,0.0
2026-04-06,2552787.1318693864,0.0,0.0,0.0,0.0
2026-04-07,2552787.1318693864,0.0,0.0,0.0,0.0
2026-04-08,2552787.1318693864,0.0,0.0,0.0,0.0
2026-04-09,2552787.1318693864,0.0,0.0,0.0,0.0
2026-04-10,2552787.1318693864,0.0,0.0,0.0,0.0
2026-04-11,2552787.1318693864,0.0,0.0,0.0,0.0
2026-04-12,2552787.1318693864,0.0,0.0,0.0,0.0
2026-04-13,2552787.1318693864,0.0,0.0,0.0,0.0
2026-04-14,2552787.1318693864,0.0,0.0,0.0,0.0
2026-04-15,2552787.1318693864,0.0,0.0,0.0,0.0
2026-04-16,2552787.1318693864,0.0,0.0,0.0,0.0
2026-04-17,2552787.1318693864,0.0,0.0,0.0,0.0
2026-04-18,2552787.1318693864,0.0,0.0,0.0,0.0
2026-04-19,2552787.1318693864,0.0,0.0,0.0,0.0
2026-04-20,2552787.1318693864,0.0,0.0,0.0,0.0
2026-04-21,2552787.1318693864,0.0,0.0,0.0,0.0
2026-04-22,2552787.1318693864,0.0,0.0,0.0,0.0
2026-04-23,2552787.1318693864,0.0,0.0,0.0,0.0
2026-04-24,2552787.1318693864,0.0,0.0,0.0,0.0
2026-04-25,2552787.1318693864,0.0,0.0,0.0,0.0
2026-04-26,2552787.1318693864,0.0,0.0,0.0,0.0
2026-04-27,2552787.1318693864,0.0,0.0,0.0,0.0
2026-04-28,2552787.1318693864,0.0,0.0,0.0,0.0
2026-04-29,2552787.1318693864,0.0,0.0,0.0,0.0
2026-04-30,2552787.1318693864,0.0,0.0,0.0,0.0
2026-05-01,2552787.1318693864,0.0,0.0,0.0,0.0
2026-05-02,2552787.1318693864,0.0,0.0,0.0,0.0
2026-05-03,2552787.1318693864,0.0,0.0,0.0,0.0
2026-05-04,2552787.1318693864,0.0,0.0,0.0,0.0
2026-05-05,2552787.1318693864,0.0,0.0,0.0,0.0
2026-05-06,2552787.1318693864,0.0,0.0,0.0,0.0
2026-05-07,2552787.1318693864,0.0,0.0,0.0,0.0
2026-05-08,2552787.1318693864,0.0,0.0,0.0,0.0
2026-05-09,2552787.1318693864,0.0,0.0,0.0,0.0
2026-05-10,2552787.1318693864,0.0,0.0,0.0,0.0
2026-05-11,2552787.1318693864,0.0,0.0,0.0,0.0
2026-05-12,2552787.1318693864,0.0,0.0,0.0,0.0
2026-05-13,2552787.1318693864,0.0,0.0,0.0,0.0
2026-05-14,2552787.1318693864,0.0,0.0,0.0,0.0
2026-05-15,2551298.7930757944,-0.0009922258623947578,-126.66422307605764,538.3254294839207,1900.0
2026-05-16,2551464.688520654,0.00011059696323999816,234.08105974082648,-68.18561488082923,0.0
2026-05-17,2551759.9004321015,0.0001968079409649628,140.08963759345693,155.12227385398728,0.0
2026-05-18,2551510.2096470464,-0.00016646052336995857,312.1586815629507,-561.8494666178885,0.0
2026-05-19,2552306.8563723303,0.0005310978168557912,407.6477923884399,388.998932895247,0.0
2026-05-20,2552633.3618254745,0.00021767030209620785,473.7863812871399,-147.2809281428281,0.0
2026-05-21,2553210.423229144,0.00038470760244608507,318.6379232707276,258.4234803984,0.0
2026-05-22,2552925.816063688,-0.0001897381103038958,149.05334518626609,-433.6605106421098,0.0
2026-05-23,2553093.5300938664,0.00011180935345247508,263.8557471609215,-96.14171698220889,0.0
2026-05-24,2554009.5948854405,0.000610709861049147,564.9088749373545,351.1559166363659,0.0
2026-05-25,2554242.108688118,0.00015500920178524485,302.0631298560943,-69.54932717822703,0.0
2026-05-26,2554907.532311365,0.00044361574883127,465.98069972078,199.442923526125,0.0
2026-05-27,2555105.5390505586,0.00013200449279548865,746.9009389841026,-548.8941997908696,0.0
2026-05-28,2555975.3381409626,0.0005798660602694669,634.558719065039,235.24037133916136,0.0
2026-05-29,2556352.6960166404,0.0002515719171183889,554.2995462929185,-176.94167061533517,0.0
2026-05-30,2556933.671671648,0.00038731710333852305,360.73611894298665,220.2395360647979,0.0
2026-05-31,2557164.7665358055,0.0001540632427716717,404.9681821033216,-173.87331794581405,0.0
2026-06-01,2557456.0722225537,0.00019420379116545915,505.74944554867267,-214.44375880048392,0.0
2026-06-02,2557919.1589691453,0.0003087244977275297,592.2984867907419,-129.21174019944738,0.0
2026-06-03,2558883.4242041637,0.0006428434900124459,509.4671837636414,454.79805125502753,0.0
2026-06-04,2558758.228051844,-8.346410154627954e-05,68.79192201611225,-193.98807433553156,0.0
2026-06-05,2558993.975560989,0.00015716500609678493,-21.312258955328193,257.0597681005056,0.0
2026-06-06,2559077.417864027,5.56282020249924e-05,19.347825049349336,64.09447798813926,0.0
2026-06-07,2559099.418891482,1.4667351636724874e-05,6.659264106751393,15.341763348335917,0.0
2026-06-08,2559187.716736817,5.8865230222968646e-05,153.4151075457611,-65.11726221130812,0.0
2026-06-09,2559065.080322221,-8.175760973062032e-05,44.75926993662147,-167.39568453255197,0.0
2026-06-10,2559293.675950091,0.00015239708524679364,-10.054024212711846,238.64965208290232,0.0
2026-06-11,2559124.099014557,-0.00011305129035592044,93.2786098316838,-262.85554536556447,0.0
2026-06-12,2559187.891714605,4.252846669871825e-05,42.996087509418125,20.796612538659247,0.0
2026-06-13,2559496.0365493745,0.00020542988984613916,137.68079756713726,170.4640372020715,0.0
2026-06-14,2559451.767616581,-2.9512621861916766e-05,-273.03167071802864,228.7627379251535,0.0
2026-06-15,2557551.767616581,-0.0012666666666666666,0.0,0.0,1900.0
2026-06-16,2557551.767616581,0.0,0.0,0.0,0.0
2026-06-17,2557551.767616581,0.0,0.0,0.0,0.0
2026-06-18,2557551.767616581,0.0,0.0,0.0,0.0
2026-06-19,2557551.767616581,0.0,0.0,0.0,0.0
2026-06-20,2557551.767616581,0.0,0.0,0.0,0.0
2026-06-21,2557551.767616581,0.0,0.0,0.0,0.0
2026-06-22,2557551.767616581,0.0,0.0,0.0,0.0
2026-06-23,2557551.767616581,0.0,0.0,0.0,0.0
2026-06-24,2557551.767616581,0.0,0.0,0.0,0.0
2026-06-25,2557551.767616581,0.0,0.0,0.0,0.0
2026-06-26,2557551.767616581,0.0,0.0,0.0,0.0
2026-06-27,2557551.767616581,0.0,0.0,0.0,0.0
2026-06-28,2557551.767616581,0.0,0.0,0.0,0.0
2026-06-29,2557551.767616581,0.0,0.0,0.0,0.0
2026-06-30,2556314.556039925,-0.000824807717770762,366.52192668682693,296.2664966570301,1900.0
2026-07-01,2556051.467597455,-0.00017539229498011687,288.8741099902154,-551.9625524603907,0.0
2026-07-02,2556603.4276270475,0.00036797335306178826,378.4276397208481,173.5323898718343,0.0
2026-07-03,2556934.459060616,0.00022068762237893694,498.08619002649016,-167.05475645808474,0.0
2026-07-04,2557503.9558644155,0.00037966453586624704,628.8182887456235,-59.321484946252895,0.0
2026-07-05,2558472.1867915695,0.0006454872847692313,581.277562705196,386.953364448651,0.0
2026-07-06,2559114.9595268695,0.00042851515686678895,516.6293477705009,126.14338752968251,0.0
2026-07-07,2559152.4682629807,2.500582407418934e-05,493.6704996641859,-456.1617635529019,0.0
2026-07-08,2559740.2133754017,0.00039183007494731525,275.1140681924335,312.6310442285394,0.0
2026-07-09,2560330.736922861,0.00039368236497270686,375.3979325098784,215.1256149491819,0.0
2026-07-10,2560818.709574395,0.0003253151010226701,556.1582664148344,-68.18561488082923,0.0
2026-07-11,2561125.2813690742,0.00020438119645293216,330.0958318133624,-23.524037133964157,0.0
2026-07-12,2561654.331443363,0.0003527000495255378,403.24761483309874,125.80245945520801,0.0
2026-07-13,2561812.1920897965,0.00010524043095570217,355.939857662529,-198.07921122897574,0.0
2026-07-14,2562092.4662794955,0.0001868494597994274,368.233632895468,-87.9594431963269,0.0
2026-07-15,2562698.3166298675,0.0004039002335812529,542.0968004582073,63.75354991367203,0.0
2026-07-16,2563241.002937446,0.00036179087171894645,355.5167947306157,187.16951284780407,0.0
2026-07-17,2563374.6576265367,8.910312606045499e-05,330.7111160962372,-197.05642700555472,0.0
2026-07-18,2563415.7451579445,2.7391687605292873e-05,290.98780994623564,-249.90027853829633,0.0
2026-07-19,2563888.634509125,0.0003152595674533057,277.1966364718035,195.6927147081551,0.0
2026-07-20,2564264.847763999,0.0002508088365828999,368.0309810887198,8.18227378563006,0.0
2026-07-21,2564729.8547816626,0.0003100046784424347,360.6830268958158,104.32399076783622,0.0
2026-07-22,2565078.8644755087,0.00023267312923074815,245.36755922772974,103.64213461839245,0.0
2026-07-23,2565221.7691322453,9.526977115791105e-05,188.92994678112763,-46.025290044261055,0.0
2026-07-24,2565528.599752223,0.00020455374665190803,413.2001791917959,-106.36955921393383,0.0
2026-07-25,2565595.427301257,4.455169935588151e-05,267.29325678361636,-200.4657077497941,0.0
2026-07-26,2566397.7846068344,0.0005349048703848744,341.76347705724527,460.5938285200664,0.0
2026-07-27,2566374.6537118643,-1.5420596646837454e-05,393.1422838771704,-416.2731788474266,0.0
2026-07-28,2566967.299059867,0.0003950968986682338,239.44386291963986,353.20148508271086,0.0
2026-07-29,2566672.83221819,-0.00019631122778432088,515.5782631078322,-810.0451047843135,0.0
2026-07-30,2567689.8881658847,0.0006780372984631637,540.0975716034188,476.9583760913267,0.0
2026-07-31,2566501.4792942544,-0.0007922725810869132,553.4005018461255,158.19062652350476,1900.0
