date,nav,ret,funding_pnl,basis_pnl,cost
2021-01-02,1500508.0041243092,0.00033866941620606033,1456.4905741228772,651.5135501862133,1600.0
2021-01-03,1504268.0969403682,0.0025067285440394187,4322.965066900317,-562.8722508411884,0.0
2021-01-04,1508326.91973545,0.0027058818633878892,5147.0652085797965,-1088.2424134979628,0.0
2021-01-05,1510973.5167470109,0.0017643980077072035,2166.5702827998375,480.02672876096767,0.0
2021-01-06,1516265.1287700234,0.0035277413486750073,5638.676802756063,-347.0647797435522,0.0
2021-01-07,1520351.0131063457,0.0027239228908815835,4305.1010881639995,-219.2167518416245,0.0
2021-01-08,1525920.2977297942,0.003712856415632223,5890.779797611458,-321.495174163123,0.0
2021-01-09,1530229.0896623242,0.002872527955020045,3835.24283718298,473.54909534708713,0.0
2021-01-10,1534737.6556251564,0.003005710641888074,4368.103596177515,140.46236665459583,0.0
2021-01-11,1537548.4892334468,0.0018738890721937112,2884.474072361984,-73.64046407141723,0.0
2021-01-12,1541052.2426933285,0.0023358356399210767,1681.8338302655488,1821.9196296160662,0.0
2021-01-13,1541629.1822845011,0.0003846263941150857,1252.9999627161058,-676.0603715434772,0.0
2021-01-14,1543454.3159769704,0.0012167557949794537,2799.50612911628,-974.3724366470997,0.0
2021-01-15,1547551.746442903,0.002731620310621855,3181.697658083234,915.7328078495484,0.0
2021-01-16,1548953.0865842006,0.0009342267608650683,1391.7941552143245,9.545986083277967,0.0
2021-01-17,1549416.3199887595,0.00030882226970596063,901.3259801682138,-438.0925756092729,0.0
2021-01-18,1551279.4834559707,0.0012421089781407162,2547.0651844659537,-683.9017172548793,0.0
2021-01-19,1555212.3372046454,0.002621902499116482,4505.953841748007,-573.1000930732844,0.0
2021-01-20,1559363.2375619314,0.0027672669048573214,1500.5255068679962,2650.3748504179857,0.0
2021-01-21,1559374.9184026325,7.787227134138902e-06,1416.3045072464263,-1404.623666545218,0.0
2021-01-22,1559936.8609767077,0.00037462838271678465,315.7925043553562,246.15006971982075,0.0
2021-01-23,1559743.1070362814,-0.00012916929361754767,361.9588208525248,-555.7127612788463,0.0
2021-01-24,1561539.7565925226,0.001197766370827518,719.3168411241081,1077.3327151171688,0.0
2021-01-25,1562454.5057768386,0.0006098327895439465,1151.6941960268243,-236.9450117109045,0.0
2021-01-26,1563366.3833025463,0.0006079183504717579,368.4381751074776,543.4393506001593,0.0
2021-01-27,1563312.9408835934,-3.562827930194544e-05,332.14723319821223,-385.5896521511304,0.0
2021-01-28,1563410.802465268,6.524105444967889e-05,437.7668718553647,-339.90529018084635,0.0
2021-01-29,1565785.424592209,0.0015830814179608396,2751.0067210833326,-376.3845941420732,0.0
2021-01-30,1567620.5586640288,0.0012234227145465075,1458.4085496033301,376.7255222164313,0.0
2021-01-31,1569281.0161909366,0.0011069716846051525,1698.3005431666086,-37.84301625887974,0.0
2021-02-01,1570267.341103066,0.0006575499414195355,1336.458044542253,-350.13313241294964,0.0
2021-02-02,1572699.2173924318,0.0016212508595772758,2324.4839459288073,107.39234343710632,0.0
2021-02-03,1575443.4358977454,0.0018294790035423452,2825.018458947146,-80.79995363362832,0.0
2021-02-04,1577554.9049217706,0.0014076460160169072,2121.696866257326,-10.227842231965042,0.0
2021-02-05,1580227.602768854,0.0017817985647222486,2907.2563622735815,-234.5585151902087,0.0
2021-02-06,1581935.0275163457,0.0011382831649944625,2706.6849335701645,-999.2601860784707,0.0
2021-02-07,1586286.1601202146,0.0029007550692459402,4373.974784853929,-22.842180985018786,0.0
2021-02-08,1591646.0719829025,0.003573274575125232,4849.542535304807,510.3693273830413,0.0
2021-02-09,1598448.4529363555,0.004534920635635316,7583.4471719129815,-781.0662184600078,0.0
2021-02-10,1605128.1584808005,0.004453137029630026,6531.401832079287,148.30371236575252,0.0
2021-02-11,1611246.2497267905,0.004078727497326611,5105.875793083933,1012.2154529059844,0.0
2021-02-12,1615468.8320136508,0.0028150548579069195,5897.561916407845,-1674.9796295474662,0.0
2021-02-13,1622118.6980821022,0.004433244045634292,5773.680917232892,876.1851512185458,0.0
2021-02-14,1628282.1026637868,0.004108936387789775,6129.311774244247,34.09280744041462,0.0
2021-02-15,1631703.9149481414,0.0022812081895696606,3758.990149940167,-337.17786558567605,0.0
2021-02-16,1637818.6497444198,0.004076489864185575,5970.181292731073,144.55350354728944,0.0
2021-02-17,1643804.0837455243,0.003990289334069664,5780.195300313313,205.23870079118205,0.0
2021-02-18,1650717.3373654236,0.0046088357465995065,7338.390928681256,-425.13730878199567,0.0
2021-02-19,1656659.6148901223,0.0039615183497991565,5359.290517467451,582.9870072312842,0.0
2021-02-20,1662844.0912792508,0.004122984259418982,7548.188686745058,-1363.7122976165847,0.0
2021-02-21,1670153.7160304757,0.004873083167483276,6198.540156741683,1111.0845944832308,0.0
2021-02-22,1675911.6293026349,0.0038386088481061676,5617.79183357937,140.12143857988121,0.0
2021-02-23,1678025.1482314388,0.0014090126192025836,1251.9936847847214,861.5252440191543,0.0
2021-02-24,1679639.437683056,0.0010761929677448546,1652.814324024861,-38.524872407579096,0.0
2021-02-25,1681274.6793200222,0.0010901610913107273,1186.239362975893,449.00227399019786,0.0
2021-02-26,1682151.7642145222,0.0005847232630000061,481.60832819100165,395.47656630900747,0.0
2021-02-27,1682740.2250976756,0.00039230725543564675,1338.5026468428355,-750.0417636893653,0.0
2021-02-28,1685106.9746128898,0.0015778330101427688,906.8955006153752,1459.8540145987781,0.0
2021-03-01,1684478.4566038551,-0.00041901200602307675,568.480460198352,-1196.9984692329672,0.0
2021-03-02,1685984.6255950832,0.0010041126608186738,507.2497332237818,998.919258004229,0.0
2021-03-03,1686433.3902689274,0.0002991764492294983,1075.0495465247498,-626.2848726805023,0.0
2021-03-04,1686717.455802122,0.00018937702212966769,515.2147676404709,-231.14923444596934,0.0
2021-03-05,1687645.316478455,0.0006185737842220055,494.8820218398524,432.9786544931558,0.0
2021-03-06,1687660.3788171532,1.004155913221598e-05,498.83927627788364,-483.77693757955967,0.0
2021-03-07,1688282.6551070581,0.00041485085993653244,627.0492829464367,-4.772993041638074,0.0
2021-03-08,1688848.3297361967,0.00037711641942571593,778.0728194922217,-212.3981903536478,0.0
2021-03-09,1691162.2544228632,0.001542616457777716,3064.3073784301628,-750.3826917635888,0.0
2021-03-10,1693973.13791891,0.0018739223306979442,2431.0896211607237,379.7938748861925,0.0
2021-03-11,1697465.4584381774,0.002328213679511567,5353.787805514172,-1861.4672862468215,0.0
2021-03-12,1702772.8596589458,0.0035382674805121725,4345.302194799484,962.0990259687751,0.0
2021-03-13,1706011.5149314324,0.002159103514991134,3232.859495221893,5.795777264807839,0.0
2021-03-14,1711560.1749957653,0.0036991067095552685,5879.701224579551,-331.04116024664836,0.0
2021-03-15,1716259.6288908892,0.003132969263415973,4085.7833611962483,613.6705339277105,0.0
2021-03-16,1718808.7563618096,0.0016994183139469267,1880.2265889396115,668.9008819807786,0.0
2021-03-17,1719968.3648872208,0.0007730723502740113,1537.3568318508644,-377.7483064398475,0.0
2021-03-18,1722038.9625715385,0.0013803984562118657,1850.6990763269778,219.8986079908209,0.0
2021-03-19,1723134.1697642787,0.0007301381284934915,1537.3909052424513,-442.1837125022139,0.0
2021-03-20,1725956.5282179245,0.001881572302430555,2825.4268063153518,-3.0683526695192995,0.0
2021-03-21,1728117.014500697,0.0014403241885148836,1660.0038695472817,500.4824132250435,0.0
2021-03-22,1730328.9264925078,0.0014746079945406252,2866.8348227412666,-654.9228309303289,0.0
2021-03-23,1732637.0281938892,0.001538734467587561,1717.6142765131242,590.4874248682172,0.0
2021-03-24,1734054.436390482,0.000944938797728524,1788.6788696188767,-371.27067302609066,0.0
2021-03-25,1736427.928388191,0.0015823279984726682,567.5959875902182,1805.896010118784,0.0
2021-03-26,1736130.5394063042,-0.00019825932125775602,629.9353804927774,-927.3243623794115,0.0
2021-03-27,1737614.565221378,0.000989350543382459,562.8381580337997,921.187657039889,0.0
2021-03-28,1737965.6665895225,0.00023406757876297425,570.9999761350349,-219.8986079905735,0.0
2021-03-29,1738158.3252459795,0.00012843910430463854,726.2110928994911,-533.5524364425332,0.0
2021-03-30,1740482.8709251934,0.0015496971194760092,2807.6407606446264,-483.0950814306125,0.0
2021-03-31,1744457.453703447,0.002649721852169085,4210.505005741229,-235.92222748760105,0.0
2021-04-01,1748783.6370652842,0.0028841222412247887,5142.024243886307,-815.840882049124,0.0
2021-04-02,1754191.1517447743,0.003605009786326699,5597.75254500762,-190.23786551757138,0.0
2021-04-03,1759609.8129689004,0.003612440816084183,5482.41477403969,-63.753549913415554,0.0
2021-04-04,1761958.860866874,0.0015660319319823854,2475.873141652206,-126.82524367862788,0.0
2021-04-05,1766051.1549769668,0.002728196073395131,2384.2444573277376,1708.0496527649593,0.0
2021-04-06,1768117.335533634,0.0013774537044447934,4821.220325927239,-2755.039769260049,0.0
2021-04-07,1772864.740245942,0.0031649364748719514,3266.4131570962472,1480.99155521168,0.0
2021-04-08,1774799.5011932584,0.001289840631544379,1756.1146363286136,178.64631098795508,0.0
2021-04-09,1776799.6402892568,0.0013334260639988498,1341.4660562497231,658.6730397485517,0.0
2021-04-10,1782783.9980351087,0.003989571830567964,5577.97148116202,406.38626468992675,0.0
2021-04-11,1787727.333317005,0.003295556854597476,5959.641871695128,-1016.3065897989145,0.0
2021-04-12,1792698.441200435,0.003314071922286668,6033.4397632731825,-1062.33187984318,0.0
2021-04-13,1800233.5832949267,0.005023428062994392,6059.605388470495,1475.536706021092,0.0
2021-04-14,1806183.885711101,0.003966868277449529,6593.292764500525,-642.9903483262315,0.0
2021-04-15,1812340.5734277829,0.00410445847778804,5773.825489126099,382.862227555961,0.0
2021-04-16,1819270.3186935806,0.004619830177198457,7441.478305478373,-511.7330396806874,0.0
2021-04-17,1822838.1399534973,0.0023785475066111423,4114.669891260991,-546.8486313442772,0.0
2021-04-18,1826130.4303731048,0.002194860279738286,3074.4373800632075,217.85303954422125,0.0
2021-04-19,1829889.9129465662,0.0025063217156410036,574.1915743035694,3185.2909991579363,0.0
2021-04-20,1830077.0931645557,0.00012478681199300657,569.019661322051,-381.8394433325411,0.0
2021-04-21,1831165.1097132042,0.000725344365765775,576.9653651169214,511.0511835317411,0.0
2021-04-22,1831004.478587153,-0.00010708741736752814,550.2039090813013,-710.8350351325935,0.0
2021-04-23,1831631.7314143535,0.00041816855146692037,1192.1706464882704,-564.9178192878899,0.0
2021-04-24,1832975.9109184942,0.0008961196694271796,948.7029378317656,395.47656630900383,0.0
2021-04-25,1833004.3863296227,1.8983607419031764e-05,1199.9042747812093,-1171.4288636526617,0.0
2021-04-26,1835185.2753336695,0.0014539260026978772,501.81823760641225,1679.0707664404035,0.0
2021-04-27,1836222.2183679976,0.0006912953562187246,552.1433125253565,484.79972180273035,0.0
2021-04-28,1836398.883034553,0.00011777644437020793,562.5952467807867,-385.93058022547484,0.0
2021-04-29,1836235.5283023007,-0.00010890315483475812,561.1174258566671,-724.4721581088043,0.0
2021-04-30,1837191.0668834262,0.0006370257207503399,547.7886041381851,407.74997698732477,0.0
2021-05-01,1838674.495942925,0.0009889527063324927,1056.2461822703765,427.1828772283625,0.0
2021-05-02,1839137.1475340193,0.0003084343940628705,2097.7426359365463,-1635.0910448422405,0.0
2021-05-03,1841465.9917314986,0.0015525627983195135,2776.4827591718176,-447.6385616925472,0.0
2021-05-04,1844221.162428608,0.0018367804647395206,2527.4307434073035,227.73995370197736,0.0
2021-05-05,1845579.8867796548,0.0009058162340312156,1795.794142432931,-437.0697913861077,0.0
2021-05-06,1849965.5866115224,0.0029237998879118507,4500.933521016512,-115.23368914873572,0.0
2021-05-07,1852861.3688729326,0.0019305215076067443,2214.607968750533,681.1742926595834,0.0
2021-05-08,1856048.5815461664,0.0021248084488226476,2973.45077058268,213.76190265129117,0.0
2021-05-09,1858362.7580924833,0.0015427843642111796,3147.0638320861044,-832.887285769335,0.0
2021-05-10,1863060.6470516166,0.0031319259727554064,4420.714434642385,277.17452449072516,0.0
2021-05-11,1865217.6922440054,0.0014380301282592533,2210.5709000705724,-53.52570768169244,0.0
2021-05-12,1867321.8969717233,0.0014028031518119471,1743.1618969238061,361.0428307941147,0.0
2021-05-13,1867497.510717858,0.00011707583075651253,752.4640480265379,-576.850301891769,0.0
2021-05-14,1869889.0761424873,0.0015943769497528838,1530.7220367588648,860.8433878704609,0.0
2021-05-15,1870752.8840430728,0.0005758719337235823,684.8206615231985,178.98723906217492,0.0
2021-05-16,1872152.324164893,0.0009329600812134792,1485.694924644668,-86.25480282444914,0.0
2021-05-17,1875256.8948942542,0.0020697138195742175,2109.7426082497777,994.8281211115482,0.0
2021-05-18,1875771.0311032874,0.0003427574726886651,1354.1829843650385,-840.0467753320409,0.0
2021-05-19,1874936.146870406,-0.0005565894885873922,-641.5780146940001,-193.30621818708823,0.0
2021-05-20,1875817.6757964487,0.0005876859506951157,375.2507355523205,506.27819049035315,0.0
2021-05-21,1877522.3408857547,0.0011364433928706375,228.4465271361701,1476.2185621697863,0.0
2021-05-22,1878418.807805681,0.0005976446132840804,-56.42704803335638,952.8939679594769,0.0
2021-05-23,1877350.1902131105,-0.0007124117283802046,-17.53633918252266,-1051.0812533877843,0.0
2021-05-24,1877238.8314219392,-7.423919411418423e-05,-193.1815290283209,81.82273785704456,0.0
2021-05-25,1877720.7357779772,0.00032126957069184735,396.67233743697096,85.23201860080007,0.0
2021-05-26,1877105.9760470379,-0.00040983982062618333,392.0008727758705,-1006.7606037151454,0.0
2021-05-27,1878183.2154501406,0.0007181596020686253,401.17903155971186,676.0603715432262,0.0
2021-05-28,1878062.4660220477,-8.049961872873795e-05,394.0519642571007,-514.8013923502076,0.0
2021-05-29,1878029.227689885,-2.215888810848317e-05,369.39772370847925,-402.636055871204,0.0
2021-05-30,1878465.0559916883,0.0002905522012021459,354.0055639461743,81.82273785704456,0.0
2021-05-31,1878702.189877552,0.00015808925724261283,364.6409856912488,-127.50709982732951,0.0
2021-06-01,1879764.9754644767,0.0007085237246164839,380.9294381164406,681.8561488082851,0.0
2021-06-02,1879834.1262808288,4.610054423477644e-05,375.3042271671946,-306.15341081502993,0.0
2021-06-03,1880157.0192600973,0.00021526198617887447,384.2600326609096,-61.36705339259788,0.0
2021-06-04,1880723.6792315275,0.00037777331428675485,542.7950062219373,23.864965208194917,0.0
2021-06-05,1881159.671997034,0.0002906618436709604,376.6712805599403,59.32148494650028,0.0
2021-06-06,1882102.9988072766,0.0006288845401618231,363.06722760699176,580.2595826357428,0.0
2021-06-07,1881666.6283616493,-0.00029091363041807783,366.1742415202665,-802.5446871473832,0.0
2021-06-08,1882295.324834936,0.0004191309821910424,240.37939654026195,388.3170767463016,0.0
2021-06-09,1882254.8560429397,-2.6979194664175557e-05,-116.49575258849642,76.02696059223308,0.0
2021-06-10,1882580.5700614455,0.00021714267900381287,-9.759206708100793,335.4732252138201,0.0
2021-06-11,1882461.1129124223,-7.963809934881991e-05,217.3797884882227,-336.83693751145256,0.0
2021-06-12,1883276.4234387334,0.0005435403508740691,17.87976027983377,797.4307660312697,0.0
2021-06-13,1882618.7168589411,-0.0004384710531948753,71.87949943235473,-729.5860792246676,0.0
2021-06-14,1883413.1737547086,0.0005296379305117763,224.0842272899287,570.3726684777357,0.0
2021-06-15,1883809.25573366,0.0002640546526342019,386.5359928677847,9.545986083518073,0.0
2021-06-16,1883666.0611012317,-9.54630882855519e-05,410.47256040393154,-553.6671928322594,0.0
2021-06-17,1883822.6661053738,0.00010440333609477181,392.1863035555389,-235.5812994133812,0.0
2021-06-18,1884988.6600156382,0.0007773292735096212,203.55395622142598,962.4399540430059,0.0
2021-06-19,1884110.49624705,-0.0005854425123922194,-87.55156404504343,-790.6122045432858,0.0
2021-06-20,1883844.3882289773,-0.00017740534538174477,18.907852129266296,-285.01587020188344,0.0
2021-06-21,1884074.433819676,0.00015336372713257334,-139.17951388088656,369.2251045797466,0.0
2021-06-22,1883797.725154989,-0.00018447244312471905,-160.1112632407941,-116.5974014462845,0.0
2021-06-23,1883611.8176160466,-0.00012393835929495423,-371.37241141836313,185.46487247593177,0.0
2021-06-24,1883813.2361495786,0.00013427902235461833,-190.98968010718778,392.4082136391153,0.0
2021-06-25,1883851.1030682365,2.5244612438656037e-05,264.2431600623217,-226.37624140433763,0.0
2021-06-26,1883086.810626005,-0.0005095282948209731,-371.54330051786974,-392.7491417135898,0.0
2021-06-27,1882865.4181946935,-0.00014759495420767416,-1127.9201811521325,906.5277498406213,0.0
2021-06-28,1882350.1677348088,-0.0003435003065898233,122.9668953998575,-638.2173552845925,0.0
2021-06-29,1882390.9434780558,2.718382883135132e-05,261.3562073865477,-220.5804641395207,0.0
2021-06-30,1882511.7408406364,8.053157505370446e-05,367.28836037461184,-246.49099779405515,0.0
2021-07-01,1883297.2192479568,0.000523652271546912,358.29553009201646,427.1828772283516,0.0
2021-07-02,1883324.7860392851,1.8377860885483537e-05,69.84187255426725,-42.27508122604195,0.0
2021-07-03,1883604.4952437156,0.00018647280295370743,-171.33863800597987,451.04784243654103,0.0
2021-07-04,1883180.5144293613,-0.00028265387623619114,-89.87130143837553,-334.1095129159112,0.0
2021-07-05,1883028.2145030699,-0.00010153328419431904,114.98768404149777,-267.2876103329763,0.0
2021-07-06,1883121.0835585697,6.191270366648282e-05,-229.98983096104214,322.85888646076637,0.0
2021-07-07,1883082.2380187612,-2.5897026539058355e-05,77.41093356334615,-116.25647337193368,0.0
2021-07-08,1882784.1563533174,-0.00019872111029576778,-381.9499717472904,83.86830630363875,0.0
2021-07-09,1882400.8599981794,-0.00025553090342539847,-527.508930610909,144.2125754728113,0.0
2021-07-10,1882153.3338296926,-0.0001650174456578492,90.3335532478513,-337.85972173462505,0.0
2021-07-11,1882116.4361687184,-2.459844064944997e-05,164.59083099854425,-201.4884919727192,0.0
2021-07-12,1882384.8628464495,0.0001789511184873542,260.5853320196238,7.8413457114074845,0.0
2021-07-13,1882984.6019971701,0.00039982610048057464,226.0819811739518,373.65716954691015,0.0
2021-07-14,1883129.0665267543,9.630968638929588e-05,-4.861967004980953,149.32649658892478,0.0
2021-07-15,1883086.9791192736,-2.8058271653769017e-05,74.85092203997723,-116.93832952063076,0.0
2021-07-16,1882764.5815354208,-0.0002149317225685535,-47.26862780882117,-275.1289560440091,0.0
2021-07-17,1882575.6235497328,-0.00012597199045859053,85.8300422818998,-274.7880279697856,0.0
2021-07-18,1883510.5427170158,0.0006232794448553796,167.14914372504833,767.770023558021,0.0
2021-07-19,1883106.7068046378,-0.0002692239415853403,-60.1804133786995,-343.655498999311,0.0
2021-07-20,1882702.4613139573,-0.0002694969937871014,-495.95514269544555,91.70965201479339,0.0
2021-07-21,1881691.0908524496,-0.0006742469743383823,-957.5038257516612,-53.866635755912284,0.0
2021-07-22,1881885.9574984333,0.0001299110973224086,-148.106996866871,342.9736428504839,0.0
2021-07-23,1881519.828285425,-0.00024408614200553468,-193.9605354343594,-172.16867757394266,0.0
2021-07-24,1880578.7808941314,-0.0006273649275289699,-358.06038406229436,-582.9870072311605,0.0
2021-07-25,1880958.850944623,0.0002533800336609984,-613.7352863966289,993.8053368881265,0.0
2021-07-26,1879817.3045925635,-0.0007610309013729982,-420.14254662020954,-721.4038054392877,0.0
2021-07-27,1880482.0105365356,0.00044313729598140965,225.24965606493998,439.45628790717456,0.0
2021-07-28,1880222.7707044699,-0.0001728265547104855,241.5835092340369,-500.82334129976516,0.0
2021-07-29,1880763.0806382683,0.0003602066225322786,269.613042721697,270.69689107672093,0.0
2021-07-30,1880632.2144288328,-8.724413962367038e-05,240.4044635905863,-371.27067302609186,0.0
2021-07-31,1881001.125197728,0.00024594051259679514,431.6415345854485,-62.730765690255794,0.0
2021-08-01,1881765.2960436046,0.0005094472305843386,423.9246276213107,340.24621825519716,0.0
2021-08-02,1881823.3913466386,3.873020202261167e-05,407.5465792981655,-349.451276264248,0.0
2021-08-03,1882084.0049830796,0.00017374242429411216,400.3941469468187,-139.78051050565045,0.0
2021-08-04,1882576.5160519097,0.00032834071255330644,277.0445258065506,215.46654302340903,0.0
2021-08-05,1882510.6962392156,-4.387987512937938e-05,406.3655703556221,-472.18538304969115,0.0
2021-08-06,1882526.8806744851,1.0789623513110693e-05,418.1386349921757,-401.95419972250966,0.0
2021-08-07,1884034.383785454,0.0010050020739791735,438.01174156288255,1069.4913694058778,0.0
2021-08-08,1883126.5036762205,-0.0006052534061556158,456.17311645762095,-1364.0532256910446,0.0
2021-08-09,1884775.106143858,0.0010990683117582964,447.8537895860111,1200.7486780514337,0.0
2021-08-10,1884652.3007831052,-8.187024050193061e-05,473.13691330539996,-595.9422740582959,0.0
2021-08-11,1885317.6900036412,0.00044359281369068246,466.28722508412403,199.1019954518997,0.0
2021-08-12,1885562.702703212,0.00016334179971382124,465.5931637102521,-220.58046413952025,0.0
2021-08-13,1886917.7393018408,0.0009033577324191962,453.96369797863747,901.072900650157,0.0
2021-08-14,1887150.8576004733,0.0001554121990883543,488.8143544356447,-255.69605580311327,0.0
2021-08-15,1886857.8341821237,-0.00019534894556631264,481.565166696782,-774.588585046251,0.0
2021-08-16,1886823.6159890017,-2.2812128748011748e-05,543.6548929929053,-577.8730861149229,0.0
2021-08-17,1887541.1969338497,0.00047838729656530626,469.7262347562536,247.85471009170578,0.0
2021-08-18,1888544.9387899302,0.0006691612373870562,457.23415281078155,546.5077032698027,0.0
2021-08-19,1888803.8473087004,0.0001726056791800354,457.3286580730063,-198.42013930295323,0.0
2021-08-20,1889487.9581826013,0.00045607391593387744,570.2408970499494,113.8699768508668,0.0
2021-08-21,1890302.8430900325,0.0005432566049541475,785.5650930324529,29.319814398768358,0.0
2021-08-22,1890415.1719449672,7.488590328992571e-05,579.7412449431845,-467.4123900082959,0.0
2021-08-23,1891309.078873185,0.0005959379521451873,1229.0392253568664,-335.1322971390855,0.0
2021-08-24,1892659.8186710963,0.0009004931986074912,1361.6494962924073,-10.909698381170529,0.0
2021-08-25,1892929.2064093319,0.0001795918254903745,643.7267639311735,-374.3390256956118,0.0
2021-08-26,1894515.9120187068,0.0010578037395831987,699.2698317008561,887.4357776739416,0.0
2021-08-27,1895300.9420715165,0.0005233533685398653,479.2175700692425,305.8124827405554,0.0
2021-08-28,1896331.172986537,0.0006868206100136217,1093.9844649338427,-63.7535499134101,0.0
2021-08-29,1895999.4362307403,-0.0002211578371978327,500.4686738238834,-832.2054296206325,0.0
2021-08-30,1897016.1673172438,0.0006778207243357344,707.8502510935269,308.8808354100747,0.0
2021-08-31,1897931.8226350707,0.0006104368785512552,1399.7731834806714,-484.1178656537886,0.0
2021-09-01,1899372.3927415153,0.0009603800709630093,1701.3800833637329,-260.809976919219,0.0
2021-09-02,1902393.7335372926,0.002014227197184894,2441.4221412158176,579.918654561523,0.0
2021-09-03,1903483.7777484497,0.0007266961407713892,1774.9687126351355,-684.9245014780518,0.0
2021-09-04,1905560.483253804,0.0013844703369029774,1278.2519550997727,798.4535502546933,0.0
2021-09-05,1906222.3153330903,0.00044122138619082866,510.8009423251977,151.03113696104538,0.0
2021-09-06,1906434.1471790043,0.00014122123060933888,826.1842359904132,-614.3523900764048,0.0
2021-09-07,1908054.9872286636,0.001080560033106255,771.9291443932674,848.9109052661152,0.0
2021-09-08,1909283.3276930763,0.0008188936429416807,479.32148494632094,749.0189794662001,0.0
2021-09-09,1909212.3466725422,-4.732068035609681e-05,471.0946177684894,-542.0756383026346,0.0
2021-09-10,1909465.0316093853,0.00016845662456207582,492.35737314918674,-239.672436306073,0.0
2021-09-11,1909927.6113098455,0.00030838646697357587,458.82949164214835,3.7502088182154694,0.0
2021-09-12,1910325.7558769863,0.0002654297114271728,462.23904512864925,-64.09447798789006,0.0
2021-09-13,1910718.9961596841,0.00026216018846523186,470.971883661704,-77.73160096385618,0.0
2021-09-14,1910754.5477301693,2.3701046990016078e-05,460.0070231183327,-424.4554526333086,0.0
2021-09-15,1912986.4727123557,0.0014879499881242616,481.6002481956382,1750.3247339907539,0.0
2021-09-16,1913450.1975902184,0.00030914991857513457,492.0219080380612,-28.297030175359396,0.0
2021-09-17,1913154.0560437,-0.0001974276976788314,488.3339526860019,-784.475499204249,0.0
2021-09-18,1913795.0326321695,0.00042731772564626576,483.80874616882085,157.16784230057783,0.0
2021-09-19,1914673.1059453425,0.00058538220878201,493.8473733196507,384.22593985336425,0.0
2021-09-20,1914361.7389260426,-0.00020757801286657115,483.336322136119,-794.7033414359757,0.0
2021-09-21,1914979.0909035958,0.00041156798503545587,440.0693788631413,177.2825986900425,0.0
2021-09-22,1915948.9749880503,0.0006465893896363817,416.5578196967786,553.326264757794,0.0
2021-09-23,1916969.590254128,0.0006804101773850529,335.0089084505842,685.6063576269953,0.0
2021-09-24,1917141.2480877822,0.00011443855576955191,-189.7259252140176,361.38375886834547,0.0
2021-09-25,1916666.977077309,-0.0003161806736488157,373.95803864419725,-848.2290491174208,0.0
2021-09-26,1917222.4679331542,0.000370327237230189,156.60500879253505,398.88584705274843,0.0
2021-09-27,1917224.0022117675,1.0228524087940514e-06,441.3314945945855,-439.7972159813944,0.0
2021-09-28,1917917.8190672072,0.0004625445702930468,224.35889698517306,469.45795845439716,0.0
2021-09-29,1918022.6704884886,6.990094752109195e-05,193.83364870089358,-88.98222741925565,0.0
2021-09-30,1918522.8950678688,0.0003334830529200129,413.62884848133587,86.59573089868354,0.0
2021-10-01,1918526.1302538314,2.156790641757141e-06,141.99291224511367,-138.75772628247796,0.0
2021-10-02,1918670.7035259632,9.638218142133419e-05,241.73777333737902,-97.16450120537775,0.0
2021-10-03,1918837.3486914327,0.00011109677697959474,487.11755540933535,-320.47238993994324,0.0
2021-10-04,1919458.0558785377,0.0004138047914033247,492.85915920318297,127.84802790180402,0.0
2021-10-05,1920035.421356338,0.000384910318533584,129.72691610782877,447.6385616925472,0.0
2021-10-06,1920105.5866041756,4.677683189167374e-05,526.327011390407,-456.16176355289645,0.0
2021-10-07,1920635.1235744331,0.00035302464683841694,1355.264766464269,-825.7277962066437,0.0
2021-10-08,1921331.6994167778,0.0004643838948964291,1287.0632672126062,-590.4874248679625,0.0
2021-10-09,1922345.2188233687,0.0006756796043938148,657.2495688384921,356.26983775223016,0.0
2021-10-10,1923392.9678715793,0.0006984993654737599,766.483386827221,281.2656613834188,0.0
2021-10-11,1922932.3740430593,-0.0003070625523466244,559.4629700971988,-1020.0567986171354,0.0
2021-10-12,1923940.839389425,0.0006723102309104618,588.1010306255689,420.36431574012386,0.0
2021-10-13,1924982.1547240291,0.0006942102230693566,572.8801603725664,468.4351742314684,0.0
2021-10-14,1925692.7226755456,0.0004737119676777135,979.9011302958916,-269.3331787793213,0.0
2021-10-15,1926584.734405926,0.0005946744869202812,1108.8419857014767,-216.83025532105478,0.0
2021-10-16,1929068.6698691926,0.001655956975511074,2508.8232126982075,-24.887749431596603,0.0
2021-10-17,1930786.5287456713,0.0011452392509856933,2402.442449881868,-684.583573403328,0.0
2021-10-18,1932503.282418626,0.0011445024486363563,1482.8770139132748,233.8766590412597,0.0
2021-10-19,1933611.5421560702,0.0007388398249629275,739.7164890135929,368.5432484307985,0.0
2021-10-20,1935373.9244406803,0.0011749215230733596,1825.1130503005281,-62.730765690488624,0.0
2021-10-21,1938635.4258314962,0.0021743342605439974,4239.624036281566,-978.1226454655698,0.0
2021-10-22,1940424.0240995614,0.0011923988453767425,1936.2201242819206,-147.62185621680692,0.0
2021-10-23,1942354.195817382,0.0012867811452138727,1209.7906966046974,720.3810212161115,0.0
2021-10-24,1944716.890585892,0.001575129845673205,2099.839223144243,262.85554536556447,0.0
2021-10-25,1946098.4006238782,0.0009210066919907568,1799.4878572056853,-417.97781921954993,0.0
2021-10-26,1949495.3220540201,0.0022646142867613676,3392.4893651748794,4.432064967171755,0.0
2021-10-27,1951975.604945479,0.001653521927639177,1780.0166266326191,700.2662648261467,0.0
2021-10-28,1952555.637133235,0.0003866881251706518,784.2481043239909,-204.2159165680132,0.0
2021-10-29,1953563.9014793863,0.0006721762307674635,1356.010982043318,-347.74663589212287,0.0
2021-10-30,1954948.2973383237,0.000922930572624914,1670.4345133626762,-286.03865442530514,0.0
2021-10-31,1957940.1621711256,0.0019945765552014153,2360.806967079985,631.0578657221376,0.0
2021-11-01,1960080.480854809,0.0014268791224556405,2526.5901919834173,-386.2715082999566,0.0
2021-11-02,1962617.4091069016,0.0016912855013950046,2005.7623121707916,531.1659399217151,0.0
2021-11-03,1965523.250934501,0.0019372278850662721,3395.7554705182447,-489.91364291883656,0.0
2021-11-04,1968463.3981906269,0.001960098170750497,3071.063636696816,-130.91638057107048,0.0
2021-11-05,1970476.7208508544,0.001342215106818439,1635.9152818622856,377.407378365373,0.0
2021-11-06,1972390.7132236115,0.0012759949151714073,2832.111677127477,-918.1193043703661,0.0
2021-11-07,1975155.3011393137,0.0018430586104680685,1907.4947366501092,857.0931790519935,0.0
2021-11-08,1977757.9475810814,0.0017350976278451993,2675.605049690267,-72.95860792246822,0.0
2021-11-09,1979811.4492124496,0.0013690010875787347,3359.938012484786,-1306.436381116684,0.0
2021-11-10,1984164.174246082,0.0029018166890884497,3733.5996505146304,619.1253831180438,0.0
2021-11-11,1986243.5287713874,0.0013862363502035145,1217.829281286117,861.5252440191543,0.0
2021-11-12,1987586.071972634,0.0008950288008310015,1998.4888164000042,-655.9456151535019,0.0
2021-11-13,1989882.8348664586,0.001531175262549767,1509.559970025604,787.2029237990464,0.0
2021-11-14,1990248.702373896,0.00024391167162500225,813.1651410555816,-447.2976336180782,0.0
2021-11-15,1991911.1201903878,0.0011082785443278496,1740.4903455306035,-78.07252903882909,0.0
2021-11-16,1993177.846677779,0.0008444843249273981,1215.2463481557497,51.48013923534745,0.0
2021-11-17,1993877.709087612,0.0004665749398886704,679.406725368799,20.45568446420657,0.0
2021-11-18,1995374.5750408126,0.0009979106354671024,642.8411268184251,854.0248263822286,0.0
2021-11-19,1995707.5360352318,0.00022197399627938642,582.179416808436,-249.21842238935642,0.0
2021-11-20,1996881.039650774,0.000782335743694823,593.9258890551861,579.5777264870485,0.0
2021-11-21,1997616.5880165352,0.0004903655771740981,610.7686905293591,124.77967523178813,0.0
2021-11-22,1997452.4195912476,-0.00010944561685829118,599.8513894523674,-764.0198147398041,0.0
2021-11-23,1998311.57831511,0.0005727724825748237,631.0778420855253,228.08088177671016,0.0
2021-11-24,1998650.1033315256,0.0002256833442771252,628.3138796592084,-289.7888632435206,0.0
2021-11-25,1999702.9635029715,0.0007019067809639464,842.1666214641497,210.69354998177005,0.0
2021-11-26,2000820.854893324,0.0007452609269015593,1158.4618312065104,-40.570440854171466,0.0
2021-11-27,2001251.0940079472,0.0002868260764155176,564.9057040130643,-134.666589389788,0.0
2021-11-28,2002139.6081752134,0.000592342778177573,559.859503540538,328.6546637258216,0.0
2021-11-29,2002304.6143519026,0.00011000411779278518,796.7458985602608,-631.739721871083,0.0
2021-11-30,2002875.9263609918,0.0003808746727261091,942.5826821152543,-371.27067302609066,0.0
2021-12-01,2004708.570817365,0.0012217629709154517,1006.9166601663047,825.7277962068729,0.0
2021-12-02,2005487.840626234,0.0005195132059126221,701.1972798303542,78.07252903857898,0.0
2021-12-03,2006290.2519651745,0.0005349408926270549,941.8509213717582,-139.43958243117595,0.0
2021-12-04,2007271.159396752,0.0006539382877182432,350.5314220041798,630.376009573185,0.0
2021-12-05,2008669.3316319715,0.0009321148234797841,456.8698217900769,941.3024134295993,0.0
2021-12-06,2009368.3074499434,0.00046598387864784166,504.9877436357252,193.98807433603724,0.0
2021-12-07,2009599.8090374547,0.0001543343916741821,412.19346694531856,-180.6918794340454,0.0
2021-12-08,2009931.6397871212,0.00022122049977777594,517.2956221425966,-185.46487247593268,0.0
2021-12-09,2010441.9369400311,0.00034019810193980675,516.0929301745211,-5.795777264811022,0.0
2021-12-10,2010416.0878416155,-1.7232732277065415e-05,486.2248693393155,-512.0739677549136,0.0
2021-12-11,2011296.0127351605,0.0005866165956967665,482.061830715574,397.86306282957594,0.0
2021-12-12,2011877.767389681,0.0003878364363468534,505.04583777960374,76.70881674067641,0.0
2021-12-13,2011926.0805116617,3.220874798730131e-05,511.97530317029026,-463.6621811893383,0.0
2021-12-14,2013102.740342442,0.0007844398871868313,291.95147770159934,884.7083530786476,0.0
2021-12-15,2013260.1536529558,0.00010494220700914528,494.25024802517413,-336.8369375114562,0.0
2021-12-16,2013130.9809149285,-8.61151586849065e-05,499.83955924818554,-629.0122972755453,0.0
2021-12-17,2013831.0395306242,0.0004667057437970719,400.7237663688092,299.3348493267986,0.0
2021-12-18,2014429.5331654493,0.0003989957565501048,420.5291799861584,177.9644548389988,0.0
2021-12-19,2015202.0001582252,0.000514977995183896,432.22077452039946,340.24621825544455,0.0
2021-12-20,2015478.513111787,0.00018434196904130575,477.3195893862272,-200.8066358242686,0.0
2021-12-21,2016107.4015822406,0.000419258980302359,466.60670703709644,162.28176341644212,0.0
2021-12-22,2016415.012937873,0.00020507423708821058,499.89478959623887,-192.28343396392302,0.0
2021-12-23,2017038.8933475388,0.0004159202731105897,393.072103294388,230.80830637149666,0.0
2021-12-24,2017640.4739582774,0.00040105374049240184,519.7578728815582,81.82273785704456,0.0
2021-12-25,2017810.3519742123,0.00011325201062327252,519.670220273629,-349.7922043387202,0.0
2021-12-26,2017828.4583915016,1.2070944859508926e-05,515.5204778447892,-497.4140605555258,0.0
2021-12-27,2018815.4355868227,0.0006579847968807627,519.2238772386191,467.75331808252486,0.0
2021-12-28,2018787.5584436636,-1.858476210604552e-05,518.6305601107335,-546.5077032698018,0.0
2021-12-29,2020228.204775107,0.0009604308876289665,486.047723111855,954.5986083315947,0.0
2021-12-30,2020921.6851734475,0.0004623202655603227,474.94550264730657,218.53489569317753,0.0
2021-12-31,2021115.6090332852,0.00012928257322500936,271.3145327273905,-77.39067288987644,0.0
2022-01-01,2020923.4337076135,-0.000128116883781028,472.63441941653576,-664.8097450880778,0.0
2022-01-02,2021818.7553221127,0.0005968810763327573,487.91256558603834,407.40904891309765,0.0
2022-01-03,2021888.4411227992,4.6457200457600456e-05,483.5724830132588,-413.88668232685814,0.0
2022-01-04,2022163.3566578685,0.00018327702337965005,475.0403147447983,-200.12477967532323,0.0
2022-01-05,2022574.1757716602,0.0002738794091944413,468.7768864402678,-57.957772648605896,0.0
2022-01-06,2024069.7082501734,0.000997021652342091,444.1102970506313,1051.4221814625053,0.0
2022-01-07,2023584.7040738044,-0.0003233361175793083,440.61554563833664,-925.6197220072991,0.0
2022-01-08,2024361.5482730838,0.0005178961328528467,425.0064264942025,351.8377727850675,0.0
2022-01-09,2024074.705539795,-0.0001912284888591642,426.3787983649091,-713.2215316536553,0.0
2022-01-10,2025164.7465591838,0.0007266940129258654,349.8861698571853,740.1548495316129,0.0
2022-01-11,2025812.2070407444,0.00043164032104045795,390.4007134601813,257.0597681005056,0.0
2022-01-12,2026066.2391502336,0.0001693547396594453,-7.118795504522408,261.15090499369035,0.0
2022-01-13,2025785.177997065,-0.0001873741021124661,-53.662127541192646,-227.3990256275065,0.0
2022-01-14,2025485.8457654656,-0.0001995548210662371,-220.91877448630666,-78.41345711304893,0.0
2022-01-15,2025634.5526536447,9.913792545267559e-05,219.27899958065848,-70.57211140164509,0.0
2022-01-16,2025657.8075224727,1.5503245885308673e-05,152.1256809526894,-128.8708121247264,0.0
2022-01-17,2025833.1229739059,0.00011687696762208724,270.09345611744294,-94.77800468431207,0.0
2022-01-18,2026751.653385481,0.000612353607716813,431.3441932516697,487.18621832354984,0.0
2022-01-19,2026745.617726225,-4.023772837351013e-06,360.462020728427,-366.4976799844535,0.0
2022-01-20,2026781.656210186,2.402565597397256e-05,426.0602010793783,-390.0217171184195,0.0
2022-01-21,2027634.3245529484,0.0005684455618415583,315.36569750133816,537.3026452609993,0.0
2022-01-22,2027796.3097971245,0.00010799016278400266,162.32617225050032,-0.34092807449633256,0.0
2022-01-23,2028183.3649585468,0.0002580367742816706,85.67474364936231,301.38041777314356,0.0
2022-01-24,2027909.472078148,-0.00018259525359916846,174.08660936802164,-447.97948976677435,0.0
2022-01-25,2027925.6698775934,1.0798532963601844e-05,101.42981804668669,-85.23201860128393,0.0
2022-01-26,2028267.6443627614,0.0002279829901119952,-67.48013219145159,409.45461735944446,0.0
2022-01-27,2027839.5318500944,-0.00028540834177807515,-283.55900911982604,-144.5535035472867,0.0
2022-01-28,2028277.1728023747,0.00029176063485355147,120.91877115884863,316.72218112147857,0.0
2022-01-29,2027992.8751577581,-0.0001895317630777644,14.355348561453987,-298.6529931781006,0.0
2022-01-30,2028200.3177539934,0.00013829506415705427,327.44927842573054,-120.00668219014915,0.0
2022-01-31,2027974.3205223293,-0.00015066482110939644,-52.805769866731204,-173.19146179736344,0.0
2022-02-01,2028469.2618510898,0.0003299608858402468,-54.29379910472287,549.2351278650931,0.0
2022-02-02,2028126.693762803,-0.00022837872552462765,127.23079824217486,-469.7988865291163,0.0
2022-02-03,2027692.3088972652,-0.0002895899103585303,-101.63906491952395,-332.74580061827146,0.0
2022-02-04,2028422.1669249383,0.00048657201844879344,36.75125240950918,693.1067752636809,0.0
2022-02-05,2028710.5369648607,0.00019224669328169876,388.9438218718997,-100.57378194935154,0.0
2022-02-06,2028663.9117777767,-3.108345805616049e-05,423.1736994446282,-469.79888652886893,0.0
2022-02-07,2029018.1935910233,0.00023618787549778943,-41.535681136790586,395.8174943834747,0.0
2022-02-08,2029141.5753588716,8.225451189881766e-05,448.28622275558524,-324.90445490735874,0.0
2022-02-09,2029818.5022045574,0.00045128456379044444,287.5869847161944,389.3398609694723,0.0
2022-02-10,2029861.9233482655,2.8947429138766666e-05,275.25223430281915,-231.83109059466915,0.0
2022-02-11,2030053.3090839027,0.0001275904904249611,-133.17779119519156,324.5635268326332,0.0
2022-02-12,2029927.499703608,-8.387292019655948e-05,433.3126617277553,-559.1220420225945,0.0
2022-02-13,2030604.948628914,0.0004516326168707119,327.99764904182166,349.4512762642462,0.0
2022-02-14,2030691.544520894,5.773059465342014e-05,272.742620605011,-186.14672862488078,0.0
2022-02-15,2030744.227668574,3.512209845330157e-05,111.66370455173075,-58.98055687177839,0.0
2022-02-16,2031347.9741271837,0.0004024976390730539,455.4427462438249,148.30371236575593,0.0
2022-02-17,2031715.0936599756,0.00024474635519462643,448.6013425747571,-81.48180978281744,0.0
2022-02-18,2032035.9092742768,0.0002138770762008608,-59.31918865936854,380.1348029606597,0.0
2022-02-19,2031735.9676148435,-0.0001999611062889196,254.40738954782717,-554.3490489812066,0.0
2022-02-20,2032409.501633056,0.0004490226788083775,28.498101439739248,645.035916772827,0.0
2022-02-21,2032131.8364513924,-0.00018511012110905605,-19.241701265184098,-258.4234803984,0.0
2022-02-22,2032151.0566547902,1.2813468931888412e-05,-75.2168732122584,94.43707661009103,0.0
2022-02-23,2031788.9432580897,-0.0002414089311336395,-241.76578643583562,-120.34761026462365,0.0
2022-02-24,2031683.2078380492,-7.049028002713168e-05,-238.35644098364574,132.62102094294823,0.0
2022-02-25,2031579.473084046,-6.915650266872061e-05,224.9199097222459,-328.6546637253268,0.0
2022-02-26,2031983.2780828697,0.00026920333254917123,360.1662053000679,43.638793523688946,0.0
2022-02-27,2032198.3631872789,0.00014339006960610877,89.96450110290235,125.12060330626082,0.0
2022-02-28,2032067.5051865834,-8.72386671302645e-05,-456.44431175144985,325.5863110560531,0.0
2022-03-01,2031676.6803094028,-0.00026054991812050687,358.5350303596451,-749.3599075404054,0.0
2022-03-02,2032742.2047913796,0.000710349654651192,295.02703382347426,770.4974481533136,0.0
2022-03-03,2032495.227630151,-0.0001646514408189432,448.8570386305601,-695.8341998589749,0.0
2022-03-04,2032834.2765090093,0.00022603258590549684,434.16781161678324,-95.118932758538,0.0
2022-03-05,2033687.3976957118,0.0005687474578016935,288.8852235635848,564.2359631389554,0.0
2022-03-06,2033824.8888741978,9.16607856573101e-05,68.62370745643793,68.86747102952722,0.0
2022-03-07,2033558.3697749982,-0.00017767939946648474,-155.03561886968708,-111.48348033004004,0.0
2022-03-08,2034018.1165263285,0.000306497834220327,302.5789090301619,157.16784230032863,0.0
2022-03-09,2034249.4349573771,0.00015421228736579485,353.3706816856848,-122.05225063699254,0.0
2022-03-10,2033751.542117719,-0.0003319285597720507,133.84688221275957,-631.7397218708356,0.0
2022-03-11,2034006.5525565278,0.0001700069592058292,-178.30914375914114,433.31958256788494,0.0
2022-03-12,2034050.4456747582,2.9262078820245024e-05,-9.291661376599375,53.18477960696691,0.0
2022-03-13,2033843.140873434,-0.00013820320088276986,-145.25589178261063,-62.04890954154416,0.0
2022-03-14,2034360.3574002632,0.0003448110178861542,-154.4117797468268,671.6283065760581,0.0
2022-03-15,2034123.688121224,-0.00015777951935947219,260.4038534418394,-497.07313248104765,0.0
2022-03-16,2034117.5437292862,-4.096261291907922e-06,346.375236996151,-352.51962893401287,0.0
2022-03-17,2034492.9658834743,0.00025028143612542797,420.42466000947786,-45.002505821335944,0.0
2022-03-18,2035196.618408217,0.0004691016831618768,302.0392530947746,401.6132716480406,0.0
2022-03-19,2035147.0297379391,-3.305911351872768e-05,427.0287777387605,-476.617448016852,0.0
2022-03-20,2035817.8554998278,0.0004472171745926042,431.49425365730593,239.3315082316003,0.0
2022-03-21,2035540.82066482,-0.00018468989000523388,125.94214893783861,-402.9769839456894,0.0
2022-03-22,2036612.855357661,0.0007146897952272678,419.15743035691764,652.8772624839839,0.0
2022-03-23,2036797.3111507446,0.00012297052872248495,390.03542194963137,-205.57962886590394,0.0
2022-03-24,2036844.9542006191,3.176203324965115e-05,22.75530044286557,24.887749431611155,0.0
2022-03-25,2037188.7673798078,0.0002292087861256602,231.3069146350195,112.50626455347083,0.0
2022-03-26,2037526.0481023025,0.00022485381499658374,190.6816505009938,146.5990719938818,0.0
2022-03-27,2037552.2401855772,1.7461388849809087e-05,46.306839664935914,-20.114756390222283,0.0
2022-03-28,2037515.9746435187,-2.4177028038911012e-05,478.8767783660682,-515.1423204244347,0.0
2022-03-29,2037771.50792294,0.00017035551961406127,475.4318874119128,-219.8986079908209,0.0
2022-03-30,2038797.8906419778,0.0006842551460252815,484.9889368839857,541.3937821539366,0.0
2022-03-31,2039231.4123948934,0.0002890145019438249,481.25168333236735,-47.72993041662994,0.0
2022-04-01,2039291.5598572292,4.009830822392761e-05,416.0763720138963,-355.92890967800486,0.0
2022-04-02,2040202.5148990443,0.0006073033612099722,473.2033942799088,437.7516475350494,0.0
2022-04-03,2040718.601249307,0.00034405756684165726,468.35641984610515,47.72993041638074,0.0
2022-04-04,2041069.3374834836,0.0002338241561178451,474.49312518537965,-123.756891008612,0.0
2022-04-05,2041018.6847766852,-3.376847119894508e-05,476.4220962303583,-527.0748030287759,0.0
2022-04-06,2042179.0969911152,0.0007736081429534698,463.55523034805356,696.856984082151,0.0
2022-04-07,2042189.558667663,6.974451031873325e-06,329.91128226458073,-319.44960571677075,0.0
2022-04-08,2043109.48353823,0.000613283247044444,359.7800443206497,560.1448262460162,0.0
2022-04-09,2043388.50787671,0.0001860162256534678,421.53227358114253,-142.5079351009408,0.0
2022-04-10,2043775.044376674,0.0002576909999760901,276.07580385726027,110.46069610687482,0.0
2022-04-11,2043806.425473883,2.09207314725348e-05,290.8273618303747,-259.4462646215725,0.0
2022-04-12,2043700.5504905717,-7.058332220764411e-05,-320.65967018618085,214.78468687471468,0.0
2022-04-13,2043306.060182543,-0.00026299353868564367,-33.106549160123684,-361.38375886834183,0.0
2022-04-14,2043615.1517200945,0.00020606102503425186,181.92536579877745,127.16617175260035,0.0
2022-04-15,2043736.657762397,8.100402820168769e-05,-167.94189286676195,289.4479351692935,0.0
2022-04-16,2043782.3697297226,3.0474644883674025e-05,187.878974351981,-142.16700702646995,0.0
2022-04-17,2043911.8335460713,8.63092108990774e-05,282.88144983072925,-153.41763348211316,0.0
2022-04-18,2043944.397522111,2.1709317359862438e-05,-349.61639536746935,382.180371407263,0.0
2022-04-19,2043637.4729016833,-0.00020461641361852663,156.05570461309776,-462.9803250408877,0.0
2022-04-20,2044124.224484544,0.0003245010552405897,321.0605387004504,165.6910441604341,0.0
2022-04-21,2044534.0288484234,0.0002732029092529347,4.0999553384222445,405.7044085409798,0.0
2022-04-22,2044271.7244003008,-0.00017486963208172593,-198.20997013470065,-64.09447798788824,0.0
2022-04-23,2044042.8089360078,-0.00015261030952872458,-385.0605223699956,156.14505807690875,0.0
2022-04-24,2043301.5250685876,-0.0004941892449466333,-499.9067907417572,-241.37707667819268,0.0
2022-04-25,2042795.3284047055,-0.00033746444258820116,-128.10742936822618,-378.08923451407554,0.0
2022-04-26,2043152.7335329456,0.0002382700854934116,413.31733244237466,-55.91220420225727,0.0
2022-04-27,2043002.4313505967,-0.00010020145489917975,-281.9004190687891,131.5982367200195,0.0
2022-04-28,2043250.8304069077,0.00016559937087402902,-16.842985575333163,265.2420418863767,0.0
2022-04-29,2042972.3150157097,-0.0001856769274653592,306.5171844795904,-585.0325756776292,0.0
2022-04-30,2043475.8938298258,0.0003357192094106602,14.347027345840853,489.2317867701495,0.0
2022-05-01,2043380.1287603616,-6.384337964277618e-05,160.27191441341623,-256.0369838775805,0.0
2022-05-02,2044160.7742053918,0.0005204302966869759,380.054957605594,400.59048742486993,0.0
2022-05-03,2043583.5028573284,-0.0003848475653757532,394.0327359137043,-971.3040839773341,0.0
2022-05-04,2044428.2180807893,0.0005631434823073928,289.34339025695755,555.3718332041317,0.0
2022-05-05,2044491.4680799372,4.216666609856092e-05,405.8827139238435,-342.6327147760021,0.0
2022-05-06,2044760.4958216297,0.00017935182779501682,-186.79309378590398,455.8208354784292,0.0
2022-05-07,2044754.277667755,-4.145435916417163e-06,17.646811333812916,-23.86496520843866,0.0
2022-05-08,2044525.1835629812,-0.00015272940318256982,209.68032698411616,-438.7744317579709,0.0
2022-05-09,2044893.3732689987,0.0002454598040117346,348.07494962787706,20.11475638972479,0.0
2022-05-10,2045607.849415966,0.0004763174313114799,307.4080261287276,407.0681208384922,0.0
2022-05-11,2045614.4089112221,4.3729968373802515e-06,116.33833521411988,-109.7788399580495,0.0
2022-05-12,2045242.5207344713,-0.00024792545116727636,-747.9318428185205,376.04366606760595,0.0
2022-05-13,2044642.8425400266,-0.00039978546296316276,-16.6911872138335,-582.9870072309106,0.0
2022-05-14,2045075.55731619,0.00028847651744236193,299.4118990716529,133.30287709188997,0.0
2022-05-15,2045164.6976553113,5.942689274750683e-05,280.4009888618798,-191.26064974061956,0.0
2022-05-16,2045328.7654723488,0.00010937854469166074,254.4137567546375,-90.3459397171464,0.0
2022-05-17,2045574.226958727,0.00016364099091873723,142.50120790816763,102.9602784699382,0.0
2022-05-18,2045483.2777154169,-6.0632828873350955e-05,-101.85894169107145,10.909698381045018,0.0
2022-05-19,2045839.8459500573,0.0002377121564269594,124.73714404552071,231.83109059491835,0.0
2022-05-20,2045624.5829410942,-0.00014350867264207768,310.1071536937853,-525.3701626569018,0.0
2022-05-21,2046062.6301626666,0.00029203148104831104,2.0002144096659937,436.0470071628006,0.0
2022-05-22,2046345.9611348913,0.0001888873148164236,93.7749628558863,189.55600936874907,0.0
2022-05-23,2046391.8227794603,3.057442971261003e-05,309.739974157652,-263.87832958873696,0.0
2022-05-24,2046339.1435086373,-3.5119513882025224e-05,-100.7501293140186,48.070858490980754,0.0
2022-05-25,2046586.6288562305,0.00016499023172884898,239.3030738075188,8.18227378575466,0.0
2022-05-26,2046560.9436071315,-1.7123499399467904e-05,183.64458858504625,-209.3298376842481,0.0
2022-05-27,2046924.652495467,0.0002424725922238818,298.5916261246365,65.11726221118624,0.0
2022-05-28,2047176.2002031012,0.0001676984717558946,280.18566588366855,-28.637958249826625,0.0
2022-05-29,2047678.2386120579,0.00033469227263791847,296.79970816556835,205.23870079130938,0.0
2022-05-30,2048080.7307962817,0.0002683281228158731,301.2365461258638,101.25563809794585,0.0
2022-05-31,2048140.3233190472,3.9728348510300523e-05,324.4936365774912,-264.9011138120404,0.0
2022-06-01,2048309.4021654828,0.00011271923095713859,325.2239045128649,-156.14505807715705,0.0
2022-06-02,2048536.4626318044,0.00015137364421430042,29.6631112414214,197.39735508002923,0.0
2022-06-03,2048782.9567733987,0.0001643294277295826,21.822540561917652,224.67160103245624,0.0
2022-06-04,2048954.0265984684,0.00011404655004647869,106.97534708182614,64.09447798789188,0.0
2022-06-05,2049011.4256723374,3.826604924590067e-05,121.49355185686476,-64.09447798801375,0.0
2022-06-06,2049057.6036026995,3.0785286908063995e-05,261.985401459854,-215.80747109775803,0.0
2022-06-07,2049107.5387354055,3.329008847077234e-05,-42.11544738286564,92.05058008902415,0.0
2022-06-08,2049269.6636719077,0.00010808329100147292,318.26999457924364,-156.14505807703426,0.0
2022-06-09,2049734.61654392,0.00030996858134151034,299.6027559261822,165.3501160860833,0.0
2022-06-10,2050117.0999229262,0.0002549889193374846,233.8387385661247,148.6446404401022,0.0
2022-06-11,2050123.3534445087,4.169014388290388e-06,86.7125471418295,-80.45902555939392,0.0
2022-06-12,2050023.3385913637,-6.667656876343599e-05,106.5875599436787,-206.6024130888327,0.0
2022-06-13,2050098.7692530027,5.028710775935266e-05,16.791032841601407,58.63962879742758,0.0
2022-06-14,2050151.1974999164,3.49521646091796e-05,-85.30669514552515,137.73494205929455,0.0
2022-06-15,2050070.7893019258,-5.360546532707965e-05,-75.2942768745078,-5.113921116111669,0.0
2022-06-16,2050118.1981360544,3.1605889418925635e-05,-37.823184472771786,85.23201860116023,0.0
2022-06-17,2049969.2524430328,-9.929712868112815e-05,-45.985414551492084,-102.96027847020014,0.0
2022-06-18,2050031.3035186268,4.136738372943379e-05,119.66792016828208,-57.61684457413139,0.0
2022-06-19,2050061.7340777488,2.0287039414650255e-05,44.74953824701603,-14.318979125040642,0.0
2022-06-20,2050059.3062798032,-1.6185319636979946e-06,44.961204396608444,-47.389002342155436,0.0
2022-06-21,2049980.752070535,-5.2369472845630556e-05,119.18407388593228,-197.7382831543781,0.0
2022-06-22,2050171.3141530599,0.00012704138834999655,-31.38209391204737,221.9441764370422,0.0
2022-06-23,2050139.6129091838,-2.1134162584050387e-05,-34.76959654571675,3.068352669641172,0.0
2022-06-24,2050429.6193457693,0.00019333762439046102,187.04615811562235,102.96027847006917,0.0
2022-06-25,2050353.343840156,-5.0850337075607114e-05,163.73785876713592,-240.0133643805466,0.0
2022-06-26,2050600.1789677143,0.0001645567517054756,151.37526672507903,95.45986083313437,0.0
2022-06-27,2050715.093186972,7.66094795052089e-05,125.1420614897875,-10.227842231974137,0.0
2022-06-28,2050796.7496473882,5.4437640277616944e-05,-40.736718294541404,122.39317871096682,0.0
2022-06-29,2050920.3818082926,8.24214406029059e-05,123.29123283000986,0.3409280743489944,0.0
2022-06-30,2050796.0942734415,-8.285835656757196e-05,-142.01579472038785,17.7282598690299,0.0
2022-07-01,2050900.8389471904,6.982978249928264e-05,-93.33453747992786,198.07921122885182,0.0
2022-07-02,2050551.141725413,-0.00023313148118475922,29.07386888588114,-378.77109066302,0.0
2022-07-03,2050790.5276457656,0.00015959061356826538,102.3328344419178,137.05308591048026,0.0
2022-07-04,2050819.2402740824,1.9141752211249145e-05,96.55731512322845,-67.84468680635473,0.0
2022-07-05,2050945.2839433206,8.402911282555873e-05,106.26984092296047,19.773828315377614,0.0
2022-07-06,2050981.178980874,2.3930025035524617e-05,195.10844829996213,-159.2134107466752,0.0
2022-07-07,2051314.090762598,0.00022194118781604952,177.10765172151633,155.80413000255794,0.0
2022-07-08,2051469.169491073,0.00010338581898319014,148.94202313537917,6.136705339406035,0.0
2022-07-09,2051540.890480787,4.781399314278019e-05,192.40952805326663,-120.68853833909634,0.0
2022-07-10,2051938.6103401883,0.0002651465729341913,220.4372607111078,177.28259869017916,0.0
2022-07-11,2051917.7776609368,-1.3888452834310348e-05,144.1765087601469,-165.00918801161242,0.0
2022-07-12,2052102.3146611447,0.0001230246668053112,116.35138532713755,68.18561488082923,0.0
2022-07-13,2052058.7175172695,-2.906476258346256e-05,-11.890832955471387,-31.706310919722455,0.0
2022-07-14,2052369.689302335,0.00020731452337693974,93.1187455210574,217.8530395443522,0.0
2022-07-15,2052301.2558523132,-4.562230001440576e-05,86.00696768342782,-154.44041770503645,0.0
2022-07-16,2052294.1795008234,-4.717567660000441e-06,105.42991306334102,-112.50626455334168,0.0
2022-07-17,2052659.858186068,0.00024378579016326254,193.16907959647753,172.50960564841625,0.0
2022-07-18,2052640.0270818362,-1.3220736154620644e-05,212.68184251168537,-232.51294674361634,0.0
2022-07-19,2053002.333051146,0.00024153731287313455,229.344020292039,132.96194901766285,0.0
2022-07-20,2053345.840156496,0.00022900473690003878,224.1822793087343,119.32482604132383,0.0
2022-07-21,2053215.8255306815,-8.667641720956847e-05,237.5058383932742,-367.5204642076269,0.0
2022-07-22,2053615.2545968452,0.000266286044109261,198.6224303398712,200.8066358240203,0.0
2022-07-23,2053843.3188413316,0.00015204282965762948,155.10563656385412,72.95860792259009,0.0
2022-07-24,2053966.085652086,8.184454050285676e-05,168.79210079879448,-46.02529004450935,0.0
2022-07-25,2054003.9251309433,2.5226319238214018e-05,104.32045336615336,-66.48097450883233,0.0
2022-07-26,2054314.942528503,0.00020734493170640022,162.03182904502637,148.98556851457397,0.0
2022-07-27,2054500.819960428,0.0001239182879500517,91.44035531523915,94.43707660983841,0.0
2022-07-28,2054713.7450250853,0.0001419500431047755,228.60775607959988,-15.68269142243662,0.0
2022-07-29,2054815.7118391464,6.797787604074544e-05,243.79289301336098,-141.82607895224282,0.0
2022-07-30,2054964.400800236,9.912597405990912e-05,243.12603769982647,-94.43707660996279,0.0
2022-07-31,2055461.1398334324,0.00033115935546412377,211.72316299430312,285.01587020188254,0.0
2022-08-01,2055385.4537514462,-5.0457387990863194e-05,210.01164436428846,-285.69772635058325,0.0
2022-08-02,2055692.2253319547,0.00020451438700565987,203.12944588960067,103.64213461888914,0.0
2022-08-03,2055750.2619697899,3.8691091890317586e-05,5.874642451681964,52.16199538379442,0.0
2022-08-04,2055929.906836777,0.00011976324465789844,23.499808909814295,156.14505807703335,0.0
2022-08-05,2055946.6889431328,1.1188070903914669e-05,81.55844049270925,-64.77633413683725,0.0
2022-08-06,2056218.9415387888,0.00018150173043733064,202.36234040304518,69.89025525295074,0.0
2022-08-07,2056155.05485128,-4.259112500588992e-05,91.23558634514876,-155.12227385398364,0.0
2022-08-08,2056180.9641715717,1.7272880194455485e-05,180.0088099223707,-154.09948963068746,0.0
2022-08-09,2056414.0280771756,0.00015537593706927528,226.58627219015605,6.477633413756848,0.0
2022-08-10,2056637.4999014135,0.00014898121615864826,68.69047845845962,154.78134577951278,0.0
2022-08-11,2056880.4122102805,0.00016194153924475613,180.52247125124015,62.389837615894066,0.0
2022-08-12,2057031.3290680149,0.00010061123848945226,57.50256534738866,93.41429238678973,0.0
2022-08-13,2057035.737907257,2.939226161453803e-06,58.6164030724438,-54.2075638302631,0.0
2022-08-14,2057058.465726647,1.5151879593308674e-05,27.50081243160131,-4.772993041638301,0.0
2022-08-15,2056925.8935829254,-8.838142914775559e-05,-33.362074070033444,-99.21006965159995,0.0
2022-08-16,2056864.5231607542,-4.091361478085293e-05,51.47677045653679,-112.84719262781618,0.0
2022-08-17,2057127.5912938663,0.0001753787554080007,82.03532560335748,181.0328075086436,0.0
2022-08-18,2057208.5414952524,5.396680092413902e-05,203.34338009730087,-122.39317871109233,0.0
2022-08-19,2057144.8963502385,-4.243009667585099e-05,42.38348612593204,-106.02863113970852,0.0
2022-08-20,2057172.576070473,1.8453146822914674e-05,-72.55313364039588,100.2328538747679,0.0
2022-08-21,2057210.930067684,2.5569331474128187e-05,-63.242568961226254,101.59656617241853,0.0
2022-08-22,2057114.2122498967,-6.447854519164765e-05,-53.419952338255214,-43.29786544921626,0.0
2022-08-23,2057156.9451600246,2.8488606751917053e-05,-47.61302958914758,90.34593971702316,0.0
2022-08-24,2057020.638381897,-9.087118541828215e-05,-39.48320499664186,-96.82357313078137,0.0
2022-08-25,2057138.4158649615,7.851832204291909e-05,44.81887514191131,72.95860792246731,0.0
2022-08-26,2057089.774457099,-3.242760524160273e-05,30.112977324873775,-78.75438518727788,0.0
2022-08-27,2056986.484815585,-6.885976100948831e-05,-93.0617992820055,-10.227842232226976,0.0
2022-08-28,2057008.2215959283,1.4491186895630856e-05,-85.99649116825823,107.73327151170452,0.0
2022-08-29,2056621.9763663644,-0.00025749681970923356,-199.07571671604444,-187.1695128478059,0.0
2022-08-30,2056688.1295494395,4.4102122049981116e-05,-56.23999563612065,122.39317871109233,0.0
2022-08-31,2056682.7086730497,-3.613917593198726e-06,58.33267352386667,-63.753549913664756,0.0
2022-09-01,2056692.0340242567,6.216900804684248e-06,104.44428396581175,-95.11893275878538,0.0
2022-09-02,2056875.5802624905,0.00012236415882256268,81.26781591247695,102.27842232136709,0.0
2022-09-03,2056943.953005291,4.558182853360444e-05,70.41831124687624,-2.045568446469588,0.0
2022-09-04,2057059.5055027595,7.703499831241625e-05,55.20822829907575,60.344269169548625,0.0
2022-09-05,2057001.6331158539,-3.858159127045627e-05,83.61276397208482,-141.48515087776923,0.0
2022-09-06,2057122.5438976702,8.060718787751e-05,24.08720868548363,96.82357313078137,0.0
2022-09-07,2057020.727892188,-6.787733698807484e-05,-59.88185233041385,-41.93415315169841,0.0
2022-09-08,2056969.392721707,-3.4223446987402496e-05,63.21666251870843,-114.55183299981218,0.0
2022-09-09,2057293.4516073493,0.00021603925709506682,140.29865353866296,183.76023210393726,0.0
2022-09-10,2057454.8881855225,0.00010762438544868375,216.666926226574,-55.23034805354837,0.0
2022-09-11,2057565.5549271365,7.37778277426845e-05,175.784003825213,-65.11726221118624,0.0
2022-09-12,2057736.815438392,0.00011417367417050728,210.1263117378127,-38.86580048205178,0.0
2022-09-13,2058063.355151399,0.00021769314200447578,228.69335565275796,97.84635735395568,0.0
2022-09-14,2058101.9477671697,2.5728410513805707e-05,-15.274019985203722,53.866635755912284,0.0
2022-09-15,2058149.7311309022,3.185557582178588e-05,76.76225005710546,-28.97888632442664,0.0
2022-09-16,2058283.6211299137,8.925999934095247e-05,102.86554424053156,31.024454770897137,0.0
2022-09-17,2058337.047121179,3.5617327510192666e-05,59.56269660469731,-6.136705339408309,0.0
2022-09-18,2058449.231830555,7.478980625063744e-05,122.07162353358312,-9.886914157626961,0.0
2022-09-19,2058495.2168276743,3.065666474610947e-05,-33.79217229141168,79.77716941057588,0.0
2022-09-20,2058443.234032746,-3.4655196618876074e-05,102.4576227767228,-154.4404177050369,0.0
2022-09-21,2058476.0492621735,2.1876819618336957e-05,60.43040345428326,-27.615174026777822,0.0
2022-09-22,2058620.280662842,9.615426711260072e-05,-68.84864583368847,213.08004650258954,0.0
2022-09-23,2058493.4805489723,-8.453340924664211e-05,34.45886532318277,-161.25897919314593,0.0
2022-09-24,2058516.0465842173,1.5044023496716629e-05,65.52297262006635,-42.95693737499141,0.0
2022-09-25,2058672.5357991282,0.00010432614327391296,46.710374952696235,109.7788399581732,0.0
2022-09-26,2058664.223338582,-5.541640364062298e-06,48.28159980498914,-56.59406035108259,0.0
2022-09-27,2058832.762204928,0.00011235924423066136,136.1506992775734,32.388167068418625,0.0
2022-09-28,2058786.742601632,-3.067973553075117e-05,35.121278412093396,-81.14088170822015,0.0
2022-09-29,2058831.160024352,2.961161514671261e-05,132.37686591639763,-87.95944319632872,0.0
2022-09-30,2059120.7699003564,0.00019307325066969915,200.2867205105739,89.32315549397481,0.0
2022-10-01,2059355.7281723968,0.0001566388480267918,133.70263394211722,101.25563809807045,0.0
2022-10-02,2059363.0507783145,4.881737278543189e-06,101.75968252777712,-94.43707660996233,0.0
2022-10-03,2059514.7733111375,0.0001011483552152501,144.9039713347675,6.818561488107662,0.0
2022-10-04,2059672.506071257,0.0001051551734130191,200.6896974945196,-42.95693737499096,0.0
2022-10-05,2059803.4180197632,8.727463233743384e-05,207.96169332155998,-77.04974481540921,0.0
2022-10-06,2060126.7872755511,0.0002155795038587079,206.08999819308121,117.27925759498066,0.0
2022-10-07,2060256.3380353092,8.636717317217199e-05,187.16760433251397,-57.61684457425599,0.0
2022-10-08,2060444.3696494333,0.00012535440941598952,102.11773937412426,85.91387474986004,0.0
2022-10-09,2060525.619672412,5.416668198575782e-05,46.134431314925486,35.11559166371126,0.0
2022-10-10,2060664.5421692329,9.261499788051752e-05,147.7866267553534,-8.864129934577136,0.0
2022-10-11,2060785.4771985696,8.062335289127049e-05,195.59827763136812,-74.66324829446239,0.0
2022-10-12,2060885.9316556929,6.69696380821107e-05,194.89153373312837,-94.43707660996233,0.0
2022-10-13,2061093.8321988594,0.0001386003621110722,139.71492828577954,68.18561488082878,0.0
2022-10-14,2061345.0530970686,0.00016748059880607633,142.8057705485874,108.4151276605271,0.0
2022-10-15,2061501.017640276,0.0001039763621383798,82.66500721062879,73.2995359969409,0.0
2022-10-16,2061396.2190899022,-6.986570024925807e-05,42.823305843166274,-147.6218562170534,0.0
2022-10-17,2061580.9609160493,0.0001231612174314322,76.32669848662027,108.41512766052801,0.0
2022-10-18,2061664.9045674573,5.596243427187585e-05,199.85919670527113,-115.91554529745736,0.0
2022-10-19,2061804.4185397807,9.300931488226954e-05,181.78905354957269,-42.27508122616837,0.0
2022-10-20,2061929.6469873646,8.348563172273832e-05,118.06895802152621,7.159489562581257,0.0
2022-10-21,2061996.130646614,4.4322439499448764e-05,53.86932049625491,12.61433875291823,0.0
2022-10-22,2062286.0061267258,0.00019325032007464066,76.79543360937143,213.08004650258954,0.0
2022-10-23,2062212.19211823,-4.920933899720896e-05,68.69392660500414,-142.50793510081758,0.0
2022-10-24,2062381.88875252,0.00011313108952658875,148.90002175121114,20.79661253867198,0.0
2022-10-25,2062560.743901727,0.00011923676613804791,86.80456911805317,92.0505800890187,0.0
2022-10-26,2062596.0498161474,2.3537276280183978e-05,95.99111166417222,-60.685197243896255,0.0
2022-10-27,2062674.6635000454,5.2409122598825615e-05,-6.2774066283236225,84.89109052656204,0.0
2022-10-28,2062546.3346784636,-8.555254772134083e-05,-2.18543405257793,-126.14338752943331,0.0
2022-10-29,2062614.0254085609,4.512715339825454e-05,80.30506885042463,-12.61433875304283,0.0
2022-10-30,2062786.2917123893,0.00011484420255219096,41.34992325709046,130.916380571196,0.0
2022-10-31,2062786.722419099,2.871378065367433e-07,34.52351415021973,-34.09280744041462,0.0
2022-11-01,2062679.3884580946,-7.155597400301873e-05,6.536015846336899,-113.86997685086499,0.0
2022-11-02,2062833.965995571,0.0001030516916510058,84.00542607486099,70.5721114016477,0.0
2022-11-03,2062934.747884108,6.7187925691241e-05,69.07557761739007,31.706310919471434,0.0
2022-11-04,2062873.3851621384,-4.090848131315753e-05,85.91820617284372,-147.28092814258002,0.0
2022-11-05,2063132.6805729056,0.00017286360717817478,136.56130398169898,122.7341067855632,0.0
2022-11-06,2063254.2419526414,8.104091982389497e-05,167.5866697804764,-46.02529004463395,0.0
2022-11-07,2063316.3903109024,4.1432238840617876e-05,198.17865994811078,-136.03030168718396,0.0
2022-11-08,2063647.512469011,0.00022074810540578948,106.45055707647357,224.67160103221067,0.0
2022-11-09,2063374.0511917924,-0.00018230751814585921,-249.93724008495929,-23.52403713382955,0.0
2022-11-10,2062202.9267803193,-0.0007807496076485997,-1382.4998176034803,211.3754061305808,0.0
2022-11-11,2061897.7432321445,-0.00020345569878321582,-195.0637801423034,-110.11976803252037,0.0
2022-11-12,2061854.651572268,-2.8727773251070797e-05,54.75469747747318,-97.84635735407937,0.0
2022-11-13,2061649.1662321067,-0.00013699022677398438,-24.11160457798219,-181.3737355829944,0.0
2022-11-14,2061723.004474759,4.9225495101499326e-05,-70.03340474640066,143.87164739864966,0.0
2022-11-15,2061640.1753635244,-5.5219407489723985e-05,-148.96915766900656,66.14004643442058,0.0
2022-11-16,2061527.3234423606,-7.523461410922774e-05,-107.73800004772994,-5.113921116111669,0.0
2022-11-17,2061410.6741118752,-7.776622032364527e-05,-70.28311236648406,-46.36621811898385,0.0
2022-11-18,2061398.272732378,-8.267586331445465e-06,2.940383850918973,-15.34176334808717,0.0
2022-11-19,2061443.2807867355,3.0005369571642025e-05,69.89580378907462,-24.88774943161158,0.0
2022-11-20,2061383.6003870314,-3.9786933136033085e-05,10.209855548774875,-69.8902552528245,0.0
2022-11-21,2061403.4292382062,1.3219234116422087e-05,49.83052172223226,-30.001670547599133,0.0
2022-11-22,2061470.6985659641,4.484621850539274e-05,13.061763927764158,54.20756383032494,0.0
2022-11-23,2061544.1511882124,4.896841483214174e-05,105.15893316786958,-31.70631091965697,0.0
2022-11-24,2061616.5741446726,4.828197097343319e-05,77.53687757613775,-5.113921115987978,0.0
2022-11-25,2061629.4775699768,8.602283536196053e-06,21.767555238871257,-8.864129934577178,0.0
2022-11-26,2061592.4443661054,-2.4688802581085895e-05,27.74313026520795,-64.7763341368368,0.0
2022-11-27,2061713.5747558204,8.075359314330096e-05,9.987837459131242,111.14255225582019,0.0
2022-11-28,2061656.6289770212,-3.796385253268461e-05,16.01282912343983,-72.95860792246674,0.0
2022-11-29,2061748.5038126428,6.124989041434087e-05,47.213257874586205,44.661577746925104,0.0
2022-11-30,2061912.6926373276,0.0001094592164563859,94.98042558051529,69.20839910406357,0.0
2022-12-01,2062033.8587119838,8.07773831042135e-05,35.25219990658572,85.91387474973453,0.0
2022-12-02,2061918.1001257105,-7.717239084897608e-05,42.09111217556432,-157.84969844902844,0.0
2022-12-03,2062080.9799707243,0.00010858656334275478,107.30856888622209,55.571276127910096,0.0
2022-12-04,2062062.9763650692,-1.2002403770217029e-05,98.93472386530613,-116.93832952063167,0.0
2022-12-05,2062114.9701739857,3.466253927777143e-05,2.5592381280321277,49.434570788625024,0.0
2022-12-06,2062198.9517733473,5.5987732907772244e-05,49.88879192136836,34.09280744029002,0.0
2022-12-07,2062311.954453417,7.533512004647029e-05,41.066856370411536,71.9358236992939,0.0
2022-12-08,2062276.8155613653,-2.3425928034605486e-05,20.09145600152736,-55.23034805343559,0.0
2022-12-09,2062307.608774169,2.052880853590945e-05,49.20332882171848,-18.410116017854307,0.0
2022-12-10,2062251.340746745,-3.751201828277344e-05,-3.76510396601629,-52.50292345814387,0.0
2022-12-11,2062294.194563401,2.8569211103839793e-05,14.55678648015628,28.297030175603403,0.0
2022-12-12,2062326.1118440903,2.1278187126259253e-05,19.643870010943793,12.273410678445089,0.0
2022-12-13,2062454.1483370312,8.535766196072943e-05,87.80698016139534,40.22951277969878,0.0
2022-12-14,2062287.8821472093,-0.0001108441265479362,181.8213741446967,-348.087563966601,0.0
2022-12-15,2062484.7015337432,0.00013121292435595237,152.83966493588846,43.9797215980401,0.0
2022-12-16,2062707.5149458195,0.00014854227471755287,50.64473450226207,172.16867757406726,0.0
2022-12-17,2062897.9807807356,0.00012697722327729196,110.68866550523835,79.77716941069957,0.0
2022-12-18,2063038.7318062473,9.383401700778533e-05,71.20169833320266,69.54932717847532,0.0
2022-12-19,2063092.5545961978,3.588185996711676e-05,82.4607482007521,-28.637958250076963,0.0
2022-12-20,2063179.7854079136,5.815387447714114e-05,50.410579680004915,36.820232035706795,0.0
2022-12-21,2063261.4653666615,5.4453305831844945e-05,109.97698892324686,-28.29703017547945,0.0
2022-12-22,2063234.366553807,-1.806587523629428e-05,104.8403519400512,-131.93916479449263,0.0
2022-12-23,2063448.4756564163,0.00014273940173945804,165.69731604373428,48.4117865654528,0.0
2022-12-24,2063425.9058807127,-1.5046517135619876e-05,119.93815939751191,-142.50793510094172,0.0
2022-12-25,2063610.8533757436,0.00012329833002061247,31.188933474704843,153.75856155621386,0.0
2022-12-26,2063647.313719672,2.430689595218412e-05,6.458673380676878,30.001670547599304,0.0
2022-12-27,2063680.0479500098,2.1822820225207038e-05,67.50889392704822,-34.77466358923766,0.0
2022-12-28,2063815.1549746282,9.007134974562063e-05,91.80915916909011,43.29786544934086,0.0
2022-12-29,2063995.0421994734,0.00011992481656359646,160.7952526788424,19.091972166552296,0.0
2022-12-30,2063969.8862417894,-1.6770638455922076e-05,153.83128137816766,-178.98723906205078,0.0
2022-12-31,2064245.7093273932,0.00018388205706901733,169.79445446394178,106.02863113958426,0.0
2023-01-01,2064293.840670786,3.208756226202594e-05,116.65788634821713,-68.52654295517823,0.0
2023-01-02,2064361.0984807322,4.4838539964074565e-05,-17.9742086548001,85.23201860091194,0.0
2023-01-03,2064491.5487799307,8.696686613233193e-05,126.70009038003255,3.750208818465353,0.0
2023-01-04,2064625.809452991,8.950711537357881e-05,84.14424612279548,50.11642693757274,0.0
2023-01-05,2064717.6172709488,6.120521197197697e-05,98.28545137172412,-6.477633413758667,0.0
2023-01-06,2064833.3762268908,7.717263729456337e-05,119.50916476031053,-3.7502088184654667,0.0
2023-01-07,2064853.5945088519,1.3478854640783045e-05,76.13048616343411,-55.912204202259545,0.0
2023-01-08,2065018.394223325,0.00010986647631520147,133.43433162755653,31.365382845245676,0.0
2023-01-09,2064913.8475932283,-6.969775339759966e-05,35.23388040925006,-139.78051050564954,0.0
2023-01-10,2065214.7200887196,0.00020058166366079762,89.15616128625344,211.716334204943,0.0
2023-01-11,2065326.4130958074,7.446200472521415e-05,29.87026923090036,81.82273785692087,0.0
2023-01-12,2065352.3603966457,1.7298200558888727e-05,168.4552359392739,-142.5079351009408,0.0
2023-01-13,2065556.1136042676,0.0001358354717478716,174.43339322303174,29.319814398775634,0.0
2023-01-14,2065899.0771249295,0.0002286423471079378,438.76430956951015,-95.80078890760342,0.0
2023-01-15,2065691.140110164,-0.00013862467651039635,329.0247024209302,-536.9617171865248,0.0
2023-01-16,2065915.9756976003,0.0001498903916241188,213.58496098078191,11.250626455396286,0.0
2023-01-17,2066376.7897656562,0.00030720937870403804,216.7095667826959,244.10450127336117,0.0
2023-01-18,2066730.647196354,0.00023590495379858373,216.12248863857195,137.73494205930365,0.0
2023-01-19,2066801.6976298443,4.736695566005426e-05,211.51280014455352,-140.46236665447213,0.0
2023-01-20,2067219.0102983904,0.000278208445697504,215.48324849906416,201.8294200471919,0.0
2023-01-21,2067509.0821319357,0.0001933812223634969,231.77313282216855,58.29870072307676,0.0
2023-01-22,2067624.47060243,7.692564699623687e-05,233.00865616380912,-117.6201856694538,0.0
2023-01-23,2067848.8493462463,0.0001495858292109545,232.22008952771236,-7.84134571128061,0.0
2023-01-24,2068191.9590193988,0.0002287397821015561,234.35361741733345,108.7560557350007,0.0
2023-01-25,2068421.003022985,0.0001526960023909661,231.43050010739233,-2.386496520943183,0.0
2023-01-26,2068499.3544311887,5.223427213563061e-05,235.86017857812536,-157.50877037467944,0.0
2023-01-27,2069001.3707234254,0.00033467752815782446,231.66032923424152,270.3559630024952,0.0
2023-01-28,2069179.690766246,0.00011888002854707386,235.93688739486632,-57.61684457425554,0.0
2023-01-29,2069392.59353015,0.00014193517593593614,235.40401681457263,-22.501252910668427,0.0
2023-01-30,2069559.3775897166,0.00011118937304456267,242.8110201590771,-76.02696059223308,0.0
2023-01-31,2069939.7159267378,0.00025355889134738807,233.3983369528531,146.94000006822898,0.0
2023-02-01,2070113.1068314586,0.00011559393648058785,236.4625984855975,-63.07169376471575,0.0
2023-02-02,2070208.5336222686,6.361786053996853e-05,242.7077189525326,-147.2809281425798,0.0
2023-02-03,2070279.0341387745,4.7000344337364236e-05,240.28269755929594,-169.7821810532496,0.0
2023-02-04,2070889.2070915867,0.00040678196854140706,239.58413593484184,370.58881687726875,0.0
2023-02-05,2071054.7883569072,0.00011038751021365035,238.53987324294192,-72.9586079224664,0.0
2023-02-06,2071239.8710490116,0.0001233884614029477,234.51726289304747,-49.43457078862593,0.0
2023-02-07,2071510.4772532207,0.00018040413613941222,232.76318795023818,37.8430162588802,0.0
2023-02-08,2071870.8460692116,0.00024024587732722808,237.63470920539893,122.73410678544315,0.0
2023-02-09,2072024.8354390743,0.00010265957990836782,234.78932349642199,-80.79995363387025,0.0
2023-02-10,2072199.3220866262,0.00011632443170143094,222.8984341173543,-48.411786565207876,0.0
2023-02-11,2072405.8833306727,0.00013770749603097618,136.33006071929006,70.23118332717422,0.0
2023-02-12,2072681.3072527775,0.0001836159480698259,131.21134663180112,144.21257547293771,0.0
2023-02-13,2072836.607179819,0.00010353328469424503,136.54888294916424,18.7510440922033,0.0
2023-02-14,2072954.1446327113,7.835830192825496e-05,214.36102602303995,-96.82357313065751,0.0
2023-02-15,2073193.9378316053,0.00015986213259593416,106.49032180200945,133.3028770918918,0.0
2023-02-16,2072792.8246986126,-0.0002674087553284366,358.13368870539387,-759.2468216980487,0.0
2023-02-17,2073065.8392187394,0.00018200968008455718,240.62635305829525,32.3881670685405,0.0
2023-02-18,2073174.744941899,7.260381543971732e-05,251.4136582605168,-142.5079351009408,0.0
2023-02-19,2073710.037475233,0.00035686168888944195,251.9813035043997,283.3112298297633,0.0
2023-02-20,2074345.5195645764,0.00042365472622900557,248.18779682050481,387.2942925230036,0.0
2023-02-21,2074169.4291913626,-0.00011739358214262065,254.1608566840654,-430.2512298979964,0.0
2023-02-22,2074875.5931709479,0.00047077598639017456,250.00221603248363,456.1617635527782,0.0
2023-02-23,2075137.502152732,0.00017460598785616185,141.2204434451464,120.68853833909634,0.0
2023-02-24,2075282.9803667122,9.698547598673377e-05,125.36345759025218,20.11475638984848,0.0
2023-02-25,2075195.8532133251,-5.8084768924613666e-05,13.78755663667636,-100.91471002359685,0.0
2023-02-26,2075407.1749030328,0.00014088112647177192,131.88544837155706,79.4362413361008,0.0
2023-02-27,2075495.3497115849,5.878320570119966e-05,129.76803362914526,-41.59322507734578,0.0
2023-02-28,2075669.3848067208,0.00011602339675737233,90.84864498136828,83.18645015469019,0.0
2023-03-01,2075821.05450009,0.00010111312891283324,159.17011100618103,-7.500417636931161,0.0
2023-03-02,2075962.9709447557,9.461096311044807e-05,207.03370687686018,-65.11726221118806,0.0
2023-03-03,2075948.2017715063,-9.846115499566513e-06,44.552311696901306,-59.321484946251076,0.0
2023-03-04,2076110.4909292436,0.0001081927718247928,49.101037035016724,113.18812070217245,0.0
2023-03-05,2076130.8731229794,1.3588129157181763e-05,46.63365546490657,-26.251461729133922,0.0
2023-03-06,2076250.7691093695,7.993065759347734e-05,114.10020912528084,5.795777264935168,0.0
2023-03-07,2076359.929465196,7.277357055106434e-05,62.45320963326367,46.70714619333285,0.0
2023-03-08,2076457.5224258155,6.506197374629823e-05,126.57184694375029,-28.978886324302948,0.0
2023-03-09,2076597.9367216115,9.360953053060823e-05,221.8961055786061,-81.48180978269374,0.0
2023-03-10,2076690.0522231339,6.141033434811304e-05,-69.48440574531992,161.59990726748947,0.0
2023-03-11,2076557.8475088147,-8.813647621284021e-05,-15.607312873103162,-116.59740144615716,0.0
2023-03-12,2076528.641438522,-1.9470713528347066e-05,37.615832290661636,-66.82190258318224,0.0
2023-03-13,2076840.2098263754,0.00020771225856890078,194.97098640719767,116.59740144615353,0.0
2023-03-14,2076640.7760852352,-0.00013295582742671176,451.0570248229731,-650.4907659630408,0.0
2023-03-15,2076948.4516282484,0.0002051170286754466,473.366587173604,-165.6910441604341,0.0
2023-03-16,2077532.678590886,0.00038948464175842944,248.41280934961154,335.8141532880327,0.0
2023-03-17,2078089.943783664,0.000371510128518531,198.6088585046213,358.65633427317516,0.0
2023-03-18,2078470.5957745134,0.00025376799389967866,280.07820890026835,100.57378194924968,0.0
2023-03-19,2078379.6395735433,-6.063746731347502e-05,275.2005509397683,-366.1567519099808,0.0
2023-03-20,2079222.0669199978,0.0005616182309696334,277.1685990924495,565.2587473620006,0.0
2023-03-21,2079171.51834027,-3.369905315181912e-05,91.27749922438863,-141.8260789521173,0.0
2023-03-22,2079354.7790748337,0.00012217382304248497,53.70806629005479,129.55266827367268,0.0
2023-03-23,2079455.4916623754,6.714172502785312e-05,85.02989611921573,15.682691422563948,0.0
2023-03-24,2079548.7423092863,6.21670979405959e-05,289.2842896934034,-196.03364278250956,0.0
2023-03-25,2079690.284624597,9.436154354051375e-05,3.807373251465139,137.73494205930547,0.0
2023-03-26,2079703.9653920943,9.120511664837526e-06,3.452925265156812,10.227842232099476,0.0
2023-03-27,2079682.3093842259,-1.4437338579042423e-05,46.870535086612776,-68.52654295517641,0.0
2023-03-28,2079720.1221642555,2.520852001989876e-05,66.79166635414927,-28.97888632430113,0.0
2023-03-29,2079882.900761507,0.00010851906483427193,215.2815207096759,-52.502923458268015,0.0
2023-03-30,2079969.3598050673,5.7639362373571276e-05,132.8252616793435,-46.36621811898658,0.0
2023-03-31,2080220.0417259925,0.00016712128061673452,130.33431066047996,120.34761026462184,0.0
2023-04-01,2080398.564086442,0.00011901490696646708,279.77799854764646,-101.25563809794585,0.0
2023-04-02,2080501.2590941642,6.846333848133734e-05,154.51607503145064,-51.82106730944463,0.0
2023-04-03,2080613.014358639,7.450350964994164e-05,59.59326909111985,52.1619953837926,0.0
2023-04-04,2080644.6772093433,2.110856713616468e-05,-81.86619807239266,113.52904877663968,0.0
2023-04-05,2080683.114007824,2.5624532320576765e-05,158.78440874548699,-120.34761026462184,0.0
2023-04-06,2080895.218321587,0.00014140287584185436,19.8208797989888,192.28343396379276,0.0
2023-04-07,2080727.6253826846,-0.00011172862593480994,5.598522895024838,-173.19146179723975,0.0
2023-04-08,2080925.5337508325,0.00013193891209849472,37.331245103420535,160.57712304432152,0.0
2023-04-09,2080844.2103381767,-5.421560843728467e-05,-7.6829485846371,-73.6404640712899,0.0
2023-04-10,2081126.7620040532,0.0001883677772511739,252.54999532928542,30.00167054747544,0.0
2023-04-11,2081425.9921884616,0.0001994867896053964,302.98039322644104,-3.7502088183464366,0.0
2023-04-12,2081663.732889614,0.00015849380076849026,200.9204691170304,36.820232035704976,0.0
2023-04-13,2081804.918497949,9.412373888992603e-05,214.82607240630446,-73.64046407141541,0.0
2023-04-14,2081873.4574673576,4.569264627237546e-05,137.74736851256492,-69.20839910400173,0.0
2023-04-15,2082108.529570236,0.00015671473525232378,139.95317011969985,95.11893275878583,0.0
2023-04-16,2082415.000445637,0.00020431391693393838,280.2194136718977,26.25146172900986,0.0
2023-04-17,2082812.2245961637,0.00026481610035113817,282.6723175267714,114.5518329999359,0.0
2023-04-18,2082653.0122063262,-0.00010614159322506267,109.77986086725282,-268.9922507048468,0.0
2023-04-19,2082957.9408909916,0.00020328578977686705,167.19374260612244,137.73494205917814,0.0
2023-04-20,2082723.2068915982,-0.00015648933292877943,178.12989871026912,-412.86389810343826,0.0
2023-04-21,2083373.4800364552,0.0004335154299046515,253.09193817610304,397.1812066808743,0.0
2023-04-22,2083429.8634935343,3.7588971385943924e-05,176.04921119471422,-119.66575411579834,0.0
2023-04-23,2083480.9738940904,3.407360037084459e-05,71.22515694623905,-20.11475638997217,0.0
2023-04-24,2083756.2452311423,0.00018351422470116828,103.44358755203416,171.82774949971827,0.0
2023-04-25,2083906.1870845635,9.996123561425903e-05,189.48951005226428,-39.547656630875736,0.0
2023-04-26,2084080.2282667658,0.00011602745480145188,154.60828196115466,19.432900241023162,0.0
2023-04-27,2084369.004775458,0.0001925176724613604,111.83483807621107,176.94167061582948,0.0
2023-04-28,2084426.6347403082,3.841997656686692e-05,245.82226192140246,-188.19229707110208,0.0
2023-04-29,2084501.7037611967,5.004601392573562e-05,145.98206036472484,-70.91303947612141,0.0
2023-04-30,2084834.9004834122,0.00022213114814350577,126.59430912630363,206.60241308895502,0.0
2023-05-01,2084543.9346386094,-0.00019397722986846477,-33.565148627594034,-257.4006961751031,0.0
2023-05-02,2084744.7578883697,0.00013388216650694377,79.45285527262314,121.37039448779251,0.0
2023-05-03,2084926.692691194,0.00012128986854946832,192.50357313077663,-10.568770306574152,0.0
2023-05-04,2084973.1684257747,3.098382305381411e-05,240.4638089166329,-193.98807433591173,0.0
2023-05-05,2085341.2314047362,0.0002453753193075856,218.0546262235056,150.00835273787288,0.0
2023-05-06,2085709.0058603592,0.0002451829704153669,301.6344091886935,66.14004643435692,0.0
2023-05-07,2085720.82566303,7.87986844719156e-06,141.713399018809,-129.89359634802167,0.0
2023-05-08,2085779.7795134718,3.930256696118213e-05,48.726008209548034,10.227842232225157,0.0
2023-05-09,2085841.8344486442,4.136995678168153e-05,116.26249900278539,-54.2075638302631,0.0
2023-05-10,2086267.4511554153,0.0002837444711807387,116.0540152122107,309.5626915588973,0.0
2023-05-11,2086316.7790181031,3.28852417919519e-05,129.10503209837822,-79.77716941045037,0.0
2023-05-12,2086291.6326227696,-1.676426355564092e-05,95.20121493128596,-120.34761026474735,0.0
2023-05-13,2086299.9318822057,5.532839623991634e-06,90.1219972930311,-81.82273785704365,0.0
2023-05-14,2086466.2674082066,0.00011089035066733247,75.64865820937756,90.68686779162113,0.0
2023-05-15,2086600.9503341536,8.978861729796242e-05,24.222229840070643,110.460696106873,0.0
2023-05-16,2086557.5034192116,-2.896460996118331e-05,163.1554981470559,-206.60241308883087,0.0
2023-05-17,2086723.6394036245,0.00011075732294176306,183.1823881329756,-17.046403720331,0.0
2023-05-18,2087014.604103727,0.00019397646673508868,264.71323837350036,26.251461729132643,0.0
2023-05-19,2087182.012554993,0.00011160563417733776,100.5865486828244,66.82190258318224,0.0
2023-05-20,2087186.7563038724,3.162499252855369e-06,63.38337767671154,-58.639628797428486,0.0
2023-05-21,2087435.4551404212,0.000165799224365899,158.01196875735127,90.6868677914972,0.0
2023-05-22,2087581.9981867499,9.76953642191407e-05,72.90258225742116,73.6404640712899,0.0
2023-05-23,2087655.36795393,4.891317812011232e-05,274.5173310786624,-201.1475638984939,0.0
2023-05-24,2087829.2519930755,0.00011592269276359733,152.40557045790052,21.47846868749548,0.0
2023-05-25,2088244.6472473568,0.00027693016952079014,231.63502217737127,183.7602321038139,0.0
2023-05-26,2088363.7212427952,7.938266362558822e-05,221.35241775962527,-102.27842232124294,0.0
2023-05-27,2088711.0543552982,0.00023155540833529298,209.93909851798568,137.39401398495374,0.0
2023-05-28,2088866.8676930862,0.00010387555852540125,273.43352345755613,-117.62018566945426,0.0
2023-05-29,2089035.5159473638,0.00011243216951850267,286.9502960960327,-118.30204181827867,0.0
2023-05-30,2089389.074914761,0.00023570597826473802,180.3675055997436,173.19146179736344,0.0
2023-05-31,2089534.7264249017,9.710100676057061e-05,142.24222939686416,3.409280743991758,0.0
2023-06-01,2089561.410971212,1.7789697540035168e-05,201.58064847929032,-174.89610216923757,0.0
2023-06-02,2089895.4675395663,0.00022270437890289284,219.1638072801781,114.89276107416117,0.0
2023-06-03,2090182.4806382956,0.00019134206581957074,213.37263465806618,73.6404640712899,0.0
2023-06-04,2090395.6678265594,0.00014212479217590128,229.21080776088672,-16.023619497034815,0.0
2023-06-05,2090596.9664712339,0.00013419909644967886,253.1197119839628,-51.821067309444516,0.0
2023-06-06,2090572.3761564551,-1.6393543185861247e-05,-51.86456073122252,27.274245952430647,0.0
2023-06-07,2090623.669503755,3.41955648666256e-05,222.78016872530404,-171.48682142536563,0.0
2023-06-08,2090902.8343559457,0.000186109901460398,113.13287995581572,166.03197223478128,0.0
2023-06-09,2091045.6141089094,9.518650197568437e-05,170.73585506465702,-27.956102101130455,0.0
2023-06-10,2091077.766476007,2.1434911398465658e-05,135.1126455677646,-102.9602784700661,0.0
2023-06-11,2091368.414005881,0.00019376501991597416,119.50163652294275,171.14589335101846,0.0
2023-06-12,2091535.3639576396,0.00011129996783907857,135.58456891349633,31.36538284512153,0.0
2023-06-13,2091560.3784465373,1.667632593179805e-05,200.25151914140676,-175.23703024370968,0.0
2023-06-14,2091837.371314322,0.00018466191185645902,77.89087233266397,199.10199545202454,0.0
2023-06-15,2091799.0132847838,-2.557201969210906e-05,82.33050880105826,-120.68853833922185,0.0
2023-06-16,2091835.3640479515,2.4233842111765733e-05,43.510252729981566,-7.159489562332965,0.0
2023-06-17,2091966.2440702138,8.725334817496403e-05,246.11371141120358,-115.23368914875755,0.0
2023-06-18,2092103.375592492,9.142101485208558e-05,168.4969051231262,-31.36538284499784,0.0
2023-06-19,2092331.7793533378,0.00015226917389715296,153.74051255126705,74.66324829446239,0.0
2023-06-20,2092526.7940722257,0.00013000981259181582,11.936342932731485,183.07837595499223,0.0
2023-06-21,2092761.4093629178,0.00015641019379486682,181.77143915968048,52.84385153261974,0.0
2023-06-22,2092654.2705970095,-7.142584393903019e-05,298.90657070677804,-406.0453366153233,0.0
2023-06-23,2093114.267801399,0.00030666480292650003,305.55678668471313,154.4404177050369,0.0
2023-06-24,2093601.5239099779,0.00032483740571918575,313.7237187070644,173.53238987171426,0.0
2023-06-25,2093512.448268266,-5.9383761141255563e-05,312.19670186180826,-401.2723435736916,0.0
2023-06-26,2093872.7206016118,0.00024018155556389603,311.5196187060416,48.752714639802434,0.0
2023-06-27,2094291.9949702984,0.000279516245791068,309.4955287283042,109.7788399582978,0.0
2023-06-28,2094588.032526935,0.00019735837109100123,250.0122665921171,46.02529004438475,0.0
2023-06-29,2094916.6651824578,0.00021908843701533843,265.2200336836937,63.41262183931394,0.0
2023-06-30,2095102.1972177643,0.00012368802353762145,311.3344947616402,-125.80245945520801,0.0
2023-07-01,2095563.0658343122,0.00030724574436533444,311.5421199589523,149.32649658904938,0.0
2023-07-02,2095893.1551233751,0.0002200595260418371,312.7019572680752,17.38733179468045,0.0
2023-07-03,2095934.1963859,2.7360841683157293e-05,313.10186589935125,-272.0606033746153,0.0
2023-07-04,2096350.9707290167,0.0002778495620779107,318.5870576884395,98.18728542842655,0.0
2023-07-05,2096775.3181074504,0.00028289825228907403,314.56853847543783,109.7788399581732,0.0
2023-07-06,2097178.8893770324,0.00026904751305461167,199.6962810883788,203.8749884935387,0.0
2023-07-07,2097383.2056602,0.00013621085544538646,43.39823204928456,160.91805111879512,0.0
2023-07-08,2097315.9979197695,-4.480516028729458e-05,83.48246845562991,-150.69020888657178,0.0
2023-07-09,2097465.480876843,9.965530471582083e-05,192.78082252307235,-43.29786544934109,0.0
2023-07-10,2097437.77262652,-1.847216688202964e-05,58.20562442681467,-85.91387474985913,0.0
2023-07-11,2097707.41226217,0.0001797597571000749,209.63629455503775,60.003341095074575,0.0
2023-07-12,2097867.3596266257,0.0001066315763037038,189.60810692868125,-29.660742473125538,0.0
2023-07-13,2097832.398855378,-2.3307180831675797e-05,57.08980884162869,-92.05058008914239,0.0
2023-07-14,2098206.1405750876,0.00024916114647298475,321.579724325559,52.16199538391811,0.0
2023-07-15,2098399.4305164823,0.0001288599609296376,-13.653399768850775,206.9433411633072,0.0
2023-07-16,2098353.8849879242,-3.0363685705233443e-05,148.10161770371303,-193.6471462615632,0.0
2023-07-17,2098582.6626501805,0.00015251844150408625,157.86462278013212,70.91303947599727,0.0
2023-07-18,2098664.840126426,5.478498416388741e-05,187.5242512367166,-105.34677499088548,0.0
2023-07-19,2098946.748222377,0.0001879387306338715,233.15538131100482,48.752714639802434,0.0
2023-07-20,2099137.9454758605,0.00012746483565563162,181.99219547452074,9.205058008926699,0.0
2023-07-21,2099052.2325649145,-5.714194063076525e-05,74.86421209817365,-160.57712304432152,0.0
2023-07-22,2099127.6186536853,5.025739251392793e-05,33.79286369354658,41.59322507734532,0.0
2023-07-23,2099363.055529148,0.0001569579169749324,226.2318174534719,9.205058008926699,0.0
2023-07-24,2099693.0280722324,0.00021998169538978653,249.51351752540774,80.45902555927205,0.0
2023-07-25,2099927.335768002,0.00015620513051299725,239.42161688548566,-5.113921115989797,0.0
2023-07-26,2100178.873642656,0.00016769191643621967,251.19694657998005,0.34092807434944916,0.0
2023-07-27,2100387.768767044,0.00013926341625844157,98.43442828066564,110.46069610699669,0.0
2023-07-28,2100496.1183923297,7.223308352394289e-05,209.60526338398387,-101.25563809806954,0.0
2023-07-29,2100756.397237402,0.00017351923004803324,220.7311884411746,39.54765663087528,0.0
2023-07-30,2100925.5312660467,0.0001127560190965974,180.72558317451768,-11.59155452962159,0.0
2023-07-31,2100971.557737066,3.0684314012860154e-05,179.32934811142894,-133.30287709213871,0.0
2023-08-01,2101254.891268501,0.0001888890209568421,229.80782375382267,53.52570768144051,0.0
2023-08-02,2101331.2714305785,5.092010805151021e-05,303.77918770477,-227.39902562750467,0.0
2023-08-03,2102004.981443977,0.00044914000893227755,298.348203479512,375.3618099189043,0.0
2023-08-04,2102207.9794603214,0.00013533201089614396,279.70683308502413,-76.70881674080817,0.0
2023-08-05,2102425.728073289,0.0001451657419787816,239.9089378044914,-22.160324836318978,0.0
2023-08-06,2102775.0876399013,0.00023290637774146144,297.197571228398,52.16199538379419,0.0
2023-08-07,2102984.5883088363,0.00013966711262328356,274.277003071762,-64.77633413683668,0.0
2023-08-08,2103092.118290392,7.168665437056714e-05,249.69698858231882,-142.16700702646813,0.0
2023-08-09,2103468.5122513967,0.0002509293073363813,269.0016175673419,107.39234343723001,0.0
2023-08-10,2103671.102927457,0.00013506045070695442,285.0952700661742,-82.50459400574255,0.0
2023-08-11,2104044.6242286772,0.0002490142008133986,272.2656631221512,101.25563809794676,0.0
2023-08-12,2104286.0085424064,0.00016092287581928458,293.88723718707064,-52.502923458143755,0.0
2023-08-13,2104494.261132471,0.0001388350600431293,247.11839054674638,-38.865800482052464,0.0
2023-08-14,2104833.7569680344,0.0002263305570423411,299.6072508582865,39.888584705225185,0.0
2023-08-15,2105164.3157150554,0.00022037249801407075,300.8980045479806,29.660742473125538,0.0
2023-08-16,2105452.286408878,0.00019198046254845295,298.5394641292527,-10.568770306573242,0.0
2023-08-17,2105916.4367990703,0.00030943359346145523,293.68635299010975,170.4640372020731,0.0
2023-08-18,2105971.7826071894,3.6897205412627936e-05,137.1685459758555,-81.82273785691359,0.0
2023-08-19,2105861.260869956,-7.368115815537859e-05,-52.22303650998749,-58.2987007230804,0.0
2023-08-20,2105780.1369874673,-5.408258832601026e-05,-67.82768758714974,-13.296194901865647,0.0
2023-08-21,2105832.9013209357,3.517622231241515e-05,-32.12675705806346,84.89109052668618,0.0
2023-08-22,2105752.171497843,-5.381988206165468e-05,7.229620103846693,-87.95944319632872,0.0
2023-08-23,2105777.48472108,1.687548215763831e-05,26.336007459506266,-1.0227842230488022,0.0
2023-08-24,2105887.640495481,7.343718293397664e-05,41.288303371437735,68.86747102952722,0.0
2023-08-25,2106019.442477841,8.786798824030676e-05,65.6619359259777,66.14004643448243,0.0
2023-08-26,2105875.5986586967,-9.589587942968304e-05,99.91975405448714,-243.76357319901172,0.0
2023-08-27,2106085.611995837,0.00014000889142696526,47.049717575183166,162.9636195652647,0.0
2023-08-28,2106199.184425256,7.571495294621054e-05,76.07034123490966,37.50208818440615,0.0
2023-08-29,2106119.563633928,-5.308052755210891e-05,-56.43768226867178,-23.183109059491585,0.0
2023-08-30,2106350.3182626404,0.00015383641914155772,137.3403363255454,93.4142923867912,0.0
2023-08-31,2106289.8926204853,-4.0283761436749536e-05,166.29152732368055,-226.71716947880486,0.0
2023-09-01,2106529.177776136,0.00015952343710048074,130.87002799019493,108.4151276605262,0.0
2023-09-02,2106458.8910096684,-4.685784431174253e-05,43.24228230890129,-113.52904877651508,0.0
2023-09-03,2106675.010631511,0.00014407974789502662,70.20240599760669,145.91721584493325,0.0
2023-09-04,2106545.281536368,-8.64860634285449e-05,27.43874715751218,-157.16784230032954,0.0
2023-09-05,2106692.3036032785,9.80147112736566e-05,47.47106918453414,99.55099772595077,0.0
2023-09-06,2106715.0058971453,1.5134862577598424e-05,9.747027039005584,12.955266827392052,0.0
2023-09-07,2106848.262644555,8.883783160651935e-05,128.48375436814095,4.772993041638074,0.0
2023-09-08,2106883.734556241,2.3647941123993565e-05,-24.190501334733412,59.66241302072376,0.0
2023-09-09,2106722.174026541,-0.00010770701979998221,-35.41714217041632,-126.143387529557,0.0
2023-09-10,2106719.089942768,-2.0560558485312206e-06,51.46440813181643,-54.54849190461326,0.0
2023-09-11,2106891.875445279,0.00011519033500722389,29.59571126119523,143.18979124964062,0.0
2023-09-12,2106895.293184858,2.278493052460187e-06,39.89704353992439,-36.47930396123411,0.0
2023-09-13,2107028.275141512,8.865463776964423e-05,59.0005645087056,73.98139214576076,0.0
2023-09-14,2106945.5952068,-5.511995647486613e-05,-7.675758343362307,-75.0041763689369,0.0
2023-09-15,2106994.435314158,3.256007157220651e-05,37.58948090291393,11.250626455395832,0.0
2023-09-16,2106793.4069631933,-0.00013401890064326834,-80.3398126259303,-120.6885383389722,0.0
2023-09-17,2106946.605835403,0.00010213258147317739,24.328060085163834,128.87081212460225,0.0
2023-09-18,2106907.4929702776,-2.6075243416939708e-05,-60.591333812905496,21.478468687495933,0.0
2023-09-19,2106872.1370672784,-2.357060199944616e-05,-11.490937790854268,-23.86496520831497,0.0
2023-09-20,2106863.3547144653,-5.8549018752189e-06,-68.44476583355211,59.66241302072376,0.0
2023-09-21,2107072.4259285787,0.00013938080940868576,108.15650408943226,100.9147100235964,0.0
2023-09-22,2107038.171344221,-2.283638957156687e-05,28.13525325842007,-62.389837615770375,0.0
2023-09-23,2107045.0749722756,4.602418702757063e-06,76.45295523273455,-69.54932717859896,0.0
2023-09-24,2107085.343899068,2.684595119506594e-05,56.292546289509296,-16.023619496910385,0.0
2023-09-25,2107296.492023043,0.0001407654159833171,108.1878455050338,102.96027846994184,0.0
2023-09-26,2107243.3657264085,-3.541753108976958e-05,4.490547939601175,-57.61684457425554,0.0
2023-09-27,2107335.9308164646,6.17100600374403e-05,137.56759587749775,-45.00250582133731,0.0
2023-09-28,2107299.573638258,-2.4238118804299905e-05,-50.67615733148777,14.318979125037913,0.0
2023-09-29,2107117.9731771527,-0.00012106697407021129,-55.1161455012836,-126.48431560403333,0.0
2023-09-30,2107372.10918318,0.00016942400401838228,36.9648226321693,217.1711833954041,0.0
2023-10-01,2107195.2622097693,-0.00011789798227396659,-23.77026800355929,-153.0767054073906,0.0
2023-10-02,2107230.4464898487,2.345618671950163e-05,48.480474980993264,-13.296194901740819,0.0
2023-10-03,2107500.508075198,0.0001800410568997008,78.11907946010632,191.94250588944487,0.0
2023-10-04,2107507.6539576394,4.763921627523814e-06,87.60490800055913,-80.45902555927341,0.0
2023-10-05,2107560.1356048333,3.498776479595472e-05,-98.2085616926397,150.69020888657178,0.0
2023-10-06,2107302.654515193,-0.0001716540597601181,-26.33185519420968,-231.14923444596752,0.0
2023-10-07,2107462.2011534036,0.00010636442547367266,67.15513004701397,92.39150816349502,0.0
2023-10-08,2107485.13207558,1.5287281450875804e-05,61.45579458401661,-38.5248724077029,0.0
2023-10-09,2107705.7616040423,0.0001470863523083065,145.96628016787298,74.66324829458677,0.0
2023-10-10,2107684.8815713134,-1.3920021819466172e-05,120.26419007422007,-141.14422280341932,0.0
2023-10-11,2107778.0064829616,6.208327443237581e-05,191.99405322569098,-98.86914157712727,0.0
2023-10-12,2108035.867344248,0.00017190724085774657,182.85668491768294,75.0041763689369,0.0
2023-10-13,2108253.7504863776,0.00014525542808635,60.71529982919504,157.16784230033,0.0
2023-10-14,2108183.9034500313,-4.656469089760109e-05,43.68201243023759,-113.52904877663923,0.0
2023-10-15,2108358.5847180113,0.00011645417865310307,45.810455854928286,128.87081212472634,0.0
2023-10-16,2108393.4836783167,2.3265973537208187e-05,94.22044525206518,-59.321484946252895,0.0
2023-10-17,2108391.952710729,-1.0206450586224396e-06,-5.9630325552218295,4.43206496728817,0.0
2023-10-18,2108344.6545554907,-3.153210349215589e-05,-28.206183071557394,-19.09197216667644,0.0
2023-10-19,2108184.652735753,-0.00010666787982513987,-122.15880347883008,-37.84301625887974,0.0
2023-10-20,2108272.491163461,5.855895180526802e-05,-45.46444938411345,133.30287709201548,0.0
2023-10-21,2108337.09370883,4.306836357933931e-05,87.10379827967694,-22.501252910667972,0.0
2023-10-22,2108365.038185079,1.8629650832798337e-05,84.19760852592928,-56.253132276731776,0.0
2023-10-23,2108440.1433181604,5.007008872084564e-05,188.9751099322576,-113.86997685098913,0.0
2023-10-24,2108264.6403640183,-0.00011700196942784487,338.2756539852787,-513.778608127046,0.0
2023-10-25,2108943.6020334754,0.00045264111297118204,346.89772498695953,332.0639444698136,0.0
2023-10-26,2109382.251685558,0.00029243310138852706,352.7357773330561,85.91387474973453,0.0
2023-10-27,2109370.53057836,-7.814071465264116e-06,349.32172359597297,-361.04283079386914,0.0
2023-10-28,2109756.3916092585,0.00025724068726557415,346.6543023418349,39.206728556526286,0.0
2023-10-29,2109951.6073655905,0.00013014383755459135,348.63338981375097,-153.41763348186396,0.0
2023-10-30,2110406.0160769843,0.0003029391409292992,353.1530732961267,101.25563809782216,0.0
2023-10-31,2110542.5625437764,9.103097786118126e-05,352.69486596412764,-216.14839917235577,0.0
2023-11-01,2110809.694009051,0.00017808764351656675,354.4090523222317,-87.27758704738153,0.0
2023-11-02,2111020.4301750422,0.00014049077732744016,362.4491591009045,-151.71299310974427,0.0
2023-11-03,2111976.1207759962,0.000637127067302676,357.3618303746459,598.3287705793682,0.0
2023-11-04,2112835.60556549,0.0005729898596625416,354.91123937582887,504.57355011798336,0.0
2023-11-05,2112378.7929702434,-0.0003045417301644814,358.6873587279292,-815.4999539746514,0.0
2023-11-06,2112533.4941979256,0.00010313415178797095,358.23528810126936,-203.53406041931294,0.0
2023-11-07,2112967.060953347,0.0002890445036143397,358.5625790526973,75.0041763688123,0.0
2023-11-08,2113466.9279913977,0.00033324469203400823,362.1320959917087,137.73494205930365,0.0
2023-11-09,2114136.861858477,0.0004466225780527937,486.1736349751293,183.7602321040613,0.0
2023-11-10,2113970.267480108,-0.00011106291891262041,396.61880054684866,-563.2131789157793,0.0
2023-11-11,2114148.593839132,0.00011888423934956578,525.0502106935501,-346.7238516692014,0.0
2023-11-12,2114869.25679757,0.00048044197229175114,837.9422160324837,-117.27925759485697,0.0
2023-11-13,2116039.318448003,0.0007800411002885256,807.3141792668,362.7474711659884,0.0
2023-11-14,2116577.867680949,0.00035903282196404887,599.9162863386712,-61.36705339259788,0.0
2023-11-15,2117465.566996024,0.0005917995433835589,363.6928647163308,524.0064503590074,0.0
2023-11-16,2117284.818219615,-0.0001204991842727929,480.6516879348964,-661.4004643440858,0.0
2023-11-17,2118159.735118397,0.000583277932521354,370.0024205893284,504.9144781927025,0.0
2023-11-18,2118687.7157673193,0.00035198709928166433,374.5630154406325,153.41763348186396,0.0
2023-11-19,2118898.2139655147,0.00014033213213001828,374.1436739091154,-163.64547571408798,0.0
2023-11-20,2119172.754479702,0.00018302700945840188,382.273785699431,-107.7332715118282,0.0
2023-11-21,2119628.8746500304,0.0003040801135519294,383.1615624051794,72.95860792271469,0.0
2023-11-22,2120623.74027323,0.0006632437487996279,365.5123978494257,629.3532253500161,0.0
2023-11-23,2120672.290135665,3.236657495694662e-05,382.6593753515821,-334.1095129161622,0.0
2023-11-24,2121224.8772683577,0.0003683914217950045,381.44123934173615,171.14589335077062,0.0
2023-11-25,2121862.8181309737,0.00042529390841084143,385.65408755714816,252.286775059114,0.0
2023-11-26,2122477.511790053,0.0004097957727192623,386.2718492279684,228.421809850925,0.0
2023-11-27,2122708.7077316446,0.00015413062772803618,382.90893470204594,-151.71299310999166,0.0
2023-11-28,2123047.9420753755,0.00022615622915364195,380.8275688078087,-41.59322507734578,0.0
2023-11-29,2123386.265459291,0.00022554892261050379,386.7351704810836,-48.41178656532793,0.0
2023-11-30,2124133.6193460417,0.0004982359245005003,386.9929121053332,360.3609746454173,0.0
2023-12-01,2124165.498507495,2.1252774302099813e-05,385.7625026848087,-353.88334123165896,0.0
2023-12-02,2125030.9225005126,0.0005769493286785499,335.6217653937549,529.8022276240699,0.0
2023-12-03,2125183.335418959,0.00010160861229771593,403.33598120804453,-250.92306276147065,0.0
2023-12-04,2124815.267424264,-0.0002453786631301252,408.9070868718827,-776.9750815670704,0.0
2023-12-05,2125433.640379122,0.0004122486365718257,429.4988016378184,188.87415321992012,0.0
2023-12-06,2125684.035344296,0.0001669299767828553,450.8606729238333,-200.46570774955035,0.0
2023-12-07,2125977.3197430866,0.00019552293252695166,447.7248164954639,-154.44041770503645,0.0
2023-12-08,2126411.537630219,0.00028947859142151476,790.146796810277,-355.92890967800486,0.0
2023-12-09,2126761.6557645244,0.00023341208953680409,887.0798514917309,-536.9617171865248,0.0
2023-12-10,2128344.5967553295,0.0010552939938700677,969.6113849521167,613.329605852985,0.0
2023-12-11,2128863.6681944206,0.0003460476260610429,518.7305110170907,0.3409280744735952,0.0
2023-12-12,2129384.992563619,0.00034754957946530316,422.11429954622474,99.21006965173001,0.0
2023-12-13,2129711.0577466115,0.00021737678866189127,490.733442930345,-164.66825993750808,0.0
2023-12-14,2130713.812445453,0.0006685031325608563,438.5187357023289,564.2359631389554,0.0
2023-12-15,2131015.182294456,0.00020091323266864397,440.1275752854421,-138.75772628247614,0.0
2023-12-16,2130842.0044697816,-0.00011545188311617851,429.24208279779225,-602.41990747206,0.0
2023-12-17,2131899.4344857708,0.0007049533439928925,432.5088556067327,624.9211603826061,0.0
2023-12-18,2132020.4843790946,8.069992888253023e-05,549.9374109240174,-428.88751760022205,0.0
2023-12-19,2132728.303564481,0.0004718794569242851,436.44043816076135,271.3787472256663,0.0
2023-12-20,2133084.972098047,0.00023777902237740212,636.570482651875,-279.9019490857718,0.0
2023-12-21,2133750.3529427648,0.0004435872298115661,1271.2100329336522,-605.829188216303,0.0
2023-12-22,2135107.1317734495,0.0009045192204566532,1173.7004547298657,183.0783759551141,0.0
2023-12-23,2135879.133027792,0.0005146675028951469,620.2882612327277,151.71299310999257,0.0
2023-12-24,2136874.6271105763,0.0006636627218561163,753.0942218828093,242.39986090136517,0.0
2023-12-25,2137933.389619125,0.0007058416723657159,849.0917427902236,209.67076575835017,0.0
2023-12-26,2138727.6074835174,0.0005294785762616921,1437.8900688674712,-643.6722044749331,0.0
2023-12-27,2140355.2407833943,0.0010850888665846295,1419.3262464159936,208.30705346095056,0.0
2023-12-28,2142013.54677916,0.001105537330510355,1497.0470165725137,161.2589791930186,0.0
2023-12-29,2143834.8532893183,0.0012142043401054332,2209.9645149786747,-388.6580048205251,0.0
2023-12-30,2145756.322099684,0.0012809792069103918,1642.5896455029883,278.8791648625993,0.0
2023-12-31,2146937.56531351,0.0007874954758843205,1380.6861373531028,-199.44292352662205,0.0
2024-01-01,2148476.9264899846,0.0010262407843164853,1416.967997763512,122.39317871121602,0.0
2024-01-02,2150117.424680168,0.001093665460122173,2333.6049654469402,-693.1067752636809,0.0
2024-01-03,2151470.1283677826,0.000901802458409762,740.3968659845831,612.3068216300599,0.0
2024-01-04,2152880.713161709,0.0009403898626172829,438.25792572540973,972.3268682005146,0.0
2024-01-05,2153726.6627657204,0.0005639664026745232,451.49582192644823,394.45378208533657,0.0
2024-01-06,2153923.159729756,0.0001309979760237576,451.51116368979643,-255.01419965416002,0.0
2024-01-07,2154778.4453081577,0.0005701903856010496,449.58116986059457,405.7044085409798,0.0
2024-01-08,2155240.916627583,0.00030831421295048067,449.17512452397926,13.296194901741728,0.0
2024-01-09,2154573.440143097,-0.0004449843229906702,480.42834203268137,-1147.9048265186866,0.0
2024-01-10,2155647.164816403,0.0007158164488703611,471.6456939079563,602.0789793975855,0.0
2024-01-11,2155950.5533005344,0.00020225898942103382,477.2618020776158,-173.87331794606507,0.0
2024-01-12,2156774.282235441,0.0005491526232711152,473.9367305679521,349.7922043387207,0.0
2024-01-13,2156955.5434647594,0.00012084081954553597,437.6391412703662,-256.3779119520623,0.0
2024-01-14,2157661.398222581,0.0004705698385477952,438.22621941449023,267.62853840720254,0.0
2024-01-15,2157947.1119725513,0.00019047583331346254,426.857972773484,-141.14422280329018,0.0
2024-01-16,2158335.9233950055,0.00025920761496950383,434.83671249876414,-46.02529004450844,0.0
2024-01-17,2159078.4613317773,0.0004950252911810719,441.157518998217,301.38041777339095,0.0
2024-01-18,2159101.8145639454,1.5568821445540343e-05,437.58084256964315,-414.22761040133264,0.0
2024-01-19,2159917.210875786,0.0005435975412269814,422.6471701265184,392.7491417139536,0.0
2024-01-20,2160091.7193427347,0.00011633897796571175,426.11338585898545,-251.60491891041784,0.0
2024-01-21,2160767.695845972,0.0004506510021580681,426.4171527732795,249.55935046382274,0.0
2024-01-22,2161062.3930507023,0.00019646480315377247,425.2726572275048,-130.57545249684608,0.0
2024-01-23,2161484.1255108053,0.0002811549734019258,404.68605638268497,17.04640372020367,0.0
2024-01-24,2162122.921421032,0.0004258639401511409,407.9876038552147,230.80830637149666,0.0
2024-01-25,2162478.29257238,0.0002369141008988327,409.91964325286295,-54.54849190461391,0.0
2024-01-26,2162944.8863940816,0.00031106254780089094,408.6360490527314,57.95777264860499,0.0
2024-01-27,2163651.25298804,0.00047091106263887447,388.6216286134114,317.74496534490027,0.0
2024-01-28,2164051.1537421728,0.0002666005027552598,354.89824831155374,45.002505821335944,0.0
2024-01-29,2164176.131772904,8.331868715429668e-05,417.49431857001133,-292.5162878385663,0.0
2024-01-30,2164719.1107859174,0.000361986008675365,363.65084587664546,179.32816713640204,0.0
2024-01-31,2165305.4429856194,0.00039088813313457356,324.158510485243,262.1736892166173,0.0
2024-02-01,2165628.2388003864,0.00021519720984473857,435.30207932032584,-112.50626455321799,0.0
2024-02-02,2165756.829369634,8.572704616503688e-05,440.5397573273967,-311.9491880798414,0.0
2024-02-03,2166380.8865685007,0.0004160381325778236,363.5881500219899,260.46904884474543,0.0
2024-02-04,2166803.0825670958,0.00028146399906356416,397.99010531268226,24.205893282663965,0.0
2024-02-05,2167029.8368977346,0.00015116955375918376,435.4023121742007,-208.64798153542506,0.0
2024-02-06,2167528.5745660937,0.00033249177890589705,388.9588284006724,109.7788399581732,0.0
2024-02-07,2167978.441227283,0.00029991110745950514,311.44986298100685,138.41679820825084,0.0
2024-02-08,2168384.7390168756,0.0002708651930617731,289.0185319978045,117.27925759485515,0.0
2024-02-09,2168608.192175472,0.0001489687723977992,354.3695391675219,-130.9163805708231,0.0
2024-02-10,2168963.8423969387,0.00023710014764444714,450.42822615122896,-94.77800468455825,0.0
2024-02-11,2169513.410952461,0.00036637903701462743,488.2015021290959,61.367053392845264,0.0
2024-02-12,2169261.4998801397,-0.00016794071488082126,494.03955447519246,-745.9506267964243,0.0
2024-02-13,2168990.9079949097,-0.00018039459015327484,510.8152613043227,-781.4071465342349,0.0
2024-02-14,2170544.2952452903,0.0010355915002539181,546.9675747399572,1006.4196756409201,0.0
2024-02-15,2170013.0246404503,-0.00035418040322693524,530.0384907796002,-1061.309095620003,0.0
2024-02-16,2170869.0786707313,0.0005707026868541743,530.8086472996793,325.2453829815822,0.0
2024-02-17,2171298.1336851697,0.0002860366762922229,640.7713486432768,-211.71633420494254,0.0
2024-02-18,2171754.762649737,0.00030441930971151647,874.6067837868246,-417.97781921954993,0.0
2024-02-19,2172704.2704387503,0.0006330051926754883,995.8740071322154,-46.36621811898294,0.0
2024-02-20,2173414.4604237834,0.00047345999002221847,735.4186625391642,-25.22867750583646,0.0
2024-02-21,2173987.8578902106,0.0003822649776179782,557.032918855709,16.3645475712583,0.0
2024-02-22,2174964.795429562,0.0006512916929010615,637.3731772450967,339.56436210649554,0.0
2024-02-23,2175543.3489562585,0.0003857023511309356,577.1898143987564,1.3637122976469982,0.0
2024-02-24,2176087.5236887154,0.0003627831549712016,519.2869830251913,24.887749431611155,0.0
2024-02-25,2176608.4980526967,0.0003473162426544344,730.3042016657746,-209.32983768412305,0.0
2024-02-26,2177868.2603642913,0.0008398415410630029,1333.402775665918,-73.64046407141359,0.0
2024-02-27,2180289.283472942,0.001614015405767114,2392.726078474824,28.297030175846885,0.0
2024-02-28,2182246.1551171015,0.001304581096106316,2022.6707625197312,-65.79911836025713,0.0
2024-02-29,2185923.827310019,0.0024517814619450518,4313.162123606883,-635.4899306893058,0.0
2024-03-01,2188785.8806225783,0.00190803554170621,3425.2664914750944,-563.2131789157793,0.0
2024-03-02,2192924.082117071,0.00275880099632838,3128.7134661816394,1009.4880283109305,0.0
2024-03-03,2195417.0466484823,0.0016619763542741453,2831.1651812203177,-338.20064980909956,0.0
2024-03-04,2198576.276435368,0.002106153191257325,3565.2751235011947,-406.0453366152069,0.0
2024-03-05,2204169.027223935,0.003728500525711213,5124.3156143353435,468.4351742314757,0.0
2024-03-06,2207697.1090347404,0.002352054540536811,2597.3481676820643,930.7336431231524,0.0
2024-03-07,2209487.9556396077,0.0011938977365783256,2829.654447577195,-1038.8078427097062,0.0
2024-03-08,2212951.097302041,0.002308761108288971,3219.719017308919,243.42264512453767,0.0
2024-03-09,2214423.817711837,0.0009818136065305263,1785.6923820985487,-312.97197230275924,0.0
2024-03-10,2218204.562840145,0.00252049675220556,3471.182436749319,309.562691559021,0.0
2024-03-11,2222480.456008083,0.00285059544529184,4241.8003604973455,34.09280744041462,0.0
2024-03-12,2224849.208177068,0.0015791681126565,3387.445255303989,-1018.6930863192392,0.0
2024-03-13,2229171.5833042506,0.002881583418121816,3487.1013448930685,835.2737822896561,0.0
2024-03-14,2231566.750018215,0.0015967778093096403,2528.1286629823708,-132.96194901791023,0.0
2024-03-15,2232836.239234456,0.0008463261441604876,1660.1927895075978,-390.70357326686644,0.0
2024-03-16,2234607.9935758337,0.0011811695609185995,1280.817914236134,490.9364271417653,0.0
2024-03-17,2235913.5203059586,0.0008703511534166881,1240.7503959879584,64.77633413707372,0.0
2024-03-18,2237594.325750819,0.0011205369632401692,1819.5631711424842,-138.75772628223058,0.0
2024-03-19,2239590.8707720754,0.0013310300141710862,1845.5138842958302,151.0311369607989,0.0
2024-03-20,2240979.274551434,0.0009256025195722113,934.6285123262545,453.7752670320624,0.0
2024-03-21,2242145.4779350767,0.0007774689224285268,1138.9291376906215,27.274245952168712,0.0
2024-03-22,2242907.3903825656,0.0005079416316591275,854.9858118008842,-93.07336431219301,0.0
2024-03-23,2243890.022427963,0.0006550880302652398,670.3419292437875,312.29011615407217,0.0
2024-03-24,2244750.285338193,0.0005735086068200269,891.62829307541,-31.365382845369822,0.0
2024-03-25,2245671.656584729,0.0006142474976904464,1620.9556552126198,-699.5844086769503,0.0
2024-03-26,2247621.739343314,0.001300055172390012,1598.926841949154,351.15591663586383,0.0
2024-03-27,2249523.8574284576,0.001268078723429236,2434.306809288245,-532.188724144391,0.0
2024-03-28,2251285.6512837065,0.0011745292368323089,1979.98782286741,-218.19396761894677,0.0
2024-03-29,2253220.1750886003,0.0012896825365958638,1784.1745240814546,150.34928081234102,0.0
2024-03-30,2255450.6136256093,0.0014869590246727419,2055.5424348401225,174.89610216899018,0.0
2024-03-31,2257892.197414479,0.0016277225259134936,2672.0511671672625,-230.46737829702215,0.0
2024-04-01,2260292.3951265113,0.00160013180802117,3190.128060426092,-789.9303483943368,0.0
2024-04-02,2262299.276896064,0.001337921179701997,888.2967574330844,1118.585012119911,0.0
2024-04-03,2263370.8383807377,0.0007143743231156888,669.948213025498,401.61327164803515,0.0
2024-04-04,2265064.280629227,0.0011289614989926633,674.7491621692573,1018.6930863197376,0.0
2024-04-05,2265987.4095307225,0.0006154192676637376,700.5028689097462,222.62603258586023,0.0
2024-04-06,2266573.046912804,0.0003904249213877093,693.7115816676156,-108.07419958605169,0.0
2024-04-07,2267266.509957905,0.00046230869673421067,704.7136715567118,-11.250626455395832,0.0
2024-04-08,2268680.017545362,0.0009423383916378882,1305.0924597960568,108.4151276607754,0.0
2024-04-09,2268251.8799794177,-0.00028542504396291345,1480.3777945703796,-1908.5153605147498,0.0
2024-04-10,2269577.7969331574,0.000883944635826441,811.1155613892137,514.8013923504477,0.0
2024-04-11,2270620.148931507,0.000694901332233184,1298.7299103018238,-256.3779119520477,0.0
2024-04-12,2271838.581573052,0.0008122884276964638,1172.7482795746582,45.68436197003757,0.0
2024-04-13,2273530.979899777,0.0011282655511503363,686.6605072327892,1005.7378194927151,0.0
2024-04-14,2274345.181258716,0.0005428009059592993,653.9651639693575,160.23619496959145,0.0
2024-04-15,2276916.0299882824,0.0017138991530440226,486.7554107330977,2084.0933188329363,0.0
2024-04-16,2276686.889728699,-0.0001527601730554677,410.44080799953633,-639.5810675827379,0.0
2024-04-17,2277089.8792747194,0.000268659697346896,358.3279682732334,44.66157774711064,0.0
2024-04-18,2277098.444882066,5.710404897483405e-06,200.1671851614465,-191.6015778152214,0.0
2024-04-19,2277377.135324488,0.0001857936282815562,203.34533797904655,75.34510444328771,0.0
2024-04-20,2277857.56267142,0.00032028489795463784,292.23504986073095,188.19229707122577,0.0
2024-04-21,2278500.108920291,0.00042836416591387675,207.1810978565852,435.3651510142299,0.0
2024-04-22,2278163.8102096124,-0.00022419914045214537,172.70690440717723,-509.00561508539533,0.0
2024-04-23,2278672.4947542865,0.00033912302978253206,66.50083217133681,442.1837125024613,0.0
2024-04-24,2278519.6249528085,-0.00010191320098527986,311.47423586086046,-464.34403733878025,0.0
2024-04-25,2279189.109929813,0.00044632331800291376,267.871705356321,401.6132716480497,0.0
2024-04-26,2278680.442969766,-0.0003391113066978253,174.8938291336677,-683.5607891804057,0.0
2024-04-27,2279182.0687210183,0.0003344171675014652,441.2814820825251,60.34426916967277,0.0
2024-04-28,2279893.3331469805,0.0004741762839748772,36.908694790959956,674.3557311713557,0.0
2024-04-29,2279842.3590164664,-3.398275367606955e-05,319.27375828881384,-370.24788880291817,0.0
2024-04-30,2280245.561798985,0.0002688018550123215,628.8971677741147,-225.69438525563237,0.0
2024-05-01,2280746.9530642717,0.00033426084352439184,596.5101980451185,-95.11893275853072,0.0
2024-05-02,2282242.0391438375,0.0009967240530438356,252.06232028828882,1243.0237592774647,0.0
2024-05-03,2281160.2757113054,-0.0007211756216880853,55.91355175458633,-1137.6769842867143,0.0
2024-05-04,2281662.5467406353,0.00033484735288677084,351.9217485178152,150.34928081234102,0.0
2024-05-05,2281891.9881906025,0.00015296096664452565,249.2152782825408,-19.773828315752326,0.0
2024-05-06,2281927.8536413945,2.391030052815732e-05,159.62234180085025,-123.75689100861428,0.0
2024-05-07,2282231.5449504904,0.0002024608727305196,358.9216571490913,-55.2303480533119,0.0
2024-05-08,2282432.1722090533,0.00013375150570876175,419.1621542563165,-218.5348956931739,0.0
2024-05-09,2283420.0919363108,0.000658613151504973,338.110817443244,649.8089098142154,0.0
2024-05-10,2283354.7529515265,-4.355932318952462e-05,314.11396202743106,-379.452946811718,0.0
2024-05-11,2283653.3805053337,0.0001990850358712731,367.1540967622061,-68.52654295529646,0.0
2024-05-12,2283796.0688571166,9.512556785554902e-05,319.97095047337865,-177.28259869005512,0.0
2024-05-13,2284767.170577781,0.0006474011471093746,578.6935070248229,392.40821363923897,0.0
2024-05-14,2285273.4910936733,0.000337547010594833,520.2985669429321,-13.978051050682552,0.0
2024-05-15,2285494.367276779,0.0001472507887370694,251.5597098020231,-30.683526696418994,0.0
2024-05-16,2285878.3536354285,0.0002559909057664031,243.5239919950088,140.46236665459583,0.0
2024-05-17,2285529.510643989,-0.00023256199429283155,114.81918975033837,-463.6621811895857,0.0
2024-05-18,2286611.841037386,0.000721553595597893,179.21192430033037,903.1184690965092,0.0
2024-05-19,2286448.687161954,-0.00010876925028773405,303.9175865019757,-467.07146193357676,0.0
2024-05-20,2286835.5228166217,0.000257890436444821,240.23658267335338,146.59907199387817,0.0
2024-05-21,2285721.6914261803,-0.0007425542602942748,743.5447589127122,-1857.3761493541242,0.0
2024-05-22,2286560.770832863,0.0005593862711220061,855.443954254271,-16.364547571261937,0.0
2024-05-23,2286170.2636341667,-0.00026033813246421905,707.9630570338576,-1098.4702557301862,0.0
2024-05-24,2287627.389201386,0.0009714170448129735,695.4922490002283,761.633318219232,0.0
2024-05-25,2288200.3256489835,0.0003819576317316735,701.4663316480123,-128.529884050502,0.0
2024-05-26,2289252.577990307,0.0007015015608821959,708.9377703985791,343.31457092471464,0.0
2024-05-27,2290199.2438842035,0.0006311105959310572,700.8567522509776,245.80914164560818,0.0
2024-05-28,2290625.351133357,0.0002840714994355111,710.4412632067014,-284.33401405343466,0.0
2024-05-29,2290807.8439800725,0.00012166189781037876,759.6840766815425,-577.1912299659743,0.0
2024-05-30,2291759.5801562914,0.000634490784145951,692.2899115973504,259.4462646215761,0.0
2024-05-31,2292072.4834841583,0.00020860221857789627,859.7519592113654,-546.848631344521,0.0
2024-06-01,2293196.943189869,0.0007496398038074431,696.935900408091,427.52380530307346,0.0
2024-06-02,2294078.915936079,0.000587981830806462,693.439521064241,188.53322514545198,0.0
2024-06-03,2294597.9974746536,0.00034605435904957766,789.0965735023882,-270.0150349280217,0.0
2024-06-04,2295310.8073051097,0.00047520655363754015,751.3347028641367,-38.52487240782648,0.0
2024-06-05,2296238.092644862,0.00061819022650137,953.1958734065876,-25.910533654532628,0.0
2024-06-06,2297594.3254327327,0.0009041551919139911,781.0871263513537,575.145661519633,0.0
2024-06-07,2298130.488621365,0.0003574421257547435,728.446622596031,-192.28343396391574,0.0
2024-06-08,2299165.311014885,0.000689881595679942,709.5770105380869,325.24538298182597,0.0
2024-06-09,2299372.049117347,0.00013782540164156338,709.2660841342304,-502.5279816718853,0.0
2024-06-10,2300670.648584817,0.0008657329783132876,712.5441075696262,586.0553599003051,0.0
2024-06-11,2301387.1989381895,0.00047770023558149773,711.4364322558871,5.113921116359506,0.0
2024-06-12,2302499.5170104457,0.0007415453815040391,688.5444757719465,423.7735964841122,0.0
2024-06-13,2303199.479508357,0.00046664166527461096,698.2578575397949,1.7046403721215029,0.0
2024-06-14,2303627.891090366,0.00028560772133900096,683.0848535884386,-254.67327157993714,0.0
2024-06-15,2304919.732681546,0.0008612277274533753,675.4436326568184,616.3979585232446,0.0
2024-06-16,2305946.7481630896,0.0006846769876957863,677.2232772052081,349.7922043384715,0.0
2024-06-17,2306928.8272788585,0.0006547194105125783,681.7214822188963,300.35763354997107,0.0
2024-06-18,2307871.1205027765,0.0006281954826119943,639.8900219216754,302.40320199631606,0.0
2024-06-19,2308018.6306677517,9.834010998345226e-05,379.6821836443166,-232.1720186691382,0.0
2024-06-20,2308913.115725761,0.0005963233720060735,371.16046379855237,523.3245942105577,0.0
2024-06-21,2308525.36523329,-0.0002585003283138744,457.0692759028628,-844.8197683736744,0.0
2024-06-22,2309171.5400266363,0.0004307831955643259,527.8727515282102,118.30204181827867,0.0
2024-06-23,2309627.0163946273,0.0003036509119940628,371.94898976192997,83.52737822916424,0.0
2024-06-24,2309977.3720125426,0.00023357041194332494,582.1867085099058,-231.83109059491835,0.0
2024-06-25,2310571.83601497,0.0003963093349516559,434.56873553186483,159.895266895619,0.0
2024-06-26,2311487.0018594316,0.0006101105629744767,631.8546146319512,283.31122982976376,0.0
2024-06-27,2311317.4934436223,-0.00011300561053958533,622.4675010313074,-791.9759168406854,0.0
2024-06-28,2312612.4961199076,0.0008633351175234973,630.8747873461136,664.1278889391324,0.0
2024-06-29,2312333.2398885945,-0.0001861708208754162,618.0664605188244,-897.3226918319488,0.0
2024-06-30,2313166.2891151994,0.000555366151069929,623.7193889205195,209.32983768437407,0.0
2024-07-01,2313867.231440397,0.0004672948834651748,641.9617683257364,58.98055687202577,0.0
2024-07-02,2314864.620272275,0.0006649258879187459,643.1645625722341,354.2242693058847,0.0
2024-07-03,2315352.0468448913,0.000324951048410563,635.3893569073733,-147.9627842915288,0.0
2024-07-04,2315579.5276932567,0.0001516538989102966,615.7979251117392,-388.31707674629433,0.0
2024-07-05,2316123.7964795185,0.00036284585750787795,423.2393198484916,121.02946641332528,0.0
2024-07-06,2317116.05789154,0.0006615076080146292,318.2466089248152,674.0148030971286,0.0
2024-07-07,2317342.2962016277,0.00015082554005843037,558.9841107061644,-332.74580061851884,0.0
2024-07-08,2318271.903601472,0.0006197382665625802,497.3106014994017,432.2967983444687,0.0
2024-07-09,2318722.792909081,0.0003005928717394825,403.1593771925938,47.72993041662994,0.0
2024-07-10,2319166.9372310946,0.0002960962146756393,488.80589976032763,-44.661577746868716,0.0
2024-07-11,2319482.708222888,0.0002105139945291744,590.2180916891964,-274.4470998954348,0.0
2024-07-12,2319927.408094938,0.00029646658136654746,262.6442803178814,182.05559173193978,0.0
2024-07-13,2320250.4026980465,0.00021532973540559083,496.86792105469505,-173.87331794630882,0.0
2024-07-14,2321045.5036322232,0.0005300672894514358,419.3981961836512,375.7027379935025,0.0
2024-07-15,2321257.647813434,0.00014142945414012158,150.7771278173444,61.36705339283799,0.0
2024-07-16,2321794.070455626,0.00035761509479494613,142.65071625579154,393.77192593662767,0.0
2024-07-17,2321482.6122005642,-0.0002076388367079336,11.059703324389654,-322.51795838629005,0.0
2024-07-18,2321538.0018300777,3.692641967552779e-05,117.09761098061145,-61.70798146731977,0.0
2024-07-19,2321686.5852398355,9.905560650543487e-05,294.1596975286124,-145.5762877704601,0.0
2024-07-20,2321840.5418952974,0.0001026377703077178,11.107792286161391,142.84886317541532,0.0
2024-07-21,2322201.9503991343,0.00024093900255797796,-56.56931538233381,417.9778192193007,0.0
2024-07-22,2322036.534962593,-0.00011027695769399801,414.84414609449846,-580.2595826354955,0.0
2024-07-23,2322536.712780858,0.00033345187884318775,314.3720177146227,185.8058005501589,0.0
2024-07-24,2322764.278520314,0.000151710492970499,674.1815169253742,-446.61577746962575,0.0
2024-07-25,2323623.9358194135,0.0005731048660665836,668.3966493588848,191.26064974099063,0.0
2024-07-26,2324203.2209682455,0.0003861900992212555,523.3729446298715,55.91220420201171,0.0
2024-07-27,2324701.767535611,0.0003323643782438602,547.9811381542835,-49.43457078849315,0.0
2024-07-28,2325075.902572347,0.0002494233578235185,466.52654489852273,-92.39150816324496,0.0
2024-07-29,2326028.824002744,0.0006352809535984729,557.7857921634273,395.13563823428194,0.0
2024-07-30,2326369.0096090673,0.00022679040421529355,333.3670448354511,6.818561487489205,0.0
2024-07-31,2326485.8330025636,7.788226233074064e-05,317.2891012454103,-200.46570774929933,0.0
2024-08-01,2327022.2109057875,0.00035758526881614854,621.2689937507885,-84.89109052656568,0.0
2024-08-02,2327649.815170116,0.0004184028428855175,668.1747051824477,-40.570440854171466,0.0
2024-08-03,2327799.741948823,9.995118580472274e-05,503.8101199384966,-353.8833412314125,0.0
2024-08-04,2328284.8578076037,0.0003234105725204834,524.3225873372495,-39.20672855652447,0.0
2024-08-05,2328791.788951042,0.0003379540956258267,404.31179304302174,102.61935039571836,0.0
2024-08-06,2328847.408714302,3.7079842173034396e-05,95.849276039234,-40.22951277968241,0.0
2024-08-07,2329288.7570942454,0.0002942322532958598,-82.99899848968863,524.3473784334783,0.0
2024-08-08,2329423.2726262473,8.967702133422119e-05,129.06068281074744,5.454849190584355,0.0
2024-08-09,2329517.1633435255,6.259381151897083e-05,252.76319995090637,-158.87248267245013,0.0
2024-08-10,2329475.2024200195,-2.7973949003925897e-05,-150.71697924088954,108.7560557350007,0.0
2024-08-11,2329692.9602966513,0.0001451719177545047,70.47694848917726,147.2809281425798,0.0
2024-08-12,2329361.3981164163,-0.0002210414534900499,153.23754156765548,-484.79972180273035,0.0
2024-08-13,2329534.8193938397,0.00011561418494903313,55.80109175397266,117.62018566957704,0.0
2024-08-14,2329841.0624190993,0.000204162016839567,-164.91957356716452,471.162598826515,0.0
2024-08-15,2329624.3894431037,-0.0001444486506635298,-166.55654905784527,-50.11642693744943,0.0
2024-08-16,2329066.288348759,-0.0003720673962299398,-376.04550261321367,-182.05559173169604,0.0
2024-08-17,2328835.6237576506,-0.00015377639407215544,119.12761323073673,-349.7922043389699,0.0
2024-08-18,2328954.917538441,7.95291871934446e-05,-10.2588874835076,129.5526682736745,0.0
2024-08-19,2329178.7227722667,0.00014920348921705946,-245.31179655458087,469.11703038017004,0.0
2024-08-20,2329278.1553386706,6.628837760281021e-05,2.2680651990849445,97.16450120513036,0.0
2024-08-21,2328831.5433974266,-0.00029774129416280503,-139.77667428072698,-306.83526696348054,0.0
2024-08-22,2328829.753443213,-1.1933028090590863e-06,-169.86749489460212,168.0775406810135,0.0
2024-08-23,2328377.294593402,-0.00030163923320727037,-108.121494662771,-344.3373551481345,0.0
2024-08-24,2328187.9765518294,-0.00012621202771524078,106.94845508443083,-296.266496657292,0.0
2024-08-25,2328907.6646362566,0.0004797920562849587,-70.58319204137504,790.2712764688131,0.0
2024-08-26,2328760.418962668,-9.816378239240218e-05,211.75158875891952,-358.9972623475228,0.0
2024-08-27,2328901.3831421398,9.397611964765043e-05,263.3573581824443,-122.39317871096864,0.0
2024-08-28,2328982.648988033,5.4177230595698935e-05,-65.33322610008966,146.59907199363806,0.0
2024-08-29,2328746.856446176,-0.00015719502790489693,-41.463539447082844,-194.32900241026255,0.0
2024-08-30,2329265.5528310766,0.00034579758993388593,150.49406454450303,368.2023203563258,0.0
2024-08-31,2329102.4711261634,-0.00010872113660875623,113.41096342864547,-276.4926683417798,0.0
2024-09-01,2329262.238077312,0.00010651130076565748,6.008389592147756,153.75856155633846,0.0
2024-09-02,2329247.409199988,-9.8859182159091e-06,-68.35458500530143,53.52570768143778,0.0
2024-09-03,2329100.3960317094,-9.800877885229321e-05,321.7629340270083,-468.77610230544815,0.0
2024-09-04,2329674.785387935,0.00038292623748350656,35.04114251816294,539.3482137070969,0.0
2024-09-05,2329613.4357521483,-4.0899757191012326e-05,267.3050279390557,-328.6546637255742,0.0
2024-09-06,2329963.95485261,0.00023367940030761785,70.95807944987845,279.5610210115483,0.0
2024-09-07,2329713.392277682,-0.0001670417166182873,-283.63259814466943,33.070023217238486,0.0
2024-09-08,2329257.5858924063,-0.0003038709235174447,-138.40234800574123,-317.40403727042576,0.0
2024-09-09,2329060.099318904,-0.0001316577156682718,-347.15399816580697,149.6674246633993,0.0
2024-09-10,2328917.2880095015,-9.520753960152735e-05,-195.99608900950167,53.18477960721066,0.0
2024-09-11,2328420.39141285,-0.0003312643977676625,-322.34142255648334,-174.55517409501044,0.0
2024-09-12,2328505.233545014,5.656142144279879e-05,-106.41851757654689,191.26064974074507,0.0
2024-09-13,2328534.067095371,1.9222366904469368e-05,-66.96723855078295,95.800788907487,0.0
2024-09-14,2328644.747524122,7.378695250079893e-05,-113.6502442067797,224.3306729579781,0.0
2024-09-15,2328210.992636679,-0.0002891699249618567,-1.7990171725471087,-431.95587027023794,0.0
2024-09-16,2328548.590240637,0.0002250650693051,256.45672224930706,81.14088170834293,0.0
2024-09-17,2328707.6108323513,0.00010601372780979853,312.77915327103443,-153.75856155633664,0.0
2024-09-18,2329069.7975688856,0.0002414578243561302,157.6298918917076,204.5568446424877,0.0
2024-09-19,2329008.177517849,-4.1080034024569105e-05,221.6911787929101,-283.31122982976376,0.0
2024-09-20,2329167.2739986186,0.0001060643205132576,281.1487314066352,-122.0522506367488,0.0
2024-09-21,2329801.3855221923,0.00042274101571568176,492.6263726957525,141.48515087777014,0.0
2024-09-22,2330362.7389267343,0.00037423560302795493,454.9838453277512,106.36955921418121,0.0
2024-09-23,2330372.5787992952,6.559915040710621e-06,286.3325409028457,-276.4926683417798,0.0
2024-09-24,2331082.340823896,0.0004731746830675204,108.7058294268658,601.0561951744148,0.0
2024-09-25,2330536.4126438047,-0.00036395212006121587,81.03854873737288,-626.9667288291967,0.0
2024-09-26,2331405.9718908994,0.0005797061647296062,385.1004533661534,484.45879372825584,0.0
2024-09-27,2331868.081991132,0.0003080734001552413,421.88058745316505,40.22951277969696,0.0
2024-09-28,2331715.807886835,-0.00010151606953119586,340.0260351428659,-492.3001394396597,0.0
2024-09-29,2332471.313672794,0.00050367052397249,249.22759546838404,506.2781904903509,0.0
2024-09-30,2332890.307897881,0.00027932948339156927,469.79250817375055,-50.79828308639662,0.0
2024-10-01,2333019.270760586,8.597524180325747e-05,647.5144638735567,-518.5516011686705,0.0
2024-10-02,2333828.6218361803,0.0005395673837293842,481.37826801719643,327.97280757687986,0.0
2024-10-03,2334043.470602498,0.0001432325108784139,271.10189859435354,-56.253132276732686,0.0
2024-10-04,2334206.917534963,0.00010896462164377124,195.83509953395134,-32.38816706829448,0.0
2024-10-05,2334421.6698909127,0.000143168237299449,7.468086711646444,207.28426923752704,0.0
2024-10-06,2334701.116947851,0.00018629803795907734,170.0091450546678,109.43791188394823,0.0
2024-10-07,2334682.042629486,-1.271621224357122e-05,124.11547288428561,-143.18979124964244,0.0
2024-10-08,2335060.6664902233,0.000252415907158399,286.5732806485816,92.05058008901688,0.0
2024-10-09,2335388.9173412137,0.00021883390066023239,488.82797403491793,-160.57712304456936,0.0
2024-10-10,2335704.8141418085,0.00021059786706309467,281.46306507976016,34.433735514881846,0.0
2024-10-11,2335830.193817756,8.358645063189699e-05,9.805058724860817,115.57461722298467,0.0
2024-10-12,2335986.9897405975,0.000104530615227422,228.73174654043237,-71.93582369929936,0.0
2024-10-13,2336096.10388809,7.27427649949881e-05,135.0246811470184,-25.910533654536266,0.0
2024-10-14,2336643.958506574,0.00036523641232287903,544.786265814801,3.0683526695174805,0.0
2024-10-15,2336937.1385813737,0.00019545338319989074,675.701374281068,-382.52129948123184,0.0
2024-10-16,2337926.667077847,0.0006596856643152499,613.1439023309254,376.3845941419495,0.0
2024-10-17,2338545.028782078,0.00041224113615418454,691.320312153745,-72.95860792246822,0.0
2024-10-18,2338971.2042168463,0.00028411695651232486,689.3719082085254,-263.19647344003806,0.0
2024-10-19,2339667.800050024,0.00046439722211813207,699.6641858467119,-3.0683526695138426,0.0
2024-10-20,2340390.8106494774,0.0004820070663024895,699.1456342455434,23.864965208190824,0.0
2024-10-21,2340786.8347462737,0.00026401606453094634,705.9277164296649,-309.9036196332454,0.0
2024-10-22,2341373.592758936,0.00039117200844137847,689.0364349833116,-102.27842232124385,0.0
2024-10-23,2342428.149774042,0.0007030380100708301,689.4230474196859,365.13396768655934,0.0
2024-10-24,2343172.5386093296,0.0004962592235248657,681.6580695970573,62.73076569024124,0.0
2024-10-25,2343976.1790393083,0.0005357602866525539,697.270870764395,106.36955921443587,0.0
2024-10-26,2344863.675541318,0.0005916643346733773,507.3616990491516,380.1348029609144,0.0
2024-10-27,2345040.155307441,0.00011765317741534924,679.6896039438559,-503.20983782083204,0.0
2024-10-28,2345974.9872100246,0.0006232212683889151,657.6573780926439,277.1745244907288,0.0
2024-10-29,2346462.5815192536,0.00032506287281921066,715.3342629305496,-227.7399537017336,0.0
2024-10-30,2346340.59234031,-8.132611929547739e-05,743.9681300436048,-865.9573089868209,0.0
2024-10-31,2347041.018841331,0.00046695100068063964,739.9741576519602,-39.54765663100079,0.0
2024-11-01,2346886.120557222,-0.00010326552273931983,719.2412986632211,-874.1395827722008,0.0
2024-11-02,2348636.398243139,0.0011668517906111855,710.7879870583704,1039.4896988584078,0.0
2024-11-03,2349602.9286522185,0.000644353606052919,709.4706409788728,257.0597681005056,0.0
2024-11-04,2350488.617173511,0.0005904590141952406,703.2920014864466,182.3965198064143,0.0
2024-11-05,2351254.6934663956,0.0005107175285895565,693.7995411108119,72.27675177352285,0.0
2024-11-06,2352076.5322960573,0.0005478925531078052,709.3325651087391,112.50626455296879,0.0
2024-11-07,2351935.1824936257,-9.423320162095972e-05,773.0192931197306,-914.3690955511702,0.0
2024-11-08,2352929.254436268,0.0006627146284280408,775.8779750236092,218.193967618452,0.0
2024-11-09,2354703.262079875,0.0011826717624048735,782.2478751657762,991.7597684415341,0.0
2024-11-10,2355143.052228963,0.00029319343272520487,1299.6107527350957,-859.8206036472884,0.0
2024-11-11,2355261.884172628,7.92212957766936e-05,1559.2530580225489,-1440.4211143575085,0.0
2024-11-12,2357841.9821199,0.0017200652981813752,3981.653261147496,-1401.555313875433,0.0
2024-11-13,2361269.999317676,0.002285344798517189,1348.3559439105134,2079.66125386527,0.0
2024-11-14,2361577.9933991646,0.00020532938765915917,924.732968085723,-616.7388865969842,0.0
2024-11-15,2361855.798913403,0.0001852036761589474,922.8414310114996,-645.0359167730785,0.0
2024-11-16,2363381.622521513,0.0010172157387401122,1031.8188282983942,494.0047798117739,0.0
2024-11-17,2364071.7138474165,0.00046006088393564976,1123.0699803966359,-432.97865449316123,0.0
2024-11-18,2366530.6041265344,0.001639260186078477,2077.0508357851745,381.8394433325411,0.0
2024-11-19,2368707.3265392827,0.0014511482751657062,2153.1983756140967,23.52403713446256,0.0
2024-11-20,2370273.235436483,0.0010439392647998806,944.3970175612051,621.5118796386159,0.0
2024-11-21,2372044.234048905,0.0011806657416149073,964.362788382535,806.6358240398258,0.0
2024-11-22,2371405.6771292584,-0.00042570461309790177,1006.0801112789237,-1644.6370309257763,0.0
2024-11-23,2373105.423478771,0.001133164233008601,1011.7534953650829,687.9928541478184,0.0
2024-11-24,2373942.5039158408,0.0005580536247129325,1645.0799734076102,-807.9995363382113,0.0
2024-11-25,2375574.5407272093,0.001088024540912268,1879.2096653109095,-247.17285394250757,0.0
2024-11-26,2377997.88644805,0.0016155638138939943,2203.106184776198,220.23953606479336,0.0
2024-11-27,2379737.3856928945,0.0011596661632297448,1819.6173423292892,-80.11809748467203,0.0
2024-11-28,2381406.3410081337,0.0011126368768260932,1183.1328092132405,485.8225060258992,0.0
2024-11-29,2382893.7972049452,0.000991637464540811,1771.1083547152057,-283.65215790398906,0.0
2024-11-30,2383958.817352567,0.000710013431747719,1262.417502701855,-197.3973550802766,0.0
2024-12-01,2385079.408742224,0.0007470609264380652,1495.9531995758857,-375.3618099187879,0.0
2024-12-02,2386760.445056177,0.0011206908759690039,2111.287543851873,-430.25122989836746,0.0
2024-12-03,2389401.151024191,0.0017604706453426776,1623.3765939921657,1017.3293740218505,0.0
2024-12-04,2391425.9611179125,0.0013498733958141908,2489.1541310595703,-464.344037338284,0.0
2024-12-05,2395731.9807737796,0.0028706797705782363,4949.35093226782,-643.3312764004659,0.0
2024-12-06,2397781.1471754545,0.0013661109344496397,1145.3660764292558,903.8003252452036,0.0
2024-12-07,2399575.4717082977,0.001196216355228815,1988.3126071792635,-193.98807433604088,0.0
2024-12-08,2401127.903169959,0.0010349543077742204,1741.6465429552327,-189.21508129390213,0.0
2024-12-09,2402492.3240033914,0.000909613888954999,2158.44231872002,-794.0214852875215,0.0
2024-12-10,2404097.5746366647,0.0010701670888490365,995.6712362392908,609.5793970342638,0.0
2024-12-11,2407244.3642874523,0.0020978597671917412,988.0330836603404,2158.7565671272714,0.0
2024-12-12,2408926.3189644744,0.0011213031180145154,1034.1913356539171,647.7633413678559,0.0
2024-12-13,2410367.9227583217,0.0009610691958982625,1022.6031904049205,419.0006034424732,0.0
2024-12-14,2412327.133552446,0.0013061405294163024,924.4940883071899,1034.7167058172636,0.0
2024-12-15,2412846.8224603506,0.0003464592719364815,974.486959160226,-454.79805125550376,0.0
2024-12-16,2412675.4249111125,-0.0001142650328255689,1039.2380429705745,-1210.6355922089278,0.0
2024-12-17,2414772.2834263705,0.0013979056768386384,1007.252389462595,1089.6061257953625,0.0
2024-12-18,2416634.4425447984,0.00124143941228551,1054.5005101647707,807.6586082634942,0.0
2024-12-19,2416420.488358713,-0.00014263612405694508,1024.6375082248899,-1238.5916943103075,0.0
2024-12-20,2417578.9718424524,0.0007723223224929592,996.5426483974676,161.94083534197125,0.0
2024-12-21,2418741.9436398596,0.0007753145316047065,706.8100338541578,456.1617635529019,0.0
2024-12-22,2419361.6714119627,0.0004131518480688258,982.4752432692275,-362.7474711659888,0.0
2024-12-23,2420389.787983931,0.0006854110479788417,940.157128771943,87.95944319631963,0.0
2024-12-24,2420936.919585577,0.0003647544010972538,970.2233419815423,-423.0917403356616,0.0
2024-12-25,2422498.30436723,0.0010409231877685592,1008.7403730434992,552.6444086093397,0.0
2024-12-26,2423829.1012027347,0.0008871978903367857,876.3397123248909,454.45712318028745,0.0
2024-12-27,2424491.022264249,0.00044128070767615547,979.3250987839095,-317.40403726967634,0.0
2024-12-28,2425204.664510283,0.00047576149735594164,733.0751462751903,-19.43290024127782,0.0
2024-12-29,2426140.680209441,0.0006240104661052597,909.7642374291297,26.25146172875975,0.0
2024-12-30,2426650.633408574,0.00033996879942210627,598.9354265521604,-88.98222741900099,0.0
2024-12-31,2427410.486741316,0.0005065688884947412,948.7274859622866,-188.87415322017478,0.0
2025-01-01,2428178.0740274265,0.0005117248574067671,956.8023674045488,-189.21508129439826,0.0
2025-01-02,2428589.0379333715,0.00027397593729668247,967.3585233723243,-556.3946174273005,0.0
2025-01-03,2429638.6382494792,0.0006997335440719574,834.4747011594965,215.12561494843976,0.0
2025-01-04,2430642.1262890073,0.0006689920263517694,618.9211715993277,384.56686792832625,0.0
2025-01-05,2432232.3051821496,0.0010601192620951964,947.8704009655083,642.3084921772862,0.0
2025-01-06,2432423.295135,0.0001273266352332305,1005.808050675549,-814.8180978257033,0.0
2025-01-07,2434450.6138212676,0.0013515457908452335,946.9176184810292,1080.401067786821,0.0
2025-01-08,2434736.177221957,0.00019037560045964954,991.2845147059325,-705.7211140164582,0.0
2025-01-09,2435777.3102145893,0.0006940886617548433,624.8598137850857,416.2731788471792,0.0
2025-01-10,2436119.6312883766,0.00022821404919148196,346.4122106799129,-4.091136892689974,0.0
2025-01-11,2436654.7454927354,0.00035674280290595863,398.4020465230451,136.71215783589287,0.0
2025-01-12,2436693.871979915,2.608432478651764e-05,479.26463123514833,-440.13814405537187,0.0
2025-01-13,2437375.506759488,0.0004544231863820087,423.2112991746131,258.4234803984,0.0
2025-01-14,2438514.527463504,0.000759347136010837,950.1465507965785,188.87415321967688,0.0
2025-01-15,2438998.0979545433,0.0003223803273592577,645.8522544550776,-162.2817634161911,0.0
2025-01-16,2439146.514595924,9.89444275873066e-05,441.6147853687308,-293.1981439877709,0.0
2025-01-17,2440167.733898249,0.0006808128682165907,593.3545689475891,427.86473337729694,0.0
2025-01-18,2440602.644155138,0.00028994017125924667,947.325152718731,-512.414895829861,0.0
2025-01-19,2441571.4693510863,0.0006458834639655535,1069.058049823229,-100.23285387489886,0.0
2025-01-20,2442203.326693143,0.0004212382280380122,1036.19803829986,-404.34069624284166,0.0
2025-01-21,2442984.1989235287,0.0005205814869236095,1045.7733441975747,-264.9011138121605,0.0
2025-01-22,2444619.1065490674,0.00108993841702573,1085.331569598762,549.5760559398332,0.0
2025-01-23,2446037.6884324905,0.000945721255615284,963.7838321679276,454.7980512549984,0.0
2025-01-24,2446810.700601577,0.0005153414460577124,616.5261829351862,156.48598615138235,0.0
2025-01-25,2448146.993769719,0.0008908621120946278,785.353399905222,550.9397682367198,0.0
2025-01-26,2448502.118706903,0.00023674995812280038,956.8629885073148,-601.7380513231142,0.0
2025-01-27,2449469.4709708355,0.000644901509288458,450.84623121060156,516.5060327220854,0.0
2025-01-28,2450340.823763412,0.0005809018617173944,819.5317252665205,51.821067309570935,0.0
2025-01-29,2451180.2656420963,0.0005596279191229547,1034.1118091689198,-194.66993048448785,0.0
2025-01-30,2451433.2608080427,0.00016866344396420345,957.6934957401038,-704.6983297937986,0.0
2025-01-31,2452561.994295192,0.0007524889914327932,757.4628141226045,371.2706730265854,0.0
2025-02-01,2453367.1816566465,0.0005367915743032656,678.3621177770127,126.82524367788574,0.0
2025-02-02,2453049.8921148884,-0.0002115263611723188,286.1531499367579,-603.4426916952361,0.0
2025-02-03,2454014.5394086014,0.0006430981958086021,827.2532797280759,137.39401398482732,0.0
2025-02-04,2454442.243319387,0.0002851359405237907,467.9334235656304,-40.22951277994434,0.0
2025-02-05,2455261.0626616008,0.000545879561475816,197.30746257462064,621.5118796391034,0.0
2025-02-06,2455727.4656226295,0.000310935307352472,258.4368356419846,207.96612538672343,0.0
2025-02-07,2455712.026894223,-1.0292485604298918e-05,662.6672115833723,-678.1059399898206,0.0
2025-02-08,2456066.7477506683,0.00023648057096354425,-86.78099990794942,441.5018563532658,0.0
2025-02-09,2455936.4015873023,-8.689744224400935e-05,536.1682220941848,-666.5143854601988,0.0
2025-02-10,2456760.6187537126,0.000549478110940136,606.023198791751,218.19396761845303,0.0
2025-02-11,2457479.9682869483,0.0004795663554906032,294.2122244534071,425.1373087824977,0.0
2025-02-12,2457680.1187145747,0.000133433618417445,364.13683141447643,-163.98640378830896,0.0
2025-02-13,2458412.6418307247,0.0004883487441001839,497.62367288633124,234.8994432639447,0.0
2025-02-14,2458752.155633812,0.00022634253539121566,549.866424994119,-210.35262190729554,0.0
2025-02-15,2459251.4768911544,0.0003328808382286107,235.44292775393174,263.87832958898434,0.0
2025-02-16,2458691.9977603843,-0.0003729860871799865,245.11112482399588,-804.5902555939756,0.0
2025-02-17,2459834.7549872072,0.0007618381512151703,479.6521221067992,663.1051047159563,0.0
2025-02-18,2460312.8290616046,0.000318716049598071,962.5328681256116,-484.45879372850504,0.0
2025-02-19,2461524.3647080217,0.0008076904309448206,774.12492695616,437.41071946107104,0.0
2025-02-20,2461842.162048953,0.00021186489395422917,429.28082126163844,-111.4834803302947,0.0
2025-02-21,2462115.3001465057,0.00018209206503522524,77.44538284518116,195.6927147076567,0.0
2025-02-22,2462791.5883780103,0.00045085882100283066,615.6030342598623,60.685197244383744,0.0
2025-02-23,2462864.708520722,4.874676180802343e-05,287.22297343829376,-214.10283072625862,0.0
2025-02-24,2462783.757836787,-5.396712262355677e-05,195.54198440594988,-276.492668341285,0.0
2025-02-25,2463261.0183211775,0.00031817365626037736,518.8537094679136,-41.5932250773476,0.0
2025-02-26,2463950.295474087,0.0004595181019395105,590.067083258045,99.21006965122069,0.0
2025-02-27,2464477.351198985,0.00035137048326547467,520.2371634102353,6.8185614879766945,0.0
2025-02-28,2464975.8395833615,0.0003323255895844016,536.6723287092123,-38.183944332609826,0.0
2025-03-01,2465115.479901515,9.309354543562993e-05,-200.60590010125568,340.2462182547006,0.0
2025-03-02,2465138.9330446334,1.563542874558605e-05,-197.80917717009245,221.26232028847153,0.0
2025-03-03,2464854.7186929253,-0.0001894762344719398,17.506994139446427,-301.72134584735613,0.0
2025-03-04,2464154.0314784097,-0.0004671248096769878,-14.399000739813918,-686.2882137756678,0.0
2025-03-05,2464787.134268804,0.00042206852692936516,352.85991323380506,280.24287716024264,0.0
2025-03-06,2465435.13725905,0.00043200199349719114,517.7684658236652,130.23452442212147,0.0
2025-03-07,2465570.4665404423,9.021952092824112e-05,-3.7693729650855547,139.09865435744723,0.0
2025-03-08,2465909.8202104303,0.0002262357799921083,204.34615252440196,135.00751746376045,0.0
2025-03-09,2465869.4823109224,-2.689193300520291e-05,306.72688023537677,-347.06477974318113,0.0
2025-03-10,2466331.4692748897,0.0003079913093113065,256.7482631760178,205.23870079094195,0.0
2025-03-11,2466243.150665944,-5.8879072630199594e-05,447.62032401804197,-535.9389329633414,0.0
2025-03-12,2466841.6328487024,0.00039898812183877076,294.03341231500394,304.44877044315217,0.0
2025-03-13,2467086.7028386104,0.00016337999327219462,162.22446782832225,82.84552207996967,0.0
2025-03-14,2467081.227815683,-3.6500152849263637e-06,306.1332370779737,-311.60826000536326,0.0
2025-03-15,2467274.5154786897,0.00012885844200437164,-250.25976179355445,443.5474248001119,0.0
2025-03-16,2467176.8914899672,-6.508265914819738e-05,170.00454968515294,-267.628538407449,0.0
2025-03-17,2467383.5851206807,0.000137795753808927,292.60750546337243,-85.91387474998191,0.0
2025-03-18,2468043.946363977,0.000440240828864467,179.6526583866602,480.7085849100404,0.0
2025-03-19,2468420.883754923,0.0002512915939637031,315.2294094784823,61.707981467072386,0.0
2025-03-20,2468189.7491244716,-0.0001540897536342782,201.8440240422478,-432.9786544936651,0.0
2025-03-21,2468585.6089979876,0.00026390658234398706,271.4211263581722,124.4387471578084,0.0
2025-03-22,2468718.087424877,8.831895125960061e-05,176.45814848781356,-43.97972159841265,0.0
2025-03-23,2468792.199079333,4.940776963743747e-05,169.5715152889195,-95.4598608327633,0.0
2025-03-24,2469005.7141803666,0.00014234340068917077,121.12359287051213,92.391508163244,0.0
2025-03-25,2468795.9471541806,-0.00013984468412411272,-85.66920710357735,-124.09781908259174,0.0
2025-03-26,2468262.8845056808,-0.00035537509899980445,-131.4493768516656,-401.61327164804106,0.0
2025-03-27,2468826.6566781765,0.0003758481149971667,144.7715690532768,419.0006034424732,0.0
2025-03-28,2469290.3470350257,0.0003091269045661323,274.81620362952026,188.8741532196782,0.0
2025-03-29,2469848.175570842,0.0003718856905442185,463.3914592062513,94.43707661007647,0.0
2025-03-30,2470004.126746123,0.00010396745018743658,150.83725416528875,5.1139211158661055,0.0
2025-03-31,2470066.30056312,4.144921133104595e-05,295.02769181465794,-232.85387481808903,0.0
2025-04-01,2470209.517595375,9.547802150360227e-05,293.225384993028,-150.0083527376246,0.0
2025-04-02,2470422.954081157,0.00014229099052119487,48.086369695585326,165.35011608620698,0.0
2025-04-03,2470701.465377263,0.0001856741974038842,488.8639180136166,-210.3526219077903,0.0
2025-04-04,2471192.3439342165,0.00032725237130263647,483.7190673912525,7.15948956270222,0.0
2025-04-05,2471561.794871462,0.00024630062483028617,469.0019349713791,-99.55099772594986,0.0
2025-04-06,2471820.1992203747,0.00017226956594170012,141.806947466393,116.59740144615716,0.0
2025-04-07,2472542.29581556,0.0004813977301234978,449.0132075876953,273.08338759755134,0.0
2025-04-08,2472261.8373689987,-0.00018697229770736786,290.9370061401147,-571.3954527011665,0.0
2025-04-09,2472674.120072013,0.0002748551353427431,368.6439094904148,43.63879352369986,0.0
2025-04-10,2473183.905666643,0.0003398570630866731,410.9164530524995,98.86914157751016,0.0
2025-04-11,2473883.6310416805,0.00046648358335846083,28.77892461057491,670.9464504271164,0.0
2025-04-12,2474250.865194696,0.00024482276867687016,417.3505799527474,-50.11642693744216,0.0
2025-04-13,2474700.679610908,0.00029987627747477826,672.099520723313,-222.28510451114562,0.0
2025-04-14,2475450.0584121365,0.0004995858674855222,504.2515157321261,245.12728549615713,0.0
2025-04-15,2475344.5404307037,-7.034532095513231e-05,184.95273795927275,-290.4707193919712,0.0
2025-04-16,2475589.22457032,0.0001631227597443923,322.7566686554139,-78.07252903882545,0.0
2025-04-17,2476056.8305975194,0.0003117373514661483,300.89219881561587,166.7138283836066,0.0
2025-04-18,2476152.4886141364,6.37720110780097e-05,343.1717986342422,-247.51378201722764,0.0
2025-04-19,2477059.027076278,0.0006043589747609344,201.4992042738743,705.0392578675273,0.0
2025-04-20,2476149.069441842,-0.0006066384229574442,-105.36737884268557,-804.5902555934808,0.0
2025-04-21,2476851.9516181904,0.0004685881175657565,353.7718281586134,349.11034819002134,0.0
2025-04-22,2477187.595771103,0.00022376276860847568,-1.1927845982333174,336.8369375109469,0.0
2025-04-23,2476919.6423973814,-0.00017863558248107047,145.5923805302795,-413.5457542518852,0.0
2025-04-24,2477640.029706266,0.00048025820592280394,11.938770272435638,708.4485386117703,0.0
2025-04-25,2477255.3077054946,-0.0002564813338471971,-47.20320711039592,-337.51879366039975,0.0
2025-04-26,2476861.4347396586,-0.0002625819772239822,-322.6189982851318,-71.25396755084148,0.0
2025-04-27,2476962.997253356,6.770834246481461e-05,-83.2205026302601,184.78301632748202,0.0
2025-04-28,2476796.4839609107,-0.00011100886163000713,-166.17236437028882,-0.34092807472188724,0.0
2025-04-29,2476482.40250808,-0.00020938763522061117,30.59683039169227,-344.678283222609,0.0
2025-04-30,2476784.1666731643,0.00020117611005631154,-193.9452550994317,495.70942018389906,0.0
2025-05-01,2476485.950067649,-0.00019881107034364998,39.984044293375426,-338.20064980885036,0.0
2025-05-02,2476168.2350256974,-0.0002118100279676014,-996.1619100154442,678.4468680640421,0.0
2025-05-03,2475661.148622387,-0.0003380576022071571,-139.90686717783151,-367.1795361329041,0.0
2025-05-04,2475805.217815512,9.604612875007247e-05,239.86998203309048,-95.80078890798177,0.0
2025-05-05,2475577.9402785813,-0.00015151835795383726,-32.60760644626804,-194.66993048448785,0.0
2025-05-06,2475453.9954756885,-8.262986859512815e-05,231.64317871108733,-355.58798160377955,0.0
2025-05-07,2475473.515529317,1.3013369085640808e-05,82.9326754671567,-63.412621838695486,0.0
2025-05-08,2476129.9013554365,0.0004375905507464834,418.4180301857717,237.9677959339533,0.0
2025-05-09,2476698.3962548114,0.0003789965995832637,857.9428345441963,-289.44793516930076,0.0
2025-05-10,2477417.67014504,0.0004795159268188901,839.2805724182369,-120.00668218990177,0.0
2025-05-11,2477961.3309352426,0.00036244052680171846,862.7694678453687,-319.108677642791,0.0
2025-05-12,2479393.480482831,0.0009547663650591224,594.489268777466,837.6602788112177,0.0
2025-05-13,2480466.8329812884,0.0007155683323048939,844.2488324577164,229.10366599962435,0.0
2025-05-14,2480166.1495282324,-0.00020045563537067102,732.3286123886444,-1033.012065444651,0.0
2025-05-15,2481465.094645392,0.000865963411439836,344.00558075392837,954.9395364058255,0.0
2025-05-16,2482051.8743272386,0.0003911864545642505,594.2800994828121,-7.500417636436396,0.0
2025-05-17,2482364.798449468,0.00020861608148607818,238.26087393502593,74.66324829409132,0.0
2025-05-18,2483005.482513978,0.0004271227096735399,795.8063383642954,-155.12227385398546,0.0
2025-05-19,2483505.488326802,0.0003333372085493381,512.961079651026,-12.955266827018932,0.0
2025-05-20,2483953.3853653297,0.00029859802568533495,602.6783843077626,-154.78134577976016,0.0
2025-05-21,2484984.121531321,0.0006871574439941325,765.8350521790419,264.90111381215684,0.0
2025-05-22,2485573.0025031026,0.00039258731452090993,1121.0696959262507,-532.1887241448858,0.0
2025-05-23,2486505.935428777,0.0006219552837827616,959.1843874033896,-26.25146172924724,0.0
2025-05-24,2487535.227727416,0.000686194865759614,583.3583773187371,445.933921320684,0.0
2025-05-25,2488768.9366641636,0.0008224726244983435,681.4054562129029,552.3034805346124,0.0
2025-05-26,2489274.9162112065,0.00033731969802870557,1007.1438164170506,-501.1642693739923,0.0
2025-05-27,2489916.0161902737,0.00042739998604465214,648.6003967039076,-7.500417636929342,0.0
2025-05-28,2490350.403643575,0.00028959163553436956,400.63557393536684,33.751879366187495,0.0
2025-05-29,2491209.4520480996,0.0005726989363496806,528.0072442783746,331.0411602461463,0.0
2025-05-30,2491407.2242991803,0.00013184816738688414,498.8117407787479,-301.0394896984217,0.0
2025-05-31,2491655.570175996,0.00016556391787727262,735.1911670649843,-486.84529024907533,0.0
2025-06-01,2492264.0166015355,0.0004056309503595496,209.2196504123525,399.2267751269719,0.0
2025-06-02,2493024.0760319126,0.00050670628691805,339.0132584882567,421.0461718888182,0.0
2025-06-03,2493037.706400695,9.086912521622708e-06,560.1380720517393,-546.5077032693052,0.0
2025-06-04,2493274.7147623645,0.00015800557444636143,127.91137786081272,109.09698380872942,0.0
2025-06-05,2493845.327178897,0.00038040827768840184,289.0058270744621,281.60658945814066,0.0
2025-06-06,2493343.3170706527,-0.0003346734054962674,-329.15957452176315,-172.85053372263792,0.0
2025-06-07,2493082.2351915245,-0.00017405458608531102,-204.48781877627275,-56.59406035169377,0.0
2025-06-08,2493202.056286961,7.988073029082536e-05,245.28262681672052,-125.46153138048248,0.0
2025-06-09,2493817.639887809,0.00041038906723216573,177.1500971645012,438.4335036837474,0.0
2025-06-10,2493973.0638461886,0.00010361597225321483,922.1711977144183,-766.7472393345961,0.0
2025-06-11,2494943.040957369,0.0006466514074533959,834.6286656416096,135.34844553848444,0.0
2025-06-12,2495530.3542157547,0.00039154217225717314,381.392701445876,205.92055693988368,0.0
2025-06-13,2496184.806016503,0.00043630120049893836,64.30530395442472,590.1464967939828,0.0
2025-06-14,2495650.2293510856,-0.00035638444361146175,251.2625460849525,-785.8392115021452,0.0
2025-06-15,2496365.6308063716,0.0004769343035239026,185.59922766154023,529.8022276243137,0.0
2025-06-16,2496835.293262111,0.0003131083038261275,316.58575033155256,153.07670540763866,0.0
2025-06-17,2496685.5509980754,-9.982817602375436e-05,357.89963875261236,-507.6419027882439,0.0
2025-06-18,2496950.256616911,0.00017647041255717697,307.6625562105163,-42.95693737475085,0.0
2025-06-19,2497456.9916883865,0.00033782338098354246,137.85089497028812,368.8841765050256,0.0
2025-06-20,2497864.8788451822,0.00027192477119748727,493.11917539726653,-85.23201860103563,0.0
2025-06-21,2498348.0882858215,0.0003221396270928584,469.91324573754684,13.296194901740819,0.0
2025-06-22,2498543.1723874593,0.00013005606775856707,592.6062363927083,-397.5221347548577,0.0
2025-06-23,2499224.285957181,0.00045407571314759834,35.05486872564495,646.0587009957526,0.0
2025-06-24,2498775.41896686,-0.0002992446602139576,104.45927443687206,-553.3262647578085,0.0
2025-06-25,2498970.6782499906,0.00013017285542043844,19.340396738000194,175.91888639265744,0.0
2025-06-26,2499562.3562989268,0.0003944520326242028,169.26816475008272,422.40988418622146,0.0
2025-06-27,2498864.846470107,-0.0004650065525465831,230.83731778246744,-928.347146602342,0.0
2025-06-28,2499331.9114051773,0.0003113766233801917,340.23969139190706,126.8252436783805,0.0
2025-06-29,2500583.8918048814,0.0008346535998027954,607.2854110058402,644.694988698353,0.0
2025-06-30,2500616.315996728,2.161612789781581e-05,331.0771850250753,-298.6529931783516,0.0
2025-07-01,2501265.3200097242,0.00043266934199749527,237.16289911597352,411.8411138802694,0.0
2025-07-02,2501056.8963540895,-0.00013894910375649352,336.37940726244983,-544.8030628971901,0.0
2025-07-03,2501773.0351390895,0.00047742585666670086,499.3085296794936,216.83025532055763,0.0
2025-07-04,2501884.3429813217,7.420522815478792e-05,449.50849204103406,-338.2006498088522,0.0
2025-07-05,2502499.7461962053,0.0004102688099223424,299.02196183651137,316.38125304700225,0.0
2025-07-06,2502526.4009266165,1.776982027417633e-05,170.8673058840776,-144.2125754728131,0.0
2025-07-07,2503355.5342738824,0.0005527555648439889,374.6762240852048,454.4571231807786,0.0
2025-07-08,2503730.036748782,0.00024966831659956523,340.7505955331604,33.751879366187495,0.0
2025-07-09,2503813.3990886398,5.5574893238375166e-05,398.7208086813925,-315.35846882382975,0.0
2025-07-10,2504056.454593025,0.00016203700292377805,774.5623723820986,-531.5068679964315,0.0
2025-07-11,2505127.0969356103,0.0007137615617233267,1186.2169598079893,-115.57461722299922,0.0
2025-07-12,2506221.4760544477,0.0007295860792250009,1201.771462274604,-107.39234343710268,0.0
2025-07-13,2507522.3491712464,0.0008672487445324186,1200.640262923731,100.23285387489705,0.0
2025-07-14,2509265.9042169135,0.0011623700304445475,1138.407713599962,605.1473320668592,0.0
2025-07-15,2509684.05079553,0.0002787643857443633,1225.4642588053198,-807.3176801887748,0.0
2025-07-16,2510711.320950345,0.0006848467698769012,1204.211825431189,-176.9416706158372,0.0
2025-07-17,2512614.9681988857,0.0012690981656935296,1212.926969797182,690.7202787431124,0.0
2025-07-18,2512515.176846867,-6.652756801248325e-05,1218.9184397767604,-1318.7097917954852,0.0
2025-07-19,2514651.055435561,0.0014239190591294046,1205.8268017196413,930.0517869744654,0.0
2025-07-20,2515766.3774250806,0.0007435479930131416,1204.9860730881608,-89.6640835684484,0.0
2025-07-21,2517759.607616307,0.0013288201274844376,1198.8677778649042,794.3624133617523,0.0
2025-07-22,2518998.8491195277,0.000826161002146909,1200.0347746635894,39.206728556774124,0.0
2025-07-23,2517177.2059825803,-0.0012144287579651054,1227.2766324488525,-3048.9197693965107,0.0
2025-07-24,2521182.5660537663,0.0026702400474574108,1214.1819260390635,2791.1781451470524,0.0
2025-07-25,2522528.151887523,0.000897057222504342,1209.8964601438036,135.68937361270946,0.0
2025-07-26,2523196.5420592483,0.00044559344781702157,1202.6244643167631,-534.2342925912308,0.0
2025-07-27,2524394.794802867,0.0007988351624124259,1205.75316125557,-7.500417636931161,0.0
2025-07-28,2524299.2343682516,-6.370695641017907e-05,1221.444716808095,-1317.0051514233637,0.0
2025-07-29,2526487.0533490814,0.0014585459872199524,1207.3098388432993,980.5091419866294,0.0
2025-07-30,2528812.153155775,0.001550066537795564,1205.8329384249807,1119.2668682683652,0.0
2025-07-31,2530373.60736518,0.001040969472936416,1031.6519817808037,529.8022276238203,0.0
2025-08-01,2530520.74840392,9.809402582680554e-05,229.64563274545972,-82.50459400525142,0.0
2025-08-02,2530446.9086731165,-4.922648720232788e-05,391.52709075846275,-465.36682156195457,0.0
2025-08-03,2530593.8590701274,9.79669313406655e-05,677.7754088579933,-530.825011846995,0.0
2025-08-04,2531825.7860593917,0.0008212846595094645,537.7974297773399,694.129559486857,0.0
2025-08-05,2532458.7370971423,0.00042196735850040675,802.733218804229,-169.78218105361884,0.0
2025-08-06,2533589.040610406,0.0007535356755092316,884.1534435440157,246.15006971983166,0.0
2025-08-07,2534018.7726654867,0.0002864880367204528,732.4761851512187,-302.74413007053954,0.0
2025-08-08,2534532.335769398,0.000342375402607776,484.5842175871156,28.97888632454851,0.0
2025-08-09,2535259.522553185,0.00048479118919117703,917.4246493043363,-190.23786551757075,0.0
2025-08-10,2536226.422958855,0.00064460027044656,1184.7534452145633,-217.8530395447233,0.0
2025-08-11,2537405.91783982,0.000786329920643468,1219.7243937446517,-40.22951277944958,0.0
2025-08-12,2538657.357611739,0.0008342931812793182,1073.1343890057515,178.3053829132259,0.0
2025-08-13,2540074.239091742,0.0009445876533353625,1110.3871411135392,306.49433888950443,0.0
2025-08-14,2538926.9196387273,-0.0007648796353431992,1261.3373926502725,-2408.656845665071,0.0
2025-08-15,2541875.6489221305,0.001965819522268643,550.3002799701347,2398.4290034328296,0.0
2025-08-16,2543263.496524928,0.0009252317351986265,1045.2148880221741,342.63271477576563,0.0
2025-08-17,2543441.59049507,0.00011872931342797052,589.935084021724,-411.8411138797683,0.0
2025-08-18,2543748.582620995,0.00020466141728346237,298.46892406509,8.52320186010354,0.0
2025-08-19,2544143.6151344874,0.00026335500899473866,656.183418485802,-261.150904993694,0.0
2025-08-20,2544744.7912396225,0.00040078407009013075,417.07494495716236,184.10116017803375,0.0
2025-08-21,2545444.168785759,0.0004662516974241632,635.2830681481129,64.09447798813198,0.0
2025-08-22,2545891.4534431775,0.00029818977161243885,888.1046576229814,-440.82000020432315,0.0
2025-08-23,2547099.4098938773,0.0008053043004666672,1184.091485491806,23.864965208194917,0.0
2025-08-24,2549045.193124989,0.0012971888207409697,1180.0587760000274,765.7244551114272,0.0
2025-08-25,2549678.8144605407,0.00042241422370126825,1096.2607325180609,-462.63939696615853,0.0
2025-08-26,2550386.785989705,0.0004719810194429189,691.2660535188893,16.70547564548906,0.0
2025-08-27,2550980.1984785823,0.0003956083259184,411.3568971454093,182.0555917321908,0.0
2025-08-28,2552306.786313519,0.0008843918899574955,853.0387395889089,473.5490953473345,0.0
2025-08-29,2552463.5078998227,0.00010448105753594727,412.7585701817488,-256.0369838778279,0.0
2025-08-30,2552835.3165660785,0.0002478724441703864,869.5636548853289,-497.7549886297493,0.0
2025-08-31,2553790.9658758696,0.000637099539860782,501.1921866103908,454.4571231807822,0.0
2025-09-01,2553820.41300413,1.963141884047309e-05,723.9176158217902,-694.4704875610805,0.0
2025-09-02,2555037.804735704,0.0008115944877156219,822.9379494880965,394.45378208533657,0.0
2025-09-03,2555438.0426762938,0.000266825293726626,312.2784973936049,87.95944319633418,0.0
2025-09-04,2555768.4695522673,0.00022028458398259704,538.0520732858989,-207.62519731200337,0.0
2025-09-05,2556909.454226868,0.0007606564497339374,958.588154794983,182.39651980592316,0.0
2025-09-06,2557154.1685774177,0.000163142900366083,455.06697245642096,-210.35262190729645,0.0
2025-09-07,2557883.8217376503,0.00048643544015523026,471.2296798344454,258.4234803984,0.0
2025-09-08,2559079.0587929524,0.0007968247035347891,886.0152918173853,309.22176348479843,0.0
2025-09-09,2559670.156563385,0.00039406518028828856,908.8427357773331,-317.74496534490027,0.0
2025-09-10,2560255.753176231,0.00039039774189725577,791.8580978599945,-206.2614850141108,0.0
2025-09-11,2561348.134372547,0.0007282541308774363,522.349455912886,570.0317404032685,0.0
2025-09-12,2561753.0587008335,0.00026994955219109316,660.9613121639728,-256.0369838773331,0.0
2025-09-13,2561745.101843782,-5.30457136801969e-06,151.5974817688712,-159.55433882090074,0.0
2025-09-14,2562536.3020223933,0.0005274667857411877,635.0551205351206,156.14505807666092,0.0
2025-09-15,2563508.657034206,0.0006482366745420676,889.8504178073551,82.50459400574618,0.0
2025-09-16,2563777.051034555,0.0001789293335654292,568.4107058233925,-300.0167054752487,0.0
2025-09-17,2564383.9999556197,0.000404632614043218,864.3496172400509,-257.40069617522386,0.0
2025-09-18,2565215.254127795,0.0005541694481169183,717.3841953245126,113.86997685086499,0.0
2025-09-19,2565889.860825736,0.00044973779862726503,284.9259088972,389.6807890436976,0.0
2025-09-20,2566214.019190372,0.00021610557642415346,107.32810931517778,216.8302553210524,0.0
2025-09-21,2566179.1283981577,-2.326052814279304e-05,38.749671856728355,-73.64046407091791,0.0
2025-09-22,2566281.995241675,6.857789567816387e-05,520.1628065880941,-417.2959630708483,0.0
2025-09-23,2567040.509554893,0.0005056762088118269,830.1092088423105,-71.5948956245702,0.0
2025-09-24,2567875.158009977,0.0005564323033895013,646.7970860877481,187.85136899650388,0.0
2025-09-25,2568347.2481626105,0.0003147267684222784,427.4285748865562,44.66157774686144,0.0
2025-09-26,2569143.6137593538,0.0005309103978289436,565.2163622974462,231.14923444596934,0.0
2025-09-27,2569395.3333616955,0.0001678130682278226,419.79714302273646,-168.07754068100257,0.0
2025-09-28,2570027.3733175113,0.0004213599705438673,506.2374963605928,125.80245945520812,0.0
2025-09-29,2569676.2217189334,-0.00023410106571841637,139.44390048991363,-490.5954990675382,0.0
2025-09-30,2570459.812302841,0.0005223937226046854,421.86589696471736,361.72468694231065,0.0
2025-10-01,2571296.237748485,0.0005576169637629795,653.3470696891078,183.07837595536148,0.0
2025-10-02,2571812.6314467704,0.00034426246552364607,1104.4946266326194,-588.1009283471503,0.0
2025-10-03,2573214.365196877,0.0009344891667376413,1229.2241444580438,172.50960564841807,0.0
2025-10-04,2574446.8998850132,0.0008216897920906407,1179.3499085289977,53.184779606963275,0.0
2025-10-05,2575561.663449621,0.0007431757097385548,1176.812474149129,-62.04890954129678,0.0
2025-10-06,2576805.320357915,0.0008291046055292101,976.7102260353133,266.9466822585018,0.0
2025-10-07,2576983.6388792405,0.00011887901421733416,1053.8218163965948,-875.5032950705936,0.0
2025-10-08,2578285.179202782,0.000867693549027457,741.73642536914,559.8038981720456,0.0
2025-10-09,2579386.125132476,0.000733963953129207,342.38096414459443,758.5649655492161,0.0
2025-10-10,2580112.3722486678,0.0004841647441279942,235.3106890497312,490.9364271422601,0.0
2025-10-11,2580097.0093153906,-1.0241955518059513e-05,786.4998977215778,-801.862830998667,0.0
2025-10-12,2579876.4353611018,-0.00014704930285928985,-418.65316551717086,198.0792112282361,0.0
2025-10-13,2579696.654886053,-0.00011985365003258401,-146.02859568316873,-33.75187936570728,0.0
2025-10-14,2579037.9881111984,-0.0004391111832362864,-307.1699301438375,-351.4968447105921,0.0
2025-10-15,2578657.6380989933,-0.00025356667480323607,-47.263283512377384,-333.08672869247675,0.0
2025-10-16,2579036.809670194,0.0002527810474670254,-300.97993723514156,680.1515084356797,0.0
2025-10-17,2579015.727846093,-1.4054549400656882e-05,-44.60586123545516,23.524037134469836,0.0
2025-10-18,2578077.6688293973,-0.0006253726777972188,-539.5140977168047,-398.54491897902335,0.0
2025-10-19,2578671.345752317,0.0003957846152798724,105.46792037283892,488.2090025469697,0.0
2025-10-20,2578192.093524864,-0.0003195014849688932,-106.61784212984587,-372.6343853234939,0.0
2025-10-21,2578163.333042212,-1.9173655101357666e-05,-220.36206046700323,191.60157781496673,0.0
2025-10-22,2577683.63998078,-0.00031979537428792004,145.22809895096432,-624.9211603828444,0.0
2025-10-23,2577962.3744543013,0.00018582298234766714,568.8642648397469,-290.12979131824613,0.0
2025-10-24,2578851.5143091343,0.0005927599032221315,315.01697753624916,574.122877296948,0.0
2025-10-25,2578875.6507347766,1.6090950427869226e-05,456.77415206073977,-432.6377264189359,0.0
2025-10-26,2579823.249467479,0.0006317324884683337,355.4066674621655,592.1920652403351,0.0
2025-10-27,2581047.2667121664,0.0008160114964583115,1065.826618163966,158.19062652350112,0.0
2025-10-28,2581087.0803674944,2.6542436885413433e-05,655.5297577024176,-615.7161023742974,0.0
2025-10-29,2582148.983334762,0.0007079353115117791,329.2485353729924,732.6544318946762,0.0
2025-10-30,2581456.136771078,-0.00046189770912255805,304.0271258740543,-996.8736895578913,0.0
2025-10-31,2583005.768107414,0.0010330875575570086,746.0638649652084,803.5674713703047,0.0
2025-11-01,2583829.7341681607,0.0005493107071645597,1112.3912116924694,-288.42515094562987,0.0
2025-11-02,2584654.2311766874,0.0005496646723511946,824.8379366010154,-0.34092807422348415,0.0
2025-11-03,2585172.0486819805,0.00034521167019539164,688.6224705693841,-170.80496527629657,0.0
2025-11-04,2585746.7272611284,0.0003831190527653223,804.4641012965495,-229.7855221485661,0.0
2025-11-05,2586460.777965929,0.0004760338032003037,441.9901014261021,272.0606033743534,0.0
2025-11-06,2587079.7013883693,0.00041261561496048403,580.3985500328996,38.52487240782648,0.0
2025-11-07,2587423.0944589376,0.00022892871371211118,606.5895440087005,-263.19647344053374,0.0
2025-11-08,2587709.2814456793,0.0001907913244943414,512.9041562200623,-226.7171694785502,0.0
2025-11-09,2588446.2266631406,0.0004912968116406581,400.7901360984873,336.1550813624999,0.0
2025-11-10,2589496.0933680367,0.0006999111365975077,756.6685609085051,293.19814398775634,0.0
2025-11-11,2589455.0450536874,-2.736554289950639e-05,211.9203168585524,-252.968631207812,0.0
2025-11-12,2590054.1773313936,0.0003994215184708041,313.77547943010467,285.3567982761015,0.0
2025-11-13,2590515.5917351274,0.00030760960248912085,619.2641021829626,-157.84969844928128,0.0
2025-11-14,2591055.6370014776,0.0003600301775667891,909.6112990041491,-369.5660326539655,0.0
2025-11-15,2592230.724673519,0.0007833917813607775,787.452451443319,387.63522059784736,0.0
2025-11-16,2592586.4407493,0.0002371440505208994,808.12763051579,-452.41155473444087,0.0
2025-11-17,2593580.205256369,0.0006625096713793894,860.1207019027197,133.64380516636447,0.0
2025-11-18,2594516.3011884154,0.0006240639546974037,745.5171384543005,190.57879359180515,0.0
2025-11-19,2594993.945579433,0.0003184295940115389,522.3059687641698,-44.66157774686144,0.0
2025-11-20,2595785.3474831753,0.00052760126916175,725.6027853823679,65.79911836025713,0.0
2025-11-21,2595777.351633361,-5.330566542889528e-06,337.7052176314363,-345.7010674457706,0.0
2025-11-22,2596159.2787783947,0.00025461809668914494,381.9271450342122,-4.94765117764473e-10,0.0
2025-11-23,2596743.3451082706,0.00038937755325042924,88.69783776596651,495.3684921096774,0.0
2025-11-24,2595935.585745669,-0.0005385062417341761,145.1346053587075,-952.8939679599716,0.0
2025-11-25,2596785.8249263847,0.0005668261204770441,-189.9323742912958,1040.171555006862,0.0
2025-11-26,2596813.961096024,1.875744642613972e-05,268.1495340195079,-240.0133643802983,0.0
2025-11-27,2596955.41612727,9.430335416402598e-05,136.6820382044,4.772993041638983,0.0
2025-11-28,2596998.918588771,2.9001641000703575e-05,189.07874927126628,-145.5762877702109,0.0
2025-11-29,2597114.1014802502,7.678859431941734e-05,75.29430677389992,39.888584705226094,0.0
2025-11-30,2597349.328186578,0.00015681780421874969,418.3050822829908,-183.07837595486626,0.0
2025-12-01,2597670.1312626014,0.0002138687173487302,253.64024536593516,67.16283065716016,0.0
2025-12-02,2598006.217602466,0.0002240575599095821,165.62230266230736,170.4640372020658,0.0
2025-12-03,2597519.370546175,-0.00032456470419367186,49.432804747082514,-536.2798610375903,0.0
2025-12-04,2598699.3760495726,0.0007866703355981344,349.1637860744519,830.8417173227499,0.0
2025-12-05,2598684.776475869,-9.733049135541894e-06,319.1690111381202,-333.76858484143304,0.0
2025-12-06,2598734.6896394426,3.3275442382302376e-05,115.37135385947629,-65.45819028602273,0.0
2025-12-07,2599012.0045911847,0.00018487663449463253,336.636436687952,-59.32148494600324,0.0
2025-12-08,2599649.99594709,0.00042532757060371817,289.56286386401064,348.42849204156664,0.0
2025-12-09,2599142.4908516468,-0.0003383367302954349,391.52223676091063,-899.027332204063,0.0
2025-12-10,2599972.6740177777,0.0005534554440870485,251.96915194141496,578.2140141891578,0.0
2025-12-11,2600106.0573394056,8.892221441898139e-05,223.04740519642573,-89.66408356795364,0.0
2025-12-12,2600507.2279541334,0.00026744707648480826,472.765510352281,-71.5948956250686,0.0
2025-12-13,2600982.5424450766,0.0003168763272954282,374.7407089940235,100.57378194911871,0.0
2025-12-14,2601835.0600837744,0.0005683450924654025,512.6123485171335,339.90529018097027,0.0
2025-12-15,2602065.3728533722,0.00015354184639834503,71.44028692506744,158.87248267245013,0.0
2025-12-16,2602060.9235169888,-2.9662242556408957e-06,380.11753154437014,-384.5668679278315,0.0
2025-12-17,2602524.6984047377,0.0003091832584993597,632.5342845794822,-168.7593968304427,0.0
2025-12-18,2603081.2681053686,0.00037104646708737045,403.15206714919356,153.41763348186214,0.0
2025-12-19,2603993.8339204425,0.0006083772100494355,742.7836340205308,169.78218105362248,0.0
2025-12-20,2604217.3056251174,0.00014898113644955764,552.808224548867,-329.3365198745305,0.0
2025-12-21,2605006.909368644,0.0005264024956846307,678.4611912708776,111.14255225606848,0.0
2025-12-22,2605387.2377427574,0.0002535522494090256,470.3333857567069,-90.00501164316847,0.0
2025-12-23,2605737.578400987,0.00023356043881991517,291.7010294323206,58.63962879755218,0.0
2025-12-24,2605905.835032618,0.0001121710877537652,727.0377455790152,-558.7811139483674,0.0
2025-12-25,2607222.4248815533,0.0008777265659568311,664.0535145252408,652.536334410006,0.0
2025-12-26,2607825.7500737514,0.0004022167947986416,588.6652849988238,14.659907199138615,0.0
2025-12-27,2608436.4253091104,0.0004071168235729856,310.9994579584545,299.6757774010239,0.0
2025-12-28,2608828.7449491248,0.0002615464266761493,520.5085959900041,-128.18895597578012,0.0
2025-12-29,2609055.022952242,0.0001508520020776663,744.1477481359758,-517.8697450194763,0.0
2025-12-30,2609792.795077826,0.0004918480837227374,682.5417775307943,55.2303480533119,0.0
2025-12-31,2609914.062682499,8.084506978219104e-05,245.02449568214595,-123.75689100885938,0.0
2026-01-01,2610890.1615111725,0.0006507325524489543,648.4669491710334,327.6318795023981,0.0
2026-01-02,2611304.0591031974,0.0002759317280166608,443.2174064237668,-29.319814398775634,0.0
2026-01-03,2611801.0406980244,0.0003313210632182139,340.4956086759376,156.48598615138326,0.0
2026-01-04,2612020.9697524603,0.00014661936962381917,609.6098434799211,-389.68078904419235,0.0
2026-01-05,2612713.683721034,0.00046180931238253605,681.4633421179135,11.250626455890597,0.0
2026-01-06,2613011.8525695154,0.00019877923232078634,132.13687624651828,166.03197223466123,0.0
2026-01-07,2613717.6471817265,0.000470529741474056,621.9263059079427,83.86830630314125,0.0
2026-01-08,2614370.1780015905,0.0004350205465759402,782.424416211812,-129.89359634790162,0.0
2026-01-09,2614656.084323897,0.00019060421487104227,144.76209950326782,141.14422280329563,0.0
2026-01-10,2615169.8435944133,0.00034250618034435795,603.4233540844888,-89.66408356795182,0.0
2026-01-11,2615547.378324995,0.00025168982038756765,465.153245703454,-87.61851512210251,0.0
2026-01-12,2616323.9721146496,0.0005177291931030114,290.4303555538888,486.16343410062836,0.0
2026-01-13,2616617.5005565733,0.00019568562794946035,483.0844512933107,-189.55600936912015,0.0
2026-01-14,2616668.027662197,3.3684737082197637e-05,217.92279015536093,-167.39568453206448,0.0
2026-01-15,2616934.227188307,0.00017746635073976878,96.07641698230923,170.12310912734392,0.0
2026-01-16,2617276.5474059554,0.00022821347843242817,559.4914010439218,-217.1711833952795,0.0
2026-01-17,2617797.2807964506,0.00034715559366364535,189.01037410037605,331.7230163950919,0.0
2026-01-18,2618187.8734150175,0.0002603950790444122,638.447328658073,-247.85471009145476,0.0
2026-01-19,2619097.2945327843,0.0006062807451776185,252.45271839000125,656.9683993764265,0.0
2026-01-20,2619189.669809771,6.158351799134258e-05,697.5226090543679,-605.147332067354,0.0
2026-01-21,2619595.0790685257,0.00027027283916962355,556.440395715216,-151.0311369607807,0.0
2026-01-22,2620448.854225642,0.0005691834380776958,636.6039737212641,217.1711833952795,0.0
2026-01-23,2620850.426668835,0.00026771496212850697,471.46269844570895,-69.89025525294846,0.0
2026-01-24,2621297.84748546,0.0002982805444166512,437.87483054170065,9.545986083276148,0.0
2026-01-25,2621837.755071041,0.00035993839038768656,434.9017386649938,105.00584691653603,0.0
2026-01-26,2622099.108428672,0.00017423557175358625,369.7684852906582,-108.41512766027881,0.0
2026-01-27,2622806.048046491,0.00047129307854618417,535.7937244687489,171.14589335052733,0.0
2026-01-28,2623494.607342338,0.00045903953056491476,493.8893653623895,194.66993048498261,0.0
2026-01-29,2623541.10761041,3.100017871450988e-05,520.0493634190996,-473.54909534733474,0.0
2026-01-30,2623972.756563386,0.0002877659686506049,187.54445170242434,244.10450127348304,0.0
2026-01-31,2624666.0594460694,0.0004622019217888137,569.2050636001322,124.09781908308832,0.0
2026-02-01,2624215.234491907,-0.0003005499694414296,50.33931521186977,-501.1642693740141,0.0
2026-02-02,2624063.0504245665,-0.00010145604489371524,-227.87009985783303,75.68603251726017,0.0
2026-02-03,2624374.9017910063,0.00020790091096005529,-11.348448095405324,323.19981453548826,0.0
2026-02-04,2624306.262786517,-4.5759336326535334e-05,213.99036919101175,-282.62937368081475,0.0
2026-02-05,2624095.9588065217,-0.00014020265332992374,112.55490646638282,-322.8588864612684,0.0
2026-02-06,2623937.333442053,-0.00010575024297928144,-616.4917683939219,457.86640392499976,0.0
2026-02-07,2623097.235258347,-0.0005600654558040167,-635.2004109887937,-204.89777271723142,0.0
2026-02-08,2622794.7976069665,-0.0002016251009204468,-278.9136142467024,-23.524037133967795,0.0
2026-02-09,2622905.088232263,7.352708353113035e-05,-132.1092356051644,242.39986090185994,0.0
2026-02-10,2621864.7488738894,-0.0006935595722492134,-536.4476644040408,-503.8916939697792,0.0
2026-02-11,2621965.240769756,6.699459724465925e-05,-192.02439197182574,292.5162878388146,0.0
2026-02-12,2621692.549917198,-0.00018179390170576813,8.915736898986411,-281.6065894576386,0.0
2026-02-13,2621854.3199895765,0.00010784671491935496,119.15406307851234,42.61600930052009,0.0
2026-02-14,2622005.812837417,0.00010099523189359725,32.16802179894107,119.3248260414548,0.0
2026-02-15,2621866.884430608,-9.26189378725195e-05,29.149133872226976,-168.0775406810062,0.0
2026-02-16,2622033.7996325907,0.00011127680132176283,-110.94117865653881,277.85638063918304,0.0
2026-02-17,2622154.056884369,8.017150118551751e-05,320.04110337962,-199.7838516013437,0.0
2026-02-18,2622232.3353544893,5.218564674675749e-05,153.62357456267452,-75.34510444253829,0.0
2026-02-19,2622493.850417032,0.00017434337502854737,-99.186840176328,360.7019027191491,0.0
2026-02-20,2622345.401982199,-9.896562322209622e-05,136.90836344296443,-285.35679827610875,0.0
2026-02-21,2622951.8303026846,0.0004042855469905769,235.8395036087237,370.58881687714165,0.0
2026-02-22,2623154.071666397,0.00013482757580817207,133.0329646082566,69.2083991040015,0.0
2026-02-23,2622710.1445731837,-0.0002959513954754835,-2.7661649341838253,-441.1609282790414,0.0
2026-02-24,2622819.8873906136,7.316187828653149e-05,95.4238383046329,14.318979125164333,0.0
2026-02-25,2622733.361623611,-5.768384466860405e-05,31.43534674089808,-117.96111374380416,0.0
2026-02-26,2623053.447453106,0.00021339055299655213,20.410052093809778,299.6757774010184,0.0
2026-02-27,2622881.630634783,-0.00011454454554849148,-224.66066985548065,52.84385153274343,0.0
2026-02-28,2622757.958472583,-8.2448108133294e-05,-89.5793547595264,-34.09280744041462,0.0
2026-03-01,2622919.4599031173,0.00010766762035609176,155.7056532693298,5.795777264807839,0.0
2026-03-02,2622514.6169631584,-0.0002698952933059493,-74.82456393594643,-330.01837602297746,0.0
2026-03-03,2622635.975942556,8.090598626498247e-05,64.08306289782045,57.27591649965325,0.0
2026-03-04,2623174.2397314254,0.00035884252591344263,42.21344061203406,496.0503482581298,0.0
2026-03-05,2622795.2695484497,-0.0002526467886504467,215.60837878472782,-594.5785617603979,0.0
2026-03-06,2623079.469635591,0.0001894667247606089,-85.7068735872793,369.90696072819264,0.0
2026-03-07,2622900.4926042566,-0.00011931802088972497,-1.6944326445449516,-177.2825986900425,0.0
2026-03-08,2622698.983323887,-0.00013433952024615963,-194.34979080653358,-7.159489562705858,0.0
2026-03-09,2622596.8499139585,-6.808893995241934e-05,-309.75860724063057,207.62519731200155,0.0
2026-03-10,2622653.191058864,3.756076326998871e-05,13.384207529737445,42.956937375245616,0.0
2026-03-11,2622421.7735036584,-0.00015427837013667932,-527.3431237875745,295.92556858255557,0.0
2026-03-12,2621759.9174741753,-0.0004412373529888805,-492.0738484301967,-169.78218105312408,0.0
2026-03-13,2622440.7240294036,0.0004538710368188716,20.087947033414352,660.718608194893,0.0
2026-03-14,2621306.621771778,-0.0007560681717503808,-222.80151474343458,-911.3007428821365,0.0
2026-03-15,2621272.3153851726,-2.2870924403560595e-05,-137.9485212244773,103.64213461913641,0.0
2026-03-16,2621524.2988227503,0.00016798895838504826,289.48552576223,-37.50208818465762,0.0
2026-03-17,2621496.424981957,-1.8582560528783216e-05,-89.92275033496182,62.048909541787,0.0
2026-03-18,2621229.7540091863,-0.0001777806485136473,-225.75960384157756,-40.91136892889335,0.0
2026-03-19,2621386.5757191796,0.0001045478066623361,-67.50896296498327,224.3306729584874,0.0
2026-03-20,2621378.638895538,-5.291215761060589e-06,27.519696096714476,-35.45651973830536,0.0
2026-03-21,2621198.56143027,-0.0001200516435122077,-27.341687934896374,-152.73577733341517,0.0
2026-03-22,2620901.5363809206,-0.00019801669956610575,-245.54491011431318,-51.48013923484541,0.0
2026-03-23,2620507.2986083403,-0.0002628251817201751,-110.58561467627175,-283.6521579039909,0.0
2026-03-24,2621186.3221085127,0.00045268233344797945,264.79588977113497,414.22761040083424,0.0
2026-03-25,2621118.340034511,-4.53213826677138e-05,194.87347136374638,-262.8555453653171,0.0
2026-03-26,2621374.6896119304,0.00017089971827962335,41.90581861944585,214.44375879998915,0.0
2026-03-27,2620926.0918308944,-0.00029906518735718456,-216.0848342919095,-232.51294674386736,0.0
2026-03-28,2620941.138198306,1.0030911607604669e-05,-358.95173020997765,373.99809762138466,0.0
2026-03-29,2620886.1363327475,-3.666791037233496e-05,-22.954626564433717,-32.04723899406872,0.0
2026-03-30,2620603.5976118417,-0.00018835914727064783,34.86531636420664,-317.4040372701784,0.0
2026-03-31,2620501.3260833593,-6.818101898816028e-05,-103.97616885485668,1.704640372616268,0.0
2026-04-01,2620768.460758063,0.00017808978313566554,-77.54360851911072,344.678283222609,0.0
2026-04-02,2620167.255248392,-0.0004008036731137748,-70.38049782317427,-530.825011847488,0.0
2026-04-03,2620342.781651771,0.00011701760225274382,-24.598376295952846,200.12477967506857,0.0
2026-04-04,2620590.8552751886,0.00016538241561164603,217.3900967212947,30.68352669617434,0.0
2026-04-05,2620607.367812409,1.1008358147188554e-05,185.9537901996816,-169.44125297889877,0.0
2026-04-06,2621151.397860446,0.00036268669869132087,306.74410825148215,237.28593978549907,0.0
2026-04-07,2621386.6129280697,0.00015681004508229408,252.94332749209903,-17.728259868657915,0.0
2026-04-08,2621612.3601286067,0.00015049813369141546,285.0686854836235,-59.32148494650028,0.0
2026-04-09,2621609.511554947,-1.899049106327889e-06,75.22395537933362,-78.07252903882545,0.0
2026-04-10,2621825.637375408,0.00014408388030710362,16.682896934033828,199.4429235266216,0.0
2026-04-11,2621590.416847379,-0.0001568136853526955,-498.7579295438041,263.53740151476086,0.0
2026-04-12,2620758.2551989914,-0.0005547744322582258,-302.01849268879744,-530.1431556985412,0.0
2026-04-13,2620638.260977313,-7.999614778569464e-05,-140.44990614250113,20.455684463959187,0.0
2026-04-14,2620519.7679392686,-7.899535869599424e-05,-211.90733043089898,93.41429238690762,0.0
2026-04-15,2619687.2455869676,-0.0005550149015342233,-544.4381294299341,-288.0842228714009,0.0
2026-04-16,2619779.1590699228,6.127565530338882e-05,-216.2854963060443,308.19897926112753,0.0
2026-04-17,2620128.6689398587,0.00023300657995714775,-120.62994466737352,470.13981460309515,0.0
2026-04-18,2619402.632999357,-0.00048402396033431,-519.0925993379177,-206.9433411635473,0.0
2026-04-19,2618565.659867217,-0.0005579820880934752,-719.3529464708831,-117.62018566932966,0.0
2026-04-20,2618445.898837615,-7.984068640146973e-05,-305.2259020786384,185.4648724764338,0.0
2026-04-21,2618235.3930809414,-0.00014033717111551632,-465.1790282527096,254.6732715794351,0.0
2026-04-22,2618147.0209389245,-5.891476134463981e-05,14.92906452745663,-103.30120654441635,0.0
2026-04-23,2617346.585497304,-0.0005336236277472836,-482.6904762765199,-317.7449653444055,0.0
2026-04-24,2617003.8793055722,-0.00022847079448747327,-395.8909713381768,53.18477960696691,0.0
2026-04-25,2616720.2304722965,-0.00018909922218396093,-343.3112462966688,59.6624130207274,0.0
2026-04-26,2616673.4202175206,-3.1206836517073064e-05,15.579582840408158,-62.38983761601776,0.0
2026-04-27,2616403.228013455,-0.0001801281360437439,-377.5845475032133,107.39234343759745,0.0
2026-04-28,2616249.4917535046,-0.00010249083996719704,-50.435053406382835,-103.30120654441271,0.0
2026-04-29,2616454.506510644,0.0001366765047597399,52.960835955638444,152.0539211839714,0.0
2026-04-30,2615729.4224364515,-0.0004833893827950852,-231.4202224555685,-493.6638517370593,0.0
2026-05-01,2615880.8692756733,0.00010096455948119343,-226.301467218061,377.74830643985115,0.0
2026-05-02,2615588.7299064924,-0.0001947595794537916,-225.65839467197603,-66.48097450871137,0.0
2026-05-03,2615454.5580773787,-8.944788607585765e-05,42.76984150253821,-176.9416706163247,0.0
2026-05-04,2615669.830152983,0.00014351471706965866,26.397922384314583,188.8741532201734,0.0
2026-05-05,2615150.045756272,-0.00034652293114077553,-360.57098596399123,-159.21341074717202,0.0
2026-05-06,2614921.9147743993,-0.00015208732124821238,-525.4202627532669,297.28928088094835,0.0
2026-05-07,2615005.1970867096,5.552154154015587e-05,-372.8794512421715,456.1617635524053,0.0
2026-05-08,2614127.8388894354,-0.0005849054648496265,-178.1147166717238,-699.2434806027159,0.0
2026-05-09,2614224.588450081,6.449970709723472e-05,46.29220563417736,50.457355011674736,0.0
2026-05-10,2614731.9045347273,0.00033821072309725425,288.09933280375844,219.2167518421229,0.0
2026-05-11,2614684.1031207284,-3.1867609332647895e-05,362.67598758339955,-410.4774015823714,0.0
2026-05-12,2615434.8281637356,0.000500483362005106,266.9481054285978,483.77693757906127,0.0
2026-05-13,2615673.827926109,0.00015933317491549826,344.34653736401236,-105.34677499076497,0.0
2026-05-14,2615354.1075519063,-0.00021314691613505358,295.9957281712277,-615.7161023738081,0.0
2026-05-15,2615765.7687583147,0.00027444080427190876,-126.66422307605764,538.3254294839207,0.0
2026-05-16,2615931.6642031744,0.00011059696323999816,234.08105974082648,-68.18561488082923,0.0
2026-05-17,2616226.8761146218,0.0001968079409649628,140.08963759345693,155.12227385398728,0.0
2026-05-18,2615977.1853295667,-0.00016646052336995857,312.1586815629507,-561.8494666178885,0.0
2026-05-19,2616773.8320548506,0.0005310978168557912,407.6477923884399,388.998932895247,0.0
2026-05-20,2617100.337507995,0.00021767030209620785,473.7863812871399,-147.2809281428281,0.0
2026-05-21,2617677.398911664,0.00038470760244608507,318.6379232707276,258.4234803984,0.0
2026-05-22,2617392.791746208,-0.0001897381103038958,149.05334518626609,-433.6605106421098,0.0
2026-05-23,2617560.5057763867,0.00011180935345247508,263.8557471609215,-96.14171698220889,0.0
2026-05-24,2618476.5705679604,0.000610709861049147,564.9088749373545,351.1559166363659,0.0
2026-05-25,2618709.0843706382,0.00015500920178524485,302.0631298560943,-69.54932717822703,0.0
2026-05-26,2619374.5079938853,0.00044361574883127,465.98069972078,199.442923526125,0.0
2026-05-27,2619572.5147330784,0.00013200449279548865,746.9009389841026,-548.8941997908696,0.0
2026-05-28,2620442.313823483,0.0005798660602694669,634.558719065039,235.24037133916136,0.0
2026-05-29,2620819.6716991602,0.0002515719171183889,554.2995462929185,-176.94167061533517,0.0
2026-05-30,2621400.647354168,0.00038731710333852305,360.73611894298665,220.2395360647979,0.0
2026-05-31,2621631.742218326,0.0001540632427716717,404.9681821033216,-173.87331794581405,0.0
2026-06-01,2621923.0479050735,0.00019420379116545915,505.74944554867267,-214.44375880048392,0.0
2026-06-02,2622386.134651665,0.0003087244977275297,592.2984867907419,-129.21174019944738,0.0
2026-06-03,2623350.3998866836,0.0006428434900124459,509.4671837636414,454.79805125502753,0.0
2026-06-04,2623225.2037343644,-8.346410154627954e-05,68.79192201611225,-193.98807433553156,0.0
2026-06-05,2623460.9512435095,0.00015716500609678493,-21.312258955328193,257.0597681005056,0.0
2026-06-06,2623544.393546547,5.56282020249924e-05,19.347825049349336,64.09447798813926,0.0
2026-06-07,2623566.3945740024,1.4667351636724874e-05,6.659264106751393,15.341763348335917,0.0
2026-06-08,2623654.6924193366,5.8865230222968646e-05,153.4151075457611,-65.11726221130812,0.0
2026-06-09,2623532.0560047408,-8.175760973062032e-05,44.75926993662147,-167.39568453255197,0.0
2026-06-10,2623760.6516326107,0.00015239708524679364,-10.054024212711846,238.64965208290232,0.0
2026-06-11,2623591.0746970773,-0.00011305129035592044,93.2786098316838,-262.85554536556447,0.0
2026-06-12,2623654.867397125,4.252846669871825e-05,42.996087509418125,20.796612538659247,0.0
2026-06-13,2623963.0122318943,0.00020542988984613916,137.68079756713726,170.4640372020715,0.0
2026-06-14,2623918.7432991015,-2.9512621861916766e-05,-273.03167071802864,228.7627379251535,0.0
2026-06-15,2624017.574745966,6.588763124292424e-05,-59.359179658867376,158.19062652325374,0.0
2026-06-16,2623936.8970550043,-5.3785127307775156e-05,-29.19755172731209,-51.480139234350645,0.0
2026-06-17,2623343.046890165,-0.0003959001098927087,-163.59893494069556,-430.25122989836746,0.0
2026-06-18,2623675.933000278,0.00022192407340860404,118.7832793871477,214.1028307257584,0.0
2026-06-19,2623823.7163554877,9.852223680641159e-05,232.67444573618306,-84.89109052656568,0.0
2026-06-20,2624003.926639924,0.00012014018962418296,269.19251185577383,-88.9822274194994,0.0
2026-06-21,2624060.2565049166,3.755324332836786e-05,175.31376295952845,-118.98389796697666,0.0
2026-06-22,2624232.541641066,0.00011485675743306733,278.31376728931497,-106.02863113971398,0.0
2026-06-23,2624489.8094812185,0.00017151189343499038,83.05359413194599,174.21424602053958,0.0
2026-06-24,2624853.421634793,0.00024240810238295262,92.2334063487626,271.3787472256663,0.0
2026-06-25,2624441.754300407,-0.0002744448895904391,-34.25995602027839,-377.4073783653803,0.0
2026-06-26,2624677.1241289545,0.00015691321903143712,377.1959074993949,-141.8260789522392,0.0
2026-06-27,2625042.1949921837,0.00024338057548649756,271.99749891755334,93.07336431219301,0.0
2026-06-28,2625358.093496942,0.0002105990031718866,205.437808650709,110.46069610712084,0.0
2026-06-29,2625686.8155085538,0.00021914800774143868,390.0890650047559,-61.36705339259788,0.0
2026-06-30,2626349.603931898,0.0004418589488959046,366.52192668682693,296.2664966570301,0.0
2026-07-01,2626086.5154894274,-0.00017539229498011687,288.8741099902154,-551.9625524603907,0.0
2026-07-02,2626638.47551902,0.00036797335306178826,378.4276397208481,173.5323898718343,0.0
2026-07-03,2626969.5069525884,0.00022068762237893694,498.08619002649016,-167.05475645808474,0.0
2026-07-04,2627539.003756388,0.00037966453586624704,628.8182887456235,-59.321484946252895,0.0
2026-07-05,2628507.234683542,0.0006454872847692313,581.277562705196,386.953364448651,0.0
2026-07-06,2629150.007418842,0.00042851515686678895,516.6293477705009,126.14338752968251,0.0
2026-07-07,2629187.5161549533,2.500582407418934e-05,493.6704996641859,-456.1617635529019,0.0
2026-07-08,2629775.2612673743,0.00039183007494731525,275.1140681924335,312.6310442285394,0.0
2026-07-09,2630365.7848148337,0.00039368236497270686,375.3979325098784,215.1256149491819,0.0
2026-07-10,2630853.7574663674,0.0003253151010226701,556.1582664148344,-68.18561488082923,0.0
2026-07-11,2631160.329261047,0.00020438119645293216,330.0958318133624,-23.524037133964157,0.0
2026-07-12,2631689.3793353355,0.0003527000495255378,403.24761483309874,125.80245945520801,0.0
2026-07-13,2631847.239981769,0.00010524043095570217,355.939857662529,-198.07921122897574,0.0
2026-07-14,2632127.514171468,0.0001868494597994274,368.233632895468,-87.9594431963269,0.0
2026-07-15,2632733.36452184,0.0004039002335812529,542.0968004582073,63.75354991367203,0.0
2026-07-16,2633276.0508294185,0.00036179087171894645,355.5167947306157,187.16951284780407,0.0
2026-07-17,2633409.7055185093,8.910312606045499e-05,330.7111160962372,-197.05642700555472,0.0
2026-07-18,2633450.793049917,2.7391687605292873e-05,290.98780994623564,-249.90027853829633,0.0
2026-07-19,2633923.6824010974,0.0003152595674533057,277.1966364718035,195.6927147081551,0.0
2026-07-20,2634299.8956559715,0.0002508088365828999,368.0309810887198,8.18227378563006,0.0
2026-07-21,2634764.902673635,0.0003100046784424347,360.6830268958158,104.32399076783622,0.0
2026-07-22,2635113.9123674813,0.00023267312923074815,245.36755922772974,103.64213461839245,0.0
2026-07-23,2635256.817024218,9.526977115791105e-05,188.92994678112763,-46.025290044261055,0.0
2026-07-24,2635563.6476441957,0.00020455374665190803,413.2001791917959,-106.36955921393383,0.0
2026-07-25,2635630.4751932295,4.455169935588151e-05,267.29325678361636,-200.4657077497941,0.0
2026-07-26,2636432.832498807,0.0005349048703848744,341.76347705724527,460.5938285200664,0.0
2026-07-27,2636409.701603837,-1.5420596646837454e-05,393.1422838771704,-416.2731788474266,0.0
2026-07-28,2637002.3469518395,0.0003950968986682338,239.44386291963986,353.20148508271086,0.0
2026-07-29,2636707.880110163,-0.00019631122778432088,515.5782631078322,-810.0451047843135,0.0
2026-07-30,2637724.9360578572,0.0006780372984631637,540.0975716034188,476.9583760913267,0.0
2026-07-31,2636836.527186227,-0.0005922725810869132,553.4005018461255,158.19062652350476,1600.0
