date,nav,ret,funding_pnl,basis_pnl,cost
2021-01-02,1500000.0,0.0,0.0,0.0,0.0
2021-01-03,1500000.0,0.0,0.0,0.0,0.0
2021-01-04,1500000.0,0.0,0.0,0.0,0.0
2021-01-05,1500000.0,0.0,0.0,0.0,0.0
2021-01-06,1500000.0,0.0,0.0,0.0,0.0
2021-01-07,1500000.0,0.0,0.0,0.0,0.0
2021-01-08,1507090.9742972383,0.00472731619815882,6509.635037247397,2181.339259990833,1600.0
2021-01-09,1513103.9394849846,0.004008643458497549,4901.716885486548,1111.2483022597753,0.0
2021-01-10,1521937.9576820184,0.005889345464689179,11756.189658531232,-2922.1714614974626,0.0
2021-01-11,1527173.1876843506,0.0034901533348881677,4892.252131264491,342.97787106776013,0.0
2021-01-12,1534169.5018811652,0.004664209464543058,1687.0167526855168,5309.297444129072,0.0
2021-01-13,1534817.3024635413,0.0004318670549173876,1292.5989799838117,-644.7983976077303,0.0
2021-01-14,1537177.7065957387,0.0015736027547982934,2771.9775774787013,-411.57344528126123,0.0
2021-01-15,1537321.9202572335,9.614244099657905e-05,2888.0366300366295,-2743.822968541761,0.0
2021-01-16,1544221.220277126,0.004599533346594983,3551.835998271392,3347.464021621083,0.0
2021-01-17,1544543.3401404838,0.00021474657557180125,3504.954506866417,-3182.834643508715,0.0
2021-01-18,1550616.0874586713,0.004048498212125053,4179.509469893402,1893.2378482941776,0.0
2021-01-19,1554986.416086348,0.002913552418451185,8993.670329670329,-4623.341701993551,0.0
2021-01-20,1563522.7365264571,0.005690880293405962,5161.418188802459,3374.9022513064847,0.0
2021-01-21,1565466.1948067662,0.0012956388535395032,2615.6949076017613,-672.2366272925065,0.0
2021-01-22,1569845.9151859628,0.0029198135861309765,716.7167161926712,3663.003663003794,0.0
2021-01-23,1568069.5022798425,-0.001184275270746862,1090.8820960063658,-2867.295002126659,0.0
2021-01-24,1571884.2916146026,0.0025431928898400893,4171.48632067059,-356.69698591045653,0.0
2021-01-25,1576867.0246602462,0.0033218220304290728,4776.9463230028405,205.78672264076886,0.0
2021-01-26,1579764.3982405234,0.0019315823868515107,1374.551832736552,1522.8217475407146,0.0
2021-01-27,1579436.5511834107,-0.00021856470474177603,1057.7835420010701,-1385.6305991137342,0.0
2021-01-28,1584007.242858652,0.003047127783494232,1387.8570317323126,3182.8346435090352,0.0
2021-01-29,1589918.758611214,0.003941010501707999,7585.247763372708,-1673.7320108107087,0.0
2021-01-30,1591413.2898894236,0.0009963541854730678,3881.657260841531,-2387.125982631929,0.0
2021-01-31,1597385.0981302217,0.0039812054938653104,5697.425943943696,274.38229685426904,0.0
2021-02-01,1602332.741506359,0.003298428917424857,2560.517393505371,2387.1259826319147,0.0
2021-02-02,1605939.3756074137,0.002404422734036476,6364.17618443978,-2757.542083385066,0.0
2021-02-03,1613605.221267372,0.00511056377330546,9888.342264477096,-2222.4966045189067,0.0
2021-02-04,1627253.109799564,0.009098592354794722,9751.659916862163,3896.228615329921,0.0
2021-02-05,1638423.1566068511,0.007446697871524829,9756.977978488429,1413.068828798816,0.0
2021-02-06,1644809.3921611723,0.004257490369547365,8691.046847896174,-2304.811293575127,0.0
2021-02-07,1650141.0453389306,0.003554435451838799,6634.9690878160545,-1303.315910057856,0.0
2021-02-08,1660949.8889547407,0.007205895743873492,7392.784019975032,3416.059595835206,0.0
2021-02-09,1667155.4382434047,0.004137032859109365,13586.433074042061,-7380.883785378013,0.0
2021-02-10,1683915.5904562979,0.011173434808595426,11176.472471910114,5583.679740983025,0.0
2021-02-11,1690584.1391083947,0.004445699101397925,7615.16757624398,-946.6189241470929,0.0
2021-02-12,1696558.90334815,0.003983176159836795,7278.080149812735,-1303.315910057543,0.0
2021-02-13,1709993.2286173878,0.0089562168461585,12542.582804461455,891.7424647762964,0.0
2021-02-14,1720580.4965190492,0.007058178601107605,10271.728260279046,315.5396413823619,0.0
2021-02-15,1723031.7886127231,0.0016341947291159602,4317.091712282724,-1865.799618608784,0.0
2021-02-16,1733830.938527253,0.007199433276353308,8110.203405358685,2688.9465091712773,0.0
2021-02-17,1743959.245630462,0.00675220473547265,10553.599663332921,-425.29256012394626,0.0
2021-02-18,1760004.50661522,0.010696840656505458,13095.651293575338,2949.60969118285,0.0
2021-02-19,1767614.2379762935,0.005073154240715625,10408.430788986294,-2798.6994279128558,0.0
2021-02-20,1781721.3856509035,0.009404765116406621,15369.306240139384,-1262.1585655294512,0.0
2021-02-21,1789120.1517329987,0.004932510721396772,5313.460626003211,2085.305456091948,0.0
2021-02-22,1794122.9636757625,0.0033352079618425186,4234.541511572073,768.2704311917041,0.0
2021-02-23,1795592.2378105666,0.0009795160898693517,1126.2962637362637,342.9778710677638,0.0
2021-02-24,1795767.671526663,0.00011695581073102312,1766.8510378510377,-1591.417321754503,0.0
2021-02-25,1799011.7369822063,0.0021627103036955327,1625.2099041033873,1618.8555514399122,0.0
2021-02-26,1801285.8661948661,0.0015160861417731323,1272.633829142144,1001.4953835175547,0.0
2021-02-27,1802044.3438637143,0.000505651779232212,1787.411282051282,-1028.933613202964,0.0
2021-02-28,1803234.6032921758,0.0007935062856409665,600.3374902251309,589.921938236319,0.0
2021-03-01,1803775.29580785,0.00036046167711619923,1802.8510812034408,-1262.158565529142,0.0
2021-03-02,1806580.3764899643,0.0018700537880761892,2681.608648529997,123.47203358428669,0.0
2021-03-03,1811164.7960731776,0.0030562797221421983,2183.57448573898,2400.8450974743173,0.0
2021-03-04,1811184.4904140427,1.3129560576750918e-05,2077.56156727168,-2057.8672264065535,0.0
2021-03-05,1811671.6157409006,0.0003247502179053007,1214.2384135215596,-727.1130866636086,0.0
2021-03-06,1813968.8046976991,0.0015314593045322887,2557.852138810004,-260.6631820115708,0.0
2021-03-07,1817910.451861272,0.0026277647757153707,3324.2869956510403,617.3601679220155,0.0
2021-03-08,1820503.7660178896,0.001728876104411656,2661.909730830967,-68.5955742134829,0.0
2021-03-09,1825608.2297729487,0.003402975836705927,5077.025525373503,27.43822968538734,0.0
2021-03-10,1828927.6607928276,0.0022129540132527635,5541.927624398074,-2222.4966045189285,0.0
2021-03-11,1835569.1126702884,0.004427634584973836,4789.3713736949685,1852.0805037657847,0.0
2021-03-12,1839297.3656661315,0.002485501997228663,6005.626059733026,-2277.3730638900306,0.0
2021-03-13,1847495.4665800992,0.005465400609311833,5467.997060268071,2730.1038536996784,0.0
2021-03-14,1854312.7996151787,0.004544888690052898,8738.009113059226,-1920.6760779798788,0.0
2021-03-15,1858937.1708407071,0.0030829141503524037,4363.708043517033,260.66318201157264,0.0
2021-03-16,1863068.130408967,0.0027539730455064687,2347.4746387071104,1783.4849295525928,0.0
2021-03-17,1864752.247501612,0.001122744728430031,3248.0961847141625,-1563.9790920691157,0.0
2021-03-18,1869731.4427328475,0.0033194634874903445,5143.824609348205,-164.62937811268785,0.0
2021-03-19,1872141.5460803118,0.0016067355649762361,1408.6079639461664,1001.4953835181877,0.0
2021-03-20,1876948.4817689427,0.003204623792420562,5355.700282339383,-548.7645937085399,0.0
2021-03-21,1880966.9963597697,0.002679009727218125,2413.378154230289,1605.1364365968989,0.0
2021-03-22,1883481.9559317338,0.0016766397146425701,3461.5784961106315,-946.6189241467764,0.0
2021-03-23,1886389.3941852902,0.001938292169037734,1453.212080229384,1454.226173327217,0.0
2021-03-24,1887869.1726420273,0.0009865189711579648,2357.8018066702334,-878.0233499332862,0.0
2021-03-25,1890455.149996982,0.0017239849033031096,1214.0658706836236,1371.9114842710405,0.0
2021-03-26,1889784.360278635,-0.00044719314556460586,1359.6392783745594,-2030.4289967214681,0.0
2021-03-27,1892883.9735188156,0.002066408826787028,1398.4429996844606,1701.1702404960815,0.0
2021-03-28,1893208.339548092,0.00021624401951772748,2039.2553846153846,-1714.8893553387934,0.0
2021-03-29,1897329.1002731477,0.0027471738167037137,3475.962327447833,644.7983976077376,0.0
2021-03-30,1900789.6306994003,0.002307020284168401,4173.9243980738365,-713.393971821235,0.0
2021-03-31,1904556.7859270691,0.002511436818445892,5619.235731434608,-1852.0805037657701,0.0
2021-04-01,1912350.214293534,0.005195618910976614,8726.328175769298,-932.8998093043774,0.0
2021-04-02,1922898.8585054395,0.00703242947460363,7804.821243363378,2743.8229685420665,0.0
2021-04-03,1928470.7528827973,0.003714596251571888,9166.302466148085,-3594.408088790253,0.0
2021-04-04,1934495.5633137147,0.004016540287278246,5654.394330164218,370.4161007531511,0.0
2021-04-05,1943735.6594943132,0.006160064120399031,6633.464360483461,2606.631820115086,0.0
2021-04-06,1950936.6395581071,0.004800653375862641,8312.228366053421,-1111.2483022594606,0.0
2021-04-07,1956296.1031824227,0.003572975749543673,4399.125585326035,960.3380389894746,0.0
2021-04-08,1958892.144795242,0.0017306944085462622,2157.02993785241,439.01167496698326,0.0
2021-04-09,1963495.0735677928,0.0030686191817004666,4177.636212426774,425.2925601239258,0.0
2021-04-10,1974236.6103610871,0.007161024528862896,9644.007605877268,1097.5291874170762,0.0
2021-04-11,1978783.552103003,0.0030312944946106098,6838.033920648639,-2291.0921787327243,0.0
2021-04-12,1987022.5671689233,0.005492676710613483,9816.713272832038,-1577.698206911813,0.0
2021-04-13,1999896.9951899415,0.008582952014012187,9760.188951722434,3114.239069295847,0.0
2021-04-14,2010639.6098069719,0.007161743078020254,14282.14624645018,-3539.5316294197983,0.0
2021-04-15,2021361.3760269447,0.007147844146648566,10982.429401983782,-260.66318201093236,0.0
2021-04-16,2032588.3330531889,0.007484638017496166,13504.330090134585,-2277.373063890336,0.0
2021-04-17,2041767.4322659862,0.006119399475198213,7944.378876953259,1234.7203358440602,0.0
2021-04-18,2049155.2207055744,0.004925192293058678,3779.6612359550563,3608.127203632961,0.0
2021-04-19,2054941.4523994732,0.0038574877959324377,2205.5427199517094,3580.688973946948,0.0
2021-04-20,2053463.5822926008,-0.000985246737914838,1224.7955171420342,-2702.665624014291,0.0
2021-04-21,2056933.1752464639,0.0023130619692420867,958.9949376466232,2510.598016216507,0.0
2021-04-22,2054887.8407752672,-0.0013635563141311108,1439.3206988517097,-3484.655170048376,0.0
2021-04-23,2059353.56364366,0.0029771485789284865,2970.3393505371037,1495.3835178556255,0.0
2021-04-24,2060977.346361142,0.001082521811654643,1637.5018323249783,-13.719114843013813,0.0
2021-04-25,2061614.8256109804,0.00042498616655895703,911.8615466930074,-274.3822968545719,0.0
2021-04-26,2064216.2620023047,0.0017342909275496112,955.1426101987901,1646.293781125627,0.0
2021-04-27,2063800.989262323,-0.00027684849332120485,2109.0443910770878,-2524.317131058895,0.0
2021-04-28,2066065.313793472,0.0015095496874328585,2319.2009905200916,-54.876459370803786,0.0
2021-04-29,2070008.8719830979,0.0026290387930839026,1131.1396468699838,2812.4185427558696,0.0
2021-04-30,2070184.566286921,0.00011712953588214623,2933.236387208298,-2757.5420833850785,0.0
2021-05-01,2074248.5320401695,0.002709310502165649,2184.4470197966825,1879.5187334517905,0.0
2021-05-02,2075245.0999429282,0.0006643786018390132,2958.401325266494,-1961.8334225079743,0.0
2021-05-03,2079359.104834753,0.0027426699278833198,3304.577116104869,809.4277757201107,0.0
2021-05-04,2086075.5752453664,0.004477646940408813,8198.134813625824,-1481.6644030126045,0.0
2021-05-05,2092466.5174103798,0.004260628110008998,9107.326903870162,-2716.3847388566646,0.0
2021-05-06,2104680.2202820648,0.008142468581123417,11898.163230302778,315.5396413823473,0.0
2021-05-07,2111449.791514178,0.004513047488075402,5425.09797752809,1344.473254585013,0.0
2021-05-08,2121566.113890329,0.00674421491743401,7043.240651383572,3073.081724767442,0.0
2021-05-09,2125071.211665775,0.0023367318502974365,8306.787970394149,-4801.690194947994,0.0
2021-05-10,2137547.95354447,0.008317827919129925,11365.493576436049,1111.2483022588385,0.0
2021-05-11,2143988.026901126,0.004293382237770603,6179.410174644332,260.66318201157264,0.0
2021-05-12,2152178.881623245,0.0054605698147459966,6407.369792566984,1783.4849295520107,0.0
2021-05-13,2131826.696529064,-0.013568123396120669,3450.4791579207317,-23802.664252101735,0.0
2021-05-14,2158353.746507799,0.017684699985823397,1530.8227353171173,24996.227243417976,0.0
2021-05-15,2161299.523368591,0.0019638512405280384,7665.152366684501,-4719.3755058924435,0.0
2021-05-16,2167441.093818303,0.004094380299808079,3137.0842991590184,3004.4861505531007,0.0
2021-05-17,2177670.1757902894,0.00681938798132417,5852.684337160966,4376.397634825291,0.0
2021-05-18,2179799.7220767993,0.0014196975243399232,4050.2223644894434,-1920.6760779795586,0.0
2021-05-19,2164893.345327543,-0.009937584499504066,-13575.622609512833,-1330.7541397432651,0.0
2021-05-20,2161639.01034188,-0.002169556657108648,1067.186189790235,-4321.5211754532065,0.0
2021-05-21,2169020.615752699,0.004921070273879006,1139.4081573856856,6242.197253432823,0.0
2021-05-22,2170419.1039062436,0.0009323254356966078,1000.6338231057331,397.85433043917874,0.0
2021-05-23,2171706.832158016,0.0008584855011817264,944.750380705437,342.9778710671526,0.0
2021-05-24,2170106.832158016,-0.0010666666666666667,0.0,0.0,1600.0
2021-05-25,2170106.832158016,0.0,0.0,0.0,0.0
2021-05-26,2169415.100668531,-0.00046115432632336825,1114.0552331563567,-205.78672264140914,1600.0
2021-05-27,2173867.2936690394,0.0029681286670055875,1187.0436679425443,3265.1493325658375,0.0
2021-05-28,2173349.851186428,-0.00034496165507425197,1128.85129851422,-1646.293781125598,0.0
2021-05-29,2176029.873411394,0.0017866814833107164,992.5710993126723,1687.4511256534024,0.0
2021-05-30,2177049.748293067,0.0006799165877817091,937.5601926163724,82.31468905619113,0.0
2021-05-31,2176605.019862945,-0.00029648562008109463,982.0595135201878,-1426.7879436418298,0.0
2021-06-01,2177691.4886999754,0.0007243125580204262,1113.9070667160556,-27.438229685416445,0.0
2021-06-02,2178789.5433294903,0.0007320364196766544,1084.3355146725935,13.71911484238808,0.0
2021-06-03,2179190.2910212493,0.0002671651278393007,1114.141663579866,-713.3939718209149,0.0
2021-06-04,2179996.291762082,0.0005373338272214866,1176.416841585381,-370.4161007531511,0.0
2021-06-05,2182776.913512367,0.0018537478335233489,1106.889739474009,1673.7320108110143,0.0
2021-06-06,2183940.612734493,0.000775799481417402,1081.3845330699264,82.31468905617658,0.0
2021-06-07,2185646.4337549205,0.0011372140136183598,1115.899082191217,589.9219382363226,0.0
2021-06-08,2185231.777624534,-0.00027643742025756956,1067.0082726262501,-1481.6644030126045,0.0
2021-06-09,2188677.7983952733,0.0022973471804930276,1031.4565584228508,2414.564212316691,0.0
2021-06-10,2187968.602472595,-0.0004727972817857841,1074.2890068732763,-1783.4849295519525,0.0
2021-06-11,2188886.0974603165,0.00061166332514762,972.3714470922338,-54.876459370803786,0.0
2021-06-12,2189690.4148657573,0.0005362116036274481,968.9467835535253,-164.62937811235315,0.0
2021-06-13,2190926.7581728864,0.0008242288714195162,975.6801251183275,260.6631820109469,0.0
2021-06-14,2192760.538743877,0.0012225203806599315,818.566072628994,1015.2144983609032,0.0
2021-06-15,2193836.035032856,0.0007169975259860753,1061.7771741367249,13.71911484238808,0.0
2021-06-16,2192811.606776967,-0.0006829521705924059,1047.1580853603327,-2071.5863412489416,0.0
2021-06-17,2196406.086205154,0.002396319618791394,974.128493229617,2620.3509349574742,0.0
2021-06-18,2196474.80110137,4.580993081026342e-05,617.4794899233102,-548.7645937079151,0.0
2021-06-19,2198454.4797075074,0.001319785737425387,-256.53711322385476,2236.215719361935,0.0
2021-06-20,2197299.6403687685,-0.0007698928924927023,-564.9174005021198,-589.9219382369338,0.0
2021-06-21,2195351.8182206294,-0.0012985480987593892,-315.2474818564706,-1632.5746662826132,0.0
2021-06-22,2195334.997985621,-1.1213490005625355e-05,353.5958657447422,-370.4161007531802,0.0
2021-06-23,2195457.4320046357,8.162267934307878e-05,-302.85854110932763,425.2925601239458,0.0
2021-06-24,2193857.4320046357,-0.0010666666666666667,0.0,0.0,1600.0
2021-06-25,2193857.4320046357,0.0,0.0,0.0,0.0
2021-06-26,2193857.4320046357,0.0,0.0,0.0,0.0
2021-06-27,2193857.4320046357,0.0,0.0,0.0,0.0
2021-06-28,2193857.4320046357,0.0,0.0,0.0,0.0
2021-06-29,2193857.4320046357,0.0,0.0,0.0,0.0
2021-06-30,2193857.4320046357,0.0,0.0,0.0,0.0
2021-07-01,2193857.4320046357,0.0,0.0,0.0,0.0
2021-07-02,2193857.4320046357,0.0,0.0,0.0,0.0
2021-07-03,2193857.4320046357,0.0,0.0,0.0,0.0
2021-07-04,2191760.8178821784,-0.0013977427483047298,916.4547063423468,-1413.0688287994417,1600.0
2021-07-05,2192776.433813638,0.0006770772876397184,631.4807158634126,384.1352155961649,0.0
2021-07-06,2194282.3577770903,0.0010039493089680563,257.48451276563634,1248.4394506864483,0.0
2021-07-07,2193946.230908753,-0.0002240845788915429,733.9640893937524,-1070.0909577310667,0.0
2021-07-08,2195766.130991891,0.0012132667220919578,557.7415176084838,1262.158565529453,0.0
2021-07-09,2196280.898185509,0.0003431781290786703,651.9583420449712,-137.1911484269658,0.0
2021-07-10,2194530.6409521047,-0.0011668381556026852,883.8128163970861,-2634.070049801114,0.0
2021-07-11,2195330.934541163,0.0005335290593720056,868.8891632711857,-68.59557421317731,0.0
2021-07-12,2197227.0232215207,0.0012640591202386937,880.8741819977776,1015.214498360263,0.0
2021-07-13,2198443.900475503,0.0008112515026548481,517.2023970037453,699.6748569785268,0.0
2021-07-14,2198029.565639927,-0.00027622322371747334,491.12674404247446,-905.4615796186845,0.0
2021-07-15,2199362.397568423,0.0008885546189973475,701.7526457312973,631.0792827647238,0.0
2021-07-16,2199505.2143441564,9.521118382234196e-05,705.3004842847538,-562.4837085512409,0.0
2021-07-17,2200431.110081216,0.000617263824706341,651.513440205238,274.3822968542736,0.0
2021-07-18,2201994.4923917893,0.0010422548737154913,781.3927645388319,781.9895460344051,0.0
2021-07-19,2201888.4034260735,-7.072597714387139e-05,31.10218271117147,-137.19114842697854,0.0
2021-07-20,2199955.283682895,-0.0012887464954523017,-1219.7257713572321,-713.3939718212205,0.0
2021-07-21,2199314.2483506864,-0.00042735688813890876,-1326.9910743438834,685.9557421355203,0.0
2021-07-22,2198996.8566288003,-0.0002115944812573237,821.2948100588551,-1138.6865319448407,0.0
2021-07-23,2200162.6169009875,0.0007771735147914736,795.3441714340591,370.4161007531511,0.0
2021-07-24,2200189.146585585,1.7686456398454917e-05,506.69870409241196,-480.1690194947296,0.0
2021-07-25,2202567.5505849817,0.0015856026662642874,402.8514620460688,1975.5525373503624,0.0
2021-07-26,2203893.427579398,0.0008839179962774969,900.5844342922995,425.2925601239458,0.0
2021-07-27,2203026.6978048026,-0.000577819849730127,916.7551549574023,-1783.4849295525928,0.0
2021-07-28,2205274.8689768263,0.0014987807813490654,807.6641135393945,1440.5070584842033,0.0
2021-07-29,2205208.5505940365,-4.421225519329596e-05,811.70496714272,-878.0233499326639,0.0
2021-07-30,2205777.530303465,0.00037931980628592743,980.553154710458,-411.5734452815668,0.0
2021-07-31,2206475.0869291117,0.00046503775043099297,1013.0962670288513,-315.5396413823619,0.0
2021-08-01,2208175.0375402984,0.0011333004074577302,1041.4330987364697,658.5175124501257,0.0
2021-08-02,2209295.088026641,0.0007467003242285817,1051.4549121290695,68.59557421380305,0.0
2021-08-03,2208734.258586929,-0.0003738862931411532,742.4864703461334,-1303.3159100578632,0.0
2021-08-04,2212401.1764437295,0.002444611904533526,676.1508210890235,2990.7670357112656,0.0
2021-08-05,2210147.8118308145,-0.0015022430752768226,1121.5376383915711,-3374.902251306805,0.0
2021-08-06,2212202.9942264464,0.0013701215970879717,1163.4399308556613,891.7424647762964,0.0
2021-08-07,2212415.52063684,0.00014168427359549044,1515.8423204510843,-1303.3159100578487,0.0
2021-08-08,2211089.855520707,-0.0008837767440883825,1459.315196937894,-2784.9803130704677,0.0
2021-08-09,2213735.2198825628,0.0017635762412372823,1877.0939306635935,768.2704311923299,0.0
2021-08-10,2215627.701912169,0.0012616546864040574,2852.8200685955744,-960.3380389894883,0.0
2021-08-11,2219152.601751655,0.0023499332263239555,3401.427805901963,123.47203358397019,0.0
2021-08-12,2223328.3579388387,0.002783837458122436,1829.7875490801332,2345.968638103521,0.0
2021-08-13,2226751.1151994057,0.002281838173711347,2599.6103700045273,823.1468905624934,0.0
2021-08-14,2228962.2425940083,0.0014740849297352919,3953.454979627115,-1742.327585024177,0.0
2021-08-15,2229908.9083624845,0.0006311105123173608,2812.465387084825,-1865.799618608784,0.0
2021-08-16,2229506.6723090624,-0.00026815736894810746,2080.92373310834,-2483.159786530501,0.0
2021-08-17,2238100.3889544643,0.0057291444302677765,1295.1475490801333,7298.569096321531,0.0
2021-08-18,2234868.699171089,-0.002154459855583241,1240.741655348397,-4472.431438723259,0.0
2021-08-19,2239909.5039343657,0.0033605365088510987,1240.6099518459068,3800.1948114307415,0.0
2021-08-20,2239733.4374515354,-0.00011737765522034381,3281.1504575324802,-3457.216940362996,0.0
2021-08-21,2243403.358853354,0.00244661426787938,2558.6730995596163,1111.2483022594533,0.0
2021-08-22,2244013.424235089,0.0004067102544899432,2242.6400480169023,-1632.5746662819874,0.0
2021-08-23,2250712.984140564,0.0044663732703166675,7056.256891385768,-356.69698591076667,0.0
2021-08-24,2258288.4660519115,0.005050321274231543,5421.580881041556,2153.9010303057585,0.0
2021-08-25,2258061.6444880697,-0.00015121437589448456,2023.1132703625963,-2249.934834204323,0.0
2021-08-26,2262600.435285287,0.003025860531478226,1328.517924023542,3210.272873193797,0.0
2021-08-27,2264244.181426786,0.0010958307609992815,1273.3300407457712,370.4161007531511,0.0
2021-08-28,2266552.1204848317,0.0015386260386970152,1594.5450862246369,713.3939718208858,0.0
2021-08-29,2264774.6541190255,-0.0011849775772041161,1638.5932300283987,-3416.059595834573,0.0
2021-08-30,2267089.948188252,0.0015435293794842533,1327.5178005515083,987.776268674872,0.0
2021-08-31,2269881.797757334,0.0018612330460548853,1804.0733004074577,987.7762686748702,0.0
2021-09-01,2271266.2581159524,0.0009229735724122044,1411.8985883030828,-27.43822968477616,0.0
2021-09-02,2273805.6128346417,0.0016929031457928025,7066.662616783965,-4527.307898094761,0.0
2021-09-03,2282619.7575954488,0.00587609650720484,6783.715764086101,2030.428996721159,0.0
2021-09-04,2292539.8775497642,0.006613413302876989,12115.178329149003,-2195.0583748335193,0.0
2021-09-05,2304239.226675857,0.00779956608406169,11178.02276206939,521.3263640231453,0.0
2021-09-06,2316355.2983335373,0.008077381105120381,9289.934000082314,2826.1376575982576,0.0
2021-09-07,2323529.1278894492,0.0047825530372744675,7256.144244968515,-82.31468905681322,0.0
2021-09-08,2327933.6497097015,0.0029363478801684166,1413.7547845413014,2990.767035711324,0.0
2021-09-09,2331417.3500293577,0.002322466879770466,1439.5522080915339,2044.1481115641654,0.0
2021-09-10,2328958.787243828,-0.0016390418570195386,1410.2276001152404,-3868.790385644548,0.0
2021-09-11,2330952.112894457,0.0013288837670857895,1321.0890233362143,672.2366272924701,0.0
2021-09-12,2333421.8059978574,0.0016464620689337175,1344.7256862987201,1124.967417101856,0.0
2021-09-13,2333218.344665183,-0.00013564088844953675,1401.675103922295,-1605.1364365966,0.0
2021-09-14,2337684.260896268,0.002977277487389816,1351.6771617895215,3114.239069295203,0.0
2021-09-15,2336573.817906049,-0.0007402953268123273,1413.8741408404333,-2524.317131058924,0.0
2021-09-16,2337732.2777982173,0.0007723065947787136,1487.7186483928058,-329.2587562247354,0.0
2021-09-17,2337377.1420475757,-0.00023675716709459555,1469.506523439108,-1824.6422740810012,0.0
2021-09-18,2340670.1411832715,0.0021953327571306246,1399.7612874017368,1893.2378482942004,0.0
2021-09-19,2343991.0010973895,0.002213906609412113,1413.9029509816025,1906.9569631365666,0.0
2021-09-20,2344400.786942008,0.00027319056307878784,1370.1238836070297,-960.338038988848,0.0
2021-09-21,2344803.445706464,0.00026843917630400317,1225.8056550191384,-823.1468905631336,0.0
2021-09-22,2349055.8787914813,0.0028349553900115583,1138.1940157221056,3114.239069295232,0.0
2021-09-23,2349018.8179746456,-2.4707211223930547e-05,1266.2550932213853,-1303.3159100572811,0.0
2021-09-24,2350508.429819729,0.0009930745633890382,-444.78334773840396,1934.3951928219612,0.0
2021-09-25,2350744.04581457,0.00015707732989407683,29.82927220095758,205.78672264015768,0.0
2021-09-26,2349854.5370669886,-0.0005930058317208382,619.5938851161324,-1509.1026326973897,0.0
2021-09-27,2352457.4455193356,0.0017352723015644526,1258.4351977610404,1344.4732545856386,0.0
2021-09-28,2351814.79487193,-0.0004284337649368384,139.3388986294604,-781.9895460347179,0.0
2021-09-29,2352669.2426443575,0.0005696318482847526,-23.575577506139258,878.023349933268,0.0
2021-09-30,2353301.395181982,0.0004214350250828987,275.45555171420347,356.6969859101446,0.0
2021-10-01,2352752.6831455166,-0.0003658080243099499,686.0082993785242,-1234.720335843449,0.0
2021-10-02,2354320.19765348,0.0010450096719756324,1361.727785323291,205.78672264015768,0.0
2021-10-03,2354630.4856177014,0.0002068586428141407,1394.0980367946659,-1083.8100725734548,0.0
2021-10-04,2354651.6994849825,1.4142578187321001e-05,1406.8444663950286,-1385.630599114047,0.0
2021-10-05,2356964.51725398,0.0015418785126650946,1393.6370745359511,919.180694461691,0.0
2021-10-06,2355396.9157355484,-0.0010450676789543396,1656.3904696053012,-3223.9919880368107,0.0
2021-10-07,2359330.2251427453,0.0026222062714645815,3741.2417993991025,192.0676077977696,0.0
2021-10-08,2361560.0841685506,0.0014865726838703204,2723.7471601432276,-493.88813433774703,0.0
2021-10-09,2365345.3882527314,0.0025235360561203773,1466.77367576244,2318.530408418126,0.0
2021-10-10,2363895.6825277447,-0.0009664704833245167,1472.4657365106802,-2922.1714614974553,0.0
2021-10-11,2369167.040866908,0.003514238892775742,2486.378026093757,2784.9803130698565,0.0
2021-10-12,2370378.3385579814,0.0008075317940488096,1458.2417582417586,-246.94406716854428,0.0
2021-10-13,2371129.967702869,0.0005010860965917078,1437.5848870230893,-685.9557421355275,0.0
2021-10-14,2373198.329687751,0.0013789079899213129,3934.161603490142,-1865.7996186081728,0.0
2021-10-15,2377861.387230658,0.0031087050286045846,5390.17062957018,-727.113086663303,0.0
2021-10-16,2382282.659589385,0.002947514905818248,5738.307383627609,-1317.0350249002367,0.0
2021-10-17,2390189.066932404,0.005270938228679154,6548.214973590704,1358.1923694280267,0.0
2021-10-18,2393362.4448882556,0.002115585303901126,4325.783602639558,-1152.405646787869,0.0
2021-10-19,2399550.9975916073,0.00412570180223457,4775.483874552414,1413.0688287994417,0.0
2021-10-20,2404345.2176905223,0.0031961467326099948,6673.738832366135,-1879.518733451143,0.0
2021-10-21,2417175.2686507227,0.008553367306800163,10429.205862726538,2400.845097473706,0.0
2021-10-22,2420784.573909808,0.0024062035060570084,5667.172485492037,-2057.8672264065244,0.0
2021-10-23,2425490.6124509177,0.0031373590274063044,3471.3182052653965,1234.7203358440602,0.0
2021-10-24,2431464.9602990746,0.003982898565438087,5988.066962999548,-13.719114842417184,0.0
2021-10-25,2439454.6410662476,0.005326453844781857,6480.578134474765,1509.102632698021,0.0
2021-10-26,2444350.121470961,0.003263653603142165,6953.347631120441,-2057.867226407194,0.0
2021-10-27,2452819.710857306,0.005646392924230231,5835.519336543606,2634.0700498017395,0.0
2021-10-28,2455305.6299759895,0.0016572794124553839,2129.2221327735933,356.69698590948246,0.0
2021-10-29,2459609.1975555266,0.0028690450530248364,6100.771623931624,-1797.2040443943697,0.0
2021-10-30,2465058.500344897,0.003632868526247149,5092.605803459961,356.69698591076303,0.0
2021-10-31,2468441.7800642042,0.0022555198128712804,2697.323977171393,685.9557421355275,0.0
2021-11-01,2473270.1567157786,0.00321891776771626,3799.4430383723643,1028.9336132020253,0.0
2021-11-02,2477660.316694926,0.0029267733194316293,6996.791799261911,-2606.6318201144677,0.0
2021-11-03,2482438.289068196,0.0031853149155133013,5052.354670123884,-274.3822968539316,0.0
2021-11-04,2489571.80187938,0.004755675207455881,6790.534940116064,342.9778710677565,0.0
2021-11-05,2494167.9913348686,0.0030641263036589607,4362.964503162256,233.2249523261853,0.0
2021-11-06,2499931.9209062825,0.003842619714276129,5736.491341729432,27.43822968476161,0.0
2021-11-07,2503627.199950335,0.0024635193627017197,4587.02150882825,-891.7424647756707,0.0
2021-11-08,2507930.995901687,0.002869197300901115,4605.616477891646,-301.8205265399738,0.0
2021-11-09,2506853.001361894,-0.0007186630265286162,1981.3680701321152,-3059.3626099250396,0.0
2021-11-10,2516149.837128999,0.006197890511403502,4508.864686998395,4787.971080106858,0.0
2021-11-11,2517399.286540861,0.0008329662745744402,2731.113814874265,-1481.6644030126045,0.0
2021-11-12,2521468.865775609,0.002713052823165351,1943.11643412767,2126.4628006203566,0.0
2021-11-13,2525680.35553429,0.002807659839120577,1920.3975799481418,2291.0921787327243,0.0
2021-11-14,2528099.4827242033,0.0016127514599423728,1911.519940733424,507.6072491801351,0.0
2021-11-15,2527500.8272900614,-0.0003991036227612576,3654.2701670988195,-4252.925601240706,0.0
2021-11-16,2529754.66258564,0.0015025568637190884,2240.116180735619,13.719114843013813,0.0
2021-11-17,2536165.36623904,0.0042738024356000544,1732.4854920360538,4678.218161364028,0.0
2021-11-18,2537793.0020239786,0.0010850905232924354,1764.8269333662593,-137.1911484276061,0.0
2021-11-19,2538217.3561966484,0.0002829027817797393,1645.3553936700005,-1221.0012210003915,0.0
2021-11-20,2542906.5935510546,0.003126158236270721,1767.0658929085896,2922.1714614974917,0.0
2021-11-21,2542651.0215325607,-0.00017038134566243812,1816.0143227558956,-2071.586341249553,0.0
2021-11-22,2545254.6131968265,0.0017357277761771072,1753.00654401778,850.5851202478807,0.0
2021-11-23,2546181.9197230097,0.0006182043507888731,1681.857842532,-754.5513163486903,0.0
2021-11-24,2545526.705773413,-0.0004368092997308228,1786.7884924064697,-2442.002442002704,0.0
2021-11-25,2549745.4175036685,0.0028124744868367373,3230.935461579619,987.7762686754868,0.0
2021-11-26,2550203.4439952783,0.0003053509944065627,3928.9625468164795,-3470.9360552066355,0.0
2021-11-27,2557710.8152756835,0.005004914186936831,1663.0283574103798,5844.342922994867,0.0
2021-11-28,2558600.6356924702,0.0005932136111912021,1685.5290776639092,-795.708660877106,0.0
2021-11-29,2557350.965637183,-0.0008331133701918264,1768.535210108244,-3018.2052653959836,0.0
2021-11-30,2562060.139858691,0.0031394494810055296,2390.6438130907795,2318.530408417515,0.0
2021-12-01,2563499.128725629,0.0009593259112920987,2303.293102029057,-864.3042350909091,0.0
2021-12-02,2561902.225129849,-0.0010646023971866319,1887.7515742684282,-3484.655170048376,0.0
2021-12-03,2564947.8039782676,0.0020303858989458253,2016.645235214224,1028.9336132045137,0.0
2021-12-04,2572397.447824695,0.004966429230951697,1536.7053492200685,5912.938497207477,0.0
2021-12-05,2574256.0270731617,0.0012390528323111647,1693.9498703543647,164.62937811238226,0.0
2021-12-06,2572498.9596711495,-0.0011713782680082855,1727.5877680372064,-3484.6551700496348,0.0
2021-12-07,2578515.993411942,0.004011355827194894,1613.1978762810222,4403.8358645113185,0.0
2021-12-08,2578147.976784374,-0.0002453444183784921,1772.165287895625,-2140.181915463363,0.0
2021-12-09,2580851.6164655425,0.0018024264541121448,1825.616331234309,878.0233499339083,0.0
2021-12-10,2582783.5471483427,0.0012879537885336686,1067.6264477095938,864.3042350909091,0.0
2021-12-11,2585169.0942824194,0.0015903647560511851,1534.9620138288678,850.5851202479098,0.0
2021-12-12,2584602.0256456872,-0.00037804575782134954,1682.8661974729391,-2249.9348342049634,0.0
2021-12-13,2585093.357788751,0.0003275547620423528,463.89391337750885,27.43822968602035,0.0
2021-12-14,2586886.385760517,0.0011953519811773458,764.0943585627856,1028.933613203233,0.0
2021-12-15,2589475.1841032472,0.0017258655618202234,1587.3029592130717,1001.4953835172637,0.0
2021-12-16,2588300.521639294,-0.0007831083093019963,1281.0590928921267,-2455.721556845121,0.0
2021-12-17,2589765.1880590175,0.0009764442798155878,1629.2957978351237,-164.62937811174197,0.0
2021-12-18,2593914.656409842,0.0027663122338830158,1350.7689229122936,2798.69942791223,0.0
2021-12-19,2595003.6886696545,0.0007260215065416584,1322.257212138673,-233.2249523261853,0.0
2021-12-20,2595726.3471597284,0.0004817723267160645,1614.4009548503932,-891.7424647762964,0.0
2021-12-21,2596594.893345129,0.0005790307902669954,1623.0975017491871,-754.551316348694,0.0
2021-12-22,2596806.5984939127,0.00014113676585569571,1652.2122072683871,-1440.5070584848436,0.0
2021-12-23,2599249.0441358993,0.0016282970946576549,1276.3208803555995,1166.1247616308829,0.0
2021-12-24,2599871.0591994864,0.0004146767090581243,1692.1060213195046,-1070.0909577323182,0.0
2021-12-25,2602990.1781579317,0.0020794126389635744,1664.8927851175042,1454.2261733278574,0.0
2021-12-26,2603742.2106447956,0.0005013549912427863,1684.9322961682512,-932.8998093040718,0.0
2021-12-27,2606360.8055330534,0.0017457299255052544,1671.975964110796,946.6189241470856,0.0
2021-12-28,2605490.1291532535,-0.00058045091986682,912.80854975237,-1783.4849295526,0.0
2021-12-29,2607993.977584473,0.0016692322874795867,1296.5663250607072,1207.2821061586728,0.0
2021-12-30,2610202.905344004,0.0014726185063542974,919.3309643165823,1289.596795214864,0.0
2021-12-31,2609916.015157973,-0.00019126012402070403,906.672805284603,-1193.562991315659,0.0
2022-01-01,2610592.0972531554,0.00045072139678827824,1512.9481005885502,-836.8660054061329,0.0
2022-01-02,2614383.6007535877,0.0025276690002882826,663.5453162941927,3127.9581841382314,0.0
2022-01-03,2614746.079949923,0.00024165279755657593,1020.9967087843493,-658.5175124494854,0.0
2022-01-04,2616034.608026091,0.0008590187174452161,1549.1912581800225,-260.6631820121984,0.0
2022-01-05,2614409.8258170392,-0.0010831881393676488,1558.052434456929,-3182.834643508402,0.0
2022-01-06,2618809.8636746625,0.002933358571748872,956.5400321027289,3443.4978255205788,0.0
2022-01-07,2620095.0720042223,0.0008568055530400084,1024.5451475490802,260.66318201093236,0.0
2022-01-08,2621273.508299513,0.0007856241968602437,1315.6274437173313,-137.1911484269658,0.0
2022-01-09,2620277.0303661604,-0.0006643186222350431,347.99532123307404,-1344.4732545856386,0.0
2022-01-10,2620620.446474459,0.00022894407219924907,-836.4277681743973,1179.843876473271,0.0
2022-01-11,2620926.1759197954,0.0002038196302240107,799.6175796737595,-493.8881343377434,0.0
2022-01-12,2621812.699819316,0.0005910159330141326,-828.3654558175908,1714.8893553387898,0.0
2022-01-13,2620468.6610589754,-0.0008960258402272332,288.53590594174864,-1632.5746662825986,0.0
2022-01-14,2619393.2666470455,-0.0007169296079533281,831.5625512065963,-1906.9569631365885,0.0
2022-01-15,2622822.384583691,0.0022860786244300736,1343.812480553155,2085.3054560919554,0.0
2022-01-16,2624639.559428871,0.0012114498967868233,939.1514952463268,878.0233499339083,0.0
2022-01-17,2623230.725683964,-0.0009392224966048832,45.39242842051828,-1454.2261733278428,0.0
2022-01-18,2623737.53866499,0.0003378753206843533,932.1055411504849,-425.2925601239549,0.0
2022-01-19,2623789.015346611,3.431778774703897e-05,792.3088831268607,-740.8322015063022,0.0
2022-01-20,2625990.713773028,0.001467798950944864,1268.798617113224,932.8998093040718,0.0
2022-01-21,2626528.2405162477,0.0003583511621463545,71.07683856717566,466.44990465235605,0.0
2022-01-22,2626088.5599180944,-0.0002931203987689516,932.2308861176277,-1371.911484271055,0.0
2022-01-23,2627247.0384550877,0.0007723190246621302,-282.0285214909934,1440.5070584841887,0.0
2022-01-24,2626147.8402001592,-0.0007327988366188406,286.43234418515317,-1385.630599113414,0.0
2022-01-25,2627631.3840398653,0.0009890292264707113,-11.839678149565799,1495.3835178556328,0.0
2022-01-26,2626523.176339875,-0.0007388051333269161,-1080.7694703049758,-27.438229685398255,0.0
2022-01-27,2624923.176339875,-0.0010666666666666667,0.0,0.0,1600.0
2022-01-28,2624923.176339875,0.0,0.0,0.0,0.0
2022-01-29,2624923.176339875,0.0,0.0,0.0,0.0
2022-01-30,2624923.176339875,0.0,0.0,0.0,0.0
2022-01-31,2624923.176339875,0.0,0.0,0.0,0.0
2022-02-01,2624923.176339875,0.0,0.0,0.0,0.0
2022-02-02,2624923.176339875,0.0,0.0,0.0,0.0
2022-02-03,2624923.176339875,0.0,0.0,0.0,0.0
2022-02-04,2624923.176339875,0.0,0.0,0.0,0.0
2022-02-05,2624923.176339875,0.0,0.0,0.0,0.0
2022-02-06,2624923.176339875,0.0,0.0,0.0,0.0
2022-02-07,2624923.176339875,0.0,0.0,0.0,0.0
2022-02-08,2624814.351929454,-7.254960694734049e-05,832.6580771288637,658.5175124501257,1600.0
2022-02-09,2625868.1940968,0.000702561444897391,724.5834111207145,329.25875622537205,0.0
2022-02-10,2626164.77242444,0.00019771888509317873,-183.59069185496148,480.1690194947296,0.0
2022-02-11,2625440.9088761285,-0.00048257569887429427,-257.41364365971106,-466.4499046517303,0.0
2022-02-12,2626700.061583595,0.000839435138311091,1204.276248096473,54.8764593701635,0.0
2022-02-13,2626942.3154420964,0.0001615025723342155,201.09651397291844,41.15734452840479,0.0
2022-02-14,2626945.4808437233,2.1102677513783874e-06,1004.6607851449425,-1001.4953835178749,0.0
2022-02-15,2627316.8383122724,0.00024757164569943146,275.3236646499568,96.03380389919039,0.0
2022-02-16,2627131.797635097,-0.00012336045145002936,1310.3428406799194,-1495.3835178549634,0.0
2022-02-17,2628821.187650325,0.0011262600101515482,701.6137465530725,987.7762686742499,0.0
2022-02-18,2629293.271748499,0.00031472273211629074,-378.50102207405575,850.5851202484919,0.0
2022-02-19,2629731.0404733075,0.00029184581653889146,835.6230552468757,-397.85433043853845,0.0
2022-02-20,2631153.961891589,0.0009486142788546119,201.9201972808714,1221.0012210010464,0.0
2022-02-21,2630523.4578721626,-0.00042033601295087626,0.5752633384094332,-631.0792827647238,0.0
2022-02-22,2630471.4118769094,-3.4697330168696206e-05,112.58338285933795,-164.62937811238226,0.0
2022-02-23,2629926.273962215,-0.00036342527646308334,58.5031383847114,-603.6410530793364,0.0
2022-02-24,2630874.59226955,0.0006322122048902213,-382.43583240729305,1330.7541397426248,0.0
2022-02-25,2630721.817578574,-0.00010184979398409193,1068.2265300242827,-1221.0012210004206,0.0
2022-02-26,2633012.8082358567,0.001527327104854901,1138.5850104951228,1152.4056467872288,0.0
2022-02-27,2633369.1145295,0.0002375375290955901,781.5988537679549,-425.2925601245697,0.0
2022-02-28,2631991.3780340482,-0.0009184909969676526,-664.3425236311753,-713.3939718203037,0.0
2022-03-01,2633165.754843256,0.000782917872805128,1201.8150388936906,-27.43822968599852,0.0
2022-03-02,2634308.1222137134,0.0007615782469715529,1224.6820595135205,-82.31468905619113,0.0
2022-03-03,2634300.22549121,-5.26448166885469e-06,1213.104498497757,-1221.001221001039,0.0
2022-03-04,2637098.779496506,0.001865702670197097,1165.9793390130467,1632.5746662825986,0.0
2022-03-05,2638602.6080075707,0.0010025523407097578,351.4228642767968,1152.40564678784,0.0
2022-03-06,2638416.5395450713,-0.00012404564166628205,156.90940856895915,-342.9778710683822,0.0
2022-03-07,2639274.2104520425,0.0005717806046474822,404.9401171612408,452.7307898099825,0.0
2022-03-08,2638709.513079801,-0.0003764649148274467,340.76420737814004,-905.4615796193102,0.0
2022-03-09,2638538.5717015793,-0.00011396091881460219,926.5878091945508,-1097.529187416454,0.0
2022-03-10,2639151.136069334,0.0004083762451698264,434.21587479935806,178.34849295538152,0.0
2022-03-11,2640215.987662672,0.0007099010622254144,173.10912856182514,891.7424647762964,0.0
2022-03-12,2640550.590727522,0.0002230687099000094,746.1765101315664,-411.57344528155227,0.0
2022-03-13,2641170.446942144,0.0004132374764145884,331.75480292491534,288.10141169696726,0.0
2022-03-14,2642490.9508858407,0.0008803359624643222,332.7276750216077,987.7762686748756,0.0
2022-03-15,2640700.4219327467,-0.00119368596872942,171.30446941323348,-1961.8334225073631,0.0
2022-03-16,2641564.5188532164,0.0005760646136466634,877.8160353130016,-13.719114843006537,0.0
2022-03-17,2643487.711016858,0.0012821281090945535,1141.2026176071122,781.9895460347179,0.0
2022-03-18,2644475.1378528187,0.0006582845573069124,795.3592281625989,192.0676077977696,0.0
2022-03-19,2645204.1839627638,0.0004860307399634127,1209.2151294398486,-480.1690194947296,0.0
2022-03-20,2646610.352076797,0.0009374454093554061,1214.1005062353377,192.06760779777142,0.0
2022-03-21,2647664.198230643,0.0007025641025639699,1177.3181874305471,-123.47203358459228,0.0
2022-03-22,2648990.4538726294,0.0008841704279909879,1189.0644935588757,137.1911484276061,0.0
2022-03-23,2649872.5333963013,0.000588053015781391,607.6972268181258,274.3822968539607,0.0
2022-03-24,2649655.8724365123,-0.00014444063985955146,757.3961940431603,-974.0571538324875,0.0
2022-03-25,2651498.3042868096,0.0012282879001982942,1279.9481417458946,562.4837085515464,0.0
2022-03-26,2652423.9209093004,0.0006170777483274946,1062.8077709182205,-137.19114842697854,0.0
2022-03-27,2653778.425370071,0.0009030029738469746,284.413503038784,1070.090957731678,0.0
2022-03-28,2653899.8436521627,8.094552139444705e-05,1356.138617936371,-1234.7203358447005,0.0
2022-03-29,2653340.6265167138,-0.00037281142363246273,1292.863368317076,-1852.0805037657701,0.0
2022-03-30,2657785.208152307,0.0029630544237288195,1398.9381405111742,3045.643495082055,0.0
2022-03-31,2658080.892118777,0.00019712264431349014,1393.2131538873114,-1097.5291874170762,0.0
2022-04-01,2658567.137334237,0.0003241634769727878,1350.5494505494505,-864.3042350902688,0.0
2022-04-02,2661072.657906049,0.0016703470478746962,1421.7104992385894,1083.8100725734548,0.0
2022-04-03,2662270.2241350757,0.0007983774860180685,1417.0720665102688,-219.50583748316603,0.0
2022-04-04,2664116.937754041,0.0012311424126435083,1105.8814174589456,740.8322015063168,0.0
2022-04-05,2664479.666578999,0.00024181921663872543,1350.5050936329587,-987.7762686748706,0.0
2022-04-06,2666503.194391897,0.0013490185419320958,47.97527554842165,1975.5525373497221,0.0
2022-04-07,2666353.1716782562,-0.00010001514242709087,151.79781289871175,-301.82052653934807,0.0
2022-04-08,2666829.9681963446,0.00031786434539227446,-140.5636498333128,617.3601679217245,0.0
2022-04-09,2666661.745782055,-0.00011214827619315428,1313.4419887228876,-1481.664403012619,0.0
2022-04-10,2667699.3346366463,0.0006917259030610189,1161.060888175495,-123.47203358396655,0.0
2022-04-11,2671211.004420845,0.002341113189465531,1083.3864570385917,2428.2833271597046,0.0
2022-04-12,2667867.392477806,-0.002229074628692376,-956.4859604066346,-2387.125982631929,0.0
2022-04-13,2667590.722519101,-0.00018444663913679763,-660.8051743013541,384.13521559615765,0.0
2022-04-14,2668167.8287909315,0.00038473751455355863,14.622563279417221,562.4837085509207,0.0
2022-04-15,2668057.8327936204,-7.333066487417144e-05,-672.4797058621779,562.4837085509207,0.0
2022-04-16,2666457.8327936204,-0.0010666666666666667,0.0,0.0,1600.0
2022-04-17,2666457.8327936204,0.0,0.0,0.0,0.0
2022-04-18,2666457.8327936204,0.0,0.0,0.0,0.0
2022-04-19,2666457.8327936204,0.0,0.0,0.0,0.0
2022-04-20,2666457.8327936204,0.0,0.0,0.0,0.0
2022-04-21,2666457.8327936204,0.0,0.0,0.0,0.0
2022-04-22,2666457.8327936204,0.0,0.0,0.0,0.0
2022-04-23,2666457.8327936204,0.0,0.0,0.0,0.0
2022-04-24,2666457.8327936204,0.0,0.0,0.0,0.0
2022-04-25,2666457.8327936204,0.0,0.0,0.0,0.0
2022-04-26,2666457.8327936204,0.0,0.0,0.0,0.0
2022-04-27,2666457.8327936204,0.0,0.0,0.0,0.0
2022-04-28,2666457.8327936204,0.0,0.0,0.0,0.0
2022-04-29,2666457.8327936204,0.0,0.0,0.0,0.0
2022-04-30,2666457.8327936204,0.0,0.0,0.0,0.0
2022-05-01,2666457.8327936204,0.0,0.0,0.0,0.0
2022-05-02,2666457.8327936204,0.0,0.0,0.0,0.0
2022-05-03,2666457.8327936204,0.0,0.0,0.0,0.0
2022-05-04,2666457.8327936204,0.0,0.0,0.0,0.0
2022-05-05,2666218.6702083903,-0.00015944172348654698,1209.9271515001853,150.91026326999418,1600.0
2022-05-06,2666819.040645344,0.00040024695796925973,-373.68671687862707,974.0571538325166,0.0
2022-05-07,2667206.254551039,0.0002581426037968271,853.6638103469564,-466.44990465171577,0.0
2022-05-08,2667284.37350866,5.2079305080672836e-05,1079.6143411395099,-1001.4953835185006,0.0
2022-05-09,2668499.0370856454,0.0008097757179899511,1008.8768543441578,205.78672264076886,0.0
2022-05-10,2670251.8517571418,0.0011685431143307803,792.4766325060708,960.3380389900994,0.0
2022-05-11,2670801.659435044,0.0003665384519350305,810.4708599141184,-260.66318201157264,0.0
2022-05-12,2666925.7694428638,-0.0025839266614536495,-3628.9459250113186,-246.94406716915546,0.0
2022-05-13,2665381.0812093373,-0.001029792155684239,-748.9795726495726,-795.7086608767859,0.0
2022-05-14,2663781.0812093373,-0.0010666666666666667,0.0,0.0,1600.0
2022-05-15,2663781.0812093373,0.0,0.0,0.0,0.0
2022-05-16,2663781.0812093373,0.0,0.0,0.0,0.0
2022-05-17,2663781.0812093373,0.0,0.0,0.0,0.0
2022-05-18,2663781.0812093373,0.0,0.0,0.0,0.0
2022-05-19,2663781.0812093373,0.0,0.0,0.0,0.0
2022-05-20,2661794.370698437,-0.0013244736739331665,738.2569062024119,-1124.9674171021616,1600.0
2022-05-21,2662379.3043634985,0.0003899557767076555,187.07933462293016,397.854330438553,0.0
2022-05-22,2663911.689977086,0.001021590409058292,530.890230069556,1001.4953835178821,0.0
2022-05-23,2663984.1118124295,4.828122356217273e-05,840.6922665349632,-768.2704311917041,0.0
2022-05-24,2663969.2957315687,-9.877387240373386e-06,-453.8277558271941,439.011674966634,0.0
2022-05-25,2664393.5667817676,0.00028284736679906847,479.1475095690827,-54.876459370480006,0.0
2022-05-26,2664077.330722995,-0.00021082403918182524,-28.134647075770626,-288.10141169696726,0.0
2022-05-27,2665301.318252731,0.0008159916864906802,373.4024094881398,850.5851202478807,0.0
2022-05-28,2665022.5669308943,-0.00018583421455777238,462.08087966964365,-740.8322015063022,0.0
2022-05-29,2665013.7462191465,-5.880474498455404e-06,334.15715932008067,-342.9778710677638,0.0
2022-05-30,2666451.933381348,0.0009587914414674205,450.4108935259497,987.7762686751812,0.0
2022-05-31,2666842.418750872,0.00026032357968290494,760.9014702775377,-370.4161007531802,0.0
2022-06-01,2666694.9437539587,-9.831666460884715e-05,799.1439272338149,-946.6189241470856,0.0
2022-06-02,2667483.7219230058,0.0005258521126978926,-6.930491830267113,795.708660877106,0.0
2022-06-03,2667826.683696476,0.00022864118231338427,452.71469221165853,-109.7529187415821,0.0
2022-06-04,2668729.479377698,0.0006018637874817684,559.8178101548889,342.9778710677638,0.0
2022-06-05,2668965.2576850336,0.00015718553822360775,359.2503409200039,-123.47203358459228,0.0
2022-06-06,2669616.0159926442,0.00043383887174004547,733.0729966662552,-82.31468905618704,0.0
2022-06-07,2669712.472667679,6.430445002362069e-05,206.2095937770095,-109.75291874157847,0.0
2022-06-08,2670343.7585249185,0.0004208572381592891,672.443201767022,-41.15734452808829,0.0
2022-06-09,2671187.885580522,0.000562751370402456,624.6212181202069,219.50583748347708,0.0
2022-06-10,2671275.243781397,5.823880058339504e-05,224.54934930238306,-137.1911484272905,0.0
2022-06-11,2670592.194975646,-0.0004553658705006513,-943.7119877625496,260.66318201157264,0.0
2022-06-12,2669756.9500546,-0.0005568299473643313,-478.54793513602505,-356.696985910472,0.0
2022-06-13,2669394.3870440773,-0.00024170867368173584,-74.46159882564376,-288.10141169696,0.0
2022-06-14,2667794.3870440773,-0.0010666666666666667,0.0,0.0,1600.0
2022-06-15,2667794.3870440773,0.0,0.0,0.0,0.0
2022-06-16,2667794.3870440773,0.0,0.0,0.0,0.0
2022-06-17,2667794.3870440773,0.0,0.0,0.0,0.0
2022-06-18,2667794.3870440773,0.0,0.0,0.0,0.0
2022-06-19,2667794.3870440773,0.0,0.0,0.0,0.0
2022-06-20,2667794.3870440773,0.0,0.0,0.0,0.0
2022-06-21,2667794.3870440773,0.0,0.0,0.0,0.0
2022-06-22,2667794.3870440773,0.0,0.0,0.0,0.0
2022-06-23,2667794.3870440773,0.0,0.0,0.0,0.0
2022-06-24,2667794.3870440773,0.0,0.0,0.0,0.0
2022-06-25,2667794.3870440773,0.0,0.0,0.0,0.0
2022-06-26,2667794.3870440773,0.0,0.0,0.0,0.0
2022-06-27,2667794.3870440773,0.0,0.0,0.0,0.0
2022-06-28,2667794.3870440773,0.0,0.0,0.0,0.0
2022-06-29,2667794.3870440773,0.0,0.0,0.0,0.0
2022-06-30,2667794.3870440773,0.0,0.0,0.0,0.0
2022-07-01,2667794.3870440773,0.0,0.0,0.0,0.0
2022-07-02,2667794.3870440773,0.0,0.0,0.0,0.0
2022-07-03,2667794.3870440773,0.0,0.0,0.0,0.0
2022-07-04,2667794.3870440773,0.0,0.0,0.0,0.0
2022-07-05,2667794.3870440773,0.0,0.0,0.0,0.0
2022-07-06,2667794.3870440773,0.0,0.0,0.0,0.0
2022-07-07,2667794.3870440773,0.0,0.0,0.0,0.0
2022-07-08,2667794.3870440773,0.0,0.0,0.0,0.0
2022-07-09,2666267.9180941386,-0.001017645966625902,183.28396880273286,-109.75291874158575,1600.0
2022-07-10,2666662.017921552,0.00026273321827566536,352.9424828854043,41.157344528093745,0.0
2022-07-11,2666882.4057673765,0.00014692523054970127,179.23050129645634,41.157344528095564,0.0
2022-07-12,2666693.5038349014,-0.00012593462164983284,-92.86812857554432,-96.03380389920494,0.0
2022-07-13,2666264.6961615263,-0.00028587178225018085,-716.9090850722313,288.10141169696,0.0
2022-07-14,2666188.1731707593,-5.1015327177916126e-05,-254.87148372227026,178.34849295539607,0.0
2022-07-15,2664588.1731707593,-0.0010666666666666667,0.0,0.0,1600.0
2022-07-16,2664588.1731707593,0.0,0.0,0.0,0.0
2022-07-17,2664588.1731707593,0.0,0.0,0.0,0.0
2022-07-18,2664588.1731707593,0.0,0.0,0.0,0.0
2022-07-19,2664588.1731707593,0.0,0.0,0.0,0.0
2022-07-20,2664588.1731707593,0.0,0.0,0.0,0.0
2022-07-21,2662846.0129589364,-0.0011614401412151632,626.1102193686464,-768.2704311913913,1600.0
2022-07-22,2663068.062532409,0.00014803304898164212,633.62301875403,-411.5734452815668,0.0
2022-07-23,2664450.480089035,0.0009216117044171629,463.2368621640532,919.180694461691,0.0
2022-07-24,2664964.1278644805,0.0003424318502970922,637.1198090299214,-123.47203358428305,0.0
2022-07-25,2664333.647434798,-0.00042032028645514196,357.29583899246825,-987.7762686751812,0.0
2022-07-26,2665435.849028959,0.000734801062773915,471.1223113964687,631.0792827644036,0.0
2022-07-27,2666297.0032949178,0.0005741028439725486,243.79409803679465,617.3601679220283,0.0
2022-07-28,2666201.8447705456,-6.343901624794497e-05,673.1119068197721,-768.2704311916896,0.0
2022-07-29,2667473.811131276,0.0008479775738203386,709.4826521792816,562.4837085512263,0.0
2022-07-30,2666885.681192738,-0.00039208662569215205,591.7139379347245,-1179.8438764729526,0.0
2022-07-31,2668022.5024205986,0.000757880818573652,464.5846005679714,672.2366272925065,0.0
2022-08-01,2668856.6186220497,0.0005560774676341811,600.8912491254065,233.22495232586516,0.0
2022-08-02,2669618.372947001,0.0005078362166341056,295.3044202988023,466.44990465235605,0.0
2022-08-03,2669849.6852601813,0.00015420820878676053,94.12116475285016,137.1911484272906,0.0
2022-08-04,2670012.728564293,0.00010869553607452936,355.11091190956364,-192.0676077977696,0.0
2022-08-05,2670594.93312727,0.0003881363753182066,609.6427926630174,-27.438229685707483,0.0
2022-08-06,2669828.2211875245,-0.0005111412931637089,714.9524632670701,-1481.6644030126336,0.0
2022-08-07,2671540.122331973,0.001141267429632314,243.9558562785529,1467.945288169918,0.0
2022-08-08,2672068.2930766465,0.00035211382978241865,267.50756266205707,260.6631820115708,0.0
2022-08-09,2671884.3053942164,-0.00012265845495330866,-211.42591211535034,27.43822968538734,0.0
2022-08-10,2671456.962230863,-0.00028489544223567035,-84.36529228574176,-342.9778710677638,0.0
2022-08-11,2671333.16531149,-8.253127958192196e-05,411.24855949294147,-535.0454788658244,0.0
2022-08-12,2672448.410860324,0.0007434970325556638,415.5706918549615,699.6748569785341,0.0
2022-08-13,2672891.512639693,0.0002954011862458916,388.2253199983537,54.876459370483644,0.0
2022-08-14,2673043.9240135252,0.000101607582554873,317.0407519446845,-164.62937811237498,0.0
2022-08-15,2672841.685778352,-0.00013482549011537774,-202.2382351730666,0.0,0.0
2022-08-16,2672490.9794703033,-0.00023380420536599537,5.990677861464386,-356.69698591045744,0.0
2022-08-17,2673439.158651958,0.0006321194544366345,426.85281763180643,521.3263640231453,0.0
2022-08-18,2673561.500673607,8.156134776579143e-05,383.0052036602598,-260.66318201157264,0.0
2022-08-19,2673765.1516126804,0.00013576729271573914,423.15677655677655,-219.50583748316785,0.0
2022-08-20,2674051.9217688036,0.00019118010408220932,39.82608895474064,246.94406716857338,0.0
2022-08-21,2674484.983510308,0.00028870782766950083,-115.7028522039758,548.764593708227,0.0
2022-08-22,2674473.591754673,-7.5945037566229796e-06,194.3949670055288,-205.78672264046327,0.0
2022-08-23,2673919.352752327,-0.0003694926682305796,-101.50821253652714,-452.73078980934224,0.0
2022-08-24,2674471.817662124,0.0003683099398644838,-243.24375108038035,795.708660877106,0.0
2022-08-25,2673785.7616799036,-0.0004573706548134678,-192.16784788245462,-493.88813433774703,0.0
2022-08-26,2672185.7616799036,-0.0010666666666666667,0.0,0.0,1600.0
2022-08-27,2672185.7616799036,0.0,0.0,0.0,0.0
2022-08-28,2672185.7616799036,0.0,0.0,0.0,0.0
2022-08-29,2672185.7616799036,0.0,0.0,0.0,0.0
2022-08-30,2672185.7616799036,0.0,0.0,0.0,0.0
2022-08-31,2672185.7616799036,0.0,0.0,0.0,0.0
2022-09-01,2672185.7616799036,0.0,0.0,0.0,0.0
2022-09-02,2672185.7616799036,0.0,0.0,0.0,0.0
2022-09-03,2672185.7616799036,0.0,0.0,0.0,0.0
2022-09-04,2672185.7616799036,0.0,0.0,0.0,0.0
2022-09-05,2672185.7616799036,0.0,0.0,0.0,0.0
2022-09-06,2672185.7616799036,0.0,0.0,0.0,0.0
2022-09-07,2672185.7616799036,0.0,0.0,0.0,0.0
2022-09-08,2672185.7616799036,0.0,0.0,0.0,0.0
2022-09-09,2672185.7616799036,0.0,0.0,0.0,0.0
2022-09-10,2672185.7616799036,0.0,0.0,0.0,0.0
2022-09-11,2672185.7616799036,0.0,0.0,0.0,0.0
2022-09-12,2672185.7616799036,0.0,0.0,0.0,0.0
2022-09-13,2672185.7616799036,0.0,0.0,0.0,0.0
2022-09-14,2672185.7616799036,0.0,0.0,0.0,0.0
2022-09-15,2672185.7616799036,0.0,0.0,0.0,0.0
2022-09-16,2672185.7616799036,0.0,0.0,0.0,0.0
2022-09-17,2672185.7616799036,0.0,0.0,0.0,0.0
2022-09-18,2672185.7616799036,0.0,0.0,0.0,0.0
2022-09-19,2672185.7616799036,0.0,0.0,0.0,0.0
2022-09-20,2672185.7616799036,0.0,0.0,0.0,0.0
2022-09-21,2672185.7616799036,0.0,0.0,0.0,0.0
2022-09-22,2672185.7616799036,0.0,0.0,0.0,0.0
2022-09-23,2672185.7616799036,0.0,0.0,0.0,0.0
2022-09-24,2672185.7616799036,0.0,0.0,0.0,0.0
2022-09-25,2672185.7616799036,0.0,0.0,0.0,0.0
2022-09-26,2672185.7616799036,0.0,0.0,0.0,0.0
2022-09-27,2672185.7616799036,0.0,0.0,0.0,0.0
2022-09-28,2672185.7616799036,0.0,0.0,0.0,0.0
2022-09-29,2672185.7616799036,0.0,0.0,0.0,0.0
2022-09-30,2672185.7616799036,0.0,0.0,0.0,0.0
2022-10-01,2672185.7616799036,0.0,0.0,0.0,0.0
2022-10-02,2672185.7616799036,0.0,0.0,0.0,0.0
2022-10-03,2672185.7616799036,0.0,0.0,0.0,0.0
2022-10-04,2672185.7616799036,0.0,0.0,0.0,0.0
2022-10-05,2670912.815737469,-0.000848630628289731,-15.923813502352825,342.9778710677565,1600.0
2022-10-06,2670799.3028154355,-7.567528135603973e-05,119.71203029180558,-233.22495232586516,0.0
2022-10-07,2670865.5927895056,4.419331604706562e-05,107.44731859900399,-41.15734452840556,0.0
2022-10-08,2671415.057759392,0.0003663099799242688,398.55470661672916,150.91026326967403,0.0
2022-10-09,2671493.682020275,5.241617392195702e-05,10.028686669136116,68.59557421379941,0.0
2022-10-10,2671398.6620726828,-6.334663172848762e-05,179.36234926122566,-274.3822968539571,0.0
2022-10-11,2671569.5969110024,0.00011395655888000424,266.968642219204,-96.03380389919766,0.0
2022-10-12,2671682.079520652,7.498840643315907e-05,139.9208393354461,-27.438229685707483,0.0
2022-10-13,2671296.300841529,-0.00025718578608218936,-358.34044943820226,-27.43822968508175,0.0
2022-10-14,2672036.9255551416,0.0004937498090754193,356.489498017588,384.135215595541,0.0
2022-10-15,2672420.510076414,0.0002557230141812249,81.76399473185988,301.82052653997744,0.0
2022-10-16,2672262.6078937026,-0.00010526812180735688,-6.991919441357644,-150.91026326967767,0.0
2022-10-17,2671933.3004565705,-0.0002195382914215451,178.29981204812665,-507.60724918044434,0.0
2022-10-18,2672759.308026229,0.0005506717131060128,373.27677984936406,452.7307898096551,0.0
2022-10-19,2673146.753722954,0.00025829713114995,373.72658188253695,13.71911484238808,0.0
2022-10-20,2672989.1009379737,-0.00010510185665363378,34.41482281763181,-192.06760779808246,0.0
2022-10-21,2672888.0644514393,-6.735765768978416e-05,255.6604993757803,-356.69698591045653,0.0
2022-10-22,2673264.813263776,0.00025116587489098477,-34.82463294508238,411.57344528155954,0.0
2022-10-23,2673176.5500880745,-5.88421171340183e-05,240.9955805243446,-329.25875622537205,0.0
2022-10-24,2673925.859883111,0.0004995398633577649,310.29812006969314,439.01167496695416,0.0
2022-10-25,2674088.039259303,0.00010811958412779927,-2.4500019206760735,164.62937811237498,0.0
2022-10-26,2673986.598287441,-6.762731457466411e-05,351.2898179473461,-452.73078980934224,0.0
2022-10-27,2674350.8569791857,0.00024283912783004588,213.34842847539477,150.91026326967403,0.0
2022-10-28,2674081.7993561598,-0.00017937174868405315,169.95405194056883,-439.01167496664857,0.0
2022-10-29,2674958.8384693563,0.0005846927421311403,520.3421272859474,356.69698591076303,0.0
2022-10-30,2675737.5124266353,0.0005191159715190118,600.3254643234419,178.34849295507593,0.0
2022-10-31,2675867.430764976,8.661222556046584e-05,349.42417582417585,-219.50583748347708,0.0
2022-11-01,2675954.7444250984,5.820910674854171e-05,-77.31571798987528,164.62937811268785,0.0
2022-11-02,2676172.6525827586,0.00014527210510658717,355.09930608717127,-137.1911484272905,0.0
2022-11-03,2676490.441761944,0.0002118594527902586,-340.7283332647377,658.5175124501257,0.0
2022-11-04,2676472.096788902,-1.2229982027893356e-05,434.3858167675022,-452.73078980934224,0.0
2022-11-05,2676789.1575947627,0.00021137387057389563,371.93726523164725,-54.876459370803786,0.0
2022-11-06,2677514.068275094,0.00048327378688733567,491.6857280048291,233.2249523261744,0.0
2022-11-07,2677724.1593595897,0.00014006072299717356,264.96754386686973,-54.87645937110938,0.0
2022-11-08,2677165.659576626,-0.0003723331886423938,-201.8027970531341,-356.6969859104566,0.0
2022-11-09,2675565.659576626,-0.0010666666666666667,0.0,0.0,1600.0
2022-11-10,2675565.659576626,0.0,0.0,0.0,0.0
2022-11-11,2675565.659576626,0.0,0.0,0.0,0.0
2022-11-12,2675565.659576626,0.0,0.0,0.0,0.0
2022-11-13,2675565.659576626,0.0,0.0,0.0,0.0
2022-11-14,2675565.659576626,0.0,0.0,0.0,0.0
2022-11-15,2675565.659576626,0.0,0.0,0.0,0.0
2022-11-16,2675565.659576626,0.0,0.0,0.0,0.0
2022-11-17,2675565.659576626,0.0,0.0,0.0,0.0
2022-11-18,2675565.659576626,0.0,0.0,0.0,0.0
2022-11-19,2675565.659576626,0.0,0.0,0.0,0.0
2022-11-20,2675565.659576626,0.0,0.0,0.0,0.0
2022-11-21,2675565.659576626,0.0,0.0,0.0,0.0
2022-11-22,2675565.659576626,0.0,0.0,0.0,0.0
2022-11-23,2675565.659576626,0.0,0.0,0.0,0.0
2022-11-24,2675565.659576626,0.0,0.0,0.0,0.0
2022-11-25,2675565.659576626,0.0,0.0,0.0,0.0
2022-11-26,2675565.659576626,0.0,0.0,0.0,0.0
2022-11-27,2675565.659576626,0.0,0.0,0.0,0.0
2022-11-28,2675565.659576626,0.0,0.0,0.0,0.0
2022-11-29,2675565.659576626,0.0,0.0,0.0,0.0
2022-11-30,2675565.659576626,0.0,0.0,0.0,0.0
2022-12-01,2675565.659576626,0.0,0.0,0.0,0.0
2022-12-02,2675565.659576626,0.0,0.0,0.0,0.0
2022-12-03,2675565.659576626,0.0,0.0,0.0,0.0
2022-12-04,2675565.659576626,0.0,0.0,0.0,0.0
2022-12-05,2675565.659576626,0.0,0.0,0.0,0.0
2022-12-06,2675565.659576626,0.0,0.0,0.0,0.0
2022-12-07,2675565.659576626,0.0,0.0,0.0,0.0
2022-12-08,2675565.659576626,0.0,0.0,0.0,0.0
2022-12-09,2675565.659576626,0.0,0.0,0.0,0.0
2022-12-10,2675565.659576626,0.0,0.0,0.0,0.0
2022-12-11,2675565.659576626,0.0,0.0,0.0,0.0
2022-12-12,2675565.659576626,0.0,0.0,0.0,0.0
2022-12-13,2675565.659576626,0.0,0.0,0.0,0.0
2022-12-14,2673302.0865703565,-0.0015090486708463134,543.7090998888751,-1207.2821061583454,1600.0
2022-12-15,2673908.921433371,0.0004045565753430512,538.2392888010866,68.59557421349018,0.0
2022-12-16,2674986.4033886194,0.0007183213034987689,281.77329437104726,795.708660877106,0.0
2022-12-17,2675571.1823790297,0.0003898526602734693,90.89085607276618,493.8881343374378,0.0
2022-12-18,2675986.987655401,0.00027720351758117845,292.3332427871754,123.47203358459228,0.0
2022-12-19,2675780.5002468047,-0.00013765827239771485,-55.57714532658353,-150.91026326998872,0.0
2022-12-20,2676139.545706738,0.00023936363995555006,359.0454599333251,0.0,0.0
2022-12-21,2676633.979923857,0.00032962281141258345,329.8048390061873,164.62937811268785,0.0
2022-12-22,2676857.591752889,0.00014907455268818563,443.1176665157564,-219.505837483478,0.0
2022-12-23,2676821.633146202,-2.3972404457814225e-05,279.58103469564145,-315.5396413823628,0.0
2022-12-24,2677303.0373387644,0.00032093612837442206,289.33658476355106,192.067607798082,0.0
2022-12-25,2677292.335880422,-7.134305561255223e-06,16.73677134351292,-27.438229685395754,0.0
2022-12-26,2677592.577400363,0.00020016101329374737,176.76948635634028,123.47203358428078,0.0
2022-12-27,2677925.5610888842,0.00022198912568081107,332.9836885212166,0.0,0.0
2022-12-28,2677758.71116626,-0.00011123328174942769,231.00440781440784,-397.85433043854937,0.0
2022-12-29,2678111.869991081,0.0002354392165471228,421.7543990341744,-68.59557421349018,0.0
2022-12-30,2678482.4342582743,0.0002470428447957284,494.0363007778738,-123.47203358428123,0.0
2022-12-31,2679236.849755386,0.0005029436647412595,493.75231510062974,260.66318201125955,0.0
2023-01-01,2679344.9975376916,7.209852153695628e-05,492.28299790097543,-384.135215595541,0.0
2023-01-02,2680245.0996946106,0.0006000681046125409,433.6522522670837,466.4499046517276,0.0
2023-01-03,2680917.3258108664,0.0004481507441706184,150.89975223278594,521.3263640231417,0.0
2023-01-04,2680814.7534765587,-6.838155620500182e-05,459.9113742437338,-562.4837085512365,0.0
2023-01-05,2681578.7943046447,0.0005093605520572383,517.0967609169858,246.9440671688717,0.0
2023-01-06,2681613.5365910726,2.3161524285203312e-05,514.9113059225418,-480.16901949473686,0.0
2023-01-07,2682482.6882534176,0.0005794344415634969,292.94883895131085,576.2028233939345,0.0
2023-01-08,2682589.492042088,7.120252578022909e-05,340.0287409968309,-233.22495232648726,0.0
2023-01-09,2683100.9477164513,0.0003409704495755262,387.983640778697,123.47203358459228,0.0
2023-01-10,2683054.434429489,-3.100885797500185e-05,543.4086512738198,-589.9219382363226,0.0
2023-01-11,2683828.4015258383,0.000515978064232888,417.27011043887455,356.69698591045744,0.0
2023-01-12,2684139.5167526836,0.00020741015123032527,571.7784088570605,-260.66318201157264,0.0
2023-01-13,2684598.770981601,0.00030616948594484265,582.7262625015434,-123.47203358427942,0.0
2023-01-14,2687213.950006446,0.0017434526832300471,2340.79672799111,274.3822968539607,0.0
2023-01-15,2687675.96127423,0.00030800751185568957,1312.5963880314441,-850.5851202479098,0.0
2023-01-16,2687581.3351453524,-6.3084085918368e-05,728.520761685256,-823.146890562808,0.0
2023-01-17,2689122.2318266984,0.001027264454230829,649.1542165699469,891.7424647762964,0.0
2023-01-18,2689821.562333894,0.00046622033813041813,644.4540478248343,54.87645937079287,0.0
2023-01-19,2690594.6070170514,0.0005153631221048154,622.1344198872289,150.91026326999418,0.0
2023-01-20,2691425.0703115594,0.0005536421963387088,638.3956867102935,192.0676077977696,0.0
2023-01-21,2691476.795490251,3.448345246094876e-05,682.8044614561469,-631.0792827647238,0.0
2023-01-22,2691460.7290348583,-1.0710970261529004e-05,669.8892867432195,-685.955742135513,0.0
2023-01-23,2692522.911118792,0.0007081213892890049,678.0468683376549,384.1352155958524,0.0
2023-01-24,2693302.2528756615,0.0005195611712464981,669.5888381281642,109.75291874158302,0.0
2023-01-25,2694752.0889322395,0.000966557371051883,640.4082808577191,809.4277757201053,0.0
2023-01-26,2696156.1470464095,0.0009360387427802878,663.225912664115,740.8322015063168,0.0
2023-01-27,2696650.3191664247,0.0003294480800097687,658.8014981273409,-164.62937811268785,0.0
2023-01-28,2697499.7024922124,0.0005662555505253052,657.3157179898753,192.06760779808246,0.0
2023-01-29,2698215.0939671546,0.00047692764996131685,646.7959007284851,68.59557421349018,0.0
2023-01-30,2696807.1025827583,-0.0009386609229305741,677.3140716960943,-2085.3054560919554,0.0
2023-01-31,2699125.3297987385,0.001545484810653381,644.4952051693625,1673.7320108107087,0.0
2023-02-01,2699805.120170664,0.0004531935812834515,652.3521422397827,27.438229685394617,0.0
2023-02-02,2699877.204515782,4.805623007886129e-05,675.7253981973082,-603.6410530790163,0.0
2023-02-03,2699785.4867454125,-6.11451802464619e-05,676.5526608223237,-768.2704311920165,0.0
2023-02-04,2701197.330457256,0.0009412291412291147,684.7306251800635,727.1130866636086,0.0
2023-02-05,2702047.822287523,0.0005669945535115154,685.862452154587,164.62937811268603,0.0
2023-02-06,2702828.020117159,0.0005201318864239518,670.4449108943492,109.75291874157847,0.0
2023-02-07,2703986.1425191015,0.0007720816012949922,664.2342676050541,493.88813433743417,0.0
2023-02-08,2704865.7435672423,0.0005864006987603362,687.5334403424291,192.0676077980752,0.0
2023-02-09,2705037.3395118723,0.00011439729641986689,679.2031938099354,-507.6072491801351,0.0
2023-02-10,2706319.259183162,0.0008546131141931101,568.5256994690703,713.3939718205947,0.0
2023-02-11,2706635.837622201,0.00021105229269285125,151.94906092658903,164.62937811268785,0.0
2023-02-12,2707069.8702424145,0.0002893550801424437,351.71793115748176,82.31468905618385,0.0
2023-02-13,2706741.8748728903,-0.00021866357968289006,385.3986022965798,-713.3939718209149,0.0
2023-02-14,2707001.6876525204,0.0001732085197534064,191.21720541630654,68.59557421380305,0.0
2023-02-15,2707753.230900658,0.0005010288320916525,243.93599895734724,507.6072491801315,0.0
2023-02-16,2707398.1642119037,-0.00023671112583623487,783.6198431905175,-1138.6865319448698,0.0
2023-02-17,2706577.3454551296,-0.0005472125045160069,674.5647610816151,-1495.3835178556255,0.0
2023-02-18,2708468.1550200963,0.0012605397099780219,697.2465736510679,1193.5629913159646,0.0
2023-02-19,2709521.090224717,0.0007019568030801826,696.2382187101289,356.69698591014503,0.0
2023-02-20,2709266.104012427,-0.000169990808192897,691.6327118574309,-946.6189241467764,0.0
2023-02-21,2710351.441022483,0.000723558006704049,701.2017944602214,384.13521559585206,0.0
2023-02-22,2712419.9542820076,0.0013790088396829897,682.8826604107503,1385.6305991137342,0.0
2023-02-23,2713681.2041310975,0.0008408332327266407,479.2603030552468,781.9895460347143,0.0
2023-02-24,2713690.5433998685,6.226179180619927e-06,420.91271405248943,-411.57344528155954,0.0
2023-02-25,2713993.1864778893,0.00020176205201386535,508.4298006612613,-205.78672264046327,0.0
2023-02-26,2714545.1296917293,0.00036796214255986154,154.08888340124292,397.85433043854937,0.0
2023-02-27,2714935.4617708605,0.00026022138608779383,554.9614572443786,-164.62937811268785,0.0
2023-02-28,2715260.701883632,0.0002168267418476407,352.6783424565446,-27.43822968508357,0.0
2023-03-01,2715255.8098895587,-3.2613293823706422e-06,447.83879573609914,-452.7307898096551,0.0
2023-03-02,2716232.3691989384,0.0006510395395864996,633.5814383120002,342.9778710677492,0.0
2023-03-03,2716092.2510068435,-9.34121280634147e-05,120.54498991645059,-260.66318201157264,0.0
2023-03-04,2716364.5248307725,0.00018151588261943344,231.11647940074903,41.157344528401154,0.0
2023-03-05,2716783.7998633552,0.0002795166883885236,295.8029989985046,123.47203358428078,0.0
2023-03-06,2716865.348950897,5.436605836105635e-05,328.49315471045804,-246.94406716887352,0.0
2023-03-07,2717382.68178897,0.00034488855871539194,297.82700058992197,219.50583748316603,0.0
2023-03-08,2717862.0111533636,0.00031955290959583097,506.76759407883003,-27.43822968508357,0.0
2023-03-09,2718179.4106959687,0.0002115996950698721,427.1524613463939,-109.75291874158575,0.0
2023-03-10,2718456.4588322267,0.00018469875750522918,-175.68265355119289,452.73078980903665,0.0
2023-03-11,2718119.432870174,-0.0002246839747017284,33.39013870025107,-370.4161007528437,0.0
2023-03-12,2718556.8102904316,0.0002915849468384111,66.96131950446559,370.4161007531511,0.0
2023-03-13,2719440.0167219522,0.0005888042876805518,649.9814791949624,233.22495232586516,0.0
2023-03-14,2718016.2099419655,-0.0009492045199910029,688.9369057908384,-2112.7436857773428,0.0
2023-03-15,2719349.0986857065,0.0008885924958271437,1401.4843179542056,-68.59557421349018,0.0
2023-03-16,2720919.8632519767,0.0010471763775135386,679.0221014940116,891.7424647762964,0.0
2023-03-17,2722835.568151759,0.0012771365998545526,502.63607098270023,1413.0688287991288,0.0
2023-03-18,2722049.1377282497,-0.0005242869490061643,736.3913240317736,-1522.8217475410202,0.0
2023-03-19,2723143.3139639986,0.0007294508238328275,723.7601349960901,370.4161007531511,0.0
2023-03-20,2724339.4116457426,0.0007973984544960903,688.4904325636911,507.60724918044434,0.0
2023-03-21,2725338.9660347616,0.0006663695926793794,491.94713983893763,507.6072491801315,0.0
2023-03-22,2725689.0360556147,0.00023338001390201132,295.19356148221317,54.876459370803786,0.0
2023-03-23,2725609.1291896095,-5.3271244003502637e-05,427.7003831748775,-507.6072491801315,0.0
2023-03-24,2726067.3174433033,0.00030545883579588605,746.2896653907891,-288.10141169696,0.0
2023-03-25,2726515.198277563,0.0002985872228395621,63.74561866348384,384.13521559585934,0.0
2023-03-26,2726745.8165045045,0.0001537454846278907,148.30353788533566,82.31468905650036,0.0
2023-03-27,2727307.1020921627,0.0003741903917720712,26.24010879258071,535.0454788655261,0.0
2023-03-28,2726987.406064121,-0.00021313068536113513,201.63033598112247,-521.3263640228251,0.0
2023-03-29,2727685.4604499848,0.00046536959057587025,670.6161561784035,27.438229685401893,0.0
2023-03-30,2728341.657327926,0.00043746458529379226,272.0616623451455,384.13521559554283,0.0
2023-03-31,2728483.7585557867,9.473415190725215e-05,594.8320176702199,-452.7307898093417,0.0
2023-04-01,2728962.531351605,0.0003191818638790531,657.1212887736483,-178.34849295506865,0.0
2023-04-02,2729631.508778722,0.0004459849514114599,312.2804412067333,356.69698591045653,0.0
2023-04-03,2729485.6804878497,-9.721886058177082e-05,-132.10917602996255,-13.71911484269367,0.0
2023-04-04,2729793.8956123507,0.0002054767496672111,486.5636174562018,-178.34849295538515,0.0
2023-04-05,2731086.1156509016,0.000861480025700733,688.5789854714574,603.641053079642,0.0
2023-04-06,2731276.757536868,0.00012709459064433925,300.3948047084002,-109.75291874189134,0.0
2023-04-07,2731441.2319913274,0.00010964963630636499,329.10383257192245,-164.62937811237498,0.0
2023-04-08,2731317.8253331664,-8.227110544077562e-05,178.4138683788122,-301.8205265399756,0.0
2023-04-09,2731313.147935408,-3.118265172162983e-06,50.19906161254476,-54.876459370789235,0.0
2023-04-10,2731681.3654613034,0.00024547835059675246,11.520539984360216,356.6969859107685,0.0
2023-04-11,2732468.613364611,0.0005248319355382548,471.7082619253406,315.53964138204174,0.0
2023-04-12,2732170.199842365,-0.00019894234816383887,154.3172675638968,-452.7307898096551,0.0
2023-04-13,2732369.206578451,0.0001326711573906153,788.9286743219327,-589.9219382360097,0.0
2023-04-14,2732730.7601310154,0.00024103570170972284,828.0034572169403,-466.44990465235605,0.0
2023-04-15,2733622.407933899,0.000594431868588946,864.2095731983372,27.43822968508175,0.0
2023-04-16,2733371.842020413,-0.0001670439423243759,860.6823887722765,-1111.2483022588403,0.0
2023-04-17,2735835.008940882,0.00164211128031298,871.749598715891,1591.417321753579,0.0
2023-04-18,2735220.868649214,-0.0004094268611119863,853.8049965016257,-1467.9452881696052,0.0
2023-04-19,2736756.4623528267,0.0010237291357417279,547.8174349370979,987.7762686754941,0.0
2023-04-20,2737934.3070469587,0.000785229796088067,231.2257699853205,946.61892414678,0.0
2023-04-21,2738532.8962157173,0.00039905944583924606,639.7465132869628,-41.157344528093745,0.0
2023-04-22,2738564.8291227976,2.1288604720180994e-05,196.56228519295934,-164.62937811268785,0.0
2023-04-23,2738553.1038617915,-7.816840670784392e-06,-25.44437584887026,13.71911484269367,0.0
2023-04-24,2738863.8043364733,0.00020713364978763453,393.01516373763565,-82.31468905618385,0.0
2023-04-25,2739370.9705302417,0.00033811079584569325,589.4808828250402,-82.31468905650036,0.0
2023-04-26,2739792.551551218,0.00028105401398431006,352.9854467629749,68.59557421349018,0.0
2023-04-27,2740357.1999529414,0.00037643226781559685,180.51318612723102,384.13521559616424,0.0
2023-04-28,2741043.379393476,0.0004574529603563138,658.7412108490761,27.438229685394617,0.0
2023-04-29,2741198.1795969307,0.00010320013563627344,429.1825003086801,-274.38229685426995,0.0
2023-04-30,2741546.9841243755,0.0002325363516300769,376.24275713051,-27.438229685394617,0.0
2023-05-01,2742782.2116222833,0.0008234849986051069,14.226276906613982,1221.0012210010464,0.0
2023-05-02,2742051.398784759,-0.00048720855834955294,517.6266131621188,-1248.4394506864483,0.0
2023-05-03,2742884.616097184,0.0005554782082835022,668.5879343128782,164.62937811237498,0.0
2023-05-04,2742979.9876245335,6.358101823270174e-05,781.3272694845729,-685.9557421355203,0.0
2023-05-05,2744229.6282235095,0.0008330937326509969,495.0892826274849,754.5513163490104,0.0
2023-05-06,2744548.3758014003,0.0002124983852603444,565.6916450590609,-246.94406716854428,0.0
2023-05-07,2745153.5266430676,0.0004034338944450907,221.01562607180583,384.13521559583023,0.0
2023-05-08,2745239.0963005014,5.70464382892455e-05,263.9181503889369,-178.34849295506865,0.0
2023-05-09,2746019.402323193,0.0005202040151275198,629.3957594216021,150.91026326967767,0.0
2023-05-10,2745975.832667131,-2.90464373745023e-05,340.56555953409884,-384.1352155958523,0.0
2023-05-11,2746487.5351829426,0.0003411350105408617,182.4437595862315,329.258756225061,0.0
2023-05-12,2746644.637880806,0.00010473513190921339,33.63066427954068,123.47203358427942,0.0
2023-05-13,2746603.2817316246,-2.7570766120986338e-05,150.7114586162901,-192.0676077977696,0.0
2023-05-14,2746490.7609781707,-7.501383563607391e-05,216.7380027712612,-329.25875622537205,0.0
2023-05-15,2746745.5193115724,0.00016983888893481888,-101.93865250854014,356.6969859107685,0.0
2023-05-16,2746489.7395066586,-0.00017051986994275745,142.0745255244132,-397.85433043854937,0.0
2023-05-17,2746825.157504491,0.00022361199855488632,280.54153846153844,54.87645937079105,0.0
2023-05-18,2747012.4191760276,0.00012484111435773543,489.08219807658014,-301.820526539977,0.0
2023-05-19,2747995.187293079,0.000655178744701076,434.00352334307394,548.7645937085399,0.0
2023-05-20,2748289.8497630684,0.00019644164665957447,212.3477809331742,82.31468905618749,0.0
2023-05-21,2748316.2770753573,1.7618208192431437e-05,163.61846071531465,-137.1911484266675,0.0
2023-05-22,2748982.673490552,0.00044426427679671184,419.4523480265053,246.94406716856247,0.0
2023-05-23,2749032.619559614,3.329737937454036e-05,502.67685887146564,-452.7307898096551,0.0
2023-05-24,2749427.763039193,0.0002634289863862674,381.42436473638725,13.719114843013813,0.0
2023-05-25,2750124.0641693743,0.00046420075345390106,202.4129958431082,493.8881343377434,0.0
2023-05-26,2750504.8671656284,0.00025386866416944647,504.2750298390748,-123.47203358490515,0.0
2023-05-27,2750740.5073077586,0.000157093428086869,194.4827976018987,41.15734452840479,0.0
2023-05-28,2750841.092891027,6.705705551227802e-05,31.990009054615797,68.59557421380123,0.0
2023-05-29,2750583.8704630183,-0.00017148161867262888,785.4303000370417,-1042.652728045985,0.0
2023-05-30,2752327.93163463,0.001162707447741347,632.8128693528694,1111.2483022591514,0.0
2023-05-31,2752237.1050825184,-6.055103474131435e-05,348.1851228546734,-439.01167496664493,0.0
2023-06-01,2752915.164233854,0.0004520394342239062,664.3400364928455,13.719114843013813,0.0
2023-06-02,2754062.7468432295,0.000765055072916962,585.0989008245188,562.4837085509243,0.0
2023-06-03,2754430.9463621005,0.0002454663459138375,491.6715524550357,-123.47203358427942,0.0
2023-06-04,2754906.952789505,0.0003173376182699529,407.4108531917521,68.59557421317731,0.0
2023-06-05,2755594.1085944744,0.0004581038699795336,261.8632448450426,425.29256012425776,0.0
2023-06-06,2754318.6446348634,-0.0008503093064072877,96.44752466010893,-1371.9114842710405,0.0
2023-06-07,2756179.9293624707,0.0012408564850713692,585.4070472349125,1275.8776803721412,0.0
2023-06-08,2755830.1719262986,-0.00023317162411467526,459.6703395480924,-809.4277757201053,0.0
2023-06-09,2756116.3053327547,0.00019075560430421076,395.88632519789826,-109.7529187415821,0.0
2023-06-10,2756504.573405631,0.00025884538191725846,333.39161350509664,54.87645937079105,0.0
2023-06-11,2756906.8494465686,0.000268184027291809,251.36577766802492,150.91026326968858,0.0
2023-06-12,2757526.0974250576,0.0004128319856590768,482.05683006132443,137.19114842729073,0.0
2023-06-13,2757952.0894734585,0.0002839946989340248,425.99204840103715,0.0,0.0
2023-06-14,2758149.5217869123,0.00013162154230275729,320.9043470387291,-123.47203358459319,0.0
2023-06-15,2757697.963870846,-0.00030103861071086594,-286.9285379539312,-164.6293781123677,0.0
2023-06-16,2758134.938960775,0.0002913167266191483,-331.2953412629817,768.2704311917041,0.0
2023-06-17,2757537.4572066492,-0.00039832116941715986,390.29451454912123,-987.7762686748611,0.0
2023-06-18,2757570.538509965,2.2054202210431687e-05,87.95776268675145,-54.87645937110392,0.0
2023-06-19,2758402.3460040316,0.0005545383293777392,283.0429003580689,548.7645937085399,0.0
2023-06-20,2758404.3986634817,1.3684396334493366e-06,84.36734850667436,-82.31468905650036,0.0
2023-06-21,2758285.2419958552,-7.943777841776944e-05,264.97854796888504,-384.1352155955392,0.0
2023-06-22,2759309.3601997485,0.0006827454692621812,777.1741367246984,246.94406716857338,0.0
2023-06-23,2759699.694185563,0.000260222657209764,623.5589381405111,-233.22495232586516,0.0
2023-06-24,2760033.123152102,0.0002222859776926773,607.8112633932859,-274.38229685426995,0.0
2023-06-25,2760873.2008022917,0.0005600517667932988,771.482075976458,68.59557421349018,0.0
2023-06-26,2761585.508325306,0.0004748716820091579,629.992833957553,82.31468905618385,0.0
2023-06-27,2762286.6669007125,0.00046743905027137847,303.3042449685147,397.854330438553,0.0
2023-06-28,2762291.694664771,3.3518427058178303e-06,416.6012093399734,-411.5734452812467,0.0
2023-06-29,2762938.9459454506,0.0004315008537862518,317.9925244543222,329.25875622505555,0.0
2023-06-30,2763602.4507498844,0.00044233653628931053,608.6283450631765,54.876459370789235,0.0
2023-07-01,2763808.2731422237,0.00013721492822610875,795.7443305757913,-589.9219382366282,0.0
2023-07-02,2764655.0498361913,0.000564517795978644,791.9002345968638,54.8764593711021,0.0
2023-07-03,2764601.9664651304,-3.538891404070553e-05,797.5017491871425,-850.5851202482008,0.0
2023-07-04,2766435.5261638584,0.0012223731324854925,804.6260855249619,1028.9336132032768,0.0
2023-07-05,2767122.4641946172,0.00045795868717223503,796.6909494999383,-109.75291874158575,0.0
2023-07-06,2767719.2902313014,0.000397884024456405,596.8260366849131,-3.055902197957039e-10,0.0
2023-07-07,2769279.332963052,0.0010400284878337325,339.0415107489265,1221.001221001672,0.0
2023-07-08,2768796.730995731,-0.0003217346448807615,121.03908575818689,-603.6410530793291,0.0
2023-07-09,2768855.854259234,3.941550900192605e-05,237.47175645827332,-178.34849295538424,0.0
2023-07-10,2769512.5067470586,0.00043776832521622374,368.5510761273683,288.10141169696726,0.0
2023-07-11,2770103.4946077,0.0003939919070943132,508.67317158496934,82.31468905650036,0.0
2023-07-12,2770200.7202267745,6.481707938308886e-05,659.7093276261816,-562.4837085515483,0.0
2023-07-13,2770686.5100990497,0.00032385991485015225,5.620852780178593,480.1690194950497,0.0
2023-07-14,2769755.5734950793,-0.0006206244026468483,825.1100958966128,-1756.0466998668853,0.0
2023-07-15,2772066.9845957635,0.001540940733789627,445.6114820759765,1865.7996186084638,0.0
2023-07-16,2772351.0932182274,0.0001894057483091775,380.14242636265107,-96.0338038988848,0.0
2023-07-17,2772782.586989063,0.0002876625138904869,239.42616303796078,192.0676077977696,0.0
2023-07-18,2772944.261908052,0.00010778327932600981,586.9674791126477,-425.29256012363294,0.0
2023-07-19,2773475.704507687,0.000354295066423257,668.6337480621751,-137.1911484272896,0.0
2023-07-20,2774447.2668240224,0.0006477082108903572,491.39329684048784,480.1690194950479,0.0
2023-07-21,2774615.1645386918,0.00011193180977974144,250.2124037261116,-82.31468905649945,0.0
2023-07-22,2774604.759310612,-6.936818720073082e-06,181.6623797176606,-192.06760779777022,0.0
2023-07-23,2774911.9190532416,0.00020477316175291336,266.0023981012745,41.157344528095564,0.0
2023-07-24,2775313.3087028554,0.00026759309974256403,442.54699414193794,-41.157344528091926,0.0
2023-07-25,2776065.820071337,0.000501674245654412,656.4775645827332,96.0338038988848,0.0
2023-07-26,2776432.379360961,0.0002443728597494557,654.6607013211508,-288.10141169696726,0.0
2023-07-27,2777370.3674341114,0.0006253253821001971,567.5719723971409,370.41610075315475,0.0
2023-07-28,2777846.1627753745,0.00031719689417533735,503.2335709484024,-27.438229685396436,0.0
2023-07-29,2778151.4071718017,0.00020349626428496905,552.1884635963289,-246.94406716887534,0.0
2023-07-30,2778239.094418513,5.8458164474085035e-05,403.2268880931802,-315.53964138205265,0.0
2023-07-31,2778942.3611976765,0.000468844519442124,113.3448409268634,589.9219382363226,0.0
2023-08-01,2779080.0174954357,9.177086517314562e-05,535.5106281982687,-397.8543304385503,0.0
2023-08-02,2779425.6266927305,0.00023040613152977828,770.9017574186114,-425.292560123944,0.0
2023-08-03,2780745.022777295,0.000879597389709827,756.9123760134996,562.4837085512409,0.0
2023-08-04,2781767.856223125,0.0006818889638864749,624.979115391475,397.8543304382374,0.0
2023-08-05,2782038.2953911982,0.00018029277871527575,654.5743836687657,-384.13521559585206,0.0
2023-08-06,2782781.458710401,0.0004954422128018551,551.0957114047002,192.06760779808246,0.0
2023-08-07,2783394.1247197846,0.0004084440062557836,736.1380429682677,-123.47203358459228,0.0
2023-08-08,2783977.9599073934,0.0003892234584059055,542.6778430807644,41.157344528093745,0.0
2023-08-09,2784470.542649296,0.00032838849460171943,465.1445122168717,27.438229685707483,0.0
2023-08-10,2784802.2731859875,0.0002211536911276572,702.1466374449521,-370.41610075346637,0.0
2023-08-11,2785527.558270566,0.00048352338971900324,217.67783539806015,507.6072491804448,0.0
2023-08-12,2785643.4557931684,7.726501506815267e-05,445.15627882729,-329.258756225061,0.0
2023-08-13,2786104.9353412604,0.0003076530320615714,461.4795480923571,0.0,0.0
2023-08-14,2786639.7828447935,0.00035656500235524776,754.3533410160377,-219.50583748316603,0.0
2023-08-15,2787389.8001802666,0.0005000115569822938,667.7026464172532,82.31468905618749,0.0
2023-08-16,2788075.0462697702,0.0004568307263356615,671.526974660795,13.719114842697309,0.0
2023-08-17,2788560.7889908194,0.00032382848069935675,609.2147546336311,-123.47203358459592,0.0
2023-08-18,2788245.3379063234,-0.00021030072299725618,-137.10259154079378,-178.34849295509048,0.0
2023-08-19,2788251.8242983334,4.324261339908086e-06,-473.68262748487473,480.16901949473686,0.0
2023-08-20,2787936.5353134107,-0.00021019265661503686,-507.35659272063776,192.06760779808246,0.0
2023-08-21,2787893.8998789946,-2.842362294392975e-05,-179.82658284287498,137.19114842698036,0.0
2023-08-22,2786293.8998789946,-0.0010666666666666667,0.0,0.0,1600.0
2023-08-23,2786293.8998789946,0.0,0.0,0.0,0.0
2023-08-24,2786293.8998789946,0.0,0.0,0.0,0.0
2023-08-25,2786293.8998789946,0.0,0.0,0.0,0.0
2023-08-26,2786293.8998789946,0.0,0.0,0.0,0.0
2023-08-27,2786293.8998789946,0.0,0.0,0.0,0.0
2023-08-28,2786293.8998789946,0.0,0.0,0.0,0.0
2023-08-29,2786293.8998789946,0.0,0.0,0.0,0.0
2023-08-30,2786293.8998789946,0.0,0.0,0.0,0.0
2023-08-31,2786293.8998789946,0.0,0.0,0.0,0.0
2023-09-01,2786293.8998789946,0.0,0.0,0.0,0.0
2023-09-02,2786293.8998789946,0.0,0.0,0.0,0.0
2023-09-03,2786293.8998789946,0.0,0.0,0.0,0.0
2023-09-04,2786293.8998789946,0.0,0.0,0.0,0.0
2023-09-05,2786293.8998789946,0.0,0.0,0.0,0.0
2023-09-06,2786293.8998789946,0.0,0.0,0.0,0.0
2023-09-07,2786293.8998789946,0.0,0.0,0.0,0.0
2023-09-08,2786293.8998789946,0.0,0.0,0.0,0.0
2023-09-09,2786293.8998789946,0.0,0.0,0.0,0.0
2023-09-10,2786293.8998789946,0.0,0.0,0.0,0.0
2023-09-11,2785244.0355829913,-0.0006999095306690741,220.87694777132975,329.2587562250592,1600.0
2023-09-12,2784885.867055738,-0.00023877901816877768,-166.10091945507676,-192.06760779808974,0.0
2023-09-13,2784750.901779641,-8.997685073134062e-05,57.10233170075866,-192.0676077977696,0.0
2023-09-14,2785057.500985029,0.0002043994702590466,-22.659550836180046,329.25875622474996,0.0
2023-09-15,2784981.533231809,-5.064516881363473e-05,47.50428036383095,-123.47203358428305,0.0
2023-09-16,2784971.928776389,-6.4029702798748646e-06,251.05872659176035,-260.66318201157264,0.0
2023-09-17,2785205.242598946,0.00015554254837145387,123.56090381528584,109.75291874189497,0.0
2023-09-18,2785494.00458177,0.000192507988549004,110.4134898684337,178.3484929550723,0.0
2023-09-19,2785709.690570575,0.00014379065920352757,-31.25807836358399,246.94406716887534,0.0
2023-09-20,2785411.6699205637,-0.00019868043334099903,223.30571401133201,-521.3263640228306,0.0
2023-09-21,2785679.8420350906,0.00017878140968476304,240.73388484174998,27.438229685394617,0.0
2023-09-22,2786237.6572248945,0.00037187679320262185,187.39908905077442,370.4161007531584,0.0
2023-09-23,2786208.834191598,-1.921535553094416e-05,176.96368934436353,-205.78672264077977,0.0
2023-09-24,2786487.55802417,0.00018581588838120682,155.25179898752933,123.4720335842809,0.0
2023-09-25,2786534.494368575,3.1290896269904505e-05,266.4421818880246,-219.50583748316785,0.0
2023-09-26,2786750.6306729196,0.0001440908695630715,298.4509934011058,-82.31468905649854,0.0
2023-09-27,2787175.011621185,0.0002829206321769702,342.06625920895584,82.31468905649945,0.0
2023-09-28,2787363.7273299834,0.0001258104725320294,161.27747911264765,27.438229685396436,0.0
2023-09-29,2787633.8268242963,0.00018006632954217888,91.75100135819238,178.34849295507593,0.0
2023-09-30,2787584.941307841,-3.259034430381752e-05,-7.728171927947216,-41.15734452777906,0.0
2023-10-01,2787492.3741136743,-6.171146277786341e-05,72.06218394589182,-164.62937811268694,0.0
2023-10-02,2787592.7090247055,6.68899406875449e-05,539.3465859982715,-439.01167496695416,0.0
2023-10-03,2788507.922596477,0.0006101423811812211,201.8195999506112,713.3939718212205,0.0
2023-10-04,2788373.609326526,-8.954217996736502e-05,181.22637143131527,-315.5396413823628,0.0
2023-10-05,2788705.9874626473,0.00022158542408059684,154.02964316582296,178.3484929550723,0.0
2023-10-06,2788874.4418496084,0.00011230292464091621,538.8704877145327,-370.4161007531584,0.0
2023-10-07,2789450.8024164825,0.00038424037791595785,356.85472939045974,219.50583748347708,0.0
2023-10-08,2789641.0533315474,0.00012683394337649012,629.2625900316912,-439.011674966956,0.0
2023-10-09,2790690.127143266,0.0006993825411459702,459.1518734823229,589.9219382366324,0.0
2023-10-10,2791027.5116220084,0.00022492298582822397,447.1373974839144,-109.75291874157847,0.0
2023-10-11,2791279.7882660385,0.0001681844293532182,265.9957588728375,-13.719114843010175,0.0
2023-10-12,2791645.481619676,0.00024379556909191516,297.0977794240715,68.59557421380123,0.0
2023-10-13,2791867.336531531,0.00014790327456978516,208.1357970119768,13.719114842700947,0.0
2023-10-14,2791850.83353802,-1.1001995673756578e-05,230.4410736579276,-246.94406716856247,0.0
2023-10-15,2792404.7654596567,0.0003692879477574609,306.98785446762975,246.94406716856156,0.0
2023-10-16,2792432.301660971,1.8357467542869472e-05,384.2331872247603,-356.6969859104561,0.0
2023-10-17,2793049.5788853196,0.0004115181495659797,246.86112359550557,370.416100753464,0.0
2023-10-18,2793634.3620272707,0.0003898554279676123,296.681730254764,288.1014116966544,0.0
2023-10-19,2793612.976060005,-1.4257311510819704e-05,280.4345592734357,-301.82052653966525,0.0
2023-10-20,2793810.3741859733,0.00013159875064583376,362.0275040814367,-164.62937811268603,0.0
2023-10-21,2794121.600334606,0.00020748409908875477,228.91145957662815,82.314689056504,0.0
2023-10-22,2794253.239381128,8.775936434774364e-05,241.3919652632012,-109.75291874158575,0.0
2023-10-23,2794845.6444950653,0.0003949367426248547,290.5845873976211,301.82052653966093,0.0
2023-10-24,2793171.782152664,-0.001115908228267783,726.9827550726427,-2400.8450974743173,0.0
2023-10-25,2796046.334566542,0.001916368275918789,734.3704984154423,2140.181915462741,0.0
2023-10-26,2796466.1531998436,0.0002798790888678365,735.3582746841175,-315.5396413823628,0.0
2023-10-27,2796700.740460274,0.00015639150695340314,742.1945096102398,-507.6072491801351,0.0
2023-10-28,2796473.0155010885,-0.00015181663945713043,732.613079804091,-960.3380389897866,0.0
2023-10-29,2797300.316539625,0.0005515340256912707,731.2672346380213,96.0338038988848,0.0
2023-10-30,2798327.3898408557,0.0006847155341537697,738.9718895336873,288.10141169696726,0.0
2023-10-31,2798454.903525673,8.500912321132993e-05,744.8738527390213,-617.3601679220264,0.0
2023-11-01,2798927.7986704777,0.0003152634298701295,747.2774416594642,-274.38229685426995,0.0
2023-11-02,2800079.9228613926,0.0007680827939434411,1453.9447174548297,-301.8205265396682,0.0
2023-11-03,2802631.9580920795,0.0017013568204578878,741.1120714491501,1810.9231592376818,0.0
2023-11-04,2803523.3534632507,0.0005942635807805613,754.2042227435487,137.19114842729323,0.0
2023-11-05,2803258.333090365,-0.0001766802485903614,763.9132403177347,-1028.9336132032768,0.0
2023-11-06,2803707.9729636004,0.00029975991549024777,778.8986294604272,-329.25875622505555,0.0
2023-11-07,2804504.389530804,0.0005309443781353819,782.6974523603737,13.719114842699128,0.0
2023-11-08,2805609.789374406,0.0007369332290680701,776.1410873770424,329.2587562250628,0.0
2023-11-09,2808272.5818044725,0.001775194953377692,2360.971903527185,301.82052653935307,0.0
2023-11-10,2808893.47971999,0.00041393194367848657,2376.944615384615,-1756.0466998668853,0.0
2023-11-11,2810733.939288387,0.001226973045597798,1552.3581566997298,288.10141169696726,0.0
2023-11-12,2812174.563325922,0.0009604160250234507,1426.904922692788,13.71911484238808,0.0
2023-11-13,2814367.448081242,0.0014619231702134824,2206.603870162297,-13.719114842073395,0.0
2023-11-14,2815358.577935134,0.0006607532359277434,1196.916576532082,-205.7867226404669,0.0
2023-11-15,2817298.5060469722,0.0012932854078920916,814.9606947359757,1124.9674171021616,0.0
2023-11-16,2818008.8680944117,0.0004735746982932607,847.5531958678027,-137.19114842791168,0.0
2023-11-17,2819420.073867416,0.0009408038486692848,807.5647199242707,603.6410530796566,0.0
2023-11-18,2820199.8175943503,0.0005198291512898422,807.181956620159,-27.438229685395754,0.0
2023-11-19,2820719.713054695,0.0003465969735632325,807.996872041816,-288.10141169696726,0.0
2023-11-20,2821026.657670629,0.00020462974395568903,828.2709799563733,-521.3263640228397,0.0
2023-11-21,2821831.5896924147,0.0005366213478573192,832.3702514713751,-27.438229685396436,0.0
2023-11-22,2823409.3318004943,0.0010518280720527298,795.752562044697,781.9895460343978,0.0
2023-11-23,2823888.370364926,0.00031935904295435407,849.4546651850023,-370.41610075347126,0.0
2023-11-24,2825066.5693195295,0.000785465969735849,848.9401983784007,329.25875622537274,0.0
2023-11-25,2826115.1871187096,0.0006990785327866982,856.5501913816521,192.06760779839533,0.0
2023-11-26,2827726.9924170314,0.001074536865547852,857.2539819730831,754.5513163486949,0.0
2023-11-27,2828767.712121797,0.0006938131365100661,848.6520969667038,192.06760779839533,0.0
2023-11-28,2828998.5650391662,0.00015390194491292307,834.4939704490266,-603.641053079642,0.0
2023-11-29,2829841.553885525,0.0005619925642395467,842.9888463596328,-3.128661774098873e-10,0.0
2023-11-30,2831307.472860433,0.0009772793166051936,834.839692143063,631.0792827647274,0.0
2023-12-01,2831863.825496561,0.00037090175741857814,844.4540478248344,-288.10141169696726,0.0
2023-12-02,2832818.8089650283,0.0006366556456445598,858.9496645676421,96.03380389919766,0.0
2023-12-03,2832667.319755112,-0.00010099280661098677,891.1635181298104,-1042.6527280462906,0.0
2023-12-04,2833871.823740515,0.000803002656935472,902.6834588632343,301.8205265399738,0.0
2023-12-05,2834767.8205028037,0.000597331174859287,923.4349919743179,-27.43822968538734,0.0
2023-12-06,2835259.2268492663,0.0003276042309750837,944.1371362719677,-452.73078980934224,0.0
2023-12-07,2836205.840285767,0.0006310756243336216,919.1752068156563,27.43822968477616,0.0
2023-12-08,2836730.829494997,0.00034999280615342286,1471.6081333772345,-946.6189241471002,0.0
2023-12-09,2838460.998527114,0.001153446021411215,2827.698219533276,-1097.5291874164536,0.0
2023-12-10,2840489.6794347707,0.0013524539384380241,1781.7368404878516,246.94406716918456,0.0
2023-12-11,2842366.992228943,0.0012515418627813458,1424.5820043626784,452.7307898093404,0.0
2023-12-12,2844874.386831843,0.0016715964019333356,915.9772811458206,1591.417321754183,0.0
2023-12-13,2844939.9025871484,4.367717020374645e-05,1163.0449427226959,-1097.5291874170762,0.0
2023-12-14,2845802.0597807663,0.0005747714624121614,930.7527678314194,-68.59557421317731,0.0
2023-12-15,2846878.5510632293,0.0007176608549751676,966.7383637211728,109.75291874157847,0.0
2023-12-16,2847806.6670171884,0.0006187439693059694,914.3968391159403,13.719114843013813,0.0
2023-12-17,2849494.321751792,0.0011251031564022485,960.541647940075,727.1130866632975,0.0
2023-12-18,2849550.707014582,3.759017519349588e-05,1057.8806463075002,-1001.4953835172564,0.0
2023-12-19,2850944.7707535895,0.0009293758260049559,913.8947195126971,480.16901949473686,0.0
2023-12-20,2852152.5055567883,0.0008051565354658334,1290.0494922555597,-82.31468905680958,0.0
2023-12-21,2854099.3276425055,0.0012978813904783713,2866.0027801786223,-919.1806944610653,0.0
2023-12-22,2858238.9875728125,0.002759773286871131,4263.131963891289,-123.47203358459228,0.0
2023-12-23,2859626.8906656494,0.0009252687285580688,1566.2515857924848,-178.34849295538152,0.0
2023-12-24,2861834.473876745,0.001471722140730397,1741.1333064438684,466.4499046517267,0.0
2023-12-25,2864679.674904581,0.0018968006852242395,2461.065812240194,384.1352155961649,0.0
2023-12-26,2867844.3651297125,0.002109793483420732,3631.1401297828265,-466.4499046517285,0.0
2023-12-27,2871773.1070134845,0.002619161255847858,3722.955161131004,205.7867226407834,0.0
2023-12-28,2875608.7213307517,0.0025570762115116803,4384.378910976664,-548.7645937091438,0.0
2023-12-29,2880343.025392982,0.00315620270815357,4542.23645443196,192.06760779839533,0.0
2023-12-30,2883608.68615645,0.002177107175645477,2689.4579400749067,576.2028233933088,0.0
2023-12-31,2885928.844863835,0.0015467724715899328,2553.3836597110753,-233.2249523261762,0.0
2024-01-01,2888588.5936064785,0.001773165828428867,3194.7942215088283,-535.0454788655279,0.0
2024-01-02,2893196.3430951675,0.00307183299245936,5444.615494093921,-836.8660054048814,0.0
2024-01-03,2896616.5475132708,0.002280136278735613,2034.573818989999,1385.6305991134209,0.0
2024-01-04,2898761.00567683,0.0014296387757062772,909.7378277153557,1234.7203358440602,0.0
2024-01-05,2899598.358710813,0.0005582353559884272,933.38683788122,-96.03380389857921,0.0
2024-01-06,2901355.332822843,0.0011713160746867782,933.827221467671,823.1468905624961,0.0
2024-01-07,2903031.956823062,0.001117749333479418,922.0726838704368,754.5513163486903,0.0
2024-01-08,2904138.0755482824,0.0007374124834801997,914.051117421904,192.06760779839533,0.0
2024-01-09,2903396.3323975503,-0.0004944954338214888,959.4270897641685,-1701.1702404964017,0.0
2024-01-10,2905266.6579521457,0.001246883703063761,964.8639749763346,905.4615796193066,0.0
2024-01-11,2904396.5134898657,-0.0005800963081864616,1064.2507305428655,-1934.3951928225579,0.0
2024-01-12,2906640.3844753103,0.0014959139902963482,1077.7462238136395,1166.1247616308829,0.0
2024-01-13,2907459.401912305,0.0005460116246630321,1038.523274478331,-219.50583748378267,0.0
2024-01-14,2909096.850980091,0.0010916327118570806,1061.246244392312,576.2028233933088,0.0
2024-01-15,2908606.1045230525,-0.0003271643046923162,1018.3561756595466,-1509.102632698021,0.0
2024-01-16,2911039.409046245,0.0016222030154618412,1033.9548092357081,1399.3497139570536,0.0
2024-01-17,2912680.5170019595,0.0010940719704761145,1064.9051323208628,576.2028233933088,0.0
2024-01-18,2913145.8460549284,0.0003102193686462685,1041.5318763633372,-576.2028233939345,0.0
2024-01-19,2914066.929590619,0.000614055690460447,1017.1173395892497,-96.03380389857921,0.0
2024-01-20,2915106.4790548873,0.0006930329761788264,1025.830349425855,13.719114842384442,0.0
2024-01-21,2916439.535262101,0.0008887041381423563,1017.5165658311727,315.5396413823619,0.0
2024-01-22,2917834.914664222,0.0009302529347475003,1011.2441865250855,384.1352155961649,0.0
2024-01-23,2918540.487368671,0.00047038180296623394,952.5167716178952,-246.94406716854428,0.0
2024-01-24,2920931.044501925,0.0015937047555022402,922.6118450837553,1467.9452881696052,0.0
2024-01-25,2921123.641667556,0.00012839811042081501,919.7102522945219,-727.1130866632993,0.0
2024-01-26,2922352.0553263063,0.0008189424391667595,912.8740173683996,315.5396413817398,0.0
2024-01-27,2923613.156178401,0.0008407339013965122,835.8082919702022,425.2925601245661,0.0
2024-01-28,2924264.975826917,0.0004345464323441851,651.8196485162777,0.0,0.0
2024-01-29,2925138.609060101,0.0005824221554558969,928.5096925546364,-54.87645937079105,0.0
2024-01-30,2926218.049640557,0.0007196270536370145,832.4965132869629,246.94406716855883,0.0
2024-01-31,2927127.0617270973,0.0006060080576934857,963.8885459110178,-54.876459370789235,0.0
2024-02-01,2928024.2095508343,0.0005980985491581878,732.5184456242883,164.62937811299344,0.0
2024-02-02,2928498.0404896326,0.0003158872925324353,748.2132356532358,-274.3822968545828,0.0
2024-02-03,2929365.374015034,0.0005782223502674107,716.4232621311272,150.91026326998872,0.0
2024-02-04,2930094.2426317353,0.0004859124111344186,701.4303870162296,27.438229685398255,0.0
2024-02-05,2931091.070772384,0.0006645520937655433,941.9516812775239,54.87645937079105,0.0
2024-02-06,2931737.3868269036,0.0004308773696799411,810.9454326322866,-164.62937811237498,0.0
2024-02-07,2932121.058209379,0.0002557809216502394,548.3007605877268,-164.6293781123677,0.0
2024-02-08,2933016.1143651456,0.0005967041038443511,908.7752706095404,-13.719114843013813,0.0
2024-02-09,2933813.5475879028,0.0005316221485047124,920.9052563416609,-123.47203358459228,0.0
2024-02-10,2935476.5082760537,0.001108640458767387,935.8476014871519,727.1130866639287,0.0
2024-02-11,2935942.411698973,0.0003106022819459187,850.038638515043,-384.1352155961649,0.0
2024-02-12,2936899.601711045,0.0006381266747149483,861.1562081738488,96.03380389857375,0.0
2024-02-13,2935209.781294259,-0.001126546944524243,1095.159896283492,-2784.9803130698565,0.0
2024-02-14,2936449.5172309307,0.0008264906244481428,1198.578592144435,41.15734452777906,0.0
2024-02-15,2937262.217080296,0.000541799899576667,1430.0600172860848,-617.3601679210842,0.0
2024-02-16,2937693.3302583285,0.0002874087853547679,1267.9791834382847,-836.8660054061329,0.0
2024-02-17,2939064.9292252795,0.0009143993113007999,1289.2842778943902,82.31468905680958,0.0
2024-02-18,2940763.367737578,0.00113229234153269,1190.8312631189035,507.6072491801315,0.0
2024-02-19,2940797.758814666,2.292738472500423e-05,1186.7967238753754,-1152.405646787869,0.0
2024-02-20,2944138.127146147,0.0022269122209876095,2503.5023260759217,836.8660054054926,0.0
2024-02-21,2944976.204873439,0.0005587184848610988,1743.5393069103181,-905.4615796186699,0.0
2024-02-22,2947117.61464968,0.0014276065174938062,1222.2290817796438,919.1806944610653,0.0
2024-02-23,2948807.5900924644,0.0011266502951897538,1223.52553813228,466.4499046523506,0.0
2024-02-24,2950408.6217699004,0.0010673544516240736,1203.177346997572,397.85433043853845,0.0
2024-02-25,2951843.3451341023,0.0009564822428010271,2340.1849438202253,-905.4615796186845,0.0
2024-02-26,2954834.976367588,0.0019944208223238473,4185.194224801416,-1193.5629913156445,0.0
2024-02-27,2960271.2451908994,0.0036241792155408113,5449.9879381542305,-13.719114843013813,0.0
2024-02-28,2965144.057589138,0.0032485415988258463,4859.093283395756,13.719114843013813,0.0
2024-02-29,2973169.489422149,0.005350287888673794,9836.3549922487,-1810.9231592380092,0.0
2024-03-01,2981035.4915228197,0.005244001400447324,6631.281764826933,1234.720335844053,0.0
2024-03-02,2989548.6478938395,0.005675437580679911,7621.41390624357,891.7424647762964,0.0
2024-03-03,2994077.3828188647,0.0030191566166832594,5393.039160115789,-864.3042350909,0.0
2024-03-04,2998582.461304823,0.0030033856573056066,5794.6752811732595,-1289.5967952148494,0.0
2024-03-05,3012440.1015550597,0.009238426833491301,11100.098166851873,2757.5420833850803,0.0
2024-03-06,3017565.537888626,0.003416957555710875,4851.054036712351,274.3822968539607,0.0
2024-03-07,3021066.4964719904,0.002333972388909441,6244.7815519062715,-2743.82296854211,0.0
2024-03-08,3030172.4627628904,0.00607064419393354,7953.560644112442,1152.405646787869,0.0
2024-03-09,3036139.236482005,0.003977849146076346,5610.076733204374,356.6969859101446,0.0
2024-03-10,3041847.282317019,0.0038053638900093167,6105.900165452525,-397.85433043854937,0.0
2024-03-11,3050565.7867507623,0.005812336289162061,8567.594170473723,150.91026326936844,0.0
2024-03-12,3055225.797397894,0.003106673764754288,8597.396606988517,-3937.3859598570853,0.0
2024-03-13,3065569.86876857,0.006896047580450962,8272.485029427502,2071.5863412489416,0.0
2024-03-14,3072860.437076317,0.004860378871831257,6961.309551522136,329.25875622474996,0.0
2024-03-15,3078949.5309975147,0.004059395947465423,5169.913226735811,919.180694462324,0.0
2024-03-16,3083474.773518539,0.0030168283473492982,3866.725008574447,658.5175124494999,0.0
2024-03-17,3086630.2740566027,0.0021036670253759353,2689.0506334115325,466.4499046523706,0.0
2024-03-18,3090558.6410971154,0.002618911360341748,3667.7038585010496,260.66318201157264,0.0
2024-03-19,3092764.2619874855,0.0014704139269134497,3138.5206996748575,-932.899809304683,0.0
2024-03-20,3095193.9048108803,0.001619761882263049,1565.3385883030826,864.3042350914911,0.0
2024-03-21,3099124.179794074,0.0026201833221291214,2462.329695024077,1467.9452881696052,0.0
2024-03-22,3100665.4267167393,0.0010274979484438149,2981.7539811499364,-1440.5070584842142,0.0
2024-03-23,3101917.5085077696,0.0008347211940201463,1691.0934659971736,-439.01167496695416,0.0
2024-03-24,3105763.9337344784,0.0025642834844722805,2186.41233074042,1660.0128959680005,0.0
2024-03-25,3107319.8073874665,0.0010372491019922673,2571.088151349275,-1015.2144983608741,0.0
2024-03-26,3110957.898699151,0.0024253942077895876,4104.541216336723,-466.4499046523415,0.0
2024-03-27,3115225.0577187836,0.002844772679754968,4020.2149524632673,246.94406716918547,0.0
2024-03-28,3118583.7288849084,0.0022391141107498047,5361.661933160472,-2002.9907670357643,0.0
2024-03-29,3123944.194017777,0.0035736434219128515,4976.329917273738,384.1352155955392,0.0
2024-03-30,3129555.8092737077,0.003741076837286915,4541.52429819868,1070.0909577316925,0.0
2024-03-31,3136397.7586301444,0.004561299570957781,7226.084572032211,-384.135215595541,0.0
2024-04-01,3141522.0204347563,0.0034161745364078306,5810.217546747885,-685.9557421361387,0.0
2024-04-02,3144418.2853717175,0.0019308432913075042,1812.4548643865498,1083.8100725747063,0.0
2024-04-03,3147154.1526255617,0.001823911502562967,1350.2366547310367,1385.630599113414,0.0
2024-04-04,3147502.5961919827,0.000232295710947181,1363.6580647816602,-1015.2144983608887,0.0
2024-04-05,3149133.654896075,0.0010873724693949921,1370.3955220809155,260.66318201157264,0.0
2024-04-06,3151423.8930752743,0.001526825452799634,1672.8780112771121,617.3601679223393,0.0
2024-04-07,3153133.2234452795,0.0011395535800032316,1380.071613779479,329.2587562253684,0.0
2024-04-08,3155278.2423913763,0.0014300126307312988,2460.558587479936,-315.5396413829876,0.0
2024-04-09,3156207.3865670636,0.0006194294504581182,2547.9997271268057,-1618.8555514396285,0.0
2024-04-10,3159748.5929236785,0.002360804237743178,2279.0477910853197,1262.1585655294475,0.0
2024-04-11,3161557.8822751753,0.0012061929009982422,1726.9746624411794,82.31468905618385,0.0
2024-04-12,3163137.399636715,0.0010530115743598069,1442.3262131127299,137.19114842698036,0.0
2024-04-13,3165855.832639418,0.00181228866846865,1332.8024035889207,1385.6305991140543,0.0
2024-04-14,3170426.5491887867,0.0030471443662457667,1236.9716425896202,3333.7449067790294,0.0
2024-04-15,3172039.9131964142,0.0010755760050851022,1050.8802990767035,562.4837085509498,0.0
2024-04-16,3172011.1303282958,-1.9188578745885024e-05,945.2742857142857,-974.0571538331133,0.0
2024-04-17,3172646.5906007574,0.0004236401816411809,457.1117795063863,178.34849295538515,0.0
2024-04-18,3174212.2339871833,0.0010437622576173118,495.55242869490064,1070.0909577310667,0.0
2024-04-19,3174140.9436365236,-4.7526900439891125e-05,751.8565399020455,-823.1468905618822,0.0
2024-04-20,3174860.661091353,0.00047981163655300965,733.4365696725247,-13.719114843010175,0.0
2024-04-21,3175195.684017366,0.00022334861734172768,403.6185002263655,-68.59557421377394,0.0
2024-04-22,3176059.6945912363,0.0005760070492473145,274.08863563402883,589.9219382369429,0.0
2024-04-23,3175910.8176105395,-9.925132046469017e-05,386.1684981684981,-535.0454788655334,0.0
2024-04-24,3176279.3036461263,0.0002456573570579233,505.6771840144874,-137.19114842760246,0.0
2024-04-25,3177516.8495774483,0.0008250306208813921,524.1519595011731,713.3939718209149,0.0
2024-04-26,3177156.498730293,-0.00024023389810349334,435.35781372185875,-795.7086608770987,0.0
2024-04-27,3177920.134053996,0.0005090902158019262,832.2308979160665,-68.59557421317731,0.0
2024-04-28,3179432.780322809,0.0010084308458751061,1155.949282901867,356.69698591079214,0.0
2024-04-29,3179952.6662501516,0.00034659061822877874,1109.8078655801128,-589.9219382369447,0.0
2024-04-30,3181206.977102245,0.0008362072347290159,829.0182919702021,425.2925601233219,0.0
2024-05-01,3181803.52896928,0.00039770124468975195,582.8327521916286,13.71911484299926,0.0
2024-05-02,3183027.8642438683,0.0008162235163921572,703.0089105650903,521.3263640231453,0.0
2024-05-03,3182792.268606547,-0.00015706375821435427,395.483645443196,-631.0792827647274,0.0
2024-05-04,3184167.7470261054,0.0009169856130389407,840.4329406922665,535.0454788661445,0.0
2024-05-05,3185185.8460671385,0.000678732694022167,1018.0990410338726,-6.220943760126829e-10,0.0
2024-05-06,3185393.1157240244,0.00013817977125713985,1057.8547771329793,-850.5851202472695,0.0
2024-05-07,3186067.717554154,0.0004497345534198014,770.6356340288925,-96.03380389919039,0.0
2024-05-08,3187166.8072908837,0.0007327264911532079,1030.4941625166346,68.59557421317731,0.0
2024-05-09,3188555.0198274106,0.0009254750243513295,1223.5831584146192,164.62937811237498,0.0
2024-05-10,3189877.146712074,0.0008814179231089503,1006.5872432810636,315.5396413823619,0.0
2024-05-11,3190292.5360914217,0.0002769262528984662,909.277513684817,-493.88813433711766,0.0
2024-05-12,3191221.560108241,0.0006193493445461737,860.4284426060831,68.59557421317731,0.0
2024-05-13,3192794.049690906,0.0010483263884433164,1037.4441037988229,535.0454788661518,0.0
2024-05-14,3193485.7834588606,0.0004611558453030949,1103.307213236202,-411.57344528155954,0.0
2024-05-15,3194277.9638338042,0.0005281202499622343,1080.281786640326,-288.10141169697454,0.0
2024-05-16,3196311.5792620466,0.0013557436188282688,908.6480111399213,1124.9674171024817,0.0
2024-05-17,3196497.21651987,0.00012375817188212796,734.4018515317391,-548.7645937085472,0.0
2024-05-18,3197361.1657965984,0.0005759661844856778,795.3537025147137,68.59557421380305,0.0
2024-05-19,3197942.624994579,0.00038763946532031354,842.122379992043,-260.66318201157264,0.0
2024-05-20,3198461.6032687137,0.0003459855160899223,683.6076522478769,-164.62937811299344,0.0
2024-05-21,3195201.826664744,-0.0021731844026466438,1980.9252659450412,-5240.701869915007,0.0
2024-05-22,3196968.1228265474,0.0011775307745356103,1958.3637696011851,-192.0676077977696,0.0
2024-05-23,3198795.611816957,0.0012183259936065134,1539.3875787134214,288.1014116963488,0.0
2024-05-24,3202191.6922658468,0.0022640536325930884,1557.719059966251,1838.361388923382,0.0
2024-05-25,3203534.6330953045,0.0008952938863052392,1535.0084372556285,-192.0676077977696,0.0
2024-05-26,3204282.802279429,0.0004987794560828946,1543.8778450014406,-795.7086608770987,0.0
2024-05-27,3207010.5217509684,0.001818479647692847,1575.3138247520271,1152.4056467872433,0.0
2024-05-28,3207619.858117598,0.00040622424441979696,1720.5846688891634,-1111.248302259468,0.0
2024-05-29,3209400.971654935,0.0011874090248909937,2384.754590415827,-603.6410530793364,0.0
2024-05-30,3212071.5295105,0.0017803719037101024,3013.5357266329174,-342.9778710677638,0.0
2024-05-31,3213898.6766556893,0.0012180980967930611,1703.6751116049993,123.47203358459228,0.0
2024-06-01,3216628.2605816885,0.0018197226173327964,2153.38110260526,576.2028233939345,0.0
2024-06-02,3219032.745436472,0.0016029899031890834,1869.439375917466,535.0454788661591,0.0
2024-06-03,3219270.827690797,0.00015872150288300267,2145.039217461689,-1906.956963137185,0.0
2024-06-04,3222221.6654073875,0.0019672251443938996,1592.645347162201,1358.1923694286488,0.0
2024-06-05,3223078.83162928,0.0005714441479282771,1968.414524152502,-1111.2483022600863,0.0
2024-06-06,3226370.2416908788,0.0021942733743994004,2907.2748460029356,384.1352155961649,0.0
2024-06-07,3229208.818864192,0.0018923847822088055,2427.003728032267,411.5734452809411,0.0
2024-06-08,3231807.1451321812,0.0017322175119927584,1514.516195415072,1083.810072574066,0.0
2024-06-09,3234653.3620862635,0.0018974779693883147,1515.4628143392188,1330.7541397432533,0.0
2024-06-10,3235177.845218612,0.00034965542156551615,1525.9785158661564,-1001.4953835178821,0.0
2024-06-11,3235961.0626254245,0.0005221449378750882,1510.330493476561,-727.1130866639287,0.0
2024-06-12,3238717.8515294045,0.0018378592693199629,1439.753879079722,1317.0350249002222,0.0
2024-06-13,3240910.3471735856,0.0014616637627875451,1465.3825575173892,727.1130866639287,0.0
2024-06-14,3243065.282625151,0.0014366236343766302,1427.8223649010165,727.1130866639287,0.0
2024-06-15,3245979.428404465,0.0019427638528761466,1432.4813763016011,1481.664403012619,0.0
2024-06-16,3246857.9511301783,0.0005856818171422225,1468.4446639502821,-589.9219382369483,0.0
2024-06-17,3249101.879537252,0.0014959522713823114,1448.2197461963756,795.7086608770915,0.0
2024-06-18,3250729.4310012185,0.001085034309311195,996.4721812020689,631.0792827647238,0.0
2024-06-19,3250852.4286862556,8.199845669130764e-05,1247.9651021388102,-1124.9674171018487,0.0
2024-06-20,3252602.9909488116,0.0011670415083708838,954.8536016792198,795.708660877106,0.0
2024-06-21,3253414.014370496,0.0005406822811228385,618.955813886488,192.0676077977696,0.0
2024-06-22,3253432.513659846,1.2332859566767336e-05,690.7359166426584,-672.2366272925074,0.0
2024-06-23,3254407.2136056554,0.0006497999638730459,714.0367637979998,260.663182011569,0.0
2024-06-24,3255611.2701991987,0.0008027043956954267,1176.6183638583639,27.43822968477616,0.0
2024-06-25,3255920.769314316,0.00020633274341162194,1379.5900728484996,-1070.0909577310667,0.0
2024-06-26,3258812.6503421515,0.0019279206852237754,1396.497509980656,1495.383517855007,0.0
2024-06-27,3259033.849118407,0.0001474658508367217,1387.323537885336,-1166.1247616302535,0.0
2024-06-28,3259232.9162185974,0.00013271140012724694,1420.0683211919168,-1221.0012210010464,0.0
2024-06-29,3261378.3799932753,0.0014303091831183465,1390.912458328189,754.5513163493306,0.0
2024-06-30,3263481.916781082,0.0014023578585376174,1390.1428159855127,713.3939718209133,0.0
2024-07-01,3265266.795572702,0.0011899191944135575,1414.462690867185,370.4161007531511,0.0
2024-07-02,3267080.6559944274,0.0012092402811503596,1416.00609128699,397.85433043854937,0.0
2024-07-03,3267377.1658516116,0.0001976732381227257,1407.7581594435528,-1111.2483022594643,0.0
2024-07-04,3268486.253393283,0.0007393916944476088,1356.0316088405978,-246.94406716918456,0.0
2024-07-05,3269046.957031592,0.00037380242553939724,1027.1535429614082,-466.4499046523124,0.0
2024-07-06,3271323.396055203,0.0015176260157408062,877.0893096541411,1399.3497139570682,0.0
2024-07-07,3271981.918661835,0.0004390150710879496,768.2755253735029,-109.75291874157847,0.0
2024-07-08,3272101.9696887103,8.003401791681934e-05,915.7596877529462,-795.7086608777172,0.0
2024-07-09,3273717.987065753,0.0010773449180285042,600.8028786818675,1015.2144983608887,0.0
2024-07-10,3274505.225654193,0.0005248257256267671,650.0474400131703,137.19114842698036,0.0
2024-07-11,3275759.986652396,0.0008365073321353286,788.311093550644,466.4499046523488,0.0
2024-07-12,3275853.3024823344,6.221055329220098e-05,930.1818353431836,-836.8660054048821,0.0
2024-07-13,3276106.108619717,0.00016853742492187667,1185.7059466875198,-932.8998093047048,0.0
2024-07-14,3278713.275540187,0.0017381112803132928,851.1202206033666,1756.0466998665725,0.0
2024-07-15,3279188.442004085,0.0003167776425987628,818.144334965908,-342.9778710677638,0.0
2024-07-16,3279950.99535004,0.0005083688973033711,899.7444943820225,-137.1911484269658,0.0
2024-07-17,3280511.5617140625,0.00037371090934847876,944.7015796188831,-384.1352155961649,0.0
2024-07-18,3281082.253618962,0.0003804612699329421,927.388890809565,-356.69698591015185,0.0
2024-07-19,3282772.4386157384,0.001126789997850704,1059.105714011332,631.0792827647238,0.0
2024-07-20,3283350.391451617,0.0003853018905858177,783.7395585188842,-205.78672264015768,0.0
2024-07-21,3284395.1015989594,0.0006964734315616792,880.0807692307693,164.62937811174925,0.0
2024-07-22,3285605.497324083,0.0008069304834157425,990.8898876404496,219.5058374831642,0.0
2024-07-23,3286718.9132800996,0.0007422773040112992,1264.3262192863317,-150.910263269383,0.0
2024-07-24,3287788.295737056,0.000712921637970869,1096.820686641698,-27.438229685394617,0.0
2024-07-25,3288523.9878570708,0.0004904614133433536,612.2200864304235,123.47203358460683,0.0
2024-07-26,3289338.922581522,0.0005432898163006732,526.833312754661,288.1014116963488,0.0
2024-07-27,3289875.318955835,0.0003575975828751011,550.1154891550397,-13.71911484238808,0.0
2024-07-28,3289908.8594478024,2.2360327978469286e-05,1336.8564020249414,-1303.3159100572375,0.0
2024-07-29,3292941.79187046,0.0020219549484385463,1263.1666079488552,1769.7658147089642,0.0
2024-07-30,3292482.2810940957,-0.0003063405175764101,1365.1314977157676,-1824.6422740803828,0.0
2024-07-31,3294147.0284565957,0.0011098315750001303,1349.2077211178337,315.5396413823619,0.0
2024-08-01,3295600.31473021,0.0009688575157429199,1151.4657470743987,301.8205265399811,0.0
2024-08-02,3297115.759257244,0.001010296351355894,843.2078997407086,672.2366272931322,0.0
2024-08-03,3297465.676631131,0.0002332782492580183,665.4570152693748,-315.5396413823473,0.0
2024-08-04,3298229.2075258917,0.0005090205965071641,502.86771274917345,260.66318201157264,0.0
2024-08-05,3297401.9923360874,-0.00055147679320293,-292.16971093825026,-535.0454788661445,0.0
2024-08-06,3296729.9123015157,-0.0004480533563811146,-466.29331193151415,-205.78672264015768,0.0
2024-08-07,3296839.871942074,7.33064270389948e-05,-315.3329195648297,425.2925601233219,0.0
2024-08-08,3296444.330163254,-0.00026369451921355076,-285.7888600787477,-109.75291874157847,0.0
2024-08-09,3294844.330163254,-0.0010666666666666667,0.0,0.0,1600.0
2024-08-10,3294844.330163254,0.0,0.0,0.0,0.0
2024-08-11,3294844.330163254,0.0,0.0,0.0,0.0
2024-08-12,3294844.330163254,0.0,0.0,0.0,0.0
2024-08-13,3294844.330163254,0.0,0.0,0.0,0.0
2024-08-14,3294844.330163254,0.0,0.0,0.0,0.0
2024-08-15,3294844.330163254,0.0,0.0,0.0,0.0
2024-08-16,3294844.330163254,0.0,0.0,0.0,0.0
2024-08-17,3294844.330163254,0.0,0.0,0.0,0.0
2024-08-18,3294844.330163254,0.0,0.0,0.0,0.0
2024-08-19,3294844.330163254,0.0,0.0,0.0,0.0
2024-08-20,3294844.330163254,0.0,0.0,0.0,0.0
2024-08-21,3294844.330163254,0.0,0.0,0.0,0.0
2024-08-22,3294844.330163254,0.0,0.0,0.0,0.0
2024-08-23,3294844.330163254,0.0,0.0,0.0,0.0
2024-08-24,3294844.330163254,0.0,0.0,0.0,0.0
2024-08-25,3294844.330163254,0.0,0.0,0.0,0.0
2024-08-26,3293818.6751616756,-0.0006837700010520336,533.1876538941707,41.15734452777906,1600.0
2024-08-27,3294063.3768340354,0.00016313444823978473,807.1853809112235,-562.4837085515464,0.0
2024-08-28,3294046.025611251,-1.156748185617721e-05,-181.98060089723015,164.62937811296433,0.0
2024-08-29,3293612.96541397,-0.00028870679818738377,33.38970737128041,-466.44990465235605,0.0
2024-08-30,3294385.0145201692,0.0005146994041330621,346.7565460756472,425.2925601239459,0.0
2024-08-31,3294743.5686593642,0.00023903609279635885,797.5658141608703,-439.01167496633207,0.0
2024-09-01,3295347.912023291,0.0004028955759514391,480.8713303425663,123.47203358459228,0.0
2024-09-02,3295728.7408924242,0.0002538859127553038,284.7950652343911,96.03380389856466,0.0
2024-09-03,3296387.288153952,0.00043903150768494074,548.7943427858036,109.75291874160757,0.0
2024-09-04,3296798.5119113433,0.0002741491715943303,424.9428722338835,-13.71911484238808,0.0
2024-09-05,3296877.7866098657,5.284979901491685e-05,339.9378805339479,-260.66318201157264,0.0
2024-09-06,3297888.697671588,0.0006739407078149191,407.2700086430423,603.6410530793364,0.0
2024-09-07,3298042.8873136565,0.00010279309471214851,71.87495301203167,82.31468905619113,0.0
2024-09-08,3298130.08664677,5.813288874248845e-05,320.42428543990343,-233.22495232617075,0.0
2024-09-09,3298256.161833007,8.405012415817183e-05,84.91784170885295,41.15734452840479,0.0
2024-09-10,3298077.077979445,-0.00011938923570805228,-69.3309348204854,-109.75291874159302,0.0
2024-09-11,3297568.7844172763,-0.00033886237477904335,81.62837606837607,-589.9219382369411,0.0
2024-09-12,3298413.2559975814,0.0005629810535367933,199.67318269745235,644.7983976077376,0.0
2024-09-13,3298329.809069017,-5.563128570979666e-05,465.3176651438449,-548.7645937085399,0.0
2024-09-14,3298444.7417822466,7.662180881970693e-05,18.898909330370007,96.03380389919039,0.0
2024-09-15,3298716.094848469,0.00018090204414801208,106.72368810964318,164.62937811237498,0.0
2024-09-16,3298685.129221025,-2.0643751629021798e-05,-154.43766102811043,123.47203358457773,0.0
2024-09-17,3298938.5600417024,0.0001689538804513653,500.37488784623616,-246.9440671691882,0.0
2024-09-18,3299457.997490084,0.0003462916322544368,327.36984058388555,192.0676077977696,0.0
2024-09-19,3299521.686136419,4.2459097556739e-05,598.7341252006419,-535.0454788655334,0.0
2024-09-20,3300321.2489041127,0.00053304184512941,1005.3494903348837,-205.78672264076886,0.0
2024-09-21,3301552.5394708496,0.000820860377824477,627.6495136573789,603.6410530793364,0.0
2024-09-22,3302135.2379054986,0.00038846562309941305,719.8895830760999,-137.19114842698036,0.0
2024-09-23,3302750.942282582,0.0004104695847223589,560.8279177127491,54.876459370789235,0.0
2024-09-24,3303373.8084690794,0.0004152441243316827,485.67503807054374,137.19114842698036,0.0
2024-09-25,3303881.987256584,0.0003387858583363704,425.8640984483681,82.31468905618749,0.0
2024-09-26,3304774.4264713023,0.0005949594764787925,906.1583295605768,-13.71911484238808,0.0
2024-09-27,3305488.94843149,0.0004763479734581679,851.7131086142322,-137.19114842698036,0.0
2024-09-28,3306106.4391142894,0.00041166045519996496,864.434749969132,-246.94406716918456,0.0
2024-09-29,3307336.7870329632,0.0008202319457823569,695.3024398073836,535.0454788661518,0.0
2024-09-30,3308267.2965650037,0.0006203396880268964,903.0713023555721,27.438229684772523,0.0
2024-10-01,3308498.7999265986,0.00015433557439673828,1013.4929076291996,-781.9895460340922,0.0
2024-10-02,3309647.363455018,0.0007657090189463632,901.6194612503602,246.94406716918456,0.0
2024-10-03,3310228.7544223526,0.0003875939782230526,361.885129851422,219.50583748315694,0.0
2024-10-04,3310599.305669832,0.00024703416498630975,411.7085920072437,-41.15734452777906,0.0
2024-10-05,3311331.8165485407,0.0004883405858056066,773.6682232374368,-41.15734452902689,0.0
2024-10-06,3312202.6206063805,0.0005805360385598921,582.7026461428709,288.1014116969672,0.0
2024-10-07,3312739.618518331,0.0003579986079671299,509.55968226530024,27.438229685394617,0.0
2024-10-08,3313143.902665208,0.00026952276458461113,829.5767070008643,-425.2925601239476,0.0
2024-10-09,3314058.6633023242,0.0006098404247439285,791.2886035313004,123.47203358459228,0.0
2024-10-10,3314692.2208718457,0.0004223717130143368,866.7825218476905,-233.2249523261853,0.0
2024-10-11,3316046.3900181055,0.0009027794308397545,832.84278223649,521.3263640231417,0.0
2024-10-12,3316487.4049273534,0.00029400993949866536,729.1163209449726,-288.10141169697454,0.0
2024-10-13,3317335.0043143835,0.0005650662580201494,463.4641714340591,384.1352155961649,0.0
2024-10-14,3317973.5198322115,0.00042567701188527706,899.1786998394864,-260.6631820115708,0.0
2024-10-15,3318767.391503611,0.0005292477809331457,1081.9730830966785,-288.10141169696,0.0
2024-10-16,3319771.5785774607,0.0006694580492331626,1072.782648063547,-68.59557421380305,0.0
2024-10-17,3320626.439945806,0.000569907578896476,1074.36720582788,-219.50583748316603,0.0
2024-10-18,3321794.626690396,0.0007787911630605597,1072.1529406922666,96.03380389857284,0.0
2024-10-19,3323265.7726480598,0.0009807639717753914,1087.0107420669221,384.1352155961649,0.0
2024-10-20,3323916.3852065373,0.0004337417056516682,1089.6242334444582,-439.011674966956,0.0
2024-10-21,3323935.7209269963,1.2890480306267212e-05,1130.5840227188542,-1111.2483022594533,0.0
2024-10-22,3325252.7367451363,0.0008780105454265539,1097.5099806560481,219.50583748378267,0.0
2024-10-23,3327607.673568612,0.0015699578823172818,1079.059143104087,1275.8776803718356,0.0
2024-10-24,3328276.0071077324,0.0004455556927467228,1038.7496398732353,-370.4161007531511,0.0
2024-10-25,3328880.494630198,0.00040299168164363314,1043.4991974317818,-439.01167496633207,0.0
2024-10-26,3330021.9661424556,0.0007609810081719373,1004.2803638309256,137.19114842698036,0.0
2024-10-27,3330961.1932075256,0.0006261513767132218,1021.5417541260239,-82.31468905619113,0.0
2024-10-28,3332157.7236433816,0.0007976869572374197,1031.9010577437546,164.62937811237498,0.0
2024-10-29,3333790.2214826206,0.0010883318928259242,1056.2950158455776,576.2028233933088,0.0
2024-10-30,3332832.330933719,-0.0006385936992676549,1086.2575626620574,-2044.1481115635397,0.0
2024-10-31,3334365.860450395,0.0010223530111172071,1094.5178417088528,439.0116749669578,0.0
2024-11-01,3335951.1192614967,0.0010568392074011036,1036.4942173930938,548.7645937085617,0.0
2024-11-02,3336545.8031044938,0.00039645589533173403,1033.695517965181,-439.0116749675799,0.0
2024-11-03,3338532.444802372,0.001324427798585352,1026.3036588879286,960.3380389900994,0.0
2024-11-04,3339283.1410474502,0.000500464163385466,1011.3594270897644,-260.66318201156537,0.0
2024-11-05,3340846.033585624,0.0010419283587823581,986.6897147796026,576.2028233939345,0.0
2024-11-06,3342292.8271610998,0.0009645290503172764,980.3436708235585,466.44990465235605,0.0
2024-11-07,3341112.6322467756,-0.0007867966095493562,1302.964872206445,-2483.1597865304793,0.0
2024-11-08,3342757.180956492,0.0010963658064776732,1191.817919907808,452.73078980870196,0.0
2024-11-09,3343866.5579714878,0.0007395846766638054,1219.1299337366754,-109.75291874096729,0.0
2024-11-10,3345252.9685044754,0.0009242736886581612,2003.7707009095775,-617.3601679223357,0.0
2024-11-11,3346491.8718802007,0.0008259355838168652,2844.039812322509,-1605.1364365972113,0.0
2024-11-12,3350133.157171389,0.0024275235274591874,5616.837828538503,-1975.5525373497221,0.0
2024-11-13,3354495.0732025867,0.0029079440207981978,2674.464905543894,1687.4511256534024,0.0
2024-11-14,3356463.993398495,0.0013126134639389212,1337.8409131442838,631.079282764098,0.0
2024-11-15,3357313.688842926,0.0005664636296206887,1521.9320717235323,-672.2366272924992,0.0
2024-11-16,3359664.1598269986,0.0015669806560482885,1678.2343567793007,672.2366272931322,0.0
2024-11-17,3361247.358937314,0.001055466073543469,1706.6711438997957,-123.47203358459228,0.0
2024-11-18,3363886.917991517,0.0017597060361357504,3009.9751549574025,-370.41610075377685,0.0
2024-11-19,3366498.371142112,0.0017409687670634237,3393.442696629213,-781.9895460340776,0.0
2024-11-20,3369736.07400927,0.002158468578105173,2153.8927945836936,1083.810072574066,0.0
2024-11-21,3372525.03798699,0.0018593093184798512,1691.43479030333,1097.5291874164468,0.0
2024-11-22,3374091.5061347727,0.0010443120985219375,3939.875015571196,-2373.4068677882897,0.0
2024-11-23,3378714.086380345,0.003081720163714935,3868.0289292230864,754.551316349316,0.0
2024-11-24,3382142.4846012495,0.002285598813936299,3634.1849435458425,-205.7867226413946,0.0
2024-11-25,3386388.1016620668,0.0028304113738781924,3367.593710883373,878.0233499339156,0.0
2024-11-26,3388071.780516795,0.0011224525698187793,2575.4213195044654,-891.7424647762964,0.0
2024-11-27,3390690.410618316,0.0017457534010140976,2632.3492163641604,-13.719114843013813,0.0
2024-11-28,3392557.246606573,0.0012445573255046678,2127.499170267934,-260.66318201093236,0.0
2024-11-29,3394074.89870793,0.001011768067571343,1737.157938840186,-219.5058374831715,0.0
2024-11-30,3397422.984227678,0.0022320570131651625,2675.848892455859,672.2366272918844,0.0
2024-12-01,3399682.388150797,0.0015062692820794377,2067.3363153201353,192.06760779902106,0.0
2024-12-02,3402456.413823102,0.0018493504482034484,4777.016439340933,-2002.9907670357607,0.0
2024-12-03,3407300.77481417,0.0032295739940452605,3774.2700333374496,1070.090957730441,0.0
2024-12-04,3410703.383923526,0.002268406072903993,2702.934252376837,699.6748569791525,0.0
2024-12-05,3415349.107402968,0.003097148986294731,5496.308599689948,-850.5851202478516,0.0
2024-12-06,3419954.047151359,0.0030699598322604573,3438.8149867610546,1166.1247616296314,0.0
2024-12-07,3423151.814763272,0.0021318450746091538,4281.577684487796,-1083.810072574066,0.0
2024-12-08,3425669.3179419907,0.0016783354524790232,3477.8412177086334,-960.3380389900985,0.0
2024-12-09,3428647.619732748,0.0019855345271711893,2402.0989673622257,576.2028233945584,0.0
2024-12-10,3433756.295700974,0.0034057839788173947,1527.9869942791292,3580.6889739469625,0.0
2024-12-11,3435770.97926959,0.0013431223790775367,1493.3572045931598,521.3263640231453,0.0
2024-12-12,3439473.9494579537,0.0024686467922424666,1576.507387743343,2126.4628006203566,0.0
2024-12-13,3440659.4949985556,0.0007903636937343092,1597.1189858830307,-411.5734452815668,0.0
2024-12-14,3442445.280623667,0.0011905237500744149,1607.4371321562335,178.3484929553888,0.0
2024-12-15,3444678.098315838,0.0014885451281138843,1560.5810648776942,672.2366272931322,0.0
2024-12-16,3444711.8271300946,2.2485876171155267e-05,1556.550561797753,-1522.8217475410202,0.0
2024-12-17,3447572.849752914,0.001907348415213055,1640.0214018191548,1221.001221000428,0.0
2024-12-18,3450057.678569367,0.0016565525443019535,1497.0525477768176,987.7762686761125,0.0
2024-12-19,3449986.6883257157,-4.73268291009493e-05,1040.2580586080585,-1111.2483022594824,0.0
2024-12-20,3449924.9619123037,-4.115094227465776e-05,1406.2188747582006,-1467.9452881701873,0.0
2024-12-21,3452551.6871562973,0.0017511501626625583,1254.8137597234227,1371.9114842704148,0.0
2024-12-22,3453699.636364019,0.0007652994718142935,1161.6683225638283,-13.71911484238808,0.0
2024-12-23,3454191.085843104,0.00032763298605683775,889.3038095238096,-397.854330438553,0.0
2024-12-24,3456213.5360564366,0.0013483001422216934,979.7974852862494,1042.6527280462906,0.0
2024-12-25,3455991.350750157,-0.00014812353751962238,587.2424694406717,-809.4277757201053,0.0
2024-12-26,3457362.647311461,0.0009141977075358433,1261.543642562182,109.75291874158302,0.0
2024-12-27,3459300.503940537,0.0012919044193840875,1087.2715088282505,850.5851202478807,0.0
2024-12-28,3459983.036565965,0.00045502175028507084,1341.0501378771041,-658.5175124494979,0.0
2024-12-29,3461039.365154679,0.000704219059142842,960.2947848156838,96.03380389857921,0.0
2024-12-30,3461789.304104618,0.0004999592999592683,1381.0182327036262,-631.0792827647238,0.0
2024-12-31,3464077.7881616345,0.0015256560380111272,1314.4269031842068,974.0571538324839,0.0
2025-01-01,3464723.922801028,0.0004307564262622794,1373.2477260567148,-727.1130866632957,0.0
2025-01-02,3465887.03621695,0.0007754089439479867,1382.61925340577,-219.50583748378995,0.0
2025-01-03,3467048.2893208996,0.0007741687359664381,1421.9162859612297,-260.66318201157264,0.0
2025-01-04,3468876.183025198,0.0012185958028654693,1484.91583323044,342.9778710677638,0.0
2025-01-05,3470106.5050128233,0.0008202146584170699,1504.7042844795656,-274.3822968539607,0.0
2025-01-06,3471794.625631281,0.001125413745638348,1496.0530106597523,192.0676077977696,0.0
2025-01-07,3474244.4699193276,0.0016332295253646291,1516.9444787422317,932.8998093047121,0.0
2025-01-08,3475921.2936075744,0.0011178824588310365,1375.0031617072066,301.82052653934807,0.0
2025-01-09,3477094.0726395533,0.0007818526879859912,1213.9363765073879,-41.157344528401154,0.0
2025-01-10,3476838.6903070295,-0.0001702548883490969,1047.9335775335776,-1303.315910057223,0.0
2025-01-11,3478630.0320946304,0.0011942278584003753,995.633126723464,795.7086608770987,0.0
2025-01-12,3479128.4690470663,0.00033229130162393613,1266.7073836276084,-768.2704311917041,0.0
2025-01-13,3480998.087333275,0.0012464121908057641,1019.0331659601324,850.5851202485137,0.0
2025-01-14,3481579.4394962303,0.0003875681086368763,883.1726894952737,-301.82052653995925,0.0
2025-01-15,3482638.071169551,0.0007057544488804875,701.9346874099682,356.69698591076303,0.0
2025-01-16,3483836.672075836,0.0007990672708564371,1116.2862172284645,82.31468905619113,0.0
2025-01-17,3484388.2888735197,0.0003677445317893459,1361.044573404124,-809.4277757201053,0.0
2025-01-18,3486023.2149960855,0.0010899507483773832,1429.1393999259171,205.78672264015768,0.0
2025-01-19,3487027.4720374215,0.0006695046942240264,1360.9540272461622,-356.69698591012275,0.0
2025-01-20,3488405.2114016777,0.0009184929095041107,1322.8629048853768,54.876459370789235,0.0
2025-01-21,3489399.796467049,0.0006630567102475255,1351.2820512820513,-356.69698591076303,0.0
2025-01-22,3490851.296652258,0.0009676667901390653,1369.1854961517884,82.31468905680958,0.0
2025-01-23,3491883.793119586,0.0006883309782188051,1334.3169938675558,-301.82052653934807,0.0
2025-01-24,3492887.1556746336,0.0006689083700315574,1373.7786558011276,-370.4161007537914,0.0
2025-01-25,3495466.9444440287,0.0017198591795968144,1015.8096773264188,1563.9790920688029,0.0
2025-01-26,3495646.6411784682,0.00011979782295992816,1057.7200843725564,-878.0233499326641,0.0
2025-01-27,3497672.855766003,0.001350809725022991,297.6061173533084,1728.6084701811778,0.0
2025-01-28,3497624.303132619,-3.236842225613259e-05,870.6280610774994,-919.1806944616983,0.0
2025-01-29,3499128.977480343,0.0010031162318161978,1065.6626727579537,439.011674966343,0.0
2025-01-30,3499406.1413096227,0.00018477588618655643,825.9284229877488,-548.7645937079142,0.0
2025-01-31,3500845.0655971207,0.0009592828583317081,1219.4184500144052,219.50583748315694,0.0
2025-02-01,3501788.312726395,0.0006288314195166231,984.4044738033504,-41.157344528415706,0.0
2025-02-02,3502405.3421548577,0.00041135295230794515,863.973495630462,-246.94406716854428,0.0
2025-02-03,3501314.1525640986,-0.0007274597271725801,-1516.4821508828252,425.2925601239549,0.0
2025-02-04,3500050.274214234,-0.0008425855665764445,-701.3946413137425,-562.4837085509243,0.0
2025-02-05,3499754.0377962952,-0.00019749094529269287,-186.48349919743174,-109.75291874160757,0.0
2025-02-06,3499790.8469908456,2.4539463033740758e-05,-127.82018356175656,164.6293781123677,0.0
2025-02-07,3498190.8469908456,-0.0010666666666666667,0.0,0.0,1600.0
2025-02-08,3498190.8469908456,0.0,0.0,0.0,0.0
2025-02-09,3498190.8469908456,0.0,0.0,0.0,0.0
2025-02-10,3498190.8469908456,0.0,0.0,0.0,0.0
2025-02-11,3498190.8469908456,0.0,0.0,0.0,0.0
2025-02-12,3497723.761139917,-0.00031139056728570207,639.0260147343294,493.88813433711766,1600.0
2025-02-13,3497906.1534569385,0.00012159487801434239,772.3142552578507,-589.9219382363372,0.0
2025-02-14,3498806.6047307584,0.000600300849213032,598.6307472801855,301.8205265393626,0.0
2025-02-15,3498939.154870693,8.836675995656216e-05,338.33686257562664,-205.7867226407834,0.0
2025-02-16,3499577.795271566,0.0004257602672486922,501.4492524454322,137.1911484276061,0.0
2025-02-17,3500417.804773287,0.0005600063344806667,702.8183532946455,137.19114842635463,0.0
2025-02-18,3500274.5332873706,-9.551432394418756e-05,323.17841873482325,-466.4499046511046,0.0
2025-02-19,3501360.8865589676,0.0007242355143978952,565.0269075743233,521.3263640225196,0.0
2025-02-20,3501814.9781151274,0.0003027277041063285,440.37244131648623,13.719114843006537,0.0
2025-02-21,3501986.2193158236,0.00011416080046422242,541.6573014501105,-370.41610075377685,0.0
2025-02-22,3503494.429160935,0.0010054732300741579,191.174820211,1317.0350249002367,0.0
2025-02-23,3502766.4390112595,-0.000485326766450233,520.4493010110988,-1248.4394506864483,0.0
2025-02-24,3503100.8946480323,0.00022297042451498863,430.4894406716879,-96.03380389920494,0.0
2025-02-25,3503231.0202698507,8.675041454586719e-05,-7.06552660822322,137.19114842702402,0.0
2025-02-26,3503579.8543667905,0.0002325560646264092,389.9914414673965,-41.1573445277827,0.0
2025-02-27,3504073.4485592144,0.0003290627949494859,754.2573744358015,-260.66318201157264,0.0
2025-02-28,3504322.3249719404,0.0001659176084836684,207.71906819771988,41.1573445277827,0.0
2025-03-01,3504314.139560436,-5.456941002970988e-06,87.84839239412273,-96.03380389857921,0.0
2025-03-02,3504524.704357736,0.00014037653153333725,471.22797931157487,-260.663182011569,0.0
2025-03-03,3504885.443183654,0.00024049255061215188,100.07564390665515,260.66318201157264,0.0
2025-03-04,3504392.9568703915,-0.0003283242088415629,-231.82313125077172,-260.66318201157264,0.0
2025-03-05,3505119.377855424,0.000484280656688148,479.47691786365954,246.94406716856247,0.0
2025-03-06,3505424.1169881015,0.00020315942178532751,85.23329519419407,219.50583748379722,0.0
2025-03-07,3505235.748290183,-0.00012557913194585464,182.04740283436914,-370.4161007531511,0.0
2025-03-08,3505638.7173689445,0.0002686460525076255,402.9690787614383,0.0,0.0
2025-03-09,3505763.817873122,8.34003361184305e-05,317.16811197541534,-192.0676077977696,0.0
2025-03-10,3506292.7174500246,0.0003525997179349298,48.730557407636034,480.1690194947587,0.0
2025-03-11,3505752.0792110097,-0.00036042549267647995,145.31750312109864,-685.9557421358186,0.0
2025-03-12,3506050.8962336876,0.00019921134845201754,-16.72261870464117,315.53964138266747,0.0
2025-03-13,3506443.609341204,0.0002618087383443431,186.92638487604782,205.7867226404669,0.0
2025-03-14,3506673.3932308475,0.0001531892597621955,408.1323825986748,-178.34849295538152,0.0
2025-03-15,3506952.985949016,0.00018639514544567374,252.15448848280312,27.438229685707483,0.0
2025-03-16,3506813.094674373,-9.326084976202553e-05,-222.20596369922214,82.31468905618385,0.0
2025-03-17,3507286.9984633178,0.0003159358592966525,295.5552959899028,178.34849295507593,0.0
2025-03-18,3507423.5543190474,9.10372371532854e-05,287.46611899960214,-150.91026326967403,0.0
2025-03-19,3507955.698017858,0.00035476246587351934,573.3010433386838,-41.15734452840479,0.0
2025-03-20,3507817.523733516,-9.211618956110582e-05,-28.421365600691434,-109.75291874096729,0.0
2025-03-21,3508543.837871612,0.00048420942539733735,397.0553818715617,329.25875622444437,0.0
2025-03-22,3508313.1700536376,-0.00015377854531640843,-38.60021017683939,-192.06760779777323,0.0
2025-03-23,3508784.9886389226,0.0003145457235232936,197.43628843067043,274.38229685426995,0.0
2025-03-24,3508901.960212916,7.798104932927219e-05,309.03918179199076,-192.06760779808246,0.0
2025-03-25,3508861.5498302896,-2.694025508432973e-05,220.25279938538364,-260.66318201187823,0.0
2025-03-26,3509105.0418155836,0.0001623279901957062,51.424377495163995,192.06760779839533,0.0
2025-03-27,3509370.1387992986,0.00017673132247682995,416.0072469852245,-150.91026326997962,0.0
2025-03-28,3509494.970792275,8.322132865071715e-05,69.9555336049718,54.87645937110392,0.0
2025-03-29,3509711.4674474173,0.0001443311034284068,216.4966551426102,0.0,0.0
2025-03-30,3509540.8655514354,-0.00011373459732124695,-47.12986239727814,-123.47203358459228,0.0
2025-03-31,3509607.4468651777,4.438754249498188e-05,107.73865827056838,-41.157344528095564,0.0
2025-04-01,3509869.341845491,0.00017459665354217956,138.42294672867706,123.47203358459228,0.0
2025-04-02,3509979.5053708917,7.344235026714881e-05,206.1973292999136,-96.03380389919039,0.0
2025-04-03,3510558.6516161077,0.00038609749681045303,126.41545540601719,452.7307898096624,0.0
2025-04-04,3510287.5157315675,-0.00018075725636007803,209.03313495493268,-480.1690194950497,0.0
2025-04-05,3510689.836839249,0.0002682140717876298,182.8152701979668,219.50583748347788,0.0
2025-04-06,3510783.0787316635,6.216126160961844e-05,134.39923694283246,-41.15734452840479,0.0
2025-04-07,3510481.8640961116,-0.00020080975703442455,-177.74260196732104,-123.4720335843158,0.0
2025-04-08,3510206.036665016,-0.00018388495406388116,-15.164249084249088,-260.66318201157264,0.0
2025-04-09,3510185.8821740635,-1.3436327301397852e-05,-198.5029839074783,178.34849295538152,0.0
2025-04-10,3510592.42107187,0.0002710259318707868,296.7859790646308,109.75291874154937,0.0
2025-04-11,3510263.0250125485,-0.00021959737288085296,-151.04756636621806,-178.34849295506137,0.0
2025-04-12,3508663.0250125485,-0.0010666666666666667,0.0,0.0,1600.0
2025-04-13,3508663.0250125485,0.0,0.0,0.0,0.0
2025-04-14,3508663.0250125485,0.0,0.0,0.0,0.0
2025-04-15,3508663.0250125485,0.0,0.0,0.0,0.0
2025-04-16,3508663.0250125485,0.0,0.0,0.0,0.0
2025-04-17,3508663.0250125485,0.0,0.0,0.0,0.0
2025-04-18,3508663.0250125485,0.0,0.0,0.0,0.0
2025-04-19,3508663.0250125485,0.0,0.0,0.0,0.0
2025-04-20,3508663.0250125485,0.0,0.0,0.0,0.0
2025-04-21,3508663.0250125485,0.0,0.0,0.0,0.0
2025-04-22,3508663.0250125485,0.0,0.0,0.0,0.0
2025-04-23,3507325.924082393,-0.0008914006201037586,633.3151705971931,-370.41610075283097,1600.0
2025-04-24,3507710.4590462428,0.00025635664256658117,439.41142322097386,-54.8764593711021,0.0
2025-04-25,3508322.5476297447,0.00040805905566782577,310.26805696176484,301.8205265399738,0.0
2025-04-26,3508273.564927353,-3.265513492769436e-05,-35.26358754853137,-13.719114843010175,0.0
2025-04-27,3508204.746685595,-4.58788278388626e-05,-123.69470112908314,54.876459370789235,0.0
2025-04-28,3508139.937649637,-4.320602397182085e-05,-325.47221796929665,260.66318201156537,0.0
2025-04-29,3507904.0372881386,-0.0001572669076656595,312.8642322097378,-548.764593708227,0.0
2025-04-30,3508377.0476526553,0.0003153402430111959,-308.9791815176085,781.9895460344023,0.0
2025-05-01,3508186.3209460657,-0.00012715113772633567,262.0040832201507,-452.7307898096542,0.0
2025-05-02,3506586.3209460657,-0.0010666666666666667,0.0,0.0,1600.0
2025-05-03,3506586.3209460657,0.0,0.0,0.0,0.0
2025-05-04,3506586.3209460657,0.0,0.0,0.0,0.0
2025-05-05,3506586.3209460657,0.0,0.0,0.0,0.0
2025-05-06,3506586.3209460657,0.0,0.0,0.0,0.0
2025-05-07,3506586.3209460657,0.0,0.0,0.0,0.0
2025-05-08,3506586.3209460657,0.0,0.0,0.0,0.0
2025-05-09,3505729.8407221697,-0.0005709868159307742,908.1491542165702,-164.6293781127315,1600.0
2025-05-10,3506478.1718471376,0.0004988874166452737,926.6796179226517,-178.34849295474123,0.0
2025-05-11,3507988.978419965,0.001007204381885003,701.3787971080106,809.4277757194941,0.0
2025-05-12,3508473.536340696,0.000323038613820813,786.3784472705821,-301.8205265393626,0.0
2025-05-13,3509672.9889381365,0.0007996350649602419,897.6320709003854,301.82052653997744,0.0
2025-05-14,3510155.254949853,0.0003215106744773653,742.9291937276206,-260.66318201157264,0.0
2025-05-15,3510896.6312171556,0.0004942508448687148,919.7247602584682,-178.34849295539607,0.0
2025-05-16,3511653.293675895,0.0005044416391594717,838.9771477960244,-82.31468905681686,0.0
2025-05-17,3512416.1394907422,0.0005085638765649835,104.32830239672936,658.5175124507459,0.0
2025-05-18,3512193.106557321,-0.00014868862228082367,353.169889972699,-576.2028233939345,0.0
2025-05-19,3512288.2475659503,6.342733908638206e-05,369.5233054835302,-274.3822968539571,0.0
2025-05-20,3513487.5006806008,0.0007995020764335788,554.4547170432563,644.7983976071118,0.0
2025-05-21,3513740.4125056546,0.00016860788336936475,472.4176625372132,-219.50583748316603,0.0
2025-05-22,3513972.471973353,0.00015470631179857985,739.666716878627,-507.6072491807572,0.0
2025-05-23,3515184.425977003,0.0008079693357665058,704.3467544690017,507.6072491807572,0.0
2025-05-24,3515743.854587667,0.0003729524071097525,559.42861066524,-6.111804395914078e-10,0.0
2025-05-25,3516419.24657104,0.00045026132224847165,634.2346388443018,41.1573445284057,0.0
2025-05-26,3516947.638886826,0.00035226154385747645,459.7967415730337,68.59557421318095,0.0
2025-05-27,3517915.724150027,0.0006453901754676116,844.6132296168252,123.47203358459228,0.0
2025-05-28,3518598.866101709,0.000455427967787755,1094.715396962588,-411.57344528095564,0.0
2025-05-29,3519955.8458166257,0.0009046531432778782,1041.4400735344555,315.5396413823619,0.0
2025-05-30,3520627.5313854883,0.0004477903792417422,836.3149469756213,-164.629378113008,0.0
2025-05-31,3521997.7289522663,0.0009134650445188251,492.17421684432924,878.0233499339083,0.0
2025-06-01,3521483.1490847934,-0.0003430532449822336,514.3537457299254,-1028.9336132032759,0.0
2025-06-02,3522477.363257736,0.0006628094486287083,541.4833831337202,452.73078980934224,0.0
2025-06-03,3522482.655793578,3.5283572277740707e-06,526.6188998641807,-521.3263640225196,0.0
2025-06-04,3523547.3950014357,0.0007098261385719896,708.0422219478398,356.6969859101446,0.0
2025-06-05,3523986.380350244,0.00029265689920556285,617.3338417637294,-178.34849295538515,0.0
2025-06-06,3524207.064961513,0.00014712307417920665,138.36992221261883,82.31468905619113,0.0
2025-06-07,3524368.3365182206,0.00010751437113855195,710.0361504163751,-548.7645937085472,0.0
2025-06-08,3525906.3785257395,0.0010253613383455827,838.3671505398472,699.6748569785268,0.0
2025-06-09,3526758.3885090025,0.0005680066555086194,440.4365379813695,411.57344528155954,0.0
2025-06-10,3527133.934186795,0.0002503637851950493,1102.6587644565172,-727.1130866639432,0.0
2025-06-11,3527840.087209802,0.0004707686820047032,1158.883812816397,-452.73078980934224,0.0
2025-06-12,3529447.9621072514,0.0010719165982996767,812.1662365724163,795.7086608770987,0.0
2025-06-13,3529476.1464641676,1.8789571277443485e-05,-12.972987611639297,41.157344527804526,0.0
2025-06-14,3529462.1484314892,-9.332021785587907e-06,246.66514933256505,-260.6631820109469,0.0
2025-06-15,3530092.927802056,0.00042051958037799485,603.3411408815904,27.438229685401893,0.0
2025-06-16,3530968.1717657824,0.0005834959758174071,614.5807817151638,260.6631820109469,0.0
2025-06-17,3531150.109833857,0.00012129204538303146,511.1968242992962,-329.25875622474905,0.0
2025-06-18,3531527.5144585706,0.0002516030831424911,514.595773140717,-137.19114842698036,0.0
2025-06-19,3532790.384449379,0.0008419133272054291,522.0377893018342,740.8322015063095,0.0
2025-06-20,3532730.6007814365,-3.985577862832944e-05,681.0485335638144,-740.8322015063086,0.0
2025-06-21,3532822.977426838,6.1584430267934e-05,-44.81450302506481,137.1911484269658,0.0
2025-06-22,3532918.2559824903,6.351903710105674e-05,67.84032596616866,27.438229685416445,0.0
2025-06-23,3533347.203368861,0.0002859649242475895,31.09305593283121,397.854330438553,0.0
2025-06-24,3533321.0938299606,-1.7406359267153647e-05,124.8007243692637,-150.91026326999418,0.0
2025-06-25,3532811.1506218836,-0.0003399621387182226,11.38315594517842,-521.3263640225123,0.0
2025-06-26,3533666.2702059196,0.0005700797226906776,388.66967938428616,466.4499046517303,0.0
2025-06-27,3534085.090475775,0.0002792135132367424,213.03354721433377,205.78672264077977,0.0
2025-06-28,3534150.1359182848,4.3363628340049294e-05,435.4615432632287,-370.41610075315475,0.0
2025-06-29,3534266.88319847,7.783152012347152e-05,500.8824957813722,-384.1352155961649,0.0
2025-06-30,3534795.4332080744,0.00035236667306932495,501.1117799179598,27.438229686027626,0.0
2025-07-01,3535531.150140205,0.0004904779547538759,282.9861423220974,452.7307898087165,0.0
2025-07-02,3536175.522014923,0.00042958124981204486,397.42780754825696,246.9440671698103,0.0
2025-07-03,3536603.901412379,0.0002855862649706206,853.671957580497,-425.2925601245661,0.0
2025-07-04,3537037.6873302567,0.00028919061191863473,378.90945850653713,54.87645937141497,0.0
2025-07-05,3537536.238924006,0.0003323677291660965,375.0795601651782,123.47203358396655,0.0
2025-07-06,3538179.483978265,0.0004288300361727327,643.2450542590991,0.0,0.0
2025-07-07,3538833.160282061,0.0004357842025306846,598.7998444252377,54.876459370789235,0.0
2025-07-08,3539049.944043019,0.0001445225073054475,587.1998617113223,-370.4161007531511,0.0
2025-07-09,3540159.8183723604,0.00073991621956085,643.4244246889191,466.44990465235605,0.0
2025-07-10,3540451.612991037,0.00019452974578436897,607.3342600595411,-315.5396413829876,0.0
2025-07-11,3541158.3984652385,0.00047119031613422765,1214.3927233814875,-507.607249180146,0.0
2025-07-12,3542853.070574004,0.0011297814058435617,885.244333045232,809.4277757201107,0.0
2025-07-13,3543681.3326974483,0.0005521747489629468,636.1945156466505,192.0676077977696,0.0
2025-07-14,3544879.9968570843,0.0007991094397574958,855.6862885678617,342.9778710683822,0.0
2025-07-15,3545534.705982216,0.0004364727500876626,1080.0016852560673,-425.29256012457336,0.0
2025-07-16,3545358.12176743,-0.00011772280985737326,1291.3610733835453,-1467.9452881696052,0.0
2025-07-17,3547472.459614352,0.0014095585646145142,1387.2247602584682,727.113086663303,0.0
2025-07-18,3548093.932772904,0.0004143154390348177,1430.9009342717206,-809.4277757194941,0.0
2025-07-19,3550019.970280964,0.001284025005373039,1459.5876034078283,466.4499046517303,0.0
2025-07-20,3551662.6916045835,0.0010951475490800291,1478.091945507676,164.6293781123677,0.0
2025-07-21,3553661.160551368,0.0013323126311893965,1545.7381569741121,452.7307898099825,0.0
2025-07-22,3555702.955834736,0.0013611968555789949,1547.9071490307444,493.88813433774794,0.0
2025-07-23,3555625.862640789,-5.1395462631682066e-05,1541.7623574926947,-1618.8555514402178,0.0
2025-07-24,3557941.992204109,0.001544086375546965,1492.9826727579537,823.1468905624934,0.0
2025-07-25,3559385.0592494234,0.0009620446968762049,1525.3817343704984,-82.31468905619113,0.0
2025-07-26,3561000.1475319276,0.0010767255216692921,1532.7735934477507,82.31468905618749,0.0
2025-07-27,3562886.138120615,0.0012573270591249629,1446.9789137204866,439.0116749669578,0.0
2025-07-28,3563821.018970102,0.0006232538996583845,1593.398361937688,-658.5175124501111,0.0
2025-07-29,3568361.75759435,0.003027159082831542,1275.5892916821008,3265.149332565212,0.0
2025-07-30,3567779.309995194,-0.00038829839943700124,473.9242437337943,-1056.3718428892962,0.0
2025-07-31,3567261.4521518387,-0.0003452385622366307,730.5816073314949,-1248.439450686441,0.0
2025-08-01,3568046.4252638826,0.0005233154080291547,112.73648475120385,672.2366272925283,0.0
2025-08-02,3568708.5587641783,0.00044142233353040356,689.5717299803815,-27.43822968477616,0.0
2025-08-03,3569080.80787367,0.00024816607299465353,756.3843250881453,-384.1352155961649,0.0
2025-08-04,3569691.560222108,0.0004071682322918661,308.9318218984511,301.82052653934807,0.0
2025-08-05,3569708.462535563,1.126820896969637e-05,236.4081509377015,-219.50583748315694,0.0
2025-08-06,3570872.724148245,0.0007761744084548513,835.0028564569013,329.2587562253757,0.0
2025-08-07,3572292.7757255314,0.0009467010515241887,1035.9163616907438,384.1352155955392,0.0
2025-08-08,3573319.2094965046,0.0006842891806489148,1300.8160678273039,-274.3822968539316,0.0
2025-08-09,3573007.3904790683,-0.00020787934495785217,1650.0144050705849,-1961.8334225073631,0.0
2025-08-10,3576195.9258916704,0.002125690275068453,1748.0283541177923,1440.5070584848872,0.0
2025-08-11,3578239.114087606,0.0013621254639567333,1645.3338654977983,397.85433043730154,0.0
2025-08-12,3579746.460307167,0.001004897479707473,1370.1550711336106,137.19114842759882,0.0
2025-08-13,3580674.9603963415,0.0006190000594496747,1888.838128163971,-960.3380389894592,0.0
2025-08-14,3582272.562295068,0.0010650679324842817,1954.298884635963,-356.6969859095407,0.0
2025-08-15,3584773.050381936,0.001666992057912247,1636.1838517786834,864.3042350896867,0.0
2025-08-16,3586818.553444729,0.0013636687085288915,1030.2885644318228,1015.2144983615144,0.0
2025-08-17,3586643.8096999587,-0.00011649582984719064,566.0884567367714,-740.8322015075573,0.0
2025-08-18,3587658.584310268,0.0006765164068728612,1151.9657587356464,-137.19114842635463,0.0
2025-08-19,3588870.690057204,0.00080807049795744,1774.589455488332,-562.4837085521722,0.0
2025-08-20,3590475.62557517,0.0010699570119772767,1083.6091539421877,521.3263640237274,0.0
2025-08-21,3591366.758190993,0.0005940884105488504,877.4135009809168,13.719114842358977,0.0
2025-08-22,3592402.0203564195,0.0006901747769507246,1103.8577396386383,-68.59557421255158,0.0
2025-08-23,3594527.2594119944,0.0014168260370501988,1988.0479071490306,137.19114842626732,0.0
2025-08-24,3595725.1782222725,0.0007986125401852072,1966.1892414701406,-768.2704311923299,0.0
2025-08-25,3597380.601034828,0.001103615208370556,736.2421180941407,919.1806944616931,0.0
2025-08-26,3597600.0070314533,0.0001462706644170281,82.21484819799426,137.1911484275479,0.0
2025-08-27,3598220.326426166,0.00041354626314181665,332.21798301573585,288.1014116969891,0.0
2025-08-28,3598502.6096350676,0.00018818880593420817,666.4184244968515,-384.1352155955392,0.0
2025-08-29,3599353.1558684832,0.0005670308222771811,507.56836234926124,342.9778710665105,0.0
2025-08-30,3598996.3815088244,-0.00023784957310578678,425.2151863741751,-781.9895460328553,0.0
2025-08-31,3599409.4863914563,0.00027540325508788454,179.8799303068966,233.2249523249302,0.0
2025-09-01,3599965.7896749894,0.0003708688556887979,-198.2480328161227,754.5513163493197,0.0
2025-09-02,3599466.1365628084,-0.0003331020747874685,529.2805010220741,-1028.9336132032768,0.0
2025-09-03,3600317.8511434835,0.0005678097204500354,289.23087212413054,562.4837085509225,0.0
2025-09-04,3600634.616805088,0.00021117710773614268,-135.96512820512822,452.73078980934224,0.0
2025-09-05,3599779.4698267234,-0.000570097985576334,-361.25884402738336,-493.88813433711766,0.0
2025-09-06,3599950.346306947,0.0001139176534824981,349.2249731791305,-178.34849295538334,0.0
2025-09-07,3600633.9113275935,0.00045571001376424464,1067.7002362431576,-384.13521559679066,0.0
2025-09-08,3602663.8845043923,0.0013533154511991227,808.971955797012,1221.001221001672,0.0
2025-09-09,3603965.747059028,0.0008679083697573503,1260.7052101082438,41.157344527781675,0.0
2025-09-10,3604454.241498123,0.0003256629593965925,1476.270707769135,-987.7762686742462,0.0
2025-09-11,3605404.5596836326,0.0006335454570065126,1183.543137835947,-233.22495232617803,0.0
2025-09-12,3607555.5642584087,0.0014340030498507222,1519.9252920113595,631.0792827647238,0.0
2025-09-13,3608631.871323753,0.0007175380435628893,1926.8921855921856,-850.5851202478516,0.0
2025-09-14,3610173.9351437036,0.0010280425466335946,910.9845371856608,631.079282764731,0.0
2025-09-15,3612213.724198593,0.0013598593699262237,1106.889245585875,932.8998093034606,0.0
2025-09-16,3612518.3250220143,0.00020306721561441554,688.7360390171625,-384.1352155955392,0.0
2025-09-17,3612845.063741884,0.00021782581324672864,752.0312799934148,-425.2925601233219,0.0
2025-09-18,3614029.934055502,0.0007899135424119454,718.4204089668135,466.4499046511046,0.0
2025-09-19,3614213.366995646,0.00012228862676286716,32.52267687368813,150.91026327061263,0.0
2025-09-20,3613850.399612568,-0.00024197825538549458,-47.42774169650573,-315.53964138173615,0.0
2025-09-21,3614242.8765809163,0.00026165131223246927,337.6005089791607,54.87645936954323,0.0
2025-09-22,3613884.025378436,-0.00023923413498701203,-125.62625015434004,-233.22495232617803,0.0
2025-09-23,3614398.2225555917,0.00034279811810395116,184.93842092988163,329.2587562260451,0.0
2025-09-24,3613986.537038861,-0.0002744570111538711,-109.86499019083288,-301.8205265399738,0.0
2025-09-25,3612386.537038861,-0.0010666666666666667,0.0,0.0,1600.0
2025-09-26,3612386.537038861,0.0,0.0,0.0,0.0
2025-09-27,3612618.0600311365,0.00015434866151715413,706.5555751738898,1124.9674171018414,1600.0
2025-09-28,3612795.9019051674,0.0001185612493540084,1124.4607981781019,-946.6189241470893,0.0
2025-09-29,3614716.5118921343,0.0012804066579781062,219.43974647075777,1701.1702404964017,0.0
2025-09-30,3613980.361368613,-0.0004907670156809202,4.681677984936412,-740.8322015063168,0.0
2025-10-01,3614433.752263922,0.00030226059687269764,14.379220342703496,439.011674966343,0.0
2025-10-02,3614623.985626751,0.00012682224188608518,492.0538893690579,-301.82052653993014,0.0
2025-10-03,3616181.097816186,0.0010380747929567505,912.3137918261514,644.7983976089745,0.0
2025-10-04,3615646.750316494,-0.0003562316664611758,686.6537213099011,-1221.0012210016648,0.0
2025-10-05,3618050.656374992,0.0016026040389985707,1567.0400530929746,836.8660054048814,0.0
2025-10-06,3619228.6823439035,0.0007853506459411563,1726.7905626209001,-548.7645937091656,0.0
2025-10-07,3620648.2348263785,0.0009463683216501461,1927.1597316541138,-507.60724917889456,0.0
2025-10-08,3621622.6304418854,0.0006495970770044912,521.664825698646,452.7307898080908,0.0
2025-10-09,3622368.1508592223,0.0004970136115579146,567.1719243802389,178.34849295663298,0.0
2025-10-10,3622638.2805881323,0.00018008648594001022,-4.252567943916279,274.3822968539316,0.0
2025-10-11,3632701.5265307035,0.006708830628380832,-171.2137300901345,10234.459672661382,0.0
2025-10-12,3621300.5278050727,-0.007600665817087066,-549.1788850475366,-10851.819840583063,0.0
2025-10-13,3622406.890730536,0.0007375752836423209,447.84541301395234,658.517512449529,0.0
2025-10-14,3621359.5829133843,-0.000698205211434517,502.952160074632,-1550.2599772264075,0.0
2025-10-15,3622905.979377694,0.0010309309762064475,462.5863917356053,1083.810072574066,0.0
2025-10-16,3622762.22609128,-9.583552427585685e-05,48.314321383984314,-192.0676077977696,0.0
2025-10-17,3624319.317679268,0.001038061058658432,637.9108935259497,919.1806944616983,0.0
2025-10-18,3623558.493572039,-0.0005072160714858203,473.89622861532973,-1234.7203358440602,0.0
2025-10-19,3625027.4899713197,0.0009793309328537888,632.1303938757871,836.866005404896,0.0
2025-10-20,3625498.08957621,0.000313733069926717,758.7010165864098,-288.10141169633425,0.0
2025-10-21,3625703.192806238,0.000136735486685433,616.676675309709,-411.57344528155954,0.0
2025-10-22,3626157.3261454706,0.00030275555948837185,111.15546816479403,342.9778710677638,0.0
2025-10-23,3626206.846042029,3.301326437219708e-05,515.9698012100259,-466.4499046517303,0.0
2025-10-24,3626900.797882449,0.0004626345602797189,707.6709552619665,-13.71911484238808,0.0
2025-10-25,3627536.6335987924,0.00042389047756230563,498.644567916478,137.19114842698036,0.0
2025-10-26,3628582.8739708546,0.0006974935813748119,1197.1506353322084,-150.91026326999054,0.0
2025-10-27,3630896.7265688437,0.0015425683986593818,1586.7395113251293,727.1130866639432,0.0
2025-10-28,3630932.5842964086,2.3905151710048738e-05,584.6223212742315,-548.7645937091584,0.0
2025-10-29,3630713.661999829,-0.00014594819771960153,-122.88849268085222,-96.0338038985501,0.0
2025-10-30,3631428.3459816645,0.00047645598789039615,-643.5083875924325,1358.1923694280267,0.0
2025-10-31,3631290.284991967,-9.204065979820696e-05,506.7374079104417,-644.7983976077521,0.0
2025-11-01,3631763.1536259553,0.00031524575599208856,1254.858180022225,-781.9895460340922,0.0
2025-11-02,3632866.213950276,0.0007353735495469482,1020.7456352636127,82.31468905680958,0.0
2025-11-03,3633705.95115871,0.0005598248056226762,633.9504857938566,205.78672264015768,0.0
2025-11-04,3634643.5588242654,0.0006250717770369985,1074.7988139825218,-137.19114842702402,0.0
2025-11-05,3635031.265423983,0.00025847106647820735,277.95368097570343,109.75291874160757,0.0
2025-11-06,3634758.9196825335,-0.00018156382763300337,468.48646005679717,-740.8322015063022,0.0
2025-11-07,3635985.336771063,0.0008176113923529938,938.3156768325307,288.10141169696,0.0
2025-11-08,3637366.793363921,0.0009209710619052254,1065.9169514754908,315.5396413823473,0.0
2025-11-09,3637620.1442467463,0.00016890058855022568,582.6096390500885,-329.25875622474996,0.0
2025-11-10,3639619.605829246,0.001332974388333085,1011.6853138247521,987.7762686748756,0.0
2025-11-11,3638844.8399481354,-0.0005165105874070322,158.1339281941529,-932.8998093047012,0.0
2025-11-12,3639104.8295893813,0.00017332642749721651,314.8661006159883,-54.8764593701635,0.0
2025-11-13,3640049.2345721633,0.0006296033218547744,903.2476382543798,41.15734452778179,0.0
2025-11-14,3640488.5980037255,0.0002929089543748221,494.239890933037,-54.876459370803786,0.0
2025-11-15,3640786.6857786225,0.00019872518326467608,599.9083014363913,-301.82052653937717,0.0
2025-11-16,3642144.3824797235,0.0009051311340674663,1206.786437831831,150.91026326936844,0.0
2025-11-17,3643165.3629530333,0.0006806536488730318,1103.2951623657243,-82.31468905617658,0.0
2025-11-18,3644382.289858138,0.0008112846034033531,1038.578412149648,178.34849295538152,0.0
2025-11-19,3645332.0445356704,0.0006331697850216253,853.720873633233,96.03380389920494,0.0
2025-11-20,3646164.686286229,0.0005550945003725351,901.2373247726057,-68.59557421380305,0.0
2025-11-21,3646375.6176374247,0.00014062090079698544,416.7180738362761,-205.78672264079796,0.0
2025-11-22,3646772.193369683,0.00026438382150545414,520.0477658421478,-123.47203358396655,0.0
2025-11-23,3646768.039881872,-2.7689918740436498e-06,133.03766061653698,-137.19114842760246,0.0
2025-11-24,3647743.6071897703,0.0006503782052655102,481.67917356052186,493.8881343377434,0.0
2025-11-25,3647773.897294173,2.0193402935162376e-05,332.11063094209163,-301.82052653934807,0.0
2025-11-26,3647894.3798711714,8.032171799908851e-05,230.23549574021487,-109.7529187415821,0.0
2025-11-27,3648682.277238747,0.0005252649117171551,211.69454418240937,576.2028233933233,0.0
2025-11-28,3648583.389281386,-6.59253049072267e-05,65.74142075153311,-164.62937811237316,0.0
2025-11-29,3648595.508385253,8.07940257792896e-06,121.87202260910128,-109.75291874220784,0.0
2025-11-30,3649058.3593588993,0.0003085673157640346,641.199466600815,-178.34849295476306,0.0
2025-12-01,3649520.4500411507,0.0003080604548343709,434.6524525661603,27.43822968539598,0.0
2025-12-02,3650653.270924936,0.0007552139225236897,638.9327494478056,493.88813433772884,0.0
2025-12-03,3650892.009542872,0.00015915907862419082,444.525340577026,-205.78672264073975,0.0
2025-12-04,3651847.5533773648,0.0006370292229949678,1133.8923274478332,-178.34849295538152,0.0
2025-12-05,3652498.279675536,0.0004338175321142087,733.0409872275042,-82.31468905619113,0.0
2025-12-06,3653026.9809846138,0.00035246753938517533,336.63370127999343,192.0676077977696,0.0
2025-12-07,3653393.5977233057,0.00024441115912789623,174.54913089407475,192.0676077977696,0.0
2025-12-08,3654249.434164568,0.0005705576275082077,595.1732592501131,260.6631820121984,0.0
2025-12-09,3653933.9331493527,-0.0002103340101434416,658.5561386179363,-974.0571538330987,0.0
2025-12-10,3655611.5751284724,0.0011184279860798681,950.5288924558588,727.1130866639432,0.0
2025-12-11,3655778.1905844267,0.00011107697063627066,440.9977528089888,-274.3822968545828,0.0
2025-12-12,3656256.2110086223,0.000318680282796893,121.32343828456189,356.6969859107776,0.0
2025-12-13,3656232.963012299,-1.54986642154486e-05,86.50492241840557,-109.75291874157847,0.0
2025-12-14,3657311.4070040127,0.000718962661142337,913.8146136011304,164.62937811237498,0.0
2025-12-15,3657580.034903204,0.00017908526612767502,488.13373667530976,-219.50583748379722,0.0
2025-12-16,3657735.314052894,0.00010351943312648753,-9.350228423262132,164.62937811299344,0.0
2025-12-17,3657725.782141959,-6.354607290021496e-06,168.8165820197281,-178.34849295476033,0.0
2025-12-18,3657814.4990382832,5.9144597549741e-05,33.84043695380772,54.876459370803786,0.0
2025-12-19,3658307.6662671585,0.00032877815258359577,863.5833296291723,-370.41610075377866,0.0
2025-12-20,3658380.6908800732,4.8683075276660096e-05,196.49664649956787,-123.47203358457773,0.0
2025-12-21,3658956.3943283726,0.0003838022988663603,260.16380691717774,315.5396413823628,0.0
2025-12-22,3658915.5605045813,-2.722254919407692e-05,-95.71028316253035,54.87645937141497,0.0
2025-12-23,3658858.469190153,-3.8060876285644556e-05,546.5497386508623,-603.6410530793291,0.0
2025-12-24,3660486.494772324,0.0010853503881139617,585.3728541246518,1042.6527280462906,0.0
2025-12-25,3660549.289802574,4.1863353500215376e-05,735.0316575434553,-672.2366272931322,0.0
2025-12-26,3661597.368284691,0.000698718988078023,595.3476923076923,452.73078980934224,0.0
2025-12-27,3661502.7533550016,-6.307661979289344e-05,467.8687788615878,-562.483708550928,0.0
2025-12-28,3662596.09030977,0.0007288913031787026,722.9208540148991,370.41610075315475,0.0
2025-12-29,3663208.0408660797,0.0004079670375399714,790.2990492653414,-178.34849295538424,0.0
2025-12-30,3663912.7231560745,0.0004697881933298493,498.8955673539943,205.78672264077977,0.0
2025-12-31,3664315.9606266813,0.00026882498040453097,403.2374706067965,0.0,0.0
2026-01-01,3664771.1214229385,0.00030344053083825035,743.2622079543428,-288.10141169696726,0.0
2026-01-02,3666122.102442543,0.0009006540130697926,747.3399665253598,603.6410530793291,0.0
2026-01-03,3666478.5746451467,0.00023764813506913844,507.38246587370185,-150.91026326999418,0.0
2026-01-04,3667219.544639522,0.0004939799962502585,644.9361904761905,96.03380389919721,0.0
2026-01-05,3667451.868567168,0.0001548826184302753,602.7400283985677,-370.41610075315475,0.0
2026-01-06,3668148.383897181,0.00046434355334209446,847.4255932831213,-150.91026326997962,0.0
2026-01-07,3669136.803878797,0.000658946654410842,851.2288331892827,137.19114842698036,0.0
2026-01-08,3669530.8749579424,0.0002627140527634501,641.0151463143598,-246.94406716918456,0.0
2026-01-09,3670253.055452105,0.0004814536627751912,681.0231496343856,41.157344528401154,0.0
2026-01-10,3671306.963475867,0.0007026053491747377,1026.4697940760861,27.43822968602035,0.0
2026-01-11,3672263.4968381473,0.0006376889081868944,942.8142474379553,13.719114842386261,0.0
2026-01-12,3673414.001975956,0.0007670034252057058,862.4037261115914,288.10141169696726,0.0
2026-01-13,3674719.6814013994,0.0008704529502956962,702.0383723642151,603.6410530793291,0.0
2026-01-14,3674982.971918473,0.00017552701138232092,1292.2241302767145,-1028.933613203233,0.0
2026-01-15,3676379.2200237256,0.0009308320701684989,724.0114779602419,672.2366272925065,0.0
2026-01-16,3676898.804787277,0.00034638984236732315,437.2700744947936,82.31468905619113,0.0
2026-01-17,3677653.6798416735,0.00050325003626456,1015.5382364077869,-260.6631820109469,0.0
2026-01-18,3678258.842873323,0.0004034420210996321,344.4998496385013,260.6631820109469,0.0
2026-01-19,3677917.0281078513,-0.00022787651031433472,248.10717276481324,-589.9219382363153,0.0
2026-01-20,3678998.500874585,0.0007209818444890264,697.3375511380005,384.1352155955392,0.0
2026-01-21,3679196.734658592,0.00013215585600450853,88.48086526457314,109.75291874218965,0.0
2026-01-22,3679450.1028506868,0.00016891212806338144,280.8064217804668,-27.438229685394617,0.0
2026-01-23,3679673.6318223015,0.00014901931440978807,388.15834972767556,-164.62937811299344,0.0
2026-01-24,3679702.9671454555,1.9556882102633098e-05,248.84116063711568,-219.50583748316603,0.0
2026-01-25,3680045.066382261,0.00022806615787037806,602.7624188171379,-260.6631820115708,0.0
2026-01-26,3680192.8806683873,9.854285741764744e-05,-222.60181462732024,370.4161007537914,0.0
2026-01-27,3681283.580136497,0.0007271329787396857,1022.1038938963658,68.59557421316276,0.0
2026-01-28,3682763.0649749544,0.0009863232256381682,944.4393595917192,535.0454788655334,0.0
2026-01-29,3682488.6487798137,-0.00018294413009364234,315.50574309585545,-589.921938236319,0.0
2026-01-30,3682739.8113238863,0.0001674416960482957,4.218476903870159,246.94406716857338,0.0
2026-01-31,3682368.9361456065,-0.0002472501188531641,-521.7854415497112,150.91026326996507,0.0
2026-02-01,3681440.2552165478,-0.0006191206193724027,-750.3324361032226,-178.34849295538152,0.0
2026-02-02,3679840.2552165478,-0.0010666666666666667,0.0,0.0,1600.0
2026-02-03,3679840.2552165478,0.0,0.0,0.0,0.0
2026-02-04,3679840.2552165478,0.0,0.0,0.0,0.0
2026-02-05,3679840.2552165478,0.0,0.0,0.0,0.0
2026-02-06,3679840.2552165478,0.0,0.0,0.0,0.0
2026-02-07,3679840.2552165478,0.0,0.0,0.0,0.0
2026-02-08,3679840.2552165478,0.0,0.0,0.0,0.0
2026-02-09,3679840.2552165478,0.0,0.0,0.0,0.0
2026-02-10,3679840.2552165478,0.0,0.0,0.0,0.0
2026-02-11,3679840.2552165478,0.0,0.0,0.0,0.0
2026-02-12,3679840.2552165478,0.0,0.0,0.0,0.0
2026-02-13,3679840.2552165478,0.0,0.0,0.0,0.0
2026-02-14,3679840.2552165478,0.0,0.0,0.0,0.0
2026-02-15,3679840.2552165478,0.0,0.0,0.0,0.0
2026-02-16,3679840.2552165478,0.0,0.0,0.0,0.0
2026-02-17,3679840.2552165478,0.0,0.0,0.0,0.0
2026-02-18,3679840.2552165478,0.0,0.0,0.0,0.0
2026-02-19,3679840.2552165478,0.0,0.0,0.0,0.0
2026-02-20,3679840.2552165478,0.0,0.0,0.0,0.0
2026-02-21,3679840.2552165478,0.0,0.0,0.0,0.0
2026-02-22,3679840.2552165478,0.0,0.0,0.0,0.0
2026-02-23,3679840.2552165478,0.0,0.0,0.0,0.0
2026-02-24,3679840.2552165478,0.0,0.0,0.0,0.0
2026-02-25,3679840.2552165478,0.0,0.0,0.0,0.0
2026-02-26,3679840.2552165478,0.0,0.0,0.0,0.0
2026-02-27,3679840.2552165478,0.0,0.0,0.0,0.0
2026-02-28,3679840.2552165478,0.0,0.0,0.0,0.0
2026-03-01,3679840.2552165478,0.0,0.0,0.0,0.0
2026-03-02,3679840.2552165478,0.0,0.0,0.0,0.0
2026-03-03,3679840.2552165478,0.0,0.0,0.0,0.0
2026-03-04,3679840.2552165478,0.0,0.0,0.0,0.0
2026-03-05,3679840.2552165478,0.0,0.0,0.0,0.0
2026-03-06,3679840.2552165478,0.0,0.0,0.0,0.0
2026-03-07,3679840.2552165478,0.0,0.0,0.0,0.0
2026-03-08,3679840.2552165478,0.0,0.0,0.0,0.0
2026-03-09,3679840.2552165478,0.0,0.0,0.0,0.0
2026-03-10,3679840.2552165478,0.0,0.0,0.0,0.0
2026-03-11,3679840.2552165478,0.0,0.0,0.0,0.0
2026-03-12,3679840.2552165478,0.0,0.0,0.0,0.0
2026-03-13,3679840.2552165478,0.0,0.0,0.0,0.0
2026-03-14,3679840.2552165478,0.0,0.0,0.0,0.0
2026-03-15,3679840.2552165478,0.0,0.0,0.0,0.0
2026-03-16,3679840.2552165478,0.0,0.0,0.0,0.0
2026-03-17,3679840.2552165478,0.0,0.0,0.0,0.0
2026-03-18,3679840.2552165478,0.0,0.0,0.0,0.0
2026-03-19,3679840.2552165478,0.0,0.0,0.0,0.0
2026-03-20,3679840.2552165478,0.0,0.0,0.0,0.0
2026-03-21,3679840.2552165478,0.0,0.0,0.0,0.0
2026-03-22,3679840.2552165478,0.0,0.0,0.0,0.0
2026-03-23,3679840.2552165478,0.0,0.0,0.0,0.0
2026-03-24,3679840.2552165478,0.0,0.0,0.0,0.0
2026-03-25,3679840.2552165478,0.0,0.0,0.0,0.0
2026-03-26,3679840.2552165478,0.0,0.0,0.0,0.0
2026-03-27,3679840.2552165478,0.0,0.0,0.0,0.0
2026-03-28,3679840.2552165478,0.0,0.0,0.0,0.0
2026-03-29,3679840.2552165478,0.0,0.0,0.0,0.0
2026-03-30,3679840.2552165478,0.0,0.0,0.0,0.0
2026-03-31,3679840.2552165478,0.0,0.0,0.0,0.0
2026-04-01,3679840.2552165478,0.0,0.0,0.0,0.0
2026-04-02,3679840.2552165478,0.0,0.0,0.0,0.0
2026-04-03,3679840.2552165478,0.0,0.0,0.0,0.0
2026-04-04,3679840.2552165478,0.0,0.0,0.0,0.0
2026-04-05,3679840.2552165478,0.0,0.0,0.0,0.0
2026-04-06,3679840.2552165478,0.0,0.0,0.0,0.0
2026-04-07,3679840.2552165478,0.0,0.0,0.0,0.0
2026-04-08,3679840.2552165478,0.0,0.0,0.0,0.0
2026-04-09,3679840.2552165478,0.0,0.0,0.0,0.0
2026-04-10,3679840.2552165478,0.0,0.0,0.0,0.0
2026-04-11,3679840.2552165478,0.0,0.0,0.0,0.0
2026-04-12,3679840.2552165478,0.0,0.0,0.0,0.0
2026-04-13,3679840.2552165478,0.0,0.0,0.0,0.0
2026-04-14,3679840.2552165478,0.0,0.0,0.0,0.0
2026-04-15,3679840.2552165478,0.0,0.0,0.0,0.0
2026-04-16,3679840.2552165478,0.0,0.0,0.0,0.0
2026-04-17,3679840.2552165478,0.0,0.0,0.0,0.0
2026-04-18,3679840.2552165478,0.0,0.0,0.0,0.0
2026-04-19,3679840.2552165478,0.0,0.0,0.0,0.0
2026-04-20,3679840.2552165478,0.0,0.0,0.0,0.0
2026-04-21,3679840.2552165478,0.0,0.0,0.0,0.0
2026-04-22,3679840.2552165478,0.0,0.0,0.0,0.0
2026-04-23,3679840.2552165478,0.0,0.0,0.0,0.0
2026-04-24,3679840.2552165478,0.0,0.0,0.0,0.0
2026-04-25,3679840.2552165478,0.0,0.0,0.0,0.0
2026-04-26,3679840.2552165478,0.0,0.0,0.0,0.0
2026-04-27,3679840.2552165478,0.0,0.0,0.0,0.0
2026-04-28,3679840.2552165478,0.0,0.0,0.0,0.0
2026-04-29,3679840.2552165478,0.0,0.0,0.0,0.0
2026-04-30,3679840.2552165478,0.0,0.0,0.0,0.0
2026-05-01,3679840.2552165478,0.0,0.0,0.0,0.0
2026-05-02,3679840.2552165478,0.0,0.0,0.0,0.0
2026-05-03,3679840.2552165478,0.0,0.0,0.0,0.0
2026-05-04,3679840.2552165478,0.0,0.0,0.0,0.0
2026-05-05,3679840.2552165478,0.0,0.0,0.0,0.0
2026-05-06,3679840.2552165478,0.0,0.0,0.0,0.0
2026-05-07,3679840.2552165478,0.0,0.0,0.0,0.0
2026-05-08,3679840.2552165478,0.0,0.0,0.0,0.0
2026-05-09,3679840.2552165478,0.0,0.0,0.0,0.0
2026-05-10,3679840.2552165478,0.0,0.0,0.0,0.0
2026-05-11,3679840.2552165478,0.0,0.0,0.0,0.0
2026-05-12,3679840.2552165478,0.0,0.0,0.0,0.0
2026-05-13,3679840.2552165478,0.0,0.0,0.0,0.0
2026-05-14,3678402.107398847,-0.0009587652118002863,477.3918236819361,-315.5396413823655,1600.0
2026-05-15,3678532.329367541,8.681464579588241e-05,34.188164794007484,96.03380389981612,0.0
2026-05-16,3678809.1691948166,0.00018455988485065284,551.2221241305512,-274.3822968545719,0.0
2026-05-17,3679465.389197149,0.0004374800015547461,519.0288539051461,137.1911484269731,0.0
2026-05-18,3679718.873875367,0.00016898978547876174,226.0464485327407,27.438229685401893,0.0
2026-05-19,3680240.6979997447,0.00034788274958522976,562.9814689056262,-41.15734452778156,0.0
2026-05-20,3680436.4253921523,0.00013048492827181152,401.51411504849705,-205.78672264077977,0.0
2026-05-21,3680670.2735660006,0.0001558987825656161,357.32020743301644,-123.47203358459228,0.0
2026-05-22,3681270.867251915,0.0004003957906096064,408.52607811663995,192.0676077977696,0.0
2026-05-23,3681574.9833230358,0.00020274404741378238,468.7454492324155,-164.62937811174197,0.0
2026-05-24,3682163.177644419,0.00039212954758890576,588.1943213839844,-6.257323548197746e-10,0.0
2026-05-25,3682569.6660015555,0.00027099223809107974,406.48835713599755,6.220943760126829e-10,0.0
2026-05-26,3683564.411179424,0.0006631634519122154,308.78943573280645,685.9557421355166,0.0
2026-05-27,3683211.0885469997,-0.00023554842161616947,469.8242581388649,-823.1468905631191,0.0
2026-05-28,3683925.639967614,0.00047636761374280484,220.6632862767694,493.8881343374378,0.0
2026-05-29,3684317.6488158945,0.0002613392321870045,611.5146857636746,-219.50583748316785,0.0
2026-05-30,3685077.719089591,0.000506713515797594,471.9688619994237,288.10141169696726,0.0
2026-05-31,3685132.916566097,3.67983176707434e-05,507.92826631545734,-452.73078980934224,0.0
2026-06-01,3685542.384714428,0.00027297876555394603,587.8166412863042,-178.34849295538515,0.0
2026-06-02,3686249.638709983,0.00047150266370333784,707.2539955550068,0.0,0.0
2026-06-03,3686959.9297780157,0.00047352737868858793,490.78523054972493,219.50583748315694,0.0
2026-06-04,3686975.6022691326,1.0448327411273908e-05,399.8077067127629,-384.13521559585206,0.0
2026-06-05,3687258.949416243,0.0001888980980735339,-141.94541301395233,425.2925601242532,0.0
2026-06-06,3687135.397994943,-8.236761420010188e-05,-315.61902909824255,192.06760779808974,0.0
2026-06-07,3686824.9002297865,-0.0002069985101041517,-351.6551096843231,41.157344528095564,0.0
2026-06-08,3686047.1192782284,-0.0005185206343720693,-448.52219533275724,-329.2587562253466,0.0
2026-06-09,3684447.1192782284,-0.0010666666666666667,0.0,0.0,1600.0
2026-06-10,3684447.1192782284,0.0,0.0,0.0,0.0
2026-06-11,3684447.1192782284,0.0,0.0,0.0,0.0
2026-06-12,3684447.1192782284,0.0,0.0,0.0,0.0
2026-06-13,3684447.1192782284,0.0,0.0,0.0,0.0
2026-06-14,3684447.1192782284,0.0,0.0,0.0,0.0
2026-06-15,3684447.1192782284,0.0,0.0,0.0,0.0
2026-06-16,3684447.1192782284,0.0,0.0,0.0,0.0
2026-06-17,3684447.1192782284,0.0,0.0,0.0,0.0
2026-06-18,3684447.1192782284,0.0,0.0,0.0,0.0
2026-06-19,3684447.1192782284,0.0,0.0,0.0,0.0
2026-06-20,3684447.1192782284,0.0,0.0,0.0,0.0
2026-06-21,3684447.1192782284,0.0,0.0,0.0,0.0
2026-06-22,3684447.1192782284,0.0,0.0,0.0,0.0
2026-06-23,3684447.1192782284,0.0,0.0,0.0,0.0
2026-06-24,3684447.1192782284,0.0,0.0,0.0,0.0
2026-06-25,3684447.1192782284,0.0,0.0,0.0,0.0
2026-06-26,3684447.1192782284,0.0,0.0,0.0,0.0
2026-06-27,3684447.1192782284,0.0,0.0,0.0,0.0
2026-06-28,3684447.1192782284,0.0,0.0,0.0,0.0
2026-06-29,3684447.1192782284,0.0,0.0,0.0,0.0
2026-06-30,3684447.1192782284,0.0,0.0,0.0,0.0
2026-07-01,3684447.1192782284,0.0,0.0,0.0,0.0
2026-07-02,3684447.1192782284,0.0,0.0,0.0,0.0
2026-07-03,3684447.1192782284,0.0,0.0,0.0,0.0
2026-07-04,3683569.3195137857,-0.0005851998429617675,543.8517426019673,178.34849295538152,1600.0
2026-07-05,3683875.7320519593,0.00020427502544905125,457.3228014432509,-150.91026326967403,0.0
2026-07-06,3684200.2575514037,0.00021635033296301667,489.1548775569,-164.62937811237498,0.0
2026-07-07,3684761.984299013,0.00037448449840617924,369.6591398114993,192.0676077977696,0.0
2026-07-08,3685063.898894779,0.00020127639717747352,219.5999067100191,82.31468905619113,0.0
2026-07-09,3685566.378692422,0.00033498653176195533,365.28864921595266,137.19114842698036,0.0
2026-07-10,3685861.190891459,0.00019654146602479522,253.6548545087871,41.1573445284057,0.0
2026-07-11,3686071.26975044,0.00014005257265401288,333.5508925656116,-123.47203358459228,0.0
2026-07-12,3686528.423610587,0.0003047692400982286,114.17598907958458,342.9778710677583,0.0
2026-07-13,3686385.667622605,-9.517065865475427e-05,117.90719402944123,-260.66318201157264,0.0
2026-07-14,3686412.9061019784,1.815898624901441e-05,260.4634316993868,-233.22495232586516,0.0
2026-07-15,3686923.78296085,0.0003405845725809326,456.0003995006242,54.87645937077468,0.0
2026-07-16,3687565.1581518883,0.00042758346069228054,366.9928941844673,274.38229685395345,0.0
2026-07-17,3687967.0390814957,0.0002679206197383279,360.7235850790907,41.157344528401154,0.0
2026-07-18,3688043.1941025546,5.077001403932699e-05,240.78439917136546,-164.62937811237498,0.0
2026-07-19,3688309.873552006,0.00017778629963440811,266.6794494519214,-3.092281986027956e-10,0.0
2026-07-20,3688351.4501599553,2.7717738632662076e-05,192.48687121866897,-150.91026326967585,0.0
2026-07-21,3689320.3391118147,0.0006459259679064081,269.21409488139824,699.6748569782139,0.0
2026-07-22,3688925.832163357,-0.00026300463230488885,236.5723343073905,-631.0792827647238,0.0
2026-07-23,3688968.474055909,2.842792836801139e-05,-163.1448300887627,205.78672264077977,0.0
2026-07-24,3689042.7983107553,4.954950323085012e-05,60.605140003566966,13.719114842708223,0.0
2026-07-25,3689189.552943289,9.783642168908803e-05,283.9457809606124,-137.19114842698036,0.0
2026-07-26,3689375.1628102134,0.00012373991128298155,62.1378333401929,123.47203358427942,0.0
2026-07-27,3689863.848170546,0.0003257902402217245,529.8427048606824,-41.157344528095564,0.0
2026-07-28,3690126.7507161275,0.0001752683637210211,15.958478412972806,246.94406716855883,0.0
2026-07-29,3690501.81195318,0.0002500408247017347,388.7803518952957,-13.71911484269367,0.0
2026-07-30,3690708.438126507,0.00013775078221824023,275.2217475408487,-68.59557421348836,0.0
2026-07-31,3689195.958952398,-0.001008319449406166,128.6781704188446,-41.157344528093745,1600.0
