date,nav,ret,funding_pnl,basis_pnl,cost
2021-01-02,1500000.0,0.0,0.0,0.0,0.0
2021-01-03,1500000.0,0.0,0.0,0.0,0.0
2021-01-04,1500000.0,0.0,0.0,0.0,0.0
2021-01-05,1500000.0,0.0,0.0,0.0,0.0
2021-01-06,1500000.0,0.0,0.0,0.0,0.0
2021-01-07,1500000.0,0.0,0.0,0.0,0.0
2021-01-08,1506790.9742972383,0.00452731619815882,6509.635037247397,2181.339259990833,1900.0
2021-01-09,1512803.9394849846,0.004008643458497549,4901.716885486548,1111.2483022597753,0.0
2021-01-10,1521637.9576820184,0.005889345464689179,11756.189658531232,-2922.1714614974626,0.0
2021-01-11,1526873.1876843506,0.0034901533348881677,4892.252131264491,342.97787106776013,0.0
2021-01-12,1533869.5018811652,0.004664209464543058,1687.0167526855168,5309.297444129072,0.0
2021-01-13,1534517.3024635413,0.0004318670549173876,1292.5989799838117,-644.7983976077303,0.0
2021-01-14,1536877.7065957387,0.0015736027547982934,2771.9775774787013,-411.57344528126123,0.0
2021-01-15,1537021.9202572335,9.614244099657905e-05,2888.0366300366295,-2743.822968541761,0.0
2021-01-16,1543921.220277126,0.004599533346594983,3551.835998271392,3347.464021621083,0.0
2021-01-17,1544243.3401404838,0.00021474657557180125,3504.954506866417,-3182.834643508715,0.0
2021-01-18,1550316.0874586713,0.004048498212125053,4179.509469893402,1893.2378482941776,0.0
2021-01-19,1554686.416086348,0.002913552418451185,8993.670329670329,-4623.341701993551,0.0
2021-01-20,1563222.7365264571,0.005690880293405962,5161.418188802459,3374.9022513064847,0.0
2021-01-21,1565166.1948067662,0.0012956388535395032,2615.6949076017613,-672.2366272925065,0.0
2021-01-22,1569545.9151859628,0.0029198135861309765,716.7167161926712,3663.003663003794,0.0
2021-01-23,1567769.5022798425,-0.001184275270746862,1090.8820960063658,-2867.295002126659,0.0
2021-01-24,1571584.2916146026,0.0025431928898400893,4171.48632067059,-356.69698591045653,0.0
2021-01-25,1576567.0246602462,0.0033218220304290728,4776.9463230028405,205.78672264076886,0.0
2021-01-26,1579464.3982405234,0.0019315823868515107,1374.551832736552,1522.8217475407146,0.0
2021-01-27,1579136.5511834107,-0.00021856470474177603,1057.7835420010701,-1385.6305991137342,0.0
2021-01-28,1583707.242858652,0.003047127783494232,1387.8570317323126,3182.8346435090352,0.0
2021-01-29,1589618.758611214,0.003941010501707999,7585.247763372708,-1673.7320108107087,0.0
2021-01-30,1591113.2898894236,0.0009963541854730678,3881.657260841531,-2387.125982631929,0.0
2021-01-31,1597085.0981302217,0.0039812054938653104,5697.425943943696,274.38229685426904,0.0
2021-02-01,1602032.741506359,0.003298428917424857,2560.517393505371,2387.1259826319147,0.0
2021-02-02,1605639.3756074137,0.002404422734036476,6364.17618443978,-2757.542083385066,0.0
2021-02-03,1613305.221267372,0.00511056377330546,9888.342264477096,-2222.4966045189067,0.0
2021-02-04,1626953.109799564,0.009098592354794722,9751.659916862163,3896.228615329921,0.0
2021-02-05,1638123.1566068511,0.007446697871524829,9756.977978488429,1413.068828798816,0.0
2021-02-06,1644509.3921611723,0.004257490369547365,8691.046847896174,-2304.811293575127,0.0
2021-02-07,1649841.0453389306,0.003554435451838799,6634.9690878160545,-1303.315910057856,0.0
2021-02-08,1660649.8889547407,0.007205895743873492,7392.784019975032,3416.059595835206,0.0
2021-02-09,1666855.4382434047,0.004137032859109365,13586.433074042061,-7380.883785378013,0.0
2021-02-10,1683615.5904562979,0.011173434808595426,11176.472471910114,5583.679740983025,0.0
2021-02-11,1690284.1391083947,0.004445699101397925,7615.16757624398,-946.6189241470929,0.0
2021-02-12,1696258.90334815,0.003983176159836795,7278.080149812735,-1303.315910057543,0.0
2021-02-13,1709693.2286173878,0.0089562168461585,12542.582804461455,891.7424647762964,0.0
2021-02-14,1720280.4965190492,0.007058178601107605,10271.728260279046,315.5396413823619,0.0
2021-02-15,1722731.7886127231,0.0016341947291159602,4317.091712282724,-1865.799618608784,0.0
2021-02-16,1733530.938527253,0.007199433276353308,8110.203405358685,2688.9465091712773,0.0
2021-02-17,1743659.245630462,0.00675220473547265,10553.599663332921,-425.29256012394626,0.0
2021-02-18,1759704.50661522,0.010696840656505458,13095.651293575338,2949.60969118285,0.0
2021-02-19,1767314.2379762935,0.005073154240715625,10408.430788986294,-2798.6994279128558,0.0
2021-02-20,1781421.3856509035,0.009404765116406621,15369.306240139384,-1262.1585655294512,0.0
2021-02-21,1788820.1517329987,0.004932510721396772,5313.460626003211,2085.305456091948,0.0
2021-02-22,1793822.9636757625,0.0033352079618425186,4234.541511572073,768.2704311917041,0.0
2021-02-23,1795292.2378105666,0.0009795160898693517,1126.2962637362637,342.9778710677638,0.0
2021-02-24,1795467.671526663,0.00011695581073102312,1766.8510378510377,-1591.417321754503,0.0
2021-02-25,1798711.7369822063,0.0021627103036955327,1625.2099041033873,1618.8555514399122,0.0
2021-02-26,1800985.8661948661,0.0015160861417731323,1272.633829142144,1001.4953835175547,0.0
2021-02-27,1801744.3438637143,0.000505651779232212,1787.411282051282,-1028.933613202964,0.0
2021-02-28,1802934.6032921758,0.0007935062856409665,600.3374902251309,589.921938236319,0.0
2021-03-01,1803475.29580785,0.00036046167711619923,1802.8510812034408,-1262.158565529142,0.0
2021-03-02,1806280.3764899643,0.0018700537880761892,2681.608648529997,123.47203358428669,0.0
2021-03-03,1810864.7960731776,0.0030562797221421983,2183.57448573898,2400.8450974743173,0.0
2021-03-04,1810884.4904140427,1.3129560576750918e-05,2077.56156727168,-2057.8672264065535,0.0
2021-03-05,1811371.6157409006,0.0003247502179053007,1214.2384135215596,-727.1130866636086,0.0
2021-03-06,1813668.8046976991,0.0015314593045322887,2557.852138810004,-260.6631820115708,0.0
2021-03-07,1817610.451861272,0.0026277647757153707,3324.2869956510403,617.3601679220155,0.0
2021-03-08,1820203.7660178896,0.001728876104411656,2661.909730830967,-68.5955742134829,0.0
2021-03-09,1825308.2297729487,0.003402975836705927,5077.025525373503,27.43822968538734,0.0
2021-03-10,1828627.6607928276,0.0022129540132527635,5541.927624398074,-2222.4966045189285,0.0
2021-03-11,1835269.1126702884,0.004427634584973836,4789.3713736949685,1852.0805037657847,0.0
2021-03-12,1838997.3656661315,0.002485501997228663,6005.626059733026,-2277.3730638900306,0.0
2021-03-13,1847195.4665800992,0.005465400609311833,5467.997060268071,2730.1038536996784,0.0
2021-03-14,1854012.7996151787,0.004544888690052898,8738.009113059226,-1920.6760779798788,0.0
2021-03-15,1858637.1708407071,0.0030829141503524037,4363.708043517033,260.66318201157264,0.0
2021-03-16,1862768.130408967,0.0027539730455064687,2347.4746387071104,1783.4849295525928,0.0
2021-03-17,1864452.247501612,0.001122744728430031,3248.0961847141625,-1563.9790920691157,0.0
2021-03-18,1869431.4427328475,0.0033194634874903445,5143.824609348205,-164.62937811268785,0.0
2021-03-19,1871841.5460803118,0.0016067355649762361,1408.6079639461664,1001.4953835181877,0.0
2021-03-20,1876648.4817689427,0.003204623792420562,5355.700282339383,-548.7645937085399,0.0
2021-03-21,1880666.9963597697,0.002679009727218125,2413.378154230289,1605.1364365968989,0.0
2021-03-22,1883181.9559317338,0.0016766397146425701,3461.5784961106315,-946.6189241467764,0.0
2021-03-23,1886089.3941852902,0.001938292169037734,1453.212080229384,1454.226173327217,0.0
2021-03-24,1887569.1726420273,0.0009865189711579648,2357.8018066702334,-878.0233499332862,0.0
2021-03-25,1890155.149996982,0.0017239849033031096,1214.0658706836236,1371.9114842710405,0.0
2021-03-26,1889484.360278635,-0.00044719314556460586,1359.6392783745594,-2030.4289967214681,0.0
2021-03-27,1892583.9735188156,0.002066408826787028,1398.4429996844606,1701.1702404960815,0.0
2021-03-28,1892908.339548092,0.00021624401951772748,2039.2553846153846,-1714.8893553387934,0.0
2021-03-29,1897029.1002731477,0.0027471738167037137,3475.962327447833,644.7983976077376,0.0
2021-03-30,1900489.6306994003,0.002307020284168401,4173.9243980738365,-713.393971821235,0.0
2021-03-31,1904256.7859270691,0.002511436818445892,5619.235731434608,-1852.0805037657701,0.0
2021-04-01,1912050.214293534,0.005195618910976614,8726.328175769298,-932.8998093043774,0.0
2021-04-02,1922598.8585054395,0.00703242947460363,7804.821243363378,2743.8229685420665,0.0
2021-04-03,1928170.7528827973,0.003714596251571888,9166.302466148085,-3594.408088790253,0.0
2021-04-04,1934195.5633137147,0.004016540287278246,5654.394330164218,370.4161007531511,0.0
2021-04-05,1943435.6594943132,0.006160064120399031,6633.464360483461,2606.631820115086,0.0
2021-04-06,1950636.6395581071,0.004800653375862641,8312.228366053421,-1111.2483022594606,0.0
2021-04-07,1955996.1031824227,0.003572975749543673,4399.125585326035,960.3380389894746,0.0
2021-04-08,1958592.144795242,0.0017306944085462622,2157.02993785241,439.01167496698326,0.0
2021-04-09,1963195.0735677928,0.0030686191817004666,4177.636212426774,425.2925601239258,0.0
2021-04-10,1973936.6103610871,0.007161024528862896,9644.007605877268,1097.5291874170762,0.0
2021-04-11,1978483.552103003,0.0030312944946106098,6838.033920648639,-2291.0921787327243,0.0
2021-04-12,1986722.5671689233,0.005492676710613483,9816.713272832038,-1577.698206911813,0.0
2021-04-13,1999596.9951899415,0.008582952014012187,9760.188951722434,3114.239069295847,0.0
2021-04-14,2010339.6098069719,0.007161743078020254,14282.14624645018,-3539.5316294197983,0.0
2021-04-15,2021061.3760269447,0.007147844146648566,10982.429401983782,-260.66318201093236,0.0
2021-04-16,2032288.3330531889,0.007484638017496166,13504.330090134585,-2277.373063890336,0.0
2021-04-17,2041467.4322659862,0.006119399475198213,7944.378876953259,1234.7203358440602,0.0
2021-04-18,2048855.2207055744,0.004925192293058678,3779.6612359550563,3608.127203632961,0.0
2021-04-19,2054641.4523994732,0.0038574877959324377,2205.5427199517094,3580.688973946948,0.0
2021-04-20,2053163.5822926008,-0.000985246737914838,1224.7955171420342,-2702.665624014291,0.0
2021-04-21,2056633.1752464639,0.0023130619692420867,958.9949376466232,2510.598016216507,0.0
2021-04-22,2054587.8407752672,-0.0013635563141311108,1439.3206988517097,-3484.655170048376,0.0
2021-04-23,2059053.56364366,0.0029771485789284865,2970.3393505371037,1495.3835178556255,0.0
2021-04-24,2060677.346361142,0.001082521811654643,1637.5018323249783,-13.719114843013813,0.0
2021-04-25,2061314.8256109804,0.00042498616655895703,911.8615466930074,-274.3822968545719,0.0
2021-04-26,2063916.2620023047,0.0017342909275496112,955.1426101987901,1646.293781125627,0.0
2021-04-27,2063500.989262323,-0.00027684849332120485,2109.0443910770878,-2524.317131058895,0.0
2021-04-28,2065765.313793472,0.0015095496874328585,2319.2009905200916,-54.876459370803786,0.0
2021-04-29,2069708.8719830979,0.0026290387930839026,1131.1396468699838,2812.4185427558696,0.0
2021-04-30,2069884.566286921,0.00011712953588214623,2933.236387208298,-2757.5420833850785,0.0
2021-05-01,2073948.5320401695,0.002709310502165649,2184.4470197966825,1879.5187334517905,0.0
2021-05-02,2074945.0999429282,0.0006643786018390132,2958.401325266494,-1961.8334225079743,0.0
2021-05-03,2079059.104834753,0.0027426699278833198,3304.577116104869,809.4277757201107,0.0
2021-05-04,2085775.5752453664,0.004477646940408813,8198.134813625824,-1481.6644030126045,0.0
2021-05-05,2092166.5174103798,0.004260628110008998,9107.326903870162,-2716.3847388566646,0.0
2021-05-06,2104380.2202820648,0.008142468581123417,11898.163230302778,315.5396413823473,0.0
2021-05-07,2111149.791514178,0.004513047488075402,5425.09797752809,1344.473254585013,0.0
2021-05-08,2121266.113890329,0.00674421491743401,7043.240651383572,3073.081724767442,0.0
2021-05-09,2124771.211665775,0.0023367318502974365,8306.787970394149,-4801.690194947994,0.0
2021-05-10,2137247.95354447,0.008317827919129925,11365.493576436049,1111.2483022588385,0.0
2021-05-11,2143688.026901126,0.004293382237770603,6179.410174644332,260.66318201157264,0.0
2021-05-12,2151878.881623245,0.0054605698147459966,6407.369792566984,1783.4849295520107,0.0
2021-05-13,2131526.696529064,-0.013568123396120669,3450.4791579207317,-23802.664252101735,0.0
2021-05-14,2158053.746507799,0.017684699985823397,1530.8227353171173,24996.227243417976,0.0
2021-05-15,2160999.523368591,0.0019638512405280384,7665.152366684501,-4719.3755058924435,0.0
2021-05-16,2167141.093818303,0.004094380299808079,3137.0842991590184,3004.4861505531007,0.0
2021-05-17,2177370.1757902894,0.00681938798132417,5852.684337160966,4376.397634825291,0.0
2021-05-18,2179499.7220767993,0.0014196975243399232,4050.2223644894434,-1920.6760779795586,0.0
2021-05-19,2164593.345327543,-0.009937584499504066,-13575.622609512833,-1330.7541397432651,0.0
2021-05-20,2161339.01034188,-0.002169556657108648,1067.186189790235,-4321.5211754532065,0.0
2021-05-21,2168720.615752699,0.004921070273879006,1139.4081573856856,6242.197253432823,0.0
2021-05-22,2170119.1039062436,0.0009323254356966078,1000.6338231057331,397.85433043917874,0.0
2021-05-23,2171406.832158016,0.0008584855011817264,944.750380705437,342.9778710671526,0.0
2021-05-24,2169506.832158016,-0.0012666666666666666,0.0,0.0,1900.0
2021-05-25,2169506.832158016,0.0,0.0,0.0,0.0
2021-05-26,2168515.100668531,-0.0006611543263233682,1114.0552331563567,-205.78672264140914,1900.0
2021-05-27,2172967.2936690394,0.0029681286670055875,1187.0436679425443,3265.1493325658375,0.0
2021-05-28,2172449.851186428,-0.00034496165507425197,1128.85129851422,-1646.293781125598,0.0
2021-05-29,2175129.873411394,0.0017866814833107164,992.5710993126723,1687.4511256534024,0.0
2021-05-30,2176149.748293067,0.0006799165877817091,937.5601926163724,82.31468905619113,0.0
2021-05-31,2175705.019862945,-0.00029648562008109463,982.0595135201878,-1426.7879436418298,0.0
2021-06-01,2176791.4886999754,0.0007243125580204262,1113.9070667160556,-27.438229685416445,0.0
2021-06-02,2177889.5433294903,0.0007320364196766544,1084.3355146725935,13.71911484238808,0.0
2021-06-03,2178290.2910212493,0.0002671651278393007,1114.141663579866,-713.3939718209149,0.0
2021-06-04,2179096.291762082,0.0005373338272214866,1176.416841585381,-370.4161007531511,0.0
2021-06-05,2181876.913512367,0.0018537478335233489,1106.889739474009,1673.7320108110143,0.0
2021-06-06,2183040.612734493,0.000775799481417402,1081.3845330699264,82.31468905617658,0.0
2021-06-07,2184746.4337549205,0.0011372140136183598,1115.899082191217,589.9219382363226,0.0
2021-06-08,2184331.777624534,-0.00027643742025756956,1067.0082726262501,-1481.6644030126045,0.0
2021-06-09,2187777.7983952733,0.0022973471804930276,1031.4565584228508,2414.564212316691,0.0
2021-06-10,2187068.602472595,-0.0004727972817857841,1074.2890068732763,-1783.4849295519525,0.0
2021-06-11,2187986.0974603165,0.00061166332514762,972.3714470922338,-54.876459370803786,0.0
2021-06-12,2188790.4148657573,0.0005362116036274481,968.9467835535253,-164.62937811235315,0.0
2021-06-13,2190026.7581728864,0.0008242288714195162,975.6801251183275,260.6631820109469,0.0
2021-06-14,2191860.538743877,0.0012225203806599315,818.566072628994,1015.2144983609032,0.0
2021-06-15,2192936.035032856,0.0007169975259860753,1061.7771741367249,13.71911484238808,0.0
2021-06-16,2191911.606776967,-0.0006829521705924059,1047.1580853603327,-2071.5863412489416,0.0
2021-06-17,2195506.086205154,0.002396319618791394,974.128493229617,2620.3509349574742,0.0
2021-06-18,2195574.80110137,4.580993081026342e-05,617.4794899233102,-548.7645937079151,0.0
2021-06-19,2197554.4797075074,0.001319785737425387,-256.53711322385476,2236.215719361935,0.0
2021-06-20,2196399.6403687685,-0.0007698928924927023,-564.9174005021198,-589.9219382369338,0.0
2021-06-21,2194451.8182206294,-0.0012985480987593892,-315.2474818564706,-1632.5746662826132,0.0
2021-06-22,2194434.997985621,-1.1213490005625355e-05,353.5958657447422,-370.4161007531802,0.0
2021-06-23,2194557.4320046357,8.162267934307878e-05,-302.85854110932763,425.2925601239458,0.0
2021-06-24,2192657.4320046357,-0.0012666666666666666,0.0,0.0,1900.0
2021-06-25,2192657.4320046357,0.0,0.0,0.0,0.0
2021-06-26,2192657.4320046357,0.0,0.0,0.0,0.0
2021-06-27,2192657.4320046357,0.0,0.0,0.0,0.0
2021-06-28,2192657.4320046357,0.0,0.0,0.0,0.0
2021-06-29,2192657.4320046357,0.0,0.0,0.0,0.0
2021-06-30,2192657.4320046357,0.0,0.0,0.0,0.0
2021-07-01,2192657.4320046357,0.0,0.0,0.0,0.0
2021-07-02,2192657.4320046357,0.0,0.0,0.0,0.0
2021-07-03,2192657.4320046357,0.0,0.0,0.0,0.0
2021-07-04,2190260.8178821784,-0.00159774274830473,916.4547063423468,-1413.0688287994417,1900.0
2021-07-05,2191276.433813638,0.0006770772876397184,631.4807158634126,384.1352155961649,0.0
2021-07-06,2192782.3577770903,0.0010039493089680563,257.48451276563634,1248.4394506864483,0.0
2021-07-07,2192446.230908753,-0.0002240845788915429,733.9640893937524,-1070.0909577310667,0.0
2021-07-08,2194266.130991891,0.0012132667220919578,557.7415176084838,1262.158565529453,0.0
2021-07-09,2194780.898185509,0.0003431781290786703,651.9583420449712,-137.1911484269658,0.0
2021-07-10,2193030.6409521047,-0.0011668381556026852,883.8128163970861,-2634.070049801114,0.0
2021-07-11,2193830.934541163,0.0005335290593720056,868.8891632711857,-68.59557421317731,0.0
2021-07-12,2195727.0232215207,0.0012640591202386937,880.8741819977776,1015.214498360263,0.0
2021-07-13,2196943.900475503,0.0008112515026548481,517.2023970037453,699.6748569785268,0.0
2021-07-14,2196529.565639927,-0.00027622322371747334,491.12674404247446,-905.4615796186845,0.0
2021-07-15,2197862.397568423,0.0008885546189973475,701.7526457312973,631.0792827647238,0.0
2021-07-16,2198005.2143441564,9.521118382234196e-05,705.3004842847538,-562.4837085512409,0.0
2021-07-17,2198931.110081216,0.000617263824706341,651.513440205238,274.3822968542736,0.0
2021-07-18,2200494.4923917893,0.0010422548737154913,781.3927645388319,781.9895460344051,0.0
2021-07-19,2200388.4034260735,-7.072597714387139e-05,31.10218271117147,-137.19114842697854,0.0
2021-07-20,2198455.283682895,-0.0012887464954523017,-1219.7257713572321,-713.3939718212205,0.0
2021-07-21,2197814.2483506864,-0.00042735688813890876,-1326.9910743438834,685.9557421355203,0.0
2021-07-22,2197496.8566288003,-0.0002115944812573237,821.2948100588551,-1138.6865319448407,0.0
2021-07-23,2198662.6169009875,0.0007771735147914736,795.3441714340591,370.4161007531511,0.0
2021-07-24,2198689.146585585,1.7686456398454917e-05,506.69870409241196,-480.1690194947296,0.0
2021-07-25,2201067.5505849817,0.0015856026662642874,402.8514620460688,1975.5525373503624,0.0
2021-07-26,2202393.427579398,0.0008839179962774969,900.5844342922995,425.2925601239458,0.0
2021-07-27,2201526.6978048026,-0.000577819849730127,916.7551549574023,-1783.4849295525928,0.0
2021-07-28,2203774.8689768263,0.0014987807813490654,807.6641135393945,1440.5070584842033,0.0
2021-07-29,2203708.5505940365,-4.421225519329596e-05,811.70496714272,-878.0233499326639,0.0
2021-07-30,2204277.530303465,0.00037931980628592743,980.553154710458,-411.5734452815668,0.0
2021-07-31,2204975.0869291117,0.00046503775043099297,1013.0962670288513,-315.5396413823619,0.0
2021-08-01,2206675.0375402984,0.0011333004074577302,1041.4330987364697,658.5175124501257,0.0
2021-08-02,2207795.088026641,0.0007467003242285817,1051.4549121290695,68.59557421380305,0.0
2021-08-03,2207234.258586929,-0.0003738862931411532,742.4864703461334,-1303.3159100578632,0.0
2021-08-04,2210901.1764437295,0.002444611904533526,676.1508210890235,2990.7670357112656,0.0
2021-08-05,2208647.8118308145,-0.0015022430752768226,1121.5376383915711,-3374.902251306805,0.0
2021-08-06,2210702.9942264464,0.0013701215970879717,1163.4399308556613,891.7424647762964,0.0
2021-08-07,2210915.52063684,0.00014168427359549044,1515.8423204510843,-1303.3159100578487,0.0
2021-08-08,2209589.855520707,-0.0008837767440883825,1459.315196937894,-2784.9803130704677,0.0
2021-08-09,2212235.2198825628,0.0017635762412372823,1877.0939306635935,768.2704311923299,0.0
2021-08-10,2214127.701912169,0.0012616546864040574,2852.8200685955744,-960.3380389894883,0.0
2021-08-11,2217652.601751655,0.0023499332263239555,3401.427805901963,123.47203358397019,0.0
2021-08-12,2221828.3579388387,0.002783837458122436,1829.7875490801332,2345.968638103521,0.0
2021-08-13,2225251.1151994057,0.002281838173711347,2599.6103700045273,823.1468905624934,0.0
2021-08-14,2227462.2425940083,0.0014740849297352919,3953.454979627115,-1742.327585024177,0.0
2021-08-15,2228408.9083624845,0.0006311105123173608,2812.465387084825,-1865.799618608784,0.0
2021-08-16,2228006.6723090624,-0.00026815736894810746,2080.92373310834,-2483.159786530501,0.0
2021-08-17,2236600.3889544643,0.0057291444302677765,1295.1475490801333,7298.569096321531,0.0
2021-08-18,2233368.699171089,-0.002154459855583241,1240.741655348397,-4472.431438723259,0.0
2021-08-19,2238409.5039343657,0.0033605365088510987,1240.6099518459068,3800.1948114307415,0.0
2021-08-20,2238233.4374515354,-0.00011737765522034381,3281.1504575324802,-3457.216940362996,0.0
2021-08-21,2241903.358853354,0.00244661426787938,2558.6730995596163,1111.2483022594533,0.0
2021-08-22,2242513.424235089,0.0004067102544899432,2242.6400480169023,-1632.5746662819874,0.0
2021-08-23,2249212.984140564,0.0044663732703166675,7056.256891385768,-356.69698591076667,0.0
2021-08-24,2256788.4660519115,0.005050321274231543,5421.580881041556,2153.9010303057585,0.0
2021-08-25,2256561.6444880697,-0.00015121437589448456,2023.1132703625963,-2249.934834204323,0.0
2021-08-26,2261100.435285287,0.003025860531478226,1328.517924023542,3210.272873193797,0.0
2021-08-27,2262744.181426786,0.0010958307609992815,1273.3300407457712,370.4161007531511,0.0
2021-08-28,2265052.1204848317,0.0015386260386970152,1594.5450862246369,713.3939718208858,0.0
2021-08-29,2263274.6541190255,-0.0011849775772041161,1638.5932300283987,-3416.059595834573,0.0
2021-08-30,2265589.948188252,0.0015435293794842533,1327.5178005515083,987.776268674872,0.0
2021-08-31,2268381.797757334,0.0018612330460548853,1804.0733004074577,987.7762686748702,0.0
2021-09-01,2269766.2581159524,0.0009229735724122044,1411.8985883030828,-27.43822968477616,0.0
2021-09-02,2272305.6128346417,0.0016929031457928025,7066.662616783965,-4527.307898094761,0.0
2021-09-03,2281119.7575954488,0.00587609650720484,6783.715764086101,2030.428996721159,0.0
2021-09-04,2291039.8775497642,0.006613413302876989,12115.178329149003,-2195.0583748335193,0.0
2021-09-05,2302739.226675857,0.00779956608406169,11178.02276206939,521.3263640231453,0.0
2021-09-06,2314855.2983335373,0.008077381105120381,9289.934000082314,2826.1376575982576,0.0
2021-09-07,2322029.1278894492,0.0047825530372744675,7256.144244968515,-82.31468905681322,0.0
2021-09-08,2326433.6497097015,0.0029363478801684166,1413.7547845413014,2990.767035711324,0.0
2021-09-09,2329917.3500293577,0.002322466879770466,1439.5522080915339,2044.1481115641654,0.0
2021-09-10,2327458.787243828,-0.0016390418570195386,1410.2276001152404,-3868.790385644548,0.0
2021-09-11,2329452.112894457,0.0013288837670857895,1321.0890233362143,672.2366272924701,0.0
2021-09-12,2331921.8059978574,0.0016464620689337175,1344.7256862987201,1124.967417101856,0.0
2021-09-13,2331718.344665183,-0.00013564088844953675,1401.675103922295,-1605.1364365966,0.0
2021-09-14,2336184.260896268,0.002977277487389816,1351.6771617895215,3114.239069295203,0.0
2021-09-15,2335073.817906049,-0.0007402953268123273,1413.8741408404333,-2524.317131058924,0.0
2021-09-16,2336232.2777982173,0.0007723065947787136,1487.7186483928058,-329.2587562247354,0.0
2021-09-17,2335877.1420475757,-0.00023675716709459555,1469.506523439108,-1824.6422740810012,0.0
2021-09-18,2339170.1411832715,0.0021953327571306246,1399.7612874017368,1893.2378482942004,0.0
2021-09-19,2342491.0010973895,0.002213906609412113,1413.9029509816025,1906.9569631365666,0.0
2021-09-20,2342900.786942008,0.00027319056307878784,1370.1238836070297,-960.338038988848,0.0
2021-09-21,2343303.445706464,0.00026843917630400317,1225.8056550191384,-823.1468905631336,0.0
2021-09-22,2347555.8787914813,0.0028349553900115583,1138.1940157221056,3114.239069295232,0.0
2021-09-23,2347518.8179746456,-2.4707211223930547e-05,1266.2550932213853,-1303.3159100572811,0.0
2021-09-24,2349008.429819729,0.0009930745633890382,-444.78334773840396,1934.3951928219612,0.0
2021-09-25,2349244.04581457,0.00015707732989407683,29.82927220095758,205.78672264015768,0.0
2021-09-26,2348354.5370669886,-0.0005930058317208382,619.5938851161324,-1509.1026326973897,0.0
2021-09-27,2350957.4455193356,0.0017352723015644526,1258.4351977610404,1344.4732545856386,0.0
2021-09-28,2350314.79487193,-0.0004284337649368384,139.3388986294604,-781.9895460347179,0.0
2021-09-29,2351169.2426443575,0.0005696318482847526,-23.575577506139258,878.023349933268,0.0
2021-09-30,2351801.395181982,0.0004214350250828987,275.45555171420347,356.6969859101446,0.0
2021-10-01,2351252.6831455166,-0.0003658080243099499,686.0082993785242,-1234.720335843449,0.0
2021-10-02,2352820.19765348,0.0010450096719756324,1361.727785323291,205.78672264015768,0.0
2021-10-03,2353130.4856177014,0.0002068586428141407,1394.0980367946659,-1083.8100725734548,0.0
2021-10-04,2353151.6994849825,1.4142578187321001e-05,1406.8444663950286,-1385.630599114047,0.0
2021-10-05,2355464.51725398,0.0015418785126650946,1393.6370745359511,919.180694461691,0.0
2021-10-06,2353896.9157355484,-0.0010450676789543396,1656.3904696053012,-3223.9919880368107,0.0
2021-10-07,2357830.2251427453,0.0026222062714645815,3741.2417993991025,192.0676077977696,0.0
2021-10-08,2360060.0841685506,0.0014865726838703204,2723.7471601432276,-493.88813433774703,0.0
2021-10-09,2363845.3882527314,0.0025235360561203773,1466.77367576244,2318.530408418126,0.0
2021-10-10,2362395.6825277447,-0.0009664704833245167,1472.4657365106802,-2922.1714614974553,0.0
2021-10-11,2367667.040866908,0.003514238892775742,2486.378026093757,2784.9803130698565,0.0
2021-10-12,2368878.3385579814,0.0008075317940488096,1458.2417582417586,-246.94406716854428,0.0
2021-10-13,2369629.967702869,0.0005010860965917078,1437.5848870230893,-685.9557421355275,0.0
2021-10-14,2371698.329687751,0.0013789079899213129,3934.161603490142,-1865.7996186081728,0.0
2021-10-15,2376361.387230658,0.0031087050286045846,5390.17062957018,-727.113086663303,0.0
2021-10-16,2380782.659589385,0.002947514905818248,5738.307383627609,-1317.0350249002367,0.0
2021-10-17,2388689.066932404,0.005270938228679154,6548.214973590704,1358.1923694280267,0.0
2021-10-18,2391862.4448882556,0.002115585303901126,4325.783602639558,-1152.405646787869,0.0
2021-10-19,2398050.9975916073,0.00412570180223457,4775.483874552414,1413.0688287994417,0.0
2021-10-20,2402845.2176905223,0.0031961467326099948,6673.738832366135,-1879.518733451143,0.0
2021-10-21,2415675.2686507227,0.008553367306800163,10429.205862726538,2400.845097473706,0.0
2021-10-22,2419284.573909808,0.0024062035060570084,5667.172485492037,-2057.8672264065244,0.0
2021-10-23,2423990.6124509177,0.0031373590274063044,3471.3182052653965,1234.7203358440602,0.0
2021-10-24,2429964.9602990746,0.003982898565438087,5988.066962999548,-13.719114842417184,0.0
2021-10-25,2437954.6410662476,0.005326453844781857,6480.578134474765,1509.102632698021,0.0
2021-10-26,2442850.121470961,0.003263653603142165,6953.347631120441,-2057.867226407194,0.0
2021-10-27,2451319.710857306,0.005646392924230231,5835.519336543606,2634.0700498017395,0.0
2021-10-28,2453805.6299759895,0.0016572794124553839,2129.2221327735933,356.69698590948246,0.0
2021-10-29,2458109.1975555266,0.0028690450530248364,6100.771623931624,-1797.2040443943697,0.0
2021-10-30,2463558.500344897,0.003632868526247149,5092.605803459961,356.69698591076303,0.0
2021-10-31,2466941.7800642042,0.0022555198128712804,2697.323977171393,685.9557421355275,0.0
2021-11-01,2471770.1567157786,0.00321891776771626,3799.4430383723643,1028.9336132020253,0.0
2021-11-02,2476160.316694926,0.0029267733194316293,6996.791799261911,-2606.6318201144677,0.0
2021-11-03,2480938.289068196,0.0031853149155133013,5052.354670123884,-274.3822968539316,0.0
2021-11-04,2488071.80187938,0.004755675207455881,6790.534940116064,342.9778710677565,0.0
2021-11-05,2492667.9913348686,0.0030641263036589607,4362.964503162256,233.2249523261853,0.0
2021-11-06,2498431.9209062825,0.003842619714276129,5736.491341729432,27.43822968476161,0.0
2021-11-07,2502127.199950335,0.0024635193627017197,4587.02150882825,-891.7424647756707,0.0
2021-11-08,2506430.995901687,0.002869197300901115,4605.616477891646,-301.8205265399738,0.0
2021-11-09,2505353.001361894,-0.0007186630265286162,1981.3680701321152,-3059.3626099250396,0.0
2021-11-10,2514649.837128999,0.006197890511403502,4508.864686998395,4787.971080106858,0.0
2021-11-11,2515899.286540861,0.0008329662745744402,2731.113814874265,-1481.6644030126045,0.0
2021-11-12,2519968.865775609,0.002713052823165351,1943.11643412767,2126.4628006203566,0.0
2021-11-13,2524180.35553429,0.002807659839120577,1920.3975799481418,2291.0921787327243,0.0
2021-11-14,2526599.4827242033,0.0016127514599423728,1911.519940733424,507.6072491801351,0.0
2021-11-15,2526000.8272900614,-0.0003991036227612576,3654.2701670988195,-4252.925601240706,0.0
2021-11-16,2528254.66258564,0.0015025568637190884,2240.116180735619,13.719114843013813,0.0
2021-11-17,2534665.36623904,0.0042738024356000544,1732.4854920360538,4678.218161364028,0.0
2021-11-18,2536293.0020239786,0.0010850905232924354,1764.8269333662593,-137.1911484276061,0.0
2021-11-19,2536717.3561966484,0.0002829027817797393,1645.3553936700005,-1221.0012210003915,0.0
2021-11-20,2541406.5935510546,0.003126158236270721,1767.0658929085896,2922.1714614974917,0.0
2021-11-21,2541151.0215325607,-0.00017038134566243812,1816.0143227558956,-2071.586341249553,0.0
2021-11-22,2543754.6131968265,0.0017357277761771072,1753.00654401778,850.5851202478807,0.0
2021-11-23,2544681.9197230097,0.0006182043507888731,1681.857842532,-754.5513163486903,0.0
2021-11-24,2544026.705773413,-0.0004368092997308228,1786.7884924064697,-2442.002442002704,0.0
2021-11-25,2548245.4175036685,0.0028124744868367373,3230.935461579619,987.7762686754868,0.0
2021-11-26,2548703.4439952783,0.0003053509944065627,3928.9625468164795,-3470.9360552066355,0.0
2021-11-27,2556210.8152756835,0.005004914186936831,1663.0283574103798,5844.342922994867,0.0
2021-11-28,2557100.6356924702,0.0005932136111912021,1685.5290776639092,-795.708660877106,0.0
2021-11-29,2555850.965637183,-0.0008331133701918264,1768.535210108244,-3018.2052653959836,0.0
2021-11-30,2560560.139858691,0.0031394494810055296,2390.6438130907795,2318.530408417515,0.0
2021-12-01,2561999.128725629,0.0009593259112920987,2303.293102029057,-864.3042350909091,0.0
2021-12-02,2560402.225129849,-0.0010646023971866319,1887.7515742684282,-3484.655170048376,0.0
2021-12-03,2563447.8039782676,0.0020303858989458253,2016.645235214224,1028.9336132045137,0.0
2021-12-04,2570897.447824695,0.004966429230951697,1536.7053492200685,5912.938497207477,0.0
2021-12-05,2572756.0270731617,0.0012390528323111647,1693.9498703543647,164.62937811238226,0.0
2021-12-06,2570998.9596711495,-0.0011713782680082855,1727.5877680372064,-3484.6551700496348,0.0
2021-12-07,2577015.993411942,0.004011355827194894,1613.1978762810222,4403.8358645113185,0.0
2021-12-08,2576647.976784374,-0.0002453444183784921,1772.165287895625,-2140.181915463363,0.0
2021-12-09,2579351.6164655425,0.0018024264541121448,1825.616331234309,878.0233499339083,0.0
2021-12-10,2581283.5471483427,0.0012879537885336686,1067.6264477095938,864.3042350909091,0.0
2021-12-11,2583669.0942824194,0.0015903647560511851,1534.9620138288678,850.5851202479098,0.0
2021-12-12,2583102.0256456872,-0.00037804575782134954,1682.8661974729391,-2249.9348342049634,0.0
2021-12-13,2583593.357788751,0.0003275547620423528,463.89391337750885,27.43822968602035,0.0
2021-12-14,2585386.385760517,0.0011953519811773458,764.0943585627856,1028.933613203233,0.0
2021-12-15,2587975.1841032472,0.0017258655618202234,1587.3029592130717,1001.4953835172637,0.0
2021-12-16,2586800.521639294,-0.0007831083093019963,1281.0590928921267,-2455.721556845121,0.0
2021-12-17,2588265.1880590175,0.0009764442798155878,1629.2957978351237,-164.62937811174197,0.0
2021-12-18,2592414.656409842,0.0027663122338830158,1350.7689229122936,2798.69942791223,0.0
2021-12-19,2593503.6886696545,0.0007260215065416584,1322.257212138673,-233.2249523261853,0.0
2021-12-20,2594226.3471597284,0.0004817723267160645,1614.4009548503932,-891.7424647762964,0.0
2021-12-21,2595094.893345129,0.0005790307902669954,1623.0975017491871,-754.551316348694,0.0
2021-12-22,2595306.5984939127,0.00014113676585569571,1652.2122072683871,-1440.5070584848436,0.0
2021-12-23,2597749.0441358993,0.0016282970946576549,1276.3208803555995,1166.1247616308829,0.0
2021-12-24,2598371.0591994864,0.0004146767090581243,1692.1060213195046,-1070.0909577323182,0.0
2021-12-25,2601490.1781579317,0.0020794126389635744,1664.8927851175042,1454.2261733278574,0.0
2021-12-26,2602242.2106447956,0.0005013549912427863,1684.9322961682512,-932.8998093040718,0.0
2021-12-27,2604860.8055330534,0.0017457299255052544,1671.975964110796,946.6189241470856,0.0
2021-12-28,2603990.1291532535,-0.00058045091986682,912.80854975237,-1783.4849295526,0.0
2021-12-29,2606493.977584473,0.0016692322874795867,1296.5663250607072,1207.2821061586728,0.0
2021-12-30,2608702.905344004,0.0014726185063542974,919.3309643165823,1289.596795214864,0.0
2021-12-31,2608416.015157973,-0.00019126012402070403,906.672805284603,-1193.562991315659,0.0
2022-01-01,2609092.0972531554,0.00045072139678827824,1512.9481005885502,-836.8660054061329,0.0
2022-01-02,2612883.6007535877,0.0025276690002882826,663.5453162941927,3127.9581841382314,0.0
2022-01-03,2613246.079949923,0.00024165279755657593,1020.9967087843493,-658.5175124494854,0.0
2022-01-04,2614534.608026091,0.0008590187174452161,1549.1912581800225,-260.6631820121984,0.0
2022-01-05,2612909.8258170392,-0.0010831881393676488,1558.052434456929,-3182.834643508402,0.0
2022-01-06,2617309.8636746625,0.002933358571748872,956.5400321027289,3443.4978255205788,0.0
2022-01-07,2618595.0720042223,0.0008568055530400084,1024.5451475490802,260.66318201093236,0.0
2022-01-08,2619773.508299513,0.0007856241968602437,1315.6274437173313,-137.1911484269658,0.0
2022-01-09,2618777.0303661604,-0.0006643186222350431,347.99532123307404,-1344.4732545856386,0.0
2022-01-10,2619120.446474459,0.00022894407219924907,-836.4277681743973,1179.843876473271,0.0
2022-01-11,2619426.1759197954,0.0002038196302240107,799.6175796737595,-493.8881343377434,0.0
2022-01-12,2620312.699819316,0.0005910159330141326,-828.3654558175908,1714.8893553387898,0.0
2022-01-13,2618968.6610589754,-0.0008960258402272332,288.53590594174864,-1632.5746662825986,0.0
2022-01-14,2617893.2666470455,-0.0007169296079533281,831.5625512065963,-1906.9569631365885,0.0
2022-01-15,2621322.384583691,0.0022860786244300736,1343.812480553155,2085.3054560919554,0.0
2022-01-16,2623139.559428871,0.0012114498967868233,939.1514952463268,878.0233499339083,0.0
2022-01-17,2621730.725683964,-0.0009392224966048832,45.39242842051828,-1454.2261733278428,0.0
2022-01-18,2622237.53866499,0.0003378753206843533,932.1055411504849,-425.2925601239549,0.0
2022-01-19,2622289.015346611,3.431778774703897e-05,792.3088831268607,-740.8322015063022,0.0
2022-01-20,2624490.713773028,0.001467798950944864,1268.798617113224,932.8998093040718,0.0
2022-01-21,2625028.2405162477,0.0003583511621463545,71.07683856717566,466.44990465235605,0.0
2022-01-22,2624588.5599180944,-0.0002931203987689516,932.2308861176277,-1371.911484271055,0.0
2022-01-23,2625747.0384550877,0.0007723190246621302,-282.0285214909934,1440.5070584841887,0.0
2022-01-24,2624647.8402001592,-0.0007327988366188406,286.43234418515317,-1385.630599113414,0.0
2022-01-25,2626131.3840398653,0.0009890292264707113,-11.839678149565799,1495.3835178556328,0.0
2022-01-26,2625023.176339875,-0.0007388051333269161,-1080.7694703049758,-27.438229685398255,0.0
2022-01-27,2623123.176339875,-0.0012666666666666666,0.0,0.0,1900.0
2022-01-28,2623123.176339875,0.0,0.0,0.0,0.0
2022-01-29,2623123.176339875,0.0,0.0,0.0,0.0
2022-01-30,2623123.176339875,0.0,0.0,0.0,0.0
2022-01-31,2623123.176339875,0.0,0.0,0.0,0.0
2022-02-01,2623123.176339875,0.0,0.0,0.0,0.0
2022-02-02,2623123.176339875,0.0,0.0,0.0,0.0
2022-02-03,2623123.176339875,0.0,0.0,0.0,0.0
2022-02-04,2623123.176339875,0.0,0.0,0.0,0.0
2022-02-05,2623123.176339875,0.0,0.0,0.0,0.0
2022-02-06,2623123.176339875,0.0,0.0,0.0,0.0
2022-02-07,2623123.176339875,0.0,0.0,0.0,0.0
2022-02-08,2622714.351929454,-0.0002725496069473405,832.6580771288637,658.5175124501257,1900.0
2022-02-09,2623768.1940968,0.000702561444897391,724.5834111207145,329.25875622537205,0.0
2022-02-10,2624064.77242444,0.00019771888509317873,-183.59069185496148,480.1690194947296,0.0
2022-02-11,2623340.9088761285,-0.00048257569887429427,-257.41364365971106,-466.4499046517303,0.0
2022-02-12,2624600.061583595,0.000839435138311091,1204.276248096473,54.8764593701635,0.0
2022-02-13,2624842.3154420964,0.0001615025723342155,201.09651397291844,41.15734452840479,0.0
2022-02-14,2624845.4808437233,2.1102677513783874e-06,1004.6607851449425,-1001.4953835178749,0.0
2022-02-15,2625216.8383122724,0.00024757164569943146,275.3236646499568,96.03380389919039,0.0
2022-02-16,2625031.797635097,-0.00012336045145002936,1310.3428406799194,-1495.3835178549634,0.0
2022-02-17,2626721.187650325,0.0011262600101515482,701.6137465530725,987.7762686742499,0.0
2022-02-18,2627193.271748499,0.00031472273211629074,-378.50102207405575,850.5851202484919,0.0
2022-02-19,2627631.0404733075,0.00029184581653889146,835.6230552468757,-397.85433043853845,0.0
2022-02-20,2629053.961891589,0.0009486142788546119,201.9201972808714,1221.0012210010464,0.0
2022-02-21,2628423.4578721626,-0.00042033601295087626,0.5752633384094332,-631.0792827647238,0.0
2022-02-22,2628371.4118769094,-3.4697330168696206e-05,112.58338285933795,-164.62937811238226,0.0
2022-02-23,2627826.273962215,-0.00036342527646308334,58.5031383847114,-603.6410530793364,0.0
2022-02-24,2628774.59226955,0.0006322122048902213,-382.43583240729305,1330.7541397426248,0.0
2022-02-25,2628621.817578574,-0.00010184979398409193,1068.2265300242827,-1221.0012210004206,0.0
2022-02-26,2630912.8082358567,0.001527327104854901,1138.5850104951228,1152.4056467872288,0.0
2022-02-27,2631269.1145295,0.0002375375290955901,781.5988537679549,-425.2925601245697,0.0
2022-02-28,2629891.3780340482,-0.0009184909969676526,-664.3425236311753,-713.3939718203037,0.0
2022-03-01,2631065.754843256,0.000782917872805128,1201.8150388936906,-27.43822968599852,0.0
2022-03-02,2632208.1222137134,0.0007615782469715529,1224.6820595135205,-82.31468905619113,0.0
2022-03-03,2632200.22549121,-5.26448166885469e-06,1213.104498497757,-1221.001221001039,0.0
2022-03-04,2634998.779496506,0.001865702670197097,1165.9793390130467,1632.5746662825986,0.0
2022-03-05,2636502.6080075707,0.0010025523407097578,351.4228642767968,1152.40564678784,0.0
2022-03-06,2636316.5395450713,-0.00012404564166628205,156.90940856895915,-342.9778710683822,0.0
2022-03-07,2637174.2104520425,0.0005717806046474822,404.9401171612408,452.7307898099825,0.0
2022-03-08,2636609.513079801,-0.0003764649148274467,340.76420737814004,-905.4615796193102,0.0
2022-03-09,2636438.5717015793,-0.00011396091881460219,926.5878091945508,-1097.529187416454,0.0
2022-03-10,2637051.136069334,0.0004083762451698264,434.21587479935806,178.34849295538152,0.0
2022-03-11,2638115.987662672,0.0007099010622254144,173.10912856182514,891.7424647762964,0.0
2022-03-12,2638450.590727522,0.0002230687099000094,746.1765101315664,-411.57344528155227,0.0
2022-03-13,2639070.446942144,0.0004132374764145884,331.75480292491534,288.10141169696726,0.0
2022-03-14,2640390.9508858407,0.0008803359624643222,332.7276750216077,987.7762686748756,0.0
2022-03-15,2638600.4219327467,-0.00119368596872942,171.30446941323348,-1961.8334225073631,0.0
2022-03-16,2639464.5188532164,0.0005760646136466634,877.8160353130016,-13.719114843006537,0.0
2022-03-17,2641387.711016858,0.0012821281090945535,1141.2026176071122,781.9895460347179,0.0
2022-03-18,2642375.1378528187,0.0006582845573069124,795.3592281625989,192.0676077977696,0.0
2022-03-19,2643104.1839627638,0.0004860307399634127,1209.2151294398486,-480.1690194947296,0.0
2022-03-20,2644510.352076797,0.0009374454093554061,1214.1005062353377,192.06760779777142,0.0
2022-03-21,2645564.198230643,0.0007025641025639699,1177.3181874305471,-123.47203358459228,0.0
2022-03-22,2646890.4538726294,0.0008841704279909879,1189.0644935588757,137.1911484276061,0.0
2022-03-23,2647772.5333963013,0.000588053015781391,607.6972268181258,274.3822968539607,0.0
2022-03-24,2647555.8724365123,-0.00014444063985955146,757.3961940431603,-974.0571538324875,0.0
2022-03-25,2649398.3042868096,0.0012282879001982942,1279.9481417458946,562.4837085515464,0.0
2022-03-26,2650323.9209093004,0.0006170777483274946,1062.8077709182205,-137.19114842697854,0.0
2022-03-27,2651678.425370071,0.0009030029738469746,284.413503038784,1070.090957731678,0.0
2022-03-28,2651799.8436521627,8.094552139444705e-05,1356.138617936371,-1234.7203358447005,0.0
2022-03-29,2651240.6265167138,-0.00037281142363246273,1292.863368317076,-1852.0805037657701,0.0
2022-03-30,2655685.208152307,0.0029630544237288195,1398.9381405111742,3045.643495082055,0.0
2022-03-31,2655980.892118777,0.00019712264431349014,1393.2131538873114,-1097.5291874170762,0.0
2022-04-01,2656467.137334237,0.0003241634769727878,1350.5494505494505,-864.3042350902688,0.0
2022-04-02,2658972.657906049,0.0016703470478746962,1421.7104992385894,1083.8100725734548,0.0
2022-04-03,2660170.2241350757,0.0007983774860180685,1417.0720665102688,-219.50583748316603,0.0
2022-04-04,2662016.937754041,0.0012311424126435083,1105.8814174589456,740.8322015063168,0.0
2022-04-05,2662379.666578999,0.00024181921663872543,1350.5050936329587,-987.7762686748706,0.0
2022-04-06,2664403.194391897,0.0013490185419320958,47.97527554842165,1975.5525373497221,0.0
2022-04-07,2664253.1716782562,-0.00010001514242709087,151.79781289871175,-301.82052653934807,0.0
2022-04-08,2664729.9681963446,0.00031786434539227446,-140.5636498333128,617.3601679217245,0.0
2022-04-09,2664561.745782055,-0.00011214827619315428,1313.4419887228876,-1481.664403012619,0.0
2022-04-10,2665599.3346366463,0.0006917259030610189,1161.060888175495,-123.47203358396655,0.0
2022-04-11,2669111.004420845,0.002341113189465531,1083.3864570385917,2428.2833271597046,0.0
2022-04-12,2665767.392477806,-0.002229074628692376,-956.4859604066346,-2387.125982631929,0.0
2022-04-13,2665490.722519101,-0.00018444663913679763,-660.8051743013541,384.13521559615765,0.0
2022-04-14,2666067.8287909315,0.00038473751455355863,14.622563279417221,562.4837085509207,0.0
2022-04-15,2665957.8327936204,-7.333066487417144e-05,-672.4797058621779,562.4837085509207,0.0
2022-04-16,2664057.8327936204,-0.0012666666666666666,0.0,0.0,1900.0
2022-04-17,2664057.8327936204,0.0,0.0,0.0,0.0
2022-04-18,2664057.8327936204,0.0,0.0,0.0,0.0
2022-04-19,2664057.8327936204,0.0,0.0,0.0,0.0
2022-04-20,2664057.8327936204,0.0,0.0,0.0,0.0
2022-04-21,2664057.8327936204,0.0,0.0,0.0,0.0
2022-04-22,2664057.8327936204,0.0,0.0,0.0,0.0
2022-04-23,2664057.8327936204,0.0,0.0,0.0,0.0
2022-04-24,2664057.8327936204,0.0,0.0,0.0,0.0
2022-04-25,2664057.8327936204,0.0,0.0,0.0,0.0
2022-04-26,2664057.8327936204,0.0,0.0,0.0,0.0
2022-04-27,2664057.8327936204,0.0,0.0,0.0,0.0
2022-04-28,2664057.8327936204,0.0,0.0,0.0,0.0
2022-04-29,2664057.8327936204,0.0,0.0,0.0,0.0
2022-04-30,2664057.8327936204,0.0,0.0,0.0,0.0
2022-05-01,2664057.8327936204,0.0,0.0,0.0,0.0
2022-05-02,2664057.8327936204,0.0,0.0,0.0,0.0
2022-05-03,2664057.8327936204,0.0,0.0,0.0,0.0
2022-05-04,2664057.8327936204,0.0,0.0,0.0,0.0
2022-05-05,2663518.6702083903,-0.000359441723486547,1209.9271515001853,150.91026326999418,1900.0
2022-05-06,2664119.040645344,0.00040024695796925973,-373.68671687862707,974.0571538325166,0.0
2022-05-07,2664506.254551039,0.0002581426037968271,853.6638103469564,-466.44990465171577,0.0
2022-05-08,2664584.37350866,5.2079305080672836e-05,1079.6143411395099,-1001.4953835185006,0.0
2022-05-09,2665799.0370856454,0.0008097757179899511,1008.8768543441578,205.78672264076886,0.0
2022-05-10,2667551.8517571418,0.0011685431143307803,792.4766325060708,960.3380389900994,0.0
2022-05-11,2668101.659435044,0.0003665384519350305,810.4708599141184,-260.66318201157264,0.0
2022-05-12,2664225.7694428638,-0.0025839266614536495,-3628.9459250113186,-246.94406716915546,0.0
2022-05-13,2662681.0812093373,-0.001029792155684239,-748.9795726495726,-795.7086608767859,0.0
2022-05-14,2660781.0812093373,-0.0012666666666666666,0.0,0.0,1900.0
2022-05-15,2660781.0812093373,0.0,0.0,0.0,0.0
2022-05-16,2660781.0812093373,0.0,0.0,0.0,0.0
2022-05-17,2660781.0812093373,0.0,0.0,0.0,0.0
2022-05-18,2660781.0812093373,0.0,0.0,0.0,0.0
2022-05-19,2660781.0812093373,0.0,0.0,0.0,0.0
2022-05-20,2658494.370698437,-0.0015244736739331666,738.2569062024119,-1124.9674171021616,1900.0
2022-05-21,2659079.3043634985,0.0003899557767076555,187.07933462293016,397.854330438553,0.0
2022-05-22,2660611.689977086,0.001021590409058292,530.890230069556,1001.4953835178821,0.0
2022-05-23,2660684.1118124295,4.828122356217273e-05,840.6922665349632,-768.2704311917041,0.0
2022-05-24,2660669.2957315687,-9.877387240373386e-06,-453.8277558271941,439.011674966634,0.0
2022-05-25,2661093.5667817676,0.00028284736679906847,479.1475095690827,-54.876459370480006,0.0
2022-05-26,2660777.330722995,-0.00021082403918182524,-28.134647075770626,-288.10141169696726,0.0
2022-05-27,2662001.318252731,0.0008159916864906802,373.4024094881398,850.5851202478807,0.0
2022-05-28,2661722.5669308943,-0.00018583421455777238,462.08087966964365,-740.8322015063022,0.0
2022-05-29,2661713.7462191465,-5.880474498455404e-06,334.15715932008067,-342.9778710677638,0.0
2022-05-30,2663151.933381348,0.0009587914414674205,450.4108935259497,987.7762686751812,0.0
2022-05-31,2663542.418750872,0.00026032357968290494,760.9014702775377,-370.4161007531802,0.0
2022-06-01,2663394.9437539587,-9.831666460884715e-05,799.1439272338149,-946.6189241470856,0.0
2022-06-02,2664183.7219230058,0.0005258521126978926,-6.930491830267113,795.708660877106,0.0
2022-06-03,2664526.683696476,0.00022864118231338427,452.71469221165853,-109.7529187415821,0.0
2022-06-04,2665429.479377698,0.0006018637874817684,559.8178101548889,342.9778710677638,0.0
2022-06-05,2665665.2576850336,0.00015718553822360775,359.2503409200039,-123.47203358459228,0.0
2022-06-06,2666316.0159926442,0.00043383887174004547,733.0729966662552,-82.31468905618704,0.0
2022-06-07,2666412.472667679,6.430445002362069e-05,206.2095937770095,-109.75291874157847,0.0
2022-06-08,2667043.7585249185,0.0004208572381592891,672.443201767022,-41.15734452808829,0.0
2022-06-09,2667887.885580522,0.000562751370402456,624.6212181202069,219.50583748347708,0.0
2022-06-10,2667975.243781397,5.823880058339504e-05,224.54934930238306,-137.1911484272905,0.0
2022-06-11,2667292.194975646,-0.0004553658705006513,-943.7119877625496,260.66318201157264,0.0
2022-06-12,2666456.9500546,-0.0005568299473643313,-478.54793513602505,-356.696985910472,0.0
2022-06-13,2666094.3870440773,-0.00024170867368173584,-74.46159882564376,-288.10141169696,0.0
2022-06-14,2664194.3870440773,-0.0012666666666666666,0.0,0.0,1900.0
2022-06-15,2664194.3870440773,0.0,0.0,0.0,0.0
2022-06-16,2664194.3870440773,0.0,0.0,0.0,0.0
2022-06-17,2664194.3870440773,0.0,0.0,0.0,0.0
2022-06-18,2664194.3870440773,0.0,0.0,0.0,0.0
2022-06-19,2664194.3870440773,0.0,0.0,0.0,0.0
2022-06-20,2664194.3870440773,0.0,0.0,0.0,0.0
2022-06-21,2664194.3870440773,0.0,0.0,0.0,0.0
2022-06-22,2664194.3870440773,0.0,0.0,0.0,0.0
2022-06-23,2664194.3870440773,0.0,0.0,0.0,0.0
2022-06-24,2664194.3870440773,0.0,0.0,0.0,0.0
2022-06-25,2664194.3870440773,0.0,0.0,0.0,0.0
2022-06-26,2664194.3870440773,0.0,0.0,0.0,0.0
2022-06-27,2664194.3870440773,0.0,0.0,0.0,0.0
2022-06-28,2664194.3870440773,0.0,0.0,0.0,0.0
2022-06-29,2664194.3870440773,0.0,0.0,0.0,0.0
2022-06-30,2664194.3870440773,0.0,0.0,0.0,0.0
2022-07-01,2664194.3870440773,0.0,0.0,0.0,0.0
2022-07-02,2664194.3870440773,0.0,0.0,0.0,0.0
2022-07-03,2664194.3870440773,0.0,0.0,0.0,0.0
2022-07-04,2664194.3870440773,0.0,0.0,0.0,0.0
2022-07-05,2664194.3870440773,0.0,0.0,0.0,0.0
2022-07-06,2664194.3870440773,0.0,0.0,0.0,0.0
2022-07-07,2664194.3870440773,0.0,0.0,0.0,0.0
2022-07-08,2664194.3870440773,0.0,0.0,0.0,0.0
2022-07-09,2662367.9180941386,-0.0012176459666259018,183.28396880273286,-109.75291874158575,1900.0
2022-07-10,2662762.017921552,0.00026273321827566536,352.9424828854043,41.157344528093745,0.0
2022-07-11,2662982.4057673765,0.00014692523054970127,179.23050129645634,41.157344528095564,0.0
2022-07-12,2662793.5038349014,-0.00012593462164983284,-92.86812857554432,-96.03380389920494,0.0
2022-07-13,2662364.6961615263,-0.00028587178225018085,-716.9090850722313,288.10141169696,0.0
2022-07-14,2662288.1731707593,-5.1015327177916126e-05,-254.87148372227026,178.34849295539607,0.0
2022-07-15,2660388.1731707593,-0.0012666666666666666,0.0,0.0,1900.0
2022-07-16,2660388.1731707593,0.0,0.0,0.0,0.0
2022-07-17,2660388.1731707593,0.0,0.0,0.0,0.0
2022-07-18,2660388.1731707593,0.0,0.0,0.0,0.0
2022-07-19,2660388.1731707593,0.0,0.0,0.0,0.0
2022-07-20,2660388.1731707593,0.0,0.0,0.0,0.0
2022-07-21,2658346.0129589364,-0.001361440141215163,626.1102193686464,-768.2704311913913,1900.0
2022-07-22,2658568.062532409,0.00014803304898164212,633.62301875403,-411.5734452815668,0.0
2022-07-23,2659950.480089035,0.0009216117044171629,463.2368621640532,919.180694461691,0.0
2022-07-24,2660464.1278644805,0.0003424318502970922,637.1198090299214,-123.47203358428305,0.0
2022-07-25,2659833.647434798,-0.00042032028645514196,357.29583899246825,-987.7762686751812,0.0
2022-07-26,2660935.849028959,0.000734801062773915,471.1223113964687,631.0792827644036,0.0
2022-07-27,2661797.0032949178,0.0005741028439725486,243.79409803679465,617.3601679220283,0.0
2022-07-28,2661701.8447705456,-6.343901624794497e-05,673.1119068197721,-768.2704311916896,0.0
2022-07-29,2662973.811131276,0.0008479775738203386,709.4826521792816,562.4837085512263,0.0
2022-07-30,2662385.681192738,-0.00039208662569215205,591.7139379347245,-1179.8438764729526,0.0
2022-07-31,2663522.5024205986,0.000757880818573652,464.5846005679714,672.2366272925065,0.0
2022-08-01,2664356.6186220497,0.0005560774676341811,600.8912491254065,233.22495232586516,0.0
2022-08-02,2665118.372947001,0.0005078362166341056,295.3044202988023,466.44990465235605,0.0
2022-08-03,2665349.6852601813,0.00015420820878676053,94.12116475285016,137.1911484272906,0.0
2022-08-04,2665512.728564293,0.00010869553607452936,355.11091190956364,-192.0676077977696,0.0
2022-08-05,2666094.93312727,0.0003881363753182066,609.6427926630174,-27.438229685707483,0.0
2022-08-06,2665328.2211875245,-0.0005111412931637089,714.9524632670701,-1481.6644030126336,0.0
2022-08-07,2667040.122331973,0.001141267429632314,243.9558562785529,1467.945288169918,0.0
2022-08-08,2667568.2930766465,0.00035211382978241865,267.50756266205707,260.6631820115708,0.0
2022-08-09,2667384.3053942164,-0.00012265845495330866,-211.42591211535034,27.43822968538734,0.0
2022-08-10,2666956.962230863,-0.00028489544223567035,-84.36529228574176,-342.9778710677638,0.0
2022-08-11,2666833.16531149,-8.253127958192196e-05,411.24855949294147,-535.0454788658244,0.0
2022-08-12,2667948.410860324,0.0007434970325556638,415.5706918549615,699.6748569785341,0.0
2022-08-13,2668391.512639693,0.0002954011862458916,388.2253199983537,54.876459370483644,0.0
2022-08-14,2668543.9240135252,0.000101607582554873,317.0407519446845,-164.62937811237498,0.0
2022-08-15,2668341.685778352,-0.00013482549011537774,-202.2382351730666,0.0,0.0
2022-08-16,2667990.9794703033,-0.00023380420536599537,5.990677861464386,-356.69698591045744,0.0
2022-08-17,2668939.158651958,0.0006321194544366345,426.85281763180643,521.3263640231453,0.0
2022-08-18,2669061.500673607,8.156134776579143e-05,383.0052036602598,-260.66318201157264,0.0
2022-08-19,2669265.1516126804,0.00013576729271573914,423.15677655677655,-219.50583748316785,0.0
2022-08-20,2669551.9217688036,0.00019118010408220932,39.82608895474064,246.94406716857338,0.0
2022-08-21,2669984.983510308,0.00028870782766950083,-115.7028522039758,548.764593708227,0.0
2022-08-22,2669973.591754673,-7.5945037566229796e-06,194.3949670055288,-205.78672264046327,0.0
2022-08-23,2669419.352752327,-0.0003694926682305796,-101.50821253652714,-452.73078980934224,0.0
2022-08-24,2669971.817662124,0.0003683099398644838,-243.24375108038035,795.708660877106,0.0
2022-08-25,2669285.7616799036,-0.0004573706548134678,-192.16784788245462,-493.88813433774703,0.0
2022-08-26,2667385.7616799036,-0.0012666666666666666,0.0,0.0,1900.0
2022-08-27,2667385.7616799036,0.0,0.0,0.0,0.0
2022-08-28,2667385.7616799036,0.0,0.0,0.0,0.0
2022-08-29,2667385.7616799036,0.0,0.0,0.0,0.0
2022-08-30,2667385.7616799036,0.0,0.0,0.0,0.0
2022-08-31,2667385.7616799036,0.0,0.0,0.0,0.0
2022-09-01,2667385.7616799036,0.0,0.0,0.0,0.0
2022-09-02,2667385.7616799036,0.0,0.0,0.0,0.0
2022-09-03,2667385.7616799036,0.0,0.0,0.0,0.0
2022-09-04,2667385.7616799036,0.0,0.0,0.0,0.0
2022-09-05,2667385.7616799036,0.0,0.0,0.0,0.0
2022-09-06,2667385.7616799036,0.0,0.0,0.0,0.0
2022-09-07,2667385.7616799036,0.0,0.0,0.0,0.0
2022-09-08,2667385.7616799036,0.0,0.0,0.0,0.0
2022-09-09,2667385.7616799036,0.0,0.0,0.0,0.0
2022-09-10,2667385.7616799036,0.0,0.0,0.0,0.0
2022-09-11,2667385.7616799036,0.0,0.0,0.0,0.0
2022-09-12,2667385.7616799036,0.0,0.0,0.0,0.0
2022-09-13,2667385.7616799036,0.0,0.0,0.0,0.0
2022-09-14,2667385.7616799036,0.0,0.0,0.0,0.0
2022-09-15,2667385.7616799036,0.0,0.0,0.0,0.0
2022-09-16,2667385.7616799036,0.0,0.0,0.0,0.0
2022-09-17,2667385.7616799036,0.0,0.0,0.0,0.0
2022-09-18,2667385.7616799036,0.0,0.0,0.0,0.0
2022-09-19,2667385.7616799036,0.0,0.0,0.0,0.0
2022-09-20,2667385.7616799036,0.0,0.0,0.0,0.0
2022-09-21,2667385.7616799036,0.0,0.0,0.0,0.0
2022-09-22,2667385.7616799036,0.0,0.0,0.0,0.0
2022-09-23,2667385.7616799036,0.0,0.0,0.0,0.0
2022-09-24,2667385.7616799036,0.0,0.0,0.0,0.0
2022-09-25,2667385.7616799036,0.0,0.0,0.0,0.0
2022-09-26,2667385.7616799036,0.0,0.0,0.0,0.0
2022-09-27,2667385.7616799036,0.0,0.0,0.0,0.0
2022-09-28,2667385.7616799036,0.0,0.0,0.0,0.0
2022-09-29,2667385.7616799036,0.0,0.0,0.0,0.0
2022-09-30,2667385.7616799036,0.0,0.0,0.0,0.0
2022-10-01,2667385.7616799036,0.0,0.0,0.0,0.0
2022-10-02,2667385.7616799036,0.0,0.0,0.0,0.0
2022-10-03,2667385.7616799036,0.0,0.0,0.0,0.0
2022-10-04,2667385.7616799036,0.0,0.0,0.0,0.0
2022-10-05,2665812.815737469,-0.0010486306282897308,-15.923813502352825,342.9778710677565,1900.0
2022-10-06,2665699.3028154355,-7.567528135603973e-05,119.71203029180558,-233.22495232586516,0.0
2022-10-07,2665765.5927895056,4.419331604706562e-05,107.44731859900399,-41.15734452840556,0.0
2022-10-08,2666315.057759392,0.0003663099799242688,398.55470661672916,150.91026326967403,0.0
2022-10-09,2666393.682020275,5.241617392195702e-05,10.028686669136116,68.59557421379941,0.0
2022-10-10,2666298.6620726828,-6.334663172848762e-05,179.36234926122566,-274.3822968539571,0.0
2022-10-11,2666469.5969110024,0.00011395655888000424,266.968642219204,-96.03380389919766,0.0
2022-10-12,2666582.079520652,7.498840643315907e-05,139.9208393354461,-27.438229685707483,0.0
2022-10-13,2666196.300841529,-0.00025718578608218936,-358.34044943820226,-27.43822968508175,0.0
2022-10-14,2666936.9255551416,0.0004937498090754193,356.489498017588,384.135215595541,0.0
2022-10-15,2667320.510076414,0.0002557230141812249,81.76399473185988,301.82052653997744,0.0
2022-10-16,2667162.6078937026,-0.00010526812180735688,-6.991919441357644,-150.91026326967767,0.0
2022-10-17,2666833.3004565705,-0.0002195382914215451,178.29981204812665,-507.60724918044434,0.0
2022-10-18,2667659.308026229,0.0005506717131060128,373.27677984936406,452.7307898096551,0.0
2022-10-19,2668046.753722954,0.00025829713114995,373.72658188253695,13.71911484238808,0.0
2022-10-20,2667889.1009379737,-0.00010510185665363378,34.41482281763181,-192.06760779808246,0.0
2022-10-21,2667788.0644514393,-6.735765768978416e-05,255.6604993757803,-356.69698591045653,0.0
2022-10-22,2668164.813263776,0.00025116587489098477,-34.82463294508238,411.57344528155954,0.0
2022-10-23,2668076.5500880745,-5.88421171340183e-05,240.9955805243446,-329.25875622537205,0.0
2022-10-24,2668825.859883111,0.0004995398633577649,310.29812006969314,439.01167496695416,0.0
2022-10-25,2668988.039259303,0.00010811958412779927,-2.4500019206760735,164.62937811237498,0.0
2022-10-26,2668886.598287441,-6.762731457466411e-05,351.2898179473461,-452.73078980934224,0.0
2022-10-27,2669250.8569791857,0.00024283912783004588,213.34842847539477,150.91026326967403,0.0
2022-10-28,2668981.7993561598,-0.00017937174868405315,169.95405194056883,-439.01167496664857,0.0
2022-10-29,2669858.8384693563,0.0005846927421311403,520.3421272859474,356.69698591076303,0.0
2022-10-30,2670637.5124266353,0.0005191159715190118,600.3254643234419,178.34849295507593,0.0
2022-10-31,2670767.430764976,8.661222556046584e-05,349.42417582417585,-219.50583748347708,0.0
2022-11-01,2670854.7444250984,5.820910674854171e-05,-77.31571798987528,164.62937811268785,0.0
2022-11-02,2671072.6525827586,0.00014527210510658717,355.09930608717127,-137.1911484272905,0.0
2022-11-03,2671390.441761944,0.0002118594527902586,-340.7283332647377,658.5175124501257,0.0
2022-11-04,2671372.096788902,-1.2229982027893356e-05,434.3858167675022,-452.73078980934224,0.0
2022-11-05,2671689.1575947627,0.00021137387057389563,371.93726523164725,-54.876459370803786,0.0
2022-11-06,2672414.068275094,0.00048327378688733567,491.6857280048291,233.2249523261744,0.0
2022-11-07,2672624.1593595897,0.00014006072299717356,264.96754386686973,-54.87645937110938,0.0
2022-11-08,2672065.659576626,-0.0003723331886423938,-201.8027970531341,-356.6969859104566,0.0
2022-11-09,2670165.659576626,-0.0012666666666666666,0.0,0.0,1900.0
2022-11-10,2670165.659576626,0.0,0.0,0.0,0.0
2022-11-11,2670165.659576626,0.0,0.0,0.0,0.0
2022-11-12,2670165.659576626,0.0,0.0,0.0,0.0
2022-11-13,2670165.659576626,0.0,0.0,0.0,0.0
2022-11-14,2670165.659576626,0.0,0.0,0.0,0.0
2022-11-15,2670165.659576626,0.0,0.0,0.0,0.0
2022-11-16,2670165.659576626,0.0,0.0,0.0,0.0
2022-11-17,2670165.659576626,0.0,0.0,0.0,0.0
2022-11-18,2670165.659576626,0.0,0.0,0.0,0.0
2022-11-19,2670165.659576626,0.0,0.0,0.0,0.0
2022-11-20,2670165.659576626,0.0,0.0,0.0,0.0
2022-11-21,2670165.659576626,0.0,0.0,0.0,0.0
2022-11-22,2670165.659576626,0.0,0.0,0.0,0.0
2022-11-23,2670165.659576626,0.0,0.0,0.0,0.0
2022-11-24,2670165.659576626,0.0,0.0,0.0,0.0
2022-11-25,2670165.659576626,0.0,0.0,0.0,0.0
2022-11-26,2670165.659576626,0.0,0.0,0.0,0.0
2022-11-27,2670165.659576626,0.0,0.0,0.0,0.0
2022-11-28,2670165.659576626,0.0,0.0,0.0,0.0
2022-11-29,2670165.659576626,0.0,0.0,0.0,0.0
2022-11-30,2670165.659576626,0.0,0.0,0.0,0.0
2022-12-01,2670165.659576626,0.0,0.0,0.0,0.0
2022-12-02,2670165.659576626,0.0,0.0,0.0,0.0
2022-12-03,2670165.659576626,0.0,0.0,0.0,0.0
2022-12-04,2670165.659576626,0.0,0.0,0.0,0.0
2022-12-05,2670165.659576626,0.0,0.0,0.0,0.0
2022-12-06,2670165.659576626,0.0,0.0,0.0,0.0
2022-12-07,2670165.659576626,0.0,0.0,0.0,0.0
2022-12-08,2670165.659576626,0.0,0.0,0.0,0.0
2022-12-09,2670165.659576626,0.0,0.0,0.0,0.0
2022-12-10,2670165.659576626,0.0,0.0,0.0,0.0
2022-12-11,2670165.659576626,0.0,0.0,0.0,0.0
2022-12-12,2670165.659576626,0.0,0.0,0.0,0.0
2022-12-13,2670165.659576626,0.0,0.0,0.0,0.0
2022-12-14,2667602.0865703565,-0.0017090486708463135,543.7090998888751,-1207.2821061583454,1900.0
2022-12-15,2668208.921433371,0.0004045565753430512,538.2392888010866,68.59557421349018,0.0
2022-12-16,2669286.4033886194,0.0007183213034987689,281.77329437104726,795.708660877106,0.0
2022-12-17,2669871.1823790297,0.0003898526602734693,90.89085607276618,493.8881343374378,0.0
2022-12-18,2670286.987655401,0.00027720351758117845,292.3332427871754,123.47203358459228,0.0
2022-12-19,2670080.5002468047,-0.00013765827239771485,-55.57714532658353,-150.91026326998872,0.0
2022-12-20,2670439.545706738,0.00023936363995555006,359.0454599333251,0.0,0.0
2022-12-21,2670933.979923857,0.00032962281141258345,329.8048390061873,164.62937811268785,0.0
2022-12-22,2671157.591752889,0.00014907455268818563,443.1176665157564,-219.505837483478,0.0
2022-12-23,2671121.633146202,-2.3972404457814225e-05,279.58103469564145,-315.5396413823628,0.0
2022-12-24,2671603.0373387644,0.00032093612837442206,289.33658476355106,192.067607798082,0.0
2022-12-25,2671592.335880422,-7.134305561255223e-06,16.73677134351292,-27.438229685395754,0.0
2022-12-26,2671892.577400363,0.00020016101329374737,176.76948635634028,123.47203358428078,0.0
2022-12-27,2672225.5610888842,0.00022198912568081107,332.9836885212166,0.0,0.0
2022-12-28,2672058.71116626,-0.00011123328174942769,231.00440781440784,-397.85433043854937,0.0
2022-12-29,2672411.869991081,0.0002354392165471228,421.7543990341744,-68.59557421349018,0.0
2022-12-30,2672782.4342582743,0.0002470428447957284,494.0363007778738,-123.47203358428123,0.0
2022-12-31,2673536.849755386,0.0005029436647412595,493.75231510062974,260.66318201125955,0.0
2023-01-01,2673644.9975376916,7.209852153695628e-05,492.28299790097543,-384.135215595541,0.0
2023-01-02,2674545.0996946106,0.0006000681046125409,433.6522522670837,466.4499046517276,0.0
2023-01-03,2675217.3258108664,0.0004481507441706184,150.89975223278594,521.3263640231417,0.0
2023-01-04,2675114.7534765587,-6.838155620500182e-05,459.9113742437338,-562.4837085512365,0.0
2023-01-05,2675878.7943046447,0.0005093605520572383,517.0967609169858,246.9440671688717,0.0
2023-01-06,2675913.5365910726,2.3161524285203312e-05,514.9113059225418,-480.16901949473686,0.0
2023-01-07,2676782.6882534176,0.0005794344415634969,292.94883895131085,576.2028233939345,0.0
2023-01-08,2676889.492042088,7.120252578022909e-05,340.0287409968309,-233.22495232648726,0.0
2023-01-09,2677400.9477164513,0.0003409704495755262,387.983640778697,123.47203358459228,0.0
2023-01-10,2677354.434429489,-3.100885797500185e-05,543.4086512738198,-589.9219382363226,0.0
2023-01-11,2678128.4015258383,0.000515978064232888,417.27011043887455,356.69698591045744,0.0
2023-01-12,2678439.5167526836,0.00020741015123032527,571.7784088570605,-260.66318201157264,0.0
2023-01-13,2678898.770981601,0.00030616948594484265,582.7262625015434,-123.47203358427942,0.0
2023-01-14,2681513.950006446,0.0017434526832300471,2340.79672799111,274.3822968539607,0.0
2023-01-15,2681975.96127423,0.00030800751185568957,1312.5963880314441,-850.5851202479098,0.0
2023-01-16,2681881.3351453524,-6.3084085918368e-05,728.520761685256,-823.146890562808,0.0
2023-01-17,2683422.2318266984,0.001027264454230829,649.1542165699469,891.7424647762964,0.0
2023-01-18,2684121.562333894,0.00046622033813041813,644.4540478248343,54.87645937079287,0.0
2023-01-19,2684894.6070170514,0.0005153631221048154,622.1344198872289,150.91026326999418,0.0
2023-01-20,2685725.0703115594,0.0005536421963387088,638.3956867102935,192.0676077977696,0.0
2023-01-21,2685776.795490251,3.448345246094876e-05,682.8044614561469,-631.0792827647238,0.0
2023-01-22,2685760.7290348583,-1.0710970261529004e-05,669.8892867432195,-685.955742135513,0.0
2023-01-23,2686822.911118792,0.0007081213892890049,678.0468683376549,384.1352155958524,0.0
2023-01-24,2687602.2528756615,0.0005195611712464981,669.5888381281642,109.75291874158302,0.0
2023-01-25,2689052.0889322395,0.000966557371051883,640.4082808577191,809.4277757201053,0.0
2023-01-26,2690456.1470464095,0.0009360387427802878,663.225912664115,740.8322015063168,0.0
2023-01-27,2690950.3191664247,0.0003294480800097687,658.8014981273409,-164.62937811268785,0.0
2023-01-28,2691799.7024922124,0.0005662555505253052,657.3157179898753,192.06760779808246,0.0
2023-01-29,2692515.0939671546,0.00047692764996131685,646.7959007284851,68.59557421349018,0.0
2023-01-30,2691107.1025827583,-0.0009386609229305741,677.3140716960943,-2085.3054560919554,0.0
2023-01-31,2693425.3297987385,0.001545484810653381,644.4952051693625,1673.7320108107087,0.0
2023-02-01,2694105.120170664,0.0004531935812834515,652.3521422397827,27.438229685394617,0.0
2023-02-02,2694177.204515782,4.805623007886129e-05,675.7253981973082,-603.6410530790163,0.0
2023-02-03,2694085.4867454125,-6.11451802464619e-05,676.5526608223237,-768.2704311920165,0.0
2023-02-04,2695497.330457256,0.0009412291412291147,684.7306251800635,727.1130866636086,0.0
2023-02-05,2696347.822287523,0.0005669945535115154,685.862452154587,164.62937811268603,0.0
2023-02-06,2697128.020117159,0.0005201318864239518,670.4449108943492,109.75291874157847,0.0
2023-02-07,2698286.1425191015,0.0007720816012949922,664.2342676050541,493.88813433743417,0.0
2023-02-08,2699165.7435672423,0.0005864006987603362,687.5334403424291,192.0676077980752,0.0
2023-02-09,2699337.3395118723,0.00011439729641986689,679.2031938099354,-507.6072491801351,0.0
2023-02-10,2700619.259183162,0.0008546131141931101,568.5256994690703,713.3939718205947,0.0
2023-02-11,2700935.837622201,0.00021105229269285125,151.94906092658903,164.62937811268785,0.0
2023-02-12,2701369.8702424145,0.0002893550801424437,351.71793115748176,82.31468905618385,0.0
2023-02-13,2701041.8748728903,-0.00021866357968289006,385.3986022965798,-713.3939718209149,0.0
2023-02-14,2701301.6876525204,0.0001732085197534064,191.21720541630654,68.59557421380305,0.0
2023-02-15,2702053.230900658,0.0005010288320916525,243.93599895734724,507.6072491801315,0.0
2023-02-16,2701698.1642119037,-0.00023671112583623487,783.6198431905175,-1138.6865319448698,0.0
2023-02-17,2700877.3454551296,-0.0005472125045160069,674.5647610816151,-1495.3835178556255,0.0
2023-02-18,2702768.1550200963,0.0012605397099780219,697.2465736510679,1193.5629913159646,0.0
2023-02-19,2703821.090224717,0.0007019568030801826,696.2382187101289,356.69698591014503,0.0
2023-02-20,2703566.104012427,-0.000169990808192897,691.6327118574309,-946.6189241467764,0.0
2023-02-21,2704651.441022483,0.000723558006704049,701.2017944602214,384.13521559585206,0.0
2023-02-22,2706719.9542820076,0.0013790088396829897,682.8826604107503,1385.6305991137342,0.0
2023-02-23,2707981.2041310975,0.0008408332327266407,479.2603030552468,781.9895460347143,0.0
2023-02-24,2707990.5433998685,6.226179180619927e-06,420.91271405248943,-411.57344528155954,0.0
2023-02-25,2708293.1864778893,0.00020176205201386535,508.4298006612613,-205.78672264046327,0.0
2023-02-26,2708845.1296917293,0.00036796214255986154,154.08888340124292,397.85433043854937,0.0
2023-02-27,2709235.4617708605,0.00026022138608779383,554.9614572443786,-164.62937811268785,0.0
2023-02-28,2709560.701883632,0.0002168267418476407,352.6783424565446,-27.43822968508357,0.0
2023-03-01,2709555.8098895587,-3.2613293823706422e-06,447.83879573609914,-452.7307898096551,0.0
2023-03-02,2710532.3691989384,0.0006510395395864996,633.5814383120002,342.9778710677492,0.0
2023-03-03,2710392.2510068435,-9.34121280634147e-05,120.54498991645059,-260.66318201157264,0.0
2023-03-04,2710664.5248307725,0.00018151588261943344,231.11647940074903,41.157344528401154,0.0
2023-03-05,2711083.7998633552,0.0002795166883885236,295.8029989985046,123.47203358428078,0.0
2023-03-06,2711165.348950897,5.436605836105635e-05,328.49315471045804,-246.94406716887352,0.0
2023-03-07,2711682.68178897,0.00034488855871539194,297.82700058992197,219.50583748316603,0.0
2023-03-08,2712162.0111533636,0.00031955290959583097,506.76759407883003,-27.43822968508357,0.0
2023-03-09,2712479.4106959687,0.0002115996950698721,427.1524613463939,-109.75291874158575,0.0
2023-03-10,2712756.4588322267,0.00018469875750522918,-175.68265355119289,452.73078980903665,0.0
2023-03-11,2712419.432870174,-0.0002246839747017284,33.39013870025107,-370.4161007528437,0.0
2023-03-12,2712856.8102904316,0.0002915849468384111,66.96131950446559,370.4161007531511,0.0
2023-03-13,2713740.0167219522,0.0005888042876805518,649.9814791949624,233.22495232586516,0.0
2023-03-14,2712316.2099419655,-0.0009492045199910029,688.9369057908384,-2112.7436857773428,0.0
2023-03-15,2713649.0986857065,0.0008885924958271437,1401.4843179542056,-68.59557421349018,0.0
2023-03-16,2715219.8632519767,0.0010471763775135386,679.0221014940116,891.7424647762964,0.0
2023-03-17,2717135.568151759,0.0012771365998545526,502.63607098270023,1413.0688287991288,0.0
2023-03-18,2716349.1377282497,-0.0005242869490061643,736.3913240317736,-1522.8217475410202,0.0
2023-03-19,2717443.3139639986,0.0007294508238328275,723.7601349960901,370.4161007531511,0.0
2023-03-20,2718639.4116457426,0.0007973984544960903,688.4904325636911,507.60724918044434,0.0
2023-03-21,2719638.9660347616,0.0006663695926793794,491.94713983893763,507.6072491801315,0.0
2023-03-22,2719989.0360556147,0.00023338001390201132,295.19356148221317,54.876459370803786,0.0
2023-03-23,2719909.1291896095,-5.3271244003502637e-05,427.7003831748775,-507.6072491801315,0.0
2023-03-24,2720367.3174433033,0.00030545883579588605,746.2896653907891,-288.10141169696,0.0
2023-03-25,2720815.198277563,0.0002985872228395621,63.74561866348384,384.13521559585934,0.0
2023-03-26,2721045.8165045045,0.0001537454846278907,148.30353788533566,82.31468905650036,0.0
2023-03-27,2721607.1020921627,0.0003741903917720712,26.24010879258071,535.0454788655261,0.0
2023-03-28,2721287.406064121,-0.00021313068536113513,201.63033598112247,-521.3263640228251,0.0
2023-03-29,2721985.4604499848,0.00046536959057587025,670.6161561784035,27.438229685401893,0.0
2023-03-30,2722641.657327926,0.00043746458529379226,272.0616623451455,384.13521559554283,0.0
2023-03-31,2722783.7585557867,9.473415190725215e-05,594.8320176702199,-452.7307898093417,0.0
2023-04-01,2723262.531351605,0.0003191818638790531,657.1212887736483,-178.34849295506865,0.0
2023-04-02,2723931.508778722,0.0004459849514114599,312.2804412067333,356.69698591045653,0.0
2023-04-03,2723785.6804878497,-9.721886058177082e-05,-132.10917602996255,-13.71911484269367,0.0
2023-04-04,2724093.8956123507,0.0002054767496672111,486.5636174562018,-178.34849295538515,0.0
2023-04-05,2725386.1156509016,0.000861480025700733,688.5789854714574,603.641053079642,0.0
2023-04-06,2725576.757536868,0.00012709459064433925,300.3948047084002,-109.75291874189134,0.0
2023-04-07,2725741.2319913274,0.00010964963630636499,329.10383257192245,-164.62937811237498,0.0
2023-04-08,2725617.8253331664,-8.227110544077562e-05,178.4138683788122,-301.8205265399756,0.0
2023-04-09,2725613.147935408,-3.118265172162983e-06,50.19906161254476,-54.876459370789235,0.0
2023-04-10,2725981.3654613034,0.00024547835059675246,11.520539984360216,356.6969859107685,0.0
2023-04-11,2726768.613364611,0.0005248319355382548,471.7082619253406,315.53964138204174,0.0
2023-04-12,2726470.199842365,-0.00019894234816383887,154.3172675638968,-452.7307898096551,0.0
2023-04-13,2726669.206578451,0.0001326711573906153,788.9286743219327,-589.9219382360097,0.0
2023-04-14,2727030.7601310154,0.00024103570170972284,828.0034572169403,-466.44990465235605,0.0
2023-04-15,2727922.407933899,0.000594431868588946,864.2095731983372,27.43822968508175,0.0
2023-04-16,2727671.842020413,-0.0001670439423243759,860.6823887722765,-1111.2483022588403,0.0
2023-04-17,2730135.008940882,0.00164211128031298,871.749598715891,1591.417321753579,0.0
2023-04-18,2729520.868649214,-0.0004094268611119863,853.8049965016257,-1467.9452881696052,0.0
2023-04-19,2731056.4623528267,0.0010237291357417279,547.8174349370979,987.7762686754941,0.0
2023-04-20,2732234.3070469587,0.000785229796088067,231.2257699853205,946.61892414678,0.0
2023-04-21,2732832.8962157173,0.00039905944583924606,639.7465132869628,-41.157344528093745,0.0
2023-04-22,2732864.8291227976,2.1288604720180994e-05,196.56228519295934,-164.62937811268785,0.0
2023-04-23,2732853.1038617915,-7.816840670784392e-06,-25.44437584887026,13.71911484269367,0.0
2023-04-24,2733163.8043364733,0.00020713364978763453,393.01516373763565,-82.31468905618385,0.0
2023-04-25,2733670.9705302417,0.00033811079584569325,589.4808828250402,-82.31468905650036,0.0
2023-04-26,2734092.551551218,0.00028105401398431006,352.9854467629749,68.59557421349018,0.0
2023-04-27,2734657.1999529414,0.00037643226781559685,180.51318612723102,384.13521559616424,0.0
2023-04-28,2735343.379393476,0.0004574529603563138,658.7412108490761,27.438229685394617,0.0
2023-04-29,2735498.1795969307,0.00010320013563627344,429.1825003086801,-274.38229685426995,0.0
2023-04-30,2735846.9841243755,0.0002325363516300769,376.24275713051,-27.438229685394617,0.0
2023-05-01,2737082.2116222833,0.0008234849986051069,14.226276906613982,1221.0012210010464,0.0
2023-05-02,2736351.398784759,-0.00048720855834955294,517.6266131621188,-1248.4394506864483,0.0
2023-05-03,2737184.616097184,0.0005554782082835022,668.5879343128782,164.62937811237498,0.0
2023-05-04,2737279.9876245335,6.358101823270174e-05,781.3272694845729,-685.9557421355203,0.0
2023-05-05,2738529.6282235095,0.0008330937326509969,495.0892826274849,754.5513163490104,0.0
2023-05-06,2738848.3758014003,0.0002124983852603444,565.6916450590609,-246.94406716854428,0.0
2023-05-07,2739453.5266430676,0.0004034338944450907,221.01562607180583,384.13521559583023,0.0
2023-05-08,2739539.0963005014,5.70464382892455e-05,263.9181503889369,-178.34849295506865,0.0
2023-05-09,2740319.402323193,0.0005202040151275198,629.3957594216021,150.91026326967767,0.0
2023-05-10,2740275.832667131,-2.90464373745023e-05,340.56555953409884,-384.1352155958523,0.0
2023-05-11,2740787.5351829426,0.0003411350105408617,182.4437595862315,329.258756225061,0.0
2023-05-12,2740944.637880806,0.00010473513190921339,33.63066427954068,123.47203358427942,0.0
2023-05-13,2740903.2817316246,-2.7570766120986338e-05,150.7114586162901,-192.0676077977696,0.0
2023-05-14,2740790.7609781707,-7.501383563607391e-05,216.7380027712612,-329.25875622537205,0.0
2023-05-15,2741045.5193115724,0.00016983888893481888,-101.93865250854014,356.6969859107685,0.0
2023-05-16,2740789.7395066586,-0.00017051986994275745,142.0745255244132,-397.85433043854937,0.0
2023-05-17,2741125.157504491,0.00022361199855488632,280.54153846153844,54.87645937079105,0.0
2023-05-18,2741312.4191760276,0.00012484111435773543,489.08219807658014,-301.820526539977,0.0
2023-05-19,2742295.187293079,0.000655178744701076,434.00352334307394,548.7645937085399,0.0
2023-05-20,2742589.8497630684,0.00019644164665957447,212.3477809331742,82.31468905618749,0.0
2023-05-21,2742616.2770753573,1.7618208192431437e-05,163.61846071531465,-137.1911484266675,0.0
2023-05-22,2743282.673490552,0.00044426427679671184,419.4523480265053,246.94406716856247,0.0
2023-05-23,2743332.619559614,3.329737937454036e-05,502.67685887146564,-452.7307898096551,0.0
2023-05-24,2743727.763039193,0.0002634289863862674,381.42436473638725,13.719114843013813,0.0
2023-05-25,2744424.0641693743,0.00046420075345390106,202.4129958431082,493.8881343377434,0.0
2023-05-26,2744804.8671656284,0.00025386866416944647,504.2750298390748,-123.47203358490515,0.0
2023-05-27,2745040.5073077586,0.000157093428086869,194.4827976018987,41.15734452840479,0.0
2023-05-28,2745141.092891027,6.705705551227802e-05,31.990009054615797,68.59557421380123,0.0
2023-05-29,2744883.8704630183,-0.00017148161867262888,785.4303000370417,-1042.652728045985,0.0
2023-05-30,2746627.93163463,0.001162707447741347,632.8128693528694,1111.2483022591514,0.0
2023-05-31,2746537.1050825184,-6.055103474131435e-05,348.1851228546734,-439.01167496664493,0.0
2023-06-01,2747215.164233854,0.0004520394342239062,664.3400364928455,13.719114843013813,0.0
2023-06-02,2748362.7468432295,0.000765055072916962,585.0989008245188,562.4837085509243,0.0
2023-06-03,2748730.9463621005,0.0002454663459138375,491.6715524550357,-123.47203358427942,0.0
2023-06-04,2749206.952789505,0.0003173376182699529,407.4108531917521,68.59557421317731,0.0
2023-06-05,2749894.1085944744,0.0004581038699795336,261.8632448450426,425.29256012425776,0.0
2023-06-06,2748618.6446348634,-0.0008503093064072877,96.44752466010893,-1371.9114842710405,0.0
2023-06-07,2750479.9293624707,0.0012408564850713692,585.4070472349125,1275.8776803721412,0.0
2023-06-08,2750130.1719262986,-0.00023317162411467526,459.6703395480924,-809.4277757201053,0.0
2023-06-09,2750416.3053327547,0.00019075560430421076,395.88632519789826,-109.7529187415821,0.0
2023-06-10,2750804.573405631,0.00025884538191725846,333.39161350509664,54.87645937079105,0.0
2023-06-11,2751206.8494465686,0.000268184027291809,251.36577766802492,150.91026326968858,0.0
2023-06-12,2751826.0974250576,0.0004128319856590768,482.05683006132443,137.19114842729073,0.0
2023-06-13,2752252.0894734585,0.0002839946989340248,425.99204840103715,0.0,0.0
2023-06-14,2752449.5217869123,0.00013162154230275729,320.9043470387291,-123.47203358459319,0.0
2023-06-15,2751997.963870846,-0.00030103861071086594,-286.9285379539312,-164.6293781123677,0.0
2023-06-16,2752434.938960775,0.0002913167266191483,-331.2953412629817,768.2704311917041,0.0
2023-06-17,2751837.4572066492,-0.00039832116941715986,390.29451454912123,-987.7762686748611,0.0
2023-06-18,2751870.538509965,2.2054202210431687e-05,87.95776268675145,-54.87645937110392,0.0
2023-06-19,2752702.3460040316,0.0005545383293777392,283.0429003580689,548.7645937085399,0.0
2023-06-20,2752704.3986634817,1.3684396334493366e-06,84.36734850667436,-82.31468905650036,0.0
2023-06-21,2752585.2419958552,-7.943777841776944e-05,264.97854796888504,-384.1352155955392,0.0
2023-06-22,2753609.3601997485,0.0006827454692621812,777.1741367246984,246.94406716857338,0.0
2023-06-23,2753999.694185563,0.000260222657209764,623.5589381405111,-233.22495232586516,0.0
2023-06-24,2754333.123152102,0.0002222859776926773,607.8112633932859,-274.38229685426995,0.0
2023-06-25,2755173.2008022917,0.0005600517667932988,771.482075976458,68.59557421349018,0.0
2023-06-26,2755885.508325306,0.0004748716820091579,629.992833957553,82.31468905618385,0.0
2023-06-27,2756586.6669007125,0.00046743905027137847,303.3042449685147,397.854330438553,0.0
2023-06-28,2756591.694664771,3.3518427058178303e-06,416.6012093399734,-411.5734452812467,0.0
2023-06-29,2757238.9459454506,0.0004315008537862518,317.9925244543222,329.25875622505555,0.0
2023-06-30,2757902.4507498844,0.00044233653628931053,608.6283450631765,54.876459370789235,0.0
2023-07-01,2758108.2731422237,0.00013721492822610875,795.7443305757913,-589.9219382366282,0.0
2023-07-02,2758955.0498361913,0.000564517795978644,791.9002345968638,54.8764593711021,0.0
2023-07-03,2758901.9664651304,-3.538891404070553e-05,797.5017491871425,-850.5851202482008,0.0
2023-07-04,2760735.5261638584,0.0012223731324854925,804.6260855249619,1028.9336132032768,0.0
2023-07-05,2761422.4641946172,0.00045795868717223503,796.6909494999383,-109.75291874158575,0.0
2023-07-06,2762019.2902313014,0.000397884024456405,596.8260366849131,-3.055902197957039e-10,0.0
2023-07-07,2763579.332963052,0.0010400284878337325,339.0415107489265,1221.001221001672,0.0
2023-07-08,2763096.730995731,-0.0003217346448807615,121.03908575818689,-603.6410530793291,0.0
2023-07-09,2763155.854259234,3.941550900192605e-05,237.47175645827332,-178.34849295538424,0.0
2023-07-10,2763812.5067470586,0.00043776832521622374,368.5510761273683,288.10141169696726,0.0
2023-07-11,2764403.4946077,0.0003939919070943132,508.67317158496934,82.31468905650036,0.0
2023-07-12,2764500.7202267745,6.481707938308886e-05,659.7093276261816,-562.4837085515483,0.0
2023-07-13,2764986.5100990497,0.00032385991485015225,5.620852780178593,480.1690194950497,0.0
2023-07-14,2764055.5734950793,-0.0006206244026468483,825.1100958966128,-1756.0466998668853,0.0
2023-07-15,2766366.9845957635,0.001540940733789627,445.6114820759765,1865.7996186084638,0.0
2023-07-16,2766651.0932182274,0.0001894057483091775,380.14242636265107,-96.0338038988848,0.0
2023-07-17,2767082.586989063,0.0002876625138904869,239.42616303796078,192.0676077977696,0.0
2023-07-18,2767244.261908052,0.00010778327932600981,586.9674791126477,-425.29256012363294,0.0
2023-07-19,2767775.704507687,0.000354295066423257,668.6337480621751,-137.1911484272896,0.0
2023-07-20,2768747.2668240224,0.0006477082108903572,491.39329684048784,480.1690194950479,0.0
2023-07-21,2768915.1645386918,0.00011193180977974144,250.2124037261116,-82.31468905649945,0.0
2023-07-22,2768904.759310612,-6.936818720073082e-06,181.6623797176606,-192.06760779777022,0.0
2023-07-23,2769211.9190532416,0.00020477316175291336,266.0023981012745,41.157344528095564,0.0
2023-07-24,2769613.3087028554,0.00026759309974256403,442.54699414193794,-41.157344528091926,0.0
2023-07-25,2770365.820071337,0.000501674245654412,656.4775645827332,96.0338038988848,0.0
2023-07-26,2770732.379360961,0.0002443728597494557,654.6607013211508,-288.10141169696726,0.0
2023-07-27,2771670.3674341114,0.0006253253821001971,567.5719723971409,370.41610075315475,0.0
2023-07-28,2772146.1627753745,0.00031719689417533735,503.2335709484024,-27.438229685396436,0.0
2023-07-29,2772451.4071718017,0.00020349626428496905,552.1884635963289,-246.94406716887534,0.0
2023-07-30,2772539.094418513,5.8458164474085035e-05,403.2268880931802,-315.53964138205265,0.0
2023-07-31,2773242.3611976765,0.000468844519442124,113.3448409268634,589.9219382363226,0.0
2023-08-01,2773380.0174954357,9.177086517314562e-05,535.5106281982687,-397.8543304385503,0.0
2023-08-02,2773725.6266927305,0.00023040613152977828,770.9017574186114,-425.292560123944,0.0
2023-08-03,2775045.022777295,0.000879597389709827,756.9123760134996,562.4837085512409,0.0
2023-08-04,2776067.856223125,0.0006818889638864749,624.979115391475,397.8543304382374,0.0
2023-08-05,2776338.2953911982,0.00018029277871527575,654.5743836687657,-384.13521559585206,0.0
2023-08-06,2777081.458710401,0.0004954422128018551,551.0957114047002,192.06760779808246,0.0
2023-08-07,2777694.1247197846,0.0004084440062557836,736.1380429682677,-123.47203358459228,0.0
2023-08-08,2778277.9599073934,0.0003892234584059055,542.6778430807644,41.157344528093745,0.0
2023-08-09,2778770.542649296,0.00032838849460171943,465.1445122168717,27.438229685707483,0.0
2023-08-10,2779102.2731859875,0.0002211536911276572,702.1466374449521,-370.41610075346637,0.0
2023-08-11,2779827.558270566,0.00048352338971900324,217.67783539806015,507.6072491804448,0.0
2023-08-12,2779943.4557931684,7.726501506815267e-05,445.15627882729,-329.258756225061,0.0
2023-08-13,2780404.9353412604,0.0003076530320615714,461.4795480923571,0.0,0.0
2023-08-14,2780939.7828447935,0.00035656500235524776,754.3533410160377,-219.50583748316603,0.0
2023-08-15,2781689.8001802666,0.0005000115569822938,667.7026464172532,82.31468905618749,0.0
2023-08-16,2782375.0462697702,0.0004568307263356615,671.526974660795,13.719114842697309,0.0
2023-08-17,2782860.7889908194,0.00032382848069935675,609.2147546336311,-123.47203358459592,0.0
2023-08-18,2782545.3379063234,-0.00021030072299725618,-137.10259154079378,-178.34849295509048,0.0
2023-08-19,2782551.8242983334,4.324261339908086e-06,-473.68262748487473,480.16901949473686,0.0
2023-08-20,2782236.5353134107,-0.00021019265661503686,-507.35659272063776,192.06760779808246,0.0
2023-08-21,2782193.8998789946,-2.842362294392975e-05,-179.82658284287498,137.19114842698036,0.0
2023-08-22,2780293.8998789946,-0.0012666666666666666,0.0,0.0,1900.0
2023-08-23,2780293.8998789946,0.0,0.0,0.0,0.0
2023-08-24,2780293.8998789946,0.0,0.0,0.0,0.0
2023-08-25,2780293.8998789946,0.0,0.0,0.0,0.0
2023-08-26,2780293.8998789946,0.0,0.0,0.0,0.0
2023-08-27,2780293.8998789946,0.0,0.0,0.0,0.0
2023-08-28,2780293.8998789946,0.0,0.0,0.0,0.0
2023-08-29,2780293.8998789946,0.0,0.0,0.0,0.0
2023-08-30,2780293.8998789946,0.0,0.0,0.0,0.0
2023-08-31,2780293.8998789946,0.0,0.0,0.0,0.0
2023-09-01,2780293.8998789946,0.0,0.0,0.0,0.0
2023-09-02,2780293.8998789946,0.0,0.0,0.0,0.0
2023-09-03,2780293.8998789946,0.0,0.0,0.0,0.0
2023-09-04,2780293.8998789946,0.0,0.0,0.0,0.0
2023-09-05,2780293.8998789946,0.0,0.0,0.0,0.0
2023-09-06,2780293.8998789946,0.0,0.0,0.0,0.0
2023-09-07,2780293.8998789946,0.0,0.0,0.0,0.0
2023-09-08,2780293.8998789946,0.0,0.0,0.0,0.0
2023-09-09,2780293.8998789946,0.0,0.0,0.0,0.0
2023-09-10,2780293.8998789946,0.0,0.0,0.0,0.0
2023-09-11,2778944.0355829913,-0.0008999095306690741,220.87694777132975,329.2587562250592,1900.0
2023-09-12,2778585.867055738,-0.00023877901816877768,-166.10091945507676,-192.06760779808974,0.0
2023-09-13,2778450.901779641,-8.997685073134062e-05,57.10233170075866,-192.0676077977696,0.0
2023-09-14,2778757.500985029,0.0002043994702590466,-22.659550836180046,329.25875622474996,0.0
2023-09-15,2778681.533231809,-5.064516881363473e-05,47.50428036383095,-123.47203358428305,0.0
2023-09-16,2778671.928776389,-6.4029702798748646e-06,251.05872659176035,-260.66318201157264,0.0
2023-09-17,2778905.242598946,0.00015554254837145387,123.56090381528584,109.75291874189497,0.0
2023-09-18,2779194.00458177,0.000192507988549004,110.4134898684337,178.3484929550723,0.0
2023-09-19,2779409.690570575,0.00014379065920352757,-31.25807836358399,246.94406716887534,0.0
2023-09-20,2779111.6699205637,-0.00019868043334099903,223.30571401133201,-521.3263640228306,0.0
2023-09-21,2779379.8420350906,0.00017878140968476304,240.73388484174998,27.438229685394617,0.0
2023-09-22,2779937.6572248945,0.00037187679320262185,187.39908905077442,370.4161007531584,0.0
2023-09-23,2779908.834191598,-1.921535553094416e-05,176.96368934436353,-205.78672264077977,0.0
2023-09-24,2780187.55802417,0.00018581588838120682,155.25179898752933,123.4720335842809,0.0
2023-09-25,2780234.494368575,3.1290896269904505e-05,266.4421818880246,-219.50583748316785,0.0
2023-09-26,2780450.6306729196,0.0001440908695630715,298.4509934011058,-82.31468905649854,0.0
2023-09-27,2780875.011621185,0.0002829206321769702,342.06625920895584,82.31468905649945,0.0
2023-09-28,2781063.7273299834,0.0001258104725320294,161.27747911264765,27.438229685396436,0.0
2023-09-29,2781333.8268242963,0.00018006632954217888,91.75100135819238,178.34849295507593,0.0
2023-09-30,2781284.941307841,-3.259034430381752e-05,-7.728171927947216,-41.15734452777906,0.0
2023-10-01,2781192.3741136743,-6.171146277786341e-05,72.06218394589182,-164.62937811268694,0.0
2023-10-02,2781292.7090247055,6.68899406875449e-05,539.3465859982715,-439.01167496695416,0.0
2023-10-03,2782207.922596477,0.0006101423811812211,201.8195999506112,713.3939718212205,0.0
2023-10-04,2782073.609326526,-8.954217996736502e-05,181.22637143131527,-315.5396413823628,0.0
2023-10-05,2782405.9874626473,0.00022158542408059684,154.02964316582296,178.3484929550723,0.0
2023-10-06,2782574.4418496084,0.00011230292464091621,538.8704877145327,-370.4161007531584,0.0
2023-10-07,2783150.8024164825,0.00038424037791595785,356.85472939045974,219.50583748347708,0.0
2023-10-08,2783341.0533315474,0.00012683394337649012,629.2625900316912,-439.011674966956,0.0
2023-10-09,2784390.127143266,0.0006993825411459702,459.1518734823229,589.9219382366324,0.0
2023-10-10,2784727.5116220084,0.00022492298582822397,447.1373974839144,-109.75291874157847,0.0
2023-10-11,2784979.7882660385,0.0001681844293532182,265.9957588728375,-13.719114843010175,0.0
2023-10-12,2785345.481619676,0.00024379556909191516,297.0977794240715,68.59557421380123,0.0
2023-10-13,2785567.336531531,0.00014790327456978516,208.1357970119768,13.719114842700947,0.0
2023-10-14,2785550.83353802,-1.1001995673756578e-05,230.4410736579276,-246.94406716856247,0.0
2023-10-15,2786104.7654596567,0.0003692879477574609,306.98785446762975,246.94406716856156,0.0
2023-10-16,2786132.301660971,1.8357467542869472e-05,384.2331872247603,-356.6969859104561,0.0
2023-10-17,2786749.5788853196,0.0004115181495659797,246.86112359550557,370.416100753464,0.0
2023-10-18,2787334.3620272707,0.0003898554279676123,296.681730254764,288.1014116966544,0.0
2023-10-19,2787312.976060005,-1.4257311510819704e-05,280.4345592734357,-301.82052653966525,0.0
2023-10-20,2787510.3741859733,0.00013159875064583376,362.0275040814367,-164.62937811268603,0.0
2023-10-21,2787821.600334606,0.00020748409908875477,228.91145957662815,82.314689056504,0.0
2023-10-22,2787953.239381128,8.775936434774364e-05,241.3919652632012,-109.75291874158575,0.0
2023-10-23,2788545.6444950653,0.0003949367426248547,290.5845873976211,301.82052653966093,0.0
2023-10-24,2786871.782152664,-0.001115908228267783,726.9827550726427,-2400.8450974743173,0.0
2023-10-25,2789746.334566542,0.001916368275918789,734.3704984154423,2140.181915462741,0.0
2023-10-26,2790166.1531998436,0.0002798790888678365,735.3582746841175,-315.5396413823628,0.0
2023-10-27,2790400.740460274,0.00015639150695340314,742.1945096102398,-507.6072491801351,0.0
2023-10-28,2790173.0155010885,-0.00015181663945713043,732.613079804091,-960.3380389897866,0.0
2023-10-29,2791000.316539625,0.0005515340256912707,731.2672346380213,96.0338038988848,0.0
2023-10-30,2792027.3898408557,0.0006847155341537697,738.9718895336873,288.10141169696726,0.0
2023-10-31,2792154.903525673,8.500912321132993e-05,744.8738527390213,-617.3601679220264,0.0
2023-11-01,2792627.7986704777,0.0003152634298701295,747.2774416594642,-274.38229685426995,0.0
2023-11-02,2793779.9228613926,0.0007680827939434411,1453.9447174548297,-301.8205265396682,0.0
2023-11-03,2796331.9580920795,0.0017013568204578878,741.1120714491501,1810.9231592376818,0.0
2023-11-04,2797223.3534632507,0.0005942635807805613,754.2042227435487,137.19114842729323,0.0
2023-11-05,2796958.333090365,-0.0001766802485903614,763.9132403177347,-1028.9336132032768,0.0
2023-11-06,2797407.9729636004,0.00029975991549024777,778.8986294604272,-329.25875622505555,0.0
2023-11-07,2798204.389530804,0.0005309443781353819,782.6974523603737,13.719114842699128,0.0
2023-11-08,2799309.789374406,0.0007369332290680701,776.1410873770424,329.2587562250628,0.0
2023-11-09,2801972.5818044725,0.001775194953377692,2360.971903527185,301.82052653935307,0.0
2023-11-10,2802593.47971999,0.00041393194367848657,2376.944615384615,-1756.0466998668853,0.0
2023-11-11,2804433.939288387,0.001226973045597798,1552.3581566997298,288.10141169696726,0.0
2023-11-12,2805874.563325922,0.0009604160250234507,1426.904922692788,13.71911484238808,0.0
2023-11-13,2808067.448081242,0.0014619231702134824,2206.603870162297,-13.719114842073395,0.0
2023-11-14,2809058.577935134,0.0006607532359277434,1196.916576532082,-205.7867226404669,0.0
2023-11-15,2810998.5060469722,0.0012932854078920916,814.9606947359757,1124.9674171021616,0.0
2023-11-16,2811708.8680944117,0.0004735746982932607,847.5531958678027,-137.19114842791168,0.0
2023-11-17,2813120.073867416,0.0009408038486692848,807.5647199242707,603.6410530796566,0.0
2023-11-18,2813899.8175943503,0.0005198291512898422,807.181956620159,-27.438229685395754,0.0
2023-11-19,2814419.713054695,0.0003465969735632325,807.996872041816,-288.10141169696726,0.0
2023-11-20,2814726.657670629,0.00020462974395568903,828.2709799563733,-521.3263640228397,0.0
2023-11-21,2815531.5896924147,0.0005366213478573192,832.3702514713751,-27.438229685396436,0.0
2023-11-22,2817109.3318004943,0.0010518280720527298,795.752562044697,781.9895460343978,0.0
2023-11-23,2817588.370364926,0.00031935904295435407,849.4546651850023,-370.41610075347126,0.0
2023-11-24,2818766.5693195295,0.000785465969735849,848.9401983784007,329.25875622537274,0.0
2023-11-25,2819815.1871187096,0.0006990785327866982,856.5501913816521,192.06760779839533,0.0
2023-11-26,2821426.9924170314,0.001074536865547852,857.2539819730831,754.5513163486949,0.0
2023-11-27,2822467.712121797,0.0006938131365100661,848.6520969667038,192.06760779839533,0.0
2023-11-28,2822698.5650391662,0.00015390194491292307,834.4939704490266,-603.641053079642,0.0
2023-11-29,2823541.553885525,0.0005619925642395467,842.9888463596328,-3.128661774098873e-10,0.0
2023-11-30,2825007.472860433,0.0009772793166051936,834.839692143063,631.0792827647274,0.0
2023-12-01,2825563.825496561,0.00037090175741857814,844.4540478248344,-288.10141169696726,0.0
2023-12-02,2826518.8089650283,0.0006366556456445598,858.9496645676421,96.03380389919766,0.0
2023-12-03,2826367.319755112,-0.00010099280661098677,891.1635181298104,-1042.6527280462906,0.0
2023-12-04,2827571.823740515,0.000803002656935472,902.6834588632343,301.8205265399738,0.0
2023-12-05,2828467.8205028037,0.000597331174859287,923.4349919743179,-27.43822968538734,0.0
2023-12-06,2828959.2268492663,0.0003276042309750837,944.1371362719677,-452.73078980934224,0.0
2023-12-07,2829905.840285767,0.0006310756243336216,919.1752068156563,27.43822968477616,0.0
2023-12-08,2830430.829494997,0.00034999280615342286,1471.6081333772345,-946.6189241471002,0.0
2023-12-09,2832160.998527114,0.001153446021411215,2827.698219533276,-1097.5291874164536,0.0
2023-12-10,2834189.6794347707,0.0013524539384380241,1781.7368404878516,246.94406716918456,0.0
2023-12-11,2836066.992228943,0.0012515418627813458,1424.5820043626784,452.7307898093404,0.0
2023-12-12,2838574.386831843,0.0016715964019333356,915.9772811458206,1591.417321754183,0.0
2023-12-13,2838639.9025871484,4.367717020374645e-05,1163.0449427226959,-1097.5291874170762,0.0
2023-12-14,2839502.0597807663,0.0005747714624121614,930.7527678314194,-68.59557421317731,0.0
2023-12-15,2840578.5510632293,0.0007176608549751676,966.7383637211728,109.75291874157847,0.0
2023-12-16,2841506.6670171884,0.0006187439693059694,914.3968391159403,13.719114843013813,0.0
2023-12-17,2843194.321751792,0.0011251031564022485,960.541647940075,727.1130866632975,0.0
2023-12-18,2843250.707014582,3.759017519349588e-05,1057.8806463075002,-1001.4953835172564,0.0
2023-12-19,2844644.7707535895,0.0009293758260049559,913.8947195126971,480.16901949473686,0.0
2023-12-20,2845852.5055567883,0.0008051565354658334,1290.0494922555597,-82.31468905680958,0.0
2023-12-21,2847799.3276425055,0.0012978813904783713,2866.0027801786223,-919.1806944610653,0.0
2023-12-22,2851938.9875728125,0.002759773286871131,4263.131963891289,-123.47203358459228,0.0
2023-12-23,2853326.8906656494,0.0009252687285580688,1566.2515857924848,-178.34849295538152,0.0
2023-12-24,2855534.473876745,0.001471722140730397,1741.1333064438684,466.4499046517267,0.0
2023-12-25,2858379.674904581,0.0018968006852242395,2461.065812240194,384.1352155961649,0.0
2023-12-26,2861544.3651297125,0.002109793483420732,3631.1401297828265,-466.4499046517285,0.0
2023-12-27,2865473.1070134845,0.002619161255847858,3722.955161131004,205.7867226407834,0.0
2023-12-28,2869308.7213307517,0.0025570762115116803,4384.378910976664,-548.7645937091438,0.0
2023-12-29,2874043.025392982,0.00315620270815357,4542.23645443196,192.06760779839533,0.0
2023-12-30,2877308.68615645,0.002177107175645477,2689.4579400749067,576.2028233933088,0.0
2023-12-31,2879628.844863835,0.0015467724715899328,2553.3836597110753,-233.2249523261762,0.0
2024-01-01,2882288.5936064785,0.001773165828428867,3194.7942215088283,-535.0454788655279,0.0
2024-01-02,2886896.3430951675,0.00307183299245936,5444.615494093921,-836.8660054048814,0.0
2024-01-03,2890316.5475132708,0.002280136278735613,2034.573818989999,1385.6305991134209,0.0
2024-01-04,2892461.00567683,0.0014296387757062772,909.7378277153557,1234.7203358440602,0.0
2024-01-05,2893298.358710813,0.0005582353559884272,933.38683788122,-96.03380389857921,0.0
2024-01-06,2895055.332822843,0.0011713160746867782,933.827221467671,823.1468905624961,0.0
2024-01-07,2896731.956823062,0.001117749333479418,922.0726838704368,754.5513163486903,0.0
2024-01-08,2897838.0755482824,0.0007374124834801997,914.051117421904,192.06760779839533,0.0
2024-01-09,2897096.3323975503,-0.0004944954338214888,959.4270897641685,-1701.1702404964017,0.0
2024-01-10,2898966.6579521457,0.001246883703063761,964.8639749763346,905.4615796193066,0.0
2024-01-11,2898096.5134898657,-0.0005800963081864616,1064.2507305428655,-1934.3951928225579,0.0
2024-01-12,2900340.3844753103,0.0014959139902963482,1077.7462238136395,1166.1247616308829,0.0
2024-01-13,2901159.401912305,0.0005460116246630321,1038.523274478331,-219.50583748378267,0.0
2024-01-14,2902796.850980091,0.0010916327118570806,1061.246244392312,576.2028233933088,0.0
2024-01-15,2902306.1045230525,-0.0003271643046923162,1018.3561756595466,-1509.102632698021,0.0
2024-01-16,2904739.409046245,0.0016222030154618412,1033.9548092357081,1399.3497139570536,0.0
2024-01-17,2906380.5170019595,0.0010940719704761145,1064.9051323208628,576.2028233933088,0.0
2024-01-18,2906845.8460549284,0.0003102193686462685,1041.5318763633372,-576.2028233939345,0.0
2024-01-19,2907766.929590619,0.000614055690460447,1017.1173395892497,-96.03380389857921,0.0
2024-01-20,2908806.4790548873,0.0006930329761788264,1025.830349425855,13.719114842384442,0.0
2024-01-21,2910139.535262101,0.0008887041381423563,1017.5165658311727,315.5396413823619,0.0
2024-01-22,2911534.914664222,0.0009302529347475003,1011.2441865250855,384.1352155961649,0.0
2024-01-23,2912240.487368671,0.00047038180296623394,952.5167716178952,-246.94406716854428,0.0
2024-01-24,2914631.044501925,0.0015937047555022402,922.6118450837553,1467.9452881696052,0.0
2024-01-25,2914823.641667556,0.00012839811042081501,919.7102522945219,-727.1130866632993,0.0
2024-01-26,2916052.0553263063,0.0008189424391667595,912.8740173683996,315.5396413817398,0.0
2024-01-27,2917313.156178401,0.0008407339013965122,835.8082919702022,425.2925601245661,0.0
2024-01-28,2917964.975826917,0.0004345464323441851,651.8196485162777,0.0,0.0
2024-01-29,2918838.609060101,0.0005824221554558969,928.5096925546364,-54.87645937079105,0.0
2024-01-30,2919918.049640557,0.0007196270536370145,832.4965132869629,246.94406716855883,0.0
2024-01-31,2920827.0617270973,0.0006060080576934857,963.8885459110178,-54.876459370789235,0.0
2024-02-01,2921724.2095508343,0.0005980985491581878,732.5184456242883,164.62937811299344,0.0
2024-02-02,2922198.0404896326,0.0003158872925324353,748.2132356532358,-274.3822968545828,0.0
2024-02-03,2923065.374015034,0.0005782223502674107,716.4232621311272,150.91026326998872,0.0
2024-02-04,2923794.2426317353,0.0004859124111344186,701.4303870162296,27.438229685398255,0.0
2024-02-05,2924791.070772384,0.0006645520937655433,941.9516812775239,54.87645937079105,0.0
2024-02-06,2925437.3868269036,0.0004308773696799411,810.9454326322866,-164.62937811237498,0.0
2024-02-07,2925821.058209379,0.0002557809216502394,548.3007605877268,-164.6293781123677,0.0
2024-02-08,2926716.1143651456,0.0005967041038443511,908.7752706095404,-13.719114843013813,0.0
2024-02-09,2927513.5475879028,0.0005316221485047124,920.9052563416609,-123.47203358459228,0.0
2024-02-10,2929176.5082760537,0.001108640458767387,935.8476014871519,727.1130866639287,0.0
2024-02-11,2929642.411698973,0.0003106022819459187,850.038638515043,-384.1352155961649,0.0
2024-02-12,2930599.601711045,0.0006381266747149483,861.1562081738488,96.03380389857375,0.0
2024-02-13,2928909.781294259,-0.001126546944524243,1095.159896283492,-2784.9803130698565,0.0
2024-02-14,2930149.5172309307,0.0008264906244481428,1198.578592144435,41.15734452777906,0.0
2024-02-15,2930962.217080296,0.000541799899576667,1430.0600172860848,-617.3601679210842,0.0
2024-02-16,2931393.3302583285,0.0002874087853547679,1267.9791834382847,-836.8660054061329,0.0
2024-02-17,2932764.9292252795,0.0009143993113007999,1289.2842778943902,82.31468905680958,0.0
2024-02-18,2934463.367737578,0.00113229234153269,1190.8312631189035,507.6072491801315,0.0
2024-02-19,2934497.758814666,2.292738472500423e-05,1186.7967238753754,-1152.405646787869,0.0
2024-02-20,2937838.127146147,0.0022269122209876095,2503.5023260759217,836.8660054054926,0.0
2024-02-21,2938676.204873439,0.0005587184848610988,1743.5393069103181,-905.4615796186699,0.0
2024-02-22,2940817.61464968,0.0014276065174938062,1222.2290817796438,919.1806944610653,0.0
2024-02-23,2942507.5900924644,0.0011266502951897538,1223.52553813228,466.4499046523506,0.0
2024-02-24,2944108.6217699004,0.0010673544516240736,1203.177346997572,397.85433043853845,0.0
2024-02-25,2945543.3451341023,0.0009564822428010271,2340.1849438202253,-905.4615796186845,0.0
2024-02-26,2948534.976367588,0.0019944208223238473,4185.194224801416,-1193.5629913156445,0.0
2024-02-27,2953971.2451908994,0.0036241792155408113,5449.9879381542305,-13.719114843013813,0.0
2024-02-28,2958844.057589138,0.0032485415988258463,4859.093283395756,13.719114843013813,0.0
2024-02-29,2966869.489422149,0.005350287888673794,9836.3549922487,-1810.9231592380092,0.0
2024-03-01,2974735.4915228197,0.005244001400447324,6631.281764826933,1234.720335844053,0.0
2024-03-02,2983248.6478938395,0.005675437580679911,7621.41390624357,891.7424647762964,0.0
2024-03-03,2987777.3828188647,0.0030191566166832594,5393.039160115789,-864.3042350909,0.0
2024-03-04,2992282.461304823,0.0030033856573056066,5794.6752811732595,-1289.5967952148494,0.0
2024-03-05,3006140.1015550597,0.009238426833491301,11100.098166851873,2757.5420833850803,0.0
2024-03-06,3011265.537888626,0.003416957555710875,4851.054036712351,274.3822968539607,0.0
2024-03-07,3014766.4964719904,0.002333972388909441,6244.7815519062715,-2743.82296854211,0.0
2024-03-08,3023872.4627628904,0.00607064419393354,7953.560644112442,1152.405646787869,0.0
2024-03-09,3029839.236482005,0.003977849146076346,5610.076733204374,356.6969859101446,0.0
2024-03-10,3035547.282317019,0.0038053638900093167,6105.900165452525,-397.85433043854937,0.0
2024-03-11,3044265.7867507623,0.005812336289162061,8567.594170473723,150.91026326936844,0.0
2024-03-12,3048925.797397894,0.003106673764754288,8597.396606988517,-3937.3859598570853,0.0
2024-03-13,3059269.86876857,0.006896047580450962,8272.485029427502,2071.5863412489416,0.0
2024-03-14,3066560.437076317,0.004860378871831257,6961.309551522136,329.25875622474996,0.0
2024-03-15,3072649.5309975147,0.004059395947465423,5169.913226735811,919.180694462324,0.0
2024-03-16,3077174.773518539,0.0030168283473492982,3866.725008574447,658.5175124494999,0.0
2024-03-17,3080330.2740566027,0.0021036670253759353,2689.0506334115325,466.4499046523706,0.0
2024-03-18,3084258.6410971154,0.002618911360341748,3667.7038585010496,260.66318201157264,0.0
2024-03-19,3086464.2619874855,0.0014704139269134497,3138.5206996748575,-932.899809304683,0.0
2024-03-20,3088893.9048108803,0.001619761882263049,1565.3385883030826,864.3042350914911,0.0
2024-03-21,3092824.179794074,0.0026201833221291214,2462.329695024077,1467.9452881696052,0.0
2024-03-22,3094365.4267167393,0.0010274979484438149,2981.7539811499364,-1440.5070584842142,0.0
2024-03-23,3095617.5085077696,0.0008347211940201463,1691.0934659971736,-439.01167496695416,0.0
2024-03-24,3099463.9337344784,0.0025642834844722805,2186.41233074042,1660.0128959680005,0.0
2024-03-25,3101019.8073874665,0.0010372491019922673,2571.088151349275,-1015.2144983608741,0.0
2024-03-26,3104657.898699151,0.0024253942077895876,4104.541216336723,-466.4499046523415,0.0
2024-03-27,3108925.0577187836,0.002844772679754968,4020.2149524632673,246.94406716918547,0.0
2024-03-28,3112283.7288849084,0.0022391141107498047,5361.661933160472,-2002.9907670357643,0.0
2024-03-29,3117644.194017777,0.0035736434219128515,4976.329917273738,384.1352155955392,0.0
2024-03-30,3123255.8092737077,0.003741076837286915,4541.52429819868,1070.0909577316925,0.0
2024-03-31,3130097.7586301444,0.004561299570957781,7226.084572032211,-384.135215595541,0.0
2024-04-01,3135222.0204347563,0.0034161745364078306,5810.217546747885,-685.9557421361387,0.0
2024-04-02,3138118.2853717175,0.0019308432913075042,1812.4548643865498,1083.8100725747063,0.0
2024-04-03,3140854.1526255617,0.001823911502562967,1350.2366547310367,1385.630599113414,0.0
2024-04-04,3141202.5961919827,0.000232295710947181,1363.6580647816602,-1015.2144983608887,0.0
2024-04-05,3142833.654896075,0.0010873724693949921,1370.3955220809155,260.66318201157264,0.0
2024-04-06,3145123.8930752743,0.001526825452799634,1672.8780112771121,617.3601679223393,0.0
2024-04-07,3146833.2234452795,0.0011395535800032316,1380.071613779479,329.2587562253684,0.0
2024-04-08,3148978.2423913763,0.0014300126307312988,2460.558587479936,-315.5396413829876,0.0
2024-04-09,3149907.3865670636,0.0006194294504581182,2547.9997271268057,-1618.8555514396285,0.0
2024-04-10,3153448.5929236785,0.002360804237743178,2279.0477910853197,1262.1585655294475,0.0
2024-04-11,3155257.8822751753,0.0012061929009982422,1726.9746624411794,82.31468905618385,0.0
2024-04-12,3156837.399636715,0.0010530115743598069,1442.3262131127299,137.19114842698036,0.0
2024-04-13,3159555.832639418,0.00181228866846865,1332.8024035889207,1385.6305991140543,0.0
2024-04-14,3164126.5491887867,0.0030471443662457667,1236.9716425896202,3333.7449067790294,0.0
2024-04-15,3165739.9131964142,0.0010755760050851022,1050.8802990767035,562.4837085509498,0.0
2024-04-16,3165711.1303282958,-1.9188578745885024e-05,945.2742857142857,-974.0571538331133,0.0
2024-04-17,3166346.5906007574,0.0004236401816411809,457.1117795063863,178.34849295538515,0.0
2024-04-18,3167912.2339871833,0.0010437622576173118,495.55242869490064,1070.0909577310667,0.0
2024-04-19,3167840.9436365236,-4.7526900439891125e-05,751.8565399020455,-823.1468905618822,0.0
2024-04-20,3168560.661091353,0.00047981163655300965,733.4365696725247,-13.719114843010175,0.0
2024-04-21,3168895.684017366,0.00022334861734172768,403.6185002263655,-68.59557421377394,0.0
2024-04-22,3169759.6945912363,0.0005760070492473145,274.08863563402883,589.9219382369429,0.0
2024-04-23,3169610.8176105395,-9.925132046469017e-05,386.1684981684981,-535.0454788655334,0.0
2024-04-24,3169979.3036461263,0.0002456573570579233,505.6771840144874,-137.19114842760246,0.0
2024-04-25,3171216.8495774483,0.0008250306208813921,524.1519595011731,713.3939718209149,0.0
2024-04-26,3170856.498730293,-0.00024023389810349334,435.35781372185875,-795.7086608770987,0.0
2024-04-27,3171620.134053996,0.0005090902158019262,832.2308979160665,-68.59557421317731,0.0
2024-04-28,3173132.780322809,0.0010084308458751061,1155.949282901867,356.69698591079214,0.0
2024-04-29,3173652.6662501516,0.00034659061822877874,1109.8078655801128,-589.9219382369447,0.0
2024-04-30,3174906.977102245,0.0008362072347290159,829.0182919702021,425.2925601233219,0.0
2024-05-01,3175503.52896928,0.00039770124468975195,582.8327521916286,13.71911484299926,0.0
2024-05-02,3176727.8642438683,0.0008162235163921572,703.0089105650903,521.3263640231453,0.0
2024-05-03,3176492.268606547,-0.00015706375821435427,395.483645443196,-631.0792827647274,0.0
2024-05-04,3177867.7470261054,0.0009169856130389407,840.4329406922665,535.0454788661445,0.0
2024-05-05,3178885.8460671385,0.000678732694022167,1018.0990410338726,-6.220943760126829e-10,0.0
2024-05-06,3179093.1157240244,0.00013817977125713985,1057.8547771329793,-850.5851202472695,0.0
2024-05-07,3179767.717554154,0.0004497345534198014,770.6356340288925,-96.03380389919039,0.0
2024-05-08,3180866.8072908837,0.0007327264911532079,1030.4941625166346,68.59557421317731,0.0
2024-05-09,3182255.0198274106,0.0009254750243513295,1223.5831584146192,164.62937811237498,0.0
2024-05-10,3183577.146712074,0.0008814179231089503,1006.5872432810636,315.5396413823619,0.0
2024-05-11,3183992.5360914217,0.0002769262528984662,909.277513684817,-493.88813433711766,0.0
2024-05-12,3184921.560108241,0.0006193493445461737,860.4284426060831,68.59557421317731,0.0
2024-05-13,3186494.049690906,0.0010483263884433164,1037.4441037988229,535.0454788661518,0.0
2024-05-14,3187185.7834588606,0.0004611558453030949,1103.307213236202,-411.57344528155954,0.0
2024-05-15,3187977.9638338042,0.0005281202499622343,1080.281786640326,-288.10141169697454,0.0
2024-05-16,3190011.5792620466,0.0013557436188282688,908.6480111399213,1124.9674171024817,0.0
2024-05-17,3190197.21651987,0.00012375817188212796,734.4018515317391,-548.7645937085472,0.0
2024-05-18,3191061.1657965984,0.0005759661844856778,795.3537025147137,68.59557421380305,0.0
2024-05-19,3191642.624994579,0.00038763946532031354,842.122379992043,-260.66318201157264,0.0
2024-05-20,3192161.6032687137,0.0003459855160899223,683.6076522478769,-164.62937811299344,0.0
2024-05-21,3188901.826664744,-0.0021731844026466438,1980.9252659450412,-5240.701869915007,0.0
2024-05-22,3190668.1228265474,0.0011775307745356103,1958.3637696011851,-192.0676077977696,0.0
2024-05-23,3192495.611816957,0.0012183259936065134,1539.3875787134214,288.1014116963488,0.0
2024-05-24,3195891.6922658468,0.0022640536325930884,1557.719059966251,1838.361388923382,0.0
2024-05-25,3197234.6330953045,0.0008952938863052392,1535.0084372556285,-192.0676077977696,0.0
2024-05-26,3197982.802279429,0.0004987794560828946,1543.8778450014406,-795.7086608770987,0.0
2024-05-27,3200710.5217509684,0.001818479647692847,1575.3138247520271,1152.4056467872433,0.0
2024-05-28,3201319.858117598,0.00040622424441979696,1720.5846688891634,-1111.248302259468,0.0
2024-05-29,3203100.971654935,0.0011874090248909937,2384.754590415827,-603.6410530793364,0.0
2024-05-30,3205771.5295105,0.0017803719037101024,3013.5357266329174,-342.9778710677638,0.0
2024-05-31,3207598.6766556893,0.0012180980967930611,1703.6751116049993,123.47203358459228,0.0
2024-06-01,3210328.2605816885,0.0018197226173327964,2153.38110260526,576.2028233939345,0.0
2024-06-02,3212732.745436472,0.0016029899031890834,1869.439375917466,535.0454788661591,0.0
2024-06-03,3212970.827690797,0.00015872150288300267,2145.039217461689,-1906.956963137185,0.0
2024-06-04,3215921.6654073875,0.0019672251443938996,1592.645347162201,1358.1923694286488,0.0
2024-06-05,3216778.83162928,0.0005714441479282771,1968.414524152502,-1111.2483022600863,0.0
2024-06-06,3220070.2416908788,0.0021942733743994004,2907.2748460029356,384.1352155961649,0.0
2024-06-07,3222908.818864192,0.0018923847822088055,2427.003728032267,411.5734452809411,0.0
2024-06-08,3225507.1451321812,0.0017322175119927584,1514.516195415072,1083.810072574066,0.0
2024-06-09,3228353.3620862635,0.0018974779693883147,1515.4628143392188,1330.7541397432533,0.0
2024-06-10,3228877.845218612,0.00034965542156551615,1525.9785158661564,-1001.4953835178821,0.0
2024-06-11,3229661.0626254245,0.0005221449378750882,1510.330493476561,-727.1130866639287,0.0
2024-06-12,3232417.8515294045,0.0018378592693199629,1439.753879079722,1317.0350249002222,0.0
2024-06-13,3234610.3471735856,0.0014616637627875451,1465.3825575173892,727.1130866639287,0.0
2024-06-14,3236765.282625151,0.0014366236343766302,1427.8223649010165,727.1130866639287,0.0
2024-06-15,3239679.428404465,0.0019427638528761466,1432.4813763016011,1481.664403012619,0.0
2024-06-16,3240557.9511301783,0.0005856818171422225,1468.4446639502821,-589.9219382369483,0.0
2024-06-17,3242801.879537252,0.0014959522713823114,1448.2197461963756,795.7086608770915,0.0
2024-06-18,3244429.4310012185,0.001085034309311195,996.4721812020689,631.0792827647238,0.0
2024-06-19,3244552.4286862556,8.199845669130764e-05,1247.9651021388102,-1124.9674171018487,0.0
2024-06-20,3246302.9909488116,0.0011670415083708838,954.8536016792198,795.708660877106,0.0
2024-06-21,3247114.014370496,0.0005406822811228385,618.955813886488,192.0676077977696,0.0
2024-06-22,3247132.513659846,1.2332859566767336e-05,690.7359166426584,-672.2366272925074,0.0
2024-06-23,3248107.2136056554,0.0006497999638730459,714.0367637979998,260.663182011569,0.0
2024-06-24,3249311.2701991987,0.0008027043956954267,1176.6183638583639,27.43822968477616,0.0
2024-06-25,3249620.769314316,0.00020633274341162194,1379.5900728484996,-1070.0909577310667,0.0
2024-06-26,3252512.6503421515,0.0019279206852237754,1396.497509980656,1495.383517855007,0.0
2024-06-27,3252733.849118407,0.0001474658508367217,1387.323537885336,-1166.1247616302535,0.0
2024-06-28,3252932.9162185974,0.00013271140012724694,1420.0683211919168,-1221.0012210010464,0.0
2024-06-29,3255078.3799932753,0.0014303091831183465,1390.912458328189,754.5513163493306,0.0
2024-06-30,3257181.916781082,0.0014023578585376174,1390.1428159855127,713.3939718209133,0.0
2024-07-01,3258966.795572702,0.0011899191944135575,1414.462690867185,370.4161007531511,0.0
2024-07-02,3260780.6559944274,0.0012092402811503596,1416.00609128699,397.85433043854937,0.0
2024-07-03,3261077.1658516116,0.0001976732381227257,1407.7581594435528,-1111.2483022594643,0.0
2024-07-04,3262186.253393283,0.0007393916944476088,1356.0316088405978,-246.94406716918456,0.0
2024-07-05,3262746.957031592,0.00037380242553939724,1027.1535429614082,-466.4499046523124,0.0
2024-07-06,3265023.396055203,0.0015176260157408062,877.0893096541411,1399.3497139570682,0.0
2024-07-07,3265681.918661835,0.0004390150710879496,768.2755253735029,-109.75291874157847,0.0
2024-07-08,3265801.9696887103,8.003401791681934e-05,915.7596877529462,-795.7086608777172,0.0
2024-07-09,3267417.987065753,0.0010773449180285042,600.8028786818675,1015.2144983608887,0.0
2024-07-10,3268205.225654193,0.0005248257256267671,650.0474400131703,137.19114842698036,0.0
2024-07-11,3269459.986652396,0.0008365073321353286,788.311093550644,466.4499046523488,0.0
2024-07-12,3269553.3024823344,6.221055329220098e-05,930.1818353431836,-836.8660054048821,0.0
2024-07-13,3269806.108619717,0.00016853742492187667,1185.7059466875198,-932.8998093047048,0.0
2024-07-14,3272413.275540187,0.0017381112803132928,851.1202206033666,1756.0466998665725,0.0
2024-07-15,3272888.442004085,0.0003167776425987628,818.144334965908,-342.9778710677638,0.0
2024-07-16,3273650.99535004,0.0005083688973033711,899.7444943820225,-137.1911484269658,0.0
2024-07-17,3274211.5617140625,0.00037371090934847876,944.7015796188831,-384.1352155961649,0.0
2024-07-18,3274782.253618962,0.0003804612699329421,927.388890809565,-356.69698591015185,0.0
2024-07-19,3276472.4386157384,0.001126789997850704,1059.105714011332,631.0792827647238,0.0
2024-07-20,3277050.391451617,0.0003853018905858177,783.7395585188842,-205.78672264015768,0.0
2024-07-21,3278095.1015989594,0.0006964734315616792,880.0807692307693,164.62937811174925,0.0
2024-07-22,3279305.497324083,0.0008069304834157425,990.8898876404496,219.5058374831642,0.0
2024-07-23,3280418.9132800996,0.0007422773040112992,1264.3262192863317,-150.910263269383,0.0
2024-07-24,3281488.295737056,0.000712921637970869,1096.820686641698,-27.438229685394617,0.0
2024-07-25,3282223.9878570708,0.0004904614133433536,612.2200864304235,123.47203358460683,0.0
2024-07-26,3283038.922581522,0.0005432898163006732,526.833312754661,288.1014116963488,0.0
2024-07-27,3283575.318955835,0.0003575975828751011,550.1154891550397,-13.71911484238808,0.0
2024-07-28,3283608.8594478024,2.2360327978469286e-05,1336.8564020249414,-1303.3159100572375,0.0
2024-07-29,3286641.79187046,0.0020219549484385463,1263.1666079488552,1769.7658147089642,0.0
2024-07-30,3286182.2810940957,-0.0003063405175764101,1365.1314977157676,-1824.6422740803828,0.0
2024-07-31,3287847.0284565957,0.0011098315750001303,1349.2077211178337,315.5396413823619,0.0
2024-08-01,3289300.31473021,0.0009688575157429199,1151.4657470743987,301.8205265399811,0.0
2024-08-02,3290815.759257244,0.001010296351355894,843.2078997407086,672.2366272931322,0.0
2024-08-03,3291165.676631131,0.0002332782492580183,665.4570152693748,-315.5396413823473,0.0
2024-08-04,3291929.2075258917,0.0005090205965071641,502.86771274917345,260.66318201157264,0.0
2024-08-05,3291101.9923360874,-0.00055147679320293,-292.16971093825026,-535.0454788661445,0.0
2024-08-06,3290429.9123015157,-0.0004480533563811146,-466.29331193151415,-205.78672264015768,0.0
2024-08-07,3290539.871942074,7.33064270389948e-05,-315.3329195648297,425.2925601233219,0.0
2024-08-08,3290144.330163254,-0.00026369451921355076,-285.7888600787477,-109.75291874157847,0.0
2024-08-09,3288244.330163254,-0.0012666666666666666,0.0,0.0,1900.0
2024-08-10,3288244.330163254,0.0,0.0,0.0,0.0
2024-08-11,3288244.330163254,0.0,0.0,0.0,0.0
2024-08-12,3288244.330163254,0.0,0.0,0.0,0.0
2024-08-13,3288244.330163254,0.0,0.0,0.0,0.0
2024-08-14,3288244.330163254,0.0,0.0,0.0,0.0
2024-08-15,3288244.330163254,0.0,0.0,0.0,0.0
2024-08-16,3288244.330163254,0.0,0.0,0.0,0.0
2024-08-17,3288244.330163254,0.0,0.0,0.0,0.0
2024-08-18,3288244.330163254,0.0,0.0,0.0,0.0
2024-08-19,3288244.330163254,0.0,0.0,0.0,0.0
2024-08-20,3288244.330163254,0.0,0.0,0.0,0.0
2024-08-21,3288244.330163254,0.0,0.0,0.0,0.0
2024-08-22,3288244.330163254,0.0,0.0,0.0,0.0
2024-08-23,3288244.330163254,0.0,0.0,0.0,0.0
2024-08-24,3288244.330163254,0.0,0.0,0.0,0.0
2024-08-25,3288244.330163254,0.0,0.0,0.0,0.0
2024-08-26,3286918.6751616756,-0.0008837700010520335,533.1876538941707,41.15734452777906,1900.0
2024-08-27,3287163.3768340354,0.00016313444823978473,807.1853809112235,-562.4837085515464,0.0
2024-08-28,3287146.025611251,-1.156748185617721e-05,-181.98060089723015,164.62937811296433,0.0
2024-08-29,3286712.96541397,-0.00028870679818738377,33.38970737128041,-466.44990465235605,0.0
2024-08-30,3287485.0145201692,0.0005146994041330621,346.7565460756472,425.2925601239459,0.0
2024-08-31,3287843.5686593642,0.00023903609279635885,797.5658141608703,-439.01167496633207,0.0
2024-09-01,3288447.912023291,0.0004028955759514391,480.8713303425663,123.47203358459228,0.0
2024-09-02,3288828.7408924242,0.0002538859127553038,284.7950652343911,96.03380389856466,0.0
2024-09-03,3289487.288153952,0.00043903150768494074,548.7943427858036,109.75291874160757,0.0
2024-09-04,3289898.5119113433,0.0002741491715943303,424.9428722338835,-13.71911484238808,0.0
2024-09-05,3289977.7866098657,5.284979901491685e-05,339.9378805339479,-260.66318201157264,0.0
2024-09-06,3290988.697671588,0.0006739407078149191,407.2700086430423,603.6410530793364,0.0
2024-09-07,3291142.8873136565,0.00010279309471214851,71.87495301203167,82.31468905619113,0.0
2024-09-08,3291230.08664677,5.813288874248845e-05,320.42428543990343,-233.22495232617075,0.0
2024-09-09,3291356.161833007,8.405012415817183e-05,84.91784170885295,41.15734452840479,0.0
2024-09-10,3291177.077979445,-0.00011938923570805228,-69.3309348204854,-109.75291874159302,0.0
2024-09-11,3290668.7844172763,-0.00033886237477904335,81.62837606837607,-589.9219382369411,0.0
2024-09-12,3291513.2559975814,0.0005629810535367933,199.67318269745235,644.7983976077376,0.0
2024-09-13,3291429.809069017,-5.563128570979666e-05,465.3176651438449,-548.7645937085399,0.0
2024-09-14,3291544.7417822466,7.662180881970693e-05,18.898909330370007,96.03380389919039,0.0
2024-09-15,3291816.094848469,0.00018090204414801208,106.72368810964318,164.62937811237498,0.0
2024-09-16,3291785.129221025,-2.0643751629021798e-05,-154.43766102811043,123.47203358457773,0.0
2024-09-17,3292038.5600417024,0.0001689538804513653,500.37488784623616,-246.9440671691882,0.0
2024-09-18,3292557.997490084,0.0003462916322544368,327.36984058388555,192.0676077977696,0.0
2024-09-19,3292621.686136419,4.2459097556739e-05,598.7341252006419,-535.0454788655334,0.0
2024-09-20,3293421.2489041127,0.00053304184512941,1005.3494903348837,-205.78672264076886,0.0
2024-09-21,3294652.5394708496,0.000820860377824477,627.6495136573789,603.6410530793364,0.0
2024-09-22,3295235.2379054986,0.00038846562309941305,719.8895830760999,-137.19114842698036,0.0
2024-09-23,3295850.942282582,0.0004104695847223589,560.8279177127491,54.876459370789235,0.0
2024-09-24,3296473.8084690794,0.0004152441243316827,485.67503807054374,137.19114842698036,0.0
2024-09-25,3296981.987256584,0.0003387858583363704,425.8640984483681,82.31468905618749,0.0
2024-09-26,3297874.4264713023,0.0005949594764787925,906.1583295605768,-13.71911484238808,0.0
2024-09-27,3298588.94843149,0.0004763479734581679,851.7131086142322,-137.19114842698036,0.0
2024-09-28,3299206.4391142894,0.00041166045519996496,864.434749969132,-246.94406716918456,0.0
2024-09-29,3300436.7870329632,0.0008202319457823569,695.3024398073836,535.0454788661518,0.0
2024-09-30,3301367.2965650037,0.0006203396880268964,903.0713023555721,27.438229684772523,0.0
2024-10-01,3301598.7999265986,0.00015433557439673828,1013.4929076291996,-781.9895460340922,0.0
2024-10-02,3302747.363455018,0.0007657090189463632,901.6194612503602,246.94406716918456,0.0
2024-10-03,3303328.7544223526,0.0003875939782230526,361.885129851422,219.50583748315694,0.0
2024-10-04,3303699.305669832,0.00024703416498630975,411.7085920072437,-41.15734452777906,0.0
2024-10-05,3304431.8165485407,0.0004883405858056066,773.6682232374368,-41.15734452902689,0.0
2024-10-06,3305302.6206063805,0.0005805360385598921,582.7026461428709,288.1014116969672,0.0
2024-10-07,3305839.618518331,0.0003579986079671299,509.55968226530024,27.438229685394617,0.0
2024-10-08,3306243.902665208,0.00026952276458461113,829.5767070008643,-425.2925601239476,0.0
2024-10-09,3307158.6633023242,0.0006098404247439285,791.2886035313004,123.47203358459228,0.0
2024-10-10,3307792.2208718457,0.0004223717130143368,866.7825218476905,-233.2249523261853,0.0
2024-10-11,3309146.3900181055,0.0009027794308397545,832.84278223649,521.3263640231417,0.0
2024-10-12,3309587.4049273534,0.00029400993949866536,729.1163209449726,-288.10141169697454,0.0
2024-10-13,3310435.0043143835,0.0005650662580201494,463.4641714340591,384.1352155961649,0.0
2024-10-14,3311073.5198322115,0.00042567701188527706,899.1786998394864,-260.6631820115708,0.0
2024-10-15,3311867.391503611,0.0005292477809331457,1081.9730830966785,-288.10141169696,0.0
2024-10-16,3312871.5785774607,0.0006694580492331626,1072.782648063547,-68.59557421380305,0.0
2024-10-17,3313726.439945806,0.000569907578896476,1074.36720582788,-219.50583748316603,0.0
2024-10-18,3314894.626690396,0.0007787911630605597,1072.1529406922666,96.03380389857284,0.0
2024-10-19,3316365.7726480598,0.0009807639717753914,1087.0107420669221,384.1352155961649,0.0
2024-10-20,3317016.3852065373,0.0004337417056516682,1089.6242334444582,-439.011674966956,0.0
2024-10-21,3317035.7209269963,1.2890480306267212e-05,1130.5840227188542,-1111.2483022594533,0.0
2024-10-22,3318352.7367451363,0.0008780105454265539,1097.5099806560481,219.50583748378267,0.0
2024-10-23,3320707.673568612,0.0015699578823172818,1079.059143104087,1275.8776803718356,0.0
2024-10-24,3321376.0071077324,0.0004455556927467228,1038.7496398732353,-370.4161007531511,0.0
2024-10-25,3321980.494630198,0.00040299168164363314,1043.4991974317818,-439.01167496633207,0.0
2024-10-26,3323121.9661424556,0.0007609810081719373,1004.2803638309256,137.19114842698036,0.0
2024-10-27,3324061.1932075256,0.0006261513767132218,1021.5417541260239,-82.31468905619113,0.0
2024-10-28,3325257.7236433816,0.0007976869572374197,1031.9010577437546,164.62937811237498,0.0
2024-10-29,3326890.2214826206,0.0010883318928259242,1056.2950158455776,576.2028233933088,0.0
2024-10-30,3325932.330933719,-0.0006385936992676549,1086.2575626620574,-2044.1481115635397,0.0
2024-10-31,3327465.860450395,0.0010223530111172071,1094.5178417088528,439.0116749669578,0.0
2024-11-01,3329051.1192614967,0.0010568392074011036,1036.4942173930938,548.7645937085617,0.0
2024-11-02,3329645.8031044938,0.00039645589533173403,1033.695517965181,-439.0116749675799,0.0
2024-11-03,3331632.444802372,0.001324427798585352,1026.3036588879286,960.3380389900994,0.0
2024-11-04,3332383.1410474502,0.000500464163385466,1011.3594270897644,-260.66318201156537,0.0
2024-11-05,3333946.033585624,0.0010419283587823581,986.6897147796026,576.2028233939345,0.0
2024-11-06,3335392.8271610998,0.0009645290503172764,980.3436708235585,466.44990465235605,0.0
2024-11-07,3334212.6322467756,-0.0007867966095493562,1302.964872206445,-2483.1597865304793,0.0
2024-11-08,3335857.180956492,0.0010963658064776732,1191.817919907808,452.73078980870196,0.0
2024-11-09,3336966.5579714878,0.0007395846766638054,1219.1299337366754,-109.75291874096729,0.0
2024-11-10,3338352.9685044754,0.0009242736886581612,2003.7707009095775,-617.3601679223357,0.0
2024-11-11,3339591.8718802007,0.0008259355838168652,2844.039812322509,-1605.1364365972113,0.0
2024-11-12,3343233.157171389,0.0024275235274591874,5616.837828538503,-1975.5525373497221,0.0
2024-11-13,3347595.0732025867,0.0029079440207981978,2674.464905543894,1687.4511256534024,0.0
2024-11-14,3349563.993398495,0.0013126134639389212,1337.8409131442838,631.079282764098,0.0
2024-11-15,3350413.688842926,0.0005664636296206887,1521.9320717235323,-672.2366272924992,0.0
2024-11-16,3352764.1598269986,0.0015669806560482885,1678.2343567793007,672.2366272931322,0.0
2024-11-17,3354347.358937314,0.001055466073543469,1706.6711438997957,-123.47203358459228,0.0
2024-11-18,3356986.917991517,0.0017597060361357504,3009.9751549574025,-370.41610075377685,0.0
2024-11-19,3359598.371142112,0.0017409687670634237,3393.442696629213,-781.9895460340776,0.0
2024-11-20,3362836.07400927,0.002158468578105173,2153.8927945836936,1083.810072574066,0.0
2024-11-21,3365625.03798699,0.0018593093184798512,1691.43479030333,1097.5291874164468,0.0
2024-11-22,3367191.5061347727,0.0010443120985219375,3939.875015571196,-2373.4068677882897,0.0
2024-11-23,3371814.086380345,0.003081720163714935,3868.0289292230864,754.551316349316,0.0
2024-11-24,3375242.4846012495,0.002285598813936299,3634.1849435458425,-205.7867226413946,0.0
2024-11-25,3379488.1016620668,0.0028304113738781924,3367.593710883373,878.0233499339156,0.0
2024-11-26,3381171.780516795,0.0011224525698187793,2575.4213195044654,-891.7424647762964,0.0
2024-11-27,3383790.410618316,0.0017457534010140976,2632.3492163641604,-13.719114843013813,0.0
2024-11-28,3385657.246606573,0.0012445573255046678,2127.499170267934,-260.66318201093236,0.0
2024-11-29,3387174.89870793,0.001011768067571343,1737.157938840186,-219.5058374831715,0.0
2024-11-30,3390522.984227678,0.0022320570131651625,2675.848892455859,672.2366272918844,0.0
2024-12-01,3392782.388150797,0.0015062692820794377,2067.3363153201353,192.06760779902106,0.0
2024-12-02,3395556.413823102,0.0018493504482034484,4777.016439340933,-2002.9907670357607,0.0
2024-12-03,3400400.77481417,0.0032295739940452605,3774.2700333374496,1070.090957730441,0.0
2024-12-04,3403803.383923526,0.002268406072903993,2702.934252376837,699.6748569791525,0.0
2024-12-05,3408449.107402968,0.003097148986294731,5496.308599689948,-850.5851202478516,0.0
2024-12-06,3413054.047151359,0.0030699598322604573,3438.8149867610546,1166.1247616296314,0.0
2024-12-07,3416251.814763272,0.0021318450746091538,4281.577684487796,-1083.810072574066,0.0
2024-12-08,3418769.3179419907,0.0016783354524790232,3477.8412177086334,-960.3380389900985,0.0
2024-12-09,3421747.619732748,0.0019855345271711893,2402.0989673622257,576.2028233945584,0.0
2024-12-10,3426856.295700974,0.0034057839788173947,1527.9869942791292,3580.6889739469625,0.0
2024-12-11,3428870.97926959,0.0013431223790775367,1493.3572045931598,521.3263640231453,0.0
2024-12-12,3432573.9494579537,0.0024686467922424666,1576.507387743343,2126.4628006203566,0.0
2024-12-13,3433759.4949985556,0.0007903636937343092,1597.1189858830307,-411.5734452815668,0.0
2024-12-14,3435545.280623667,0.0011905237500744149,1607.4371321562335,178.3484929553888,0.0
2024-12-15,3437778.098315838,0.0014885451281138843,1560.5810648776942,672.2366272931322,0.0
2024-12-16,3437811.8271300946,2.2485876171155267e-05,1556.550561797753,-1522.8217475410202,0.0
2024-12-17,3440672.849752914,0.001907348415213055,1640.0214018191548,1221.001221000428,0.0
2024-12-18,3443157.678569367,0.0016565525443019535,1497.0525477768176,987.7762686761125,0.0
2024-12-19,3443086.6883257157,-4.73268291009493e-05,1040.2580586080585,-1111.2483022594824,0.0
2024-12-20,3443024.9619123037,-4.115094227465776e-05,1406.2188747582006,-1467.9452881701873,0.0
2024-12-21,3445651.6871562973,0.0017511501626625583,1254.8137597234227,1371.9114842704148,0.0
2024-12-22,3446799.636364019,0.0007652994718142935,1161.6683225638283,-13.71911484238808,0.0
2024-12-23,3447291.085843104,0.00032763298605683775,889.3038095238096,-397.854330438553,0.0
2024-12-24,3449313.5360564366,0.0013483001422216934,979.7974852862494,1042.6527280462906,0.0
2024-12-25,3449091.350750157,-0.00014812353751962238,587.2424694406717,-809.4277757201053,0.0
2024-12-26,3450462.647311461,0.0009141977075358433,1261.543642562182,109.75291874158302,0.0
2024-12-27,3452400.503940537,0.0012919044193840875,1087.2715088282505,850.5851202478807,0.0
2024-12-28,3453083.036565965,0.00045502175028507084,1341.0501378771041,-658.5175124494979,0.0
2024-12-29,3454139.365154679,0.000704219059142842,960.2947848156838,96.03380389857921,0.0
2024-12-30,3454889.304104618,0.0004999592999592683,1381.0182327036262,-631.0792827647238,0.0
2024-12-31,3457177.7881616345,0.0015256560380111272,1314.4269031842068,974.0571538324839,0.0
2025-01-01,3457823.922801028,0.0004307564262622794,1373.2477260567148,-727.1130866632957,0.0
2025-01-02,3458987.03621695,0.0007754089439479867,1382.61925340577,-219.50583748378995,0.0
2025-01-03,3460148.2893208996,0.0007741687359664381,1421.9162859612297,-260.66318201157264,0.0
2025-01-04,3461976.183025198,0.0012185958028654693,1484.91583323044,342.9778710677638,0.0
2025-01-05,3463206.5050128233,0.0008202146584170699,1504.7042844795656,-274.3822968539607,0.0
2025-01-06,3464894.625631281,0.001125413745638348,1496.0530106597523,192.0676077977696,0.0
2025-01-07,3467344.4699193276,0.0016332295253646291,1516.9444787422317,932.8998093047121,0.0
2025-01-08,3469021.2936075744,0.0011178824588310365,1375.0031617072066,301.82052653934807,0.0
2025-01-09,3470194.0726395533,0.0007818526879859912,1213.9363765073879,-41.157344528401154,0.0
2025-01-10,3469938.6903070295,-0.0001702548883490969,1047.9335775335776,-1303.315910057223,0.0
2025-01-11,3471730.0320946304,0.0011942278584003753,995.633126723464,795.7086608770987,0.0
2025-01-12,3472228.4690470663,0.00033229130162393613,1266.7073836276084,-768.2704311917041,0.0
2025-01-13,3474098.087333275,0.0012464121908057641,1019.0331659601324,850.5851202485137,0.0
2025-01-14,3474679.4394962303,0.0003875681086368763,883.1726894952737,-301.82052653995925,0.0
2025-01-15,3475738.071169551,0.0007057544488804875,701.9346874099682,356.69698591076303,0.0
2025-01-16,3476936.672075836,0.0007990672708564371,1116.2862172284645,82.31468905619113,0.0
2025-01-17,3477488.2888735197,0.0003677445317893459,1361.044573404124,-809.4277757201053,0.0
2025-01-18,3479123.2149960855,0.0010899507483773832,1429.1393999259171,205.78672264015768,0.0
2025-01-19,3480127.4720374215,0.0006695046942240264,1360.9540272461622,-356.69698591012275,0.0
2025-01-20,3481505.2114016777,0.0009184929095041107,1322.8629048853768,54.876459370789235,0.0
2025-01-21,3482499.796467049,0.0006630567102475255,1351.2820512820513,-356.69698591076303,0.0
2025-01-22,3483951.296652258,0.0009676667901390653,1369.1854961517884,82.31468905680958,0.0
2025-01-23,3484983.793119586,0.0006883309782188051,1334.3169938675558,-301.82052653934807,0.0
2025-01-24,3485987.1556746336,0.0006689083700315574,1373.7786558011276,-370.4161007537914,0.0
2025-01-25,3488566.9444440287,0.0017198591795968144,1015.8096773264188,1563.9790920688029,0.0
2025-01-26,3488746.6411784682,0.00011979782295992816,1057.7200843725564,-878.0233499326641,0.0
2025-01-27,3490772.855766003,0.001350809725022991,297.6061173533084,1728.6084701811778,0.0
2025-01-28,3490724.303132619,-3.236842225613259e-05,870.6280610774994,-919.1806944616983,0.0
2025-01-29,3492228.977480343,0.0010031162318161978,1065.6626727579537,439.011674966343,0.0
2025-01-30,3492506.1413096227,0.00018477588618655643,825.9284229877488,-548.7645937079142,0.0
2025-01-31,3493945.0655971207,0.0009592828583317081,1219.4184500144052,219.50583748315694,0.0
2025-02-01,3494888.312726395,0.0006288314195166231,984.4044738033504,-41.157344528415706,0.0
2025-02-02,3495505.3421548577,0.00041135295230794515,863.973495630462,-246.94406716854428,0.0
2025-02-03,3494414.1525640986,-0.0007274597271725801,-1516.4821508828252,425.2925601239549,0.0
2025-02-04,3493150.274214234,-0.0008425855665764445,-701.3946413137425,-562.4837085509243,0.0
2025-02-05,3492854.0377962952,-0.00019749094529269287,-186.48349919743174,-109.75291874160757,0.0
2025-02-06,3492890.8469908456,2.4539463033740758e-05,-127.82018356175656,164.6293781123677,0.0
2025-02-07,3490990.8469908456,-0.0012666666666666666,0.0,0.0,1900.0
2025-02-08,3490990.8469908456,0.0,0.0,0.0,0.0
2025-02-09,3490990.8469908456,0.0,0.0,0.0,0.0
2025-02-10,3490990.8469908456,0.0,0.0,0.0,0.0
2025-02-11,3490990.8469908456,0.0,0.0,0.0,0.0
2025-02-12,3490223.761139917,-0.000511390567285702,639.0260147343294,493.88813433711766,1900.0
2025-02-13,3490406.1534569385,0.00012159487801434239,772.3142552578507,-589.9219382363372,0.0
2025-02-14,3491306.6047307584,0.000600300849213032,598.6307472801855,301.8205265393626,0.0
2025-02-15,3491439.154870693,8.836675995656216e-05,338.33686257562664,-205.7867226407834,0.0
2025-02-16,3492077.795271566,0.0004257602672486922,501.4492524454322,137.1911484276061,0.0
2025-02-17,3492917.804773287,0.0005600063344806667,702.8183532946455,137.19114842635463,0.0
2025-02-18,3492774.5332873706,-9.551432394418756e-05,323.17841873482325,-466.4499046511046,0.0
2025-02-19,3493860.8865589676,0.0007242355143978952,565.0269075743233,521.3263640225196,0.0
2025-02-20,3494314.9781151274,0.0003027277041063285,440.37244131648623,13.719114843006537,0.0
2025-02-21,3494486.2193158236,0.00011416080046422242,541.6573014501105,-370.41610075377685,0.0
2025-02-22,3495994.429160935,0.0010054732300741579,191.174820211,1317.0350249002367,0.0
2025-02-23,3495266.4390112595,-0.000485326766450233,520.4493010110988,-1248.4394506864483,0.0
2025-02-24,3495600.8946480323,0.00022297042451498863,430.4894406716879,-96.03380389920494,0.0
2025-02-25,3495731.0202698507,8.675041454586719e-05,-7.06552660822322,137.19114842702402,0.0
2025-02-26,3496079.8543667905,0.0002325560646264092,389.9914414673965,-41.1573445277827,0.0
2025-02-27,3496573.4485592144,0.0003290627949494859,754.2573744358015,-260.66318201157264,0.0
2025-02-28,3496822.3249719404,0.0001659176084836684,207.71906819771988,41.1573445277827,0.0
2025-03-01,3496814.139560436,-5.456941002970988e-06,87.84839239412273,-96.03380389857921,0.0
2025-03-02,3497024.704357736,0.00014037653153333725,471.22797931157487,-260.663182011569,0.0
2025-03-03,3497385.443183654,0.00024049255061215188,100.07564390665515,260.66318201157264,0.0
2025-03-04,3496892.9568703915,-0.0003283242088415629,-231.82313125077172,-260.66318201157264,0.0
2025-03-05,3497619.377855424,0.000484280656688148,479.47691786365954,246.94406716856247,0.0
2025-03-06,3497924.1169881015,0.00020315942178532751,85.23329519419407,219.50583748379722,0.0
2025-03-07,3497735.748290183,-0.00012557913194585464,182.04740283436914,-370.4161007531511,0.0
2025-03-08,3498138.7173689445,0.0002686460525076255,402.9690787614383,0.0,0.0
2025-03-09,3498263.817873122,8.34003361184305e-05,317.16811197541534,-192.0676077977696,0.0
2025-03-10,3498792.7174500246,0.0003525997179349298,48.730557407636034,480.1690194947587,0.0
2025-03-11,3498252.0792110097,-0.00036042549267647995,145.31750312109864,-685.9557421358186,0.0
2025-03-12,3498550.8962336876,0.00019921134845201754,-16.72261870464117,315.53964138266747,0.0
2025-03-13,3498943.609341204,0.0002618087383443431,186.92638487604782,205.7867226404669,0.0
2025-03-14,3499173.3932308475,0.0001531892597621955,408.1323825986748,-178.34849295538152,0.0
2025-03-15,3499452.985949016,0.00018639514544567374,252.15448848280312,27.438229685707483,0.0
2025-03-16,3499313.094674373,-9.326084976202553e-05,-222.20596369922214,82.31468905618385,0.0
2025-03-17,3499786.9984633178,0.0003159358592966525,295.5552959899028,178.34849295507593,0.0
2025-03-18,3499923.5543190474,9.10372371532854e-05,287.46611899960214,-150.91026326967403,0.0
2025-03-19,3500455.698017858,0.00035476246587351934,573.3010433386838,-41.15734452840479,0.0
2025-03-20,3500317.523733516,-9.211618956110582e-05,-28.421365600691434,-109.75291874096729,0.0
2025-03-21,3501043.837871612,0.00048420942539733735,397.0553818715617,329.25875622444437,0.0
2025-03-22,3500813.1700536376,-0.00015377854531640843,-38.60021017683939,-192.06760779777323,0.0
2025-03-23,3501284.9886389226,0.0003145457235232936,197.43628843067043,274.38229685426995,0.0
2025-03-24,3501401.960212916,7.798104932927219e-05,309.03918179199076,-192.06760779808246,0.0
2025-03-25,3501361.5498302896,-2.694025508432973e-05,220.25279938538364,-260.66318201187823,0.0
2025-03-26,3501605.0418155836,0.0001623279901957062,51.424377495163995,192.06760779839533,0.0
2025-03-27,3501870.1387992986,0.00017673132247682995,416.0072469852245,-150.91026326997962,0.0
2025-03-28,3501994.970792275,8.322132865071715e-05,69.9555336049718,54.87645937110392,0.0
2025-03-29,3502211.4674474173,0.0001443311034284068,216.4966551426102,0.0,0.0
2025-03-30,3502040.8655514354,-0.00011373459732124695,-47.12986239727814,-123.47203358459228,0.0
2025-03-31,3502107.4468651777,4.438754249498188e-05,107.73865827056838,-41.157344528095564,0.0
2025-04-01,3502369.341845491,0.00017459665354217956,138.42294672867706,123.47203358459228,0.0
2025-04-02,3502479.5053708917,7.344235026714881e-05,206.1973292999136,-96.03380389919039,0.0
2025-04-03,3503058.6516161077,0.00038609749681045303,126.41545540601719,452.7307898096624,0.0
2025-04-04,3502787.5157315675,-0.00018075725636007803,209.03313495493268,-480.1690194950497,0.0
2025-04-05,3503189.836839249,0.0002682140717876298,182.8152701979668,219.50583748347788,0.0
2025-04-06,3503283.0787316635,6.216126160961844e-05,134.39923694283246,-41.15734452840479,0.0
2025-04-07,3502981.8640961116,-0.00020080975703442455,-177.74260196732104,-123.4720335843158,0.0
2025-04-08,3502706.036665016,-0.00018388495406388116,-15.164249084249088,-260.66318201157264,0.0
2025-04-09,3502685.8821740635,-1.3436327301397852e-05,-198.5029839074783,178.34849295538152,0.0
2025-04-10,3503092.42107187,0.0002710259318707868,296.7859790646308,109.75291874154937,0.0
2025-04-11,3502763.0250125485,-0.00021959737288085296,-151.04756636621806,-178.34849295506137,0.0
2025-04-12,3500863.0250125485,-0.0012666666666666666,0.0,0.0,1900.0
2025-04-13,3500863.0250125485,0.0,0.0,0.0,0.0
2025-04-14,3500863.0250125485,0.0,0.0,0.0,0.0
2025-04-15,3500863.0250125485,0.0,0.0,0.0,0.0
2025-04-16,3500863.0250125485,0.0,0.0,0.0,0.0
2025-04-17,3500863.0250125485,0.0,0.0,0.0,0.0
2025-04-18,3500863.0250125485,0.0,0.0,0.0,0.0
2025-04-19,3500863.0250125485,0.0,0.0,0.0,0.0
2025-04-20,3500863.0250125485,0.0,0.0,0.0,0.0
2025-04-21,3500863.0250125485,0.0,0.0,0.0,0.0
2025-04-22,3500863.0250125485,0.0,0.0,0.0,0.0
2025-04-23,3499225.924082393,-0.0010914006201037585,633.3151705971931,-370.41610075283097,1900.0
2025-04-24,3499610.4590462428,0.00025635664256658117,439.41142322097386,-54.8764593711021,0.0
2025-04-25,3500222.5476297447,0.00040805905566782577,310.26805696176484,301.8205265399738,0.0
2025-04-26,3500173.564927353,-3.265513492769436e-05,-35.26358754853137,-13.719114843010175,0.0
2025-04-27,3500104.746685595,-4.58788278388626e-05,-123.69470112908314,54.876459370789235,0.0
2025-04-28,3500039.937649637,-4.320602397182085e-05,-325.47221796929665,260.66318201156537,0.0
2025-04-29,3499804.0372881386,-0.0001572669076656595,312.8642322097378,-548.764593708227,0.0
2025-04-30,3500277.0476526553,0.0003153402430111959,-308.9791815176085,781.9895460344023,0.0
2025-05-01,3500086.3209460657,-0.00012715113772633567,262.0040832201507,-452.7307898096542,0.0
2025-05-02,3498186.3209460657,-0.0012666666666666666,0.0,0.0,1900.0
2025-05-03,3498186.3209460657,0.0,0.0,0.0,0.0
2025-05-04,3498186.3209460657,0.0,0.0,0.0,0.0
2025-05-05,3498186.3209460657,0.0,0.0,0.0,0.0
2025-05-06,3498186.3209460657,0.0,0.0,0.0,0.0
2025-05-07,3498186.3209460657,0.0,0.0,0.0,0.0
2025-05-08,3498186.3209460657,0.0,0.0,0.0,0.0
2025-05-09,3497029.8407221697,-0.0007709868159307742,908.1491542165702,-164.6293781127315,1900.0
2025-05-10,3497778.1718471376,0.0004988874166452737,926.6796179226517,-178.34849295474123,0.0
2025-05-11,3499288.978419965,0.001007204381885003,701.3787971080106,809.4277757194941,0.0
2025-05-12,3499773.536340696,0.000323038613820813,786.3784472705821,-301.8205265393626,0.0
2025-05-13,3500972.9889381365,0.0007996350649602419,897.6320709003854,301.82052653997744,0.0
2025-05-14,3501455.254949853,0.0003215106744773653,742.9291937276206,-260.66318201157264,0.0
2025-05-15,3502196.6312171556,0.0004942508448687148,919.7247602584682,-178.34849295539607,0.0
2025-05-16,3502953.293675895,0.0005044416391594717,838.9771477960244,-82.31468905681686,0.0
2025-05-17,3503716.1394907422,0.0005085638765649835,104.32830239672936,658.5175124507459,0.0
2025-05-18,3503493.106557321,-0.00014868862228082367,353.169889972699,-576.2028233939345,0.0
2025-05-19,3503588.2475659503,6.342733908638206e-05,369.5233054835302,-274.3822968539571,0.0
2025-05-20,3504787.5006806008,0.0007995020764335788,554.4547170432563,644.7983976071118,0.0
2025-05-21,3505040.4125056546,0.00016860788336936475,472.4176625372132,-219.50583748316603,0.0
2025-05-22,3505272.471973353,0.00015470631179857985,739.666716878627,-507.6072491807572,0.0
2025-05-23,3506484.425977003,0.0008079693357665058,704.3467544690017,507.6072491807572,0.0
2025-05-24,3507043.854587667,0.0003729524071097525,559.42861066524,-6.111804395914078e-10,0.0
2025-05-25,3507719.24657104,0.00045026132224847165,634.2346388443018,41.1573445284057,0.0
2025-05-26,3508247.638886826,0.00035226154385747645,459.7967415730337,68.59557421318095,0.0
2025-05-27,3509215.724150027,0.0006453901754676116,844.6132296168252,123.47203358459228,0.0
2025-05-28,3509898.866101709,0.000455427967787755,1094.715396962588,-411.57344528095564,0.0
2025-05-29,3511255.8458166257,0.0009046531432778782,1041.4400735344555,315.5396413823619,0.0
2025-05-30,3511927.5313854883,0.0004477903792417422,836.3149469756213,-164.629378113008,0.0
2025-05-31,3513297.7289522663,0.0009134650445188251,492.17421684432924,878.0233499339083,0.0
2025-06-01,3512783.1490847934,-0.0003430532449822336,514.3537457299254,-1028.9336132032759,0.0
2025-06-02,3513777.363257736,0.0006628094486287083,541.4833831337202,452.73078980934224,0.0
2025-06-03,3513782.655793578,3.5283572277740707e-06,526.6188998641807,-521.3263640225196,0.0
2025-06-04,3514847.3950014357,0.0007098261385719896,708.0422219478398,356.6969859101446,0.0
2025-06-05,3515286.380350244,0.00029265689920556285,617.3338417637294,-178.34849295538515,0.0
2025-06-06,3515507.064961513,0.00014712307417920665,138.36992221261883,82.31468905619113,0.0
2025-06-07,3515668.3365182206,0.00010751437113855195,710.0361504163751,-548.7645937085472,0.0
2025-06-08,3517206.3785257395,0.0010253613383455827,838.3671505398472,699.6748569785268,0.0
2025-06-09,3518058.3885090025,0.0005680066555086194,440.4365379813695,411.57344528155954,0.0
2025-06-10,3518433.934186795,0.0002503637851950493,1102.6587644565172,-727.1130866639432,0.0
2025-06-11,3519140.087209802,0.0004707686820047032,1158.883812816397,-452.73078980934224,0.0
2025-06-12,3520747.9621072514,0.0010719165982996767,812.1662365724163,795.7086608770987,0.0
2025-06-13,3520776.1464641676,1.8789571277443485e-05,-12.972987611639297,41.157344527804526,0.0
2025-06-14,3520762.1484314892,-9.332021785587907e-06,246.66514933256505,-260.6631820109469,0.0
2025-06-15,3521392.927802056,0.00042051958037799485,603.3411408815904,27.438229685401893,0.0
2025-06-16,3522268.1717657824,0.0005834959758174071,614.5807817151638,260.6631820109469,0.0
2025-06-17,3522450.109833857,0.00012129204538303146,511.1968242992962,-329.25875622474905,0.0
2025-06-18,3522827.5144585706,0.0002516030831424911,514.595773140717,-137.19114842698036,0.0
2025-06-19,3524090.384449379,0.0008419133272054291,522.0377893018342,740.8322015063095,0.0
2025-06-20,3524030.6007814365,-3.985577862832944e-05,681.0485335638144,-740.8322015063086,0.0
2025-06-21,3524122.977426838,6.1584430267934e-05,-44.81450302506481,137.1911484269658,0.0
2025-06-22,3524218.2559824903,6.351903710105674e-05,67.84032596616866,27.438229685416445,0.0
2025-06-23,3524647.203368861,0.0002859649242475895,31.09305593283121,397.854330438553,0.0
2025-06-24,3524621.0938299606,-1.7406359267153647e-05,124.8007243692637,-150.91026326999418,0.0
2025-06-25,3524111.1506218836,-0.0003399621387182226,11.38315594517842,-521.3263640225123,0.0
2025-06-26,3524966.2702059196,0.0005700797226906776,388.66967938428616,466.4499046517303,0.0
2025-06-27,3525385.090475775,0.0002792135132367424,213.03354721433377,205.78672264077977,0.0
2025-06-28,3525450.1359182848,4.3363628340049294e-05,435.4615432632287,-370.41610075315475,0.0
2025-06-29,3525566.88319847,7.783152012347152e-05,500.8824957813722,-384.1352155961649,0.0
2025-06-30,3526095.4332080744,0.00035236667306932495,501.1117799179598,27.438229686027626,0.0
2025-07-01,3526831.150140205,0.0004904779547538759,282.9861423220974,452.7307898087165,0.0
2025-07-02,3527475.522014923,0.00042958124981204486,397.42780754825696,246.9440671698103,0.0
2025-07-03,3527903.901412379,0.0002855862649706206,853.671957580497,-425.2925601245661,0.0
2025-07-04,3528337.6873302567,0.00028919061191863473,378.90945850653713,54.87645937141497,0.0
2025-07-05,3528836.238924006,0.0003323677291660965,375.0795601651782,123.47203358396655,0.0
2025-07-06,3529479.483978265,0.0004288300361727327,643.2450542590991,0.0,0.0
2025-07-07,3530133.160282061,0.0004357842025306846,598.7998444252377,54.876459370789235,0.0
2025-07-08,3530349.944043019,0.0001445225073054475,587.1998617113223,-370.4161007531511,0.0
2025-07-09,3531459.8183723604,0.00073991621956085,643.4244246889191,466.44990465235605,0.0
2025-07-10,3531751.612991037,0.00019452974578436897,607.3342600595411,-315.5396413829876,0.0
2025-07-11,3532458.3984652385,0.00047119031613422765,1214.3927233814875,-507.607249180146,0.0
2025-07-12,3534153.070574004,0.0011297814058435617,885.244333045232,809.4277757201107,0.0
2025-07-13,3534981.3326974483,0.0005521747489629468,636.1945156466505,192.0676077977696,0.0
2025-07-14,3536179.9968570843,0.0007991094397574958,855.6862885678617,342.9778710683822,0.0
2025-07-15,3536834.705982216,0.0004364727500876626,1080.0016852560673,-425.29256012457336,0.0
2025-07-16,3536658.12176743,-0.00011772280985737326,1291.3610733835453,-1467.9452881696052,0.0
2025-07-17,3538772.459614352,0.0014095585646145142,1387.2247602584682,727.113086663303,0.0
2025-07-18,3539393.932772904,0.0004143154390348177,1430.9009342717206,-809.4277757194941,0.0
2025-07-19,3541319.970280964,0.001284025005373039,1459.5876034078283,466.4499046517303,0.0
2025-07-20,3542962.6916045835,0.0010951475490800291,1478.091945507676,164.6293781123677,0.0
2025-07-21,3544961.160551368,0.0013323126311893965,1545.7381569741121,452.7307898099825,0.0
2025-07-22,3547002.955834736,0.0013611968555789949,1547.9071490307444,493.88813433774794,0.0
2025-07-23,3546925.862640789,-5.1395462631682066e-05,1541.7623574926947,-1618.8555514402178,0.0
2025-07-24,3549241.992204109,0.001544086375546965,1492.9826727579537,823.1468905624934,0.0
2025-07-25,3550685.0592494234,0.0009620446968762049,1525.3817343704984,-82.31468905619113,0.0
2025-07-26,3552300.1475319276,0.0010767255216692921,1532.7735934477507,82.31468905618749,0.0
2025-07-27,3554186.138120615,0.0012573270591249629,1446.9789137204866,439.0116749669578,0.0
2025-07-28,3555121.018970102,0.0006232538996583845,1593.398361937688,-658.5175124501111,0.0
2025-07-29,3559661.75759435,0.003027159082831542,1275.5892916821008,3265.149332565212,0.0
2025-07-30,3559079.309995194,-0.00038829839943700124,473.9242437337943,-1056.3718428892962,0.0
2025-07-31,3558561.4521518387,-0.0003452385622366307,730.5816073314949,-1248.439450686441,0.0
2025-08-01,3559346.4252638826,0.0005233154080291547,112.73648475120385,672.2366272925283,0.0
2025-08-02,3560008.5587641783,0.00044142233353040356,689.5717299803815,-27.43822968477616,0.0
2025-08-03,3560380.80787367,0.00024816607299465353,756.3843250881453,-384.1352155961649,0.0
2025-08-04,3560991.560222108,0.0004071682322918661,308.9318218984511,301.82052653934807,0.0
2025-08-05,3561008.462535563,1.126820896969637e-05,236.4081509377015,-219.50583748315694,0.0
2025-08-06,3562172.724148245,0.0007761744084548513,835.0028564569013,329.2587562253757,0.0
2025-08-07,3563592.7757255314,0.0009467010515241887,1035.9163616907438,384.1352155955392,0.0
2025-08-08,3564619.2094965046,0.0006842891806489148,1300.8160678273039,-274.3822968539316,0.0
2025-08-09,3564307.3904790683,-0.00020787934495785217,1650.0144050705849,-1961.8334225073631,0.0
2025-08-10,3567495.9258916704,0.002125690275068453,1748.0283541177923,1440.5070584848872,0.0
2025-08-11,3569539.114087606,0.0013621254639567333,1645.3338654977983,397.85433043730154,0.0
2025-08-12,3571046.460307167,0.001004897479707473,1370.1550711336106,137.19114842759882,0.0
2025-08-13,3571974.9603963415,0.0006190000594496747,1888.838128163971,-960.3380389894592,0.0
2025-08-14,3573572.562295068,0.0010650679324842817,1954.298884635963,-356.6969859095407,0.0
2025-08-15,3576073.050381936,0.001666992057912247,1636.1838517786834,864.3042350896867,0.0
2025-08-16,3578118.553444729,0.0013636687085288915,1030.2885644318228,1015.2144983615144,0.0
2025-08-17,3577943.8096999587,-0.00011649582984719064,566.0884567367714,-740.8322015075573,0.0
2025-08-18,3578958.584310268,0.0006765164068728612,1151.9657587356464,-137.19114842635463,0.0
2025-08-19,3580170.690057204,0.00080807049795744,1774.589455488332,-562.4837085521722,0.0
2025-08-20,3581775.62557517,0.0010699570119772767,1083.6091539421877,521.3263640237274,0.0
2025-08-21,3582666.758190993,0.0005940884105488504,877.4135009809168,13.719114842358977,0.0
2025-08-22,3583702.0203564195,0.0006901747769507246,1103.8577396386383,-68.59557421255158,0.0
2025-08-23,3585827.2594119944,0.0014168260370501988,1988.0479071490306,137.19114842626732,0.0
2025-08-24,3587025.1782222725,0.0007986125401852072,1966.1892414701406,-768.2704311923299,0.0
2025-08-25,3588680.6010348285,0.001103615208370556,736.2421180941407,919.1806944616931,0.0
2025-08-26,3588900.007031454,0.0001462706644170281,82.21484819799426,137.1911484275479,0.0
2025-08-27,3589520.3264261666,0.00041354626314181665,332.21798301573585,288.1014116969891,0.0
2025-08-28,3589802.609635068,0.00018818880593420817,666.4184244968515,-384.1352155955392,0.0
2025-08-29,3590653.1558684837,0.0005670308222771811,507.56836234926124,342.9778710665105,0.0
2025-08-30,3590296.3815088253,-0.00023784957310578678,425.2151863741751,-781.9895460328553,0.0
2025-08-31,3590709.486391457,0.00027540325508788454,179.8799303068966,233.2249523249302,0.0
2025-09-01,3591265.78967499,0.0003708688556887979,-198.2480328161227,754.5513163493197,0.0
2025-09-02,3590766.136562809,-0.0003331020747874685,529.2805010220741,-1028.9336132032768,0.0
2025-09-03,3591617.851143484,0.0005678097204500354,289.23087212413054,562.4837085509225,0.0
2025-09-04,3591934.6168050882,0.00021117710773614268,-135.96512820512822,452.73078980934224,0.0
2025-09-05,3591079.4698267234,-0.000570097985576334,-361.25884402738336,-493.88813433711766,0.0
2025-09-06,3591250.3463069475,0.0001139176534824981,349.2249731791305,-178.34849295538334,0.0
2025-09-07,3591933.911327594,0.00045571001376424464,1067.7002362431576,-384.13521559679066,0.0
2025-09-08,3593963.8845043927,0.0013533154511991227,808.971955797012,1221.001221001672,0.0
2025-09-09,3595265.7470590286,0.0008679083697573503,1260.7052101082438,41.157344527781675,0.0
2025-09-10,3595754.241498124,0.0003256629593965925,1476.270707769135,-987.7762686742462,0.0
2025-09-11,3596704.5596836335,0.0006335454570065126,1183.543137835947,-233.22495232617803,0.0
2025-09-12,3598855.5642584097,0.0014340030498507222,1519.9252920113595,631.0792827647238,0.0
2025-09-13,3599931.871323754,0.0007175380435628893,1926.8921855921856,-850.5851202478516,0.0
2025-09-14,3601473.9351437045,0.0010280425466335946,910.9845371856608,631.079282764731,0.0
2025-09-15,3603513.7241985938,0.0013598593699262237,1106.889245585875,932.8998093034606,0.0
2025-09-16,3603818.3250220153,0.00020306721561441554,688.7360390171625,-384.1352155955392,0.0
2025-09-17,3604145.063741885,0.00021782581324672864,752.0312799934148,-425.2925601233219,0.0
2025-09-18,3605329.934055503,0.0007899135424119454,718.4204089668135,466.4499046511046,0.0
2025-09-19,3605513.366995647,0.00012228862676286716,32.52267687368813,150.91026327061263,0.0
2025-09-20,3605150.399612569,-0.00024197825538549458,-47.42774169650573,-315.53964138173615,0.0
2025-09-21,3605542.8765809173,0.00026165131223246927,337.6005089791607,54.87645936954323,0.0
2025-09-22,3605184.025378437,-0.00023923413498701203,-125.62625015434004,-233.22495232617803,0.0
2025-09-23,3605698.2225555927,0.00034279811810395116,184.93842092988163,329.2587562260451,0.0
2025-09-24,3605286.537038862,-0.0002744570111538711,-109.86499019083288,-301.8205265399738,0.0
2025-09-25,3603386.537038862,-0.0012666666666666666,0.0,0.0,1900.0
2025-09-26,3603386.537038862,0.0,0.0,0.0,0.0
2025-09-27,3603318.0600311374,-4.565133848284586e-05,706.5555751738898,1124.9674171018414,1900.0
2025-09-28,3603495.9019051683,0.0001185612493540084,1124.4607981781019,-946.6189241470893,0.0
2025-09-29,3605416.5118921353,0.0012804066579781062,219.43974647075777,1701.1702404964017,0.0
2025-09-30,3604680.361368614,-0.0004907670156809202,4.681677984936412,-740.8322015063168,0.0
2025-10-01,3605133.7522639227,0.00030226059687269764,14.379220342703496,439.011674966343,0.0
2025-10-02,3605323.985626752,0.00012682224188608518,492.0538893690579,-301.82052653993014,0.0
2025-10-03,3606881.097816187,0.0010380747929567505,912.3137918261514,644.7983976089745,0.0
2025-10-04,3606346.750316495,-0.0003562316664611758,686.6537213099011,-1221.0012210016648,0.0
2025-10-05,3608750.656374993,0.0016026040389985707,1567.0400530929746,836.8660054048814,0.0
2025-10-06,3609928.6823439044,0.0007853506459411563,1726.7905626209001,-548.7645937091656,0.0
2025-10-07,3611348.2348263795,0.0009463683216501461,1927.1597316541138,-507.60724917889456,0.0
2025-10-08,3612322.6304418864,0.0006495970770044912,521.664825698646,452.7307898080908,0.0
2025-10-09,3613068.150859223,0.0004970136115579146,567.1719243802389,178.34849295663298,0.0
2025-10-10,3613338.2805881333,0.00018008648594001022,-4.252567943916279,274.3822968539316,0.0
2025-10-11,3623401.5265307045,0.006708830628380832,-171.2137300901345,10234.459672661382,0.0
2025-10-12,3612000.5278050737,-0.007600665817087066,-549.1788850475366,-10851.819840583063,0.0
2025-10-13,3613106.890730537,0.0007375752836423209,447.84541301395234,658.517512449529,0.0
2025-10-14,3612059.5829133852,-0.000698205211434517,502.952160074632,-1550.2599772264075,0.0
2025-10-15,3613605.979377695,0.0010309309762064475,462.5863917356053,1083.810072574066,0.0
2025-10-16,3613462.226091281,-9.583552427585685e-05,48.314321383984314,-192.0676077977696,0.0
2025-10-17,3615019.317679269,0.001038061058658432,637.9108935259497,919.1806944616983,0.0
2025-10-18,3614258.49357204,-0.0005072160714858203,473.89622861532973,-1234.7203358440602,0.0
2025-10-19,3615727.4899713206,0.0009793309328537888,632.1303938757871,836.866005404896,0.0
2025-10-20,3616198.089576211,0.000313733069926717,758.7010165864098,-288.10141169633425,0.0
2025-10-21,3616403.192806239,0.000136735486685433,616.676675309709,-411.57344528155954,0.0
2025-10-22,3616857.3261454715,0.00030275555948837185,111.15546816479403,342.9778710677638,0.0
2025-10-23,3616906.84604203,3.301326437219708e-05,515.9698012100259,-466.4499046517303,0.0
2025-10-24,3617600.79788245,0.0004626345602797189,707.6709552619665,-13.71911484238808,0.0
2025-10-25,3618236.6335987933,0.00042389047756230563,498.644567916478,137.19114842698036,0.0
2025-10-26,3619282.8739708555,0.0006974935813748119,1197.1506353322084,-150.91026326999054,0.0
2025-10-27,3621596.7265688446,0.0015425683986593818,1586.7395113251293,727.1130866639432,0.0
2025-10-28,3621632.5842964095,2.3905151710048738e-05,584.6223212742315,-548.7645937091584,0.0
2025-10-29,3621413.66199983,-0.00014594819771960153,-122.88849268085222,-96.0338038985501,0.0
2025-10-30,3622128.3459816654,0.00047645598789039615,-643.5083875924325,1358.1923694280267,0.0
2025-10-31,3621990.284991968,-9.204065979820696e-05,506.7374079104417,-644.7983976077521,0.0
2025-11-01,3622463.1536259563,0.00031524575599208856,1254.858180022225,-781.9895460340922,0.0
2025-11-02,3623566.213950277,0.0007353735495469482,1020.7456352636127,82.31468905680958,0.0
2025-11-03,3624405.9511587108,0.0005598248056226762,633.9504857938566,205.78672264015768,0.0
2025-11-04,3625343.5588242663,0.0006250717770369985,1074.7988139825218,-137.19114842702402,0.0
2025-11-05,3625731.265423984,0.00025847106647820735,277.95368097570343,109.75291874160757,0.0
2025-11-06,3625458.9196825344,-0.00018156382763300337,468.48646005679717,-740.8322015063022,0.0
2025-11-07,3626685.336771064,0.0008176113923529938,938.3156768325307,288.10141169696,0.0
2025-11-08,3628066.793363922,0.0009209710619052254,1065.9169514754908,315.5396413823473,0.0
2025-11-09,3628320.1442467473,0.00016890058855022568,582.6096390500885,-329.25875622474996,0.0
2025-11-10,3630319.605829247,0.001332974388333085,1011.6853138247521,987.7762686748756,0.0
2025-11-11,3629544.8399481364,-0.0005165105874070322,158.1339281941529,-932.8998093047012,0.0
2025-11-12,3629804.8295893823,0.00017332642749721651,314.8661006159883,-54.8764593701635,0.0
2025-11-13,3630749.2345721642,0.0006296033218547744,903.2476382543798,41.15734452778179,0.0
2025-11-14,3631188.5980037265,0.0002929089543748221,494.239890933037,-54.876459370803786,0.0
2025-11-15,3631486.6857786234,0.00019872518326467608,599.9083014363913,-301.82052653937717,0.0
2025-11-16,3632844.3824797245,0.0009051311340674663,1206.786437831831,150.91026326936844,0.0
2025-11-17,3633865.362953034,0.0006806536488730318,1103.2951623657243,-82.31468905617658,0.0
2025-11-18,3635082.289858139,0.0008112846034033531,1038.578412149648,178.34849295538152,0.0
2025-11-19,3636032.0445356714,0.0006331697850216253,853.720873633233,96.03380389920494,0.0
2025-11-20,3636864.68628623,0.0005550945003725351,901.2373247726057,-68.59557421380305,0.0
2025-11-21,3637075.6176374257,0.00014062090079698544,416.7180738362761,-205.78672264079796,0.0
2025-11-22,3637472.193369684,0.00026438382150545414,520.0477658421478,-123.47203358396655,0.0
2025-11-23,3637468.039881873,-2.7689918740436498e-06,133.03766061653698,-137.19114842760246,0.0
2025-11-24,3638443.6071897713,0.0006503782052655102,481.67917356052186,493.8881343377434,0.0
2025-11-25,3638473.897294174,2.0193402935162376e-05,332.11063094209163,-301.82052653934807,0.0
2025-11-26,3638594.3798711724,8.032171799908851e-05,230.23549574021487,-109.7529187415821,0.0
2025-11-27,3639382.277238748,0.0005252649117171551,211.69454418240937,576.2028233933233,0.0
2025-11-28,3639283.389281387,-6.59253049072267e-05,65.74142075153311,-164.62937811237316,0.0
2025-11-29,3639295.508385254,8.07940257792896e-06,121.87202260910128,-109.75291874220784,0.0
2025-11-30,3639758.3593589,0.0003085673157640346,641.199466600815,-178.34849295476306,0.0
2025-12-01,3640220.4500411516,0.0003080604548343709,434.6524525661603,27.43822968539598,0.0
2025-12-02,3641353.270924937,0.0007552139225236897,638.9327494478056,493.88813433772884,0.0
2025-12-03,3641592.009542873,0.00015915907862419082,444.525340577026,-205.78672264073975,0.0
2025-12-04,3642547.5533773657,0.0006370292229949678,1133.8923274478332,-178.34849295538152,0.0
2025-12-05,3643198.279675537,0.0004338175321142087,733.0409872275042,-82.31468905619113,0.0
2025-12-06,3643726.9809846147,0.00035246753938517533,336.63370127999343,192.0676077977696,0.0
2025-12-07,3644093.5977233066,0.00024441115912789623,174.54913089407475,192.0676077977696,0.0
2025-12-08,3644949.434164569,0.0005705576275082077,595.1732592501131,260.6631820121984,0.0
2025-12-09,3644633.9331493536,-0.0002103340101434416,658.5561386179363,-974.0571538330987,0.0
2025-12-10,3646311.5751284733,0.0011184279860798681,950.5288924558588,727.1130866639432,0.0
2025-12-11,3646478.1905844277,0.00011107697063627066,440.9977528089888,-274.3822968545828,0.0
2025-12-12,3646956.2110086232,0.000318680282796893,121.32343828456189,356.6969859107776,0.0
2025-12-13,3646932.9630123,-1.54986642154486e-05,86.50492241840557,-109.75291874157847,0.0
2025-12-14,3648011.4070040137,0.000718962661142337,913.8146136011304,164.62937811237498,0.0
2025-12-15,3648280.034903205,0.00017908526612767502,488.13373667530976,-219.50583748379722,0.0
2025-12-16,3648435.3140528947,0.00010351943312648753,-9.350228423262132,164.62937811299344,0.0
2025-12-17,3648425.7821419598,-6.354607290021496e-06,168.8165820197281,-178.34849295476033,0.0
2025-12-18,3648514.499038284,5.9144597549741e-05,33.84043695380772,54.876459370803786,0.0
2025-12-19,3649007.6662671594,0.00032877815258359577,863.5833296291723,-370.41610075377866,0.0
2025-12-20,3649080.690880074,4.8683075276660096e-05,196.49664649956787,-123.47203358457773,0.0
2025-12-21,3649656.3943283735,0.0003838022988663603,260.16380691717774,315.5396413823628,0.0
2025-12-22,3649615.5605045822,-2.722254919407692e-05,-95.71028316253035,54.87645937141497,0.0
2025-12-23,3649558.4691901538,-3.8060876285644556e-05,546.5497386508623,-603.6410530793291,0.0
2025-12-24,3651186.494772325,0.0010853503881139617,585.3728541246518,1042.6527280462906,0.0
2025-12-25,3651249.289802575,4.1863353500215376e-05,735.0316575434553,-672.2366272931322,0.0
2025-12-26,3652297.368284692,0.000698718988078023,595.3476923076923,452.73078980934224,0.0
2025-12-27,3652202.7533550025,-6.307661979289344e-05,467.8687788615878,-562.483708550928,0.0
2025-12-28,3653296.090309771,0.0007288913031787026,722.9208540148991,370.41610075315475,0.0
2025-12-29,3653908.0408660807,0.0004079670375399714,790.2990492653414,-178.34849295538424,0.0
2025-12-30,3654612.7231560755,0.0004697881933298493,498.8955673539943,205.78672264077977,0.0
2025-12-31,3655015.9606266823,0.00026882498040453097,403.2374706067965,0.0,0.0
2026-01-01,3655471.1214229395,0.00030344053083825035,743.2622079543428,-288.10141169696726,0.0
2026-01-02,3656822.102442544,0.0009006540130697926,747.3399665253598,603.6410530793291,0.0
2026-01-03,3657178.5746451477,0.00023764813506913844,507.38246587370185,-150.91026326999418,0.0
2026-01-04,3657919.544639523,0.0004939799962502585,644.9361904761905,96.03380389919721,0.0
2026-01-05,3658151.8685671687,0.0001548826184302753,602.7400283985677,-370.41610075315475,0.0
2026-01-06,3658848.383897182,0.00046434355334209446,847.4255932831213,-150.91026326997962,0.0
2026-01-07,3659836.803878798,0.000658946654410842,851.2288331892827,137.19114842698036,0.0
2026-01-08,3660230.8749579433,0.0002627140527634501,641.0151463143598,-246.94406716918456,0.0
2026-01-09,3660953.055452106,0.0004814536627751912,681.0231496343856,41.157344528401154,0.0
2026-01-10,3662006.963475868,0.0007026053491747377,1026.4697940760861,27.43822968602035,0.0
2026-01-11,3662963.496838148,0.0006376889081868944,942.8142474379553,13.719114842386261,0.0
2026-01-12,3664114.001975957,0.0007670034252057058,862.4037261115914,288.10141169696726,0.0
2026-01-13,3665419.6814014004,0.0008704529502956962,702.0383723642151,603.6410530793291,0.0
2026-01-14,3665682.971918474,0.00017552701138232092,1292.2241302767145,-1028.933613203233,0.0
2026-01-15,3667079.2200237266,0.0009308320701684989,724.0114779602419,672.2366272925065,0.0
2026-01-16,3667598.8047872777,0.00034638984236732315,437.2700744947936,82.31468905619113,0.0
2026-01-17,3668353.6798416744,0.00050325003626456,1015.5382364077869,-260.6631820109469,0.0
2026-01-18,3668958.8428733237,0.0004034420210996321,344.4998496385013,260.6631820109469,0.0
2026-01-19,3668617.028107852,-0.00022787651031433472,248.10717276481324,-589.9219382363153,0.0
2026-01-20,3669698.500874586,0.0007209818444890264,697.3375511380005,384.1352155955392,0.0
2026-01-21,3669896.734658593,0.00013215585600450853,88.48086526457314,109.75291874218965,0.0
2026-01-22,3670150.1028506877,0.00016891212806338144,280.8064217804668,-27.438229685394617,0.0
2026-01-23,3670373.6318223025,0.00014901931440978807,388.15834972767556,-164.62937811299344,0.0
2026-01-24,3670402.9671454565,1.9556882102633098e-05,248.84116063711568,-219.50583748316603,0.0
2026-01-25,3670745.066382262,0.00022806615787037806,602.7624188171379,-260.6631820115708,0.0
2026-01-26,3670892.880668388,9.854285741764744e-05,-222.60181462732024,370.4161007537914,0.0
2026-01-27,3671983.580136498,0.0007271329787396857,1022.1038938963658,68.59557421316276,0.0
2026-01-28,3673463.0649749553,0.0009863232256381682,944.4393595917192,535.0454788655334,0.0
2026-01-29,3673188.6487798146,-0.00018294413009364234,315.50574309585545,-589.921938236319,0.0
2026-01-30,3673439.811323887,0.0001674416960482957,4.218476903870159,246.94406716857338,0.0
2026-01-31,3673068.9361456074,-0.0002472501188531641,-521.7854415497112,150.91026326996507,0.0
2026-02-01,3672140.2552165487,-0.0006191206193724027,-750.3324361032226,-178.34849295538152,0.0
2026-02-02,3670240.2552165487,-0.0012666666666666666,0.0,0.0,1900.0
2026-02-03,3670240.2552165487,0.0,0.0,0.0,0.0
2026-02-04,3670240.2552165487,0.0,0.0,0.0,0.0
2026-02-05,3670240.2552165487,0.0,0.0,0.0,0.0
2026-02-06,3670240.2552165487,0.0,0.0,0.0,0.0
2026-02-07,3670240.2552165487,0.0,0.0,0.0,0.0
2026-02-08,3670240.2552165487,0.0,0.0,0.0,0.0
2026-02-09,3670240.2552165487,0.0,0.0,0.0,0.0
2026-02-10,3670240.2552165487,0.0,0.0,0.0,0.0
2026-02-11,3670240.2552165487,0.0,0.0,0.0,0.0
2026-02-12,3670240.2552165487,0.0,0.0,0.0,0.0
2026-02-13,3670240.2552165487,0.0,0.0,0.0,0.0
2026-02-14,3670240.2552165487,0.0,0.0,0.0,0.0
2026-02-15,3670240.2552165487,0.0,0.0,0.0,0.0
2026-02-16,3670240.2552165487,0.0,0.0,0.0,0.0
2026-02-17,3670240.2552165487,0.0,0.0,0.0,0.0
2026-02-18,3670240.2552165487,0.0,0.0,0.0,0.0
2026-02-19,3670240.2552165487,0.0,0.0,0.0,0.0
2026-02-20,3670240.2552165487,0.0,0.0,0.0,0.0
2026-02-21,3670240.2552165487,0.0,0.0,0.0,0.0
2026-02-22,3670240.2552165487,0.0,0.0,0.0,0.0
2026-02-23,3670240.2552165487,0.0,0.0,0.0,0.0
2026-02-24,3670240.2552165487,0.0,0.0,0.0,0.0
2026-02-25,3670240.2552165487,0.0,0.0,0.0,0.0
2026-02-26,3670240.2552165487,0.0,0.0,0.0,0.0
2026-02-27,3670240.2552165487,0.0,0.0,0.0,0.0
2026-02-28,3670240.2552165487,0.0,0.0,0.0,0.0
2026-03-01,3670240.2552165487,0.0,0.0,0.0,0.0
2026-03-02,3670240.2552165487,0.0,0.0,0.0,0.0
2026-03-03,3670240.2552165487,0.0,0.0,0.0,0.0
2026-03-04,3670240.2552165487,0.0,0.0,0.0,0.0
2026-03-05,3670240.2552165487,0.0,0.0,0.0,0.0
2026-03-06,3670240.2552165487,0.0,0.0,0.0,0.0
2026-03-07,3670240.2552165487,0.0,0.0,0.0,0.0
2026-03-08,3670240.2552165487,0.0,0.0,0.0,0.0
2026-03-09,3670240.2552165487,0.0,0.0,0.0,0.0
2026-03-10,3670240.2552165487,0.0,0.0,0.0,0.0
2026-03-11,3670240.2552165487,0.0,0.0,0.0,0.0
2026-03-12,3670240.2552165487,0.0,0.0,0.0,0.0
2026-03-13,3670240.2552165487,0.0,0.0,0.0,0.0
2026-03-14,3670240.2552165487,0.0,0.0,0.0,0.0
2026-03-15,3670240.2552165487,0.0,0.0,0.0,0.0
2026-03-16,3670240.2552165487,0.0,0.0,0.0,0.0
2026-03-17,3670240.2552165487,0.0,0.0,0.0,0.0
2026-03-18,3670240.2552165487,0.0,0.0,0.0,0.0
2026-03-19,3670240.2552165487,0.0,0.0,0.0,0.0
2026-03-20,3670240.2552165487,0.0,0.0,0.0,0.0
2026-03-21,3670240.2552165487,0.0,0.0,0.0,0.0
2026-03-22,3670240.2552165487,0.0,0.0,0.0,0.0
2026-03-23,3670240.2552165487,0.0,0.0,0.0,0.0
2026-03-24,3670240.2552165487,0.0,0.0,0.0,0.0
2026-03-25,3670240.2552165487,0.0,0.0,0.0,0.0
2026-03-26,3670240.2552165487,0.0,0.0,0.0,0.0
2026-03-27,3670240.2552165487,0.0,0.0,0.0,0.0
2026-03-28,3670240.2552165487,0.0,0.0,0.0,0.0
2026-03-29,3670240.2552165487,0.0,0.0,0.0,0.0
2026-03-30,3670240.2552165487,0.0,0.0,0.0,0.0
2026-03-31,3670240.2552165487,0.0,0.0,0.0,0.0
2026-04-01,3670240.2552165487,0.0,0.0,0.0,0.0
2026-04-02,3670240.2552165487,0.0,0.0,0.0,0.0
2026-04-03,3670240.2552165487,0.0,0.0,0.0,0.0
2026-04-04,3670240.2552165487,0.0,0.0,0.0,0.0
2026-04-05,3670240.2552165487,0.0,0.0,0.0,0.0
2026-04-06,3670240.2552165487,0.0,0.0,0.0,0.0
2026-04-07,3670240.2552165487,0.0,0.0,0.0,0.0
2026-04-08,3670240.2552165487,0.0,0.0,0.0,0.0
2026-04-09,3670240.2552165487,0.0,0.0,0.0,0.0
2026-04-10,3670240.2552165487,0.0,0.0,0.0,0.0
2026-04-11,3670240.2552165487,0.0,0.0,0.0,0.0
2026-04-12,3670240.2552165487,0.0,0.0,0.0,0.0
2026-04-13,3670240.2552165487,0.0,0.0,0.0,0.0
2026-04-14,3670240.2552165487,0.0,0.0,0.0,0.0
2026-04-15,3670240.2552165487,0.0,0.0,0.0,0.0
2026-04-16,3670240.2552165487,0.0,0.0,0.0,0.0
2026-04-17,3670240.2552165487,0.0,0.0,0.0,0.0
2026-04-18,3670240.2552165487,0.0,0.0,0.0,0.0
2026-04-19,3670240.2552165487,0.0,0.0,0.0,0.0
2026-04-20,3670240.2552165487,0.0,0.0,0.0,0.0
2026-04-21,3670240.2552165487,0.0,0.0,0.0,0.0
2026-04-22,3670240.2552165487,0.0,0.0,0.0,0.0
2026-04-23,3670240.2552165487,0.0,0.0,0.0,0.0
2026-04-24,3670240.2552165487,0.0,0.0,0.0,0.0
2026-04-25,3670240.2552165487,0.0,0.0,0.0,0.0
2026-04-26,3670240.2552165487,0.0,0.0,0.0,0.0
2026-04-27,3670240.2552165487,0.0,0.0,0.0,0.0
2026-04-28,3670240.2552165487,0.0,0.0,0.0,0.0
2026-04-29,3670240.2552165487,0.0,0.0,0.0,0.0
2026-04-30,3670240.2552165487,0.0,0.0,0.0,0.0
2026-05-01,3670240.2552165487,0.0,0.0,0.0,0.0
2026-05-02,3670240.2552165487,0.0,0.0,0.0,0.0
2026-05-03,3670240.2552165487,0.0,0.0,0.0,0.0
2026-05-04,3670240.2552165487,0.0,0.0,0.0,0.0
2026-05-05,3670240.2552165487,0.0,0.0,0.0,0.0
2026-05-06,3670240.2552165487,0.0,0.0,0.0,0.0
2026-05-07,3670240.2552165487,0.0,0.0,0.0,0.0
2026-05-08,3670240.2552165487,0.0,0.0,0.0,0.0
2026-05-09,3670240.2552165487,0.0,0.0,0.0,0.0
2026-05-10,3670240.2552165487,0.0,0.0,0.0,0.0
2026-05-11,3670240.2552165487,0.0,0.0,0.0,0.0
2026-05-12,3670240.2552165487,0.0,0.0,0.0,0.0
2026-05-13,3670240.2552165487,0.0,0.0,0.0,0.0
2026-05-14,3668502.107398848,-0.0011587652118002863,477.3918236819361,-315.5396413823655,1900.0
2026-05-15,3668632.3293675417,8.681464579588241e-05,34.188164794007484,96.03380389981612,0.0
2026-05-16,3668909.1691948175,0.00018455988485065284,551.2221241305512,-274.3822968545719,0.0
2026-05-17,3669565.38919715,0.0004374800015547461,519.0288539051461,137.1911484269731,0.0
2026-05-18,3669818.873875368,0.00016898978547876174,226.0464485327407,27.438229685401893,0.0
2026-05-19,3670340.6979997456,0.00034788274958522976,562.9814689056262,-41.15734452778156,0.0
2026-05-20,3670536.425392153,0.00013048492827181152,401.51411504849705,-205.78672264077977,0.0
2026-05-21,3670770.2735660016,0.0001558987825656161,357.32020743301644,-123.47203358459228,0.0
2026-05-22,3671370.867251916,0.0004003957906096064,408.52607811663995,192.0676077977696,0.0
2026-05-23,3671674.9833230367,0.00020274404741378238,468.7454492324155,-164.62937811174197,0.0
2026-05-24,3672263.17764442,0.00039212954758890576,588.1943213839844,-6.257323548197746e-10,0.0
2026-05-25,3672669.6660015564,0.00027099223809107974,406.48835713599755,6.220943760126829e-10,0.0
2026-05-26,3673664.4111794247,0.0006631634519122154,308.78943573280645,685.9557421355166,0.0
2026-05-27,3673311.0885470007,-0.00023554842161616947,469.8242581388649,-823.1468905631191,0.0
2026-05-28,3674025.639967615,0.00047636761374280484,220.6632862767694,493.8881343374378,0.0
2026-05-29,3674417.6488158954,0.0002613392321870045,611.5146857636746,-219.50583748316785,0.0
2026-05-30,3675177.719089592,0.000506713515797594,471.9688619994237,288.10141169696726,0.0
2026-05-31,3675232.916566098,3.67983176707434e-05,507.92826631545734,-452.73078980934224,0.0
2026-06-01,3675642.384714429,0.00027297876555394603,587.8166412863042,-178.34849295538515,0.0
2026-06-02,3676349.638709984,0.00047150266370333784,707.2539955550068,0.0,0.0
2026-06-03,3677059.9297780166,0.00047352737868858793,490.78523054972493,219.50583748315694,0.0
2026-06-04,3677075.6022691336,1.0448327411273908e-05,399.8077067127629,-384.13521559585206,0.0
2026-06-05,3677358.949416244,0.0001888980980735339,-141.94541301395233,425.2925601242532,0.0
2026-06-06,3677235.397994944,-8.236761420010188e-05,-315.61902909824255,192.06760779808974,0.0
2026-06-07,3676924.9002297875,-0.0002069985101041517,-351.6551096843231,41.157344528095564,0.0
2026-06-08,3676147.1192782293,-0.0005185206343720693,-448.52219533275724,-329.2587562253466,0.0
2026-06-09,3674247.1192782293,-0.0012666666666666666,0.0,0.0,1900.0
2026-06-10,3674247.1192782293,0.0,0.0,0.0,0.0
2026-06-11,3674247.1192782293,0.0,0.0,0.0,0.0
2026-06-12,3674247.1192782293,0.0,0.0,0.0,0.0
2026-06-13,3674247.1192782293,0.0,0.0,0.0,0.0
2026-06-14,3674247.1192782293,0.0,0.0,0.0,0.0
2026-06-15,3674247.1192782293,0.0,0.0,0.0,0.0
2026-06-16,3674247.1192782293,0.0,0.0,0.0,0.0
2026-06-17,3674247.1192782293,0.0,0.0,0.0,0.0
2026-06-18,3674247.1192782293,0.0,0.0,0.0,0.0
2026-06-19,3674247.1192782293,0.0,0.0,0.0,0.0
2026-06-20,3674247.1192782293,0.0,0.0,0.0,0.0
2026-06-21,3674247.1192782293,0.0,0.0,0.0,0.0
2026-06-22,3674247.1192782293,0.0,0.0,0.0,0.0
2026-06-23,3674247.1192782293,0.0,0.0,0.0,0.0
2026-06-24,3674247.1192782293,0.0,0.0,0.0,0.0
2026-06-25,3674247.1192782293,0.0,0.0,0.0,0.0
2026-06-26,3674247.1192782293,0.0,0.0,0.0,0.0
2026-06-27,3674247.1192782293,0.0,0.0,0.0,0.0
2026-06-28,3674247.1192782293,0.0,0.0,0.0,0.0
2026-06-29,3674247.1192782293,0.0,0.0,0.0,0.0
2026-06-30,3674247.1192782293,0.0,0.0,0.0,0.0
2026-07-01,3674247.1192782293,0.0,0.0,0.0,0.0
2026-07-02,3674247.1192782293,0.0,0.0,0.0,0.0
2026-07-03,3674247.1192782293,0.0,0.0,0.0,0.0
2026-07-04,3673069.3195137866,-0.0007851998429617674,543.8517426019673,178.34849295538152,1900.0
2026-07-05,3673375.73205196,0.00020427502544905125,457.3228014432509,-150.91026326967403,0.0
2026-07-06,3673700.2575514046,0.00021635033296301667,489.1548775569,-164.62937811237498,0.0
2026-07-07,3674261.984299014,0.00037448449840617924,369.6591398114993,192.0676077977696,0.0
2026-07-08,3674563.89889478,0.00020127639717747352,219.5999067100191,82.31468905619113,0.0
2026-07-09,3675066.378692423,0.00033498653176195533,365.28864921595266,137.19114842698036,0.0
2026-07-10,3675361.19089146,0.00019654146602479522,253.6548545087871,41.1573445284057,0.0
2026-07-11,3675571.269750441,0.00014005257265401288,333.5508925656116,-123.47203358459228,0.0
2026-07-12,3676028.423610588,0.0003047692400982286,114.17598907958458,342.9778710677583,0.0
2026-07-13,3675885.667622606,-9.517065865475427e-05,117.90719402944123,-260.66318201157264,0.0
2026-07-14,3675912.9061019793,1.815898624901441e-05,260.4634316993868,-233.22495232586516,0.0
2026-07-15,3676423.7829608507,0.0003405845725809326,456.0003995006242,54.87645937077468,0.0
2026-07-16,3677065.158151889,0.00042758346069228054,366.9928941844673,274.38229685395345,0.0
2026-07-17,3677467.0390814967,0.0002679206197383279,360.7235850790907,41.157344528401154,0.0
2026-07-18,3677543.1941025555,5.077001403932699e-05,240.78439917136546,-164.62937811237498,0.0
2026-07-19,3677809.873552007,0.00017778629963440811,266.6794494519214,-3.092281986027956e-10,0.0
2026-07-20,3677851.4501599562,2.7717738632662076e-05,192.48687121866897,-150.91026326967585,0.0
2026-07-21,3678820.3391118157,0.0006459259679064081,269.21409488139824,699.6748569782139,0.0
2026-07-22,3678425.832163358,-0.00026300463230488885,236.5723343073905,-631.0792827647238,0.0
2026-07-23,3678468.47405591,2.842792836801139e-05,-163.1448300887627,205.78672264077977,0.0
2026-07-24,3678542.798310756,4.954950323085012e-05,60.605140003566966,13.719114842708223,0.0
2026-07-25,3678689.5529432897,9.783642168908803e-05,283.9457809606124,-137.19114842698036,0.0
2026-07-26,3678875.1628102143,0.00012373991128298155,62.1378333401929,123.47203358427942,0.0
2026-07-27,3679363.848170547,0.0003257902402217245,529.8427048606824,-41.157344528095564,0.0
2026-07-28,3679626.7507161284,0.0001752683637210211,15.958478412972806,246.94406716855883,0.0
2026-07-29,3680001.811953181,0.0002500408247017347,388.7803518952957,-13.71911484269367,0.0
2026-07-30,3680208.438126508,0.00013775078221824023,275.2217475408487,-68.59557421348836,0.0
2026-07-31,3678395.958952399,-0.0012083194494061662,128.6781704188446,-41.157344528093745,1900.0
