date,nav,ret,funding_pnl,basis_pnl,cost
2023-05-13,1497313.5589507867,-0.0017909606994755446,-681.5707767259651,-104.87027248735194,1900.0
2023-05-14,1496782.6265401372,-0.0003539549404329763,-630.2046258866856,99.27221523722108,0.0
2023-05-15,1496567.5646190743,-0.00014337461404199332,-335.97995766749113,120.91803660450114,0.0
2023-05-16,1496137.5553451553,-0.0002866728492792169,-203.84776101035231,-226.16151290847301,0.0
2023-05-17,1496294.2373334034,0.00010445465883203285,175.34217908222467,-18.66019083417541,0.0
2023-05-18,1496411.7558970703,7.834570911127303e-05,88.78186978247068,28.736693884438864,0.0
2023-05-19,1496765.9125771485,0.00023610445338539138,281.0087320086837,73.14794806940336,0.0
2023-05-20,1496806.1348094654,2.6814821544570635e-05,104.41328878585975,-64.1910564690038,0.0
2023-05-21,1496446.4624618334,-0.0002397815650879306,-458.944562868982,99.27221523708613,0.0
2023-05-22,1495818.5603721114,-0.00041860139314795636,-708.5141141249808,80.61202440304623,0.0
2023-05-23,1495076.8952294083,-0.000494443428468745,-521.4748908613956,-220.19025184172187,0.0
2023-05-24,1494601.4843159036,-0.000316940609003168,-498.9227539556805,23.511840450928503,0.0
2023-05-25,1494458.6566123192,-9.521846905625228e-05,-343.9845607753086,201.15685719093017,0.0
2023-05-26,1494020.6623609397,-0.00029199616758642736,-326.03310637540346,-111.96114500423755,0.0
2023-05-27,1493895.754753844,-8.32717380636052e-05,-275.3087452178596,150.4011381224518,0.0
2023-05-28,1493077.49944537,-0.000545503538982836,-689.4999917193536,-128.75531675490038,0.0
2023-05-29,1492904.9904310915,-0.0001150060095189686,-43.00728989016985,-129.50172438828304,0.0
2023-05-30,1493285.8500425846,0.00025390640766201735,191.27207261911826,189.58753887390776,0.0
2023-05-31,1493599.490530123,0.00020909365835898916,309.90844937173006,3.732038166753682,0.0
2023-06-01,1493642.1380076464,2.8431651682227465e-05,234.10103548048687,-191.45355795714568,0.0
2023-06-02,1493724.8077486907,5.511316069618872e-05,-43.099945177105745,125.76968622138884,0.0
2023-06-03,1493666.2445620599,-3.904212442043331e-05,-139.1752110336962,80.61202440304623,0.0
2023-06-04,1493546.5580666256,-7.979099695630322e-05,-102.14591605041389,-17.54057938404094,0.0
2023-06-05,1493461.1180287318,-5.696002526242611e-05,-28.71305775814228,-56.72698013549689,0.0
2023-06-06,1493522.392390871,4.0849574759452056e-05,31.418056804606568,29.856305334571516,0.0
2023-06-07,1493639.4459019538,7.803567405516946e-05,304.7750308732858,-187.7215197905316,0.0
2023-06-08,1494201.9120570326,0.0003749774367192286,380.71589635532894,181.75025872351398,0.0
2023-06-09,1494467.849632723,0.00017729171712693994,296.54028865822403,-30.602712967814114,0.0
2023-06-10,1495180.8401632824,0.0004753270203728124,825.6980831968342,-112.70755263761566,0.0
2023-06-11,1495915.8710388104,0.0004900205836853983,547.6825595541857,187.34831597391167,0.0
2023-06-12,1496674.417626701,0.0005056977252604933,724.2118367561721,34.334751134567796,0.0
2023-06-13,1497300.8961014217,0.0004176523164803343,818.305236494407,-191.82676177390556,0.0
2023-06-14,1498172.3096484737,0.000580942364701491,653.4625181106483,217.95102894158822,0.0
2023-06-15,1498676.1656542316,0.00033590400383841384,635.970156862789,-132.11415110516828,0.0
2023-06-16,1499165.8112194245,0.00032643037679539366,497.48284534321874,-7.837280150128208,0.0
2023-06-17,1499008.1104730093,-0.00010513383094351414,-31.557856376989587,-126.14289003828162,0.0
2023-06-18,1498886.94194807,-8.077901662622037e-05,-86.83377380489873,-34.334751134431826,0.0
2023-06-19,1498935.311403941,3.224630391401683e-05,-33.362179982019036,81.73163585304428,0.0
2023-06-20,1499689.92542862,0.0005030760164527898,554.2035751216364,200.41044955754842,0.0
2023-06-21,1501125.0337333179,0.0009567388697985017,1377.261713112255,57.84659158549766,0.0
2023-06-22,1501273.4405007104,9.893784492834447e-05,592.8925130593345,-444.4857456668178,0.0
2023-06-23,1501823.2641651726,0.00036654910964140563,380.76233550575273,169.06132895635574,0.0
2023-06-24,1502984.581999566,0.0007742118895956179,971.3570917028956,189.96074269053133,0.0
2023-06-25,1503291.8320329005,0.00020483335555636562,746.5109255678577,-439.2608922333093,0.0
2023-06-26,1504092.5734045664,0.0005338275811105697,747.3732258804905,53.36814578536405,0.0
2023-06-27,1505344.4724641044,0.0008345993730254199,1131.7274305667358,120.17162897139406,0.0
2023-06-28,1505734.508085913,0.0002600237478723314,339.65310655678053,50.38251525171654,0.0
2023-06-29,1506201.257155329,0.0003111660462773788,397.3331595132825,69.41590990278564,0.0
2023-06-30,1507430.0496558778,0.0008191950003658067,1366.5047089040086,-137.71220835529857,0.0
2023-07-01,1508877.0729918117,0.0009646822239559035,1283.5600642276304,163.4632717062251,0.0
2023-07-02,1510697.4763250563,0.0012136022221630577,1801.3699385937903,19.033394650796254,0.0
2023-07-03,1512750.0487829398,0.0013683816385890956,2350.389103595035,-297.81664571139186,0.0
2023-07-04,1514370.8538454869,0.0010805367083647538,1513.3223633430252,107.4826992041053,0.0
2023-07-05,1515146.2505672737,0.0005169311478577831,655.225092815416,120.17162897125854,0.0
2023-07-06,1516410.6102120269,0.0008429064298354046,1041.1837623781446,223.17588237496238,0.0
2023-07-07,1518540.3082204803,0.0014197986723023203,1953.5458069801057,176.1522014733746,0.0
2023-07-08,1519225.802472761,0.0004569961681870804,850.4503392534654,-164.9560869728448,0.0
2023-07-09,1519934.1061871017,0.0004722024762272171,755.7005990593026,-47.39688471847694,0.0
2023-07-10,1520926.8505493565,0.0006618295748364975,1086.7917240583229,-94.04736180357668,0.0
2023-07-11,1521812.8416818632,0.0005906607550044684,820.307260770942,65.68387173576048,0.0
2023-07-12,1522687.6256979618,0.0005831893440657051,907.2527481497488,-32.46873205119118,0.0
2023-07-13,1523843.644625268,0.0007706792848708096,1256.783957810055,-100.76503050384053,0.0
2023-07-14,1525278.507345167,0.0009565751465993702,1377.7625359468047,57.10018395225052,0.0
2023-07-15,1525908.385527852,0.0004199187884567508,403.34346595989325,226.534716725233,0.0
2023-07-16,1526039.594928832,8.747293398658201e-05,343.189168854574,-211.979767874701,0.0
2023-07-17,1526455.5331949494,0.00027729217741159296,338.3118722478552,77.62639386953424,0.0
2023-07-18,1526677.5073610349,0.00014798277739026445,337.2941454397666,-115.31997935436993,0.0
2023-07-19,1526899.1865906552,0.000147786153080252,168.31108383501257,53.368145785365414,0.0
2023-07-20,1527118.414142759,0.00014615170140262288,209.15104905353647,10.076503050397832,0.0
2023-07-21,1527137.14600942,1.248791110735084e-05,194.51086431764722,-175.77899765662096,0.0
2023-07-22,1527274.4256179219,9.151973900118391e-05,91.74874286667554,45.53086563510033,0.0
2023-07-23,1527130.7278392776,-9.579851909614429e-05,-153.77428169461405,10.076503050397605,0.0
2023-07-24,1527232.4838096108,6.783731355544525e-05,13.679869596615186,88.07610073655269,0.0
2023-07-25,1527158.633996277,-4.9233208889211465e-05,-68.25175608368872,-5.598057250128477,0.0
2023-07-26,1527040.1217890473,-7.900813815312628e-05,-118.8854110463105,0.3732038166210714,0.0
2023-07-27,1527116.6591108248,5.1024881185006234e-05,-44.3807148271264,120.91803660463574,0.0
2023-07-28,1527041.3455980036,-5.020900854751645e-05,35.52802073296483,-110.8415335542395,0.0
2023-07-29,1527072.828891348,2.0988862229692595e-05,-11.80834939042755,43.291642734966445,0.0
2023-07-30,1526971.9914103549,-6.722498732877271e-05,-88.14855122614247,-12.688929767016589,0.0
2023-07-31,1526768.1537122969,-0.000135891798705393,-57.915005735769455,-145.92269232232002,0.0
2023-08-01,1526846.1905593725,5.202456471707997e-05,19.443847856746462,58.5929992188735,0.0
2023-08-02,1526796.1588251265,-3.3354489497316954e-05,198.89521148004798,-248.9269457260234,0.0
2023-08-03,1527228.7429755775,0.0002883894336340593,21.686748285594966,410.897402165494,0.0
2023-08-04,1526940.3660009895,-0.00019225131639202873,-204.4061158350006,-83.97085875304248,0.0
2023-08-05,1526688.0212467536,-0.00016822983615734054,-228.0865061517051,-24.258248084305706,0.0
2023-08-06,1526519.7379779706,-0.00011218884585528342,-225.38345273504285,57.10018395211773,0.0
2023-08-07,1526406.6928149757,-7.536344199663675e-05,-42.13643782555036,-70.90872516940476,0.0
2023-08-08,1526099.8668626237,-0.00020455063490125569,-151.19996079605866,-155.62599155582484,0.0
2023-08-09,1526004.2254772743,-6.376092356629325e-05,-213.20058760381136,117.55920225437148,0.0
2023-08-10,1525748.6813074804,-0.00017036277986257555,-165.2288461571763,-90.31532363668703,0.0
2023-08-11,1525777.9124512295,1.948742916604069e-05,-81.61038980504205,110.84153355410308,0.0
2023-08-12,1525653.3257507675,-8.305780030802337e-05,-67.11331269329625,-57.4733877687388,0.0
2023-08-13,1525532.9847905664,-8.02273068007667e-05,-77.79572509956145,-42.54523510158862,0.0
2023-08-14,1525564.5975722796,2.1075187808930267e-05,-12.05206483819189,43.66484655158729,0.0
2023-08-15,1525523.4818985031,-2.74104491844069e-05,-73.58440582780153,32.46873205119118,0.0
2023-08-16,1525621.8131322693,6.555415584415884e-05,109.90055208339164,-11.569318317153375,0.0
2023-08-17,1525801.5918501634,0.00011985247859607631,-6.823190446280851,186.6019083403953,0.0
2023-08-18,1524717.128083738,-0.0007229758442836376,-994.8948504221495,-89.5689160033071,0.0
2023-08-19,1524009.0758072434,-0.00047203485099648934,-644.2344238423497,-63.81785265238432,0.0
2023-08-20,1523382.6957741475,-0.0004175866887305524,-611.8250842451637,-14.554948850664914,0.0
2023-08-21,1523116.2472591598,-0.00017763234332507946,-359.376265341196,92.92775035357681,0.0
2023-08-22,1522766.237304622,-0.00023333996969191273,-253.72336983415943,-96.28658470370965,0.0
2023-08-23,1522467.697487298,-0.00019902654488267762,-297.42020587415345,-1.1196114498629868,0.0
2023-08-24,1522580.955845107,7.550557187269364e-05,37.87118683963919,75.38717096940127,0.0
2023-08-25,1522143.7979139371,-0.00029143862077995477,-509.5594716060938,72.40154043616167,0.0
2023-08-26,1521486.6882807638,-0.0004380730887821146,-390.2689042463503,-266.8407289268216,0.0
2023-08-27,1521260.6587891597,-0.0001506863277360852,-404.420915977639,178.3914243735112,0.0
2023-08-28,1520813.8257594171,-0.00029788868649502153,-487.8854495773653,41.05241983483302,0.0
2023-08-29,1520464.153068168,-0.0002331151274994931,-324.2948317149349,-25.377859534304775,0.0
2023-08-30,1520203.4180636571,-0.00017382333634056988,-362.9928502814516,102.25784577059676,0.0
2023-08-31,1519714.943478955,-0.0003256497231348042,-240.29404660942467,-248.18053809278172,0.0
2023-09-01,1519471.9979977778,-0.0001619636541181754,-361.6242948817709,118.67881370450777,0.0
2023-09-02,1519011.8974862362,-0.00030673367436096286,-335.82364058681077,-124.27687095463352,0.0
2023-09-03,1519087.1189315098,5.0147630182357035e-05,-84.50978826580024,159.7312335393358,0.0
2023-09-04,1518727.0387109772,-0.00024005348035500114,-188.03326104263442,-172.04695948986728,0.0
2023-09-05,1518784.7492494395,3.847369230808891e-05,-51.26497600859265,108.97551447072601,0.0
2023-09-06,1518899.0096863618,7.617362461495674e-05,100.078691888527,14.1817450339081,0.0
2023-09-07,1519066.674676832,0.00011177666031347913,162.44013703670947,5.2248534335092245,0.0
2023-09-08,1519410.2211756506,0.00022903099921241682,278.2358308994847,65.31066791914054,0.0
2023-09-09,1519562.1140094283,0.00010126188918507027,289.97824594952573,-138.08541217192032,0.0
2023-09-10,1518957.4404992808,-0.000403115673431696,-544.9608994786715,-59.712610668872514,0.0
2023-09-11,1518587.4025136244,-0.0002466919904375954,-526.7835886622173,156.74560300582425,0.0
2023-09-12,1517528.3699642473,-0.0007060216995846046,-1019.0997409920727,-39.93280838483406,0.0
2023-09-13,1517022.2189807598,-0.00033743398899168314,-587.1362117073292,80.98522821980441,0.0
2023-09-14,1517138.6980523963,7.765271442429635e-05,198.583911306247,-82.10483966980246,0.0
2023-09-15,1517276.476459422,9.185227135031861e-05,125.46268107494642,12.315725950531487,0.0
2023-09-16,1517065.4693872584,-0.00014067138144222208,-78.89292105843586,-132.11415110489725,0.0
2023-09-17,1516713.8830819984,-0.00023439087017333452,-492.65734796516216,141.07104270516038,0.0
2023-09-18,1516512.761597958,-0.00013408098936030713,-224.63332449138852,23.51184045092782,0.0
2023-09-19,1516885.7181363069,0.00024863769223247833,399.08080551640023,-26.124267167682774,0.0
2023-09-20,1517359.3736440095,0.00031577033846849227,408.3448397836015,65.3106679191369,0.0
2023-09-21,1517773.6323254942,0.00027617245432312766,303.7903517472097,110.46832973748178,0.0
2023-09-22,1518002.6219769258,0.0001526597676210481,297.2859498839523,-68.29629845238014,0.0
2023-09-23,1518223.9322134212,0.0001475401576635722,297.44381509840827,-76.13357860304995,0.0
2023-09-24,1518503.794023512,0.00018657454006056786,297.4023894747567,-17.540579383904912,0.0
2023-09-25,1518894.1844717392,0.00026026029881824473,277.68289558988783,112.70755263747924,0.0
2023-09-26,1519022.735623312,8.570076771511602e-05,191.62259659167887,-63.07144501900484,0.0
2023-09-27,1519004.1627583054,-1.2381910004380266e-05,30.690038795283154,-49.262903801853554,0.0
2023-09-28,1519140.205467804,9.069513966572859e-05,120.36814919792903,15.67456030066387,0.0
2023-09-29,1519304.1729378665,0.00010931164670827889,302.42608605109683,-138.4586159886785,0.0
2023-09-30,1519842.9773645115,0.00035920295109671466,301.07359541944567,237.7308312256264,0.0
2023-10-01,1519977.155332723,8.94519788075474e-05,301.7464819009211,-167.56851368959997,0.0
2023-10-02,1520206.748581059,0.00015306216555745344,244.148197186715,-14.554948850534856,0.0
2023-10-03,1520718.2349032036,0.0003409908814297228,301.3725733533968,210.1137487911874,0.0
2023-10-04,1520850.9277761977,8.846191532933562e-05,220.76897373055658,-88.07610073655314,0.0
2023-10-05,1521306.0573131207,0.00030341969128202715,290.17344995019596,164.9560869728448,0.0
2023-10-06,1521359.779629328,3.581487747161786e-05,306.7545039169607,-253.0321877095339,0.0
2023-10-07,1521762.689255468,0.00026860641742670687,301.7713918195962,101.13823432046411,0.0
2023-10-08,1521985.2947526409,0.00014840366478183762,264.77752845772403,-42.1720312849676,0.0
2023-10-09,1522198.9326334225,0.00014242525385441354,131.90624492844006,81.73163585318025,0.0
2023-10-10,1521969.8968773498,-0.00015269050404840455,-74.52937596664454,-154.5063801059623,0.0
2023-10-11,1522168.231940483,0.00013222337542206976,306.56416997045346,-108.22910683734881,0.0
2023-10-12,1522553.8950898885,0.00025710876627030565,303.558309735656,82.10483966980246,0.0
2023-10-13,1523025.3709355777,0.0003143172304594674,299.4288861993334,172.04695948986773,0.0
2023-10-14,1523201.706380125,0.00011755696303150614,300.61231550202825,-124.27687095476904,0.0
2023-10-15,1523643.2408300093,0.00029435629992297915,300.4634071791726,141.07104270529612,0.0
2023-10-16,1523934.241988608,0.00019400077239909152,355.93862270101783,-64.93746410238055,0.0
2023-10-17,1524258.0295147183,0.0002158583507402069,318.93587649342174,4.851649616888608,0.0
2023-10-18,1524505.188166609,0.00016477243459382145,268.0580656249055,-20.899413734173322,0.0
2023-10-19,1524638.1341960197,8.863068627378541e-05,174.37165306226794,-41.42562365158983,0.0
2023-10-20,1525232.169559787,0.00039602357584490096,448.1126714451683,145.92269232218314,0.0
2023-10-21,1525689.34312566,0.00030478237724860467,481.80501777383176,-24.63145190092473,0.0
2023-10-22,1526098.421119261,0.0002727186624006623,470.65662335337805,-61.578629752384586,0.0
2023-10-23,1527330.1990066222,0.000821185258240741,1356.4279621325018,-124.65007477139034,0.0
2023-10-24,1529151.4706054535,0.001214181065887521,2383.689750569229,-562.4181517379475,0.0
2023-10-25,1530610.0148876202,0.0009723628547779432,1095.043764719625,363.5005174472899,0.0
2023-10-26,1531958.5042475697,0.0008989929066329098,1254.4419981459237,94.04736180344116,0.0
2023-10-27,1532532.4518752364,0.0003826317517777503,969.1704695314538,-395.2228418648283,0.0
2023-10-28,1533813.1353492504,0.0008537889826760388,1237.7650350957135,42.91843891834469,0.0
2023-10-29,1534656.3739695416,0.00056215908019416,1011.1803377975973,-167.94171750635724,0.0
2023-10-30,1535917.612281222,0.0008408255411201294,1150.3967781262256,110.84153355396847,0.0
2023-10-31,1537093.5205575717,0.0007839388508998806,1412.5194961255845,-236.61121977576363,0.0
2023-11-01,1538433.6765131068,0.0008934373036900605,1435.6961326052872,-95.54017707019648,0.0
2023-11-02,1539165.711974187,0.00048802364072024213,898.1111595032061,-166.07569842284283,0.0
2023-11-03,1540853.4187134174,0.0011251378261535232,1032.734040955387,654.972698274898,0.0
2023-11-04,1542138.4723805944,0.000856702444784698,732.7120184896366,552.3416486874103,0.0
2023-11-05,1542853.7818580389,0.00047687298496303993,1608.0130069449497,-892.7035295003898,0.0
2023-11-06,1543627.5725156688,0.0005158604384199108,996.5933361883425,-222.80267855847637,0.0
2023-11-07,1544337.9022874434,0.00047355318118304094,628.2249321048956,82.10483966966581,0.0
2023-11-08,1546533.000003003,0.0014633984770398396,2044.3233736206857,150.77434193907357,0.0
2023-11-09,1548784.090219981,0.0015007268113186424,2049.9333597867662,201.15685719119756,0.0
2023-11-10,1549919.7651943855,0.0007571166496029385,1752.2076795612315,-616.5327051568238,0.0
2023-11-11,1552227.5539208862,0.0015385258176671562,2687.337008065308,-379.5482815645737,0.0
2023-11-12,1554323.9139693025,0.001397573365610859,2224.742161354297,-128.3821129380085,0.0
2023-11-13,1556034.145652124,0.0011401544552143456,1313.142821873177,397.08886094834133,0.0
2023-11-14,1556931.45607706,0.0005982069499573339,964.4871119383794,-67.17668700237846,0.0
2023-11-15,1558584.5476050323,0.001102061018648257,1079.4772617341812,573.6142662382044,0.0
2023-11-16,1558398.6142633485,-0.0001239555611225482,538.0820626769686,-724.0154043607909,0.0
2023-11-17,1559411.6693878663,0.0006753700830118488,460.34027201333384,552.7148525044395,0.0
2023-11-18,1559991.210356027,0.0003863606454403245,411.5992506541331,167.9417175063536,0.0
2023-11-19,1560223.3152715587,0.00015473661035461672,411.24274753881417,-179.13783200688908,0.0
2023-11-20,1560611.498434511,0.0002587887753014837,506.11556902348616,-117.93240607126063,0.0
2023-11-21,1561184.6777314348,0.00038211953128254605,493.31368015387943,79.8656167699396,0.0
2023-11-22,1562304.3303583045,0.0007464350845797817,430.7183812769617,688.9342455927108,0.0
2023-11-23,1562308.2242708295,2.595941683347481e-06,369.6336528723072,-365.739740347286,0.0
2023-11-24,1562948.3880924007,0.00042677588104742426,452.8155055974975,187.34831597363882,0.0
2023-11-25,1563698.2316271032,0.000499895689801732,473.67271035875723,276.17082434384065,0.0
2023-11-26,1564477.7237090683,0.0005196613879767007,529.4455247887572,250.04655717629385,0.0
2023-11-27,1564782.7707276756,0.00020336467907160406,471.12271703052176,-166.07569842311568,0.0
2023-11-28,1565094.9484346143,0.00020811847129244946,357.70857257377406,-45.53086563509987,0.0
2023-11-29,1565559.2831272157,0.00030955646173427316,517.3296345700188,-52.994941968609055,0.0
2023-11-30,1566451.2115892768,0.0005946189747072802,497.45202782906216,394.4764342318582,0.0
2023-12-01,1566763.5331698915,0.00020821438707643302,699.707142329486,-387.3855617148365,0.0
2023-12-02,1568689.0486772952,0.0012836770049358885,1345.5567762818525,579.9587311219802,0.0
2023-12-03,1569952.935781967,0.0008425914031144713,1538.5651137487914,-274.6780090770844,0.0
2023-12-04,1571423.2429679101,0.0009802047906287813,2320.83868415873,-850.5314982155578,0.0
2023-12-05,1572419.4443597402,0.000664134261220051,789.4464773888869,206.7549144411896,0.0
2023-12-06,1571885.6929296213,-0.0003558342867458686,-314.30758591058554,-219.44384420821734,0.0
2023-12-07,1572456.9470915967,0.00038083610798356784,740.315490931707,-169.06132895635528,0.0
2023-12-08,1573649.4818133675,0.0007950231478472449,1582.1595063857037,-389.62478461483624,0.0
2023-12-09,1574455.2246714535,0.0005371619053905966,1393.5388693581378,-587.796011272243,0.0
2023-12-10,1576114.400781014,0.0011061174063737487,987.7824433519523,671.3936662086708,0.0
2023-12-11,1579631.6221959149,0.002344814276600557,3516.8482110840782,0.37320381675681347,0.0
2023-12-12,1581793.6725190708,0.0014413668821038818,2053.448012501581,108.60231065424159,0.0
2023-12-13,1583087.5211635232,0.0008625657629683281,1474.106087909652,-180.25744345715975,0.0
2023-12-14,1584209.6802726262,0.0007481060727352583,504.50679249606554,617.6523166068218,0.0
2023-12-15,1584984.3191704294,0.0005164259318689137,926.5328511924422,-151.8939533890716,0.0
2023-12-16,1584796.4161947635,-0.00012526865044395246,471.54816840896876,-659.4511440748975,0.0
2023-12-17,1585934.7606194296,0.0007588962831107847,454.26182869049126,684.0825959756858,0.0
2023-12-18,1586145.7875822927,0.00014068464190871124,680.5173642472984,-469.4904013842315,0.0
2023-12-19,1588113.4463025634,0.0013117724801804326,1670.5884821927668,297.0702380778821,0.0
2023-12-20,1589766.498026442,0.0011020344825856474,1959.4520573733687,-306.4003334948975,0.0
2023-12-21,1592059.1299387158,0.0015284212748492094,2955.815094515733,-663.183182241919,0.0
2023-12-22,1595127.514666556,0.0020455898185600635,2867.974278282412,200.41044955768302,0.0
2023-12-23,1598121.1447357875,0.001995753379487807,2827.5543708085947,166.07569842311568,0.0
2023-12-24,1601371.7386309598,0.0021670625967815296,2985.245981512229,265.3479136600654,0.0
2023-12-25,1604466.6081712255,0.0020632463601771163,2865.3491930072055,229.52034725846897,0.0
2023-12-26,1607020.113070703,0.0017023365996517656,3258.1137053708885,-704.6088058932401,0.0
2023-12-27,1610571.5194402123,0.002367604246339416,3323.378837517135,228.02753199198924,0.0
2023-12-28,1612665.6289437055,0.001396073002328818,1917.5840982033596,176.5254052898672,0.0
2023-12-29,1615652.8083592353,0.001991452943686549,3412.6317665457104,-425.45235101588696,0.0
2023-12-30,1617383.28724487,0.001153652590423125,1425.1981635897878,305.28072204489945,0.0
2023-12-31,1618563.8606477082,0.0007870489352254813,1398.8976355967027,-218.32423275848078,0.0
2024-01-01,1621514.390520375,0.001967019915111154,2816.5497024781857,133.98017018854534,0.0
2024-01-02,1624583.1713472246,0.0020458538845665205,3827.504186161901,-758.72335931212,0.0
2024-01-03,1628600.1287254372,0.002677971585474967,3346.6833234535084,670.2740547589419,0.0
2024-01-04,1632536.4797630594,0.002624234025081464,2871.9737524486836,1064.377285173512,0.0
2024-01-05,1634830.4653240356,0.0015293237073174524,1862.1887450767886,431.7968158993899,0.0
2024-01-06,1635549.2483013407,0.00047918865153683655,997.9394321823355,-279.1564548770807,0.0
2024-01-07,1637797.0747530803,0.0014985509678262594,1803.713909889192,444.112541850197,0.0
2024-01-08,1641236.8270193976,0.0022931681775449834,3425.197317466946,14.554948850529172,0.0
2024-01-09,1643738.7719552391,0.0016679632905609823,3758.5221866056404,-1256.5772507641668,0.0
2024-01-10,1648159.9419552924,0.002947446666702152,3762.092059795089,659.0779402581393,0.0
2024-01-11,1650170.7123040291,0.0013405135658244183,2201.104295243779,-190.33394650715127,0.0
2024-01-12,1651634.2217845514,0.0009756729870149219,1080.6023646078131,382.90711591456966,0.0
2024-01-13,1652183.174982087,0.00036596879835699997,829.6024676796166,-280.6492701441166,0.0
2024-01-14,1653565.5659377582,0.0009215939704474463,1089.425959576802,292.9649960943675,0.0
2024-01-15,1653980.9098034431,0.00027689591045672427,569.8502457909141,-154.5063801058277,0.0
2024-01-16,1654279.76991374,0.00019924007353114124,349.242625548563,-50.382515251851146,0.0
2024-01-17,1655148.2503924002,0.0005789869857734407,538.5683047141986,329.9121739459624,0.0
2024-01-18,1655572.1494481373,0.00028259937049152664,877.3416930047797,-453.4426372674898,0.0
2024-01-19,1656475.585645149,0.0006022907980078227,473.5054001950363,429.9307968166977,0.0
2024-01-20,1656646.1986609132,0.00011374201050930466,446.0374324745541,-275.42441671059714,0.0
2024-01-21,1657362.211754469,0.00047734206237056104,442.8278997455124,273.1851938103291,0.0
2024-01-22,1657446.0625088925,5.590050294907515e-05,226.78781621242166,-142.93706178880893,0.0
2024-01-23,1658373.5381132409,0.0006183170695655637,908.8154135143074,18.660190834038076,0.0
2024-01-24,1659748.6605022012,0.0009167482593069086,1122.4634050675854,252.65898389277754,0.0
2024-01-25,1660256.0304663386,0.00033824664275827087,567.0825748062792,-59.71261066887291,0.0
2024-01-26,1660557.8720953795,0.00020122775269393052,238.3969802052696,63.44464883562614,0.0
2024-01-27,1661243.7485801731,0.00045725098986233454,338.05052764675213,347.8259571467497,0.0
2024-01-28,1661236.7259152164,-4.681776637770976e-06,-56.28556875851138,49.26290380185492,0.0
2024-01-29,1660986.4194648857,-0.00016687096688710478,69.9024243812561,-320.20887471191327,0.0
2024-01-30,1660575.5731345366,-0.0002738975535660106,-607.1515379229193,196.30520757390332,0.0
2024-01-31,1660534.461353655,-2.7407853921182703e-05,-328.10551590911894,286.9937350273449,0.0
2024-02-01,1660598.8189636467,4.290507332781681e-05,187.51486949622335,-123.15725950449814,0.0
2024-02-02,1660726.5696701938,8.516713769811603e-05,469.2321988101516,-341.48149226297755,0.0
2024-02-03,1660939.9302020615,0.00014224035457844378,-71.76718407643813,285.1277159441038,0.0
2024-02-04,1661306.6258697773,0.00024446377847714,340.19819673140637,26.497470984303618,0.0
2024-02-05,1661480.0882982435,0.00011564161897749872,401.86316427499,-228.40073580874196,0.0
2024-02-06,1661927.9293659101,0.00029856071177783135,327.66943869548845,120.17162897125854,0.0
2024-02-07,1662574.3762974208,0.0004309646210070443,494.9261819379802,151.52074957258628,0.0
2024-02-08,1664229.8472629883,0.001103647310378439,1527.08885262965,128.3821129380085,0.0
2024-02-09,1666230.3069329273,0.0013336397799592957,2143.7699355439686,-143.31026560502505,0.0
2024-02-10,1667644.6761869693,0.0009429128360279022,1518.1199150793373,-103.75066103748395,0.0
2024-02-11,1668686.535278921,0.000694572727967954,974.6824049492799,67.1766870026513,0.0
2024-02-12,1670728.2582417936,0.001361148641914929,2858.2929137701385,-816.569950897745,0.0
2024-02-13,1671938.8517743715,0.0008070623550519722,2065.97668041027,-855.3831478323118,0.0
2024-02-14,1675146.6917315768,0.0021385599714702297,2106.1422903637654,1101.6976668415791,0.0
2024-02-15,1675727.4241859207,0.0003871549695626839,1742.5159356712315,-1161.7834813272057,0.0
2024-02-16,1676808.5684540484,0.000720762845418379,725.1078270140598,356.0364411135088,0.0
2024-02-17,1678188.352581392,0.0009198560848956793,1611.5436975022587,-231.75957015873973,0.0
2024-02-18,1678905.3019549057,0.00047796624900924874,1174.4972527646005,-457.5478792507274,0.0
2024-02-19,1679954.2130385162,0.0006992740557402149,1099.6668026789316,-50.755719068609324,0.0
2024-02-20,1680848.3515698547,0.0005960923542257069,921.755613772863,-27.617082434302574,0.0
2024-02-21,1681770.9300400182,0.0006150523134423391,904.6646869629832,17.91378320052536,0.0
2024-02-22,1682822.8627668747,0.0007012884845710481,680.2217254425358,371.7110014140362,0.0
2024-02-23,1683575.3765533448,0.0005016758576466511,751.0209712032205,1.4928152667562244,0.0
2024-02-24,1684515.820594844,0.0006269626943328429,913.200162881447,27.243878617817245,0.0
2024-02-25,1685218.1848920342,0.0004682428647933729,931.511440632043,-229.14714344198364,0.0
2024-02-26,1686640.3358491203,0.0009481006380575215,1502.762981489464,-80.61202440318175,0.0
2024-02-27,1689665.7399475633,0.0020169360656286106,2994.428181658077,30.975916784838773,0.0
2024-02-28,1698229.4453274098,0.0057091369198977145,8635.733716466239,-72.02833661966724,0.0
2024-02-29,1704318.3313102874,0.0040592573219182864,6784.537897170406,-695.6519142929756,0.0
2024-03-01,1708028.4153014515,0.002473389327442835,4326.616696321069,-616.5327051568165,0.0
2024-03-02,1713319.703272501,0.0035275253140329213,4186.231469857261,1105.0565011921208,0.0
2024-03-03,1719506.2341270982,0.004124353903064897,6556.749040744899,-370.21818614755284,0.0
2024-03-04,1726635.0111783328,0.004752518034156451,7573.262796901364,-444.48574566668685,0.0
2024-03-05,1742771.8865750057,0.010757916931115271,15624.093352553327,512.78204411958,0.0
2024-03-06,1753179.517674854,0.006938420733232186,9388.784680309878,1018.8464195384004,0.0
2024-03-07,1757601.1219972705,0.0029477362149442853,5558.756351843123,-1137.1520294266957,0.0
2024-03-08,1764543.903303566,0.00462852087086363,6676.313781185378,266.4675251100671,0.0
2024-03-09,1769066.2025635366,0.0030148661733137845,4864.900363683387,-342.60110371271,0.0
2024-03-10,1774478.2833831862,0.003608053879766462,5073.211754103469,338.8690655462242,0.0
2024-03-11,1778262.964069534,0.0025231204575652958,3747.360304679864,37.32038166807979,0.0
2024-03-12,1783079.3792175394,0.0032109434320034417,5931.548152247004,-1115.1330042418413,0.0
2024-03-13,1790026.78730008,0.00463160538836038,6033.0587316731735,914.3493508673964,0.0
2024-03-14,1795956.1064327734,0.0039528794217956065,6074.868621199246,-145.54948850583605,0.0
2024-03-15,1799952.7407532355,0.0026644228803081394,4424.325894378096,-427.6915739158867,0.0
2024-03-16,1801842.4051665864,0.0012597762755673302,1352.2509173308763,537.413496020119,0.0
2024-03-17,1804689.0338394966,0.0018977524486066405,2775.7199477402696,70.90872516969102,0.0
2024-03-18,1806342.5544356152,0.0011023470640791565,1805.414549507539,-151.89395338880422,0.0
2024-03-19,1809003.0992569083,0.0017736965475286383,2495.215530503627,165.32929078933012,0.0
2024-03-20,1810509.9295759317,0.0010045535460156026,1010.0960390210714,496.7342800023325,0.0
2024-03-21,1811475.3026861232,0.0006435820734610879,935.5168048573222,29.85630533430958,0.0
2024-03-22,1812277.9221380549,0.0005350796346211175,904.5040938853912,-101.88464195371489,0.0
2024-03-23,1813343.6898319721,0.0007105117959447466,723.912997837657,341.8546960794629,0.0
2024-03-24,1814933.5511864375,0.0010599075696436132,1624.1961056002592,-34.33475113483928,0.0
2024-03-25,1818574.4992861974,0.0024272987331733385,4406.762331588605,-765.8142318285973,0.0
2024-03-26,1821815.9446764805,0.002160963593522039,2857.045459102273,384.39993118078564,0.0
2024-03-27,1826345.4158636662,0.003019647458123831,5112.042345023942,-582.5711578381961,0.0
2024-03-28,1829863.8483003308,0.0023456216244430402,3757.2828793405943,-238.8504426760337,0.0
2024-03-29,1836595.8710122104,0.004488015141253131,6567.439828723333,164.5828831563631,0.0
2024-03-30,1842061.4536082218,0.0036437217306742385,5274.129038054474,191.45355795688374,0.0
2024-03-31,1847118.8226724472,0.0033715793761501414,5309.654844301233,-252.28578007602118,0.0
2024-04-01,1851290.2031154176,0.0027809202953137354,5036.093686219934,-864.7132432493308,0.0
2024-04-02,1854463.5710260845,0.0021155786071112405,1948.8861881372688,1224.481722529592,0.0
2024-04-03,1856754.1712261008,0.0015270668000108539,1850.966103966373,439.6340960499074,0.0
2024-04-04,1858744.4531305511,0.001326854602966861,875.1489002079119,1115.1330042423797,0.0
2024-04-05,1860134.8184646578,0.0009269102227377128,1146.6632418140543,243.70209229251486,0.0
2024-04-06,1862401.2622833292,0.001510962545781018,2384.749428559273,-118.30560988774596,0.0
2024-04-07,1863777.37619285,0.0009174092730138497,1388.429635471306,-12.315725950531487,0.0
2024-04-08,1865994.7722706778,0.0014782640518852237,2098.7172641230586,118.67881370477699,0.0
2024-04-09,1867166.0142364863,0.0007808279772056882,3260.436931588008,-2089.1949657794758,0.0
2024-04-10,1869736.0599992685,0.0017133638418547791,2006.5079995939543,563.5377631882147,0.0
2024-04-11,1871205.9084915114,0.0009798989948286612,1750.4977623871011,-280.6492701441093,0.0
2024-04-12,1873240.0155819017,0.0013560713935934722,1984.0977789551116,50.009311435096606,0.0
2024-04-13,1876004.1537088072,0.0018427587512703473,1663.1868676966344,1100.9512592088868,0.0
2024-04-14,1878151.6581283105,0.0014316696130020634,1972.0986256635097,175.40579383958539,0.0
2024-04-15,1881258.840913389,0.0020714551900524753,825.7878537085824,2281.3949313701305,0.0
2024-04-16,1881433.3330822932,0.0001163281126026449,874.62252899775,-700.1303600937827,0.0
2024-04-17,1882913.666078885,0.0009868886643947248,1431.4432966067193,48.88969998536777,0.0
2024-04-18,1882309.6462725387,-0.0004026798708976682,-394.2792613718002,-209.74054497470206,0.0
2024-04-19,1883066.2381404834,0.0005043945786298549,674.1138244583599,82.4780434864224,0.0
2024-04-20,1883887.778044547,0.0005476932693757552,615.5313972556831,206.00850680794974,0.0
2024-04-21,1884924.781731789,0.000691335791494612,560.4224133403943,476.5812739015237,0.0
2024-04-22,1884802.1840668763,-8.173177660841304e-05,434.5956333918144,-557.1932983044339,0.0
2024-04-23,1885954.484672082,0.0007682004034703599,668.255254970235,484.0453502353048,0.0
2024-04-24,1886079.930829923,8.363077189397396e-05,633.7497561605687,-508.3035983196078,0.0
2024-04-25,1886818.734586667,0.0004925358378294817,299.16966069428605,439.6340960499365,0.0
2024-04-26,1886706.094849074,-7.509315839536134e-05,635.6339148520564,-748.2736524450984,0.0
2024-04-27,1887485.8896690798,0.0005198632133372121,713.7377444531649,66.05707555265326,0.0
2024-04-28,1888872.1149185474,0.000924150166311783,648.0281000731106,738.1971493945639,0.0
2024-04-29,1889035.4637555317,0.00010889922465611896,568.6481818995403,-405.29934491536187,0.0
2024-04-30,1889395.621857196,0.00024010540110956722,607.2190283071363,-247.0609266427855,0.0
2024-05-01,1890224.9778977784,0.0005529040270549518,933.4799054361242,-104.12386485369643,0.0
2024-05-02,1892174.2194613442,0.0012994943757104827,588.5404479475842,1360.7011156181397,0.0
2024-05-03,1890871.5929073924,-0.0008684177026344964,-57.2454176878456,-1245.381136263899,0.0
2024-05-04,1891690.446321922,0.0005459022763530418,654.2705313731923,164.58288315637037,0.0
2024-05-05,1892418.7298916937,0.00048552237984786134,749.929391139619,-21.64582136782701,0.0
2024-05-06,1893793.6083939169,0.0009165856681487245,1510.3514876781164,-135.47298545502963,0.0
2024-05-07,1895204.0831789065,0.0009403165233264098,1470.9338032917321,-60.45901830211733,0.0
2024-05-08,1895670.3450203761,0.0003108412276464035,705.4854879621242,-239.22364649251904,0.0
2024-05-09,1896566.3454596782,0.0005973336262014906,184.67396470872748,711.3264745935085,0.0
2024-05-10,1897066.167021417,0.00033321437449243015,915.1974097042696,-415.3758479656244,0.0
2024-05-11,1897766.172181833,0.00046667010694399915,775.0191275689019,-75.0139671529032,0.0
2024-05-12,1898267.3921349496,0.0003341466354111682,695.2859377906558,-194.06598467390347,0.0
2024-05-13,1899350.1980020604,0.0007218705780738553,653.2482741111124,429.5575929996703,0.0
2024-05-14,1900188.703044885,0.0005590033618830889,853.8063993086772,-15.301356484043936,0.0
2024-05-15,1901493.295349109,0.0008697282028158376,1338.1806477250802,-33.588343501323834,0.0
2024-05-16,1902259.0860410766,0.0005105271279784984,612.0307194951598,153.75997247258783,0.0
2024-05-17,1902564.8403627994,0.00020383621448176207,813.3115124084671,-507.557190685824,0.0
2024-05-18,1904283.402266079,0.0011457079355197822,729.9449928923334,988.6169103873399,0.0
2024-05-19,1904356.793930754,4.892777644999114e-05,584.6808935275635,-511.2892288525768,0.0
2024-05-20,1904942.3745978626,0.00039038711140576543,425.1030259357992,160.47764117284896,0.0
2024-05-21,1903647.2020360383,-0.000863448374549591,738.0418314529459,-2033.2143932773324,0.0
2024-05-22,1904746.812699728,0.0007330737757931791,1117.5244468902977,-17.913783200528997,0.0
2024-05-23,1904418.7962558782,-0.00021867762923323525,874.4462534957069,-1202.4626973455597,0.0
2024-05-24,1906045.2585846137,0.0010843082191570037,792.7250022701986,833.737326465307,0.0
2024-05-25,1906672.435062622,0.00041811765200550327,767.8743168970641,-140.6978388888092,0.0
2024-05-26,1908840.5236440515,0.0014453923876197453,1792.2723380323425,375.8162433972757,0.0
2024-05-27,1912328.88535556,0.0023255744743389756,3219.281759681373,269.07995182709055,0.0
2024-05-28,1914471.919952229,0.001428689731112593,2454.2865797810864,-311.2519831121972,0.0
2024-05-29,1917440.7599161642,0.001979226642623557,3600.6740255756577,-631.834061640322,0.0
2024-05-30,1919378.852684549,0.0012920618455899203,1654.084663890777,284.00810449410346,0.0
2024-05-31,1920229.4694965947,0.0005670778746971137,1449.2357340019653,-598.6189219562948,0.0
2024-06-01,1922899.5002659648,0.0017800205129133656,2202.033183252031,467.99758611801735,0.0
2024-06-02,1924140.7215663397,0.0008274808669166099,1034.8395897504797,206.38171062443507,0.0
2024-06-03,1927127.4244737092,0.0019911352715795898,3282.280330180507,-295.5774228111224,0.0
2024-06-04,1929524.9333011985,0.001598339218326232,2439.680858774451,-42.172031285103,0.0
2024-06-05,1930963.7089671902,0.0009591837773278235,1467.1391560592813,-28.36349006754608,0.0
2024-06-06,1932423.9392119385,0.0009734868298322541,830.635406008059,629.5948387403223,0.0
2024-06-07,1934440.0169959364,0.0013440518559985752,2226.5647366058083,-210.48695260794557,0.0
2024-06-08,1936862.966064323,0.0016152993789243619,2066.912627272765,356.036441113778,0.0
2024-06-09,1937830.6038004947,0.0006450918241143847,1517.7401619592604,-550.1024257876834,0.0
2024-06-10,1939391.1012174827,0.001040331611325336,918.9600561141797,641.5373608738246,0.0
2024-06-11,1942071.5281291653,0.001786951274455175,2674.8288544322245,5.5980572505377495,0.0
2024-06-12,1944182.3970447849,0.0014072459437463227,1646.9765714855118,463.8923441339721,0.0
2024-06-13,1946143.373308459,0.0013073175091161317,1959.1102445906906,1.8660190835071262,0.0
2024-06-14,1946873.6688124086,0.00048686366929959104,1009.0787550099815,-278.7832510605949,0.0
2024-06-15,1948287.8093557416,0.0009427603622220795,739.3880427736359,674.7525005594835,0.0
2024-06-16,1949412.0526383526,0.0007494955217406716,741.3361666967096,382.9071159142977,0.0
2024-06-17,1951162.496537461,0.0011669625994055778,1421.6513366126753,328.7925624956915,0.0
2024-06-18,1953039.6583726215,0.0012514412234403683,1546.130049764863,331.03178539568944,0.0
2024-06-19,1954097.4164540125,0.0007051720542606589,1311.9098805505203,-254.15179915953195,0.0
2024-06-20,1956126.8337173883,0.0013529448422504992,1456.549404770515,572.8678586052338,0.0
2024-06-21,1956113.975711976,-8.572003608286423e-06,911.941052322802,-924.7990577352316,0.0
2024-06-22,1956961.418202201,0.0005649616601499357,717.9407658366241,129.5017243882794,0.0
2024-06-23,1957817.7041852437,0.0005708573220286008,764.8510479559441,91.43493508695701,0.0
2024-06-24,1957809.8686339739,-5.223700846612474e-06,245.94304407313155,-253.77859534305026,0.0
2024-06-25,1958675.314282548,0.0005769637657161334,690.4130585508271,175.0325900233729,0.0
2024-06-26,1959677.1190962053,0.0006678698757715889,691.6724419957299,310.13237166165345,0.0
2024-06-27,1959908.000883844,0.0001539211917590657,1097.8342537879255,-866.9524661493269,0.0
2024-06-28,1961674.885080037,0.0011779227974620646,1039.8831612990627,727.0010348940341,0.0
2024-06-29,1961782.688689682,7.186907309664321e-05,1090.0760551490746,-982.2724455041098,0.0
2024-06-30,1962678.4827555362,0.0005971960439028684,666.646922412046,229.1471434422565,0.0
2024-07-01,1963419.8103192581,0.0004942183758145842,676.7633034359757,64.56426028590067,0.0
2024-07-02,1964511.6221901998,0.0007278745806277463,704.0531054102984,387.75876553132093,0.0
2024-07-03,1964693.4631556144,0.00012122731027645856,343.81142185429303,-161.9704564396052,0.0
2024-07-04,1964751.3126568163,3.856633413461589e-05,482.92864840132546,-425.07914719940163,0.0
2024-07-05,1965236.6528822,0.0003235601502557341,352.85287046207486,132.48735492152628,0.0
2024-07-06,1965874.9217427503,0.00042551257370020563,-99.55508502777198,737.8239455780804,0.0
2024-07-07,1965151.3856577254,-0.00048235739001657507,-359.2891599443329,-364.24692508052976,0.0
2024-07-08,1965505.0787528278,0.0002357953967349497,-119.52934444883579,473.2224395512603,0.0
2024-07-09,1966191.99471218,0.0004579439729014586,634.6674250168223,52.24853433536555,0.0
2024-07-10,1966651.554350797,0.0003063730924114176,508.44933860222494,-48.88969998509856,0.0
2024-07-11,1966555.493697291,-6.404043567074315e-05,204.3684189220307,-300.42907242814545,0.0
2024-07-12,1966973.8393050167,0.0002788970718170734,219.0547696179251,199.29083810768498,0.0
2024-07-13,1967424.0062623715,0.0003001113049032687,640.5009038623235,-190.33394650742048,0.0
2024-07-14,1968497.7946281906,0.0007158589105460063,662.5177598366263,411.27060598238313,0.0
2024-07-15,1969295.0207289162,0.0005314840671503888,730.0494137229283,67.17668700265494,0.0
2024-07-16,1970639.5230827334,0.0008963349025448136,913.4519455510559,431.0504082661646,0.0
2024-07-17,1971075.5213601738,0.0002906655182936646,789.0490880204933,-353.0508105799963,0.0
2024-07-18,1971918.5529538107,0.0005620210624245612,910.5814844562476,-67.54989081940585,0.0
2024-07-19,1972712.3339119817,0.0005291873054473749,953.1389878936413,-159.35802972257898,0.0
2024-07-20,1974282.3193156775,0.0010466569357971806,1413.613004506436,156.37239918933483,0.0
2024-07-21,1977277.499464938,0.0019967867661736228,2537.632270009976,457.5478792504582,0.0
2024-07-22,1977970.568588331,0.0004620460822620956,1328.2620193834596,-635.1928959903162,0.0
2024-07-23,1979028.0616163537,0.0007049953520150972,854.0969479317231,203.39608009092262,0.0
2024-07-24,1979539.112177296,0.00034070037396152444,999.9475607943418,-488.89699985205516,0.0
2024-07-25,1980498.2882203327,0.0006394506953577757,749.8087018784468,209.36734115821673,0.0
2024-07-26,1981454.7972536897,0.0006376726889046917,895.3036074216803,61.2054259353572,0.0
2024-07-27,1982840.0635037771,0.000923510833391563,1439.3808035059517,-54.1145534186071,0.0
2024-07-28,1984291.786035049,0.00096781502084799,1552.8607655921755,-101.13823432019058,0.0
2024-07-29,1987711.7686213495,0.0022799883908669683,2987.4393627675445,432.5432235329081,0.0
2024-07-30,1988502.2318794844,0.0005269755054231514,782.9991818017609,7.464076332966215,0.0
2024-07-31,1989023.515133344,0.0003475221692399663,740.7270980678867,-219.44384420793722,0.0
2024-08-01,1990168.6368397584,0.0007634144709427139,1238.0494567675103,-92.92775035343948,0.0
2024-08-02,1990860.1041376544,0.0004609781985973689,735.8785520811524,-44.4112541850991,0.0
2024-08-03,1991296.5310106096,0.0002909512486367859,823.8124346697389,-387.38556171456,0.0
2024-08-04,1992126.681811964,0.0005534338675695864,873.0692402727225,-42.91843891834287,0.0
2024-08-05,1992918.9882215753,0.0005282042730742878,679.9720607904233,112.33434882100846,0.0
2024-08-06,1993479.5795406306,0.00037372754603686294,604.6293694236354,-44.03805036834092,0.0
2024-08-07,1994562.7027431368,0.0007220821350041725,509.1357324513035,573.9874700549553,0.0
2024-08-08,1994853.492037763,0.00019385952975058536,284.8180335588604,5.971261067017622,0.0
2024-08-09,1994634.9483802295,-0.0001456957716889217,-44.63067896000038,-173.91297857338213,0.0
2024-08-10,1995418.9750401592,0.0005226844399531181,664.9746424084185,119.05201752125868,0.0
2024-08-11,1996318.0593420803,0.0005993895346140871,737.8602531150391,161.22404880609156,0.0
2024-08-12,1996444.498182745,8.429256044312789e-05,657.1346679848226,-530.6958273201308,0.0
2024-08-13,1997237.4484372886,0.0005286335030292171,664.1949377887897,128.7553167550359,0.0
2024-08-14,1998563.7475992176,0.0008841994412860138,810.5314872761758,515.767674652845,0.0
2024-08-15,1999243.4499314562,0.0004531348881591199,734.5632932908032,-54.86096105212346,0.0
2024-08-16,1999271.7325452596,1.8855075868813193e-05,227.57345191063555,-199.29083810741577,0.0
2024-08-17,1999398.4761651163,8.449574657123567e-05,509.65073577169784,-382.9071159148443,0.0
2024-08-18,2000177.927307193,0.0005196340947177066,637.6336917377527,141.81745033880725,0.0
2024-08-19,2001185.832206305,0.000671936599408176,494.37644735941507,513.5284517528489,0.0
2024-08-20,2001804.2445576317,0.00041227490088436804,512.0492635725831,106.36308775396901,0.0
2024-08-21,2002010.8421689803,0.00013773174089895285,542.4810463608709,-335.8834350124416,0.0
2024-08-22,2002901.636798577,0.0005938630863978794,706.8051479734473,183.98948162337183,0.0
2024-08-23,2003378.9736736438,0.00031822458337781403,854.272729914264,-376.93585484754294,0.0
2024-08-24,2004277.7328281282,0.0005991727696561852,1223.0732711799699,-324.31411669569206,0.0
2024-08-25,2006685.0156742618,0.0016048552307557833,1542.1963990675874,865.0864470660877,0.0
2024-08-26,2008379.0712236988,0.0011293703662913644,2087.0391684018778,-392.9836189648313,0.0
2024-08-27,2008964.6082484773,0.00039035801651908226,719.5171949668986,-133.98017018827522,0.0
2024-08-28,2009789.9604315888,0.0005502347887410278,664.8745419389656,160.4776411725761,0.0
2024-08-29,2010236.370975194,0.0002976070290700384,659.1367191129992,-212.72617550794166,0.0
2024-08-30,2011299.559146306,0.0007087921140746142,660.1280490968282,403.06012201509293,0.0
2024-08-31,2011434.9389204385,9.025318275503283e-05,438.0480694606944,-302.6682953281452,0.0
2024-09-01,2012263.1741030342,0.0005521567883970943,659.9202612725279,168.3149213231136,0.0
2024-09-02,2012721.1571832027,0.00030532205344576644,399.39008094977385,58.592999218875775,0.0
2024-09-03,2012208.1188580298,-0.00034202555011530924,0.11692276285773057,-513.1552479358215,0.0
2024-09-04,2013382.4300113823,0.0007828741022350193,583.9027153637935,590.4084379887354,0.0
2024-09-05,2013671.4181476063,0.0001926587574825963,648.7566155041555,-359.7684792802611,0.0
2024-09-06,2014550.7068041544,0.0005861924376987741,573.2615268697417,306.02712967841944,0.0
2024-09-07,2015190.688278317,0.00042665431610839234,603.7807039445031,36.20077021808538,0.0
2024-09-08,2015333.8333024653,9.543001609889435e-05,490.59777747834397,-347.45275333000245,0.0
2024-09-09,2015484.3969419668,0.0001003757596676753,-13.272836021333813,163.83647552284674,0.0
2024-09-10,2015982.4709306818,0.00033204932580991535,439.8541933124862,58.21979540238681,0.0
2024-09-11,2015889.5635396964,-6.193826065680719e-05,98.1729631554532,-191.08035414066399,0.0
2024-09-12,2016673.557731666,0.0005226627946462312,574.6268508114011,209.3673411579457,0.0
2024-09-13,2017301.4740813873,0.0004186108998142487,523.0460772341567,104.87027248721643,0.0
2024-09-14,2018223.9167302237,0.0006149617658910279,676.8745374605198,245.568111376022,0.0
2024-09-15,2018422.4301847809,0.00013234230303812652,671.3626902919611,-472.84923573477136,0.0
2024-09-16,2019172.9486581834,0.0005003456489349981,661.6959650322952,88.82250837020183,0.0
2024-09-17,2019515.6335391183,0.00022845658728989497,510.99980225795787,-168.3149213231154,0.0
2024-09-18,2020258.4046298997,0.0004951807271876341,518.8488007729798,223.92229000847146,0.0
2024-09-19,2021578.8194627818,0.0008802765552546856,1630.5472045436818,-310.13237166165345,0.0
2024-09-20,2022178.0375998134,0.0003994787580211968,732.8251034035815,-133.60696637178626,0.0
2024-09-21,2023040.2406741919,0.0005748020495856376,707.3234904558723,154.87958392258406,0.0
2024-09-22,2023865.624952832,0.0005502561857600259,708.9446878355336,116.43959080450531,0.0
2024-09-23,2024344.4887129967,0.00031924250677643334,781.5320554927952,-302.6682953281452,0.0
2024-09-24,2026120.9102734658,0.0011842810403127893,1118.4632316610443,657.9583288081394,0.0
2024-09-25,2026879.0843395297,0.0005054493773758759,1444.4958849397703,-686.3218188759565,0.0
2024-09-26,2028920.0135284427,0.0013606194592754174,1510.6065654097536,530.3226235033726,0.0
2024-09-27,2030951.6731720683,0.0013544397624169718,1987.6215932571024,44.03805036835547,0.0
2024-09-28,2031148.9057911267,0.0001314884127056407,736.1389303456128,-538.9063112871518,0.0
2024-09-29,2033227.4838369626,0.0013857186972239936,1524.3703780647966,554.2076677711939,0.0
2024-09-30,2036184.5783803912,0.001971396362285733,3012.7019121142334,-55.607368685634356,0.0
2024-10-01,2037371.9570716326,0.0007915857941609471,1755.0216964128767,-567.643005171456,0.0
2024-10-02,2038411.4420354376,0.0006929899758699512,680.4628921579056,359.0220716470212,0.0
2024-10-03,2039028.60209621,0.00041144004051496986,678.7386905248403,-61.578629752385496,0.0
2024-10-04,2039673.055298504,0.00042963546819607874,679.9075648786844,-35.4543625845663,0.0
2024-10-05,2040594.7302670893,0.0006144499790569078,694.767048043647,226.9079205417147,0.0
2024-10-06,2041408.9464215154,0.0005428107696173379,694.4177292712336,119.79842515477321,0.0
2024-10-07,2041955.1958910995,0.0003641663130561231,702.9950725900085,-156.7456030058238,0.0
2024-10-08,2042752.2540000533,0.0005313720726358405,696.2930784500547,100.76503050370593,0.0
2024-10-09,2043272.109749314,0.00034657049950702486,695.6347469174298,-175.77899765689244,0.0
2024-10-10,2043833.588365456,0.0003743190774280234,523.7850306572008,37.69358548483433,0.0
2024-10-11,2044234.7774098492,0.00026745936292887917,274.6729505385518,126.51609385476695,0.0
2024-10-12,2044763.9713861682,0.00035279598421246813,607.9399816383723,-78.74600531967008,0.0
2024-10-13,2045229.9927433091,0.00031068090476063027,494.3848472084915,-28.36349006754608,0.0
2024-10-14,2045864.241761467,0.00042283267877206703,630.8901838081046,3.358834349995959,0.0
2024-10-15,2046096.6663572364,0.000154949730512917,651.1592780849868,-418.7346823156113,0.0
2024-10-16,2047259.3156714183,0.0007750995427878485,750.6323005664116,412.01701361536107,0.0
2024-10-17,2047936.2178259613,0.0004512681030286504,756.7677713126437,-79.86561676966812,0.0
2024-10-18,2048514.8356277328,0.0003857452011810861,866.7311482492449,-288.1133464776158,0.0
2024-10-19,2049277.378354905,0.0005083618181147301,765.9015615220893,-3.35883434999414,0.0
2024-10-20,2050074.0862210477,0.0005311385774285856,770.5835989753317,26.124267167546805,0.0
2024-10-21,2050722.455543921,0.0004322462152488723,987.611592236017,-339.2422693627086,0.0
2024-10-22,2051364.7620778615,0.00042820435596030887,754.267678944699,-111.96114500423573,0.0
2024-10-23,2053158.39027293,0.0011957521300456526,1393.9269074036545,399.7012876648246,0.0
2024-10-24,2054162.5275948525,0.0006694248812816662,935.467819653361,68.66950226913832,0.0
2024-10-25,2054994.1152965212,0.0005543918011124713,715.148110863926,116.43959080478089,0.0
2024-10-26,2056156.600774228,0.0007749903184712066,746.3632221073998,416.12225559941,0.0
2024-10-27,2056356.6966129676,0.00013339722582651802,750.9446721609731,-550.8488334211961,0.0
2024-10-28,2057421.3653703225,0.0007097791715697477,761.2540543929634,303.4147029616579,0.0
2024-10-29,2058447.3965694963,0.0006840207994492727,1275.3313487164214,-249.30014954251237,0.0
2024-10-30,2058877.386367701,0.0002866598654697588,1377.927492574177,-947.9376943695388,0.0
2024-10-31,2059885.0691988883,0.0006717885541249793,1050.97447392257,-43.29164273510105,0.0
2024-11-01,2060452.5242472035,0.0003783033655433201,1524.3496342845178,-956.8945859695377,0.0
2024-11-02,2062368.501139916,0.0012773179284751213,778.0784556527502,1137.898437059932,0.0
2024-11-03,2063426.5332137982,0.0007053547159214492,776.6363961050957,281.39567777707816,0.0
2024-11-04,2064407.1683090548,0.0006537567301711719,780.9710533323184,199.66404192443952,0.0
2024-11-05,2065359.2725033357,0.0006347361295205207,872.984985144622,79.11920913615904,0.0
2024-11-06,2068787.9383367505,0.0022857772222765475,3305.5085739105903,123.15725950423075,0.0
2024-11-07,2069454.4660662152,0.0004443518196430855,1667.460365801692,-1000.9326363370637,0.0
2024-11-08,2071788.9835317386,0.0015563449770156002,2095.6670228479106,238.85044267548983,0.0
2024-11-09,2074170.1851883424,0.0015874677710692267,1295.5517538795468,1085.6499027242935,0.0
2024-11-10,2077064.0979961078,0.0019292752051768558,3835.1328334342857,-941.2200256690021,0.0
2024-11-11,2078952.6822759933,0.0012590561865904583,3465.370405362043,-1576.7861254763557,0.0
2024-11-12,2084836.478394181,0.003922530745458439,7418.037008562415,-1534.2408903747564,0.0
2024-11-13,2091130.1720088054,0.0041957957430830105,4017.1503328716803,2276.5432817528344,0.0
2024-11-14,2092437.3282328541,0.0008714374826990472,1982.2819284239865,-675.1257043754158,0.0
2024-11-15,2094290.9015421153,0.001235715539507477,2559.6749304217465,-706.1016211605311,0.0
2024-11-16,2097569.188725023,0.0021855247886051793,2737.5148525370955,540.7723303706734,0.0
2024-11-17,2100471.864381292,0.0019351171041792966,3376.6445034534413,-473.96884718449655,0.0
2024-11-18,2106334.224484535,0.003908240068828664,5444.371828560616,417.9882746823787,0.0
2024-11-19,2111403.6850680113,0.0033796403889842903,5043.7095201248285,25.751063351606717,0.0
2024-11-20,2115726.687416675,0.002882001565775769,3642.651790854715,680.3505578089389,0.0
2024-11-21,2119397.9493846307,0.0024475079786370453,2788.2617376892194,883.0002302663488,0.0
2024-11-22,2122610.6274561044,0.0021417853809823735,5013.013283141899,-1800.3352116683382,0.0
2024-11-23,2126934.52850842,0.0028826007015437475,3570.775750253499,753.1253020621225,0.0
2024-11-24,2130922.1736128177,0.00265843006959849,4872.138149931648,-884.4930455339127,0.0
2024-11-25,2135180.8221579036,0.002839099030057328,4529.221312179022,-270.57276709303005,0.0
2024-11-26,2136892.30649807,0.0011409895601106905,1470.3946745905298,241.08966557550593,0.0
2024-11-27,2139006.448379732,0.001409427921108164,2201.8447785819076,-87.70289691966173,0.0
2024-11-28,2140819.1623824215,0.0012084760017928757,1280.8985639191774,531.8154387701361,0.0
2024-11-29,2143273.285026505,0.0016360817627224266,2764.628219561777,-310.50557547813696,0.0
2024-11-30,2145567.4513103776,0.0015294441892484611,2510.251293731184,-216.0850098584924,0.0
2024-12-01,2147212.7984419046,0.001096898087684368,2056.2445336919077,-410.89740216535574,0.0
2024-12-02,2148697.253722869,0.0009896368539761742,1955.4384976157876,-470.98321665152616,0.0
2024-12-03,2153770.4130299366,0.00338210620471191,3959.519118092511,1113.6401889753542,0.0
2024-12-04,2158350.2130613998,0.003053200020975663,5088.10362978256,-508.30359831906554,0.0
2024-12-05,2168356.3977894317,0.006670789818688006,10710.42033010848,-704.235602076471,0.0
2024-12-06,2175751.131491565,0.004929822468088768,6405.370384112565,989.363318020587,0.0
2024-12-07,2180210.0410764283,0.002972606389908616,4671.262556554373,-212.35297169144906,0.0
2024-12-08,2185630.2195586516,0.003613452321482535,5627.306600481208,-207.12811825740573,0.0
2024-12-09,2187594.0846160473,0.0013092433715969718,2833.0567464453266,-869.1916890498687,0.0
2024-12-10,2190542.5840401547,0.0019656662827382165,2281.210999882441,667.2884242248838,0.0
2024-12-11,2194916.3298136075,0.002915830515635238,2010.6192062298167,2363.12656722304,0.0
2024-12-12,2198007.5515092826,0.002060814463783617,2382.1344439819204,709.0872516935051,0.0
2024-12-13,2200190.0501502515,0.0014549990939791556,1723.8311502682775,458.66749070045626,0.0
2024-12-14,2204077.422275762,0.002591581417006882,2754.6985418833574,1132.6735836269654,0.0
2024-12-15,2209239.844762549,0.0034416149911914926,5660.276378239829,-497.85389145258983,0.0
2024-12-16,2213377.049738877,0.002758136650885254,5462.451729361175,-1325.2467530332942,0.0
2024-12-17,2217462.2717086477,0.0027234813131806206,2892.462571659425,1192.759398111506,0.0
2024-12-18,2221508.4059079196,0.002697422799514346,3162.0143575546344,884.1198417168841,0.0
2024-12-19,2221892.198311465,0.0002558616023634824,1739.6418695466057,-1355.849466001382,0.0
2024-12-20,2223232.7821424506,0.0008937225539907167,1163.3120180626915,177.27181292338355,0.0
2024-12-21,2224975.7712701485,0.001161992751798554,1243.6424209787567,499.34670671907406,0.0
2024-12-22,2225653.8537480966,0.0004520549852986457,1075.1713388963094,-397.0888609483409,0.0
2024-12-23,2226562.7387018153,0.0006059233024791295,812.5983690149769,96.28658470371738,0.0
2024-12-24,2227005.042531028,0.0002948692194752306,905.4497657138401,-463.14593650099414,0.0
2024-12-25,2228661.0613013133,0.0011040125135233702,1051.0553834452758,604.9633868397796,0.0
2024-12-26,2230592.8729968723,0.0012878744637061707,1434.3310079242367,497.4806876350194,0.0
2024-12-27,2231811.6956928535,0.0008125484639873116,1566.2754493101513,-347.4527533291839,0.0
2024-12-28,2232980.8782396703,0.0007794550312112376,1190.4551643679179,-21.272617551061558,0.0
2024-12-29,2234113.122315017,0.0007548293835645633,1103.5073814628172,28.736693884027773,0.0
2024-12-30,2235529.8283062265,0.0009444706608062187,1514.1121873624977,-97.40619615316973,0.0
2024-12-31,2236705.8559605083,0.0007840184361879762,1382.7825687234304,-206.7549144414661,0.0
2025-01-01,2239942.815965727,0.0021579733368125163,3444.088123476722,-207.1281182579478,0.0
2025-01-02,2240791.2929973,0.0005656513543819711,1457.5456603957227,-609.0686288227662,0.0
2025-01-03,2242112.4449580563,0.0008807679738374985,1085.6603524312923,235.49160832495545,0.0
2025-01-04,2243632.269358197,0.0010132162667604522,1098.8504949242415,420.97390521643683,0.0
2025-01-05,2245434.5437368965,0.0012015162524663238,1099.1583880730032,703.1159906264825,0.0
2025-01-06,2245666.7851573946,0.0001548276136655248,1124.1985423651643,-891.9571218668771,0.0
2025-01-07,2249586.292499831,0.0026130048949574982,2736.8244473747163,1182.6828950615309,0.0
2025-01-08,2251627.293815692,0.0013606675439071856,2813.533216389917,-772.5319005291385,0.0
2025-01-09,2253318.7504537823,0.0011276377587267597,1235.774777923203,455.68186016693653,0.0
2025-01-10,2254331.7485573543,0.000675332069048298,1017.4765493724392,-4.478445799992187,0.0
2025-01-11,2255550.1739897225,0.0008122836215786578,1068.7707018791932,149.65473048879358,0.0
2025-01-12,2256420.960470749,0.0005805243206843628,1352.5926083610343,-481.80612733449016,0.0
2025-01-13,2257800.601097944,0.0009197604181301357,1096.7521341510976,282.88849304410587,0.0
2025-01-14,2259055.1565688634,0.0008363703139461064,1047.8005564782397,206.75491444092,0.0
2025-01-15,2259589.715606867,0.00035637269200236257,712.2040547434018,-177.64501673985797,0.0
2025-01-16,2260406.643456791,0.0005446185666160675,1137.8831322697774,-320.9552823456761,0.0
2025-01-17,2262330.1283555944,0.001282323265868854,1455.1141088687782,468.3707899345027,0.0
2025-01-18,2262960.991045715,0.0004205751267470235,1191.788026592265,-560.9253364717297,0.0
2025-01-19,2266238.54602677,0.002185036654036894,3387.276903159581,-109.72192210423964,0.0
2025-01-20,2273359.7878897274,0.0047474945753049795,7563.8615895403655,-442.61972658289596,0.0
2025-01-21,2276089.39433445,0.0018197376298148026,3019.585810283332,-289.97936556112836,0.0
2025-01-22,2278678.066137234,0.0017257812018563728,1987.0672502947375,601.6045524898218,0.0
2025-01-23,2280336.5641187616,0.0011056653210180182,1160.6440900749806,497.8538914520468,0.0
2025-01-24,2281670.7379070898,0.000889449192218912,1162.8732364720147,171.3005518563532,0.0
2025-01-25,2283447.277643406,0.0011843598242107754,1173.4423685604147,603.0973677557486,0.0
2025-01-26,2283960.828487388,0.0003423672293213253,1172.25558042337,-658.704736441382,0.0
2025-01-27,2285506.3529837774,0.0010303496642594815,980.120714118039,565.4037822711834,0.0
2025-01-28,2286694.96160309,0.0007924057462085671,1131.88163917722,56.72698013563058,0.0
2025-01-29,2287213.022009126,0.0003453736040239877,731.1597853604085,-213.099379324427,0.0
2025-01-30,2287566.126667384,0.00023540310550552293,1124.516947337956,-771.4122890796716,0.0
2025-01-31,2289797.2115646144,0.0014873899314868432,1824.6659408643625,406.418956365902,0.0
2025-02-01,2291079.93767838,0.0008551507425103021,1143.894293960704,138.8318198047491,0.0
2025-02-02,2291545.73634761,0.0003105324461532917,1126.369424754833,-660.5707555248955,0.0
2025-02-03,2293203.6933619645,0.001105304676236326,1507.555876232179,150.40113812230993,0.0
2025-02-04,2294501.0270395465,0.000864889118388138,1341.371727950839,-44.03805036863196,0.0
2025-02-05,2296328.7562165842,0.001218486118024964,1147.378619227983,680.3505578094628,0.0
2025-02-06,2297637.431227342,0.0008724500071718779,1081.0206825823166,227.65432817550027,0.0
2025-02-07,2297975.7218269724,0.00022552706642021744,1080.5929910084005,-742.3023913780744,0.0
2025-02-08,2299502.952167107,0.0010181535600894119,1043.9313975326004,483.2989426015174,0.0
2025-02-09,2299661.358200215,0.00010560402207219673,888.0194947193527,-729.6134616110576,0.0
2025-02-10,2300979.7783090333,0.0008789467392123678,1079.5696661430618,238.8504426754899,0.0
2025-02-11,2302554.9668488344,0.0010501256932007304,1109.8033803995595,465.38515940153593,0.0
2025-02-12,2303447.275528697,0.000594872453241664,1071.8197156858685,-179.51103582337237,0.0
2025-02-13,2304827.6408173973,0.0009202435258003884,1123.2278590080766,257.137429692506,0.0
2025-02-14,2305846.212611448,0.0006790478627003535,1248.8385489425084,-230.26675489197805,0.0
2025-02-15,2307226.079982276,0.0009199115805518783,1091.0076167166944,288.85975411112304,0.0
2025-02-16,2307437.365591051,0.0001408570725169646,1092.046616142334,-880.761007366887,0.0
2025-02-17,2309238.8241462074,0.0012009723701041643,1075.5771317122105,725.881423444036,0.0
2025-02-18,2309770.0979037024,0.0003541825049966054,1061.5963809985517,-530.3226235036436,0.0
2025-02-19,2311319.513261264,0.0010329435717077245,1070.5948607595221,478.82049680206455,0.0
2025-02-20,2312036.264481535,0.00047783414684738994,838.788868325856,-122.03764805477113,0.0
2025-02-21,2313297.648186635,0.0008409224700666485,1047.1647143255404,214.2189907744323,0.0
2025-02-22,2315430.867363788,0.0014221461181021758,2066.7888977835796,66.43027936968429,0.0
2025-02-23,2315270.628025414,-0.00010682622558288286,74.13265850171358,-234.37199687603788,0.0
2025-02-24,2315890.59527131,0.000413311497263955,922.6355412235338,-302.6682953276013,0.0
2025-02-25,2316955.423986283,0.000709885809982245,1110.359580608479,-45.530865635111695,0.0
2025-02-26,2318056.4398097517,0.0007340105489788109,992.413512814513,108.60231065370317,0.0
2025-02-27,2318956.23281303,0.0005998620021856563,892.3289269449798,7.464076333504636,0.0
2025-02-28,2319459.895744604,0.00033577528771611484,545.4617590417022,-41.79882746752992,0.0
2025-03-01,2319102.325496898,-0.000238380165137181,-730.0276567525074,372.45740904673585,0.0
2025-03-02,2320100.9146767333,0.0006657261198901184,756.3799028091425,242.20927702603512,0.0
2025-03-03,2320531.0700041177,0.00028677021825603704,760.4407051462196,-330.285377762164,0.0
2025-03-04,2319234.717354145,-0.0008642350999817861,-545.0933669940783,-751.2592829786008,0.0
2025-03-05,2320417.497032639,0.000788519785662855,876.0061411826306,306.77353731165203,0.0
2025-03-06,2321287.7506981282,0.000580169110326198,727.6898075175191,142.5638579717779,0.0
2025-03-07,2322274.6579774735,0.0006579381862301042,834.6401221387863,152.26715720637003,0.0
2025-03-08,2323393.7521670256,0.000746062793034767,971.305478146864,147.78871140528645,0.0
2025-03-09,2323978.7644510297,0.00039000818933592434,964.9337693846727,-379.9214853807862,0.0
2025-03-10,2325106.6003987566,0.0007518906318178701,903.1672500853704,224.66869764143485,0.0
2025-03-11,2325134.345663772,1.849684334356645e-05,614.4216648375947,-586.676399822245,0.0
2025-03-12,2325962.3789199344,0.00055202217077502,494.7622478663005,333.2710082962294,0.0
2025-03-13,2326692.1289794473,0.00048650003967537427,639.0615320598872,90.68852745317417,0.0
2025-03-14,2326805.147437192,7.534563849638603e-05,454.12674619080207,-341.108288446223,0.0
2025-03-15,2325593.3763476848,-0.0008078473930049166,-1697.3092550094213,485.53816550204647,0.0
2025-03-16,2323615.5934792995,-0.001318521912256693,-1684.8178722904004,-292.964996094639,0.0
2025-03-17,2322975.991782255,-0.00042640113136299955,-545.5543352407781,-94.04736180372129,0.0
2025-03-18,2323815.876577555,0.0005599231968665292,313.66741377965525,526.2173815201386,0.0
2025-03-19,2324808.966708889,0.0006620600875560455,925.5402405149316,67.54989081913664,0.0
2025-03-20,2324959.1579849105,0.00010012751734764614,624.1601232065224,-473.96884718505316,0.0
2025-03-21,2325550.534165879,0.00039425078731223425,455.15678787953436,136.21939308881701,0.0
2025-03-22,2326327.0477551445,0.0005176757261771716,824.6568816178834,-48.14329235212608,0.0
2025-03-23,2325970.953113898,-0.00023739642749746697,-251.59757257601322,-104.49706867018722,0.0
2025-03-24,2326351.563893646,0.0002537405198319156,279.47254542767485,101.13823432019853,0.0
2025-03-25,2325784.9664140325,-0.00037773165307582456,-430.7512903424929,-135.84618927124393,0.0
2025-03-26,2325387.3246337217,-0.0002650945202070292,41.992315739385816,-439.63409604992967,0.0
2025-03-27,2326101.831530677,0.00047633793130371504,255.83940625511988,458.6674907004526,0.0
2025-03-28,2326811.9904019088,0.00047343924748758834,503.4039567904621,206.7549144409204,0.0
2025-03-29,2327180.967468036,0.00024598471075134546,265.59960890628514,103.37745722073305,0.0
2025-03-30,2327728.2379369177,0.0003648469792545765,541.6724116318672,5.59805724999751,0.0
2025-03-31,2327904.5547845406,0.0001175445650820371,431.21505441610213,-254.89820679304648,0.0
2025-04-01,2328010.997784814,7.096200018226852e-05,270.65267961273395,-164.20967933933116,0.0
2025-04-02,2328163.0865560407,0.00010139251415109803,-28.915079863750737,181.0038510903978,0.0
2025-04-03,2328310.7457939656,9.843949194986378e-05,377.9259928173194,-230.26675489252375,0.0
2025-04-04,2329095.826131748,0.0005233868918550234,777.2430576319994,7.837280150535662,0.0
2025-04-05,2329924.723678152,0.0005525983642691114,937.873060874394,-108.97551447072692,0.0
2025-04-06,2330561.9162514852,0.00042479504888903404,509.556868028786,127.635705304765,0.0
2025-04-07,2331594.665193617,0.0006884992947543739,733.812684970448,298.93625716111274,0.0
2025-04-08,2331855.237218035,0.0001737146829454505,886.0616211749875,-625.4895967568118,0.0
2025-04-09,2333010.002174697,0.0007698433044411059,1106.9948681265655,47.77008853509324,0.0
2025-04-10,2334042.894866284,0.0006885951277248578,924.6635847495485,108.22910683773807,0.0
2025-04-11,2335668.1262059994,0.001083487559810398,890.7662284880656,734.4651112275315,0.0
2025-04-12,2336584.777507347,0.0006111008675647574,971.5122623992304,-54.86096105209435,0.0
2025-04-13,2337280.826231977,0.0004640324830867344,939.3776131055746,-243.32888847547292,0.0
2025-04-14,2338076.735225355,0.0005306059955851914,527.5754491847549,268.33354419303214,0.0
2025-04-15,2337979.1171516352,-6.507871581311851e-05,220.35157809196565,-317.9696518116434,0.0
2025-04-16,2338457.355896958,0.0003188258302152003,563.7024193430045,-85.46367402020405,0.0
2025-04-17,2338636.076379859,0.0001191469886004755,-3.776183456173382,182.49666635688664,0.0
2025-04-18,2337871.76377392,-0.0005095417372922507,-493.36663502831306,-270.9459709100629,0.0
2025-04-19,2339304.906820226,0.0009554286975371665,661.3575534101312,771.7854928956185,0.0
2025-04-20,2338224.7419324713,-0.0007201099251699302,-199.40388038854985,-880.7610073663454,0.0
2025-04-21,2338656.4522228674,0.00028780686026428655,49.54958211510275,382.16070828132706,0.0
2025-04-22,2339586.993095194,0.0006203605815508255,561.8155014459783,368.72537088026,0.0
2025-04-23,2339904.908789889,0.0002119437964633587,770.6119243284476,-452.69622963340953,0.0
2025-04-24,2340801.4922386263,0.0005977222991584092,121.0659176749701,775.5175310626437,0.0
2025-04-25,2340505.9232618054,-0.0001970459845473393,73.9028016933004,-369.47177851430934,0.0
2025-04-26,2339219.60433153,-0.000857545953516743,-1208.3193325884188,-77.99959768669578,0.0
2025-04-27,2339298.635596594,5.268751004242471e-05,-123.24520357783037,202.27646864146743,0.0
2025-04-28,2339934.4135571094,0.00042385197367695736,636.1511643324634,-0.37320381702738814,0.0
2025-04-29,2340620.3882964356,0.0004573164928842962,1063.2837979907454,-377.3090586643011,0.0
2025-04-30,2342217.701751441,0.001064875636670362,1054.6751055513696,542.6383494541733,0.0
2025-05-01,2342901.320081869,0.0004557455536186712,1053.8365165752878,-370.2181861472809,0.0
2025-05-02,2344723.5608647615,0.0012148271885945524,1079.5651876972615,742.675595194567,0.0
2025-05-03,2345405.75355661,0.00045479512789907493,1084.1332024134344,-401.94051056482203,0.0
2025-05-04,2345760.163310571,0.000236273169307464,459.28002644895446,-104.87027248775848,0.0
2025-05-05,2346524.992635142,0.000509886216380542,977.9287038952401,-213.099379324427,0.0
2025-05-06,2346687.8422236536,0.00010856639234127246,552.101169310256,-389.2515807983473,0.0
2025-05-07,2347407.530868809,0.00047979243010356506,789.1045550574529,-69.41590990210534,0.0
2025-05-08,2349703.4355411907,0.001530603114921172,2035.4084083387165,260.49626404304126,0.0
2025-05-09,2351315.140783488,0.0010744701615311707,1928.5552826589726,-316.85004036221653,0.0
2025-05-10,2352425.954561581,0.0007405425187289344,1242.1815215646498,-131.3677434712481,0.0
2025-05-11,2357005.811500567,0.003053237959324142,4929.175711399996,-349.3187724137824,0.0
2025-05-12,2362378.7117507746,0.0035819335001384444,4455.938472622701,916.9617775849656,0.0
2025-05-13,2363909.623646171,0.0010206079302639115,1280.1189305863293,250.7929648095378,0.0
2025-05-14,2363944.1300710607,2.3004283260129798e-05,1165.3139894331073,-1130.8075645429126,0.0
2025-05-15,2366144.9439398656,0.0014672092458696548,1155.4699782817775,1045.343890522705,0.0
2025-05-16,2367139.082151332,0.0006627588076444931,1002.3486954332168,-8.210483966477113,0.0
2025-05-17,2368378.6286191256,0.00082636431186224,1157.8148319407233,81.73163585263683,0.0
2025-05-18,2369403.5762783578,0.0006832984394879762,1194.755395821834,-169.80773658986982,0.0
2025-05-19,2372383.182625463,0.0019864042314037753,2993.7880921391707,-14.181745033507468,0.0
2025-05-20,2373204.0053792293,0.0005472151691774422,990.2572865395459,-169.43453277338267,0.0
2025-05-21,2375451.593536875,0.0014983921050972819,1957.6087920847945,289.97936556112836,0.0
2025-05-22,2380664.608078601,0.003475343027816989,5795.585699564211,-582.5711578387272,0.0
2025-05-23,2386444.6510162065,0.0038533619584038502,5808.779631490342,-28.736693884566193,0.0
2025-05-24,2388336.398026242,0.001261164673356755,1403.5964178166012,488.15059221853153,0.0
2025-05-25,2388259.6265900526,-5.118095745943848e-05,-681.3616192119354,604.5901830227776,0.0
2025-05-26,2388959.2562179123,0.00046641975190661285,1248.239238380579,-548.6096105206598,0.0
2025-05-27,2390423.44580781,0.0009761263932649856,1472.4000738644993,-8.210483967020991,0.0
2025-05-28,2391684.2925072606,0.0008405644663003857,1223.8995215989842,36.94717785159446,0.0
2025-05-29,2393941.921448639,0.001505085960919138,1895.248035381961,362.38090599674615,0.0
2025-05-30,2394639.901151981,0.00046531980222792223,1027.5186734705455,-329.5389701286622,0.0
2025-05-31,2395270.8010844686,0.0004205999549916446,1163.834982707601,-532.9350502201341,0.0
2025-06-01,2396878.3160658022,0.001071676654222606,1170.4933120010032,437.02166933290573,0.0
2025-06-02,2398532.7088471646,0.0011029285209082154,1193.4860677618708,460.90671360045235,0.0
2025-06-03,2398834.1880842503,0.00020098615805693484,899.7249552241258,-598.2457181387235,0.0
2025-06-04,2399881.5481441566,0.000698240039937599,927.9348385691964,119.42522133720195,0.0
2025-06-05,2401337.4325415445,0.0009705895982585137,1147.6180448090895,308.2663525786811,0.0
2025-06-06,2401572.6179537578,0.00015679027480881803,424.3997472701074,-189.21433505688037,0.0
2025-06-07,2402165.6010360233,0.0003953220548438474,654.9349158354486,-61.95183356967755,0.0
2025-06-08,2402639.704442908,0.0003160689379230692,611.4424114228732,-137.33900453826936,0.0
2025-06-09,2403964.9138613166,0.000883472945605683,845.2693101570031,479.94010825152145,0.0
2025-06-10,2405681.412912222,0.0011443327006038114,2555.834434620476,-839.3353837147588,0.0
2025-06-11,2407939.8667259794,0.0015056358758381047,2110.291898534839,148.16191522231804,0.0
2025-06-12,2409547.7770029465,0.0010719401846446674,1382.4951716920425,225.41510527495848,0.0
2025-06-13,2410919.7388236234,0.0009146412137845162,725.9460140018607,646.0158066749136,0.0
2025-06-14,2410093.24558439,-0.0005509954928221705,33.741558216623176,-860.2347974498789,0.0
2025-06-15,2411815.967461139,0.001148481251165999,1142.7631456267418,579.9587311222567,0.0
2025-06-16,2413328.2003685487,0.0010081552716065475,1344.6643937199503,167.568513689871,0.0
2025-06-17,2413841.5837106234,0.00034225556138315884,1069.0838251129594,-555.7004830382211,0.0
2025-06-18,2414397.0941556357,0.0003703402966747774,602.534125913743,-47.02368090157688,0.0
2025-06-19,2415371.155301608,0.0006493740973151947,570.2546163244574,403.8065296483346,0.0
2025-06-20,2416449.0474165953,0.0007185947433247214,1171.1930691572798,-93.30095417019766,0.0
2025-06-21,2417193.1819217163,0.0004960896700805953,729.5795562703653,14.55494885052758,0.0
2025-06-22,2417803.3287478434,0.00040676455075157797,1045.3024763767582,-435.15565024939133,0.0
2025-06-23,2418556.6957405536,0.0005022446618064886,46.14576009973498,707.221232609998,0.0
2025-06-24,2418524.8108757967,-2.1256576504244172e-05,573.8249297163912,-605.7097944727575,0.0
2025-06-25,2419620.4900151785,0.0007304527595877868,903.1059699742601,192.5731694074202,0.0
2025-06-26,2420686.820829916,0.0007108872098246386,603.9312858700184,462.39952886693936,0.0
2025-06-27,2419617.0812782655,-0.0007131597010999668,-53.50555882830418,-1016.2339928216461,0.0
2025-06-28,2420814.7253804817,0.0007984294014773935,1058.8122824107922,138.83181980529798,0.0
2025-06-29,2422559.251723293,0.001163017561874232,1038.797925467839,705.7284173435091,0.0
2025-06-30,2423352.949004998,0.0005291315211364769,1120.6238251174382,-326.9265434127228,0.0
2025-07-01,2424481.5646381937,0.0007524104221303831,677.785422645112,450.83021055046265,0.0
2025-07-02,2424770.267781955,0.00019246876250786317,885.0828428170021,-596.3796990552073,0.0
2025-07-03,2426210.5188973676,0.0009601674102749239,1202.8934880039233,237.35762740846258,0.0
2025-07-04,2426825.990791714,0.0004103145962309581,985.6900804937189,-370.2181861472818,0.0
2025-07-05,2428380.7799110315,0.0010365260795448812,1208.45597743759,346.33314187973156,0.0
2025-07-06,2429433.8125465857,0.0007020217570362058,1210.8978500101323,-157.86521445582366,0.0
2025-07-07,2431153.3021082617,0.0011463263744506073,1222.008874040353,497.48068763555784,0.0
2025-07-08,2432401.7125399057,0.0008322736210959988,1211.4632537924037,36.94717785159446,0.0
2025-07-09,2433275.4558227034,0.0005824955218652028,1218.9568132275376,-345.2135304297335,0.0
2025-07-10,2433938.6367657217,0.0004421206286789731,1245.0056932242235,-581.8247502057638,0.0
2025-07-11,2437253.2016917914,0.0022097099507129786,3441.0810199242314,-126.51609385476331,0.0
2025-07-12,2439349.6446768846,0.001397628656728891,2214.00218734757,-117.55920225423324,0.0
2025-07-13,2441695.6520156264,0.0015640048924945936,2236.28541663765,109.7219221042401,0.0
2025-07-14,2448019.4740346903,0.004215881346042552,5661.385244455963,662.4367746078642,0.0
2025-07-15,2452177.386962663,0.002771941951981779,5041.659565872526,-883.7466378998579,0.0
2025-07-16,2457625.7460008045,0.0036322393587611495,5642.051818999135,-193.69278085741098,0.0
2025-07-17,2461535.813374511,0.002606711582470748,3153.9564411104907,756.1109325956313,0.0
2025-07-18,2463228.640178464,0.0011285512026354277,3136.3791668747276,-1443.5523629215859,0.0
2025-07-19,2465566.7229035683,0.001558721816736248,1319.9827131992113,1018.1000119051605,0.0
2025-07-20,2467083.449581717,0.001011151118765903,1614.8792819360767,-98.15260378722223,0.0
2025-07-21,2469825.5299275117,0.0018280535638628952,1872.5154529279891,869.5648928663541,0.0
2025-07-22,2472861.340758818,0.0020238738875377354,2992.8923923879856,42.91843891861754,0.0
2025-07-23,2473837.378744124,0.000650691990203959,4313.5997178825455,-3337.561732576607,0.0
2025-07-24,2479218.1057160227,0.0035871513145989977,2325.3073247324783,3055.419647166018,0.0
2025-07-25,2483174.9041228658,0.00263786560456234,3808.263287804707,148.5351190388028,0.0
2025-07-26,2485313.9061527336,0.0014260013532450433,2723.812410606303,-584.8103807387379,0.0
2025-07-27,2487226.326133151,0.0012749466536117193,1920.6304643846,-8.210483967020991,0.0
2025-07-28,2488492.330758152,0.0008440030833339327,2707.690968838974,-1441.6863438380751,0.0
2025-07-29,2491021.261243155,0.001685953656668642,1455.5963082286592,1073.334176774304,0.0
2025-07-30,2493649.46081975,0.0017521330510632937,1402.9714464323768,1225.2281301625635,0.0
2025-07-31,2496075.802038214,0.0016175608123095452,1846.382487342606,579.9587311217119,0.0
2025-08-01,2496912.8985674307,0.0005580643528111147,927.4118528528261,-90.31532363615406,0.0
2025-08-02,2496882.256189167,-2.042825217602664e-05,478.7808315055677,-509.42320976960764,0.0
2025-08-03,2496912.137982495,1.992119555214534e-05,610.9601358999307,-581.0783425717127,0.0
2025-08-04,2498630.426400044,0.00114552561169911,958.4454467865472,759.8429707621181,0.0
2025-08-05,2498986.1900295215,0.00023717575298509063,541.6191301850606,-185.85550070742465,0.0
2025-08-06,2500087.7830544524,0.000734395349954119,832.1398692876026,269.4531556435759,0.0
2025-08-07,2501043.2706620335,0.0006369917383873573,1286.892596793209,-331.40498921217295,0.0
2025-08-08,2502389.63963148,0.0008975793129642586,1314.6466450283092,31.722324418078642,0.0
2025-08-09,2503659.8216869687,0.0008467880369924151,1478.429785196572,-208.24772970794947,0.0
2025-08-10,2504937.835693518,0.0008520093376997196,1516.4912454091268,-238.47723885954747,0.0
2025-08-11,2506482.785020801,0.0010299662181883075,1588.98737765054,-44.038050368078984,0.0
2025-08-12,2508098.469088769,0.0010771227119789819,1420.4984718445712,195.18559612390163,0.0
2025-08-13,2512609.638129042,0.00300744602684866,4175.658809076765,335.5102311962255,0.0
2025-08-14,2513219.4284214256,0.00040652686158892324,3246.4752572329694,-2636.6849648495845,0.0
2025-08-15,2517168.7704817564,0.0026328947068873627,1323.853209982008,2625.4888503490365,0.0
2025-08-16,2518856.9105496267,0.001125426711913606,1313.0702321066499,375.06983576375933,0.0
2025-08-17,2519719.7182141887,0.0005752051097079347,1313.6378751118214,-450.83021054991946,0.0
2025-08-18,2520400.7407009983,0.0004540149912061984,671.6923913922778,9.330095417019834,0.0
2025-08-19,2520444.7030010084,2.9308200006804553e-05,329.8364235878247,-285.87412357761787,0.0
2025-08-20,2521854.654724081,0.0009399678153816553,1208.4216620650639,201.53006100741914,0.0
2025-08-21,2523129.317056357,0.0008497748881838967,1204.500014739685,70.16231753616012,0.0
2025-08-22,2523885.964453773,0.00050443159827761,1239.1999323844252,-482.55253496801015,0.0
2025-08-23,2525599.372951111,0.0011422723315584347,1687.2842301700948,26.124267167557264,0.0
2025-08-24,2528957.5666034212,0.002238795768206886,2519.9778800455756,838.2157722647535,0.0
2025-08-25,2530300.390305032,0.0008952158010741018,1849.261280846695,-506.4375792355422,0.0
2025-08-26,2531550.967558035,0.0008337181686687352,1232.2902659860922,18.286987017010688,0.0
2025-08-27,2533018.0202974076,0.0009780351595816042,1267.761901264452,199.2908381079542,0.0
2025-08-28,2534781.3512310404,0.0011755539557551807,1244.9508322631716,518.3801013695993,0.0
2025-08-29,2535696.5228297114,0.0006101143991138786,1195.4476649984456,-280.27606632762763,0.0
2025-08-30,2535702.074314835,3.70099008258929e-06,550.4290574774931,-544.8775723536091,0.0
2025-08-31,2537417.222023308,0.0011434318056484335,1217.6670208370888,497.4806876355615,0.0
2025-09-01,2537868.519485037,0.00030086497448603725,1211.5136363076556,-760.2161745785997,0.0
2025-09-02,2539517.785992426,0.0010995110049259796,1217.4696914895721,431.7968158993972,0.0
2025-09-03,2540858.945036591,0.0008941060294435808,1244.8724594616683,96.28658470370283,0.0
2025-09-04,2541881.8186985156,0.0006819157746163302,1250.1547862829682,-227.28112435847288,0.0
2025-09-05,2543320.6630952894,0.0009592295978490337,1239.180354849653,199.66404192389746,0.0
2025-09-06,2544237.182621655,0.0006110130175770724,1146.7862812575925,-230.26675489198396,0.0
2025-09-07,2545582.388945507,0.0008968042159014367,1062.3178308080496,282.8884930441054,0.0
2025-09-08,2547024.0164533174,0.000961085005206988,1103.131646080744,338.49586172973795,0.0
2025-09-09,2547930.2975108726,0.0006041873717032407,1254.107014701618,-347.825957146757,0.0
2025-09-10,2548952.8748489665,0.000681718225396238,1248.3656471858008,-225.7883090914438,0.0
2025-09-11,2550852.0732444883,0.0012661322636810994,1275.2016140318665,623.9967814897827,0.0
2025-09-12,2551864.131086602,0.0006747052280755601,1292.333908440415,-280.27606632707466,0.0
2025-09-13,2552987.979146371,0.0007492320398463971,1298.5074459759485,-174.6593862063528,0.0
2025-09-14,2554456.118549939,0.0009787596023783831,1297.2120555282497,170.9273480393249,0.0
2025-09-15,2555836.338225169,0.0009201464501536721,1289.9043515938229,90.3153236366852,0.0
2025-09-16,2556798.8364664465,0.0006416654941849657,1290.9175999561112,-328.4193586786628,0.0
2025-09-17,2557476.18147963,0.0004515633421222105,959.1138947774231,-281.76888159410737,0.0
2025-09-18,2558904.0883921483,0.0009519379416788554,1303.2568377470286,124.65007477125437,0.0
2025-09-19,2560640.7972047217,0.0011578058750489491,1310.1368501075387,426.571962465885,0.0
2025-09-20,2562172.085306499,0.0010208587345181225,1293.9304743681755,237.35762740900827,0.0
2025-09-21,2563386.024021208,0.0008092924764725737,1294.5507391114988,-80.61202440263833,0.0
2025-09-22,2564218.834682596,0.0005552071075919187,1289.612133005362,-456.8014716174839,0.0
2025-09-23,2565401.1969955787,0.0007882415419888175,1260.735114485869,-78.37280150264269,0.0
2025-09-24,2566860.2037285487,0.0009726711553132394,1253.3714299789403,205.63530299091872,0.0
2025-09-25,2567886.6937967334,0.0006843267121233275,977.6003681998999,48.88969998509128,0.0
2025-09-26,2569143.1240603654,0.0008376201757545814,1003.3980759223454,253.03218770952662,0.0
2025-09-27,2569829.6681616893,0.0004576960675490682,870.5335829469741,-183.98948162337183,0.0
2025-09-28,2570480.9993288745,0.00043422077812354685,513.618958830021,137.7122083552993,0.0
2025-09-29,2570757.1389200324,0.00018409306077214684,813.1798833618649,-537.0402922036446,0.0
2025-09-30,2572250.2164164633,0.0009953849976202253,1097.1082469325445,395.9692494977935,0.0
2025-10-01,2573721.0862884875,0.0009805799146828686,1270.4594224663472,200.41044955795587,0.0
2025-10-02,2574236.8389747674,0.0003438351241866815,1159.5292700543869,-643.7765837743646,0.0
2025-10-03,2575774.6025359677,0.0010251757074668654,1348.9224299599068,188.8411312403914,0.0
2025-10-04,2577200.792710929,0.000950793449974397,1367.9703795594778,58.2197954021176,0.0
2025-10-05,2579444.123341088,0.001495553753439106,2311.253724794281,-67.92309463562196,0.0
2025-10-06,2582703.158935693,0.0021726903964032034,2966.817006143681,292.21858846112445,0.0
2025-10-07,2583526.157984711,0.0005486660326789168,1781.3864502554768,-958.3874012371016,0.0
2025-10-08,2585628.2742569475,0.0014014108481574953,1489.3156052459021,612.8006669903407,0.0
2025-10-09,2587721.518508191,0.001395496167495861,1262.8657591290316,830.3784921147599,0.0
2025-10-10,2589778.272378058,0.0013711692465775947,1519.340373845727,537.4134960206648,0.0
2025-10-11,2589989.121159006,0.0001405658539655213,1088.624157781617,-877.775376833335,0.0
2025-10-12,2590988.6921903724,0.0006663806875773588,782.7396138751209,216.83141749091737,0.0
2025-10-13,2592071.8542694836,0.000722108052740899,1120.1092569623972,-36.947177851048764,0.0
2025-10-14,2591951.62770091,-8.015104571579252e-05,264.5465664241215,-384.7731349978103,0.0
2025-10-15,2592851.9882531175,0.0006002403681384582,1264.9806811044296,-364.62012889674224,0.0
2025-10-16,2594811.263544429,0.0013061835275407056,1214.7336770335228,744.5416142775357,0.0
2025-10-17,2596047.643751043,0.0008242534710758195,1210.6291432621224,25.751063351606717,0.0
2025-10-18,2596802.3943557255,0.0005031670697885713,1191.0258663833304,-436.2752617004735,0.0
2025-10-19,2597929.5377672976,0.0007514289410480284,592.7155460848867,534.4278654871559,0.0
2025-10-20,2598280.672630866,0.0002340899090456778,759.04663520036,-407.9117716318433,0.0
2025-10-21,2598735.0188807077,0.00030289749989433534,244.6057048670629,209.74054497444013,0.0
2025-10-22,2599057.4918213044,0.0002149819603978098,1006.5555365726678,-684.0825959759532,0.0
2025-10-23,2599943.8370773797,0.0005908968373835461,1203.9417040710193,-317.59644799570015,0.0
2025-10-24,2601804.1759986943,0.001240225947542995,1231.863694023626,628.4752272908663,0.0
2025-10-25,2602572.9616793115,0.0005125237870782037,1242.3813239853241,-473.5956433680185,0.0
2025-10-26,2604470.58440832,0.0012650818193389963,1249.3676994335883,648.2550295749061,0.0
2025-10-27,2606250.601387974,0.0011866779864357683,1606.8504087137867,173.16657093986578,0.0
2025-10-28,2606853.671138647,0.00040204650044884695,1277.0758435992375,-674.0060929259671,0.0
2025-10-29,2608939.9502840256,0.0013908527635855905,1284.2641433311649,802.0150020472211,0.0
2025-10-30,2609179.9552975977,0.00016000334238140508,1331.2529735469407,-1091.247959974833,0.0
2025-10-31,2611271.7283553416,0.001394515371829618,1212.1316618280794,879.6413959163474,0.0
2025-11-01,2612182.612881976,0.0006072563510894558,1226.6149555458273,-315.7304289116437,0.0
2025-11-02,2613414.341849422,0.0008211526449639998,1232.102171262485,-0.3732038164853293,0.0
2025-11-03,2614406.847705068,0.0006616705704307197,1179.4809678029603,-186.97511215688064,0.0
2025-11-04,2615082.436418817,0.0004503924758327474,927.128086192168,-251.5393724430469,0.0
2025-11-05,2616516.101119819,0.0009557764673346856,1135.8480552908918,297.8166457111365,0.0
2025-11-06,2617614.420410892,0.0007322128607155948,1056.1472597882964,42.17203128509573,0.0
2025-11-07,2618320.639588555,0.0004708127851084772,994.3325241408754,-288.11334647815966,0.0
2025-11-08,2618830.083915134,0.000339629551052625,757.6248646714446,-248.18053809250705,0.0
2025-11-09,2619888.3344041635,0.0007055003260199207,690.271525782599,367.9789632472821,0.0
2025-11-10,2621381.1948285485,0.0009952402829234745,1171.9051420395065,320.9552823457052,0.0
2025-11-11,2622290.688424558,0.0006063290640061168,1186.4108279862558,-276.9172319770805,0.0
2025-11-12,2623756.3247501273,0.0009770908837129387,1153.2647310077512,312.3715945616568,0.0
2025-11-13,2624683.624306504,0.0006181997042512879,1100.0929235003086,-172.7933671233768,0.0
2025-11-14,2625394.812322482,0.00047412534398515936,1115.740953259581,-404.5529372818419,0.0
2025-11-15,2626886.25684271,0.0009942963468185487,1067.1117806613993,424.3327395664237,0.0
2025-11-16,2627460.9205580805,0.00038310914358048937,1069.9051801062958,-495.24146473556175,0.0
2025-11-17,2628711.1008820795,0.0008334535493324637,1103.8844278598888,146.2958961388067,0.0
2025-11-18,2629989.0341927693,0.0008519555404601222,1069.3123771657486,208.6209335244348,0.0
2025-11-19,2630980.4516245974,0.0006609449545519181,1040.3071318129757,-48.88969998509856,0.0
2025-11-20,2632077.025203036,0.0007310490522926357,1024.545241819279,72.02833661967452,0.0
2025-11-21,2632668.195723219,0.00039411368012179046,969.5991902969994,-378.4286701143137,0.0
2025-11-22,2633481.0617595166,0.0005419106908653409,812.8660362985497,-5.384208634495735e-10,0.0
2025-11-23,2634838.969121732,0.0009052715748102191,815.6422165776388,542.2651456376898,0.0
2025-11-24,2633904.0319640413,-0.0006232914384604119,108.167509932633,-1043.1046676232509,0.0
2025-11-25,2635089.3942362783,0.000790241514824456,46.71742754378519,1138.644844692899,0.0
2025-11-26,2635398.4950030306,0.00020606717783513485,571.8362536957442,-262.7354869430419,0.0
2025-11-27,2635769.154381094,0.0002471062520421874,365.4345246297725,5.224853433508542,0.0
2025-11-28,2636297.645258816,0.0003523272518146858,687.8489074443339,-159.35802972230522,0.0
2025-11-29,2636715.6262959545,0.0002786540247590458,374.31619058697873,43.66484655159002,0.0
2025-11-30,2637393.8062009756,0.00045211993668086326,878.5903545787069,-200.410449557412,0.0
2025-12-01,2637823.2257204847,0.00028627967967261296,355.8983676233,73.52115188561947,0.0
2025-12-02,2637347.7374451472,-0.0003169921835583172,-662.0901836778565,186.60190834038076,0.0
2025-12-03,2637471.338427671,8.240065501584286e-05,710.6505861624983,-587.049603638734,0.0
2025-12-04,2638882.766821238,0.0009409522623780917,501.93069231621865,909.4977012509189,0.0
2025-12-05,2639074.8305031285,0.00012804245459351198,557.4302184205193,-365.3665365302513,0.0
2025-12-06,2639282.2225514348,0.00013826136553752634,279.0471811094678,-71.65513280317828,0.0
2025-12-07,2638873.3692271775,-0.0002725688828380282,-343.91586015493186,-64.93746410211043,0.0
2025-12-08,2639464.19832122,0.00039388606269490073,209.41479339399385,381.4143006483573,0.0
2025-12-09,2638836.193814949,-0.0004186696708471686,356.13395831686574,-984.1384645876187,0.0
2025-12-10,2640378.849031399,0.0010284368109664663,909.7015433593793,632.9536730903201,0.0
2025-12-11,2641135.54518851,0.0005044641047408928,854.848760898018,-98.15260378667881,0.0
2025-12-12,2642072.8628590284,0.0006248784470121901,1015.6904720214699,-78.37280150318475,0.0
2025-12-13,2643173.8487650314,0.000733990604001939,990.890780082187,110.09512592072133,0.0
2025-12-14,2644216.663825313,0.00069521004018786,670.7308550509965,372.0842052307935,0.0
2025-12-15,2644819.3792664567,0.00040181029409589223,428.8024625704562,173.91297857338213,0.0
2025-12-16,2644819.2610451914,-7.881417718832987e-08,420.85568395010864,-420.97390521589114,0.0
2025-12-17,2644810.435318467,-5.883817816119195e-06,175.9101625332478,-184.7358892574266,0.0
2025-12-18,2645751.9202120556,0.0006276565957258415,773.5431760824123,167.94171750634996,0.0
2025-12-19,2646349.429630828,0.0003983396125146797,411.6539180645949,185.85550070742465,0.0
2025-12-20,2645659.100951719,-0.00046021911940577833,-329.81379219489,-360.51488691377745,0.0
2025-12-21,2646456.9312168364,0.0005318868434114985,676.165820878962,121.6644442382858,0.0
2025-12-22,2646894.470971368,0.0002916931696875897,536.0655621356365,-98.5258076042519,0.0
2025-12-23,2647512.104619581,0.00041175576547526735,553.4425917437612,64.19105646913977,0.0
2025-12-24,2647848.70959753,0.00022440331863260075,948.2860334886981,-611.681055539797,0.0
2025-12-25,2649544.1081064316,0.0011302656726013282,981.086403774434,714.3121051275584,0.0
2025-12-26,2650454.435019347,0.0006068846086101591,894.2791487982278,16.047764117010956,0.0
2025-12-27,2651760.106858991,0.000870447893096354,977.6256847823531,328.0461548621779,0.0
2025-12-28,2652531.1626612507,0.000514037201506431,911.3804373314283,-140.3246350717818,0.0
2025-12-29,2652870.4184191404,0.0002261705052598031,906.1523554273724,-566.8965975376677,0.0
2025-12-30,2653884.383459312,0.0006759766934474074,953.5060218689973,60.45901830211369,0.0
2025-12-31,2654739.2650212143,0.0005699210412683896,990.3545473578849,-135.47298545530066,0.0
2026-01-01,2656078.786447032,0.0008930142838784929,980.8725579874762,358.64886783026304,0.0
2026-01-02,2656621.222893221,0.0003616242974593474,574.531974423596,-32.095528234574886,0.0
2026-01-03,2657509.5878664674,0.0005922433154978348,717.0644213904008,171.30055185635138,0.0
2026-01-04,2657754.7719301307,0.00016345604244204326,671.7560261294919,-426.57196246642707,0.0
2026-01-05,2658510.0296180816,0.0005035051253004789,742.9419619996411,12.315725951077184,0.0
2026-01-06,2659687.8656009445,0.0007852239885756104,996.0857241400546,181.75025872336118,0.0
2026-01-07,2661427.0922985906,0.001159484465097092,1647.4185587424677,91.8081389031704,0.0
2026-01-08,2662307.421509141,0.0005868861403672425,1022.5198647061526,-142.19065415528894,0.0
2026-01-09,2663481.443836433,0.0007826815515276764,1019.5159471856887,154.50638010582588,0.0
2026-01-10,2664397.700632008,0.0006108378637169087,1014.4093993620455,-98.15260378668245,0.0
2026-01-11,2665261.8772121673,0.000576117720106169,960.0899610464784,-95.91338088722478,0.0
2026-01-12,2666500.520684553,0.0008257623149237931,706.4548297985333,532.1886425871562,0.0
2026-01-13,2667004.5692776116,0.00033603239537231675,711.5499151334521,-207.501322074977,0.0
2026-01-14,2667642.483766717,0.0004252763260704505,821.1575630955167,-183.24307398984092,0.0
2026-01-15,2668913.7055352475,0.00084748117902029,1084.993064007067,186.22870452336792,0.0
2026-01-16,2669745.95825693,0.000554835147788206,1069.9835529077989,-237.73083122548996,0.0
2026-01-17,2671178.3570505856,0.0009549325291038871,1069.271480025572,363.12731363025887,0.0
2026-01-18,2671971.876814154,0.0005290131757122051,1064.8389382948542,-271.3191747265464,0.0
2026-01-19,2673466.2966112355,0.0009962798647208191,775.2560423377338,719.1637547434948,0.0
2026-01-20,2672056.0875700656,-0.0009401393607799834,-747.7722665615725,-662.4367746084026,0.0
2026-01-21,2672042.256484797,-9.22072351216381e-06,151.4982055211026,-165.3292907893483,0.0
2026-01-22,2672306.2487975126,0.00017599487514367577,26.261481490023705,237.73083122548996,0.0
2026-01-23,2671589.1269349866,-0.0004780812416840027,-640.6150801063333,-76.5067824196708,0.0
2026-01-24,2671459.028862305,-8.673204845432453e-05,-140.54777954850547,10.449706867018676,0.0
2026-01-25,2671982.3498697383,0.0003488806716218608,408.3742318950431,114.94677553774818,0.0
2026-01-26,2672355.938020468,0.0002490587671534609,492.2669644344227,-118.67881370423129,0.0
2026-01-27,2673395.672355892,0.0006931562236160016,852.3860194506366,187.34831597336597,0.0
2026-01-28,2674577.0640088613,0.0007875944353128049,968.2922736442346,213.0993793249727,0.0
2026-01-29,2674947.4512795005,0.0002469248470928127,888.7673720088181,-518.3801013695991,0.0
2026-01-30,2675609.074526131,0.00044108216442025945,394.4093138868021,267.21393274358707,0.0
2026-01-31,2676571.791813417,0.0006418115248572874,826.871098014145,135.846189271786,0.0
2026-02-01,2676681.5621074378,7.318019601393477e-05,658.3799045415547,-548.6096105206525,0.0
2026-02-02,2676042.3174622366,-0.00042616309680082036,-722.0958925038655,82.85124730263487,0.0
2026-02-03,2676414.970330327,0.0002484352453935929,18.855649876600168,353.79721821378917,0.0
2026-02-04,2676885.872840775,0.00031393500696550667,780.2884744764044,-309.3859640281444,0.0
2026-02-05,2677326.6300681,0.0002938381515497152,794.181241721873,-353.4240143973002,0.0
2026-02-06,2676921.290292009,-0.000270226517394138,-906.5525018938228,501.21272580261575,0.0
2026-02-07,2675600.867157619,-0.0008802820895932493,-1096.1276405644187,-224.2954938254552,0.0
2026-02-08,2675402.5792599865,-0.00013219193175501243,-172.53683428145763,-25.75106335106102,0.0
2026-02-09,2675666.703721352,0.00017608297424371217,-1.223452295035544,265.3479136606038,0.0
2026-02-10,2675332.225973855,-0.00022298516499834317,217.1174935571959,-551.5952410547106,0.0
2026-02-11,2675740.5579836355,0.00027222133985399153,88.12313506880572,320.20887471218157,0.0
2026-02-12,2675471.190407573,-0.00017957838404177395,38.898776515478104,-308.26635257813905,0.0
2026-02-13,2675879.762246607,0.0002723812260228054,361.9213619491092,46.65047708509883,0.0
2026-02-14,2676750.5302216066,0.000580511983333208,740.1466391615454,130.62133583826653,0.0
2026-02-15,2677147.431526754,0.00026460087009850294,580.890786771119,-183.98948162336455,0.0
2026-02-16,2677794.7985349176,0.0004315780054424108,343.20589756898767,304.16111059462855,0.0
2026-02-17,2678032.229109055,0.00015828704942462223,456.1280107124424,-218.69743657550907,0.0
2026-02-18,2678387.5618389603,0.00023688848660360546,437.8107733910157,-82.47804348560749,0.0
2026-02-19,2679394.9593600817,0.0006715983474143693,612.5478830737513,394.8496380478027,0.0
2026-02-20,2679653.4418824096,0.00017232168155176781,570.8541168893013,-312.37159456164954,0.0
2026-02-21,2679925.123082089,0.00018112079978611277,-133.9913490526781,405.6725487318472,0.0
2026-02-22,2680089.0158175286,0.00010926182362658409,88.13236065371873,75.7603747861574,0.0
2026-02-23,2679851.1012849044,-0.00015860968841592326,245.0112061611472,-482.9257387850321,0.0
2026-02-24,2680301.369777147,0.00030017899482839545,434.59393194180564,15.674560300787562,0.0
2026-02-25,2680292.8393769655,-5.6869334546274695e-06,120.59812038958002,-129.12852057152122,0.0
2026-02-26,2680985.3603395997,0.0004616806417561511,364.47480777204413,328.04615486218245,0.0
2026-02-27,2681348.407518961,0.00024203145290766035,305.20058777585825,57.84659158563227,0.0
2026-02-28,2680758.17133285,-0.0003934907907405175,-552.9158044426929,-37.32038166808343,0.0
2026-03-01,2680762.812083721,3.0938339140560887e-06,-1.7037140124224552,6.344464883506589,0.0
2026-03-02,2680179.9200930893,-0.0003885946604210525,-221.6306960848307,-361.2612945467481,0.0
2026-03-03,2680604.1074014297,0.00028279153889357604,361.48906713824704,62.69824120211706,0.0
2026-03-04,2680626.455354387,1.4898635304678768e-05,-520.6636003136405,543.0115532706586,0.0
2026-03-05,2679956.4381736815,-0.0004466781204701341,-19.149724414359262,-650.8674562908418,0.0
2026-03-06,2680939.1780517735,0.0006551599187279319,577.8137369935671,404.92614109833085,0.0
2026-03-07,2681054.1521100407,7.664937217795414e-05,309.04004294083114,-194.06598467389995,0.0
2026-03-08,2681191.1216038084,9.131299584496257e-05,144.8067739179795,-7.837280150535662,0.0
2026-03-09,2681276.3754514046,5.683589839741366e-05,-142.0272767623524,227.28112435847288,0.0
2026-03-10,2680945.8248296063,-0.0002203670811988504,-377.5743027003909,47.0236809021153,0.0
2026-03-11,2680592.478206987,-0.00023556441507944587,-677.2875354978407,323.94091287867195,0.0
2026-03-12,2679607.58033925,-0.0006565985784914412,-799.0423670302791,-185.8555007068826,0.0
2026-03-13,2680923.1631388264,0.0008770551997176608,592.3138028494859,723.2689967270053,0.0
2026-03-14,2679661.8735211776,-0.0008408597450992039,-263.71581566119966,-997.5738019876062,0.0
2026-03-15,2679772.12802137,7.350300012846032e-05,-3.1994600785743312,113.4539602712648,0.0
2026-03-16,2680055.2541749487,0.00018875076905225174,324.1785734134826,-41.052419835104956,0.0
2026-03-17,2680362.8191797584,0.00020504333653982492,239.64191017357334,67.92309463616402,0.0
2026-03-18,2680398.4850588264,2.377725271206444e-05,80.45033707022314,-44.784458002126485,0.0
2026-03-19,2680426.4064873564,1.861428568668672e-05,-217.64668284654488,245.56811137657496,0.0
2026-03-20,2680920.1029985137,0.00032913100743836983,532.5097080926636,-38.81319693510886,0.0
2026-03-21,2680839.1974692154,-5.393701953238039e-05,86.28978057481599,-167.19530987338658,0.0
2026-03-22,2680045.3337707603,-0.0005292424656368166,-737.5099221366218,-56.353776318603195,0.0
2026-03-23,2679786.143068968,-0.00017279380119488382,51.31487368580942,-310.50557547813514,0.0
2026-03-24,2680628.087545801,0.0005612963178888916,388.5018395663969,453.44263726694044,0.0
2026-03-25,2681035.990668196,0.00027193541493007235,695.6432650556951,-287.74014266058657,0.0
2026-03-26,2681685.3346014135,0.0004328959554781193,414.59873252519776,234.74520069198115,0.0
2026-03-27,2682055.0256247297,0.0002464606822106819,624.2160262925821,-254.52500297655934,0.0
2026-03-28,2683185.235707796,0.0007534733887110884,720.8054961677566,409.404586898876,0.0
2026-03-29,2683645.773231662,0.0003070250159104917,495.61868263381876,-35.081158768081195,0.0
2026-03-30,2683005.9837531657,-0.00042652631899739755,-292.3367251663649,-347.4527533297314,0.0
2026-03-31,2682680.4342370005,-0.00021703301077682037,-327.415535249287,1.866019084056461,0.0
2026-04-01,2682778.8058177214,6.558105381414252e-05,-278.9374779430946,377.3090586643084,0.0
2026-04-02,2681392.1024038307,-0.0009244689425940866,-805.6250713188762,-581.0783425722539,0.0
2026-04-03,2681528.0244230437,9.061467947540374e-05,-83.14862117834627,219.0706403914519,0.0
2026-04-04,2681069.8449311904,-0.00030545299456890965,-491.76783535441865,33.58834350105417,0.0
2026-04-05,2679848.729018118,-0.0008140772753812785,-1035.6336161815204,-185.48229689039727,0.0
2026-04-06,2680066.3411169536,0.00014507473255670448,-42.137757575011165,259.7498564100679,0.0
2026-04-07,2680242.6839377955,0.00011756188056135554,195.74941930904296,-19.406598467009644,0.0
2026-04-08,2680828.706558736,0.0003906817472938633,650.9600850434465,-64.93746410265157,0.0
2026-04-09,2680916.205394079,5.833255689503113e-05,172.96250936275075,-85.46367402020405,0.0
2026-04-10,2681692.0730047002,0.0005172450737478318,557.5433778632664,218.32423275848123,0.0
2026-04-11,2682717.051688934,0.0006833191228225061,736.4921339391178,288.48655029464135,0.0
2026-04-12,2682305.2066609547,-0.0002745633519863812,168.4869069591689,-580.3319349387407,0.0
2026-04-13,2682390.3810173916,5.678290429128558e-05,62.78212743641447,22.392229000513908,0.0
2026-04-14,2681964.2686384264,-0.00028407491930985854,-528.370224735501,102.25784577071317,0.0
2026-04-15,2681116.9930540435,-0.0005648503895886365,-531.9183592877928,-315.357225095162,0.0
2026-04-16,2681355.105651945,0.00015874173193400836,-99.26365237818534,337.37625027919785,0.0
2026-04-17,2681514.288878099,0.00010612215076945437,-355.46483704839073,514.6480632025723,0.0
2026-04-18,2680583.4023718126,-0.0006205910041908751,-704.3517895608176,-226.53471672549495,0.0
2026-04-19,2680035.1696898034,-0.00036548845467264103,-419.47736525420214,-128.7553167547594,0.0
2026-04-20,2680238.6657537716,0.00013566404264517254,0.4731876927830918,203.02287627497572,0.0
2026-04-21,2680459.184132047,0.00014701225218368953,-58.2648727845222,278.7832510600565,0.0
2026-04-22,2679987.2025757274,-0.0003146543708797237,-358.90079986534806,-113.08075645423742,0.0
2026-04-23,2680013.859131992,1.777103751002657e-05,374.4825134112657,-347.82595714622585,0.0
2026-04-24,2680818.748750647,0.0005365930791033525,746.6698232529116,58.21979540211714,0.0
2026-04-25,2681434.7090809694,0.0004106402202148821,550.6496624031863,65.3106679191369,0.0
2026-04-26,2681595.332024402,0.00010708196228820843,228.9192418849629,-68.29629845265026,0.0
2026-04-27,2682030.9515623385,0.0002904130252911178,318.060335681905,117.55920225477166,0.0
2026-04-28,2681745.556061729,-0.0001902636670733084,-172.3147441557215,-113.08075645424105,0.0
2026-04-29,2681717.4254061026,-1.8753770417404363e-05,-194.57955786543835,166.4489022393318,0.0
2026-04-30,2680867.178065656,-0.0005668315602976305,-309.84821389281063,-540.3991265536351,0.0
2026-05-01,2680827.392125819,-2.6523959891493785e-05,-453.29576871962354,413.50982888238286,0.0
2026-05-02,2680707.144016683,-8.016540609033972e-05,-47.47336488286439,-72.77474425264518,0.0
2026-05-03,2680982.6056929873,0.0001836411175360175,469.15445716198656,-193.69278085796032,0.0
2026-05-04,2680961.725358097,-1.3920223260272298e-05,-227.63524933187182,206.75491444146337,0.0
2026-05-05,2681011.5846438226,3.323952381724181e-05,224.14546811626496,-174.28618239040225,0.0
2026-05-06,2681981.3183269305,0.0006464891220717506,644.2999549613901,325.4337281462358,0.0
2026-05-07,2682984.433254933,0.0006687432853353439,503.76822128448555,499.3467067185302,0.0
2026-05-08,2682983.584822735,-5.656214657111226e-07,764.5925958135489,-765.4410280121156,0.0
2026-05-09,2683213.2871329244,0.0001531348734597953,174.4681453210878,55.23416486860515,0.0
2026-05-10,2683791.021286172,0.0003851561021649818,337.76409912144095,239.97005412603176,0.0
2026-05-11,2683608.2078935443,-0.0001218755950848971,266.52400265609157,-449.3373952834372,0.0
2026-05-12,2684783.114677483,0.0007832711892927761,645.3305680695772,529.576215869587,0.0
2026-05-13,2685146.0577665325,0.0002419620593661139,478.263068403408,-115.31997935423715,0.0
2026-05-14,2684417.501294003,-0.00048570431501979145,-54.55037960426213,-674.006092925425,0.0
2026-05-15,2685075.852625696,0.00043890088779548973,69.0625051545045,589.2888265387301,0.0
2026-05-16,2684488.242681613,-0.0003917399627219203,-512.9691807467136,-74.64076333616686,0.0
2026-05-17,2684717.5291742235,0.00015285766174032107,59.47875602061727,169.80773658986436,0.0
2026-05-18,2684693.927281615,-1.5734595072638513e-05,591.437997280837,-615.0398898897947,0.0
2026-05-19,2685981.4416359668,0.0008583429029012862,861.6887995190149,425.82555483291435,0.0
2026-05-20,2686680.079180793,0.0004657583632174555,859.8615936325458,-161.2240488063626,0.0
2026-05-21,2687664.7788475603,0.0006564664445114155,701.8111737230178,282.8884930441054,0.0
2026-05-22,2687743.8847904834,5.273729528218958e-05,553.8211977412959,-474.71525481801154,0.0
2026-05-23,2687447.2678838624,-0.00019774460441421168,-191.3734303170628,-105.24347630425473,0.0
2026-05-24,2687380.0503520686,-4.481168786245674e-05,-451.6174629750092,384.39993118132406,0.0
2026-05-25,2686828.128141666,-0.0003679481402682466,-475.78863179972694,-76.13357860264296,0.0
2026-05-26,2686677.837494676,-0.00010019376466012985,-368.6148797481321,218.32423275793735,0.0
2026-05-27,2686033.449862793,-0.00042959175458828,-43.529487026129125,-600.8581448562909,0.0
2026-05-28,2686912.5384492953,0.0005860590576680436,621.5779529919937,257.5106335100718,0.0
2026-05-29,2687219.9538911087,0.00020494362787579212,501.1082226705644,-193.6927808568762,0.0
2026-05-30,2687865.2161146672,0.00043017481570565685,404.17255798299755,241.08966557548774,0.0
2026-05-31,2688404.046165942,0.0003592200341831987,729.1639977816765,-190.33394650687842,0.0
2026-06-01,2688993.930625772,0.0003932563065533927,824.6296605226122,-234.7452006925232,0.0
2026-06-02,2689646.089397069,0.00043477251419803446,793.6030178193627,-141.444246522311,0.0
2026-06-03,2690675.367461155,0.0006861853760573706,531.4241726340091,497.8538914520468,0.0
2026-06-04,2690782.358802651,7.132756099691551e-05,319.34431318629845,-212.3529716909252,0.0
2026-06-05,2691457.6307963626,0.0004501813291413485,393.87631593494456,281.39567777707816,0.0
2026-06-06,2691877.5479948865,0.0002799447990155527,349.7548809871689,70.16231753616012,0.0
2026-06-07,2692520.604002261,0.00042870400491644683,626.2618356238719,16.79417175079834,0.0
2026-06-08,2693046.8684262526,0.00035084294932766474,597.5463529776625,-71.28192898616544,0.0
2026-06-09,2693415.01853256,0.0002454334042049001,551.3931802977495,-183.24307399039935,0.0
2026-06-10,2693958.6227345224,0.0003624028013081541,282.36153028567634,261.2426716765549,0.0
2026-06-11,2693976.869111005,1.2164250988545252e-05,305.9865191436764,-287.7401426608585,0.0
2026-06-12,2694476.5557559663,0.00033312442997410685,476.9212121436044,22.765432817555848,0.0
2026-06-13,2695371.3282985254,0.0005965150283728201,708.1706342188339,186.60190834039622,0.0
2026-06-14,2696290.7001811285,0.0006129145884020729,668.9521216103298,250.41976099277963,0.0
2026-06-15,2696974.92615935,0.0004561506521478489,511.05940728217683,173.16657093959657,0.0
2026-06-16,2697348.269610814,0.00024889563430901965,429.69722778159064,-56.353776318061136,0.0
2026-06-17,2697322.3714464493,-1.7265442909703628e-05,445.08505228697436,-470.9832166515298,0.0
2026-06-18,2697600.380475938,0.00018533935299243852,43.63703261316195,234.37199687549582,0.0
2026-06-19,2698112.8729652334,0.00034166165953043964,605.4202396490989,-92.92775035343948,0.0
2026-06-20,2698505.927438016,0.00026203631518827397,490.46066893611913,-97.40619615370815,0.0
2026-06-21,2698360.428864856,-9.699904877333326e-05,-15.250441138480625,-130.24813202151927,0.0
2026-06-22,2698602.7910959665,0.00016157482074060988,358.4286180986683,-116.0663869877535,0.0
2026-06-23,2699156.4099806566,0.0003690792564598299,362.91173436583904,190.7071503239058,0.0
2026-06-24,2699744.4241523524,0.00039200944779740795,290.9439336182371,297.0702380778748,0.0
2026-06-25,2699133.9590492398,-0.00040697673540856453,-197.32847804721845,-413.1366250656283,0.0
2026-06-26,2698846.5032280697,-0.00019163721411321005,-132.20303343047829,-155.25278773933678,0.0
2026-06-27,2699096.0599918514,0.00016637117585440765,147.67212182790752,101.88464195370398,0.0
2026-06-28,2699315.729984148,0.00014644666153101484,98.75195569175008,120.91803660477217,0.0
2026-06-29,2699559.926608665,0.00016279774967812785,311.3733115195702,-67.17668700237846,0.0
2026-06-30,2700330.9974749964,0.0005140472442208461,446.75674963584635,324.31411669542285,0.0
2026-07-01,2700131.124797236,-0.00013324845183991087,404.344301446426,-604.2169792062923,0.0
2026-07-02,2700992.8479315066,0.0005744820895135232,671.7623915796261,189.96074269065866,0.0
2026-07-03,2701513.733091954,0.0003472567736318201,703.7550306213732,-182.869870173643,0.0
2026-07-04,2702149.2861296283,0.0004237020251159208,700.4905017762636,-64.93746410238236,0.0
2026-07-05,2703279.514108644,0.0007534853193436255,706.6416470827965,423.58633193264177,0.0
2026-07-06,2704129.8649762124,0.0005669005783789429,712.2654553963594,138.08541217205493,0.0
2026-07-07,2704347.332706211,0.00014497848666587167,716.8144367178816,-499.34670671907406,0.0
2026-07-08,2705398.6709964373,0.0007008921934842407,709.1103903301399,342.22789989622106,0.0
2026-07-09,2706331.1778325983,0.0006216712241074015,697.015227835332,235.49160832577036,0.0
2026-07-10,2706964.099036957,0.000421947469572381,707.5619676947312,-74.64076333615958,0.0
2026-07-11,2707656.3491984606,0.0004615001076692436,718.0012248549264,-25.75106335106102,0.0
2026-07-12,2708508.184297608,0.0005678900660981855,714.1228907919796,137.71220835529857,0.0
2026-07-13,2709005.1040599067,0.00033127984153256035,713.7511797905655,-216.831417491725,0.0
2026-07-14,2709603.291340315,0.0003987915202718278,694.4738651114518,-96.2865847037101,0.0
2026-07-15,2710389.362012565,0.0005240471148337621,716.2815585312339,69.78911371940922,0.0
2026-07-16,2711318.8791129505,0.000619678066923604,724.6282050277273,204.88889535767885,0.0
2026-07-17,2711817.491727762,0.0003324084098743578,714.3244208529871,-215.71180604145047,0.0
2026-07-18,2712259.4758882457,0.0002946561069890316,715.5425581106333,-273.5583976270859,0.0
2026-07-19,2713199.2781126155,0.0006265348162463894,725.5832335946133,214.21899077497073,0.0
2026-07-20,2713689.3584267516,0.00032672020942401786,481.1234225357632,8.956891600263589,0.0
2026-07-21,2714116.1946983086,0.00028455751437164305,312.63590365295624,114.20036790450831,0.0
2026-07-22,2714820.051415406,0.0004692378113983713,590.4027568271107,113.45396027044626,0.0
2026-07-23,2715319.3101383704,0.00033283914864269643,549.6412382156229,-50.3825152515783,0.0
2026-07-24,2715838.656763128,0.0003462310831716953,635.7862155617781,-116.4395908042352,0.0
2026-07-25,2716254.870530178,0.0002774758447000731,635.6576112585889,-219.44384420847928,0.0
2026-07-26,2717241.79483548,0.0006579495368677993,482.7259489658709,504.19835633582807,0.0
2026-07-27,2717097.6379471878,-9.610459219481727e-05,311.5249718749871,-455.681860167213,0.0
2026-07-28,2718119.14383191,0.0006810039231483949,634.8667306412649,386.63915408132743,0.0
2026-07-29,2717745.113091088,-0.00024935382721489387,512.7015276112978,-886.7322684336386,0.0
2026-07-30,2718600.5995641802,0.0005703243153949923,333.37433355613604,522.1121395363525,0.0
2026-07-31,2717338.6774861515,-0.0008412813853524863,464.91135103140476,173.16657093986578,1900.0
