date,nav,ret,funding_pnl,basis_pnl,cost
2023-05-13,1500000.0,0.0,0.0,0.0,0.0
2023-05-14,1500000.0,0.0,0.0,0.0,0.0
2023-05-15,1500000.0,0.0,0.0,0.0,0.0
2023-05-16,1500000.0,0.0,0.0,0.0,0.0
2023-05-17,1500000.0,0.0,0.0,0.0,0.0
2023-05-18,1500000.0,0.0,0.0,0.0,0.0
2023-05-19,1500000.0,0.0,0.0,0.0,0.0
2023-05-20,1500000.0,0.0,0.0,0.0,0.0
2023-05-21,1500000.0,0.0,0.0,0.0,0.0
2023-05-22,1500000.0,0.0,0.0,0.0,0.0
2023-05-23,1500000.0,0.0,0.0,0.0,0.0
2023-05-24,1500000.0,0.0,0.0,0.0,0.0
2023-05-25,1500000.0,0.0,0.0,0.0,0.0
2023-05-26,1500000.0,0.0,0.0,0.0,0.0
2023-05-27,1500000.0,0.0,0.0,0.0,0.0
2023-05-28,1500000.0,0.0,0.0,0.0,0.0
2023-05-29,1500000.0,0.0,0.0,0.0,0.0
2023-05-30,1500000.0,0.0,0.0,0.0,0.0
2023-05-31,1500000.0,0.0,0.0,0.0,0.0
2023-06-01,1500000.0,0.0,0.0,0.0,0.0
2023-06-02,1500000.0,0.0,0.0,0.0,0.0
2023-06-03,1500000.0,0.0,0.0,0.0,0.0
2023-06-04,1500000.0,0.0,0.0,0.0,0.0
2023-06-05,1500000.0,0.0,0.0,0.0,0.0
2023-06-06,1500000.0,0.0,0.0,0.0,0.0
2023-06-07,1500000.0,0.0,0.0,0.0,0.0
2023-06-08,1500000.0,0.0,0.0,0.0,0.0
2023-06-09,1500000.0,0.0,0.0,0.0,0.0
2023-06-10,1499112.9905305593,-0.0005913396462938543,825.6980831968342,-112.70755263761566,1600.0
2023-06-11,1499848.0214060873,0.0004900205836853983,547.6825595541857,187.34831597391167,0.0
2023-06-12,1500606.567993978,0.0005056977252604933,724.2118367561721,34.334751134567796,0.0
2023-06-13,1501233.0464686987,0.0004176523164803343,818.305236494407,-191.82676177390556,0.0
2023-06-14,1502104.4600157507,0.000580942364701491,653.4625181106483,217.95102894158822,0.0
2023-06-15,1502608.3160215083,0.00033590400383841384,635.970156862789,-132.11415110516828,0.0
2023-06-16,1503097.9615867015,0.00032643037679539366,497.48284534321874,-7.837280150128208,0.0
2023-06-17,1502940.2608402863,-0.00010513383094351414,-31.557856376989587,-126.14289003828162,0.0
2023-06-18,1502819.092315347,-8.077901662622037e-05,-86.83377380489873,-34.334751134431826,0.0
2023-06-19,1502867.4617712179,3.224630391401683e-05,-33.362179982019036,81.73163585304428,0.0
2023-06-20,1503622.075795897,0.0005030760164527898,554.2035751216364,200.41044955754842,0.0
2023-06-21,1505057.1841005948,0.0009567388697985017,1377.261713112255,57.84659158549766,0.0
2023-06-22,1505205.5908679874,9.893784492834447e-05,592.8925130593345,-444.4857456668178,0.0
2023-06-23,1505755.4145324496,0.00036654910964140563,380.76233550575273,169.06132895635574,0.0
2023-06-24,1506916.732366843,0.0007742118895956179,971.3570917028956,189.96074269053133,0.0
2023-06-25,1507223.9824001775,0.00020483335555636562,746.5109255678577,-439.2608922333093,0.0
2023-06-26,1508024.7237718434,0.0005338275811105697,747.3732258804905,53.36814578536405,0.0
2023-06-27,1509276.6228313814,0.0008345993730254199,1131.7274305667358,120.17162897139406,0.0
2023-06-28,1509666.65845319,0.0002600237478723314,339.65310655678053,50.38251525171654,0.0
2023-06-29,1510133.407522606,0.0003111660462773788,397.3331595132825,69.41590990278564,0.0
2023-06-30,1511362.2000231547,0.0008191950003658067,1366.5047089040086,-137.71220835529857,0.0
2023-07-01,1512809.2233590886,0.0009646822239559035,1283.5600642276304,163.4632717062251,0.0
2023-07-02,1514629.6266923333,0.0012136022221630577,1801.3699385937903,19.033394650796254,0.0
2023-07-03,1516682.1991502168,0.0013683816385890956,2350.389103595035,-297.81664571139186,0.0
2023-07-04,1518303.0042127639,0.0010805367083647538,1513.3223633430252,107.4826992041053,0.0
2023-07-05,1519078.4009345507,0.0005169311478577831,655.225092815416,120.17162897125854,0.0
2023-07-06,1520342.7605793036,0.0008429064298354046,1041.1837623781446,223.17588237496238,0.0
2023-07-07,1522472.4585877573,0.0014197986723023203,1953.5458069801057,176.1522014733746,0.0
2023-07-08,1523157.9528400379,0.0004569961681870804,850.4503392534654,-164.9560869728448,0.0
2023-07-09,1523866.2565543787,0.0004722024762272171,755.7005990593026,-47.39688471847694,0.0
2023-07-10,1524859.0009166333,0.0006618295748364975,1086.7917240583229,-94.04736180357668,0.0
2023-07-11,1525744.9920491402,0.0005906607550044684,820.307260770942,65.68387173576048,0.0
2023-07-12,1526619.7760652388,0.0005831893440657051,907.2527481497488,-32.46873205119118,0.0
2023-07-13,1527775.794992545,0.0007706792848708096,1256.783957810055,-100.76503050384053,0.0
2023-07-14,1529210.657712444,0.0009565751465993702,1377.7625359468047,57.10018395225052,0.0
2023-07-15,1529840.535895129,0.0004199187884567508,403.34346595989325,226.534716725233,0.0
2023-07-16,1529971.745296109,8.747293398658201e-05,343.189168854574,-211.979767874701,0.0
2023-07-17,1530387.6835622264,0.00027729217741159296,338.3118722478552,77.62639386953424,0.0
2023-07-18,1530609.6577283116,0.00014798277739026445,337.2941454397666,-115.31997935436993,0.0
2023-07-19,1530831.336957932,0.000147786153080252,168.31108383501257,53.368145785365414,0.0
2023-07-20,1531050.564510036,0.00014615170140262288,209.15104905353647,10.076503050397832,0.0
2023-07-21,1531069.296376697,1.248791110735084e-05,194.51086431764722,-175.77899765662096,0.0
2023-07-22,1531206.5759851988,9.151973900118391e-05,91.74874286667554,45.53086563510033,0.0
2023-07-23,1531062.8782065546,-9.579851909614429e-05,-153.77428169461405,10.076503050397605,0.0
2023-07-24,1531164.6341768878,6.783731355544525e-05,13.679869596615186,88.07610073655269,0.0
2023-07-25,1531090.7843635539,-4.9233208889211465e-05,-68.25175608368872,-5.598057250128477,0.0
2023-07-26,1530972.2721563242,-7.900813815312628e-05,-118.8854110463105,0.3732038166210714,0.0
2023-07-27,1529372.2721563242,-0.0010666666666666667,0.0,0.0,1600.0
2023-07-28,1529372.2721563242,0.0,0.0,0.0,0.0
2023-07-29,1529372.2721563242,0.0,0.0,0.0,0.0
2023-07-30,1529372.2721563242,0.0,0.0,0.0,0.0
2023-07-31,1529372.2721563242,0.0,0.0,0.0,0.0
2023-08-01,1529372.2721563242,0.0,0.0,0.0,0.0
2023-08-02,1529372.2721563242,0.0,0.0,0.0,0.0
2023-08-03,1529372.2721563242,0.0,0.0,0.0,0.0
2023-08-04,1529372.2721563242,0.0,0.0,0.0,0.0
2023-08-05,1529372.2721563242,0.0,0.0,0.0,0.0
2023-08-06,1529372.2721563242,0.0,0.0,0.0,0.0
2023-08-07,1529372.2721563242,0.0,0.0,0.0,0.0
2023-08-08,1529372.2721563242,0.0,0.0,0.0,0.0
2023-08-09,1529372.2721563242,0.0,0.0,0.0,0.0
2023-08-10,1529372.2721563242,0.0,0.0,0.0,0.0
2023-08-11,1529372.2721563242,0.0,0.0,0.0,0.0
2023-08-12,1529372.2721563242,0.0,0.0,0.0,0.0
2023-08-13,1529372.2721563242,0.0,0.0,0.0,0.0
2023-08-14,1529372.2721563242,0.0,0.0,0.0,0.0
2023-08-15,1529372.2721563242,0.0,0.0,0.0,0.0
2023-08-16,1529372.2721563242,0.0,0.0,0.0,0.0
2023-08-17,1529372.2721563242,0.0,0.0,0.0,0.0
2023-08-18,1529372.2721563242,0.0,0.0,0.0,0.0
2023-08-19,1529372.2721563242,0.0,0.0,0.0,0.0
2023-08-20,1529372.2721563242,0.0,0.0,0.0,0.0
2023-08-21,1529372.2721563242,0.0,0.0,0.0,0.0
2023-08-22,1529372.2721563242,0.0,0.0,0.0,0.0
2023-08-23,1529372.2721563242,0.0,0.0,0.0,0.0
2023-08-24,1529372.2721563242,0.0,0.0,0.0,0.0
2023-08-25,1529372.2721563242,0.0,0.0,0.0,0.0
2023-08-26,1529372.2721563242,0.0,0.0,0.0,0.0
2023-08-27,1529372.2721563242,0.0,0.0,0.0,0.0
2023-08-28,1529372.2721563242,0.0,0.0,0.0,0.0
2023-08-29,1529372.2721563242,0.0,0.0,0.0,0.0
2023-08-30,1529372.2721563242,0.0,0.0,0.0,0.0
2023-08-31,1529372.2721563242,0.0,0.0,0.0,0.0
2023-09-01,1529372.2721563242,0.0,0.0,0.0,0.0
2023-09-02,1529372.2721563242,0.0,0.0,0.0,0.0
2023-09-03,1529372.2721563242,0.0,0.0,0.0,0.0
2023-09-04,1529372.2721563242,0.0,0.0,0.0,0.0
2023-09-05,1529372.2721563242,0.0,0.0,0.0,0.0
2023-09-06,1529372.2721563242,0.0,0.0,0.0,0.0
2023-09-07,1529372.2721563242,0.0,0.0,0.0,0.0
2023-09-08,1529372.2721563242,0.0,0.0,0.0,0.0
2023-09-09,1529372.2721563242,0.0,0.0,0.0,0.0
2023-09-10,1529372.2721563242,0.0,0.0,0.0,0.0
2023-09-11,1529372.2721563242,0.0,0.0,0.0,0.0
2023-09-12,1529372.2721563242,0.0,0.0,0.0,0.0
2023-09-13,1529372.2721563242,0.0,0.0,0.0,0.0
2023-09-14,1529372.2721563242,0.0,0.0,0.0,0.0
2023-09-15,1529372.2721563242,0.0,0.0,0.0,0.0
2023-09-16,1529372.2721563242,0.0,0.0,0.0,0.0
2023-09-17,1529372.2721563242,0.0,0.0,0.0,0.0
2023-09-18,1529372.2721563242,0.0,0.0,0.0,0.0
2023-09-19,1529372.2721563242,0.0,0.0,0.0,0.0
2023-09-20,1529372.2721563242,0.0,0.0,0.0,0.0
2023-09-21,1529372.2721563242,0.0,0.0,0.0,0.0
2023-09-22,1529372.2721563242,0.0,0.0,0.0,0.0
2023-09-23,1529372.2721563242,0.0,0.0,0.0,0.0
2023-09-24,1528052.1339664152,-0.0008800921266060988,297.4023894747567,-17.540579383904912,1600.0
2023-09-25,1528442.5244146425,0.00026026029881824473,277.68289558988783,112.70755263747924,0.0
2023-09-26,1528571.0755662152,8.570076771511602e-05,191.62259659167887,-63.07144501900484,0.0
2023-09-27,1528552.5027012087,-1.2381910004380266e-05,30.690038795283154,-49.262903801853554,0.0
2023-09-28,1528688.5454107071,9.069513966572859e-05,120.36814919792903,15.67456030066387,0.0
2023-09-29,1528852.5128807696,0.00010931164670827889,302.42608605109683,-138.4586159886785,0.0
2023-09-30,1529391.3173074147,0.00035920295109671466,301.07359541944567,237.7308312256264,0.0
2023-10-01,1529525.495275626,8.94519788075474e-05,301.7464819009211,-167.56851368959997,0.0
2023-10-02,1529755.088523962,0.00015306216555745344,244.148197186715,-14.554948850534856,0.0
2023-10-03,1530266.5748461068,0.0003409908814297228,301.3725733533968,210.1137487911874,0.0
2023-10-04,1530399.2677191007,8.846191532933562e-05,220.76897373055658,-88.07610073655314,0.0
2023-10-05,1530854.3972560237,0.00030341969128202715,290.17344995019596,164.9560869728448,0.0
2023-10-06,1530908.1195722313,3.581487747161786e-05,306.7545039169607,-253.0321877095339,0.0
2023-10-07,1531311.0291983713,0.00026860641742670687,301.7713918195962,101.13823432046411,0.0
2023-10-08,1531533.6346955441,0.00014840366478183762,264.77752845772403,-42.1720312849676,0.0
2023-10-09,1531747.2725763256,0.00014242525385441354,131.90624492844006,81.73163585318025,0.0
2023-10-10,1531518.236820253,-0.00015269050404840455,-74.52937596664454,-154.5063801059623,0.0
2023-10-11,1531716.5718833862,0.00013222337542206976,306.56416997045346,-108.22910683734881,0.0
2023-10-12,1532102.2350327917,0.00025710876627030565,303.558309735656,82.10483966980246,0.0
2023-10-13,1532573.710878481,0.0003143172304594674,299.4288861993334,172.04695948986773,0.0
2023-10-14,1532750.0463230282,0.00011755696303150614,300.61231550202825,-124.27687095476904,0.0
2023-10-15,1533191.5807729126,0.00029435629992297915,300.4634071791726,141.07104270529612,0.0
2023-10-16,1533482.5819315112,0.00019400077239909152,355.93862270101783,-64.93746410238055,0.0
2023-10-17,1533806.3694576216,0.0002158583507402069,318.93587649342174,4.851649616888608,0.0
2023-10-18,1534053.5281095123,0.00016477243459382145,268.0580656249055,-20.899413734173322,0.0
2023-10-19,1534186.474138923,8.863068627378541e-05,174.37165306226794,-41.42562365158983,0.0
2023-10-20,1534780.5095026903,0.00039602357584490096,448.1126714451683,145.92269232218314,0.0
2023-10-21,1535237.6830685632,0.00030478237724860467,481.80501777383176,-24.63145190092473,0.0
2023-10-22,1535646.761062164,0.0002727186624006623,470.65662335337805,-61.578629752384586,0.0
2023-10-23,1536878.5389495252,0.000821185258240741,1356.4279621325018,-124.65007477139034,0.0
2023-10-24,1538699.8105483565,0.001214181065887521,2383.689750569229,-562.4181517379475,0.0
2023-10-25,1540158.3548305235,0.0009723628547779432,1095.043764719625,363.5005174472899,0.0
2023-10-26,1541506.8441904727,0.0008989929066329098,1254.4419981459237,94.04736180344116,0.0
2023-10-27,1542080.7918181394,0.0003826317517777503,969.1704695314538,-395.2228418648283,0.0
2023-10-28,1543361.4752921534,0.0008537889826760388,1237.7650350957135,42.91843891834469,0.0
2023-10-29,1544204.7139124447,0.00056215908019416,1011.1803377975973,-167.94171750635724,0.0
2023-10-30,1545465.952224125,0.0008408255411201294,1150.3967781262256,110.84153355396847,0.0
2023-10-31,1546641.8605004747,0.0007839388508998806,1412.5194961255845,-236.61121977576363,0.0
2023-11-01,1547982.0164560098,0.0008934373036900605,1435.6961326052872,-95.54017707019648,0.0
2023-11-02,1548714.0519170903,0.00048802364072024213,898.1111595032061,-166.07569842284283,0.0
2023-11-03,1550401.7586563206,0.0011251378261535232,1032.734040955387,654.972698274898,0.0
2023-11-04,1551686.8123234976,0.000856702444784698,732.7120184896366,552.3416486874103,0.0
2023-11-05,1552402.121800942,0.00047687298496303993,1608.0130069449497,-892.7035295003898,0.0
2023-11-06,1553175.912458572,0.0005158604384199108,996.5933361883425,-222.80267855847637,0.0
2023-11-07,1553886.2422303467,0.00047355318118304094,628.2249321048956,82.10483966966581,0.0
2023-11-08,1556081.3399459063,0.0014633984770398396,2044.3233736206857,150.77434193907357,0.0
2023-11-09,1558332.4301628843,0.0015007268113186424,2049.9333597867662,201.15685719119756,0.0
2023-11-10,1559468.1051372886,0.0007571166496029385,1752.2076795612315,-616.5327051568238,0.0
2023-11-11,1561775.8938637895,0.0015385258176671562,2687.337008065308,-379.5482815645737,0.0
2023-11-12,1563872.2539122058,0.001397573365610859,2224.742161354297,-128.3821129380085,0.0
2023-11-13,1565582.4855950272,0.0011401544552143456,1313.142821873177,397.08886094834133,0.0
2023-11-14,1566479.7960199632,0.0005982069499573339,964.4871119383794,-67.17668700237846,0.0
2023-11-15,1568132.8875479356,0.001102061018648257,1079.4772617341812,573.6142662382044,0.0
2023-11-16,1567946.9542062518,-0.0001239555611225482,538.0820626769686,-724.0154043607909,0.0
2023-11-17,1568960.0093307695,0.0006753700830118488,460.34027201333384,552.7148525044395,0.0
2023-11-18,1569539.5502989301,0.0003863606454403245,411.5992506541331,167.9417175063536,0.0
2023-11-19,1569771.655214462,0.00015473661035461672,411.24274753881417,-179.13783200688908,0.0
2023-11-20,1570159.8383774143,0.0002587887753014837,506.11556902348616,-117.93240607126063,0.0
2023-11-21,1570733.017674338,0.00038211953128254605,493.31368015387943,79.8656167699396,0.0
2023-11-22,1571852.6703012076,0.0007464350845797817,430.7183812769617,688.9342455927108,0.0
2023-11-23,1571856.5642137327,2.595941683347481e-06,369.6336528723072,-365.739740347286,0.0
2023-11-24,1572496.7280353038,0.00042677588104742426,452.8155055974975,187.34831597363882,0.0
2023-11-25,1573246.5715700064,0.000499895689801732,473.67271035875723,276.17082434384065,0.0
2023-11-26,1574026.0636519715,0.0005196613879767007,529.4455247887572,250.04655717629385,0.0
2023-11-27,1574331.110670579,0.00020336467907160406,471.12271703052176,-166.07569842311568,0.0
2023-11-28,1574643.2883775176,0.00020811847129244946,357.70857257377406,-45.53086563509987,0.0
2023-11-29,1575107.623070119,0.00030955646173427316,517.3296345700188,-52.994941968609055,0.0
2023-11-30,1575999.5515321798,0.0005946189747072802,497.45202782906216,394.4764342318582,0.0
2023-12-01,1576311.8731127945,0.00020821438707643302,699.707142329486,-387.3855617148365,0.0
2023-12-02,1578237.3886201985,0.0012836770049358885,1345.5567762818525,579.9587311219802,0.0
2023-12-03,1579501.2757248702,0.0008425914031144713,1538.5651137487914,-274.6780090770844,0.0
2023-12-04,1580971.5829108132,0.0009802047906287813,2320.83868415873,-850.5314982155578,0.0
2023-12-05,1581967.7843026433,0.000664134261220051,789.4464773888869,206.7549144411896,0.0
2023-12-06,1581434.0328725246,-0.0003558342867458686,-314.30758591058554,-219.44384420821734,0.0
2023-12-07,1582005.2870345,0.00038083610798356784,740.315490931707,-169.06132895635528,0.0
2023-12-08,1583197.8217562707,0.0007950231478472449,1582.1595063857037,-389.62478461483624,0.0
2023-12-09,1584003.5646143567,0.0005371619053905966,1393.5388693581378,-587.796011272243,0.0
2023-12-10,1585662.7407239173,0.0011061174063737487,987.7824433519523,671.3936662086708,0.0
2023-12-11,1589179.962138818,0.002344814276600557,3516.8482110840782,0.37320381675681347,0.0
2023-12-12,1591342.0124619738,0.0014413668821038818,2053.448012501581,108.60231065424159,0.0
2023-12-13,1592635.8611064265,0.0008625657629683281,1474.106087909652,-180.25744345715975,0.0
2023-12-14,1593758.0202155292,0.0007481060727352583,504.50679249606554,617.6523166068218,0.0
2023-12-15,1594532.6591133326,0.0005164259318689137,926.5328511924422,-151.8939533890716,0.0
2023-12-16,1594344.7561376668,-0.00012526865044395246,471.54816840896876,-659.4511440748975,0.0
2023-12-17,1595483.100562333,0.0007588962831107847,454.26182869049126,684.0825959756858,0.0
2023-12-18,1595694.127525196,0.00014068464190871124,680.5173642472984,-469.4904013842315,0.0
2023-12-19,1597661.7862454667,0.0013117724801804326,1670.5884821927668,297.0702380778821,0.0
2023-12-20,1599314.837969345,0.0011020344825856474,1959.4520573733687,-306.4003334948975,0.0
2023-12-21,1601607.4698816189,0.0015284212748492094,2955.815094515733,-663.183182241919,0.0
2023-12-22,1604675.854609459,0.0020455898185600635,2867.974278282412,200.41044955768302,0.0
2023-12-23,1607669.4846786908,0.001995753379487807,2827.5543708085947,166.07569842311568,0.0
2023-12-24,1610920.078573863,0.0021670625967815296,2985.245981512229,265.3479136600654,0.0
2023-12-25,1614014.9481141288,0.0020632463601771163,2865.3491930072055,229.52034725846897,0.0
2023-12-26,1616568.4530136064,0.0017023365996517656,3258.1137053708885,-704.6088058932401,0.0
2023-12-27,1620119.8593831155,0.002367604246339416,3323.378837517135,228.02753199198924,0.0
2023-12-28,1622213.9688866087,0.001396073002328818,1917.5840982033596,176.5254052898672,0.0
2023-12-29,1625201.1483021386,0.001991452943686549,3412.6317665457104,-425.45235101588696,0.0
2023-12-30,1626931.6271877731,0.001153652590423125,1425.1981635897878,305.28072204489945,0.0
2023-12-31,1628112.2005906114,0.0007870489352254813,1398.8976355967027,-218.32423275848078,0.0
2024-01-01,1631062.730463278,0.001967019915111154,2816.5497024781857,133.98017018854534,0.0
2024-01-02,1634131.5112901279,0.0020458538845665205,3827.504186161901,-758.72335931212,0.0
2024-01-03,1638148.4686683402,0.002677971585474967,3346.6833234535084,670.2740547589419,0.0
2024-01-04,1642084.8197059627,0.002624234025081464,2871.9737524486836,1064.377285173512,0.0
2024-01-05,1644378.8052669386,0.0015293237073174524,1862.1887450767886,431.7968158993899,0.0
2024-01-06,1645097.588244244,0.00047918865153683655,997.9394321823355,-279.1564548770807,0.0
2024-01-07,1647345.4146959833,0.0014985509678262594,1803.713909889192,444.112541850197,0.0
2024-01-08,1650785.166962301,0.0022931681775449834,3425.197317466946,14.554948850529172,0.0
2024-01-09,1653287.1118981424,0.0016679632905609823,3758.5221866056404,-1256.5772507641668,0.0
2024-01-10,1657708.2818981956,0.002947446666702152,3762.092059795089,659.0779402581393,0.0
2024-01-11,1659719.0522469322,0.0013405135658244183,2201.104295243779,-190.33394650715127,0.0
2024-01-12,1661182.5617274547,0.0009756729870149219,1080.6023646078131,382.90711591456966,0.0
2024-01-13,1661731.51492499,0.00036596879835699997,829.6024676796166,-280.6492701441166,0.0
2024-01-14,1663113.9058806612,0.0009215939704474463,1089.425959576802,292.9649960943675,0.0
2024-01-15,1663529.2497463464,0.00027689591045672427,569.8502457909141,-154.5063801058277,0.0
2024-01-16,1663828.109856643,0.00019924007353114124,349.242625548563,-50.382515251851146,0.0
2024-01-17,1664696.5903353032,0.0005789869857734407,538.5683047141986,329.9121739459624,0.0
2024-01-18,1665120.4893910405,0.00028259937049152664,877.3416930047797,-453.4426372674898,0.0
2024-01-19,1666023.9255880523,0.0006022907980078227,473.5054001950363,429.9307968166977,0.0
2024-01-20,1666194.5386038162,0.00011374201050930466,446.0374324745541,-275.42441671059714,0.0
2024-01-21,1666910.551697372,0.00047734206237056104,442.8278997455124,273.1851938103291,0.0
2024-01-22,1666994.4024517958,5.590050294907515e-05,226.78781621242166,-142.93706178880893,0.0
2024-01-23,1667921.878056144,0.0006183170695655637,908.8154135143074,18.660190834038076,0.0
2024-01-24,1669297.0004451044,0.0009167482593069086,1122.4634050675854,252.65898389277754,0.0
2024-01-25,1669804.3704092419,0.00033824664275827087,567.0825748062792,-59.71261066887291,0.0
2024-01-26,1670106.2120382828,0.00020122775269393052,238.3969802052696,63.44464883562614,0.0
2024-01-27,1670792.0885230761,0.00045725098986233454,338.05052764675213,347.8259571467497,0.0
2024-01-28,1670785.0658581196,-4.681776637770976e-06,-56.28556875851138,49.26290380185492,0.0
2024-01-29,1670534.759407789,-0.00016687096688710478,69.9024243812561,-320.20887471191327,0.0
2024-01-30,1670123.9130774399,-0.0002738975535660106,-607.1515379229193,196.30520757390332,0.0
2024-01-31,1670082.801296558,-2.7407853921182703e-05,-328.10551590911894,286.9937350273449,0.0
2024-02-01,1668482.801296558,-0.0010666666666666667,0.0,0.0,1600.0
2024-02-02,1668482.801296558,0.0,0.0,0.0,0.0
2024-02-03,1668482.801296558,0.0,0.0,0.0,0.0
2024-02-04,1668482.801296558,0.0,0.0,0.0,0.0
2024-02-05,1668482.801296558,0.0,0.0,0.0,0.0
2024-02-06,1668482.801296558,0.0,0.0,0.0,0.0
2024-02-07,1667529.2482280687,-0.0006357020456596224,494.9261819379802,151.52074957258628,1600.0
2024-02-08,1669184.7191936362,0.001103647310378439,1527.08885262965,128.3821129380085,0.0
2024-02-09,1671185.1788635752,0.0013336397799592957,2143.7699355439686,-143.31026560502505,0.0
2024-02-10,1672599.5481176171,0.0009429128360279022,1518.1199150793373,-103.75066103748395,0.0
2024-02-11,1673641.4072095691,0.000694572727967954,974.6824049492799,67.1766870026513,0.0
2024-02-12,1675683.1301724415,0.001361148641914929,2858.2929137701385,-816.569950897745,0.0
2024-02-13,1676893.7237050193,0.0008070623550519722,2065.97668041027,-855.3831478323118,0.0
2024-02-14,1680101.5636622247,0.0021385599714702297,2106.1422903637654,1101.6976668415791,0.0
2024-02-15,1680682.2961165686,0.0003871549695626839,1742.5159356712315,-1161.7834813272057,0.0
2024-02-16,1681763.4403846962,0.000720762845418379,725.1078270140598,356.0364411135088,0.0
2024-02-17,1683143.22451204,0.0009198560848956793,1611.5436975022587,-231.75957015873973,0.0
2024-02-18,1683860.1738855536,0.00047796624900924874,1174.4972527646005,-457.5478792507274,0.0
2024-02-19,1684909.084969164,0.0006992740557402149,1099.6668026789316,-50.755719068609324,0.0
2024-02-20,1685803.2235005025,0.0005960923542257069,921.755613772863,-27.617082434302574,0.0
2024-02-21,1686725.801970666,0.0006150523134423391,904.6646869629832,17.91378320052536,0.0
2024-02-22,1687777.7346975226,0.0007012884845710481,680.2217254425358,371.7110014140362,0.0
2024-02-23,1688530.2484839926,0.0005016758576466511,751.0209712032205,1.4928152667562244,0.0
2024-02-24,1689470.6925254918,0.0006269626943328429,913.200162881447,27.243878617817245,0.0
2024-02-25,1690173.056822682,0.0004682428647933729,931.511440632043,-229.14714344198364,0.0
2024-02-26,1691595.2077797682,0.0009481006380575215,1502.762981489464,-80.61202440318175,0.0
2024-02-27,1694620.6118782111,0.0020169360656286106,2994.428181658077,30.975916784838773,0.0
2024-02-28,1703184.3172580577,0.0057091369198977145,8635.733716466239,-72.02833661966724,0.0
2024-02-29,1709273.2032409352,0.0040592573219182864,6784.537897170406,-695.6519142929756,0.0
2024-03-01,1712983.2872320993,0.002473389327442835,4326.616696321069,-616.5327051568165,0.0
2024-03-02,1718274.5752031486,0.0035275253140329213,4186.231469857261,1105.0565011921208,0.0
2024-03-03,1724461.106057746,0.004124353903064897,6556.749040744899,-370.21818614755284,0.0
2024-03-04,1731589.8831089807,0.004752518034156451,7573.262796901364,-444.48574566668685,0.0
2024-03-05,1747726.7585056536,0.010757916931115271,15624.093352553327,512.78204411958,0.0
2024-03-06,1758134.389605502,0.006938420733232186,9388.784680309878,1018.8464195384004,0.0
2024-03-07,1762555.9939279184,0.0029477362149442853,5558.756351843123,-1137.1520294266957,0.0
2024-03-08,1769498.7752342138,0.00462852087086363,6676.313781185378,266.4675251100671,0.0
2024-03-09,1774021.0744941845,0.0030148661733137845,4864.900363683387,-342.60110371271,0.0
2024-03-10,1779433.155313834,0.003608053879766462,5073.211754103469,338.8690655462242,0.0
2024-03-11,1783217.8360001822,0.0025231204575652958,3747.360304679864,37.32038166807979,0.0
2024-03-12,1788034.2511481873,0.0032109434320034417,5931.548152247004,-1115.1330042418413,0.0
2024-03-13,1794981.6592307277,0.00463160538836038,6033.0587316731735,914.3493508673964,0.0
2024-03-14,1800910.9783634213,0.0039528794217956065,6074.868621199246,-145.54948850583605,0.0
2024-03-15,1804907.6126838834,0.0026644228803081394,4424.325894378096,-427.6915739158867,0.0
2024-03-16,1806797.2770972345,0.0012597762755673302,1352.2509173308763,537.413496020119,0.0
2024-03-17,1809643.9057701444,0.0018977524486066405,2775.7199477402696,70.90872516969102,0.0
2024-03-18,1811297.426366263,0.0011023470640791565,1805.414549507539,-151.89395338880422,0.0
2024-03-19,1813957.9711875562,0.0017736965475286383,2495.215530503627,165.32929078933012,0.0
2024-03-20,1815464.8015065794,0.0010045535460156026,1010.0960390210714,496.7342800023325,0.0
2024-03-21,1816430.174616771,0.0006435820734610879,935.5168048573222,29.85630533430958,0.0
2024-03-22,1817232.7940687027,0.0005350796346211175,904.5040938853912,-101.88464195371489,0.0
2024-03-23,1818298.5617626198,0.0007105117959447466,723.912997837657,341.8546960794629,0.0
2024-03-24,1819888.4231170854,0.0010599075696436132,1624.1961056002592,-34.33475113483928,0.0
2024-03-25,1823529.3712168452,0.0024272987331733385,4406.762331588605,-765.8142318285973,0.0
2024-03-26,1826770.8166071284,0.002160963593522039,2857.045459102273,384.39993118078564,0.0
2024-03-27,1831300.287794314,0.003019647458123831,5112.042345023942,-582.5711578381961,0.0
2024-03-28,1834818.7202309787,0.0023456216244430402,3757.2828793405943,-238.8504426760337,0.0
2024-03-29,1841550.7429428585,0.004488015141253131,6567.439828723333,164.5828831563631,0.0
2024-03-30,1847016.3255388697,0.0036437217306742385,5274.129038054474,191.45355795688374,0.0
2024-03-31,1852073.6946030948,0.0033715793761501414,5309.654844301233,-252.28578007602118,0.0
2024-04-01,1856245.0750460655,0.0027809202953137354,5036.093686219934,-864.7132432493308,0.0
2024-04-02,1859418.4429567324,0.0021155786071112405,1948.8861881372688,1224.481722529592,0.0
2024-04-03,1861709.0431567486,0.0015270668000108539,1850.966103966373,439.6340960499074,0.0
2024-04-04,1863699.325061199,0.001326854602966861,875.1489002079119,1115.1330042423797,0.0
2024-04-05,1865089.6903953054,0.0009269102227377128,1146.6632418140543,243.70209229251486,0.0
2024-04-06,1867356.134213977,0.001510962545781018,2384.749428559273,-118.30560988774596,0.0
2024-04-07,1868732.2481234977,0.0009174092730138497,1388.429635471306,-12.315725950531487,0.0
2024-04-08,1870949.6442013257,0.0014782640518852237,2098.7172641230586,118.67881370477699,0.0
2024-04-09,1872120.8861671342,0.0007808279772056882,3260.436931588008,-2089.1949657794758,0.0
2024-04-10,1874690.9319299164,0.0017133638418547791,2006.5079995939543,563.5377631882147,0.0
2024-04-11,1876160.7804221595,0.0009798989948286612,1750.4977623871011,-280.6492701441093,0.0
2024-04-12,1878194.8875125495,0.0013560713935934722,1984.0977789551116,50.009311435096606,0.0
2024-04-13,1880959.025639455,0.0018427587512703473,1663.1868676966344,1100.9512592088868,0.0
2024-04-14,1883106.530058958,0.0014316696130020634,1972.0986256635097,175.40579383958539,0.0
2024-04-15,1886213.712844037,0.0020714551900524753,825.7878537085824,2281.3949313701305,0.0
2024-04-16,1886388.2050129408,0.0001163281126026449,874.62252899775,-700.1303600937827,0.0
2024-04-17,1887868.538009533,0.0009868886643947248,1431.4432966067193,48.88969998536777,0.0
2024-04-18,1887264.5182031866,-0.0004026798708976682,-394.2792613718002,-209.74054497470206,0.0
2024-04-19,1888021.1100711313,0.0005043945786298549,674.1138244583599,82.4780434864224,0.0
2024-04-20,1888842.649975195,0.0005476932693757552,615.5313972556831,206.00850680794974,0.0
2024-04-21,1889879.6536624369,0.000691335791494612,560.4224133403943,476.5812739015237,0.0
2024-04-22,1889757.0559975242,-8.173177660841304e-05,434.5956333918144,-557.1932983044339,0.0
2024-04-23,1890909.3566027298,0.0007682004034703599,668.255254970235,484.0453502353048,0.0
2024-04-24,1891034.8027605708,8.363077189397396e-05,633.7497561605687,-508.3035983196078,0.0
2024-04-25,1891773.606517315,0.0004925358378294817,299.16966069428605,439.6340960499365,0.0
2024-04-26,1891660.966779722,-7.509315839536134e-05,635.6339148520564,-748.2736524450984,0.0
2024-04-27,1892440.7615997277,0.0005198632133372121,713.7377444531649,66.05707555265326,0.0
2024-04-28,1893826.9868491953,0.000924150166311783,648.0281000731106,738.1971493945639,0.0
2024-04-29,1893990.3356861796,0.00010889922465611896,568.6481818995403,-405.29934491536187,0.0
2024-04-30,1894350.4937878437,0.00024010540110956722,607.2190283071363,-247.0609266427855,0.0
2024-05-01,1895179.8498284263,0.0005529040270549518,933.4799054361242,-104.12386485369643,0.0
2024-05-02,1897129.091391992,0.0012994943757104827,588.5404479475842,1360.7011156181397,0.0
2024-05-03,1895826.4648380403,-0.0008684177026344964,-57.2454176878456,-1245.381136263899,0.0
2024-05-04,1896645.3182525698,0.0005459022763530418,654.2705313731923,164.58288315637037,0.0
2024-05-05,1897373.6018223416,0.00048552237984786134,749.929391139619,-21.64582136782701,0.0
2024-05-06,1898748.4803245647,0.0009165856681487245,1510.3514876781164,-135.47298545502963,0.0
2024-05-07,1900158.9551095543,0.0009403165233264098,1470.9338032917321,-60.45901830211733,0.0
2024-05-08,1900625.2169510238,0.0003108412276464035,705.4854879621242,-239.22364649251904,0.0
2024-05-09,1901521.217390326,0.0005973336262014906,184.67396470872748,711.3264745935085,0.0
2024-05-10,1902021.0389520647,0.00033321437449243015,915.1974097042696,-415.3758479656244,0.0
2024-05-11,1902721.0441124807,0.00046667010694399915,775.0191275689019,-75.0139671529032,0.0
2024-05-12,1903222.2640655977,0.0003341466354111682,695.2859377906558,-194.06598467390347,0.0
2024-05-13,1904305.0699327083,0.0007218705780738553,653.2482741111124,429.5575929996703,0.0
2024-05-14,1905143.574975533,0.0005590033618830889,853.8063993086772,-15.301356484043936,0.0
2024-05-15,1906448.1672797566,0.0008697282028158376,1338.1806477250802,-33.588343501323834,0.0
2024-05-16,1907213.9579717244,0.0005105271279784984,612.0307194951598,153.75997247258783,0.0
2024-05-17,1907519.7122934472,0.00020383621448176207,813.3115124084671,-507.557190685824,0.0
2024-05-18,1909238.2741967267,0.0011457079355197822,729.9449928923334,988.6169103873399,0.0
2024-05-19,1909311.6658614017,4.892777644999114e-05,584.6808935275635,-511.2892288525768,0.0
2024-05-20,1909897.2465285105,0.00039038711140576543,425.1030259357992,160.47764117284896,0.0
2024-05-21,1908602.0739666861,-0.000863448374549591,738.0418314529459,-2033.2143932773324,0.0
2024-05-22,1909701.6846303758,0.0007330737757931791,1117.5244468902977,-17.913783200528997,0.0
2024-05-23,1909373.668186526,-0.00021867762923323525,874.4462534957069,-1202.4626973455597,0.0
2024-05-24,1911000.1305152616,0.0010843082191570037,792.7250022701986,833.737326465307,0.0
2024-05-25,1911627.3069932698,0.00041811765200550327,767.8743168970641,-140.6978388888092,0.0
2024-05-26,1913795.3955746994,0.0014453923876197453,1792.2723380323425,375.8162433972757,0.0
2024-05-27,1917283.757286208,0.0023255744743389756,3219.281759681373,269.07995182709055,0.0
2024-05-28,1919426.7918828768,0.001428689731112593,2454.2865797810864,-311.2519831121972,0.0
2024-05-29,1922395.631846812,0.001979226642623557,3600.6740255756577,-631.834061640322,0.0
2024-05-30,1924333.7246151972,0.0012920618455899203,1654.084663890777,284.00810449410346,0.0
2024-05-31,1925184.3414272428,0.0005670778746971137,1449.2357340019653,-598.6189219562948,0.0
2024-06-01,1927854.3721966129,0.0017800205129133656,2202.033183252031,467.99758611801735,0.0
2024-06-02,1929095.5934969876,0.0008274808669166099,1034.8395897504797,206.38171062443507,0.0
2024-06-03,1932082.296404357,0.0019911352715795898,3282.280330180507,-295.5774228111224,0.0
2024-06-04,1934479.8052318464,0.001598339218326232,2439.680858774451,-42.172031285103,0.0
2024-06-05,1935918.580897838,0.0009591837773278235,1467.1391560592813,-28.36349006754608,0.0
2024-06-06,1937378.8111425864,0.0009734868298322541,830.635406008059,629.5948387403223,0.0
2024-06-07,1939394.8889265843,0.0013440518559985752,2226.5647366058083,-210.48695260794557,0.0
2024-06-08,1941817.8379949708,0.0016152993789243619,2066.912627272765,356.036441113778,0.0
2024-06-09,1942785.4757311423,0.0006450918241143847,1517.7401619592604,-550.1024257876834,0.0
2024-06-10,1944345.9731481303,0.001040331611325336,918.9600561141797,641.5373608738246,0.0
2024-06-11,1947026.4000598132,0.001786951274455175,2674.8288544322245,5.5980572505377495,0.0
2024-06-12,1949137.2689754327,0.0014072459437463227,1646.9765714855118,463.8923441339721,0.0
2024-06-13,1951098.245239107,0.0013073175091161317,1959.1102445906906,1.8660190835071262,0.0
2024-06-14,1951828.5407430562,0.00048686366929959104,1009.0787550099815,-278.7832510605949,0.0
2024-06-15,1953242.6812863895,0.0009427603622220795,739.3880427736359,674.7525005594835,0.0
2024-06-16,1954366.9245690005,0.0007494955217406716,741.3361666967096,382.9071159142977,0.0
2024-06-17,1956117.3684681088,0.0011669625994055778,1421.6513366126753,328.7925624956915,0.0
2024-06-18,1957994.5303032694,0.0012514412234403683,1546.130049764863,331.03178539568944,0.0
2024-06-19,1959052.2883846604,0.0007051720542606589,1311.9098805505203,-254.15179915953195,0.0
2024-06-20,1961081.7056480362,0.0013529448422504992,1456.549404770515,572.8678586052338,0.0
2024-06-21,1961068.8476426238,-8.572003608286423e-06,911.941052322802,-924.7990577352316,0.0
2024-06-22,1961916.2901328485,0.0005649616601499357,717.9407658366241,129.5017243882794,0.0
2024-06-23,1962772.5761158916,0.0005708573220286008,764.8510479559441,91.43493508695701,0.0
2024-06-24,1962764.7405646215,-5.223700846612474e-06,245.94304407313155,-253.77859534305026,0.0
2024-06-25,1963630.1862131958,0.0005769637657161334,690.4130585508271,175.0325900233729,0.0
2024-06-26,1964631.9910268532,0.0006678698757715889,691.6724419957299,310.13237166165345,0.0
2024-06-27,1964862.8728144919,0.0001539211917590657,1097.8342537879255,-866.9524661493269,0.0
2024-06-28,1966629.7570106848,0.0011779227974620646,1039.8831612990627,727.0010348940341,0.0
2024-06-29,1966737.5606203298,7.186907309664321e-05,1090.0760551490746,-982.2724455041098,0.0
2024-06-30,1967633.354686184,0.0005971960439028684,666.646922412046,229.1471434422565,0.0
2024-07-01,1968374.682249906,0.0004942183758145842,676.7633034359757,64.56426028590067,0.0
2024-07-02,1969466.4941208474,0.0007278745806277463,704.0531054102984,387.75876553132093,0.0
2024-07-03,1969648.3350862623,0.00012122731027645856,343.81142185429303,-161.9704564396052,0.0
2024-07-04,1969706.1845874642,3.856633413461589e-05,482.92864840132546,-425.07914719940163,0.0
2024-07-05,1970191.5248128478,0.0003235601502557341,352.85287046207486,132.48735492152628,0.0
2024-07-06,1970829.793673398,0.00042551257370020563,-99.55508502777198,737.8239455780804,0.0
2024-07-07,1970106.2575883733,-0.00048235739001657507,-359.2891599443329,-364.24692508052976,0.0
2024-07-08,1970459.9506834757,0.0002357953967349497,-119.52934444883579,473.2224395512603,0.0
2024-07-09,1971146.8666428279,0.0004579439729014586,634.6674250168223,52.24853433536555,0.0
2024-07-10,1971606.426281445,0.0003063730924114176,508.44933860222494,-48.88969998509856,0.0
2024-07-11,1971510.3656279389,-6.404043567074315e-05,204.3684189220307,-300.42907242814545,0.0
2024-07-12,1971928.7112356643,0.0002788970718170734,219.0547696179251,199.29083810768498,0.0
2024-07-13,1972378.8781930194,0.0003001113049032687,640.5009038623235,-190.33394650742048,0.0
2024-07-14,1973452.6665588384,0.0007158589105460063,662.5177598366263,411.27060598238313,0.0
2024-07-15,1974249.892659564,0.0005314840671503888,730.0494137229283,67.17668700265494,0.0
2024-07-16,1975594.3950133813,0.0008963349025448136,913.4519455510559,431.0504082661646,0.0
2024-07-17,1976030.3932908217,0.0002906655182936646,789.0490880204933,-353.0508105799963,0.0
2024-07-18,1976873.4248844585,0.0005620210624245612,910.5814844562476,-67.54989081940585,0.0
2024-07-19,1977667.2058426295,0.0005291873054473749,953.1389878936413,-159.35802972257898,0.0
2024-07-20,1979237.1912463254,0.0010466569357971806,1413.613004506436,156.37239918933483,0.0
2024-07-21,1982232.3713955858,0.0019967867661736228,2537.632270009976,457.5478792504582,0.0
2024-07-22,1982925.440518979,0.0004620460822620956,1328.2620193834596,-635.1928959903162,0.0
2024-07-23,1983982.9335470016,0.0007049953520150972,854.0969479317231,203.39608009092262,0.0
2024-07-24,1984493.984107944,0.00034070037396152444,999.9475607943418,-488.89699985205516,0.0
2024-07-25,1985453.1601509806,0.0006394506953577757,749.8087018784468,209.36734115821673,0.0
2024-07-26,1986409.6691843376,0.0006376726889046917,895.3036074216803,61.2054259353572,0.0
2024-07-27,1987794.935434425,0.000923510833391563,1439.3808035059517,-54.1145534186071,0.0
2024-07-28,1989246.6579656969,0.00096781502084799,1552.8607655921755,-101.13823432019058,0.0
2024-07-29,1992666.6405519973,0.0022799883908669683,2987.4393627675445,432.5432235329081,0.0
2024-07-30,1993457.103810132,0.0005269755054231514,782.9991818017609,7.464076332966215,0.0
2024-07-31,1993978.3870639922,0.0003475221692399663,740.7270980678867,-219.44384420793722,0.0
2024-08-01,1995123.5087704062,0.0007634144709427139,1238.0494567675103,-92.92775035343948,0.0
2024-08-02,1995814.9760683023,0.0004609781985973689,735.8785520811524,-44.4112541850991,0.0
2024-08-03,1996251.4029412575,0.0002909512486367859,823.8124346697389,-387.38556171456,0.0
2024-08-04,1997081.5537426118,0.0005534338675695864,873.0692402727225,-42.91843891834287,0.0
2024-08-05,1997873.8601522231,0.0005282042730742878,679.9720607904233,112.33434882100846,0.0
2024-08-06,1998434.4514712784,0.00037372754603686294,604.6293694236354,-44.03805036834092,0.0
2024-08-07,1999517.574673785,0.0007220821350041725,509.1357324513035,573.9874700549553,0.0
2024-08-08,1999808.3639684105,0.00019385952975058536,284.8180335588604,5.971261067017622,0.0
2024-08-09,1999589.8203108772,-0.0001456957716889217,-44.63067896000038,-173.91297857338213,0.0
2024-08-10,2000373.8469708068,0.0005226844399531181,664.9746424084185,119.05201752125868,0.0
2024-08-11,2001272.9312727281,0.0005993895346140871,737.8602531150391,161.22404880609156,0.0
2024-08-12,2001399.3701133928,8.429256044312789e-05,657.1346679848226,-530.6958273201308,0.0
2024-08-13,2002192.3203679365,0.0005286335030292171,664.1949377887897,128.7553167550359,0.0
2024-08-14,2003518.6195298657,0.0008841994412860138,810.5314872761758,515.767674652845,0.0
2024-08-15,2004198.3218621043,0.0004531348881591199,734.5632932908032,-54.86096105212346,0.0
2024-08-16,2004226.6044759075,1.8855075868813193e-05,227.57345191063555,-199.29083810741577,0.0
2024-08-17,2004353.3480957644,8.449574657123567e-05,509.65073577169784,-382.9071159148443,0.0
2024-08-18,2005132.7992378408,0.0005196340947177066,637.6336917377527,141.81745033880725,0.0
2024-08-19,2006140.7041369532,0.000671936599408176,494.37644735941507,513.5284517528489,0.0
2024-08-20,2006759.1164882798,0.00041227490088436804,512.0492635725831,106.36308775396901,0.0
2024-08-21,2006965.7140996282,0.00013773174089895285,542.4810463608709,-335.8834350124416,0.0
2024-08-22,2007856.508729225,0.0005938630863978794,706.8051479734473,183.98948162337183,0.0
2024-08-23,2008333.8456042917,0.00031822458337781403,854.272729914264,-376.93585484754294,0.0
2024-08-24,2009232.6047587758,0.0005991727696561852,1223.0732711799699,-324.31411669569206,0.0
2024-08-25,2011639.8876049095,0.0016048552307557833,1542.1963990675874,865.0864470660877,0.0
2024-08-26,2013333.9431543467,0.0011293703662913644,2087.0391684018778,-392.9836189648313,0.0
2024-08-27,2013919.4801791252,0.00039035801651908226,719.5171949668986,-133.98017018827522,0.0
2024-08-28,2014744.832362237,0.0005502347887410278,664.8745419389656,160.4776411725761,0.0
2024-08-29,2015191.242905842,0.0002976070290700384,659.1367191129992,-212.72617550794166,0.0
2024-08-30,2016254.4310769537,0.0007087921140746142,660.1280490968282,403.06012201509293,0.0
2024-08-31,2016389.8108510864,9.025318275503283e-05,438.0480694606944,-302.6682953281452,0.0
2024-09-01,2017218.0460336818,0.0005521567883970943,659.9202612725279,168.3149213231136,0.0
2024-09-02,2017676.0291138506,0.00030532205344576644,399.39008094977385,58.592999218875775,0.0
2024-09-03,2017162.9907886777,-0.00034202555011530924,0.11692276285773057,-513.1552479358215,0.0
2024-09-04,2018337.3019420302,0.0007828741022350193,583.9027153637935,590.4084379887354,0.0
2024-09-05,2018626.290078254,0.0001926587574825963,648.7566155041555,-359.7684792802611,0.0
2024-09-06,2019505.5787348023,0.0005861924376987741,573.2615268697417,306.02712967841944,0.0
2024-09-07,2020145.5602089649,0.00042665431610839234,603.7807039445031,36.20077021808538,0.0
2024-09-08,2020288.7052331131,9.543001609889435e-05,490.59777747834397,-347.45275333000245,0.0
2024-09-09,2020439.2688726147,0.0001003757596676753,-13.272836021333813,163.83647552284674,0.0
2024-09-10,2020937.3428613297,0.00033204932580991535,439.8541933124862,58.21979540238681,0.0
2024-09-11,2020844.4354703445,-6.193826065680719e-05,98.1729631554532,-191.08035414066399,0.0
2024-09-12,2021628.4296623138,0.0005226627946462312,574.6268508114011,209.3673411579457,0.0
2024-09-13,2022256.3460120352,0.0004186108998142487,523.0460772341567,104.87027248721643,0.0
2024-09-14,2023178.7886608716,0.0006149617658910279,676.8745374605198,245.568111376022,0.0
2024-09-15,2023377.3021154287,0.00013234230303812652,671.3626902919611,-472.84923573477136,0.0
2024-09-16,2024127.8205888313,0.0005003456489349981,661.6959650322952,88.82250837020183,0.0
2024-09-17,2024470.505469766,0.00022845658728989497,510.99980225795787,-168.3149213231154,0.0
2024-09-18,2025213.2765605475,0.0004951807271876341,518.8488007729798,223.92229000847146,0.0
2024-09-19,2026533.6913934294,0.0008802765552546856,1630.5472045436818,-310.13237166165345,0.0
2024-09-20,2027132.9095304613,0.0003994787580211968,732.8251034035815,-133.60696637178626,0.0
2024-09-21,2027995.1126048397,0.0005748020495856376,707.3234904558723,154.87958392258406,0.0
2024-09-22,2028820.4968834799,0.0005502561857600259,708.9446878355336,116.43959080450531,0.0
2024-09-23,2029299.3606436444,0.00031924250677643334,781.5320554927952,-302.6682953281452,0.0
2024-09-24,2031075.7822041137,0.0011842810403127893,1118.4632316610443,657.9583288081394,0.0
2024-09-25,2031833.9562701774,0.0005054493773758759,1444.4958849397703,-686.3218188759565,0.0
2024-09-26,2033874.8854590906,0.0013606194592754174,1510.6065654097536,530.3226235033726,0.0
2024-09-27,2035906.545102716,0.0013544397624169718,1987.6215932571024,44.03805036835547,0.0
2024-09-28,2036103.7777217745,0.0001314884127056407,736.1389303456128,-538.9063112871518,0.0
2024-09-29,2038182.3557676105,0.0013857186972239936,1524.3703780647966,554.2076677711939,0.0
2024-09-30,2041139.450311039,0.001971396362285733,3012.7019121142334,-55.607368685634356,0.0
2024-10-01,2042326.8290022805,0.0007915857941609471,1755.0216964128767,-567.643005171456,0.0
2024-10-02,2043366.3139660854,0.0006929899758699512,680.4628921579056,359.0220716470212,0.0
2024-10-03,2043983.4740268579,0.00041144004051496986,678.7386905248403,-61.578629752385496,0.0
2024-10-04,2044627.927229152,0.00042963546819607874,679.9075648786844,-35.4543625845663,0.0
2024-10-05,2045549.6021977374,0.0006144499790569078,694.767048043647,226.9079205417147,0.0
2024-10-06,2046363.8183521633,0.0005428107696173379,694.4177292712336,119.79842515477321,0.0
2024-10-07,2046910.0678217476,0.0003641663130561231,702.9950725900085,-156.7456030058238,0.0
2024-10-08,2047707.1259307014,0.0005313720726358405,696.2930784500547,100.76503050370593,0.0
2024-10-09,2048226.9816799618,0.00034657049950702486,695.6347469174298,-175.77899765689244,0.0
2024-10-10,2048788.4602961037,0.0003743190774280234,523.7850306572008,37.69358548483433,0.0
2024-10-11,2049189.6493404973,0.00026745936292887917,274.6729505385518,126.51609385476695,0.0
2024-10-12,2049718.8433168158,0.00035279598421246813,607.9399816383723,-78.74600531967008,0.0
2024-10-13,2050184.8646739568,0.00031068090476063027,494.3848472084915,-28.36349006754608,0.0
2024-10-14,2050819.113692115,0.00042283267877206703,630.8901838081046,3.358834349995959,0.0
2024-10-15,2051051.5382878843,0.000154949730512917,651.1592780849868,-418.7346823156113,0.0
2024-10-16,2052214.187602066,0.0007750995427878485,750.6323005664116,412.01701361536107,0.0
2024-10-17,2052891.089756609,0.0004512681030286504,756.7677713126437,-79.86561676966812,0.0
2024-10-18,2053469.7075583807,0.0003857452011810861,866.7311482492449,-288.1133464776158,0.0
2024-10-19,2054232.2502855528,0.0005083618181147301,765.9015615220893,-3.35883434999414,0.0
2024-10-20,2055028.9581516958,0.0005311385774285856,770.5835989753317,26.124267167546805,0.0
2024-10-21,2055677.327474569,0.0004322462152488723,987.611592236017,-339.2422693627086,0.0
2024-10-22,2056319.6340085096,0.00042820435596030887,754.267678944699,-111.96114500423573,0.0
2024-10-23,2058113.262203578,0.0011957521300456526,1393.9269074036545,399.7012876648246,0.0
2024-10-24,2059117.3995255004,0.0006694248812816662,935.467819653361,68.66950226913832,0.0
2024-10-25,2059948.987227169,0.0005543918011124713,715.148110863926,116.43959080478089,0.0
2024-10-26,2061111.4727048757,0.0007749903184712066,746.3632221073998,416.12225559941,0.0
2024-10-27,2061311.5685436158,0.00013339722582651802,750.9446721609731,-550.8488334211961,0.0
2024-10-28,2062376.2373009701,0.0007097791715697477,761.2540543929634,303.4147029616579,0.0
2024-10-29,2063402.2685001441,0.0006840207994492727,1275.3313487164214,-249.30014954251237,0.0
2024-10-30,2063832.2582983486,0.0002866598654697588,1377.927492574177,-947.9376943695388,0.0
2024-10-31,2064839.9411295364,0.0006717885541249793,1050.97447392257,-43.29164273510105,0.0
2024-11-01,2065407.3961778511,0.0003783033655433201,1524.3496342845178,-956.8945859695377,0.0
2024-11-02,2067323.373070564,0.0012773179284751213,778.0784556527502,1137.898437059932,0.0
2024-11-03,2068381.405144446,0.0007053547159214492,776.6363961050957,281.39567777707816,0.0
2024-11-04,2069362.040239703,0.0006537567301711719,780.9710533323184,199.66404192443952,0.0
2024-11-05,2070314.1444339836,0.0006347361295205207,872.984985144622,79.11920913615904,0.0
2024-11-06,2073742.8102673984,0.0022857772222765475,3305.5085739105903,123.15725950423075,0.0
2024-11-07,2074409.3379968628,0.0004443518196430855,1667.460365801692,-1000.9326363370637,0.0
2024-11-08,2076743.8554623863,0.0015563449770156002,2095.6670228479106,238.85044267548983,0.0
2024-11-09,2079125.0571189902,0.0015874677710692267,1295.5517538795468,1085.6499027242935,0.0
2024-11-10,2082018.9699267554,0.0019292752051768558,3835.1328334342857,-941.2200256690021,0.0
2024-11-11,2083907.5542066412,0.0012590561865904583,3465.370405362043,-1576.7861254763557,0.0
2024-11-12,2089791.3503248286,0.003922530745458439,7418.037008562415,-1534.2408903747564,0.0
2024-11-13,2096085.0439394533,0.0041957957430830105,4017.1503328716803,2276.5432817528344,0.0
2024-11-14,2097392.200163502,0.0008714374826990472,1982.2819284239865,-675.1257043754158,0.0
2024-11-15,2099245.773472763,0.001235715539507477,2559.6749304217465,-706.1016211605311,0.0
2024-11-16,2102524.060655671,0.0021855247886051793,2737.5148525370955,540.7723303706734,0.0
2024-11-17,2105426.73631194,0.0019351171041792966,3376.6445034534413,-473.96884718449655,0.0
2024-11-18,2111289.096415183,0.003908240068828664,5444.371828560616,417.9882746823787,0.0
2024-11-19,2116358.5569986594,0.0033796403889842903,5043.7095201248285,25.751063351606717,0.0
2024-11-20,2120681.559347323,0.002882001565775769,3642.651790854715,680.3505578089389,0.0
2024-11-21,2124352.8213152788,0.0024475079786370453,2788.2617376892194,883.0002302663488,0.0
2024-11-22,2127565.499386752,0.0021417853809823735,5013.013283141899,-1800.3352116683382,0.0
2024-11-23,2131889.4004390677,0.0028826007015437475,3570.775750253499,753.1253020621225,0.0
2024-11-24,2135877.0455434658,0.00265843006959849,4872.138149931648,-884.4930455339127,0.0
2024-11-25,2140135.6940885517,0.002839099030057328,4529.221312179022,-270.57276709303005,0.0
2024-11-26,2141847.178428718,0.0011409895601106905,1470.3946745905298,241.08966557550593,0.0
2024-11-27,2143961.32031038,0.001409427921108164,2201.8447785819076,-87.70289691966173,0.0
2024-11-28,2145774.034313069,0.0012084760017928757,1280.8985639191774,531.8154387701361,0.0
2024-11-29,2148228.156957153,0.0016360817627224266,2764.628219561777,-310.50557547813696,0.0
2024-11-30,2150522.3232410257,0.0015294441892484611,2510.251293731184,-216.0850098584924,0.0
2024-12-01,2152167.6703725522,0.001096898087684368,2056.2445336919077,-410.89740216535574,0.0
2024-12-02,2153652.1256535165,0.0009896368539761742,1955.4384976157876,-470.98321665152616,0.0
2024-12-03,2158725.2849605842,0.00338210620471191,3959.519118092511,1113.6401889753542,0.0
2024-12-04,2163305.084992048,0.003053200020975663,5088.10362978256,-508.30359831906554,0.0
2024-12-05,2173311.26972008,0.006670789818688006,10710.42033010848,-704.235602076471,0.0
2024-12-06,2180706.003422213,0.004929822468088768,6405.370384112565,989.363318020587,0.0
2024-12-07,2185164.913007076,0.002972606389908616,4671.262556554373,-212.35297169144906,0.0
2024-12-08,2190585.0914892997,0.003613452321482535,5627.306600481208,-207.12811825740573,0.0
2024-12-09,2192548.956546695,0.0013092433715969718,2833.0567464453266,-869.1916890498687,0.0
2024-12-10,2195497.4559708023,0.0019656662827382165,2281.210999882441,667.2884242248838,0.0
2024-12-11,2199871.201744255,0.002915830515635238,2010.6192062298167,2363.12656722304,0.0
2024-12-12,2202962.4234399307,0.002060814463783617,2382.1344439819204,709.0872516935051,0.0
2024-12-13,2205144.9220808996,0.0014549990939791556,1723.8311502682775,458.66749070045626,0.0
2024-12-14,2209032.2942064097,0.002591581417006882,2754.6985418833574,1132.6735836269654,0.0
2024-12-15,2214194.716693197,0.0034416149911914926,5660.276378239829,-497.85389145258983,0.0
2024-12-16,2218331.9216695246,0.002758136650885254,5462.451729361175,-1325.2467530332942,0.0
2024-12-17,2222417.143639296,0.0027234813131806206,2892.462571659425,1192.759398111506,0.0
2024-12-18,2226463.2778385673,0.002697422799514346,3162.0143575546344,884.1198417168841,0.0
2024-12-19,2226847.0702421125,0.0002558616023634824,1739.6418695466057,-1355.849466001382,0.0
2024-12-20,2228187.6540730987,0.0008937225539907167,1163.3120180626915,177.27181292338355,0.0
2024-12-21,2229930.6432007966,0.001161992751798554,1243.6424209787567,499.34670671907406,0.0
2024-12-22,2230608.7256787443,0.0004520549852986457,1075.1713388963094,-397.0888609483409,0.0
2024-12-23,2231517.6106324634,0.0006059233024791295,812.5983690149769,96.28658470371738,0.0
2024-12-24,2231959.914461676,0.0002948692194752306,905.4497657138401,-463.14593650099414,0.0
2024-12-25,2233615.933231961,0.0011040125135233702,1051.0553834452758,604.9633868397796,0.0
2024-12-26,2235547.7449275204,0.0012878744637061707,1434.3310079242367,497.4806876350194,0.0
2024-12-27,2236766.567623501,0.0008125484639873116,1566.2754493101513,-347.4527533291839,0.0
2024-12-28,2237935.7501703184,0.0007794550312112376,1190.4551643679179,-21.272617551061558,0.0
2024-12-29,2239067.994245665,0.0007548293835645633,1103.5073814628172,28.736693884027773,0.0
2024-12-30,2240484.7002368746,0.0009444706608062187,1514.1121873624977,-97.40619615316973,0.0
2024-12-31,2241660.7278911564,0.0007840184361879762,1382.7825687234304,-206.7549144414661,0.0
2025-01-01,2244897.687896375,0.0021579733368125163,3444.088123476722,-207.1281182579478,0.0
2025-01-02,2245746.1649279483,0.0005656513543819711,1457.5456603957227,-609.0686288227662,0.0
2025-01-03,2247067.3168887044,0.0008807679738374985,1085.6603524312923,235.49160832495545,0.0
2025-01-04,2248587.141288845,0.0010132162667604522,1098.8504949242415,420.97390521643683,0.0
2025-01-05,2250389.4156675446,0.0012015162524663238,1099.1583880730032,703.1159906264825,0.0
2025-01-06,2250621.6570880427,0.0001548276136655248,1124.1985423651643,-891.9571218668771,0.0
2025-01-07,2254541.164430479,0.0026130048949574982,2736.8244473747163,1182.6828950615309,0.0
2025-01-08,2256582.1657463396,0.0013606675439071856,2813.533216389917,-772.5319005291385,0.0
2025-01-09,2258273.62238443,0.0011276377587267597,1235.774777923203,455.68186016693653,0.0
2025-01-10,2259286.6204880024,0.000675332069048298,1017.4765493724392,-4.478445799992187,0.0
2025-01-11,2260505.04592037,0.0008122836215786578,1068.7707018791932,149.65473048879358,0.0
2025-01-12,2261375.8324013967,0.0005805243206843628,1352.5926083610343,-481.80612733449016,0.0
2025-01-13,2262755.473028592,0.0009197604181301357,1096.7521341510976,282.88849304410587,0.0
2025-01-14,2264010.028499511,0.0008363703139461064,1047.8005564782397,206.75491444092,0.0
2025-01-15,2264544.587537515,0.00035637269200236257,712.2040547434018,-177.64501673985797,0.0
2025-01-16,2265361.5153874387,0.0005446185666160675,1137.8831322697774,-320.9552823456761,0.0
2025-01-17,2267285.000286242,0.001282323265868854,1455.1141088687782,468.3707899345027,0.0
2025-01-18,2267915.862976363,0.0004205751267470235,1191.788026592265,-560.9253364717297,0.0
2025-01-19,2271193.417957418,0.002185036654036894,3387.276903159581,-109.72192210423964,0.0
2025-01-20,2278314.6598203755,0.0047474945753049795,7563.8615895403655,-442.61972658289596,0.0
2025-01-21,2281044.2662650975,0.0018197376298148026,3019.585810283332,-289.97936556112836,0.0
2025-01-22,2283632.9380678823,0.0017257812018563728,1987.0672502947375,601.6045524898218,0.0
2025-01-23,2285291.436049409,0.0011056653210180182,1160.6440900749806,497.8538914520468,0.0
2025-01-24,2286625.609837738,0.000889449192218912,1162.8732364720147,171.3005518563532,0.0
2025-01-25,2288402.149574054,0.0011843598242107754,1173.4423685604147,603.0973677557486,0.0
2025-01-26,2288915.700418036,0.0003423672293213253,1172.25558042337,-658.704736441382,0.0
2025-01-27,2290461.224914425,0.0010303496642594815,980.120714118039,565.4037822711834,0.0
2025-01-28,2291649.833533738,0.0007924057462085671,1131.88163917722,56.72698013563058,0.0
2025-01-29,2292167.893939774,0.0003453736040239877,731.1597853604085,-213.099379324427,0.0
2025-01-30,2292520.998598032,0.00023540310550552293,1124.516947337956,-771.4122890796716,0.0
2025-01-31,2294752.0834952625,0.0014873899314868432,1824.6659408643625,406.418956365902,0.0
2025-02-01,2296034.809609028,0.0008551507425103021,1143.894293960704,138.8318198047491,0.0
2025-02-02,2296500.608278258,0.0003105324461532917,1126.369424754833,-660.5707555248955,0.0
2025-02-03,2298158.5652926126,0.001105304676236326,1507.555876232179,150.40113812230993,0.0
2025-02-04,2299455.8989701946,0.000864889118388138,1341.371727950839,-44.03805036863196,0.0
2025-02-05,2301283.6281472323,0.001218486118024964,1147.378619227983,680.3505578094628,0.0
2025-02-06,2302592.30315799,0.0008724500071718779,1081.0206825823166,227.65432817550027,0.0
2025-02-07,2302930.59375762,0.00022552706642021744,1080.5929910084005,-742.3023913780744,0.0
2025-02-08,2304457.8240977544,0.0010181535600894119,1043.9313975326004,483.2989426015174,0.0
2025-02-09,2304616.2301308624,0.00010560402207219673,888.0194947193527,-729.6134616110576,0.0
2025-02-10,2305934.6502396814,0.0008789467392123678,1079.5696661430618,238.8504426754899,0.0
2025-02-11,2307509.838779482,0.0010501256932007304,1109.8033803995595,465.38515940153593,0.0
2025-02-12,2308402.147459345,0.000594872453241664,1071.8197156858685,-179.51103582337237,0.0
2025-02-13,2309782.5127480454,0.0009202435258003884,1123.2278590080766,257.137429692506,0.0
2025-02-14,2310801.0845420957,0.0006790478627003535,1248.8385489425084,-230.26675489197805,0.0
2025-02-15,2312180.9519129237,0.0009199115805518783,1091.0076167166944,288.85975411112304,0.0
2025-02-16,2312392.237521699,0.0001408570725169646,1092.046616142334,-880.761007366887,0.0
2025-02-17,2314193.6960768555,0.0012009723701041643,1075.5771317122105,725.881423444036,0.0
2025-02-18,2314724.96983435,0.0003541825049966054,1061.5963809985517,-530.3226235036436,0.0
2025-02-19,2316274.385191912,0.0010329435717077245,1070.5948607595221,478.82049680206455,0.0
2025-02-20,2316991.136412183,0.00047783414684738994,838.788868325856,-122.03764805477113,0.0
2025-02-21,2318252.520117283,0.0008409224700666485,1047.1647143255404,214.2189907744323,0.0
2025-02-22,2320385.7392944363,0.0014221461181021758,2066.7888977835796,66.43027936968429,0.0
2025-02-23,2320225.499956062,-0.00010682622558288286,74.13265850171358,-234.37199687603788,0.0
2025-02-24,2320845.4672019575,0.000413311497263955,922.6355412235338,-302.6682953276013,0.0
2025-02-25,2321910.2959169312,0.000709885809982245,1110.359580608479,-45.530865635111695,0.0
2025-02-26,2323011.3117403993,0.0007340105489788109,992.413512814513,108.60231065370317,0.0
2025-02-27,2323911.1047436777,0.0005998620021856563,892.3289269449798,7.464076333504636,0.0
2025-02-28,2324414.7676752517,0.00033577528771611484,545.4617590417022,-41.79882746752992,0.0
2025-03-01,2324057.197427546,-0.000238380165137181,-730.0276567525074,372.45740904673585,0.0
2025-03-02,2325055.7866073814,0.0006657261198901184,756.3799028091425,242.20927702603512,0.0
2025-03-03,2325485.9419347653,0.00028677021825603704,760.4407051462196,-330.285377762164,0.0
2025-03-04,2324189.5892847925,-0.0008642350999817861,-545.0933669940783,-751.2592829786008,0.0
2025-03-05,2325372.368963287,0.000788519785662855,876.0061411826306,306.77353731165203,0.0
2025-03-06,2326242.6226287764,0.000580169110326198,727.6898075175191,142.5638579717779,0.0
2025-03-07,2327229.5299081216,0.0006579381862301042,834.6401221387863,152.26715720637003,0.0
2025-03-08,2328348.6240976737,0.000746062793034767,971.305478146864,147.78871140528645,0.0
2025-03-09,2328933.6363816774,0.00039000818933592434,964.9337693846727,-379.9214853807862,0.0
2025-03-10,2330061.472329404,0.0007518906318178701,903.1672500853704,224.66869764143485,0.0
2025-03-11,2330089.2175944196,1.849684334356645e-05,614.4216648375947,-586.676399822245,0.0
2025-03-12,2330917.2508505825,0.00055202217077502,494.7622478663005,333.2710082962294,0.0
2025-03-13,2331647.0009100954,0.00048650003967537427,639.0615320598872,90.68852745317417,0.0
2025-03-14,2331760.01936784,7.534563849638603e-05,454.12674619080207,-341.108288446223,0.0
2025-03-15,2330548.2482783324,-0.0008078473930049166,-1697.3092550094213,485.53816550204647,0.0
2025-03-16,2328948.2482783324,-0.0010666666666666667,0.0,0.0,1600.0
2025-03-17,2328948.2482783324,0.0,0.0,0.0,0.0
2025-03-18,2328948.2482783324,0.0,0.0,0.0,0.0
2025-03-19,2328948.2482783324,0.0,0.0,0.0,0.0
2025-03-20,2328948.2482783324,0.0,0.0,0.0,0.0
2025-03-21,2328948.2482783324,0.0,0.0,0.0,0.0
2025-03-22,2328948.2482783324,0.0,0.0,0.0,0.0
2025-03-23,2326992.153637086,-0.0013040630941641336,-251.59757257601322,-104.49706867018722,1600.0
2025-03-24,2327372.7644168343,0.0002537405198319156,279.47254542767485,101.13823432019853,0.0
2025-03-25,2326806.1669372204,-0.00037773165307582456,-430.7512903424929,-135.84618927124393,0.0
2025-03-26,2326408.5251569096,-0.0002650945202070292,41.992315739385816,-439.63409604992967,0.0
2025-03-27,2327123.0320538655,0.00047633793130371504,255.83940625511988,458.6674907004526,0.0
2025-03-28,2327833.1909250966,0.00047343924748758834,503.4039567904621,206.7549144409204,0.0
2025-03-29,2328202.1679912237,0.00024598471075134546,265.59960890628514,103.37745722073305,0.0
2025-03-30,2328749.4384601056,0.0003648469792545765,541.6724116318672,5.59805724999751,0.0
2025-03-31,2328925.7553077284,0.0001175445650820371,431.21505441610213,-254.89820679304648,0.0
2025-04-01,2329032.198308002,7.096200018226852e-05,270.65267961273395,-164.20967933933116,0.0
2025-04-02,2329184.287079229,0.00010139251415109803,-28.915079863750737,181.0038510903978,0.0
2025-04-03,2329331.9463171535,9.843949194986378e-05,377.9259928173194,-230.26675489252375,0.0
2025-04-04,2330117.0266549364,0.0005233868918550234,777.2430576319994,7.837280150535662,0.0
2025-04-05,2330945.92420134,0.0005525983642691114,937.873060874394,-108.97551447072692,0.0
2025-04-06,2331583.1167746736,0.00042479504888903404,509.556868028786,127.635705304765,0.0
2025-04-07,2332615.8657168048,0.0006884992947543739,733.812684970448,298.93625716111274,0.0
2025-04-08,2332876.437741223,0.0001737146829454505,886.0616211749875,-625.4895967568118,0.0
2025-04-09,2334031.2026978848,0.0007698433044411059,1106.9948681265655,47.77008853509324,0.0
2025-04-10,2335064.095389472,0.0006885951277248578,924.6635847495485,108.22910683773807,0.0
2025-04-11,2336689.3267291877,0.001083487559810398,890.7662284880656,734.4651112275315,0.0
2025-04-12,2337605.978030535,0.0006111008675647574,971.5122623992304,-54.86096105209435,0.0
2025-04-13,2338302.026755165,0.0004640324830867344,939.3776131055746,-243.32888847547292,0.0
2025-04-14,2339097.9357485427,0.0005306059955851914,527.5754491847549,268.33354419303214,0.0
2025-04-15,2339000.317674823,-6.507871581311851e-05,220.35157809196565,-317.9696518116434,0.0
2025-04-16,2339478.556420146,0.0003188258302152003,563.7024193430045,-85.46367402020405,0.0
2025-04-17,2339657.2769030468,0.0001191469886004755,-3.776183456173382,182.49666635688664,0.0
2025-04-18,2338892.9642971084,-0.0005095417372922507,-493.36663502831306,-270.9459709100629,0.0
2025-04-19,2340326.107343414,0.0009554286975371665,661.3575534101312,771.7854928956185,0.0
2025-04-20,2339245.942455659,-0.0007201099251699302,-199.40388038854985,-880.7610073663454,0.0
2025-04-21,2339677.6527460553,0.00028780686026428655,49.54958211510275,382.16070828132706,0.0
2025-04-22,2340608.193618382,0.0006203605815508255,561.8155014459783,368.72537088026,0.0
2025-04-23,2340926.109313077,0.0002119437964633587,770.6119243284476,-452.69622963340953,0.0
2025-04-24,2341822.692761814,0.0005977222991584092,121.0659176749701,775.5175310626437,0.0
2025-04-25,2341527.1237849933,-0.0001970459845473393,73.9028016933004,-369.47177851430934,0.0
2025-04-26,2340240.804854718,-0.000857545953516743,-1208.3193325884188,-77.99959768669578,0.0
2025-04-27,2340319.836119782,5.268751004242471e-05,-123.24520357783037,202.27646864146743,0.0
2025-04-28,2340955.6140802973,0.00042385197367695736,636.1511643324634,-0.37320381702738814,0.0
2025-04-29,2341641.588819624,0.0004573164928842962,1063.2837979907454,-377.3090586643011,0.0
2025-04-30,2343238.902274629,0.001064875636670362,1054.6751055513696,542.6383494541733,0.0
2025-05-01,2343922.5206050575,0.0004557455536186712,1053.8365165752878,-370.2181861472809,0.0
2025-05-02,2345744.7613879493,0.0012148271885945524,1079.5651876972615,742.675595194567,0.0
2025-05-03,2346426.954079798,0.00045479512789907493,1084.1332024134344,-401.94051056482203,0.0
2025-05-04,2346781.363833759,0.000236273169307464,459.28002644895446,-104.87027248775848,0.0
2025-05-05,2347546.19315833,0.000509886216380542,977.9287038952401,-213.099379324427,0.0
2025-05-06,2347709.042746842,0.00010856639234127246,552.101169310256,-389.2515807983473,0.0
2025-05-07,2348428.731391997,0.00047979243010356506,789.1045550574529,-69.41590990210534,0.0
2025-05-08,2350724.6360643785,0.001530603114921172,2035.4084083387165,260.49626404304126,0.0
2025-05-09,2352336.3413066757,0.0010744701615311707,1928.5552826589726,-316.85004036221653,0.0
2025-05-10,2353447.1550847692,0.0007405425187289344,1242.1815215646498,-131.3677434712481,0.0
2025-05-11,2358027.0120237553,0.003053237959324142,4929.175711399996,-349.3187724137824,0.0
2025-05-12,2363399.912273963,0.0035819335001384444,4455.938472622701,916.9617775849656,0.0
2025-05-13,2364930.8241693587,0.0010206079302639115,1280.1189305863293,250.7929648095378,0.0
2025-05-14,2364965.330594249,2.3004283260129798e-05,1165.3139894331073,-1130.8075645429126,0.0
2025-05-15,2367166.1444630534,0.0014672092458696548,1155.4699782817775,1045.343890522705,0.0
2025-05-16,2368160.2826745203,0.0006627588076444931,1002.3486954332168,-8.210483966477113,0.0
2025-05-17,2369399.8291423135,0.00082636431186224,1157.8148319407233,81.73163585263683,0.0
2025-05-18,2370424.7768015456,0.0006832984394879762,1194.755395821834,-169.80773658986982,0.0
2025-05-19,2373404.383148651,0.0019864042314037753,2993.7880921391707,-14.181745033507468,0.0
2025-05-20,2374225.205902417,0.0005472151691774422,990.2572865395459,-169.43453277338267,0.0
2025-05-21,2376472.7940600635,0.0014983921050972819,1957.6087920847945,289.97936556112836,0.0
2025-05-22,2381685.8086017887,0.003475343027816989,5795.585699564211,-582.5711578387272,0.0
2025-05-23,2387465.851539395,0.0038533619584038502,5808.779631490342,-28.736693884566193,0.0
2025-05-24,2389357.59854943,0.001261164673356755,1403.5964178166012,488.15059221853153,0.0
2025-05-25,2389280.8271132405,-5.118095745943848e-05,-681.3616192119354,604.5901830227776,0.0
2025-05-26,2389980.4567411,0.00046641975190661285,1248.239238380579,-548.6096105206598,0.0
2025-05-27,2391444.646330998,0.0009761263932649856,1472.4000738644993,-8.210483967020991,0.0
2025-05-28,2392705.4930304484,0.0008405644663003857,1223.8995215989842,36.94717785159446,0.0
2025-05-29,2394963.121971827,0.001505085960919138,1895.248035381961,362.38090599674615,0.0
2025-05-30,2395661.101675169,0.00046531980222792223,1027.5186734705455,-329.5389701286622,0.0
2025-05-31,2396292.0016076565,0.0004205999549916446,1163.834982707601,-532.9350502201341,0.0
2025-06-01,2397899.5165889906,0.001071676654222606,1170.4933120010032,437.02166933290573,0.0
2025-06-02,2399553.9093703525,0.0011029285209082154,1193.4860677618708,460.90671360045235,0.0
2025-06-03,2399855.388607438,0.00020098615805693484,899.7249552241258,-598.2457181387235,0.0
2025-06-04,2400902.7486673445,0.000698240039937599,927.9348385691964,119.42522133720195,0.0
2025-06-05,2402358.6330647324,0.0009705895982585137,1147.6180448090895,308.2663525786811,0.0
2025-06-06,2402593.8184769456,0.00015679027480881803,424.3997472701074,-189.21433505688037,0.0
2025-06-07,2403186.801559211,0.0003953220548438474,654.9349158354486,-61.95183356967755,0.0
2025-06-08,2403660.904966096,0.0003160689379230692,611.4424114228732,-137.33900453826936,0.0
2025-06-09,2404986.1143845045,0.000883472945605683,845.2693101570031,479.94010825152145,0.0
2025-06-10,2406702.61343541,0.0011443327006038114,2555.834434620476,-839.3353837147588,0.0
2025-06-11,2408961.0672491672,0.0015056358758381047,2110.291898534839,148.16191522231804,0.0
2025-06-12,2410568.9775261343,0.0010719401846446674,1382.4951716920425,225.41510527495848,0.0
2025-06-13,2411940.9393468113,0.0009146412137845162,725.9460140018607,646.0158066749136,0.0
2025-06-14,2411114.446107578,-0.0005509954928221705,33.741558216623176,-860.2347974498789,0.0
2025-06-15,2412837.167984327,0.001148481251165999,1142.7631456267418,579.9587311222567,0.0
2025-06-16,2414349.4008917366,0.0010081552716065475,1344.6643937199503,167.568513689871,0.0
2025-06-17,2414862.7842338113,0.00034225556138315884,1069.0838251129594,-555.7004830382211,0.0
2025-06-18,2415418.2946788236,0.0003703402966747774,602.534125913743,-47.02368090157688,0.0
2025-06-19,2416392.3558247965,0.0006493740973151947,570.2546163244574,403.8065296483346,0.0
2025-06-20,2417470.247939783,0.0007185947433247214,1171.1930691572798,-93.30095417019766,0.0
2025-06-21,2418214.382444904,0.0004960896700805953,729.5795562703653,14.55494885052758,0.0
2025-06-22,2418824.5292710317,0.00040676455075157797,1045.3024763767582,-435.15565024939133,0.0
2025-06-23,2419577.8962637414,0.0005022446618064886,46.14576009973498,707.221232609998,0.0
2025-06-24,2419546.011398985,-2.1256576504244172e-05,573.8249297163912,-605.7097944727575,0.0
2025-06-25,2420641.6905383663,0.0007304527595877868,903.1059699742601,192.5731694074202,0.0
2025-06-26,2421708.0213531037,0.0007108872098246386,603.9312858700184,462.39952886693936,0.0
2025-06-27,2420638.281801454,-0.0007131597010999668,-53.50555882830418,-1016.2339928216461,0.0
2025-06-28,2421835.9259036696,0.0007984294014773935,1058.8122824107922,138.83181980529798,0.0
2025-06-29,2423580.452246481,0.001163017561874232,1038.797925467839,705.7284173435091,0.0
2025-06-30,2424374.149528186,0.0005291315211364769,1120.6238251174382,-326.9265434127228,0.0
2025-07-01,2425502.7651613816,0.0007524104221303831,677.785422645112,450.83021055046265,0.0
2025-07-02,2425791.4683051435,0.00019246876250786317,885.0828428170021,-596.3796990552073,0.0
2025-07-03,2427231.7194205555,0.0009601674102749239,1202.8934880039233,237.35762740846258,0.0
2025-07-04,2427847.191314902,0.0004103145962309581,985.6900804937189,-370.2181861472818,0.0
2025-07-05,2429401.9804342194,0.0010365260795448812,1208.45597743759,346.33314187973156,0.0
2025-07-06,2430455.0130697736,0.0007020217570362058,1210.8978500101323,-157.86521445582366,0.0
2025-07-07,2432174.5026314496,0.0011463263744506073,1222.008874040353,497.48068763555784,0.0
2025-07-08,2433422.9130630936,0.0008322736210959988,1211.4632537924037,36.94717785159446,0.0
2025-07-09,2434296.6563458913,0.0005824955218652028,1218.9568132275376,-345.2135304297335,0.0
2025-07-10,2434959.8372889096,0.0004421206286789731,1245.0056932242235,-581.8247502057638,0.0
2025-07-11,2438274.4022149793,0.0022097099507129786,3441.0810199242314,-126.51609385476331,0.0
2025-07-12,2440370.8452000725,0.001397628656728891,2214.00218734757,-117.55920225423324,0.0
2025-07-13,2442716.8525388143,0.0015640048924945936,2236.28541663765,109.7219221042401,0.0
2025-07-14,2449040.674557878,0.004215881346042552,5661.385244455963,662.4367746078642,0.0
2025-07-15,2453198.587485851,0.002771941951981779,5041.659565872526,-883.7466378998579,0.0
2025-07-16,2458646.9465239923,0.0036322393587611495,5642.051818999135,-193.69278085741098,0.0
2025-07-17,2462557.013897699,0.002606711582470748,3153.9564411104907,756.1109325956313,0.0
2025-07-18,2464249.8407016518,0.0011285512026354277,3136.3791668747276,-1443.5523629215859,0.0
2025-07-19,2466587.923426756,0.001558721816736248,1319.9827131992113,1018.1000119051605,0.0
2025-07-20,2468104.650104905,0.001011151118765903,1614.8792819360767,-98.15260378722223,0.0
2025-07-21,2470846.7304506996,0.0018280535638628952,1872.5154529279891,869.5648928663541,0.0
2025-07-22,2473882.541282006,0.0020238738875377354,2992.8923923879856,42.91843891861754,0.0
2025-07-23,2474858.579267312,0.000650691990203959,4313.5997178825455,-3337.561732576607,0.0
2025-07-24,2480239.3062392105,0.0035871513145989977,2325.3073247324783,3055.419647166018,0.0
2025-07-25,2484196.104646054,0.00263786560456234,3808.263287804707,148.5351190388028,0.0
2025-07-26,2486335.1066759215,0.0014260013532450433,2723.812410606303,-584.8103807387379,0.0
2025-07-27,2488247.526656339,0.0012749466536117193,1920.6304643846,-8.210483967020991,0.0
2025-07-28,2489513.53128134,0.0008440030833339327,2707.690968838974,-1441.6863438380751,0.0
2025-07-29,2492042.461766343,0.001685953656668642,1455.5963082286592,1073.334176774304,0.0
2025-07-30,2494670.661342938,0.0017521330510632937,1402.9714464323768,1225.2281301625635,0.0
2025-07-31,2497097.0025614025,0.0016175608123095452,1846.382487342606,579.9587311217119,0.0
2025-08-01,2497934.099090619,0.0005580643528111147,927.4118528528261,-90.31532363615406,0.0
2025-08-02,2497903.456712355,-2.042825217602664e-05,478.7808315055677,-509.42320976960764,0.0
2025-08-03,2497933.338505683,1.992119555214534e-05,610.9601358999307,-581.0783425717127,0.0
2025-08-04,2499651.626923232,0.00114552561169911,958.4454467865472,759.8429707621181,0.0
2025-08-05,2500007.3905527093,0.00023717575298509063,541.6191301850606,-185.85550070742465,0.0
2025-08-06,2501108.9835776407,0.000734395349954119,832.1398692876026,269.4531556435759,0.0
2025-08-07,2502064.4711852213,0.0006369917383873573,1286.892596793209,-331.40498921217295,0.0
2025-08-08,2503410.840154668,0.0008975793129642586,1314.6466450283092,31.722324418078642,0.0
2025-08-09,2504681.0222101565,0.0008467880369924151,1478.429785196572,-208.24772970794947,0.0
2025-08-10,2505959.036216706,0.0008520093376997196,1516.4912454091268,-238.47723885954747,0.0
2025-08-11,2507503.9855439886,0.0010299662181883075,1588.98737765054,-44.038050368078984,0.0
2025-08-12,2509119.669611957,0.0010771227119789819,1420.4984718445712,195.18559612390163,0.0
2025-08-13,2513630.83865223,0.00300744602684866,4175.658809076765,335.5102311962255,0.0
2025-08-14,2514240.6289446135,0.00040652686158892324,3246.4752572329694,-2636.6849648495845,0.0
2025-08-15,2518189.9710049443,0.0026328947068873627,1323.853209982008,2625.4888503490365,0.0
2025-08-16,2519878.111072815,0.001125426711913606,1313.0702321066499,375.06983576375933,0.0
2025-08-17,2520740.918737377,0.0005752051097079347,1313.6378751118214,-450.83021054991946,0.0
2025-08-18,2521421.941224186,0.0004540149912061984,671.6923913922778,9.330095417019834,0.0
2025-08-19,2521465.9035241962,2.9308200006804553e-05,329.8364235878247,-285.87412357761787,0.0
2025-08-20,2522875.855247269,0.0009399678153816553,1208.4216620650639,201.53006100741914,0.0
2025-08-21,2524150.517579545,0.0008497748881838967,1204.500014739685,70.16231753616012,0.0
2025-08-22,2524907.164976961,0.00050443159827761,1239.1999323844252,-482.55253496801015,0.0
2025-08-23,2526620.5734742987,0.0011422723315584347,1687.2842301700948,26.124267167557264,0.0
2025-08-24,2529978.767126609,0.002238795768206886,2519.9778800455756,838.2157722647535,0.0
2025-08-25,2531321.5908282204,0.0008952158010741018,1849.261280846695,-506.4375792355422,0.0
2025-08-26,2532572.168081223,0.0008337181686687352,1232.2902659860922,18.286987017010688,0.0
2025-08-27,2534039.2208205955,0.0009780351595816042,1267.761901264452,199.2908381079542,0.0
2025-08-28,2535802.5517542283,0.0011755539557551807,1244.9508322631716,518.3801013695993,0.0
2025-08-29,2536717.7233528993,0.0006101143991138786,1195.4476649984456,-280.27606632762763,0.0
2025-08-30,2536723.274838023,3.70099008258929e-06,550.4290574774931,-544.8775723536091,0.0
2025-08-31,2538438.4225464957,0.0011434318056484335,1217.6670208370888,497.4806876355615,0.0
2025-09-01,2538889.7200082247,0.00030086497448603725,1211.5136363076556,-760.2161745785997,0.0
2025-09-02,2540538.9865156137,0.0010995110049259796,1217.4696914895721,431.7968158993972,0.0
2025-09-03,2541880.1455597794,0.0008941060294435808,1244.8724594616683,96.28658470370283,0.0
2025-09-04,2542903.0192217035,0.0006819157746163302,1250.1547862829682,-227.28112435847288,0.0
2025-09-05,2544341.8636184772,0.0009592295978490337,1239.180354849653,199.66404192389746,0.0
2025-09-06,2545258.383144843,0.0006110130175770724,1146.7862812575925,-230.26675489198396,0.0
2025-09-07,2546603.589468695,0.0008968042159014367,1062.3178308080496,282.8884930441054,0.0
2025-09-08,2548045.2169765057,0.000961085005206988,1103.131646080744,338.49586172973795,0.0
2025-09-09,2548951.49803406,0.0006041873717032407,1254.107014701618,-347.825957146757,0.0
2025-09-10,2549974.075372155,0.000681718225396238,1248.3656471858008,-225.7883090914438,0.0
2025-09-11,2551873.273767676,0.0012661322636810994,1275.2016140318665,623.9967814897827,0.0
2025-09-12,2552885.3316097893,0.0006747052280755601,1292.333908440415,-280.27606632707466,0.0
2025-09-13,2554009.179669559,0.0007492320398463971,1298.5074459759485,-174.6593862063528,0.0
2025-09-14,2555477.3190731267,0.0009787596023783831,1297.2120555282497,170.9273480393249,0.0
2025-09-15,2556857.5387483574,0.0009201464501536721,1289.9043515938229,90.3153236366852,0.0
2025-09-16,2557820.036989635,0.0006416654941849657,1290.9175999561112,-328.4193586786628,0.0
2025-09-17,2558497.382002818,0.0004515633421222105,959.1138947774231,-281.76888159410737,0.0
2025-09-18,2559925.288915336,0.0009519379416788554,1303.2568377470286,124.65007477125437,0.0
2025-09-19,2561661.9977279096,0.0011578058750489491,1310.1368501075387,426.571962465885,0.0
2025-09-20,2563193.2858296866,0.0010208587345181225,1293.9304743681755,237.35762740900827,0.0
2025-09-21,2564407.2245443957,0.0008092924764725737,1294.5507391114988,-80.61202440263833,0.0
2025-09-22,2565240.0352057833,0.0005552071075919187,1289.612133005362,-456.8014716174839,0.0
2025-09-23,2566422.397518767,0.0007882415419888175,1260.735114485869,-78.37280150264269,0.0
2025-09-24,2567881.4042517366,0.0009726711553132394,1253.3714299789403,205.63530299091872,0.0
2025-09-25,2568907.8943199217,0.0006843267121233275,977.6003681998999,48.88969998509128,0.0
2025-09-26,2570164.3245835537,0.0008376201757545814,1003.3980759223454,253.03218770952662,0.0
2025-09-27,2570850.868684877,0.0004576960675490682,870.5335829469741,-183.98948162337183,0.0
2025-09-28,2571502.1998520624,0.00043422077812354685,513.618958830021,137.7122083552993,0.0
2025-09-29,2571778.3394432208,0.00018409306077214684,813.1798833618649,-537.0402922036446,0.0
2025-09-30,2573271.4169396507,0.0009953849976202253,1097.1082469325445,395.9692494977935,0.0
2025-10-01,2574742.286811675,0.0009805799146828686,1270.4594224663472,200.41044955795587,0.0
2025-10-02,2575258.0394979552,0.0003438351241866815,1159.5292700543869,-643.7765837743646,0.0
2025-10-03,2576795.8030591556,0.0010251757074668654,1348.9224299599068,188.8411312403914,0.0
2025-10-04,2578221.9932341175,0.000950793449974397,1367.9703795594778,58.2197954021176,0.0
2025-10-05,2580465.323864276,0.001495553753439106,2311.253724794281,-67.92309463562196,0.0
2025-10-06,2583724.359458881,0.0021726903964032034,2966.817006143681,292.21858846112445,0.0
2025-10-07,2584547.3585078996,0.0005486660326789168,1781.3864502554768,-958.3874012371016,0.0
2025-10-08,2586649.474780136,0.0014014108481574953,1489.3156052459021,612.8006669903407,0.0
2025-10-09,2588742.7190313796,0.001395496167495861,1262.8657591290316,830.3784921147599,0.0
2025-10-10,2590799.4729012456,0.0013711692465775947,1519.340373845727,537.4134960206648,0.0
2025-10-11,2591010.3216821942,0.0001405658539655213,1088.624157781617,-877.775376833335,0.0
2025-10-12,2592009.89271356,0.0006663806875773588,782.7396138751209,216.83141749091737,0.0
2025-10-13,2593093.0547926715,0.000722108052740899,1120.1092569623972,-36.947177851048764,0.0
2025-10-14,2592972.828224098,-8.015104571579252e-05,264.5465664241215,-384.7731349978103,0.0
2025-10-15,2593873.188776306,0.0006002403681384582,1264.9806811044296,-364.62012889674224,0.0
2025-10-16,2595832.4640676165,0.0013061835275407056,1214.7336770335228,744.5416142775357,0.0
2025-10-17,2597068.8442742303,0.0008242534710758195,1210.6291432621224,25.751063351606717,0.0
2025-10-18,2597823.5948789134,0.0005031670697885713,1191.0258663833304,-436.2752617004735,0.0
2025-10-19,2598950.7382904855,0.0007514289410480284,592.7155460848867,534.4278654871559,0.0
2025-10-20,2599301.873154054,0.0002340899090456778,759.04663520036,-407.9117716318433,0.0
2025-10-21,2599756.2194038955,0.00030289749989433534,244.6057048670629,209.74054497444013,0.0
2025-10-22,2600078.6923444923,0.0002149819603978098,1006.5555365726678,-684.0825959759532,0.0
2025-10-23,2600965.0376005676,0.0005908968373835461,1203.9417040710193,-317.59644799570015,0.0
2025-10-24,2602825.376521882,0.001240225947542995,1231.863694023626,628.4752272908663,0.0
2025-10-25,2603594.1622024993,0.0005125237870782037,1242.3813239853241,-473.5956433680185,0.0
2025-10-26,2605491.784931508,0.0012650818193389963,1249.3676994335883,648.2550295749061,0.0
2025-10-27,2607271.8019111613,0.0011866779864357683,1606.8504087137867,173.16657093986578,0.0
2025-10-28,2607874.871661835,0.00040204650044884695,1277.0758435992375,-674.0060929259671,0.0
2025-10-29,2609961.150807213,0.0013908527635855905,1284.2641433311649,802.0150020472211,0.0
2025-10-30,2610201.155820785,0.00016000334238140508,1331.2529735469407,-1091.247959974833,0.0
2025-10-31,2612292.92887853,0.001394515371829618,1212.1316618280794,879.6413959163474,0.0
2025-11-01,2613203.8134051636,0.0006072563510894558,1226.6149555458273,-315.7304289116437,0.0
2025-11-02,2614435.5423726095,0.0008211526449639998,1232.102171262485,-0.3732038164853293,0.0
2025-11-03,2615428.0482282555,0.0006616705704307197,1179.4809678029603,-186.97511215688064,0.0
2025-11-04,2616103.636942005,0.0004503924758327474,927.128086192168,-251.5393724430469,0.0
2025-11-05,2617537.3016430065,0.0009557764673346856,1135.8480552908918,297.8166457111365,0.0
2025-11-06,2618635.6209340803,0.0007322128607155948,1056.1472597882964,42.17203128509573,0.0
2025-11-07,2619341.8401117427,0.0004708127851084772,994.3325241408754,-288.11334647815966,0.0
2025-11-08,2619851.2844383214,0.000339629551052625,757.6248646714446,-248.18053809250705,0.0
2025-11-09,2620909.5349273514,0.0007055003260199207,690.271525782599,367.9789632472821,0.0
2025-11-10,2622402.395351737,0.0009952402829234745,1171.9051420395065,320.9552823457052,0.0
2025-11-11,2623311.888947746,0.0006063290640061168,1186.4108279862558,-276.9172319770805,0.0
2025-11-12,2624777.525273315,0.0009770908837129387,1153.2647310077512,312.3715945616568,0.0
2025-11-13,2625704.824829692,0.0006181997042512879,1100.0929235003086,-172.7933671233768,0.0
2025-11-14,2626416.01284567,0.00047412534398515936,1115.740953259581,-404.5529372818419,0.0
2025-11-15,2627907.4573658975,0.0009942963468185487,1067.1117806613993,424.3327395664237,0.0
2025-11-16,2628482.1210812684,0.00038310914358048937,1069.9051801062958,-495.24146473556175,0.0
2025-11-17,2629732.301405267,0.0008334535493324637,1103.8844278598888,146.2958961388067,0.0
2025-11-18,2631010.234715957,0.0008519555404601222,1069.3123771657486,208.6209335244348,0.0
2025-11-19,2632001.652147785,0.0006609449545519181,1040.3071318129757,-48.88969998509856,0.0
2025-11-20,2633098.225726224,0.0007310490522926357,1024.545241819279,72.02833661967452,0.0
2025-11-21,2633689.3962464067,0.00039411368012179046,969.5991902969994,-378.4286701143137,0.0
2025-11-22,2634502.262282705,0.0005419106908653409,812.8660362985497,-5.384208634495735e-10,0.0
2025-11-23,2635860.16964492,0.0009052715748102191,815.6422165776388,542.2651456376898,0.0
2025-11-24,2634925.2324872296,-0.0006232914384604119,108.167509932633,-1043.1046676232509,0.0
2025-11-25,2636110.594759466,0.000790241514824456,46.71742754378519,1138.644844692899,0.0
2025-11-26,2636419.695526219,0.00020606717783513485,571.8362536957442,-262.7354869430419,0.0
2025-11-27,2636790.354904282,0.0002471062520421874,365.4345246297725,5.224853433508542,0.0
2025-11-28,2637318.845782004,0.0003523272518146858,687.8489074443339,-159.35802972230522,0.0
2025-11-29,2637736.8268191423,0.0002786540247590458,374.31619058697873,43.66484655159002,0.0
2025-11-30,2638415.006724164,0.00045211993668086326,878.5903545787069,-200.410449557412,0.0
2025-12-01,2638844.4262436726,0.00028627967967261296,355.8983676233,73.52115188561947,0.0
2025-12-02,2638368.937968335,-0.0003169921835583172,-662.0901836778565,186.60190834038076,0.0
2025-12-03,2638492.5389508586,8.240065501584286e-05,710.6505861624983,-587.049603638734,0.0
2025-12-04,2639903.967344426,0.0009409522623780917,501.93069231621865,909.4977012509189,0.0
2025-12-05,2640096.0310263163,0.00012804245459351198,557.4302184205193,-365.3665365302513,0.0
2025-12-06,2640303.4230746226,0.00013826136553752634,279.0471811094678,-71.65513280317828,0.0
2025-12-07,2639894.569750366,-0.0002725688828380282,-343.91586015493186,-64.93746410211043,0.0
2025-12-08,2640485.398844408,0.00039388606269490073,209.41479339399385,381.4143006483573,0.0
2025-12-09,2639857.394338137,-0.0004186696708471686,356.13395831686574,-984.1384645876187,0.0
2025-12-10,2641400.0495545864,0.0010284368109664663,909.7015433593793,632.9536730903201,0.0
2025-12-11,2642156.745711698,0.0005044641047408928,854.848760898018,-98.15260378667881,0.0
2025-12-12,2643094.0633822163,0.0006248784470121901,1015.6904720214699,-78.37280150318475,0.0
2025-12-13,2644195.049288219,0.000733990604001939,990.890780082187,110.09512592072133,0.0
2025-12-14,2645237.864348501,0.00069521004018786,670.7308550509965,372.0842052307935,0.0
2025-12-15,2645840.579789645,0.00040181029409589223,428.8024625704562,173.91297857338213,0.0
2025-12-16,2645840.461568379,-7.881417718832987e-08,420.85568395010864,-420.97390521589114,0.0
2025-12-17,2645831.6358416546,-5.883817816119195e-06,175.9101625332478,-184.7358892574266,0.0
2025-12-18,2646773.120735244,0.0006276565957258415,773.5431760824123,167.94171750634996,0.0
2025-12-19,2647370.6301540155,0.0003983396125146797,411.6539180645949,185.85550070742465,0.0
2025-12-20,2646680.301474907,-0.00046021911940577833,-329.81379219489,-360.51488691377745,0.0
2025-12-21,2647478.1317400243,0.0005318868434114985,676.165820878962,121.6644442382858,0.0
2025-12-22,2647915.6714945557,0.0002916931696875897,536.0655621356365,-98.5258076042519,0.0
2025-12-23,2648533.3051427687,0.00041175576547526735,553.4425917437612,64.19105646913977,0.0
2025-12-24,2648869.9101207172,0.00022440331863260075,948.2860334886981,-611.681055539797,0.0
2025-12-25,2650565.3086296194,0.0011302656726013282,981.086403774434,714.3121051275584,0.0
2025-12-26,2651475.6355425348,0.0006068846086101591,894.2791487982278,16.047764117010956,0.0
2025-12-27,2652781.3073821794,0.000870447893096354,977.6256847823531,328.0461548621779,0.0
2025-12-28,2653552.363184439,0.000514037201506431,911.3804373314283,-140.3246350717818,0.0
2025-12-29,2653891.6189423287,0.0002261705052598031,906.1523554273724,-566.8965975376677,0.0
2025-12-30,2654905.5839824993,0.0006759766934474074,953.5060218689973,60.45901830211369,0.0
2025-12-31,2655760.465544402,0.0005699210412683896,990.3545473578849,-135.47298545530066,0.0
2026-01-01,2657099.9869702198,0.0008930142838784929,980.8725579874762,358.64886783026304,0.0
2026-01-02,2657642.4234164087,0.0003616242974593474,574.531974423596,-32.095528234574886,0.0
2026-01-03,2658530.7883896558,0.0005922433154978348,717.0644213904008,171.30055185635138,0.0
2026-01-04,2658775.9724533185,0.00016345604244204326,671.7560261294919,-426.57196246642707,0.0
2026-01-05,2659531.230141269,0.0005035051253004789,742.9419619996411,12.315725951077184,0.0
2026-01-06,2660709.066124133,0.0007852239885756104,996.0857241400546,181.75025872336118,0.0
2026-01-07,2662448.292821778,0.001159484465097092,1647.4185587424677,91.8081389031704,0.0
2026-01-08,2663328.622032329,0.0005868861403672425,1022.5198647061526,-142.19065415528894,0.0
2026-01-09,2664502.6443596203,0.0007826815515276764,1019.5159471856887,154.50638010582588,0.0
2026-01-10,2665418.901155196,0.0006108378637169087,1014.4093993620455,-98.15260378668245,0.0
2026-01-11,2666283.077735355,0.000576117720106169,960.0899610464784,-95.91338088722478,0.0
2026-01-12,2667521.7212077407,0.0008257623149237931,706.4548297985333,532.1886425871562,0.0
2026-01-13,2668025.769800799,0.00033603239537231675,711.5499151334521,-207.501322074977,0.0
2026-01-14,2668663.684289905,0.0004252763260704505,821.1575630955167,-183.24307398984092,0.0
2026-01-15,2669934.9060584353,0.00084748117902029,1084.993064007067,186.22870452336792,0.0
2026-01-16,2670767.1587801175,0.000554835147788206,1069.9835529077989,-237.73083122548996,0.0
2026-01-17,2672199.557573774,0.0009549325291038871,1069.271480025572,363.12731363025887,0.0
2026-01-18,2672993.0773373423,0.0005290131757122051,1064.8389382948542,-271.3191747265464,0.0
2026-01-19,2674487.4971344233,0.0009962798647208191,775.2560423377338,719.1637547434948,0.0
2026-01-20,2673077.288093253,-0.0009401393607799834,-747.7722665615725,-662.4367746084026,0.0
2026-01-21,2673063.457007985,-9.22072351216381e-06,151.4982055211026,-165.3292907893483,0.0
2026-01-22,2673327.449320701,0.00017599487514367577,26.261481490023705,237.73083122548996,0.0
2026-01-23,2672610.327458175,-0.0004780812416840027,-640.6150801063333,-76.5067824196708,0.0
2026-01-24,2672480.2293854933,-8.673204845432453e-05,-140.54777954850547,10.449706867018676,0.0
2026-01-25,2670880.2293854933,-0.0010666666666666667,0.0,0.0,1600.0
2026-01-26,2670880.2293854933,0.0,0.0,0.0,0.0
2026-01-27,2670880.2293854933,0.0,0.0,0.0,0.0
2026-01-28,2670461.621038462,-0.00027907223135386174,968.2922736442346,213.0993793249727,1600.0
2026-01-29,2670832.0083091017,0.0002469248470928127,888.7673720088181,-518.3801013695991,0.0
2026-01-30,2671493.631555732,0.00044108216442025945,394.4093138868021,267.21393274358707,0.0
2026-01-31,2672456.3488430176,0.0006418115248572874,826.871098014145,135.846189271786,0.0
2026-02-01,2672566.1191370385,7.318019601393477e-05,658.3799045415547,-548.6096105206525,0.0
2026-02-02,2671926.874491838,-0.00042616309680082036,-722.0958925038655,82.85124730263487,0.0
2026-02-03,2672299.527359928,0.0002484352453935929,18.855649876600168,353.79721821378917,0.0
2026-02-04,2672770.4298703764,0.00031393500696550667,780.2884744764044,-309.3859640281444,0.0
2026-02-05,2673211.1870977012,0.0002938381515497152,794.181241721873,-353.4240143973002,0.0
2026-02-06,2672805.84732161,-0.000270226517394138,-906.5525018938228,501.21272580261575,0.0
2026-02-07,2671205.84732161,-0.0010666666666666667,0.0,0.0,1600.0
2026-02-08,2671205.84732161,0.0,0.0,0.0,0.0
2026-02-09,2671205.84732161,0.0,0.0,0.0,0.0
2026-02-10,2671205.84732161,0.0,0.0,0.0,0.0
2026-02-11,2671205.84732161,0.0,0.0,0.0,0.0
2026-02-12,2671205.84732161,0.0,0.0,0.0,0.0
2026-02-13,2671205.84732161,0.0,0.0,0.0,0.0
2026-02-14,2671205.84732161,0.0,0.0,0.0,0.0
2026-02-15,2670002.7486267574,-0.0008020657965681637,580.890786771119,-183.98948162336455,1600.0
2026-02-16,2670650.115634921,0.0004315780054424108,343.20589756898767,304.16111059462855,0.0
2026-02-17,2670887.546209058,0.00015828704942462223,456.1280107124424,-218.69743657550907,0.0
2026-02-18,2671242.8789389636,0.00023688848660360546,437.8107733910157,-82.47804348560749,0.0
2026-02-19,2672250.276460085,0.0006715983474143693,612.5478830737513,394.8496380478027,0.0
2026-02-20,2672508.7589824125,0.00017232168155176781,570.8541168893013,-312.37159456164954,0.0
2026-02-21,2672780.4401820917,0.00018112079978611277,-133.9913490526781,405.6725487318472,0.0
2026-02-22,2672944.332917532,0.00010926182362658409,88.13236065371873,75.7603747861574,0.0
2026-02-23,2672706.418384908,-0.00015860968841592326,245.0112061611472,-482.9257387850321,0.0
2026-02-24,2673156.68687715,0.00030017899482839545,434.59393194180564,15.674560300787562,0.0
2026-02-25,2673148.1564769684,-5.6869334546274695e-06,120.59812038958002,-129.12852057152122,0.0
2026-02-26,2673840.6774396026,0.0004616806417561511,364.47480777204413,328.04615486218245,0.0
2026-02-27,2674203.724618964,0.00024203145290766035,305.20058777585825,57.84659158563227,0.0
2026-02-28,2673613.4884328535,-0.0003934907907405175,-552.9158044426929,-37.32038166808343,0.0
2026-03-01,2673618.1291837245,3.0938339140560887e-06,-1.7037140124224552,6.344464883506589,0.0
2026-03-02,2673035.2371930927,-0.0003885946604210525,-221.6306960848307,-361.2612945467481,0.0
2026-03-03,2673459.424501433,0.00028279153889357604,361.48906713824704,62.69824120211706,0.0
2026-03-04,2671859.424501433,-0.0010666666666666667,0.0,0.0,1600.0
2026-03-05,2671859.424501433,0.0,0.0,0.0,0.0
2026-03-06,2671859.424501433,0.0,0.0,0.0,0.0
2026-03-07,2671859.424501433,0.0,0.0,0.0,0.0
2026-03-08,2671859.424501433,0.0,0.0,0.0,0.0
2026-03-09,2671859.424501433,0.0,0.0,0.0,0.0
2026-03-10,2671859.424501433,0.0,0.0,0.0,0.0
2026-03-11,2671859.424501433,0.0,0.0,0.0,0.0
2026-03-12,2671859.424501433,0.0,0.0,0.0,0.0
2026-03-13,2671859.424501433,0.0,0.0,0.0,0.0
2026-03-14,2671859.424501433,0.0,0.0,0.0,0.0
2026-03-15,2671859.424501433,0.0,0.0,0.0,0.0
2026-03-16,2671859.424501433,0.0,0.0,0.0,0.0
2026-03-17,2671859.424501433,0.0,0.0,0.0,0.0
2026-03-18,2671859.424501433,0.0,0.0,0.0,0.0
2026-03-19,2671859.424501433,0.0,0.0,0.0,0.0
2026-03-20,2671859.424501433,0.0,0.0,0.0,0.0
2026-03-21,2671859.424501433,0.0,0.0,0.0,0.0
2026-03-22,2671859.424501433,0.0,0.0,0.0,0.0
2026-03-23,2671859.424501433,0.0,0.0,0.0,0.0
2026-03-24,2671859.424501433,0.0,0.0,0.0,0.0
2026-03-25,2671859.424501433,0.0,0.0,0.0,0.0
2026-03-26,2671859.424501433,0.0,0.0,0.0,0.0
2026-03-27,2670629.1155247493,-0.0008202059844559848,624.2160262925821,-254.52500297655934,1600.0
2026-03-28,2671759.3256078158,0.0007534733887110884,720.8054961677566,409.404586898876,0.0
2026-03-29,2672219.8631316815,0.0003070250159104917,495.61868263381876,-35.081158768081195,0.0
2026-03-30,2671580.0736531853,-0.00042652631899739755,-292.3367251663649,-347.4527533297314,0.0
2026-03-31,2671254.52413702,-0.00021703301077682037,-327.415535249287,1.866019084056461,0.0
2026-04-01,2671352.895717741,6.558105381414252e-05,-278.9374779430946,377.3090586643084,0.0
2026-04-02,2669966.1923038503,-0.0009244689425940866,-805.6250713188762,-581.0783425722539,0.0
2026-04-03,2668366.1923038503,-0.0010666666666666667,0.0,0.0,1600.0
2026-04-04,2668366.1923038503,0.0,0.0,0.0,0.0
2026-04-05,2668366.1923038503,0.0,0.0,0.0,0.0
2026-04-06,2668366.1923038503,0.0,0.0,0.0,0.0
2026-04-07,2668366.1923038503,0.0,0.0,0.0,0.0
2026-04-08,2668366.1923038503,0.0,0.0,0.0,0.0
2026-04-09,2668366.1923038503,0.0,0.0,0.0,0.0
2026-04-10,2668366.1923038503,0.0,0.0,0.0,0.0
2026-04-11,2668366.1923038503,0.0,0.0,0.0,0.0
2026-04-12,2666354.347275871,-0.001341230018653048,168.4869069591689,-580.3319349387407,1600.0
2026-04-13,2666439.521632307,5.678290429128558e-05,62.78212743641447,22.392229000513908,0.0
2026-04-14,2666013.4092533425,-0.00028407491930985854,-528.370224735501,102.25784577071317,0.0
2026-04-15,2665166.1336689596,-0.0005648503895886365,-531.9183592877928,-315.357225095162,0.0
2026-04-16,2665404.2462668605,0.00015874173193400836,-99.26365237818534,337.37625027919785,0.0
2026-04-17,2663804.2462668605,-0.0010666666666666667,0.0,0.0,1600.0
2026-04-18,2663804.2462668605,0.0,0.0,0.0,0.0
2026-04-19,2663804.2462668605,0.0,0.0,0.0,0.0
2026-04-20,2663804.2462668605,0.0,0.0,0.0,0.0
2026-04-21,2663804.2462668605,0.0,0.0,0.0,0.0
2026-04-22,2663804.2462668605,0.0,0.0,0.0,0.0
2026-04-23,2663804.2462668605,0.0,0.0,0.0,0.0
2026-04-24,2663804.2462668605,0.0,0.0,0.0,0.0
2026-04-25,2663804.2462668605,0.0,0.0,0.0,0.0
2026-04-26,2662364.8692102926,-0.0009595847043784582,228.9192418849629,-68.29629845265026,1600.0
2026-04-27,2662800.4887482296,0.0002904130252911178,318.060335681905,117.55920225477166,0.0
2026-04-28,2662515.0932476195,-0.0001902636670733084,-172.3147441557215,-113.08075645424105,0.0
2026-04-29,2662486.9625919936,-1.8753770417404363e-05,-194.57955786543835,166.4489022393318,0.0
2026-04-30,2661636.7152515473,-0.0005668315602976305,-309.84821389281063,-540.3991265536351,0.0
2026-05-01,2660036.7152515473,-0.0010666666666666667,0.0,0.0,1600.0
2026-05-02,2660036.7152515473,0.0,0.0,0.0,0.0
2026-05-03,2660036.7152515473,0.0,0.0,0.0,0.0
2026-05-04,2660036.7152515473,0.0,0.0,0.0,0.0
2026-05-05,2660036.7152515473,0.0,0.0,0.0,0.0
2026-05-06,2660036.7152515473,0.0,0.0,0.0,0.0
2026-05-07,2660036.7152515473,0.0,0.0,0.0,0.0
2026-05-08,2658435.8668193487,-0.0010672322881323778,764.5925958135489,-765.4410280121156,1600.0
2026-05-09,2658665.5691295383,0.0001531348734597953,174.4681453210878,55.23416486860515,0.0
2026-05-10,2659243.3032827857,0.0003851561021649818,337.76409912144095,239.97005412603176,0.0
2026-05-11,2659060.489890158,-0.0001218755950848971,266.52400265609157,-449.3373952834372,0.0
2026-05-12,2660235.3966740975,0.0007832711892927761,645.3305680695772,529.576215869587,0.0
2026-05-13,2660598.339763147,0.0002419620593661139,478.263068403408,-115.31997935423715,0.0
2026-05-14,2659869.783290617,-0.00048570431501979145,-54.55037960426213,-674.006092925425,0.0
2026-05-15,2660528.1346223103,0.00043890088779548973,69.0625051545045,589.2888265387301,0.0
2026-05-16,2659940.5246782275,-0.0003917399627219203,-512.9691807467136,-74.64076333616686,0.0
2026-05-17,2660169.811170838,0.00015285766174032107,59.47875602061727,169.80773658986436,0.0
2026-05-18,2660146.2092782287,-1.5734595072638513e-05,591.437997280837,-615.0398898897947,0.0
2026-05-19,2661433.7236325806,0.0008583429029012862,861.6887995190149,425.82555483291435,0.0
2026-05-20,2662132.361177407,0.0004657583632174555,859.8615936325458,-161.2240488063626,0.0
2026-05-21,2663117.060844174,0.0006564664445114155,701.8111737230178,282.8884930441054,0.0
2026-05-22,2663196.166787097,5.273729528218958e-05,553.8211977412959,-474.71525481801154,0.0
2026-05-23,2662899.549880476,-0.00019774460441421168,-191.3734303170628,-105.24347630425473,0.0
2026-05-24,2662832.3323486825,-4.481168786245674e-05,-451.6174629750092,384.39993118132406,0.0
2026-05-25,2662280.41013828,-0.0003679481402682466,-475.78863179972694,-76.13357860264296,0.0
2026-05-26,2662130.11949129,-0.00010019376466012985,-368.6148797481321,218.32423275793735,0.0
2026-05-27,2660530.11949129,-0.0010666666666666667,0.0,0.0,1600.0
2026-05-28,2660530.11949129,0.0,0.0,0.0,0.0
2026-05-29,2660530.11949129,0.0,0.0,0.0,0.0
2026-05-30,2660530.11949129,0.0,0.0,0.0,0.0
2026-05-31,2660530.11949129,0.0,0.0,0.0,0.0
2026-06-01,2659520.00395112,-0.000673410360113274,824.6296605226122,-234.7452006925232,1600.0
2026-06-02,2660172.162722417,0.00043477251419803446,793.6030178193627,-141.444246522311,0.0
2026-06-03,2661201.4407865033,0.0006861853760573706,531.4241726340091,497.8538914520468,0.0
2026-06-04,2661308.432127998,7.132756099691551e-05,319.34431318629845,-212.3529716909252,0.0
2026-06-05,2661983.7041217107,0.0004501813291413485,393.87631593494456,281.39567777707816,0.0
2026-06-06,2662403.6213202337,0.0002799447990155527,349.7548809871689,70.16231753616012,0.0
2026-06-07,2663046.6773276087,0.00042870400491644683,626.2618356238719,16.79417175079834,0.0
2026-06-08,2663572.9417516002,0.00035084294932766474,597.5463529776625,-71.28192898616544,0.0
2026-06-09,2663941.0918579074,0.0002454334042049001,551.3931802977495,-183.24307399039935,0.0
2026-06-10,2664484.6960598696,0.0003624028013081541,282.36153028567634,261.2426716765549,0.0
2026-06-11,2664502.9424363524,1.2164250988545252e-05,305.9865191436764,-287.7401426608585,0.0
2026-06-12,2665002.6290813135,0.00033312442997410685,476.9212121436044,22.765432817555848,0.0
2026-06-13,2665897.401623873,0.0005965150283728201,708.1706342188339,186.60190834039622,0.0
2026-06-14,2666816.773506476,0.0006129145884020729,668.9521216103298,250.41976099277963,0.0
2026-06-15,2667500.999484698,0.0004561506521478489,511.05940728217683,173.16657093959657,0.0
2026-06-16,2667874.3429361614,0.00024889563430901965,429.69722778159064,-56.353776318061136,0.0
2026-06-17,2667848.444771797,-1.7265442909703628e-05,445.08505228697436,-470.9832166515298,0.0
2026-06-18,2668126.4538012855,0.00018533935299243852,43.63703261316195,234.37199687549582,0.0
2026-06-19,2668638.946290581,0.00034166165953043964,605.4202396490989,-92.92775035343948,0.0
2026-06-20,2669032.000763363,0.00026203631518827397,490.46066893611913,-97.40619615370815,0.0
2026-06-21,2668886.5021902034,-9.699904877333326e-05,-15.250441138480625,-130.24813202151927,0.0
2026-06-22,2669128.8644213146,0.00016157482074060988,358.4286180986683,-116.0663869877535,0.0
2026-06-23,2669682.4833060037,0.0003690792564598299,362.91173436583904,190.7071503239058,0.0
2026-06-24,2670270.4974777,0.00039200944779740795,290.9439336182371,297.0702380778748,0.0
2026-06-25,2669660.032374587,-0.00040697673540856453,-197.32847804721845,-413.1366250656283,0.0
2026-06-26,2669372.5765534174,-0.00019163721411321005,-132.20303343047829,-155.25278773933678,0.0
2026-06-27,2669622.133317199,0.00016637117585440765,147.67212182790752,101.88464195370398,0.0
2026-06-28,2669841.8033094956,0.00014644666153101484,98.75195569175008,120.91803660477217,0.0
2026-06-29,2670085.999934013,0.00016279774967812785,311.3733115195702,-67.17668700237846,0.0
2026-06-30,2670857.070800344,0.0005140472442208461,446.75674963584635,324.31411669542285,0.0
2026-07-01,2670657.1981225843,-0.00013324845183991087,404.344301446426,-604.2169792062923,0.0
2026-07-02,2671518.921256854,0.0005744820895135232,671.7623915796261,189.96074269065866,0.0
2026-07-03,2672039.806417302,0.0003472567736318201,703.7550306213732,-182.869870173643,0.0
2026-07-04,2672675.359454976,0.0004237020251159208,700.4905017762636,-64.93746410238236,0.0
2026-07-05,2673805.587433991,0.0007534853193436255,706.6416470827965,423.58633193264177,0.0
2026-07-06,2674655.9383015595,0.0005669005783789429,712.2654553963594,138.08541217205493,0.0
2026-07-07,2674873.4060315583,0.00014497848666587167,716.8144367178816,-499.34670671907406,0.0
2026-07-08,2675924.744321785,0.0007008921934842407,709.1103903301399,342.22789989622106,0.0
2026-07-09,2676857.251157946,0.0006216712241074015,697.015227835332,235.49160832577036,0.0
2026-07-10,2677490.1723623043,0.000421947469572381,707.5619676947312,-74.64076333615958,0.0
2026-07-11,2678182.4225238087,0.0004615001076692436,718.0012248549264,-25.75106335106102,0.0
2026-07-12,2679034.2576229554,0.0005678900660981855,714.1228907919796,137.71220835529857,0.0
2026-07-13,2679531.1773852548,0.00033127984153256035,713.7511797905655,-216.831417491725,0.0
2026-07-14,2680129.364665662,0.0003987915202718278,694.4738651114518,-96.2865847037101,0.0
2026-07-15,2680915.4353379128,0.0005240471148337621,716.2815585312339,69.78911371940922,0.0
2026-07-16,2681844.952438298,0.000619678066923604,724.6282050277273,204.88889535767885,0.0
2026-07-17,2682343.56505311,0.0003324084098743578,714.3244208529871,-215.71180604145047,0.0
2026-07-18,2682785.5492135934,0.0002946561069890316,715.5425581106333,-273.5583976270859,0.0
2026-07-19,2683725.3514379626,0.0006265348162463894,725.5832335946133,214.21899077497073,0.0
2026-07-20,2684215.4317520987,0.00032672020942401786,481.1234225357632,8.956891600263589,0.0
2026-07-21,2684642.2680236567,0.00028455751437164305,312.63590365295624,114.20036790450831,0.0
2026-07-22,2685346.1247407543,0.0004692378113983713,590.4027568271107,113.45396027044626,0.0
2026-07-23,2685845.383463718,0.00033283914864269643,549.6412382156229,-50.3825152515783,0.0
2026-07-24,2686364.7300884756,0.0003462310831716953,635.7862155617781,-116.4395908042352,0.0
2026-07-25,2686780.943855526,0.0002774758447000731,635.6576112585889,-219.44384420847928,0.0
2026-07-26,2687767.868160827,0.0006579495368677993,482.7259489658709,504.19835633582807,0.0
2026-07-27,2687623.711272535,-9.610459219481727e-05,311.5249718749871,-455.681860167213,0.0
2026-07-28,2688645.2171572577,0.0006810039231483949,634.8667306412649,386.63915408132743,0.0
2026-07-29,2688271.186416435,-0.00024935382721489387,512.7015276112978,-886.7322684336386,0.0
2026-07-30,2689126.672889528,0.0005703243153949923,333.37433355613604,522.1121395363525,0.0
2026-07-31,2688164.750811499,-0.0006412813853524863,464.91135103140476,173.16657093986578,1600.0
