ts,entry_ts,exit_ts,leg,net_bp,year
1618012800011,1618012860000,1618099260000,bottom,-379.54938784983506,2021
1618041600005,1618041660000,1618128060000,top,-180.64444127668875,2021
1618214400001,1618214460000,1618300860000,top,-84.56327142850537,2021
1618329600008,1618329660000,1618416060000,top,303.3999352869683,2021
1618387200000,1618387260000,1618473660000,top,405.6638655462182,2021
1618790400000,1618790460000,1618876860000,bottom,300.8322246331925,2021
1618819200000,1618819260000,1618905660000,bottom,762.4641599725041,2021
1618876800004,1618876860000,1618963260000,bottom,-769.8966007425095,2021
1618934400001,1618934460000,1619020860000,bottom,-1156.6423690205013,2021
1618963200013,1618963260000,1619049660000,bottom,-143.7251520517362,2021
1618992000001,1618992060000,1619078460000,bottom,-780.8160850075867,2021
1619020800002,1619020860000,1619107260000,bottom,-702.9333186142843,2021
1619107200001,1619107260000,1619193660000,bottom,1066.5145525970527,2021
1619193600001,1619193660000,1619280060000,bottom,369.26121544023374,2021
1619280000011,1619280060000,1619366460000,bottom,-495.79231736575014,2021
1619308800000,1619308860000,1619395260000,bottom,-482.09008798076593,2021
1619337600010,1619337660000,1619424060000,bottom,-1195.7039411379037,2021
1619366400000,1619366460000,1619452860000,bottom,-711.2984471389077,2021
1619395200003,1619395260000,1619481660000,bottom,-918.1249085982183,2021
1619424000002,1619424060000,1619510460000,bottom,-390.97588624758805,2021
1619452800004,1619452860000,1619539260000,bottom,-642.7782373528472,2021
1619481600000,1619481660000,1619568060000,bottom,-554.0181452408193,2021
1619510400000,1619510460000,1619596860000,bottom,-263.1328028126993,2021
1619625600001,1619625660000,1619712060000,bottom,-337.84486917795607,2021
1619654400004,1619654460000,1619740860000,bottom,-54.70926526870133,2021
1619683200013,1619683260000,1619769660000,bottom,-186.4295729530856,2021
1619712000003,1619712060000,1619798460000,bottom,136.12078683998675,2021
1619827200002,1619827260000,1619913660000,bottom,-651.9959633305776,2021
1619971200007,1619971260000,1620057660000,bottom,-824.601986425863,2021
1620000000003,1620000060000,1620086460000,bottom,-1668.6599334125879,2021
1620028800000,1620028860000,1620115260000,bottom,-586.221286441168,2021
1620777600004,1620777660000,1620864060000,bottom,804.6086460005226,2021
1620921600008,1620921660000,1621008060000,bottom,-1025.38895438325,2021
1620950400007,1620950460000,1621036860000,bottom,-1004.7963962214806,2021
1620979200001,1620979260000,1621065660000,bottom,-66.0777048758525,2021
1621008000004,1621008060000,1621094460000,bottom,705.358688120717,2021
1621324800001,1621324860000,1621411260000,bottom,1501.6514911871466,2021
1621382400000,1621382460000,1621468860000,bottom,2615.8643711052528,2021
1621440000018,1621440060000,1621526460000,bottom,-611.0280941422135,2021
1621497600000,1621497660000,1621584060000,bottom,20.015367987798584,2021
1621526400005,1621526460000,1621612860000,bottom,1675.2393514053572,2021
1621555200000,1621555260000,1621641660000,bottom,1200.5343432232403,2021
1621584000000,1621584060000,1621670460000,bottom,1625.0532324616624,2021
1621612800001,1621612860000,1621699260000,bottom,111.85521015524237,2021
1621641600001,1621641660000,1621728060000,bottom,604.9093414706159,2021
1621670400002,1621670460000,1621756860000,bottom,435.5804478480459,2021
1621699200005,1621699260000,1621785660000,bottom,1913.4475154938152,2021
1621728000006,1621728060000,1621814460000,bottom,758.7149515140397,2021
1621756800004,1621756860000,1621843260000,bottom,-643.5813953488372,2021
1621785600002,1621785660000,1621872060000,bottom,-3257.7301325457033,2021
1621814400007,1621814460000,1621900860000,bottom,-2487.797926577337,2021
1621843200005,1621843260000,1621929660000,bottom,-1662.1429621591337,2021
1621872000005,1621872060000,1621958460000,bottom,-225.74963324410047,2021
1621900800000,1621900860000,1621987260000,bottom,-343.93747673420336,2021
1621929600014,1621929660000,1622016060000,bottom,-892.2804036032799,2021
1621958400000,1621958460000,1622044860000,bottom,-663.8404634305022,2021
1621987200022,1621987260000,1622073660000,bottom,-601.0239898804175,2021
1622016000018,1622016060000,1622102460000,bottom,547.2227279319848,2021
1622044800004,1622044860000,1622131260000,bottom,-242.1932880049431,2021
1622073600000,1622073660000,1622160060000,bottom,490.0081691627984,2021
1622102400017,1622102460000,1622188860000,bottom,632.1420261222705,2021
1622131200000,1622131260000,1622217660000,bottom,921.1382480288373,2021
1622160000005,1622160060000,1622246460000,bottom,1183.8741848054685,2021
1622188800009,1622188860000,1622275260000,bottom,249.85678357563893,2021
1622217600000,1622217660000,1622304060000,bottom,927.1372549019603,2021
1622246400006,1622246460000,1622332860000,bottom,507.46053828988954,2021
1622275200000,1622275260000,1622361660000,bottom,107.52352333854255,2021
1622304000000,1622304060000,1622390460000,bottom,-352.78641218003213,2021
1622332800003,1622332860000,1622419260000,bottom,-415.837774329028,2021
1622361600004,1622361660000,1622448060000,bottom,29.47331007165556,2021
1622390400018,1622390460000,1622476860000,bottom,-1077.8244419600796,2021
1622419200002,1622419260000,1622505660000,bottom,-1356.4903484667138,2021
1622448000000,1622448060000,1622534460000,bottom,-867.1260594128964,2021
1622476800000,1622476860000,1622563260000,bottom,319.26521189551704,2021
1622505600001,1622505660000,1622592060000,bottom,163.4666413992232,2021
1622534400010,1622534460000,1622620860000,bottom,-171.3484472143183,2021
1622563200010,1622563260000,1622649660000,bottom,-958.9629641229618,2021
1622592000008,1622592060000,1622678460000,bottom,-217.55974200382266,2021
1622620800000,1622620860000,1622707260000,bottom,-437.42078644816536,2021
1622649600007,1622649660000,1622736060000,bottom,-18.1850732387827,2021
1622678400019,1622678460000,1622764860000,bottom,-589.2875139956836,2021
1622707200002,1622707260000,1622793660000,bottom,711.7442459788499,2021
1622736000003,1622736060000,1622822460000,bottom,506.05491951573663,2021
1622764800003,1622764860000,1622851260000,bottom,526.1359542565453,2021
1622793600006,1622793660000,1622880060000,bottom,-686.8042068468576,2021
1622822400002,1622822460000,1622908860000,bottom,15.871349528733937,2021
1622851200000,1622851260000,1622937660000,bottom,231.55656028106054,2021
1622880000004,1622880060000,1622966460000,bottom,302.0215756548468,2021
1622908800020,1622908860000,1622995260000,bottom,-344.9689988462061,2021
1622937600000,1622937660000,1623024060000,bottom,-338.11382546255754,2021
1622966400004,1622966460000,1623052860000,bottom,-280.7413280328712,2021
1622995200000,1622995260000,1623081660000,bottom,-225.13609233450737,2021
1623024000007,1623024060000,1623110460000,bottom,380.8244836075532,2021
1623052800007,1623052860000,1623139260000,bottom,892.7562442433763,2021
1623081600003,1623081660000,1623168060000,bottom,1498.0131965861005,2021
1623110400000,1623110460000,1623196860000,bottom,347.477633212266,2021
1623139200000,1623139260000,1623225660000,bottom,88.32332741478723,2021
1623168000002,1623168060000,1623254460000,bottom,-885.0328860648265,2021
1623196800009,1623196860000,1623283260000,bottom,-364.78723412712566,2021
1623225600002,1623225660000,1623312060000,bottom,-221.926156315843,2021
1623254400000,1623254460000,1623340860000,bottom,233.24751567157477,2021
1623283200007,1623283260000,1623369660000,bottom,503.2771330481329,2021
1623312000003,1623312060000,1623398460000,bottom,374.5892214062181,2021
1623340800000,1623340860000,1623427260000,bottom,353.1633107658478,2021
1623369600010,1623369660000,1623456060000,bottom,459.8956473847045,2021
1623398400007,1623398460000,1623484860000,bottom,501.4373506986476,2021
1623427200006,1623427260000,1623513660000,bottom,84.24726872592949,2021
1623456000005,1623456060000,1623542460000,bottom,-105.35739489010587,2021
1623484800000,1623484860000,1623571260000,bottom,-27.153865727064673,2021
1623513600018,1623513660000,1623600060000,bottom,173.4148778837059,2021
1623542400002,1623542460000,1623628860000,bottom,-605.1222138436844,2021
1623571200000,1623571260000,1623657660000,bottom,-782.0380401075038,2021
1623600000003,1623600060000,1623686460000,bottom,-989.1102709514803,2021
1623628800000,1623628860000,1623715260000,bottom,-280.41634614237296,2021
1623657600015,1623657660000,1623744060000,bottom,-485.14492336245206,2021
1623686400000,1623686460000,1623772860000,bottom,81.04265281500834,2021
1623715200000,1623715260000,1623801660000,bottom,141.47694966080218,2021
1623744000000,1623744060000,1623830460000,bottom,321.84555382811243,2021
1623772800004,1623772860000,1623859260000,bottom,518.9986018039478,2021
1623801600004,1623801660000,1623888060000,bottom,655.3139600780818,2021
1623830400001,1623830460000,1623916860000,bottom,328.6154667088277,2021
1623859200000,1623859260000,1623945660000,bottom,10.863478404765218,2021
1623888000004,1623888060000,1623974460000,bottom,-2.780584506240512,2021
1623916800000,1623916860000,1624003260000,bottom,410.1856200911065,2021
1623945600002,1623945660000,1624032060000,bottom,769.0573285390196,2021
1623974400009,1623974460000,1624060860000,bottom,571.4161124552926,2021
1624003200014,1624003260000,1624089660000,bottom,410.7252770737253,2021
1624032000007,1624032060000,1624118460000,bottom,-117.98761687919978,2021
1624060800003,1624060860000,1624147260000,bottom,284.6647769320827,2021
1624089600001,1624089660000,1624176060000,bottom,151.11476346495635,2021
1624118400000,1624118460000,1624204860000,bottom,587.0714810575856,2021
1624147200005,1624147260000,1624233660000,bottom,-426.15903837263033,2021
1624176000000,1624176060000,1624262460000,bottom,857.114298292992,2021
1624204800002,1624204860000,1624291260000,bottom,621.3884350776107,2021
1624233600019,1624233660000,1624320060000,bottom,1575.547765468552,2021
1624262400000,1624262460000,1624348860000,bottom,338.8493442182823,2021
1624291200024,1624291260000,1624377660000,bottom,529.5079588346614,2021
1624320000008,1624320060000,1624406460000,bottom,71.52603792710278,2021
1624348800009,1624348860000,1624435260000,bottom,-355.3266541948179,2021
1624377600001,1624377660000,1624464060000,bottom,-593.1332263242377,2021
1624406400003,1624406460000,1624492860000,bottom,-476.8426590555712,2021
1624435200000,1624435260000,1624521660000,bottom,435.31725306488477,2021
1624464000000,1624464060000,1624550460000,bottom,-54.56159090449319,2021
1624492800009,1624492860000,1624579260000,bottom,-162.10064736777707,2021
1624521600018,1624521660000,1624608060000,bottom,-132.5009705495599,2021
1624550400001,1624550460000,1624636860000,bottom,785.8448565930904,2021
1624579200009,1624579260000,1624665660000,bottom,876.1292891603729,2021
1624608000004,1624608060000,1624694460000,bottom,939.5621277363792,2021
1624636800000,1624636860000,1624723260000,bottom,253.72955482433412,2021
1624665600007,1624665660000,1624752060000,bottom,-74.55634768151741,2021
1624694400000,1624694460000,1624780860000,bottom,-624.8628237869395,2021
1624723200002,1624723260000,1624809660000,bottom,-364.53471874525457,2021
1624752000005,1624752060000,1624838460000,bottom,-788.3407624665522,2021
1624780800010,1624780860000,1624867260000,bottom,-987.836896959277,2021
1624809600001,1624809660000,1624896060000,bottom,-1520.5656455855824,2021
1624838400025,1624838460000,1624924860000,bottom,-604.4012188928398,2021
1624867200017,1624867260000,1624953660000,bottom,-445.3961628652696,2021
1624896000007,1624896060000,1624982460000,bottom,-515.1171099680212,2021
1624924800008,1624924860000,1625011260000,bottom,-401.6753386884069,2021
1624953600000,1624953660000,1625040060000,bottom,-139.49336161705503,2021
1624982400000,1624982460000,1625068860000,bottom,537.422299789488,2021
1625155200028,1625155260000,1625241660000,bottom,5.750456051698116,2021
1625184000002,1625184060000,1625270460000,bottom,-254.87695154937583,2021
1625212800016,1625212860000,1625299260000,bottom,-696.4876773058274,2021
1625241600007,1625241660000,1625328060000,bottom,-510.6749792186187,2021
1625299200000,1625299260000,1625385660000,bottom,-636.093393642098,2021
1625328000004,1625328060000,1625414460000,bottom,-539.4585050665028,2021
1625443200004,1625443260000,1625529660000,bottom,512.7747673073264,2021
1625529600008,1625529660000,1625616060000,bottom,-579.8649069879784,2021
1625558400019,1625558460000,1625644860000,bottom,-152.5245131132562,2021
1625702400002,1625702460000,1625788860000,bottom,815.9346235441818,2021
1625817600006,1625817660000,1625904060000,bottom,-13.057630600619584,2021
1626163200013,1626163260000,1626249660000,bottom,628.4499810319606,2021
1626278400005,1626278460000,1626364860000,bottom,375.49584043299626,2021
1626652800002,1626652860000,1626739260000,bottom,351.5337258788549,2021
1626739200002,1626739260000,1626825660000,bottom,161.31603093747572,2021
1626768000011,1626768060000,1626854460000,bottom,-653.019375067451,2021
1626796800001,1626796860000,1626883260000,bottom,-853.6997423825181,2021
1626854400000,1626854460000,1626940860000,bottom,-627.3442960795721,2021
1626883200018,1626883260000,1626969660000,bottom,-412.54330144030837,2021
1627142400001,1627142460000,1627228860000,bottom,69.89456707149967,2021
1627171200003,1627171260000,1627257660000,bottom,-7.267812817718809,2021
1628352000002,1628352060000,1628438460000,top,-179.6777475352711,2021
1628380800000,1628380860000,1628467260000,top,-431.3225847403839,2021
1628467200000,1628467260000,1628553660000,top,445.5420808065409,2021
1628496000000,1628496060000,1628582460000,top,642.0354584454386,2021
1628553600000,1628553660000,1628640060000,top,-56.71609785754471,2021
1628640000006,1628640060000,1628726460000,top,15.860998483099976,2021
1628668800003,1628668860000,1628755260000,top,-322.67776496203646,2021
1628755200001,1628755260000,1628841660000,top,266.5772565991505,2021
1628784000000,1628784060000,1628870460000,top,613.9741756517998,2021
1628870400002,1628870460000,1628956860000,top,145.5247194956362,2021
1628928000000,1628928060000,1629014460000,top,-475.4910640662806,2021
1628956800000,1628956860000,1629043260000,top,-354.80100316547737,2021
1628985600003,1628985660000,1629072060000,top,140.81628569417927,2021
1629014400000,1629014460000,1629100860000,top,363.45408486383747,2021
1629072000012,1629072060000,1629158460000,top,-528.5842560537994,2021
1629417600000,1629417660000,1629504060000,top,289.1824586619281,2021
1629446400001,1629446460000,1629532860000,top,224.4674434288603,2021
1629475200001,1629475260000,1629561660000,top,-75.053290887918,2021
1629561600000,1629561660000,1629648060000,top,-297.67774599629803,2021
1629590400005,1629590460000,1629676860000,top,31.96974794081055,2021
1629619200007,1629619260000,1629705660000,top,162.51305645970393,2021
1629705600005,1629705660000,1629792060000,top,55.17013870100908,2021
1629734400002,1629734460000,1629820860000,top,-375.2054201844794,2021
1629763200006,1629763260000,1629849660000,top,-449.6843355024864,2021
1629792000004,1629792060000,1629878460000,top,-503.88085108923826,2021
1629820800000,1629820860000,1629907260000,top,7.757562155557686,2021
1629849600015,1629849660000,1629936060000,top,126.03771213073611,2021
1629878400000,1629878460000,1629964860000,top,-271.447810390834,2021
1630137600000,1630137660000,1630224060000,top,-104.9756934462258,2021
1630195200000,1630195260000,1630281660000,top,-86.8282349464715,2021
1630425600003,1630425660000,1630512060000,top,557.6407705184733,2021
1630540800009,1630540860000,1630627260000,top,-111.56301379879484,2021
1630569600006,1630569660000,1630656060000,top,142.21157526703567,2021
1630598400007,1630598460000,1630684860000,top,557.5007579585651,2021
1630627200011,1630627260000,1630713660000,top,372.73931159611374,2021
1630656000000,1630656060000,1630742460000,top,304.04017349559956,2021
1630684800002,1630684860000,1630771260000,top,-151.05694857093832,2021
1630713600003,1630713660000,1630800060000,top,-136.0227440645305,2021
1630742400008,1630742460000,1630828860000,top,-129.7036598679717,2021
1630771200009,1630771260000,1630857660000,top,-32.262930077975746,2021
1630800000002,1630800060000,1630886460000,top,142.99579750934944,2021
1630828800002,1630828860000,1630915260000,top,181.2774193548379,2021
1630857600000,1630857660000,1630944060000,top,33.248521088070206,2021
1630886400003,1630886460000,1630972860000,top,-71.57117948795853,2021
1630915200008,1630915260000,1631001660000,top,-181.08558295175257,2021
1630944000009,1630944060000,1631030460000,top,-1234.2175063074794,2021
1630972800004,1630972860000,1631059260000,top,-1241.6781169188166,2021
1631001600002,1631001660000,1631088060000,top,-1592.6194930830488,2021
1632441600000,1632441660000,1632528060000,bottom,704.5885310210882,2021
1632499200000,1632499260000,1632585660000,bottom,-166.51438404978447,2021
1632528000007,1632528060000,1632614460000,bottom,3.986903072476636,2021
1632556800002,1632556860000,1632643260000,bottom,398.0385593880338,2021
1632787200000,1632787260000,1632873660000,bottom,378.00375359176974,2021
1632844800000,1632844860000,1632931260000,bottom,-82.34594374034886,2021
1632873600000,1632873660000,1632960060000,bottom,-164.42364574162193,2021
1632902400002,1632902460000,1632988860000,bottom,-304.7383046945644,2021
1632960000000,1632960060000,1633046460000,bottom,-539.3879569182574,2021
1633564800007,1633564860000,1633651260000,top,38.653961077475664,2021
1633968000006,1633968060000,1634054460000,top,-279.5946231183692,2021
1634227200000,1634227260000,1634313660000,top,-53.00272704127738,2021
1634256000005,1634256060000,1634342460000,top,191.40742829583624,2021
1634284800002,1634284860000,1634371260000,top,99.77972685521654,2021
1634400000003,1634400060000,1634486460000,top,-318.4807429105001,2021
1634457600002,1634457660000,1634544060000,top,-124.92038181317432,2021
1634486400002,1634486460000,1634572860000,top,-83.5527358025072,2021
1634544000004,1634544060000,1634630460000,top,-100.86894448246885,2021
1634745600020,1634745660000,1634832060000,top,19.588603445777743,2021
1634774400000,1634774460000,1634860860000,top,-270.9815769444095,2021
1634803200000,1634803260000,1634889660000,top,-79.36104366750561,2021
1634832000008,1634832060000,1634918460000,top,-306.72064779309324,2021
1635062400012,1635062460000,1635148860000,top,115.02392607988978,2021
1635148800002,1635148860000,1635235260000,top,100.34166337891183,2021
1635177600022,1635177660000,1635264060000,top,-60.19946488389593,2021
1635264000000,1635264060000,1635350460000,top,-477.28031273329185,2021
1635321600000,1635321660000,1635408060000,top,-269.72726303237147,2021
1635408000000,1635408060000,1635494460000,bottom,-765.6969831134945,2021
1635436800005,1635436860000,1635523260000,bottom,-720.6088783440416,2021
1635580800001,1635580860000,1635667260000,top,-94.21905885485236,2021
1635667200010,1635667260000,1635753660000,bottom,2.0810019736823406,2021
1635840000007,1635840060000,1635926460000,top,590.4911363991789,2021
1635868800010,1635868860000,1635955260000,top,42.04373713451017,2021
1635897600019,1635897660000,1635984060000,bottom,-34.14642052933225,2021
1635984000006,1635984060000,1636070460000,top,-163.55673624123645,2021
1636214400007,1636214460000,1636300860000,bottom,-489.4666394010654,2021
1636416000000,1636416060000,1636502460000,bottom,134.19312937888296,2021
1636444800014,1636444860000,1636531260000,bottom,110.33994054761311,2021
1636473600001,1636473660000,1636560060000,bottom,-136.1641579570276,2021
1636646400007,1636646460000,1636732860000,bottom,309.9422025701388,2021
1636675200000,1636675260000,1636761660000,bottom,97.56566929867884,2021
1636704000000,1636704060000,1636790460000,bottom,117.26375073266527,2021
1636732800004,1636732860000,1636819260000,bottom,-253.2837005599091,2021
1636761600000,1636761660000,1636848060000,bottom,44.533282770176776,2021
1636790400004,1636790460000,1636876860000,bottom,82.23350828378396,2021
1636819200006,1636819260000,1636905660000,bottom,211.77333450012006,2021
1636848000010,1636848060000,1636934460000,bottom,-9.495796435861502,2021
1636876800001,1636876860000,1636963260000,bottom,-197.2992562430591,2021
1636905600000,1636905660000,1636992060000,bottom,-174.17207306554315,2021
1636992000000,1636992060000,1637078460000,bottom,772.0428129298502,2021
1637049600001,1637049660000,1637136060000,bottom,270.4602928765516,2021
1637078400018,1637078460000,1637164860000,bottom,249.9798277145,2021
1637107200005,1637107260000,1637193660000,bottom,-189.9253106518699,2021
1637136000007,1637136060000,1637222460000,bottom,-147.54365584110406,2021
1637164800003,1637164860000,1637251260000,bottom,258.31126763937795,2021
1637193600017,1637193660000,1637280060000,bottom,638.0050841330738,2021
1637222400007,1637222460000,1637308860000,bottom,411.6832338361183,2021
1637251200011,1637251260000,1637337660000,bottom,-402.57308927551236,2021
1637280000000,1637280060000,1637366460000,bottom,-734.8827726605915,2021
1637308800000,1637308860000,1637395260000,bottom,-546.9115823287633,2021
1637337600005,1637337660000,1637424060000,bottom,-4.848765175993629,2021
1637366400012,1637366460000,1637452860000,bottom,-281.9865867081843,2021
1637395200000,1637395260000,1637481660000,bottom,-179.07677038939627,2021
1637424000007,1637424060000,1637510460000,bottom,-391.4426634078054,2021
1637452800000,1637452860000,1637539260000,bottom,324.81864477074754,2021
1637481600006,1637481660000,1637568060000,bottom,357.7946950796458,2021
1637510400000,1637510460000,1637596860000,bottom,307.8231001941363,2021
1637539200004,1637539260000,1637625660000,bottom,414.0429473901515,2021
1637568000000,1637568060000,1637654460000,bottom,178.00209968743388,2021
1637596800000,1637596860000,1637683260000,bottom,-116.84774611515112,2021
1637625600004,1637625660000,1637712060000,bottom,-661.0412359512001,2021
1637654400010,1637654460000,1637740860000,bottom,-406.6891984926884,2021
1637683200005,1637683260000,1637769660000,bottom,12.894293732460106,2021
1637712000001,1637712060000,1637798460000,bottom,145.21499663938076,2021
1637740800003,1637740860000,1637827260000,bottom,-77.52921899322128,2021
1637769600010,1637769660000,1637856060000,bottom,-545.4339312932348,2021
1637798400000,1637798460000,1637884860000,bottom,-620.7219146393077,2021
1637827200010,1637827260000,1637913660000,bottom,-94.57331729930617,2021
1637942400016,1637942460000,1638028860000,bottom,-189.06833797128695,2021
1637971200005,1637971260000,1638057660000,bottom,-101.03658449287444,2021
1638000000008,1638000060000,1638086460000,bottom,120.71987281707288,2021
1638028800007,1638028860000,1638115260000,bottom,108.15044811086706,2021
1638057600018,1638057660000,1638144060000,bottom,-550.9968407632086,2021
1638086400000,1638086460000,1638172860000,bottom,-718.980654670515,2021
1638115200004,1638115260000,1638201660000,bottom,-654.3810531886744,2021
1638144000002,1638144060000,1638230460000,bottom,-336.5828926558405,2021
1638172800004,1638172860000,1638259260000,bottom,-133.94777097250164,2021
1638201600000,1638201660000,1638288060000,bottom,-689.988099514584,2021
1638230400000,1638230460000,1638316860000,bottom,-404.09892525372345,2021
1638259200006,1638259260000,1638345660000,bottom,-828.625850340136,2021
1638345600000,1638345660000,1638432060000,bottom,411.01441526445416,2021
1638374400001,1638374460000,1638460860000,bottom,393.6394639447045,2021
1638403200000,1638403260000,1638489660000,bottom,140.0446247818128,2021
1638432000007,1638432060000,1638518460000,bottom,-21.55493753489933,2021
1638460800008,1638460860000,1638547260000,bottom,168.82840072497032,2021
1638518400002,1638518460000,1638604860000,bottom,1491.7768052516408,2021
1638547200006,1638547260000,1638633660000,bottom,950.2540686653889,2021
1638576000006,1638576060000,1638662460000,bottom,181.34147315570016,2021
1638604800004,1638604860000,1638691260000,bottom,-829.4338384176651,2021
1638633600000,1638633660000,1638720060000,bottom,-117.25223435948328,2021
1638662400003,1638662460000,1638748860000,bottom,-205.69267101648347,2021
1638691200008,1638691260000,1638777660000,bottom,271.7993521341462,2021
1638720000007,1638720060000,1638806460000,bottom,-132.34115967456205,2021
1638748800009,1638748860000,1638835260000,bottom,-369.3101440035023,2021
1638777600001,1638777660000,1638864060000,bottom,-678.8424263377173,2021
1638806400000,1638806460000,1638892860000,bottom,-675.0891870560387,2021
1638835200018,1638835260000,1638921660000,bottom,75.82888860298965,2021
1638864000000,1638864060000,1638950460000,bottom,-56.60201031828448,2021
1638892800000,1638892860000,1638979260000,bottom,-55.73149247033603,2021
1638921600000,1638921660000,1639008060000,bottom,-304.24346140828385,2021
1638950400018,1638950460000,1639036860000,bottom,-30.620536664766483,2021
1638979200010,1638979260000,1639065660000,bottom,477.9594672764271,2021
1639008000010,1639008060000,1639094460000,bottom,707.6106983387472,2021
1639036800000,1639036860000,1639123260000,bottom,784.8846606557198,2021
1639065600000,1639065660000,1639152060000,bottom,416.1406206011327,2021
1639094400000,1639094460000,1639180860000,bottom,509.92734265547585,2021
1639123200008,1639123260000,1639209660000,bottom,108.70822517704505,2021
1639152000012,1639152060000,1639238460000,bottom,-131.09917155514836,2021
1639180800009,1639180860000,1639267260000,bottom,-480.2377361487979,2021
1639209600008,1639209660000,1639296060000,bottom,-213.82848851099357,2021
1639238400000,1639238460000,1639324860000,bottom,73.62721470638945,2021
1639267200001,1639267260000,1639353660000,bottom,-114.76652083756743,2021
1639296000015,1639296060000,1639382460000,bottom,145.99033499594418,2021
1639324800011,1639324860000,1639411260000,bottom,517.0326311236191,2021
1639353600006,1639353660000,1639440060000,bottom,838.7454948677249,2021
1639382400019,1639382460000,1639468860000,bottom,502.7151927596725,2021
1639411200000,1639411260000,1639497660000,bottom,56.203442961671584,2021
1639440000004,1639440060000,1639526460000,bottom,-228.41327814903045,2021
1639468800000,1639468860000,1639555260000,bottom,-216.337796848413,2021
1639497600015,1639497660000,1639584060000,bottom,322.1280104912767,2021
1639526400000,1639526460000,1639612860000,bottom,-457.30132245897545,2021
1639555200008,1639555260000,1639641660000,bottom,-442.5558899242226,2021
1639584000005,1639584060000,1639670460000,bottom,-1186.9766406023434,2021
1639612800006,1639612860000,1639699260000,bottom,150.11522592856608,2021
1639641600009,1639641660000,1639728060000,bottom,360.1662155249059,2021
1639670400000,1639670460000,1639756860000,bottom,609.513941706112,2021
1639699200000,1639699260000,1639785660000,bottom,183.00688930642363,2021
1639728000005,1639728060000,1639814460000,bottom,-58.090140990415975,2021
1639756800006,1639756860000,1639843260000,bottom,-316.024464895696,2021
1639785600014,1639785660000,1639872060000,bottom,-193.94461261029215,2021
1639814400012,1639814460000,1639900860000,bottom,-241.16297993444988,2021
1639843200000,1639843260000,1639929660000,bottom,53.075473850451985,2021
1639872000031,1639872060000,1639958460000,bottom,49.08836926814387,2021
1639900800000,1639900860000,1639987260000,bottom,389.1966406140119,2021
1639929600003,1639929660000,1640016060000,bottom,275.73930353337397,2021
1639958400015,1639958460000,1640044860000,bottom,-91.41928911775054,2021
1639987200007,1639987260000,1640073660000,bottom,-481.13807921196394,2021
1640016000005,1640016060000,1640102460000,bottom,-455.9657171692748,2021
1640044800003,1640044860000,1640131260000,bottom,-170.35305920794985,2021
1640073600012,1640073660000,1640160060000,bottom,-139.08625776319838,2021
1640102400005,1640102460000,1640188860000,bottom,-98.97399936571392,2021
1640131200000,1640131260000,1640217660000,bottom,72.51534981860887,2021
1640160000001,1640160060000,1640246460000,bottom,355.5856699434774,2021
1640188800006,1640188860000,1640275260000,bottom,129.90751583581607,2021
1640217600011,1640217660000,1640304060000,bottom,-334.84474307070286,2021
1640246400000,1640246460000,1640332860000,bottom,-490.61538461538424,2021
1640275200000,1640275260000,1640361660000,bottom,-386.13730792994727,2021
1640304000005,1640304060000,1640390460000,bottom,161.316147859923,2021
1640332800000,1640332860000,1640419260000,bottom,68.11205419640378,2021
1640361600011,1640361660000,1640448060000,bottom,12.293688538198133,2021
1640390400000,1640390460000,1640476860000,bottom,-133.90366122017537,2021
1640419200001,1640419260000,1640505660000,bottom,39.57411661932821,2021
1640448000005,1640448060000,1640534460000,bottom,59.31216786160999,2021
1640476800004,1640476860000,1640563260000,bottom,37.34100554013199,2021
1640505600002,1640505660000,1640592060000,bottom,-61.66016146399377,2021
1640534400000,1640534460000,1640620860000,bottom,-112.85779667202499,2021
1640563200002,1640563260000,1640649660000,bottom,77.65650446481321,2021
1640592000005,1640592060000,1640678460000,bottom,322.23633584619614,2021
1640620800000,1640620860000,1640707260000,bottom,462.850913583744,2021
1640649600000,1640649660000,1640736060000,bottom,566.3110608226136,2021
1640678400012,1640678460000,1640764860000,bottom,284.1608008871495,2021
1640707200000,1640707260000,1640793660000,bottom,260.06849020030097,2021
1640736000006,1640736060000,1640822460000,bottom,407.76275811928286,2021
1640764800003,1640764860000,1640851260000,bottom,197.58976763050453,2021
1640793600004,1640793660000,1640880060000,bottom,205.41722489804195,2021
1640822400003,1640822460000,1640908860000,bottom,-204.9188416160168,2021
1640851200001,1640851260000,1640937660000,bottom,-11.632263636681005,2021
1640880000017,1640880060000,1640966460000,bottom,-209.22911051212955,2021
1640908800006,1640908860000,1640995260000,bottom,43.94058593665663,2021
1640937600009,1640937660000,1641024060000,bottom,-5.953172307072029,2021
1640966400000,1640966460000,1641052860000,bottom,126.86182692078842,2021
1640995200006,1640995260000,1641081660000,bottom,-234.4638916409918,2022
1641024000009,1641024060000,1641110460000,bottom,-97.17262629418343,2022
1641052800000,1641052860000,1641139260000,bottom,-147.64975932853352,2022
1641081600028,1641081660000,1641168060000,bottom,-164.666486068729,2022
1641110400000,1641110460000,1641196860000,bottom,-198.9002575033931,2022
1641139200000,1641139260000,1641225660000,bottom,-10.692237873082698,2022
1641168000010,1641168060000,1641254460000,bottom,120.51072736787029,2022
1641196800013,1641196860000,1641283260000,bottom,115.14190397759205,2022
1641225600018,1641225660000,1641312060000,bottom,-173.5398306924256,2022
1641254400000,1641254460000,1641340860000,bottom,-62.13570290060687,2022
1641283200010,1641283260000,1641369660000,bottom,-158.56826140790025,2022
1641312000002,1641312060000,1641398460000,bottom,38.76171766097515,2022
1641340800001,1641340860000,1641427260000,bottom,660.2874939953647,2022
1641369600017,1641369660000,1641456060000,bottom,942.0165844689539,2022
1641398400000,1641398460000,1641484860000,bottom,1085.8334101672192,2022
1641427200002,1641427260000,1641513660000,bottom,325.2607980709084,2022
1641456000021,1641456060000,1641542460000,bottom,726.8297664073771,2022
1641484800006,1641484860000,1641571260000,bottom,728.4062721646196,2022
1641513600005,1641513660000,1641600060000,bottom,594.2498388703339,2022
1641715200000,1641715260000,1641801660000,bottom,-130.4102318298754,2022
1641744000000,1641744060000,1641830460000,bottom,315.3870967741941,2022
1641772800000,1641772860000,1641859260000,bottom,180.7657692882321,2022
1641801600010,1641801660000,1641888060000,bottom,91.05767748619776,2022
1641830400007,1641830460000,1641916860000,bottom,-466.41820080123006,2022
1641888000004,1641888060000,1641974460000,bottom,-281.15656543085277,2022
1641916800000,1641916860000,1642003260000,bottom,-750.7433429497817,2022
1641945600012,1641945660000,1642032060000,bottom,-401.915474967373,2022
1642003200000,1642003260000,1642089660000,bottom,178.2493891890942,2022
1642032000007,1642032060000,1642118460000,bottom,355.9248566931013,2022
1642089600014,1642089660000,1642176060000,bottom,48.70266993969042,2022
1642176000014,1642176060000,1642262460000,bottom,-283.16660821406424,2022
1642291200000,1642291260000,1642377660000,bottom,-95.49532485276279,2022
1642377600005,1642377660000,1642464060000,bottom,395.8245655931243,2022
1642406400006,1642406460000,1642492860000,bottom,264.3640878864435,2022
1642435200012,1642435260000,1642521660000,bottom,360.85949331126477,2022
1642492800000,1642492860000,1642579260000,bottom,368.0727446396699,2022
1642579200000,1642579260000,1642665660000,bottom,-259.11277212973414,2022
1642723200007,1642723260000,1642809660000,bottom,1398.9088536117617,2022
1642752000015,1642752060000,1642838460000,bottom,1387.5998220102422,2022
1642924800010,1642924860000,1643011260000,bottom,383.4580096070157,2022
1642953600009,1642953660000,1643040060000,bottom,661.7596329897752,2022
1643011200000,1643011260000,1643097660000,bottom,-1.9977674168773927,2022
1643068800000,1643068860000,1643155260000,bottom,-88.89283426675541,2022
1643126400012,1643126460000,1643212860000,bottom,-764.2406736382827,2022
1643155200000,1643155260000,1643241660000,bottom,-25.125963842655295,2022
1643184000001,1643184060000,1643270460000,bottom,249.6427835093391,2022
1643212800005,1643212860000,1643299260000,bottom,465.88562072663,2022
1643241600004,1643241660000,1643328060000,bottom,135.28046571271446,2022
1643299200019,1643299260000,1643385660000,bottom,150.06877646840456,2022
1643328000000,1643328060000,1643414460000,bottom,-513.2189372587586,2022
1643356800000,1643356860000,1643443260000,bottom,-766.6728796827675,2022
1643385600025,1643385660000,1643472060000,bottom,-453.6294487290531,2022
1643414400017,1643414460000,1643500860000,bottom,-239.85393886435324,2022
1643472000013,1643472060000,1643558460000,bottom,-290.3143409816471,2022
1643529600009,1643529660000,1643616060000,bottom,358.02471772962986,2022
1643616000000,1643616060000,1643702460000,bottom,-847.0196864587735,2022
1643644800000,1643644860000,1643731260000,bottom,-613.1959768270117,2022
1643702400000,1643702460000,1643788860000,bottom,-51.37661511229451,2022
1643731200004,1643731260000,1643817660000,bottom,412.8398205967605,2022
1643760000004,1643760060000,1643846460000,bottom,380.7892269562825,2022
1643846400002,1643846460000,1643932860000,bottom,-51.71471247199454,2022
1643875200000,1643875260000,1643961660000,bottom,-603.5188320598654,2022
1643904000000,1643904060000,1643990460000,bottom,-932.0046481247995,2022
1644537600000,1644537660000,1644624060000,bottom,457.3153517497792,2022
1645171200002,1645171260000,1645257660000,bottom,318.1580296176552,2022
1645430400001,1645430460000,1645516860000,bottom,820.7627840236582,2022
1645718400001,1645718460000,1645804860000,bottom,-1158.8608603876908,2022
1646006400000,1646006460000,1646092860000,bottom,-1187.072361524512,2022
1646035200001,1646035260000,1646121660000,bottom,-1120.2412808709432,2022
1646524800004,1646524860000,1646611260000,bottom,402.0233219503573,2022
1646697600008,1646697660000,1646784060000,bottom,-352.6700496202222,2022
1647216000014,1647216060000,1647302460000,bottom,-325.3031014850498,2022
1649232000021,1649232060000,1649318460000,bottom,351.22592203767965,2022
1649318400000,1649318460000,1649404860000,bottom,-203.6439325738042,2022
1649376000000,1649376060000,1649462460000,bottom,79.29880119725354,2022
1649779200013,1649779260000,1649865660000,bottom,-166.14925618476371,2022
1649836800008,1649836860000,1649923260000,bottom,-215.17986168269653,2022
1649980800008,1649980860000,1650067260000,bottom,-95.81450516810517,2022
1650096000007,1650096060000,1650182460000,bottom,-29.241589084120655,2022
1650297600000,1650297660000,1650384060000,bottom,-688.1600019213668,2022
1650499200000,1650499260000,1650585660000,bottom,279.95968348311817,2022
1650528000000,1650528060000,1650614460000,bottom,263.3014440433219,2022
1650585600008,1650585660000,1650672060000,bottom,66.05016969160339,2022
1650614400008,1650614460000,1650700860000,bottom,183.2238153807382,2022
1650700800000,1650700860000,1650787260000,bottom,16.53894645707711,2022
1650758400004,1650758460000,1650844860000,bottom,12.03988915129807,2022
1650902400000,1650902460000,1650988860000,bottom,-8.86816060213612,2022
1651017600012,1651017660000,1651104060000,bottom,-272.907050517494,2022
1651046400000,1651046460000,1651132860000,bottom,-83.65377771148474,2022
1651392000000,1651392060000,1651478460000,bottom,-310.58518231776344,2022
1652313600014,1652313660000,1652400060000,bottom,567.8225362232066,2022
1652342400000,1652342460000,1652428860000,bottom,-708.0163285708322,2022
1652371200007,1652371260000,1652457660000,bottom,-631.9410091817683,2022
1652400000014,1652400060000,1652486460000,bottom,-255.67463433488524,2022
1652428800001,1652428860000,1652515260000,bottom,81.28446575942762,2022
1652774400010,1652774460000,1652860860000,bottom,152.07440713612309,2022
1653580800000,1653580860000,1653667260000,bottom,514.4412944580075,2022
1654876800006,1654876860000,1654963260000,bottom,1180.3559135423309,2022
1654905600018,1654905660000,1654992060000,bottom,773.5613353803545,2022
1654934400014,1654934460000,1655020860000,bottom,1185.0407673860914,2022
1654963200000,1654963260000,1655049660000,bottom,-16.63228897268375,2022
1655020800019,1655020860000,1655107260000,bottom,1282.2534059945497,2022
1655280000016,1655280060000,1655366460000,bottom,-694.116701530331,2022
1655395200000,1655395260000,1655481660000,bottom,238.0849809475878,2022
1655424000008,1655424060000,1655510460000,bottom,-174.0247780301456,2022
1655481600000,1655481660000,1655568060000,bottom,861.75022818,2022
1655539200025,1655539260000,1655625660000,bottom,451.55753060776084,2022
1655596800012,1655596860000,1655683260000,bottom,-1318.4437757046844,2022
1655625600012,1655625660000,1655712060000,bottom,-1324.2769282332715,2022
1656604800000,1656604860000,1656691260000,bottom,-261.63567583296896,2022
1656633600001,1656633660000,1656720060000,bottom,36.20834115394668,2022
1656921600001,1656921660000,1657008060000,bottom,-1025.3375662785938,2022
1657641600000,1657641660000,1657728060000,bottom,127.63752696972008,2022
1657670400012,1657670460000,1657756860000,bottom,-728.0794362834768,2022
1657699200022,1657699260000,1657785660000,bottom,-277.7829144225012,2022
1657728000005,1657728060000,1657814460000,bottom,-800.3780010376886,2022
1657756800017,1657756860000,1657843260000,bottom,-730.6217430368382,2022
1660060800000,1660060860000,1660147260000,bottom,-921.4990799767324,2022
1660089600000,1660089660000,1660176060000,bottom,-913.2147751668966,2022
1661270400005,1661270460000,1661356860000,bottom,-301.3517617690324,2022
1661385600003,1661385660000,1661472060000,bottom,-233.86454072538965,2022
1661558400010,1661558460000,1661644860000,bottom,86.8321812187607,2022
1661616000008,1661616060000,1661702460000,bottom,-137.02547510943063,2022
1661644800019,1661644860000,1661731260000,bottom,390.95262906983686,2022
1661673600000,1661673660000,1661760060000,bottom,263.3136203831195,2022
1661731200000,1661731260000,1661817660000,bottom,-864.2449265220436,2022
1661760000000,1661760060000,1661846460000,bottom,-927.1406180180801,2022
1661904000000,1661904060000,1661990460000,bottom,-174.99675256652012,2022
1662163200000,1662163260000,1662249660000,bottom,93.34021379016467,2022
1662422400018,1662422460000,1662508860000,bottom,363.12880342091637,2022
1662451200020,1662451260000,1662537660000,bottom,845.318980217767,2022
1662508800013,1662508860000,1662595260000,bottom,-483.09616310804256,2022
1662537600022,1662537660000,1662624060000,bottom,-638.6703934184161,2022
1662566400021,1662566460000,1662652860000,bottom,-553.1664777695015,2022
1662739200000,1662739260000,1662825660000,bottom,-11.552518866000826,2022
1662796800000,1662796860000,1662883260000,bottom,-313.65287330753875,2022
1662825600012,1662825660000,1662912060000,bottom,-312.02463235079733,2022
1662883200012,1662883260000,1662969660000,bottom,10.381926683716415,2022
1662912000005,1662912060000,1662998460000,bottom,322.7746609613076,2022
1662940800007,1662940860000,1663027260000,bottom,242.6242555341691,2022
1662969600013,1662969660000,1663056060000,bottom,215.14636995003514,2022
1662998400000,1662998460000,1663084860000,bottom,685.4833827302227,2022
1663027200004,1663027260000,1663113660000,bottom,836.2269641577276,2022
1663056000000,1663056060000,1663142460000,bottom,614.3418562207355,2022
1663084800000,1663084860000,1663171260000,bottom,-28.170193470375292,2022
1663113600000,1663113660000,1663200060000,bottom,-376.2422335723652,2022
1663142400000,1663142460000,1663228860000,bottom,-151.25477996304082,2022
1663171200000,1663171260000,1663257660000,bottom,636.906552459295,2022
1663200000019,1663200060000,1663286460000,bottom,939.3525904984319,2022
1663228800012,1663228860000,1663315260000,bottom,964.1561293569586,2022
1663804800000,1663804860000,1663891260000,bottom,-637.3716260090905,2022
1663833600000,1663833660000,1663920060000,bottom,-431.85999342692116,2022
1665619200013,1665619260000,1665705660000,bottom,44.41988130563802,2022
1667059200010,1667059260000,1667145660000,top,-293.7357098201692,2022
1667145600009,1667145660000,1667232060000,top,-141.8138596380607,2022
1667203200000,1667203260000,1667289660000,top,-16.7670171555072,2022
1667548800004,1667548860000,1667635260000,top,386.82912784067616,2022
1667577600020,1667577660000,1667664060000,top,31.07436656390862,2022
1667606400009,1667606460000,1667692860000,top,-131.01454775458586,2022
1667721600000,1667721660000,1667808060000,top,-472.5182445759373,2022
1667836800006,1667836860000,1667923260000,top,-806.9681605553052,2022
1667952000000,1667952060000,1668038460000,bottom,1766.102358133575,2022
1668009600004,1668009660000,1668096060000,bottom,-1367.8196686033998,2022
1668038400006,1668038460000,1668124860000,bottom,-1852.7923097258806,2022
1668067200000,1668067260000,1668153660000,bottom,-738.3026012678433,2022
1668211200007,1668211260000,1668297660000,top,-245.8619713710335,2022
1668268800000,1668268860000,1668355260000,top,-365.3136005524342,2022
1668988800006,1668988860000,1669075260000,bottom,307.90924275682266,2022
1669737600000,1669737660000,1669824060000,top,472.0835319036272,2022
1669766400007,1669766460000,1669852860000,top,634.3979209158485,2022
1669795200000,1669795260000,1669881660000,top,38.88843134327203,2022
1669824000015,1669824060000,1669910460000,top,13.300199622846133,2022
1669910400000,1669910460000,1669996860000,top,34.78624542628884,2022
1669939200001,1669939260000,1670025660000,top,141.51026806709612,2022
1670544000017,1670544060000,1670630460000,top,-148.32625886912854,2022
1670918400018,1670918460000,1671004860000,top,427.8545890973413,2022
1670947200011,1670947260000,1671033660000,top,96.72142399215723,2022
1673683200001,1673683260000,1673769660000,top,-175.02376129384922,2023
1673712000000,1673712060000,1673798460000,top,184.79687632962106,2023
1673740800010,1673740860000,1673827260000,top,5.608728464262093,2023
1673769600002,1673769660000,1673856060000,top,223.51478748504917,2023
1673798400000,1673798460000,1673884860000,top,-60.9173202572426,2023
1673827200010,1673827260000,1673913660000,top,129.23696221762992,2023
1674432000014,1674432060000,1674518460000,top,-22.661518898697153,2023
1676563200001,1676563260000,1676649660000,top,-315.3651087459501,2023
1677628800016,1677628860000,1677715260000,bottom,-383.6850761611059,2023
1677830400013,1677830460000,1677916860000,bottom,-22.935523813171642,2023
1677916800008,1677916860000,1678003260000,bottom,-12.342027063219506,2023
1678204800017,1678204860000,1678291260000,bottom,-18.809295406160707,2023
1678406400000,1678406460000,1678492860000,bottom,54.21776727916284,2023
1678435200000,1678435260000,1678521660000,bottom,-70.27613579984202,2023
1678464000005,1678464060000,1678550460000,bottom,-106.245705803351,2023
1678521600003,1678521660000,1678608060000,bottom,-289.15435144202405,2023
1678579200001,1678579260000,1678665660000,bottom,-767.0071300277585,2023
1678636800005,1678636860000,1678723260000,bottom,-1493.7904088677406,2023
1678838400011,1678838460000,1678924860000,top,-318.96120385610226,2023
1678867200000,1678867260000,1678953660000,top,-303.52184317957983,2023
1679472000003,1679472060000,1679558460000,bottom,202.13132199486907,2023
1679529600016,1679529660000,1679616060000,bottom,-477.7331702758529,2023
1679702400015,1679702460000,1679788860000,bottom,35.509478835555456,2023
1679731200011,1679731260000,1679817660000,bottom,-39.86744650532103,2023
1679760000011,1679760060000,1679846460000,bottom,-56.909650397471296,2023
1679788800000,1679788860000,1679875260000,bottom,-201.81959207124333,2023
1679817600015,1679817660000,1679904060000,bottom,-9.148097197882331,2023
1679875200019,1679875260000,1679961660000,bottom,318.90284741059884,2023
1679904000009,1679904060000,1679990460000,bottom,135.96801900584833,2023
1679932800000,1679932860000,1680019260000,bottom,-204.23614311278524,2023
1679961600007,1679961660000,1680048060000,bottom,-352.70817193260905,2023
1680163200000,1680163260000,1680249660000,bottom,45.05261000349049,2023
1680480000000,1680480060000,1680566460000,bottom,-108.58585227652972,2023
1680508800013,1680508860000,1680595260000,bottom,-109.78682833596197,2023
1680537600011,1680537660000,1680624060000,bottom,-376.98631143980356,2023
1680796800000,1680796860000,1680883260000,bottom,64.43597596764451,2023
1680940800014,1680940860000,1681027260000,bottom,177.9941845859463,2023
1680998400013,1680998460000,1681084860000,bottom,-56.965135470045546,2023
1681027200024,1681027260000,1681113660000,bottom,-149.69704136852323,2023
1681113600010,1681113660000,1681200060000,bottom,-345.58231489297754,2023
1681257600006,1681257660000,1681344060000,bottom,-157.27072185791545,2023
1681920000000,1681920060000,1682006460000,bottom,173.90301844746838,2023
1681977600012,1681977660000,1682064060000,bottom,93.7112639901423,2023
1682150400000,1682150460000,1682236860000,bottom,-136.47655595492233,2023
1682208000009,1682208060000,1682294460000,bottom,48.09886694930611,2023
1682553600014,1682553660000,1682640060000,bottom,-261.44260974627343,2023
1682841600000,1682841660000,1682928060000,bottom,273.5058473538428,2023
1682899200004,1682899260000,1682985660000,bottom,201.30511811023612,2023
1683763200011,1683763260000,1683849660000,bottom,228.48355352579742,2023
1683907200010,1683907260000,1683993660000,bottom,-173.5190062787588,2023
1684022400029,1684022460000,1684108860000,bottom,-37.857169135066414,2023
1684108800006,1684108860000,1684195260000,bottom,-118.32132748333211,2023
1684137600005,1684137660000,1684224060000,bottom,26.36073086830183,2023
1684166400008,1684166460000,1684252860000,bottom,30.496256403520064,2023
1684195200021,1684195260000,1684281660000,bottom,-45.97490437797601,2023
1684310400000,1684310460000,1684396860000,bottom,-151.34847603052992,2023
1685203200008,1685203260000,1685289660000,bottom,-122.90198272929696,2023
1685260800015,1685260860000,1685347260000,bottom,-307.7400809234147,2023
1686009600000,1686009660000,1686096060000,bottom,-416.9366758552877,2023
1686787200000,1686787260000,1686873660000,bottom,-105.62184614078583,2023
1686816000000,1686816060000,1686902460000,bottom,-208.8677900747997,2023
1686873600000,1686873660000,1686960060000,bottom,-338.76506357103307,2023
1686902400000,1686902460000,1686988860000,bottom,-452.7791741472169,2023
1686931200000,1686931260000,1687017660000,bottom,-300.99188444111013,2023
1687046400000,1687046460000,1687132860000,bottom,29.022084283911298,2023
1687075200000,1687075260000,1687161660000,bottom,27.61128128070346,2023
1687248000000,1687248060000,1687334460000,bottom,-495.3709500179297,2023
1688832000000,1688832060000,1688918460000,bottom,-44.23862688655177,2023
1689206400000,1689206460000,1689292860000,bottom,-725.5634404348925,2023
1689264000000,1689264060000,1689350460000,bottom,-345.3340227507755,2023
1689811200000,1689811260000,1689897660000,bottom,-24.74801982294815,2023
1690012800000,1690012860000,1690099260000,bottom,71.0760079312618,2023
1692316800000,1692316860000,1692403260000,bottom,100.79675377644382,2023
1692403200000,1692403260000,1692489660000,bottom,-64.89717565850194,2023
1692432000000,1692432060000,1692518460000,bottom,-39.65291485761456,2023
1692460800000,1692460860000,1692547260000,bottom,49.29528081332136,2023
1692489600000,1692489660000,1692576060000,bottom,-106.34954993827316,2023
1692518400000,1692518460000,1692604860000,bottom,-48.236496104846914,2023
1692547200000,1692547260000,1692633660000,bottom,64.84480683920225,2023
1692576000000,1692576060000,1692662460000,bottom,86.35212313027286,2023
1692604800000,1692604860000,1692691260000,bottom,11.61969124680541,2023
1692691200000,1692691260000,1692777660000,bottom,117.1880742478888,2023
1692720000000,1692720060000,1692806460000,bottom,-61.54511934795147,2023
1692748800000,1692748860000,1692835260000,bottom,-286.87967597068086,2023
1692864000000,1692864060000,1692950460000,bottom,124.59020310633241,2023
1692892800000,1692892860000,1692979260000,bottom,-36.957568081063414,2023
1692921600000,1692921660000,1693008060000,bottom,30.07992195685884,2023
1692950400000,1692950460000,1693036860000,bottom,-16.786527744125245,2023
1693065600000,1693065660000,1693152060000,bottom,-40.35405307161109,2023
1693209600001,1693209660000,1693296060000,bottom,-47.76916278077458,2023
1693324800000,1693324860000,1693411260000,bottom,56.22168823670016,2023
1693555200000,1693555260000,1693641660000,bottom,75.49130300066277,2023
1693641600000,1693641660000,1693728060000,bottom,-38.398617003016376,2023
1693728000000,1693728060000,1693814460000,bottom,-34.058463081420456,2023
1693814400000,1693814460000,1693900860000,bottom,72.48153799206581,2023
1693987200000,1693987260000,1694073660000,bottom,-55.45402288262101,2023
1694476800000,1694476860000,1694563260000,bottom,-283.0418165641573,2023
1694505600000,1694505660000,1694592060000,bottom,-37.4918664952799,2023
1694592000000,1694592060000,1694678460000,bottom,-245.14631896802075,2023
1694649600000,1694649660000,1694736060000,bottom,-134.6642135345648,2023
1694764800000,1694764860000,1694851260000,bottom,-74.19725515273633,2023
1696060800000,1696060860000,1696147260000,bottom,-51.86338078717533,2023
1698883200001,1698883260000,1698969660000,top,-275.15166261151626,2023
1698912000000,1698912060000,1698998460000,top,-217.07363531791302,2023
1699545600000,1699545660000,1699632060000,top,193.83392814423874,2023
1699574400000,1699574460000,1699660860000,top,-226.37512540447477,2023
1699603200000,1699603260000,1699689660000,top,-246.87164054415777,2023
1699632000000,1699632060000,1699718460000,top,-108.84226435308219,2023
1699660800000,1699660860000,1699747260000,top,-120.49458143250467,2023
1699689600000,1699689660000,1699776060000,top,-4.5233078029609395,2023
1699718400000,1699718460000,1699804860000,top,-69.7698900536463,2023
1699747200000,1699747260000,1699833660000,top,-58.45719900190159,2023
1699804800001,1699804860000,1699891260000,top,220.52749749934608,2023
1699833600000,1699833660000,1699920060000,top,42.82123540993844,2023
1699862400000,1699862460000,1699948860000,top,42.904067641234676,2023
1699891200000,1699891260000,1699977660000,top,-335.95316354803214,2023
1699920000000,1699920060000,1700006460000,top,-389.5343956471058,2023
1699948800000,1699948860000,1700035260000,top,-380.9351124126652,2023
1701993600000,1701993660000,1702080060000,top,-5.267523240681125,2023
1702022400000,1702022460000,1702108860000,top,100.93277916790223,2023
1702051200000,1702051260000,1702137660000,top,48.72740813243472,2023
1702080000000,1702080060000,1702166460000,top,-82.6976667358452,2023
1702108800000,1702108860000,1702195260000,top,-137.43815513626845,2023
1702137600000,1702137660000,1702224060000,top,-54.85274825657015,2023
1702166400000,1702166460000,1702252860000,top,22.33494679830207,2023
1702195200000,1702195260000,1702281660000,top,-519.2301788109826,2023
1702224000000,1702224060000,1702310460000,top,-583.5286059458238,2023
1702252800000,1702252860000,1702339260000,top,-560.7903474591751,2023
1702425600000,1702425660000,1702512060000,top,255.2853998665812,2023
1702454400000,1702454460000,1702540860000,top,485.88507332321853,2023
1702857600000,1702857660000,1702944060000,top,62.60119672332044,2023
1703088000000,1703088060000,1703174460000,top,-81.59279010238761,2023
1703116800000,1703116860000,1703203260000,top,174.15470295905357,2023
1703145600000,1703145660000,1703232060000,top,268.3778714578773,2023
1703174400000,1703174460000,1703260860000,top,378.3884690585799,2023
1703203200000,1703203260000,1703289660000,top,361.42357767076817,2023
1703232000000,1703232060000,1703318460000,top,10.02897508528623,2023
1703260800000,1703260860000,1703347260000,top,-164.5555962165206,2023
1703289600000,1703289660000,1703376060000,top,-79.40610227760979,2023
1703347200000,1703347260000,1703433660000,top,12.095394621812318,2023
1703404800000,1703404860000,1703491260000,top,-76.01172300269175,2023
1703433600000,1703433660000,1703520060000,top,-41.37898532085392,2023
1703491200000,1703491260000,1703577660000,top,-191.81867578107847,2023
1703520000000,1703520060000,1703606460000,top,-247.62259284355758,2023
1703548800000,1703548860000,1703635260000,top,-196.28765731328033,2023
1703577600000,1703577660000,1703664060000,top,-66.82129983225747,2023
1703606400000,1703606460000,1703692860000,top,495.6217116306545,2023
1703635200000,1703635260000,1703721660000,top,651.0865410033657,2023
1703664000000,1703664060000,1703750460000,top,674.4395967134304,2023
1703692800000,1703692860000,1703779260000,top,35.61965364204124,2023
1703721600000,1703721660000,1703808060000,top,-145.78844950069936,2023
1703750400000,1703750460000,1703836860000,top,-207.35509697127384,2023
1703779200000,1703779260000,1703865660000,top,-133.38919521426118,2023
1703808000001,1703808060000,1703894460000,top,-227.71160002724542,2023
1703836800000,1703836860000,1703923260000,top,-191.31376492233997,2023
1703865600000,1703865660000,1703952060000,top,-74.78049533744579,2023
1703894400001,1703894460000,1703980860000,top,-32.14021472446026,2023
1703923200000,1703923260000,1704009660000,top,-6.246238554489679,2023
1704009600001,1704009660000,1704096060000,top,-58.83250922766246,2023
1704038400000,1704038460000,1704124860000,top,50.763857337080125,2023
1704067200000,1704067260000,1704153660000,top,282.4678684174804,2024
1704096000000,1704096060000,1704182460000,top,437.5246115235616,2024
1704124800000,1704124860000,1704211260000,top,180.551857478249,2024
1704153600000,1704153660000,1704240060000,top,14.10852185745949,2024
1704182400000,1704182460000,1704268860000,top,-119.37941190005063,2024
1704211200000,1704211260000,1704297660000,top,-540.754720176107,2024
1705104000000,1705104060000,1705190460000,bottom,-220.88999912904958,2024
1705132800000,1705132860000,1705219260000,bottom,-16.980111675765507,2024
1705161600001,1705161660000,1705248060000,bottom,85.39466698888677,2024
1705190400000,1705190460000,1705276860000,bottom,376.22744197592,2024
1705219200000,1705219260000,1705305660000,bottom,125.86671893375103,2024
1705248000001,1705248060000,1705334460000,bottom,78.20363539013343,2024
1705276800000,1705276860000,1705363260000,bottom,-155.2236693937352,2024
1705305600000,1705305660000,1705392060000,bottom,-61.19081468759434,2024
1705334400000,1705334460000,1705420860000,bottom,-186.25553423057204,2024
1705363200000,1705363260000,1705449660000,bottom,-315.4383392634001,2024
1705392000000,1705392060000,1705478460000,bottom,-110.15422663115768,2024
1705420800001,1705420860000,1705507260000,bottom,62.641822528477064,2024
1705449600000,1705449660000,1705536060000,bottom,213.9821972214069,2024
1705478400000,1705478460000,1705564860000,bottom,36.87223543889907,2024
1705507200000,1705507260000,1705593660000,bottom,47.84211562231812,2024
1705536000001,1705536060000,1705622460000,bottom,228.86872121295877,2024
1705564800000,1705564860000,1705651260000,bottom,271.75818098018345,2024
1705593600000,1705593660000,1705680060000,bottom,225.24297817898065,2024
1705622400000,1705622460000,1705708860000,bottom,-108.4520081688216,2024
1705651200000,1705651260000,1705737660000,bottom,-66.51483189171013,2024
1705680000002,1705680060000,1705766460000,bottom,-11.118775438981197,2024
1705708800000,1705708860000,1705795260000,bottom,63.11050364679339,2024
1705737600003,1705737660000,1705824060000,bottom,-0.6877511174212412,2024
1705766400000,1705766460000,1705852860000,bottom,-33.44372280314299,2024
1705795200000,1705795260000,1705881660000,bottom,44.616030614637715,2024
1705824000000,1705824060000,1705910460000,bottom,219.1941089504852,2024
1705852800000,1705852860000,1705939260000,bottom,348.51524322309604,2024
1705881600000,1705881660000,1705968060000,bottom,557.3460262946957,2024
1705910400000,1705910460000,1705996860000,bottom,373.6520437240738,2024
1705939200000,1705939260000,1706025660000,bottom,657.2963936052596,2024
1705968000000,1705968060000,1706054460000,bottom,314.8565115315556,2024
1705996800000,1705996860000,1706083260000,bottom,366.82576070494144,2024
1706025600000,1706025660000,1706112060000,bottom,-78.48443991816654,2024
1706054400000,1706054460000,1706140860000,bottom,21.164129018439013,2024
1706083200000,1706083260000,1706169660000,bottom,20.30769574844006,2024
1706112000000,1706112060000,1706198460000,bottom,186.31789384136522,2024
1706140800000,1706140860000,1706227260000,bottom,52.90430981979745,2024
1706169600001,1706169660000,1706256060000,bottom,122.71576944137786,2024
1706198400000,1706198460000,1706284860000,bottom,-321.44136957385757,2024
1706227200001,1706227260000,1706313660000,bottom,-226.92998512240314,2024
1706256000000,1706256060000,1706342460000,bottom,-281.574356547382,2024
1706284800000,1706284860000,1706371260000,bottom,-74.72695035460818,2024
1706313600000,1706313660000,1706400060000,bottom,-13.24955745961963,2024
1706342400000,1706342460000,1706428860000,bottom,-133.13203800879126,2024
1706371200000,1706371260000,1706457660000,bottom,-11.664889632992269,2024
1706400000000,1706400060000,1706486460000,bottom,34.9148669409667,2024
1706428800000,1706428860000,1706515260000,bottom,89.58269096005456,2024
1706457600000,1706457660000,1706544060000,bottom,-42.248214104715785,2024
1706486400000,1706486460000,1706572860000,bottom,-280.36144236229507,2024
1706515200001,1706515260000,1706601660000,bottom,-232.3620632426786,2024
1706544000000,1706544060000,1706630460000,bottom,-318.66957874475844,2024
1706572800000,1706572860000,1706659260000,bottom,-149.86158021191562,2024
1706601600000,1706601660000,1706688060000,bottom,-149.8661521337101,2024
1706630400001,1706630460000,1706716860000,bottom,57.77247740851378,2024
1706659200000,1706659260000,1706745660000,bottom,241.75981855079255,2024
1706688000000,1706688060000,1706774460000,bottom,284.38564945775414,2024
1706716800000,1706716860000,1706803260000,bottom,151.28641627435502,2024
1706745600000,1706745660000,1706832060000,bottom,-96.21143959712407,2024
1706774400000,1706774460000,1706860860000,bottom,-202.6867245411672,2024
1706803200002,1706803260000,1706889660000,bottom,-126.15932914046212,2024
1706832000000,1706832060000,1706918460000,bottom,-28.928223020709286,2024
1706860800000,1706860860000,1706947260000,bottom,-17.760909880816676,2024
1706889600000,1706889660000,1706976060000,bottom,35.02214850903697,2024
1706918400000,1706918460000,1707004860000,bottom,42.027385388682795,2024
1706947200000,1706947260000,1707033660000,bottom,93.51294217290041,2024
1706976000001,1706976060000,1707062460000,bottom,2.2765361794847685,2024
1707004800000,1707004860000,1707091260000,bottom,16.284939887661455,2024
1707033600004,1707033660000,1707120060000,bottom,-113.02763338371257,2024
1707062400000,1707062460000,1707148860000,bottom,14.084758584110414,2024
1707091200000,1707091260000,1707177660000,bottom,-67.14871149340928,2024
1707120000000,1707120060000,1707206460000,bottom,-82.38442340382223,2024
1707148800000,1707148860000,1707235260000,bottom,-234.29715919990255,2024
1707177600000,1707177660000,1707264060000,bottom,-327.2064971653148,2024
1707206400001,1707206460000,1707292860000,bottom,-157.05721429369368,2024
1707235200000,1707235260000,1707321660000,bottom,-113.86136290924597,2024
1707264000000,1707264060000,1707350460000,bottom,-235.02591774446623,2024
1707292800000,1707292860000,1707379260000,bottom,-269.09944770101265,2024
1707321600000,1707321660000,1707408060000,bottom,-374.1868511526152,2024
1707350400000,1707350460000,1707436860000,bottom,2.4566620610018255,2024
1707379200000,1707379260000,1707465660000,bottom,-145.9142433516296,2024
1707408000000,1707408060000,1707494460000,bottom,-180.45331724379764,2024
1707436800000,1707436860000,1707523260000,bottom,-288.8537528505812,2024
1707465600000,1707465660000,1707552060000,bottom,-185.00044431581418,2024
1707494400001,1707494460000,1707580860000,bottom,6.410863872771799,2024
1707523200001,1707523260000,1707609660000,bottom,-66.51116766984643,2024
1707552000000,1707552060000,1707638460000,bottom,-144.9334872312795,2024
1707580800000,1707580860000,1707667260000,bottom,-87.61332111802233,2024
1707609600000,1707609660000,1707696060000,bottom,-39.27848329100246,2024
1707638400001,1707638460000,1707724860000,bottom,93.24613601389433,2024
1707667200000,1707667260000,1707753660000,bottom,-212.04547267650685,2024
1707696000000,1707696060000,1707782460000,bottom,-651.9888847662274,2024
1707724800000,1707724860000,1707811260000,bottom,-611.7478486195986,2024
1707753600000,1707753660000,1707840060000,bottom,-318.1871198638835,2024
1707782400000,1707782460000,1707868860000,bottom,87.18587748182972,2024
1707811200000,1707811260000,1707897660000,bottom,-26.225492415667283,2024
1707840000000,1707840060000,1707926460000,bottom,-458.5760357118456,2024
1707868800000,1707868860000,1707955260000,bottom,-528.3214366901572,2024
1707897600000,1707897660000,1707984060000,bottom,-475.25030149541726,2024
1707955200000,1707955260000,1708041660000,bottom,-190.71116876565307,2024
1708099200000,1708099260000,1708185660000,bottom,67.34298785979266,2024
1708128000000,1708128060000,1708214460000,bottom,38.48323105465968,2024
1708156800000,1708156860000,1708243260000,bottom,-44.44069251681325,2024
1708214400000,1708214460000,1708300860000,bottom,-354.448120397836,2024
1708272000000,1708272060000,1708358460000,bottom,-381.9731554143362,2024
1708300800000,1708300860000,1708387260000,bottom,-241.99088452693405,2024
1708329600000,1708329660000,1708416060000,bottom,-1.739699127434756,2024
1708358400000,1708358460000,1708444860000,bottom,-63.61227525879907,2024
1708416000000,1708416060000,1708502460000,bottom,-60.194983176957024,2024
1708531200000,1708531260000,1708617660000,bottom,-261.82096745955107,2024
1708560000001,1708560060000,1708646460000,bottom,-33.31178591891181,2024
1708588800001,1708588860000,1708675260000,bottom,185.09206003494216,2024
1708617600000,1708617660000,1708704060000,bottom,219.9222425448384,2024
1708646400000,1708646460000,1708732860000,bottom,143.7957703602284,2024
1708675200000,1708675260000,1708761660000,bottom,-119.72633171892276,2024
1708704000000,1708704060000,1708790460000,bottom,-158.4080470612441,2024
1708732800000,1708732860000,1708819260000,bottom,-245.51692459123961,2024
1708761600001,1708761660000,1708848060000,bottom,-243.61136724665377,2024
1708790400000,1708790460000,1708876860000,bottom,-307.1241441106369,2024
1708819200001,1708819260000,1708905660000,bottom,-415.81583746985217,2024
1708905600000,1708905660000,1708992060000,top,195.8299587340846,2024
1708992000000,1708992060000,1709078460000,top,192.68136596535768,2024
1709020800000,1709020860000,1709107260000,top,237.89276405610084,2024
1709049600000,1709049660000,1709136060000,top,357.1983476185177,2024
1709078400000,1709078460000,1709164860000,top,423.4422187981497,2024
1709107200000,1709107260000,1709193660000,top,506.6145315649602,2024
1709136000000,1709136060000,1709222460000,top,340.7524424820447,2024
1709164800000,1709164860000,1709251260000,top,-135.70241662852965,2024
1709193600000,1709193660000,1709280060000,top,-320.5889142373823,2024
1709222400000,1709222460000,1709308860000,top,-232.38901749415496,2024
1709251200000,1709251260000,1709337660000,top,264.44446503453526,2024
1709280000000,1709280060000,1709366460000,top,183.2446296395236,2024
1709308800000,1709308860000,1709395260000,top,56.938477795667865,2024
1709337600000,1709337660000,1709424060000,top,-50.63972968021678,2024
1709366400001,1709366460000,1709452860000,top,-109.72511263490125,2024
1709395200000,1709395260000,1709481660000,top,3.3028079066828155,2024
1709568000000,1709568060000,1709654460000,top,636.5755954266301,2024
1709625600000,1709625660000,1709712060000,top,251.3416297195621,2024
1709654400000,1709654460000,1709740860000,top,-18.421390053450658,2024
1709827200000,1709827260000,1709913660000,top,151.19778004115747,2024
1709884800000,1709884860000,1709971260000,top,31.112474646584744,2024
1709913600000,1709913660000,1710000060000,top,16.442450732306447,2024
1710057600000,1710057660000,1710144060000,top,168.05784055518092,2024
1710144000000,1710144060000,1710230460000,top,11.369295946131576,2024
1710172800000,1710172860000,1710259260000,top,-75.89894729512369,2024
1710201600000,1710201660000,1710288060000,top,-235.98293306907922,2024
1710316800001,1710316860000,1710403260000,top,-197.22440356317583,2024
1710403200000,1710403260000,1710489660000,top,-551.1526379379787,2024
1710921600004,1710921660000,1711008060000,bottom,-966.2003270798484,2024
1710950400000,1710950460000,1711036860000,bottom,-644.7432966979464,2024
1711814400000,1711814460000,1711900860000,top,226.05923062358823,2024
1711872000000,1711872060000,1711958460000,top,-246.04200822211308,2024
1711900800001,1711900860000,1711987260000,top,-480.40689247887445,2024
1711929600000,1711929660000,1712016060000,top,-395.26714207350585,2024
1712044800015,1712044860000,1712131260000,bottom,165.02312159321698,2024
1712102400000,1712102460000,1712188860000,bottom,-93.80318664689622,2024
1712131200000,1712131260000,1712217660000,bottom,-56.352130303084934,2024
1712160000000,1712160060000,1712246460000,bottom,-109.50519669451197,2024
1712188800000,1712188860000,1712275260000,bottom,-57.98074030218524,2024
1712217600000,1712217660000,1712304060000,bottom,79.28745721690845,2024
1712246400000,1712246460000,1712332860000,bottom,101.13240969905137,2024
1712275200000,1712275260000,1712361660000,bottom,2.3904844967066587,2024
1712304000000,1712304060000,1712390460000,bottom,-133.56852020662325,2024
1712332800000,1712332860000,1712419260000,bottom,-54.15702116659803,2024
1712390400000,1712390460000,1712476860000,bottom,-185.51350458660454,2024
1712419200000,1712419260000,1712505660000,bottom,-178.86543124868857,2024
1712448000000,1712448060000,1712534460000,bottom,-302.8598797112585,2024
1712476800000,1712476860000,1712563260000,bottom,-280.8363114654904,2024
1712505600000,1712505660000,1712592060000,bottom,-723.9962596123555,2024
1712534400001,1712534460000,1712620860000,bottom,-739.6284434762961,2024
1712563200000,1712563260000,1712649660000,bottom,-461.17153651958387,2024
1712793600000,1712793660000,1712880060000,bottom,93.85019551377006,2024
1712851200000,1712851260000,1712937660000,bottom,179.0749501282414,2024
1712880000000,1712880060000,1712966460000,bottom,760.7984302532996,2024
1712908800001,1712908860000,1712995260000,bottom,725.7409741599281,2024
1712937600000,1712937660000,1713024060000,bottom,471.1725390483108,2024
1712966400000,1712966460000,1713052860000,bottom,682.2577499474065,2024
1712995200000,1712995260000,1713081660000,bottom,533.0696532678732,2024
1713024000001,1713024060000,1713110460000,bottom,648.4336879140213,2024
1713052800000,1713052860000,1713139260000,bottom,-467.3740352417337,2024
1713081600000,1713081660000,1713168060000,bottom,-546.5071168659168,2024
1713110400000,1713110460000,1713196860000,bottom,-360.01408390817045,2024
1713139200000,1713139260000,1713225660000,bottom,142.31908944289563,2024
1713168000001,1713168060000,1713254460000,bottom,421.0090607625834,2024
1713196800000,1713196860000,1713283260000,bottom,464.4425799353809,2024
1713225600001,1713225660000,1713312060000,bottom,24.843987422562122,2024
1713254400000,1713254460000,1713340860000,bottom,47.090149857746525,2024
1713283200000,1713283260000,1713369660000,bottom,203.93986400340137,2024
1713340800000,1713340860000,1713427260000,bottom,335.14820157878614,2024
1713369600000,1713369660000,1713456060000,bottom,-425.34342542936685,2024
1713398400000,1713398460000,1713484860000,bottom,-264.62068826873895,2024
1713427200000,1713427260000,1713513660000,bottom,-366.3404827088128,2024
1713456000000,1713456060000,1713542460000,bottom,-63.651332240112644,2024
1713484800001,1713484860000,1713571260000,bottom,1.7874608990682397,2024
1713542400000,1713542460000,1713628860000,bottom,-105.38330381299076,2024
1713600000000,1713600060000,1713686460000,bottom,-393.6123802987217,2024
1713628800000,1713628860000,1713715260000,bottom,-172.38420465540847,2024
1713657600000,1713657660000,1713744060000,bottom,1.7061584005746546,2024
1713686400000,1713686460000,1713772860000,bottom,-116.3033203709245,2024
1713715200000,1713715260000,1713801660000,bottom,-81.15062372233626,2024
1713744000000,1713744060000,1713830460000,bottom,-174.29593094944562,2024
1713772800000,1713772860000,1713859260000,bottom,138.38409894213322,2024
1713801600000,1713801660000,1713888060000,bottom,-150.67454609465278,2024
1713830400000,1713830460000,1713916860000,bottom,-85.12651386247614,2024
1713859200000,1713859260000,1713945660000,bottom,-293.76388295431366,2024
1713916800000,1713916860000,1714003260000,bottom,248.80645742361554,2024
1713945600000,1713945660000,1714032060000,bottom,330.2287797428445,2024
1713974400000,1713974460000,1714060860000,bottom,48.334688845487875,2024
1714003200000,1714003260000,1714089660000,bottom,-79.83228078233417,2024
1714032000000,1714032060000,1714118460000,bottom,-0.4797642887215279,2024
1714089600001,1714089660000,1714176060000,bottom,65.88263178574596,2024
1714118400000,1714118460000,1714204860000,bottom,20.516891244652513,2024
1714147200000,1714147260000,1714233660000,bottom,-104.98232022567655,2024
1714233600000,1714233660000,1714320060000,bottom,-573.290661951315,2024
1714492800000,1714492860000,1714579260000,bottom,368.71918338989354,2024
1714521600000,1714521660000,1714608060000,bottom,132.7403739972739,2024
1714608000000,1714608060000,1714694460000,bottom,-62.867828006784464,2024
1714694400000,1714694460000,1714780860000,bottom,-389.3432915801458,2024
1714723200000,1714723260000,1714809660000,bottom,-451.89028142386724,2024
1714752000000,1714752060000,1714838460000,bottom,-187.26716574201262,2024
1714780800000,1714780860000,1714867260000,bottom,-81.23974860145753,2024
1715068800000,1715068860000,1715155260000,bottom,246.1266975388927,2024
1715961600000,1715961660000,1716048060000,bottom,-4.042080241560152,2024
1716019200000,1716019260000,1716105660000,bottom,-60.878075062992686,2024
1716105600000,1716105660000,1716192060000,bottom,48.68344219443445,2024
1716192000000,1716192060000,1716278460000,bottom,-1846.8087534819404,2024
1718899200000,1718899260000,1718985660000,bottom,48.20618127599664,2024
1718928000000,1718928060000,1719014460000,bottom,-37.92187798133661,2024
1718956800000,1718956860000,1719043260000,bottom,-64.25125628140614,2024
1719072000000,1719072060000,1719158460000,bottom,69.85492925989114,2024
1719158400000,1719158460000,1719244860000,bottom,560.1892588125908,2024
1720425600000,1720425660000,1720512060000,bottom,-493.8268232461744,2024
1720512000001,1720512060000,1720598460000,bottom,-119.27037125263928,2024
1720598400000,1720598460000,1720684860000,bottom,-83.87971260192127,2024
1720972800000,1720972860000,1721059260000,bottom,-578.5335868306867,2024
1721088000000,1721088060000,1721174460000,bottom,110.13199426111964,2024
1721318400000,1721318460000,1721404860000,bottom,-243.7527442524916,2024
1721491200000,1721491260000,1721577660000,bottom,4.097325934552934,2024
1721548800000,1721548860000,1721635260000,bottom,3.68514132322818,2024
1721664000000,1721664060000,1721750460000,bottom,-13.392151811532514,2024
1721894400000,1721894460000,1721980860000,bottom,-274.1329385995377,2024
1721923200000,1721923260000,1722009660000,bottom,-373.58805958742124,2024
1721952000000,1721952060000,1722038460000,bottom,-326.0892422040744,2024
1722038400000,1722038460000,1722124860000,bottom,78.58749808956135,2024
1722096000000,1722096060000,1722182460000,bottom,19.363626937317207,2024
1722614400000,1722614460000,1722700860000,bottom,286.87736658090944,2024
1722672000000,1722672060000,1722758460000,bottom,296.652275926796,2024
1722758400000,1722758460000,1722844860000,bottom,1848.4079814025574,2024
1722816000000,1722816060000,1722902460000,bottom,1001.8226554866601,2024
1722844800000,1722844860000,1722931260000,bottom,-714.8310838098075,2024
1722873600000,1722873660000,1722960060000,bottom,-331.789771729049,2024
1722902400000,1722902460000,1722988860000,bottom,-190.44772317514824,2024
1722931200000,1722931260000,1723017660000,bottom,14.483916717317868,2024
1722960000000,1722960060000,1723046460000,bottom,445.1515497107279,2024
1722988800000,1722988860000,1723075260000,bottom,486.37587110668636,2024
1723017600001,1723017660000,1723104060000,bottom,380.61522525537475,2024
1723046400000,1723046460000,1723132860000,bottom,-400.86622173523364,2024
1723075200001,1723075260000,1723161660000,bottom,-1469.978030721059,2024
1723104000000,1723104060000,1723190460000,bottom,-1092.2292751110533,2024
1723132800000,1723132860000,1723219260000,bottom,-255.47176702350004,2024
1723161600000,1723161660000,1723248060000,bottom,299.00990594393954,2024
1723219200000,1723219260000,1723305660000,bottom,-162.26375341396857,2024
1723248000000,1723248060000,1723334460000,bottom,-62.99088792611694,2024
1723305600000,1723305660000,1723392060000,bottom,-46.56439830834124,2024
1723334400000,1723334460000,1723420860000,bottom,182.65755043017597,2024
1723363200000,1723363260000,1723449660000,bottom,395.43858981107087,2024
1723392000001,1723392060000,1723478460000,bottom,-299.3069780453521,2024
1723420800000,1723420860000,1723507260000,bottom,-656.0298927928613,2024
1723536000000,1723536060000,1723622460000,bottom,-312.06540816827544,2024
1723564800000,1723564860000,1723651260000,bottom,-66.46977612644032,2024
1723593600000,1723593660000,1723680060000,bottom,136.75525681692903,2024
1723651200000,1723651260000,1723737660000,bottom,-29.159702209412984,2024
1723737600000,1723737660000,1723824060000,bottom,365.43049831397514,2024
1723766400000,1723766460000,1723852860000,bottom,-104.98312428645671,2024
1723881600000,1723881660000,1723968060000,bottom,-35.697231294794946,2024
1723910400000,1723910460000,1723996860000,bottom,-263.38708328377635,2024
1723939200000,1723939260000,1724025660000,bottom,-1.0282432261792138,2024
1723968000000,1723968060000,1724054460000,bottom,-49.469568722288344,2024
1723996800000,1723996860000,1724083260000,bottom,323.9514035764142,2024
1724025600000,1724025660000,1724112060000,bottom,-109.63291672733065,2024
1724083200002,1724083260000,1724169660000,bottom,23.61947379228303,2024
1724169600001,1724169660000,1724256060000,bottom,-126.42902698918923,2024
1724284800000,1724284860000,1724371260000,bottom,19.708035965371863,2024
1724428800000,1724428860000,1724515260000,bottom,-360.36561606302905,2024
1724457600000,1724457660000,1724544060000,bottom,-22.54144046326555,2024
1724544000000,1724544060000,1724630460000,bottom,57.99785922990199,2024
1724803200000,1724803260000,1724889660000,bottom,-312.9939818191445,2024
1724832000000,1724832060000,1724918460000,bottom,-462.9089133449875,2024
1725235200001,1725235260000,1725321660000,bottom,-473.7980530368262,2024
1725436800000,1725436860000,1725523260000,bottom,-51.42839062083503,2024
1725897600001,1725897660000,1725984060000,bottom,-172.08741714919083,2024
1725955200000,1725955260000,1726041660000,bottom,77.98751477009549,2024
1726070400000,1726070460000,1726156860000,bottom,5.2554832997371435,2024
1726473600001,1726473660000,1726560060000,bottom,-18.41799423062106,2024
1730966400000,1730966460000,1731052860000,top,312.6149907451399,2024
1731254400000,1731254460000,1731340860000,top,68.52149353638494,2024
1731283200001,1731283260000,1731369660000,top,582.8002311572307,2024
1731312000000,1731312060000,1731398460000,top,738.0524406542362,2024
1731340800000,1731340860000,1731427260000,top,68.7715991300204,2024
1731369600002,1731369660000,1731456060000,top,-389.60758743331314,2024
1731398400000,1731398460000,1731484860000,top,-667.3113935139423,2024
1731427200000,1731427260000,1731513660000,top,137.302825951265,2024
1731456000000,1731456060000,1731542460000,top,-198.15468993954966,2024
1731484800010,1731484860000,1731571260000,top,168.82623907997842,2024
1731513600000,1731513660000,1731600060000,top,-707.3957856727346,2024
1731542400001,1731542460000,1731628860000,top,-404.8115213633379,2024
1731628800000,1731628860000,1731715260000,top,73.10699010741507,2024
1731657600000,1731657660000,1731744060000,top,208.27626139478042,2024
1731715200001,1731715260000,1731801660000,top,136.1174916979009,2024
1731772800000,1731772860000,1731859260000,top,-178.06498884995236,2024
1731859200001,1731859260000,1731945660000,top,186.38866396761,2024
1731888000000,1731888060000,1731974460000,top,446.36803433253004,2024
1731916800000,1731916860000,1732003260000,top,-57.62050163576825,2024
1731945600000,1731945660000,1732032060000,top,-153.74223416111764,2024
1731974400000,1731974460000,1732060860000,top,-354.02610803754663,2024
1732003200000,1732003260000,1732089660000,top,-49.388763987369565,2024
1732032000000,1732032060000,1732118460000,top,80.2563825128162,2024
1732060800003,1732060860000,1732147260000,top,-141.0913770913773,2024
1732089600000,1732089660000,1732176060000,top,87.49739185771,2024
1732118400000,1732118460000,1732204860000,top,462.6750780793916,2024
1732204800001,1732204860000,1732291260000,top,70.19482041990722,2024
1732233600000,1732233660000,1732320060000,top,-121.27240292561113,2024
1732262400000,1732262460000,1732348860000,top,-88.84203969030933,2024
1732291200001,1732291260000,1732377660000,top,431.36038892411864,2024
1732320000000,1732320060000,1732406460000,top,189.01624129930306,2024
1732348800000,1732348860000,1732435260000,top,225.51916840762033,2024
1732377600000,1732377660000,1732464060000,top,-497.8415929740769,2024
1732406400001,1732406460000,1732492860000,top,-118.30443581050164,2024
1732435200000,1732435260000,1732521660000,top,-92.77968832548765,2024
1732464000000,1732464060000,1732550460000,top,706.7562989470873,2024
1732492800000,1732492860000,1732579260000,top,148.91308722235163,2024
1732521600000,1732521660000,1732608060000,top,-21.97288630252302,2024
1732550400000,1732550460000,1732636860000,top,-662.0725854897029,2024
1732579200000,1732579260000,1732665660000,top,-274.061683737578,2024
1732636800000,1732636860000,1732723260000,top,777.1840187615327,2024
1732665600000,1732665660000,1732752060000,top,978.0611054309259,2024
1732694400000,1732694460000,1732780860000,top,472.1722792260448,2024
1732953600000,1732953660000,1733040060000,top,-21.955299308023413,2024
1733097600001,1733097660000,1733184060000,top,-206.9762250707645,2024
1733126400001,1733126460000,1733212860000,top,-137.8743961089084,2024
1733155200000,1733155260000,1733241660000,top,-282.4859754055735,2024
1733184000000,1733184060000,1733270460000,top,-76.9115452151019,2024
1733212800000,1733212860000,1733299260000,top,268.81405369572354,2024
1733356800001,1733356860000,1733443260000,top,-134.92601329951492,2024
1733385600000,1733385660000,1733472060000,top,102.60590471350262,2024
1733414400000,1733414460000,1733500860000,top,253.50882884362784,2024
1733472000000,1733472060000,1733558460000,top,213.29428047827182,2024
1733500800000,1733500860000,1733587260000,top,3.597580332704421,2024
1733529600000,1733529660000,1733616060000,top,-17.346962631411987,2024
1733558400000,1733558460000,1733644860000,top,-29.287339326304217,2024
1734566400000,1734566460000,1734652860000,bottom,567.8682074563219,2024
1734883200000,1734883260000,1734969660000,bottom,65.46686556122518,2024
1734912000000,1734912060000,1734998460000,bottom,-431.6688463121314,2024
1734940800000,1734940860000,1735027260000,bottom,-302.35122789917733,2024
1735056000001,1735056060000,1735142460000,bottom,31.06543512640127,2024
1735084800001,1735084860000,1735171260000,bottom,-31.94205233002888,2024
1735113600000,1735113660000,1735200060000,bottom,169.47518869439529,2024
1735142400000,1735142460000,1735228860000,bottom,363.6098999928057,2024
1735228800000,1735228860000,1735315260000,bottom,32.71695269086062,2024
1735315200000,1735315260000,1735401660000,bottom,-129.71792591168028,2024
1735430400000,1735430460000,1735516860000,bottom,124.38286710716295,2024
1735459200000,1735459260000,1735545660000,bottom,-89.76625230162115,2024
1736380800000,1736380860000,1736467260000,bottom,295.1313763233883,2025
1736467200000,1736467260000,1736553660000,bottom,-147.39457855630954,2025
1736496000000,1736496060000,1736582460000,bottom,170.79701752416867,2025
1736553600000,1736553660000,1736640060000,bottom,-67.26186830015178,2025
1736582400000,1736582460000,1736668860000,bottom,-103.84228923221372,2025
1736697600000,1736697660000,1736784060000,bottom,734.601924141834,2025
1736784000000,1736784060000,1736870460000,bottom,-524.0604481980664,2025
1736812800000,1736812860000,1736899260000,bottom,-295.3556079831669,2025
1736841600000,1736841660000,1736928060000,bottom,-202.1868868701453,2025
1736870400000,1736870460000,1736956860000,bottom,-461.2558523770931,2025
1736899200000,1736899260000,1736985660000,bottom,-712.9782470502504,2025
1736928000000,1736928060000,1737014460000,bottom,-490.3025616090033,2025
1736956800000,1736956860000,1737043260000,bottom,12.178324108019346,2025
1737043200000,1737043260000,1737129660000,bottom,-285.8399951950512,2025
1737763200000,1737763260000,1737849660000,bottom,-60.21007718839331,2025
1737792000000,1737792060000,1737878460000,bottom,-167.36425150155765,2025
1737907200000,1737907260000,1737993660000,bottom,553.7402616208905,2025
1737936000000,1737936060000,1738022460000,bottom,121.51960039092313,2025
1737964800000,1737964860000,1738051260000,bottom,-421.0426757736145,2025
1737993600000,1737993660000,1738080060000,bottom,-186.81139154269988,2025
1738051200000,1738051260000,1738137660000,bottom,109.08877358992775,2025
1738080000000,1738080060000,1738166460000,bottom,244.3192896848352,2025
1738137600000,1738137660000,1738224060000,bottom,-139.60551878059158,2025
1738195200000,1738195260000,1738281660000,bottom,-441.458811141217,2025
1738425600000,1738425660000,1738512060000,bottom,506.5357142857148,2025
1738512000000,1738512060000,1738598460000,bottom,1206.488936091434,2025
1738540800000,1738540860000,1738627260000,bottom,-40.22283129862346,2025
1738569600000,1738569660000,1738656060000,bottom,-331.55130115785903,2025
1738598400000,1738598460000,1738684860000,bottom,-302.9221833786504,2025
1738627200000,1738627260000,1738713660000,bottom,468.2884966524654,2025
1738656000001,1738656060000,1738742460000,bottom,-237.25925925926083,2025
1738684800000,1738684860000,1738771260000,bottom,7.501123595505376,2025
1738713600001,1738713660000,1738800060000,bottom,-222.9469337640426,2025
1738771200000,1738771260000,1738857660000,bottom,251.59577987006702,2025
1738800000001,1738800060000,1738886460000,bottom,356.3968844854244,2025
1738828800001,1738828860000,1738915260000,bottom,418.38793736928295,2025
1738857600000,1738857660000,1738944060000,bottom,-66.56222330801475,2025
1738886400000,1738886460000,1738972860000,bottom,266.6771042419387,2025
1738915200000,1738915260000,1739001660000,bottom,279.4823146257437,2025
1738944000000,1738944060000,1739030460000,bottom,403.4522049076512,2025
1738972800000,1738972860000,1739059260000,bottom,-80.12436275465816,2025
1739059200000,1739059260000,1739145660000,bottom,0.09542335661040369,2025
1739145600000,1739145660000,1739232060000,bottom,-146.6687845987018,2025
1739232000000,1739232060000,1739318460000,bottom,232.3934635516396,2025
1739289600000,1739289660000,1739376060000,bottom,191.96179455734222,2025
1739347200000,1739347260000,1739433660000,bottom,-243.77137423673798,2025
1739462400001,1739462460000,1739548860000,bottom,-342.1993479132472,2025
1739491200000,1739491260000,1739577660000,bottom,-197.35868561796698,2025
1739635200000,1739635260000,1739721660000,bottom,-31.26871459727386,2025
1739865600000,1739865660000,1739952060000,bottom,-150.7387033398826,2025
1739980800000,1739980860000,1740067260000,bottom,-66.50403877221422,2025
1740009600000,1740009660000,1740096060000,bottom,-105.14530544549915,2025
1740211200000,1740211260000,1740297660000,bottom,-534.8317805768803,2025
1740326400000,1740326460000,1740412860000,bottom,456.12075179117653,2025
1740384000000,1740384060000,1740470460000,bottom,1297.7923124134056,2025
1740441600000,1740441660000,1740528060000,bottom,91.88977152397928,2025
1740470400000,1740470460000,1740556860000,bottom,-509.33220251515297,2025
1740528000000,1740528060000,1740614460000,bottom,610.3411269084764,2025
1740729600000,1740729660000,1740816060000,bottom,-604.157549504362,2025
1740758400000,1740758460000,1740844860000,bottom,200.35324839043756,2025
1740816000000,1740816060000,1740902460000,bottom,25.334056924498206,2025
1740844800001,1740844860000,1740931260000,bottom,-317.38303833926216,2025
1740960000001,1740960060000,1741046460000,bottom,1464.3814275726181,2025
1741017600000,1741017660000,1741104060000,bottom,914.706260705422,2025
1741046400001,1741046460000,1741132860000,bottom,-114.78643252390273,2025
1741075200005,1741075260000,1741161660000,bottom,-606.3550674199918,2025
1741104000000,1741104060000,1741190460000,bottom,-544.2935424514233,2025
1741219200000,1741219260000,1741305660000,bottom,164.8424115830256,2025
1741305600000,1741305660000,1741392060000,bottom,261.98900224954036,2025
1741536000000,1741536060000,1741622460000,bottom,342.51866637378515,2025
1741564800000,1741564860000,1741651260000,bottom,726.9331809207109,2025
1741651200000,1741651260000,1741737660000,bottom,-298.2712842712847,2025
1741795200001,1741795260000,1741881660000,bottom,-53.618590756018705,2025
1742083200000,1742083260000,1742169660000,bottom,242.72289530107696,2025
1742112000000,1742112060000,1742198460000,bottom,113.79951062138694,2025
1742140800000,1742140860000,1742227260000,bottom,-140.36437084484032,2025
1742428800000,1742428860000,1742515260000,bottom,340.85597508758235,2025
1742486400000,1742486460000,1742572860000,bottom,120.40084266391204,2025
1742601600000,1742601660000,1742688060000,bottom,-89.48687251219155,2025
1742630400004,1742630460000,1742716860000,bottom,-143.1818983990911,2025
1742774400000,1742774460000,1742860860000,bottom,-392.4690500082388,2025
1743004800001,1743004860000,1743091260000,bottom,13.909475789399394,2025
1743148800001,1743148860000,1743235260000,bottom,148.9498531252116,2025
1743321600000,1743321660000,1743408060000,bottom,193.5248861143908,2025
1743753600000,1743753660000,1743840060000,bottom,8.069345074298141,2025
1743955200002,1743955260000,1744041660000,bottom,1149.7161601346202,2025
1743984000000,1743984060000,1744070460000,bottom,172.32950502070366,2025
1744041600000,1744041660000,1744128060000,bottom,152.11765916928255,2025
1744156800000,1744156860000,1744243260000,bottom,-1320.6914372114159,2025
1744185600001,1744185660000,1744272060000,bottom,-761.550257601779,2025
1744358400000,1744358460000,1744444860000,bottom,-219.517054298614,2025
1744790400000,1744790460000,1744876860000,bottom,-266.11321721311464,2025
1744819200000,1744819260000,1744905660000,bottom,42.74284744783043,2025
1744934400000,1744934460000,1745020860000,bottom,-43.3043994492792,2025
1745020800000,1745020860000,1745107260000,bottom,-160.72359290185176,2025
1745164800000,1745164860000,1745251260000,bottom,-329.6468470302354,2025
1745222400005,1745222460000,1745308860000,top,-158.34993924665852,2025
1745280000008,1745280060000,1745366460000,bottom,-1165.5312781135556,2025
1745395200002,1745395260000,1745481660000,top,-194.57340859554017,2025
1745424000000,1745424060000,1745510460000,top,-162.5886590166674,2025
1745452800000,1745452860000,1745539260000,top,-168.13850174701537,2025
1745654400000,1745654460000,1745740860000,bottom,-20.440615856131426,2025
1745740800000,1745740860000,1745827260000,bottom,-29.425334169334448,2025
1745769600000,1745769660000,1745856060000,bottom,152.59966948054827,2025
1745827200003,1745827260000,1745913660000,bottom,-112.89141888410613,2025
1745856000005,1745856060000,1745942460000,bottom,-321.1061954941845,2025
1745884800000,1745884860000,1745971260000,top,-19.671266694096122,2025
1745971200001,1745971260000,1746057660000,bottom,11.813342827895049,2025
1746028800003,1746028860000,1746115260000,bottom,-534.3709800093081,2025
1746172800000,1746172860000,1746259260000,bottom,-76.84662116718297,2025
1746547200000,1746547260000,1746633660000,bottom,-285.1231761113009,2025
1746604800000,1746604860000,1746691260000,top,474.5511144017518,2025
1746691200001,1746691260000,1746777660000,top,2305.1632928475037,2025
1746720000002,1746720060000,1746806460000,top,1178.4396117638491,2025
1746748800001,1746748860000,1746835260000,top,627.7595387793074,2025
1746777600006,1746777660000,1746864060000,top,108.77693276762314,2025
1746806400000,1746806460000,1746892860000,top,550.9518593379833,2025
1746835200001,1746835260000,1746921660000,top,971.3170777486753,2025
1746864000000,1746864060000,1746950460000,top,296.5034234459225,2025
1746892800001,1746892860000,1746979260000,top,123.46029656205306,2025
1746921600000,1746921660000,1747008060000,top,-247.8070829450145,2025
1747036800000,1747036860000,1747123260000,top,-360.6676076328035,2025
1747123200008,1747123260000,1747209660000,top,717.4745242978704,2025
1747152000001,1747152060000,1747238460000,top,120.39663988882745,2025
1747180800007,1747180860000,1747267260000,top,-271.0487739314831,2025
1747267200000,1747267260000,1747353660000,top,-257.6360710138985,2025
1747296000003,1747296060000,1747382460000,top,260.14571346204843,2025
1747382400000,1747382460000,1747468860000,top,-442.2282397709158,2025
1747612800000,1747612860000,1747699260000,bottom,-126.27862384660226,2025
1747670400010,1747670460000,1747756860000,top,48.69427108272385,2025
1747814400001,1747814460000,1747900860000,top,312.7422989172619,2025
1747900800000,1747900860000,1747987260000,top,75.13217603225165,2025
1747929600002,1747929660000,1748016060000,top,-378.6054236651963,2025
1747958400006,1747958460000,1748044860000,top,-539.8829184755675,2025
1747987200000,1747987260000,1748073660000,top,-435.895047351728,2025
1748044800010,1748044860000,1748131260000,top,12.796367427348589,2025
1748332800001,1748332860000,1748419260000,top,79.13725490196046,2025
1748361600005,1748361660000,1748448060000,top,-154.5291878410553,2025
1748390400002,1748390460000,1748476860000,top,69.66831997773883,2025
1748419200003,1748419260000,1748505660000,top,336.36728994657597,2025
1748448000002,1748448060000,1748534460000,top,33.472687988801,2025
1750464000002,1750464060000,1750550460000,bottom,395.37181381218824,2025
1751904000000,1751904060000,1751990460000,bottom,-136.46009782595823,2025
1753977600000,1753977660000,1754064060000,bottom,451.34776329442474,2025
1754006400001,1754006460000,1754092860000,bottom,533.9945311548206,2025
1754352000000,1754352060000,1754438460000,bottom,278.6204543742406,2025
1755417600001,1755417660000,1755504060000,bottom,441.3789525769136,2025
1755475200000,1755475260000,1755561660000,bottom,354.46659318202745,2025
1755676800000,1755676860000,1755763260000,bottom,-325.25016744168124,2025
1756166400000,1756166460000,1756252860000,bottom,-534.8920155539377,2025
1756252800003,1756252860000,1756339260000,bottom,194.34965826476926,2025
1756540800002,1756540860000,1756627260000,bottom,-136.40971089746643,2025
1756598400016,1756598460000,1756684860000,bottom,-53.859690229342434,2025
1756656000001,1756656060000,1756742460000,bottom,257.2117830841321,2025
1756684800000,1756684860000,1756771260000,bottom,164.382998119766,2025
1756713600000,1756713660000,1756800060000,bottom,207.00817250028436,2025
1756742400001,1756742460000,1756828860000,bottom,123.76904073201646,2025
1756886400002,1756886460000,1756972860000,bottom,-155.6170283860563,2025
1756972800000,1756972860000,1757059260000,bottom,-112.61481647576831,2025
1757001600000,1757001660000,1757088060000,bottom,38.863887124433575,2025
1757030400001,1757030460000,1757116860000,bottom,-27.144334094075116,2025
1757059200006,1757059260000,1757145660000,bottom,215.15326125375057,2025
1757116800000,1757116860000,1757203260000,bottom,55.863943049385256,2025
1758268800005,1758268860000,1758355260000,bottom,115.96972221120285,2025
1758297600000,1758297660000,1758384060000,bottom,-72.59645826903348,2025
1758326400000,1758326460000,1758412860000,bottom,-37.528463620425825,2025
1758355200000,1758355260000,1758441660000,bottom,-10.003572225943268,2025
1758412800000,1758412860000,1758499260000,bottom,65.46505145797533,2025
1758499200005,1758499260000,1758585660000,bottom,544.1670741536193,2025
1758528000003,1758528060000,1758614460000,bottom,-40.267696697570564,2025
1758585600000,1758585660000,1758672060000,bottom,63.25450830128433,2025
1758643200000,1758643260000,1758729660000,bottom,28.65846195070977,2025
1758729600002,1758729660000,1758816060000,bottom,373.9496765884649,2025
1758758400000,1758758460000,1758844860000,bottom,633.7871329358853,2025
1758787200001,1758787260000,1758873660000,bottom,165.09949085178846,2025
1758931200000,1758931260000,1759017660000,bottom,12.349643125002096,2025
1759161600001,1759161660000,1759248060000,bottom,100.56184298062499,2025
1759219200005,1759219260000,1759305660000,bottom,77.38000306114668,2025
1759276800000,1759276860000,1759363260000,bottom,-492.9734284363023,2025
1759334400000,1759334460000,1759420860000,bottom,-251.88843406669537,2025
1760112000014,1760112060000,1760198460000,bottom,638.1627584791412,2025
1760169600003,1760169660000,1760256060000,bottom,-206.83313715360072,2025
1760227200004,1760227260000,1760313660000,bottom,-1076.6071903700952,2025
1760284800000,1760284860000,1760371260000,bottom,-242.19306930693006,2025
1760313600003,1760313660000,1760400060000,bottom,-254.41863171951672,2025
1761091200004,1761091260000,1761177660000,bottom,142.89715871438082,2025
1761696000004,1761696060000,1761782460000,bottom,174.35172741703877,2025
1761782400004,1761782460000,1761868860000,bottom,245.50350500238414,2025
1761811200008,1761811260000,1761897660000,bottom,259.1304403075163,2025
1761840000001,1761840060000,1761926460000,bottom,-250.34905630317337,2025
1762848000000,1762848060000,1762934460000,bottom,322.1280573754777,2025
1762934400002,1762934460000,1763020860000,bottom,-336.7020388397683,2025
1763884800008,1763884860000,1763971260000,bottom,-123.16772588123847,2025
1764604800000,1764604860000,1764691260000,bottom,-970.0817574577296,2025
1765612800006,1765612860000,1765699260000,bottom,-81.03166712991981,2025
1765900800002,1765900860000,1765987260000,bottom,165.19086870380795,2025
1766016000005,1766016060000,1766102460000,bottom,11.4058765203824,2025
1766044800007,1766044860000,1766131260000,bottom,-415.19887165021237,2025
1766361600000,1766361660000,1766448060000,bottom,-20.19322873657957,2025
1767052800005,1767052860000,1767139260000,bottom,-127.71105336825282,2025
1767110400003,1767110460000,1767196860000,top,-27.01329764991199,2025
1767225600008,1767225660000,1767312060000,top,92.84530321646734,2026
1767369600000,1767369660000,1767456060000,top,33.79742963246125,2026
1768003200000,1768003260000,1768089660000,top,-20.060154323287435,2026
1768032000002,1768032060000,1768118460000,top,-7.1110320514893175,2026
1768089600003,1768089660000,1768176060000,top,92.29535711737859,2026
1768176000005,1768176060000,1768262460000,top,-90.62097643616138,2026
1768291200009,1768291260000,1768377660000,top,664.7386804864237,2026
1768348800000,1768348860000,1768435260000,top,47.59418113674376,2026
1768377600001,1768377660000,1768464060000,top,-38.7896476992393,2026
1768492800002,1768492860000,1768579260000,top,-197.20835702018036,2026
1768809600007,1768809660000,1768896060000,bottom,246.4786212710153,2026
1769097600005,1769097660000,1769184060000,bottom,-29.015729146141688,2026
1769385600000,1769385660000,1769472060000,bottom,-419.89762743214794,2026
1769529600000,1769529660000,1769616060000,top,212.10850349050526,2026
1769587200000,1769587260000,1769673660000,top,-167.68432965738089,2026
1769702400000,1769702460000,1769788860000,bottom,321.50508217571775,2026
1769760000000,1769760060000,1769846460000,bottom,197.1284413388037,2026
1769817600000,1769817660000,1769904060000,bottom,941.738535315629,2026
1769875200009,1769875260000,1769961660000,bottom,885.5074436007134,2026
1769904000001,1769904060000,1769990460000,bottom,717.6484882180752,2026
1769961600000,1769961660000,1770048060000,bottom,-292.7740533695326,2026
1769990400000,1769990460000,1770076860000,bottom,-353.0159451293484,2026
1770019200014,1770019260000,1770105660000,bottom,-428.8809657369812,2026
1770048000000,1770048060000,1770134460000,bottom,287.929462594247,2026
1770076800000,1770076860000,1770163260000,bottom,479.21461939155654,2026
1770134400000,1770134460000,1770220860000,bottom,617.0990067564936,2026
1770163200002,1770163260000,1770249660000,bottom,357.2529168910428,2026
1770220800000,1770220860000,1770307260000,bottom,877.0270400794996,2026
1770307200007,1770307260000,1770393660000,bottom,-83.68836505080178,2026
1770336000000,1770336060000,1770422460000,bottom,-1252.7372610768498,2026
1770364800001,1770364860000,1770451260000,bottom,-671.6214723214946,2026
1770422400003,1770422460000,1770508860000,top,134.9095694222131,2026
1770537600000,1770537660000,1770624060000,bottom,56.52674058842689,2026
1770566400000,1770566460000,1770652860000,bottom,207.61887628929566,2026
1770595200002,1770595260000,1770681660000,bottom,-97.87028828018117,2026
1770624000001,1770624060000,1770710460000,bottom,275.142635958971,2026
1770710400007,1770710460000,1770796860000,bottom,272.8403220663263,2026
1770739200000,1770739260000,1770825660000,bottom,448.02156067649105,2026
1770768000000,1770768060000,1770854460000,bottom,372.8459500284782,2026
1770796800006,1770796860000,1770883260000,bottom,-121.67028987365812,2026
1770825600000,1770825660000,1770912060000,bottom,-111.5751385598067,2026
1770854400000,1770854460000,1770940860000,bottom,-31.31030787619048,2026
1770912000001,1770912060000,1770998460000,bottom,-448.0235881268639,2026
1770940800007,1770940860000,1771027260000,bottom,-543.6749639991782,2026
1770969600003,1770969660000,1771056060000,bottom,-642.5944596877969,2026
1771113600000,1771113660000,1771200060000,bottom,566.7785281252409,2026
1771171200000,1771171260000,1771257660000,bottom,247.0846509498288,2026
1771200000001,1771200060000,1771286460000,bottom,-183.41039885532305,2026
1771228800003,1771228860000,1771315260000,bottom,-97.36800657607668,2026
1771344000002,1771344060000,1771430460000,bottom,-81.20512039012583,2026
1771459200013,1771459260000,1771545660000,bottom,18.663342309778855,2026
1771516800003,1771516860000,1771603260000,bottom,-213.10227136786585,2026
1771603200000,1771603260000,1771689660000,bottom,-146.99947473366825,2026
1771833600000,1771833660000,1771920060000,bottom,303.60695740817414,2026
1772208000001,1772208060000,1772294460000,bottom,244.05490026776903,2026
1772236800000,1772236860000,1772323260000,bottom,-206.68672199170166,2026
1772265600000,1772265660000,1772352060000,bottom,-786.737278989728,2026
1772294400004,1772294460000,1772380860000,bottom,-511.9688736481136,2026
1772409600001,1772409660000,1772496060000,bottom,-477.345379452762,2026
1772553600007,1772553660000,1772640060000,bottom,-951.5889842574137,2026
1772812800004,1772812860000,1772899260000,bottom,-24.524930930140286,2026
1772956800000,1772956860000,1773043260000,bottom,-157.68359940460041,2026
1772985600002,1772985660000,1773072060000,bottom,-431.4201559014312,2026
1773014400000,1773014460000,1773100860000,bottom,-295.0925757700877,2026
1773648000010,1773648060000,1773734460000,top,323.453125346705,2026
1774540800000,1774540860000,1774627260000,bottom,376.82482750617766,2026
1774627200000,1774627260000,1774713660000,bottom,-207.67401980516786,2026
1774684800005,1774684860000,1774771260000,bottom,-17.840475620460193,2026
1775088000003,1775088060000,1775174460000,bottom,369.8939485365989,2026
1775116800001,1775116860000,1775203260000,bottom,-83.01459249222697,2026
1775606400000,1775606460000,1775692860000,top,-261.24980833348064,2026
1775664000006,1775664060000,1775750460000,top,19.36599197229617,2026
1775952000000,1775952060000,1776038460000,top,-436.33717767333536,2026
1776124800005,1776124860000,1776211260000,top,-223.37444696324857,2026
1776153600003,1776153660000,1776240060000,top,-280.52416137882386,2026
1776528000000,1776528060000,1776614460000,bottom,119.81417055579158,2026
1776556800002,1776556860000,1776643260000,bottom,346.5214533255008,2026
1776585600010,1776585660000,1776672060000,bottom,60.053899826211904,2026
1776614400001,1776614460000,1776700860000,bottom,57.168715006924,2026
1776844800000,1776844860000,1776931260000,top,-212.67134095834183,2026
1776873600000,1776873660000,1776960060000,top,-318.2552483614458,2026
1776902400000,1776902460000,1776988860000,top,-203.37033731328046,2026
1777046400000,1777046460000,1777132860000,bottom,43.91106514994815,2026
1777334400001,1777334460000,1777420860000,bottom,40.78260869565155,2026
1777363200000,1777363260000,1777449660000,bottom,-184.5937959526649,2026
1777824000000,1777824060000,1777910460000,top,83.50021475818383,2026
1777881600000,1777881660000,1777968060000,top,62.90646293794457,2026
1778054400000,1778054460000,1778140860000,bottom,101.67304324340388,2026
1778140800000,1778140860000,1778227260000,bottom,252.07463068909487,2026
1778284800000,1778284860000,1778371260000,top,73.24913704879268,2026
1778342400002,1778342460000,1778428860000,top,129.46483556822332,2026
1778371200003,1778371260000,1778457660000,top,182.84802421157553,2026
1778400000000,1778400060000,1778486460000,top,4.228640461561696,2026
1778428800000,1778428860000,1778515260000,top,-92.93493190052614,2026
1778457600000,1778457660000,1778544060000,top,-163.07565505174912,2026
1778716800005,1778716860000,1778803260000,top,82.55019902697903,2026
1778889600005,1778889660000,1778976060000,top,-200.684660368871,2026
1778947200005,1778947260000,1779033660000,top,22.822604120274605,2026
1778976000000,1778976060000,1779062460000,top,-264.60738024295205,2026
1779148800001,1779148860000,1779235260000,top,-109.40577974974651,2026
1779552000003,1779552060000,1779638460000,top,145.56673099114528,2026
1779580800011,1779580860000,1779667260000,top,-97.53520614637789,2026
1779609600008,1779609660000,1779696060000,top,-43.8591947923299,2026
1779840000000,1779840060000,1779926460000,top,-250.6259112122493,2026
1780012800000,1780012860000,1780099260000,top,-3.6594067084598656,2026
1780041600001,1780041660000,1780128060000,top,13.224901577251881,2026
1780128000001,1780128060000,1780214460000,top,30.424369372497722,2026
1780185600000,1780185660000,1780272060000,top,-95.57050410571576,2026
1780214400000,1780214460000,1780300860000,top,-250.31035624453344,2026
1780329600000,1780329660000,1780416060000,top,-310.4557296161308,2026
1780358400000,1780358460000,1780444860000,top,-719.9140509228079,2026
1780387200000,1780387260000,1780473660000,top,-537.9694039835418,2026
1780473600000,1780473660000,1780560060000,top,-555.166942835678,2026
1780502400001,1780502460000,1780588860000,top,-349.0769381501095,2026
1780531200009,1780531260000,1780617660000,top,-304.47742105755117,2026
1780675200009,1780675260000,1780761660000,bottom,80.58428680396702,2026
1780704000000,1780704060000,1780790460000,bottom,100.49708243537971,2026
1780790400001,1780790460000,1780876860000,bottom,-757.257456478641,2026
1780819200000,1780819260000,1780905660000,bottom,-356.0148028862524,2026
1780876800000,1780876860000,1780963260000,bottom,-30.138889383341404,2026
1782403200000,1782403260000,1782489660000,bottom,-136.44690257043,2026
1783008000000,1783008060000,1783094460000,top,180.86182311001298,2026
1783036800000,1783036860000,1783123260000,top,323.1242414263542,2026
1783065600007,1783065660000,1783152060000,top,224.5806316329031,2026
1783123200000,1783123260000,1783209660000,top,101.7637849922355,2026
1783152000000,1783152060000,1783238460000,top,55.5195075606736,2026
1783209600003,1783209660000,1783296060000,top,10.462389778656668,2026
1783296000000,1783296060000,1783382460000,top,74.74727222748957,2026
1784131200000,1784131260000,1784217660000,top,-272.70868459095254,2026
1785110400010,1785110460000,1785196860000,top,-317.1979469211499,2026
1785139200000,1785139260000,1785225660000,top,-445.9075450295795,2026
1785225600000,1785225660000,1785312060000,bottom,-228.4049505055756,2026
