ts,rate,interval_hours,pctile,decile,fwd_ret_8h,fwd_ret_24h,fwd_ret_72h
1617235200025,0.00109277,8.0,81.85185185185185,8,0.0014864060484418573,-0.0011699399291618118,-0.03566118159348841
1617264000011,0.00095247,8.0,75.92592592592592,7,0.0029726379988068707,0.010614360443757853,-0.0222928354423213
1617292800004,0.00051932,8.0,52.59259259259259,5,-0.005608369774806499,0.007922639958244382,-0.020686620908616393
1617321600000,0.00071058,8.0,65.18518518518519,6,0.013060800500895198,0.004328106724388325,-0.009260577994128383
1617350400000,0.00106221,8.0,81.48148148148148,8,-0.0006041222578369032,-0.0025401319372141407,-0.03798353687158951
1617379200000,0.0010197,8.0,78.51851851851852,7,-0.008020831567237319,-0.01124336570415907,-0.006733966604292929
1617408000003,0.00063267,8.0,60.0,5,0.005907872714103979,-0.03904017708730034,0.005187491213054507
1617436800000,0.00107843,8.0,82.22222222222221,8,-0.009324248478658093,-0.029311724874961587,-0.014518533369281772
1617465600000,0.00101313,8.0,78.88888888888889,7,-0.03648354409533905,-0.017340010033725872,-0.017413013453851267
1617494400000,0.0005209,8.0,51.85185185185185,5,0.01692544564619447,0.027159370472660038,0.023081835100600134
1617523200000,0.00048495,8.0,48.148148148148145,4,0.0028939763637225724,-0.0064098232321394555,0.0019997234590900526
1617552000016,0.00026521,8.0,31.48148148148148,3,0.006187837065130264,0.023481920010659296,-0.027461417924602993
1617580800000,0.00039464,8.0,41.85185185185185,4,-0.01630928720010949,0.018281195695321273,-0.03910142728778254
1617609600001,0.00043217,8.0,45.18518518518518,4,0.03357803976085827,0.019551706005088487,-0.003823890154184384
1617638400001,0.00037409,8.0,40.74074074074074,4,0.0019256323777403495,-0.0233898819561551,-0.02207301854974708
1617667200010,0.00097189,8.0,77.03703703703704,7,-0.01546650724347165,-0.022661589765003987,-0.02054189411654017
1617696000000,0.00057776,8.0,58.51851851851851,5,-0.012233984815809285,-0.013041425765609627,-0.008864271412118763
1617724800003,0.00083736,8.0,72.96296296296296,7,0.0026728032299494497,-0.02701656865179447,0.005819593465920647
1617753600000,0.00057609,8.0,58.51851851851851,5,-0.0040298045016075035,-0.03527172590440242,0.002097399744447115
1617782400006,0.00053749,8.0,55.55555555555556,5,-0.025603421398160298,-0.011670098336491685,0.049966980229120495
1617811200004,0.0005366,8.0,55.55555555555556,5,-0.005028361956166627,0.029152573534957593,0.07321347538535727
1617840000013,0.00040784,8.0,43.333333333333336,4,0.019425477878099784,0.03796805245622803,0.06949269446569462
1617868800003,0.00024943,8.0,30.74074074074074,3,0.01464373871909852,0.015567731600101498,0.04732747175531693
1617897600005,0.00026225,8.0,31.48148148148148,3,0.0034943311099451257,0.004465170240866456,0.03188301233276092
1617926400000,0.00019611,8.0,28.14814814814815,2,-0.0016651194773938949,0.0002432525356712567,0.03610314595152153
1617955200004,0.00026301,8.0,32.22222222222222,3,0.0035512787911491372,0.046079793425249926,0.049529424979860126
1617984000004,0.00021785,8.0,28.51851851851852,2,-0.0011833474363351915,0.0381771608279553,0.029346604404016263
1618012800011,0.00012959,8.0,22.22222222222222,2,0.04361297521462304,0.0305951694262121,0.030208273892474935
1618041600005,0.00148624,8.0,95.92592592592592,9,-0.004030071215492148,-0.014154657564997009,0.010373604235807354
1618070400000,0.00119652,8.0,89.25925925925927,8,-0.006228465806511263,-0.010694517005813031,0.051275683968970975
1618099200004,0.00086735,8.0,77.77777777777779,7,-0.0017021023949844727,0.008457977950385942,0.06374511892202195
1618128000000,0.00099427,8.0,81.48148148148148,8,-4.9297065621511926e-05,0.015083230993182095,0.077363973938396
1618156800000,0.00105998,8.0,85.18518518518519,8,0.007215775036540251,0.0018242484667856385,0.057359712852997013
1618185600001,0.00093793,8.0,78.51851851851852,7,0.007449689746477084,-0.008759301776187223,0.049497348114193374
1618214400001,0.00106358,8.0,85.92592592592592,8,-0.015747365836074168,0.007052671459497839,0.03450431361373729
1618243200008,0.00094343,8.0,78.14814814814814,7,-0.0003472346727663167,0.06293269868219276,0.04770757570324613
1618272000003,0.00084072,8.0,74.07407407407408,7,0.023520223935715734,0.06414460924448906,0.05633845818631511
1618300800008,0.00089928,8.0,76.29629629629629,7,0.03886751732726523,0.050875980465668214,0.0020021712057689545
1618329600008,0.0012267,8.0,90.0,8,0.0007925268064230551,-0.00837480069151142,-0.03346546820588314
1618358400008,0.00090508,8.0,75.92592592592592,7,0.010758133350432741,-0.00504927851883652,-0.03577797786476322
1618387200000,0.00108567,8.0,85.92592592592592,8,-0.01861616529020471,-0.021953487506369163,-0.034532350667006884
1618416000012,0.00104786,8.0,82.96296296296296,8,0.004148792601667894,-0.005999135114402754,-0.0477856412851384
1618444800006,0.00076335,8.0,68.14814814814815,6,-0.0069426552965893285,-0.0022979355452951156,-0.04986487042262444
1618473600000,0.00082082,8.0,70.74074074074073,7,-0.002402328488764316,-0.025631550876854647,-0.10629114134233197
1618502400008,0.00110324,8.0,86.29629629629629,8,0.00788777836092569,-0.019419939232699357,-0.11440247424505301
1618531200008,0.00109647,8.0,86.29629629629629,8,-0.029127947857301217,-0.028652550687446432,-0.11067040793183591
1618560000000,0.00120022,8.0,88.88888888888889,8,0.0021277918621442904,0.013106273380807831,-0.06675468853150623
1618588800002,0.00115519,8.0,87.03703703703704,8,-0.0016019477918916003,-0.02306671703462393,-0.1120600467434989
1618617600008,0.00054906,8.0,55.925925925925924,5,0.012206077494584244,-0.01958510490748744,-0.09448137137847268
1618646400000,0.00054007,8.0,55.55555555555556,5,-0.03200426318654226,-0.09464720749714184,-0.1272883138949421
1618675200001,0.00087572,8.0,72.96296296296296,7,0.0019561608598335223,-0.07553934837842369,-0.07964326485440965
1618704000006,0.00081624,8.0,68.14814814814815,6,-0.06321975188741291,-0.06614760115044205,-0.06320167464884552
1618732800004,0.00058448,8.0,58.88888888888889,5,-0.015077665930717465,0.014696501912813131,-0.019977031017332614
1618761600000,0.0001,8.0,0.0,0,0.00911345341530212,-0.022863305376413567,0.008457416838032916
1618790400000,0.0001,8.0,0.0,0,0.01958586312656818,-0.008725830635203491,-0.040836126300934916
1618819200000,0.0001,8.0,0.0,0,-0.05028888386603492,-0.052607419313431714,-0.0547883494901803
1618848000009,0.0001,8.0,0.0,0,0.01816348249477895,0.01259902031387039,-0.0022035899154452254
1618876800004,0.0001,8.0,0.0,0,-0.0244493684751107,0.014281763888340127,-0.06986098192513635
1618905600000,0.0001,8.0,0.0,0,0.020805566559993105,0.019516942824869377,-0.11390476555147933
1618934400001,0.0001,8.0,0.0,0,0.019855473128343792,0.013673432245987494,-0.10194246802093809
1618963200013,0.0001,8.0,0.0,0,-0.019995942354524843,-0.044850083100296145,-0.09411117382089285
1618992000001,0.0001,8.0,0.0,0,0.014218572824459264,-0.019643051661350608,-0.10127939877669223
1619020800002,0.0001,8.0,0.0,0,-0.039024956735910554,-0.02791023583114427,-0.10607325221272035
1619049600000,0.0001,8.0,0.0,0,0.004754727474972187,-0.04183592880978859,-0.07014775676677787
1619078400000,0.0001,8.0,0.0,0,0.007921918161828634,-0.11186023739184492,-0.08237381512116937
1619107200001,0.0001,8.0,0.0,0,-0.050874935732506565,-0.08861951408461288,-0.07921969460160383
1619136000002,0.0001,8.0,0.0,0,-0.06826949806949811,-0.012162162162162149,-0.050593822393822485
1619164800009,0.00047618,8.0,50.37037037037037,5,0.030590108827266205,0.030796682554403265,0.09553465092976832
1619193600001,0.0001,8.0,0.0,0,0.02874887691060901,0.00901085101878718,0.07972773639259967
1619222400019,0.0001,8.0,0.0,0,-0.027750635137776092,-0.0201690443619309,0.0545821770568693
1619251200001,0.00027672,8.0,35.92592592592593,3,0.008808643216080547,-0.0015075376884422509,0.09474110552763815
1619280000011,0.0001676,8.0,27.40740740740741,2,-0.0010018285163674312,0.001291338626606242,0.09712695586196207
1619308800000,0.000217,8.0,30.37037037037037,3,-0.008456177826762556,-0.018627994966926464,0.09777907948823095
1619337600010,0.00038558,8.0,43.7037037037037,4,0.011636436839456588,0.06440845495722192,0.09044791142425757
1619366400000,0.0001,8.0,0.0,0,-0.021905909508563637,0.06634227745153831,0.08018131193824374
1619395200003,0.0001,8.0,0.0,0,0.07513841206167471,0.09727132830844898,0.11707643306403281
1619424000002,0.0001,8.0,0.0,0,0.015720246190554343,0.030050029796977906,0.029400189013643496
1619452800004,0.0001,8.0,0.0,0,0.004790553850066992,0.025270506719120345,0.0007487102390826283
1619481600000,0.0001,8.0,0.0,0,0.011850563927032542,0.021266690272210065,-0.007136008920892056
1619510400000,0.0001,8.0,0.0,0,0.00901456937132461,-0.005875592086932446,-0.0024766831400038214
1619539200009,0.0001,8.0,0.0,0,0.00047527498571620086,-0.011774724378646462,0.040478100846922827
1619568000000,0.0001,8.0,0.0,0,-0.015041465327387482,-0.002006339939768065,0.04488756541445538
1619596800000,0.0001,8.0,0.0,0,0.0023439918705228102,0.0038856938866840274,0.06584769547725
1619625600001,0.0001,8.0,0.0,0,0.009601483133818478,-0.012287347621066536,0.05545083471302048
1619654400004,0.0001,8.0,0.0,0,-0.009246232546134214,-0.026193472264669837,0.051442225517716045
1619683200013,0.0001,8.0,0.0,0,-0.01255047629931172,0.0004021752370657605,0.044027440513799476
1619712000003,0.0001,8.0,0.0,0,-0.0046128169776671335,0.06597340448294653,0.05347570698416071
1619740800004,0.0001,8.0,0.0,0,0.017812261322764034,0.07574155136324756,0.060006190887955
1619769600019,0.0001,8.0,0.0,0,0.05217177310200549,0.06203129792161377,0.08023779221280081
1619798400003,0.0001,8.0,0.0,0,0.004508506467778117,0.0024460785768269933,0.008545915027831308
1619827200002,0.00011209,8.0,26.666666666666668,2,0.004840312771503097,0.0037019982623804903,-0.008648479582971325
1619856000006,0.0001,8.0,0.0,0,-0.0068602780356280535,-0.017347483665510643,-0.032150203982253656
1619884800000,0.00032496,8.0,42.22222222222222,4,0.006970989487814716,-0.013023085310373328,-0.06313316455907714
1619913600010,0.00015819,8.0,29.629629629629626,2,-0.01623304171092088,-0.018261847322812774,-0.08161099526427373
1619942400011,0.00045285,8.0,51.48148148148148,5,-0.0036142301204145078,0.03509945731995101,-0.033178484684132314
1619971200007,0.00045283,8.0,51.11111111111111,5,0.0015575768279760815,0.020510596962204142,0.016461144471918043
1620000000003,0.00040313,8.0,47.03703703703704,4,0.037238536444206716,0.00606773025201468,0.01281560917391289
1620028800000,0.00036188,8.0,44.81481481481481,4,-0.016955358323624492,-0.05005968065833322,-0.03315446700633595
1620057600043,0.00067307,8.0,64.07407407407408,6,-0.012617055584236425,-0.07220033606022425,-0.00957749140682329
1620086400004,0.00050959,8.0,54.81481481481482,5,-0.018981187079639916,-0.07016950067552075,-0.010679503080332609
1620115200003,0.00012186,8.0,27.77777777777778,2,-0.04216378389890463,-0.01839149134454998,-0.0018419006399216231
1620144000011,0.00066426,8.0,64.44444444444444,6,-0.010455799981645142,0.07354203025285821,0.07281921033369465
1620172800001,0.00044701,8.0,51.11111111111111,5,0.035647265402991124,0.08267816799390015,0.07952183784975952
1620201600007,0.00042458,8.0,49.629629629629626,4,0.0475433199854387,0.03751164907171467,0.06954787040407706
1620230400001,0.00011734,8.0,27.40740740740741,2,-0.0020345068627465324,-0.005631773544738428,0.005872425351460153
1620259200003,0.00076121,8.0,68.51851851851852,6,-0.007557246512314708,-0.017270845934547974,0.02695954762031616
1620288000001,0.00059968,8.0,63.33333333333333,6,0.003982744830826501,-0.019905303232984672,0.017607970682562923
1620316800000,0.0009352,8.0,77.03703703703704,7,-0.013703489433729565,0.00595968592547691,0.003196573097671518
1620345600000,0.00044645,8.0,51.48148148148148,5,-0.01110937261054501,0.015210031321329698,0.033216963926663956
1620374400000,0.00053313,8.0,58.14814814814815,5,0.03139451926219494,0.04867624427739958,0.047657819195719764
1620403200001,0.00017144,8.0,31.851851851851855,3,-0.004273447801968477,0.006550139376505726,0.017928902681259018
1620432000006,0.0005937,8.0,64.07407407407408,6,0.026078665909983867,0.02996219496223862,-0.021540839044833393
1620460800000,0.00046279,8.0,53.70370370370371,5,-0.012145044858222764,-0.009284154418447432,-0.046009269476183334
1620489600000,0.00046426,8.0,54.074074074074076,5,0.01956820978818241,-0.007122498016105094,-0.031051561916612735
1620518400005,0.00048942,8.0,56.2962962962963,5,-0.016594510723024314,-0.010187619016617577,-0.040192352555025734
1620547200016,0.00043845,8.0,50.74074074074074,5,-0.00903635852077822,0.01008420717267744,-0.013165861442617666
1620576000000,0.00063864,8.0,66.2962962962963,6,0.015811171515563993,0.02013596483366875,-0.035425613572330095
1620604800004,0.00033531,8.0,44.074074074074076,4,0.0035460992907800915,-0.04022697913037576,-0.18529109599013127
1620633600000,0.00090258,8.0,77.4074074074074,7,0.001541346157952983,-0.045081897895640544,-0.13019779356177896
1620662400013,0.00098653,8.0,81.48148148148148,8,-0.04288230323533759,-0.04366649397730915,-0.14781337865959243
1620691200000,0.00039557,8.0,47.77777777777778,4,-0.0006933265442874426,0.013426720855076457,-0.11236931742198375
1620720000000,0.00050874,8.0,58.51851851851851,5,0.003343622963706938,0.022973833184898762,-0.10457530138049465
1620748800002,0.00025625,8.0,37.77777777777778,3,0.011157390869471984,-0.012326569979281277,-0.08518503965135382
1620777600004,0.00016659,8.0,31.11111111111111,3,0.01109645400994963,-0.15982232249029726,-0.1197521473987806
1620806400007,0.00033736,8.0,45.18518518518518,4,-0.03394462139645649,-0.11099270311707299,-0.15231753949275417
1620835200012,0.00039761,8.0,49.25925925925926,4,-0.1398453755714959,-0.09778099912003835,-0.11779009169613441
1620864000016,0.00011638,8.0,27.40740740740741,2,0.06985956605222654,0.043057342302728285,-0.014122865460548417
1620892800000,0.0001,8.0,0.0,0,-0.02108054332593179,-0.016952075478739448,-0.030565471835419022
1620921600008,0.00022863,8.0,36.666666666666664,3,-0.005573374479212356,0.026615739421191664,-0.04377602434758476
1620950400007,0.0004004,8.0,50.74074074074074,5,0.007906440122613656,0.0044438200525993565,-0.06087269555065711
1620979200001,0.00035219,8.0,47.03703703703704,4,0.02427118259021399,-0.02965484637730098,-0.09337110023841633
1621008000004,0.00015069,8.0,30.37037037037037,3,-0.027050102443133106,-0.04752838125792447,-0.15636918263773403
1621036800022,0.0001,8.0,0.0,0,-0.02630977467025497,-0.05900144060615031,-0.1243135348148493
1621065600014,0.00010123,8.0,27.77777777777778,2,0.005404342640640714,0.014382109261987797,-0.06956522276760946
1621094400002,0.00020153,8.0,36.666666666666664,3,-0.03876983424182201,-0.022088244747492602,-0.11481066047451316
1621123200000,0.00040248,8.0,52.96296296296297,5,0.04982680561921904,-0.010097492962150345,-0.08616476278697782
1621152000003,0.00016682,8.0,33.33333333333333,3,-0.0307432313001601,-0.07891070163840108,-0.18148031062207726
1621180800002,0.00036196,8.0,50.37037037037037,5,-0.023353084552377834,-0.09426588600860764,-0.22271078564128033
1621209600005,0.0001,8.0,0.0,0,-0.026972059547576865,-0.06340934387519415,-0.20917543664602967
1621238400001,0.00063989,8.0,73.70370370370371,7,-0.04690140012475752,-0.004175934512029689,-0.11659574430540343
1621267200000,0.00059294,8.0,71.85185185185186,7,0.013381719525619618,-0.0033899183656561638,-0.05085039535163027
1621296000019,0.00054643,8.0,68.88888888888889,6,0.03456577658361648,-0.020949281880002113,-0.06420651607248229
1621324800001,0.00014723,8.0,31.48148148148148,3,-0.04348673566847938,-0.10763037958085031,-0.1173651018104559
1621353600006,0.00021809,8.0,38.88888888888889,3,-0.010636041289978415,-0.14129076570234467,-0.15806551412395897
1621382400000,0.0001,8.0,0.0,0,-0.062115698885988,-0.13511362057299448,-0.13109967639393494
1621411200003,0.00035813,8.0,51.11111111111111,5,-0.07956663470471859,-0.005895378441297616,-0.09424464020965306
1621440000018,-0.00089697,8.0,0.0,0,-0.006346214263273531,0.10241047194120045,0.035539932500852744
1621468800005,0.0001,8.0,0.3703703703703704,0,0.086937689264307,0.10828048814246727,0.0037634388174545563
1621497600000,0.0001,8.0,0.3703703703703704,0,0.029107610165621578,0.003019377306747506,-0.10230881751509813
1621526400005,0.0001,8.0,0.3703703703703704,0,-0.001055295890143526,-0.11061697627149825,-0.18040911918507874
1621555200000,0.0001,8.0,0.3703703703703704,0,-0.016488044949592107,-0.08158381476154597,-0.1443256257254636
1621584000000,-1.001e-05,8.0,0.3703703703703704,0,-0.08914670314166617,-0.09185055923218388,-0.08588926822532583
1621612800001,7.546e-05,8.0,0.7407407407407408,0,0.03159342926202968,0.05617208635563009,0.03907880506832706
1621641600001,-0.00024448,8.0,0.3703703703703704,0,-0.02707844192243314,-0.013889162917510744,0.02934953189097711
1621670400002,0.0001,8.0,1.4814814814814816,0,0.05232113138147043,-0.022940970293453544,0.06955926469850748
1621699200005,0.0001,8.0,1.4814814814814816,0,-0.036837393072471025,-0.12748360409835036,-0.010165927774698935
1621728000006,-5.011e-05,8.0,0.7407407407407408,0,-0.03600918094734418,-0.048663941799564014,0.034518317958301736
1621756800004,-1.059e-05,8.0,1.1111111111111112,0,-0.06027434068147075,0.02209153215899251,0.1341010751264673
1621785600002,4.696e-05,8.0,1.8518518518518516,0,0.05017088754372945,0.12756141042588642,0.16068711984572825
1621814400007,-8.534e-05,8.0,0.7407407407407408,0,0.035687488915869814,0.09724391680194988,0.11005745558390045
1621843200005,-9.905e-05,8.0,0.7407407407407408,0,0.036696182773745756,0.07101181302879822,0.048481221213837467
1621872000005,2.089e-05,8.0,2.5925925925925926,0,0.02193424438375713,0.006117257044176316,0.04865429609588756
1621900800000,0.0001,8.0,3.7037037037037033,0,0.007388203722263231,-0.007494843994599543,-0.008421734322844543
1621929600014,0.0001,8.0,3.7037037037037033,0,-0.026119126687500827,0.036018977746473224,-0.05777133696158765
1621958400000,0.0001,8.0,3.7037037037037033,0,0.007392095814298338,0.018886270174442332,-0.035441706426843744
1621987200022,0.0001,8.0,3.7037037037037033,0,0.056784597548060756,0.02080133898002101,-0.06272574640713657
1622016000018,0.0001,8.0,3.7037037037037033,0,-0.03824492112581657,-0.055072073085831064,-0.10312096184831587
1622044800004,0.0001,8.0,3.7037037037037033,0,0.004361988190257016,0.01872597441436641,-0.12195952348564076
1622073600000,0.0001,8.0,3.7037037037037033,0,-0.022943671641303065,-0.02155860249767061,-0.11637083789659497
1622102400017,0.0001,8.0,3.7037037037037033,0,0.036867312276043895,-0.03752398395826195,-0.05495365740477809
1622131200000,0.0001,8.0,3.7037037037037033,0,-0.03537705443096373,-0.0755289800917357,-0.10450882002791961
1622160000005,0.0001,8.0,3.7037037037037033,0,-0.03725109301777618,-0.061131764274681366,-0.07184045867476496
1622188800009,0.0001,8.0,3.7037037037037033,0,-0.005200668296073463,-0.013844790847476585,-0.02731023883100414
1622217600000,0.0001,8.0,3.7037037037037033,0,-0.02620456881038291,-0.06736858562222803,0.006660022623159012
1622246400006,0.0001,8.0,3.7037037037037033,0,0.011238652666684334,-0.03750102824860335,0.03654402507392929
1622275200000,0.0001,8.0,3.7037037037037033,0,-0.05257606591895425,-0.0025782102771478854,0.020019728095381106
1622304000000,0.00010375,8.0,37.407407407407405,3,0.010390997039237737,0.03862308483527732,0.05509418775871611
1622332800003,0.0001,8.0,3.7037037037037033,0,0.0460954269319922,0.027111787233512707,0.06844058986432522
1622361600004,0.0001,8.0,3.7037037037037033,0,-0.01682721666592346,-0.009370732440885265,0.032901418155503404
1622390400018,0.0001,8.0,3.7037037037037033,0,-0.00134251365541449,0.03921937028053346,0.07350389021922754
1622419200002,0.0001,8.0,3.7037037037037033,0,0.00893861745058433,0.0485032117250741,0.05729769432184817
1622448000000,0.0001,8.0,3.7037037037037033,0,0.03290103781665854,0.030267859263844787,0.07841880730034934
1622476800000,0.0001,8.0,3.7037037037037033,0,0.004004966569811863,-0.02249621270642077,0.04423483141233642
1622505600001,0.0001,8.0,3.7037037037037033,0,-0.008344611835257587,-0.00788298012858435,0.05453199395574537
1622534400010,0.0001,8.0,3.7037037037037033,0,-0.013268027225648016,0.011770291056173887,-0.009353458682719196
1622563200010,0.0001,8.0,3.7037037037037033,0,0.01391821068308241,0.04774915384152245,0.01451617825317042
1622592000008,0.0001,8.0,3.7037037037037033,0,0.011299514689206536,0.016399914749294142,-0.004973771307931307
1622620800000,0.0001,8.0,3.7037037037037033,0,0.02074701702641102,0.034664700361978884,0.008313983107655076
1622649600007,0.0001,8.0,3.7037037037037033,0,-0.016418787719758576,0.01233272107058525,-0.04992233009708735
1622678400019,0.0001,8.0,3.7037037037037033,0,0.027918370047390617,0.04576051614170007,-0.05040192848842229
1622707200002,0.0001,8.0,3.7037037037037033,0,0.0012774202858079065,-0.05225095365315724,-0.06097047607133821
1622736000003,0.0001,8.0,3.7037037037037033,0,0.01605961638154496,-0.04351451529289785,-0.0632452047693105
1622764800003,0.0001,8.0,3.7037037037037033,0,-0.06842088614214747,-0.06386675571523992,-0.08478713292336304
1622793600006,0.00020566,8.0,46.666666666666664,4,0.010507288147521443,0.026988148972917347,-0.008694733019858236
1622822400002,0.0001,8.0,3.7037037037037033,0,-0.005560251276313211,-0.01880019652472098,-0.02437345550457548
1622851200000,0.0001,8.0,3.7037037037037033,0,0.020142659652503836,-0.035648365170514396,-0.08282739994183785
1622880000004,0.0001,8.0,3.7037037037037033,0,-0.03454625690443858,-0.03523740069141046,-0.11914737601341752
1622908800020,0.0001,8.0,3.7037037037037033,0,-0.016915298670494905,-0.0018631519581876477,-0.12166746852720411
1622937600000,0.0001,8.0,3.7037037037037033,0,0.01732873454188044,0.009407718531908804,-0.060384314711716125
1622966400004,0.0001,8.0,3.7037037037037033,0,-0.0011480992793563294,0.0005102049277061482,-0.05742596915443632
1622995200000,0.0001,8.0,3.7037037037037033,0,-0.009524687561761613,-0.00370846164122951,0.0034594826758118646
1623024000007,0.0001,8.0,3.7037037037037033,0,0.009032232168839638,-0.05807872458325847,0.03886362901508433
1623052800007,0.0001,8.0,3.7037037037037033,0,-0.005475138121546874,-0.0874403314917126,0.018891436464088418
1623081600003,0.0001,8.0,3.7037037037037033,0,-0.06137109811176111,-0.1166500008332918,0.027719725124854877
1623110400000,0.0001,8.0,3.7037037037037033,0,-0.023915587797806115,-0.012050815558900418,0.085233277323153
1623139200000,1.015e-05,8.0,2.5925925925925926,0,-0.04188509597960777,0.03261258225568131,0.12332715973813935
1623168000002,0.0001,8.0,4.074074074074074,0,0.054098161164372494,0.14142044934641285,0.15830545003347263
1623196800009,0.0001,8.0,4.074074074074074,0,0.01733605030392904,0.11179313794890211,0.11157626952300581
1623225600002,-5.397e-05,8.0,1.4814814814814816,0,0.06438846368349793,0.08151852961753803,0.03276029812531056
1623254400000,-0.00014842,8.0,0.7407407407407408,0,0.026634728246054173,0.015812599079753076,-0.027144723352411915
1623283200007,-0.00016793,8.0,0.7407407407407408,0,-0.0103664506497545,-0.02343639950705978,-0.046938803436415766
1623312000003,6.027e-05,8.0,4.814814814814815,0,0.0031420238711392656,0.006323089198611687,-0.04385006237143774
1623340800000,0.0001,8.0,5.555555555555555,0,-0.0064211212428031406,-0.003423677288831084,-0.023678155379110666
1623369600010,0.0001,8.0,5.555555555555555,0,0.01979132752237489,0.023799102941883588,0.07395000927280604
1623398400007,2.612e-05,8.0,4.444444444444445,0,-0.007555549209272483,-0.05108320722341109,0.06369033779318367
1623427200006,4.776e-05,8.0,5.185185185185185,0,0.011572985057001661,-0.03904942496128183,0.10201769161962337
1623456000005,-7.78e-05,8.0,2.2222222222222223,0,-0.054797847513992415,-0.04675286128638201,0.0890492864764365
1623484800000,0.0001,8.0,6.666666666666667,0,0.0019695741589149662,-0.0011916036985610834,0.14431833667309113
1623513600018,-8.14e-06,8.0,4.074074074074074,0,0.003463735444175109,0.018695583391245885,0.13300563305478819
1623542400002,9.64e-05,8.0,7.037037037037037,0,-0.007159183588437146,0.10043352051938004,0.12717699849750042
1623571200000,2.852e-05,8.0,5.555555555555555,0,0.022658687825326762,0.12239713560465759,0.13714798874823386
1623600000003,-6.559e-05,8.0,2.5925925925925926,0,0.08397950193552473,0.12575294668689607,0.07748892886548231
1623628800000,0.0001,8.0,8.148148148148149,0,0.01206005962380119,0.03446297656584085,-0.01810198248116046
1623657600015,0.0001,8.0,8.148148148148149,0,0.02820464176647608,0.021659229773038247,-0.004913238211001647
1623686400000,-3.144e-05,8.0,3.7037037037037033,0,-0.004798363423680674,-0.013924874769136841,-0.041459178847733424
1623715200000,8.002e-05,8.0,8.148148148148149,0,-0.0013588511872516529,-0.009294631128521469,-0.06065010743973509
1623744000000,0.0001,8.0,8.88888888888889,0,-0.007822292953103216,-0.007450180077378632,-0.06644727769598013
1623772800004,0.0001,8.0,8.88888888888889,0,-0.0016984837317572943,-0.031219986057074323,-0.08884301641934089
1623801600004,0.0001,8.0,8.88888888888889,0,0.0013756848452879389,-0.04040512270269625,-0.10934346764493141
1623830400001,0.0001,8.0,8.88888888888889,0,-0.030904898870934172,-0.020108337249197583,-0.10981430323056307
1623859200000,0.0001,8.0,8.88888888888889,0,-0.01052958226522882,0.004039767768766689,-0.06957014128619987
1623888000004,0.0001,8.0,8.88888888888889,0,0.022556193322885942,-0.010629224145761729,-0.0785593832874073
1623916800000,0.0001,8.0,8.88888888888889,0,-0.006843439152589337,-0.03868328998024961,-0.09134664289576666
1623945600002,0.0001,8.0,8.88888888888889,0,-0.023083102974329583,-0.06083456608382143,-0.11425669514585868
1623974400009,5.342e-05,8.0,7.4074074074074066,0,-0.008002975893734887,-0.06186949369556183,-0.06552332927585447
1624003200014,3.45e-06,8.0,5.185185185185185,0,-0.03088769196905683,-0.05350072531220251,-0.1272807554915547
1624032000007,0.0001,8.0,9.62962962962963,0,-0.024159631384123914,-0.01478962290922059,-0.10451906360665286
1624060800003,-5.205e-05,8.0,3.3333333333333335,0,0.0008463188215921402,-0.007238297356838119,-0.11627601771380625
1624089600001,-9.441e-05,8.0,1.8518518518518516,0,0.008748266345386169,-0.0035348341995770083,-0.0876507754164273
1624118400000,7.475e-05,8.0,9.25925925925926,0,-0.016461777413234624,-0.046009708035930075,-0.11925183358776548
1624147200005,0.0001,8.0,10.74074074074074,1,0.0045799413595764005,0.0033678697934027557,-0.07980718712396406
1624176000000,0.0001,8.0,10.74074074074074,1,-0.03373519734488628,-0.07383013186066445,-0.04560425639726373
1624204800002,-0.00018437,8.0,0.7407407407407408,0,0.030666610183458287,-0.050509625551146464,-0.025780715936272958
1624233600019,-1.617e-05,8.0,5.185185185185185,0,-0.0735617907274565,-0.11282062687228522,-0.050291331176700926
1624262400000,0.0001,8.0,11.481481481481481,1,-0.011458951832777897,-0.01205362011511657,-0.00580793698879134
1624291200024,-0.00019854,8.0,0.7407407407407408,0,-0.03697164106903461,-0.019987024706535572,0.03551276092303657
1624320000008,7.947e-05,8.0,11.11111111111111,1,0.03326534212861132,0.033730216653740985,0.09913219191035805
1624348800009,0.0001,8.0,12.222222222222221,1,-0.015125513632371246,0.04934064651651293,0.049118609921934064
1624377600001,-0.00032806,8.0,0.3703703703703704,0,0.015814626151555045,0.046970222340852796,0.01663377994417159
1624406400003,6.7e-07,8.0,7.4074074074074066,0,0.04886875188976214,0.03555162638499443,-0.03413282745262358
1624435200000,-0.00013693,8.0,2.5925925925925926,0,-0.01574464494807004,-0.03521077280962703,-0.09514578576382127
1624464000000,-0.00019895,8.0,1.1111111111111112,0,0.004951846510977687,0.010651891074310749,-0.06062972888050466
1624492800009,-7.785e-05,8.0,4.444444444444445,0,-0.026155913396794683,0.02676477641476893,-0.04772490062993917
1624521600018,0.0001,8.0,14.074074074074074,1,0.031449527343921035,0.039843677707484204,0.009769686697933544
1624550400001,-0.00018863,8.0,1.8518518518518516,0,0.022194521369397924,-0.03785415973161643,-0.02479000077908644
1624579200009,2.372e-05,8.0,10.37037037037037,1,-0.013751114385621266,-0.0916050963799212,0.00022027881581809794
1624608000004,0.0001,8.0,14.814814814814813,1,-0.04562109338523568,-0.09896928160001828,0.02200452496237726
1624636800000,0.0001,8.0,14.814814814814813,1,-0.030322039642572074,-0.037131502352635404,0.06732556989679872
1624665600007,-0.00011029,8.0,3.7037037037037033,0,-0.021746447073899167,0.020978925412467264,0.09438037483660366
1624694400000,-0.00013121,8.0,3.7037037037037033,0,0.021800202927075185,0.0780141867013564,0.13315472978307352
1624723200002,-0.00010371,8.0,4.444444444444445,0,0.0229806765777143,0.052302398407303,0.15243888070504608
1624752000005,-0.00023578,8.0,1.1111111111111112,0,0.03264092369154126,0.07846036468159867,0.11743311519591759
1624780800010,-0.00052905,8.0,0.3703703703703704,0,-0.003852159548556666,0.05244290640750471,0.05991029011020821
1624809600001,-0.00026102,8.0,1.1111111111111112,0,0.04840976813701969,0.05625735910240959,0.036454243367010974
1624838400025,-2.914e-05,8.0,9.62962962962963,0,0.0077288425209007805,-0.006089382330486948,0.009219943109576745
1624867200017,3.312e-05,8.0,14.074074074074074,1,-0.00024174154735223663,0.0010067790745766914,-0.04339203490243837
1624896000007,0.0001,8.0,17.77777777777778,1,-0.013473760689049707,0.03683009367171586,-0.04243446761598946
1624924800008,8.346e-05,8.0,17.40740740740741,1,0.014923661040732839,0.04248548987674594,-0.02860438547529842
1624953600000,0.0001,8.0,18.14814814814815,1,0.04064084004889046,0.008766278542013728,-0.04311976872507206
1624982400000,3.883e-05,8.0,14.444444444444443,1,-0.010146178142488527,-0.05760778764494934,-0.07379026125595944
1625011200011,0.0001,8.0,18.51851851851852,1,-0.020516999070967268,-0.02597865313928105,-0.05773541648385483
1625040000044,0.0001,8.0,18.51851851851852,1,-0.025897129322682177,-0.05013162295540752,-0.01987341671349896
1625068800005,0.0001,8.0,18.51851851851852,1,0.020861319567293535,-0.024138646856524892,0.008060327347332752
1625097600000,0.0001,8.0,18.51851851851852,1,-0.044873718039834753,-0.04137593554241792,-0.01035063339035236
1625126400004,0.0001,8.0,18.51851851851852,1,0.0007590193051394412,-0.003983429126460103,0.06651913447247093
1625155200028,0.0001,8.0,18.51851851851852,1,0.0007745998274877319,0.005094886234951135,0.06187314334644478
1625184000002,8.304e-05,8.0,17.77777777777778,1,-0.005509183966325382,0.011222555725628913,0.048795800248732535
1625212800016,0.0001,8.0,18.88888888888889,1,0.009880560295226326,0.03598191750447599,0.02892531922133923
1625241600007,-0.00012187,8.0,5.185185185185185,0,0.006875930225635374,0.027759123653033235,0.0017687682324223353
1625270400008,-4.866e-05,8.0,9.62962962962963,0,0.01884050815683902,0.023975764663936472,-0.002585662257401977
1625299200000,-0.0001355,8.0,4.814814814814815,0,0.0015852729016871958,0.03165126314660749,0.009602928262778532
1625328000004,3.53e-05,8.0,15.555555555555555,1,0.00316944588134227,0.027955306265846414,-0.013551024805845135
1625356800012,3.235e-05,8.0,15.185185185185185,1,0.028410349125489898,0.012871878570168471,-0.013684040031216038
1625385600002,-0.0001527,8.0,4.074074074074074,0,-0.0036005063448922847,-0.03909209407414205,-0.026371708695033358
1625414400003,4.428e-05,8.0,17.037037037037038,1,-0.011550293110453191,-0.05179571359420532,-0.02738186406189147
1625443200004,0.0001,8.0,21.48148148148148,2,-0.024350802980462882,-0.0383181592734696,-0.03403901738223247
1625472000000,0.0001,8.0,21.48148148148148,2,-0.017831617754096474,0.01831130177649709,-0.05057319463712673
1625500800009,-0.0001044,8.0,6.666666666666667,0,0.002499300219710232,0.012041866770152954,-0.025006670941616016
1625529600008,-6.81e-06,8.0,13.333333333333334,1,0.03222938964411459,0.012581833939829146,-0.026398198089783165
1625558400019,-0.0001114,8.0,6.296296296296296,0,-0.022001517880755994,-0.004141867579118164,-0.05879447647615055
1625587200000,-8.213e-05,8.0,8.88888888888889,0,0.004003263245625055,0.013550930045567178,-0.014043295878081508
1625616000007,-0.00013362,8.0,5.555555555555555,0,0.01518119103647586,-0.008031143366564186,-0.010703995461625482
1625644800001,0.0001,8.0,23.333333333333332,2,-0.004634287208738486,-0.062304808188317184,-0.027910104285879367
1625673600008,0.0001,8.0,23.333333333333332,2,-0.018315806732984052,-0.049480140591328436,-0.02044124680510473
1625702400002,1.382e-05,8.0,15.925925925925927,1,-0.04036249194027919,-0.030711188294260672,-0.009668714118565402
1625731200010,-6.403e-05,8.0,10.74074074074074,1,0.00897912844643245,0.007918238270398392,0.029420790864413293
1625760000003,-0.0002808,8.0,1.1111111111111112,0,0.0010685160792469617,0.02532163674963872,0.0324087083146154
1625788800000,-0.00010885,8.0,7.777777777777778,0,-8.674481410586576e-05,0.02735079207146307,0.04154650480794553
1625817600006,-0.00017364,8.0,4.074074074074074,0,0.026400844973481608,0.028535855236663465,0.044440125745331516
1625846400000,-0.00018845,8.0,3.7037037037037033,0,0.005717827166085154,0.008339863594513997,-0.009287372212968825
1625875200002,-8.1e-07,8.0,16.666666666666664,1,-0.002475120086967819,-0.006993064929515902,-0.02263322004690449
1625904000000,7.847e-05,8.0,24.074074074074073,2,0.0028382774518442844,-0.007706732270841288,-0.015787140451765547
1625932800001,7.2e-07,8.0,17.40740740740741,1,-0.007519899876620162,0.0018030843773695349,-0.03032624086628488
1625961600001,7.785e-05,8.0,24.444444444444443,2,-0.0024845053635279557,0.018574493444576845,-0.02547437425506549
1625990400025,0.0001,8.0,27.037037037037038,2,0.011907713502737005,0.02262384912216331,-0.048138073676494364
1626019200006,-3.373e-05,8.0,14.074074074074074,1,0.0090954310300293,-0.015870288780156616,-0.032183673921225786
1626048000000,8.851e-05,8.0,27.037037037037038,2,0.0007407948568087797,-0.03331268264172993,-0.041328755113968385
1626076800021,3.463e-05,8.0,21.48148148148148,2,-0.02618304205849209,-0.029694464478139948,-0.053117092106412245
1626105600000,0.0001,8.0,28.14814814814815,2,-0.005111578947368356,-0.013654135338345919,-0.045769022556390926
1626134400000,0.0001,8.0,28.14814814814815,2,0.004021458257003285,-0.009992430480736947,-0.03639777944645772
1626163200013,0.0001,8.0,28.14814814814815,2,-0.012903165597097699,-0.04071085571641153,-0.0456552478623421
1626192000005,5.2e-07,8.0,17.40740740740741,1,-0.002553919293222462,-0.00011589316114468673,-0.020686319300298073
1626220800000,0.0001,8.0,28.51851851851852,2,-0.025466656121973186,0.0017172786507515525,-0.0411688853780624
1626249600000,1.317e-05,8.0,19.25925925925926,1,0.027077777642002365,0.01595151191569477,-0.013903602234277002
1626278400005,-0.00011753,8.0,7.777777777777778,0,0.0004749120177447441,-0.03345277812854763,-0.03315630126197866
1626307200005,-4.883e-05,8.0,14.074074074074074,1,-0.011737898617067422,-0.030144884588966137,-0.040917861538466105
1626336000001,0.0001,8.0,29.629629629629626,2,-0.022437050331970076,-0.022048039862313185,-0.022541629673138663
1626364800000,1.576e-05,8.0,20.74074074074074,2,0.004658949867278883,0.012570213608218195,-0.010947681209574567
1626393600000,-0.00011529,8.0,8.148148148148149,0,-0.005129250847032196,-0.01489427782657804,-0.004792633956581804
1626422400000,6.105e-05,8.0,26.666666666666668,2,0.013070871107607296,-0.007592274339771388,-0.003309420575482891
1626451200001,1.073e-05,8.0,20.37037037037037,2,-0.022411021427855227,-0.01284780635890892,-0.04436362639806124
1626480000004,0.0001,8.0,31.11111111111111,3,0.0022774108810481586,0.002151896838925582,-0.018071792120712638
1626508800009,-4.343e-05,8.0,15.185185185185185,1,0.0074879856590723826,0.007071297803092014,-0.05279063262815298
1626537600006,2.365e-05,8.0,22.59259259259259,2,-0.0075566305623795405,-0.010852423134716127,-0.05737177657006021
1626566400000,0.0001,8.0,31.851851851851855,3,0.0073685040150814896,0.008163321083213937,-0.05413559115194766
1626595200001,0.0001,8.0,31.851851851851855,3,-0.010443151433743747,-0.0015739368430621736,-0.02869412792473891
1626624000003,-4.434e-05,8.0,15.185185185185185,1,0.009963644180533304,-0.02130478449473261,0.01924890580114358
1626652800002,-7.51e-05,8.0,12.592592592592592,1,-0.000990956026247436,-0.026614021996192228,0.009801875111119296
1626681600006,3.183e-05,8.0,24.814814814814813,2,-0.02999872609491816,-0.05795888795356785,0.012652754021572843
1626710400006,-1.23e-05,8.0,17.77777777777778,1,0.00448478133350716,-0.02628495079189208,0.058469660431467174
1626739200002,-0.00015687,8.0,5.185185185185185,0,-0.033160933076647026,-0.032407614679911045,0.047748123030325385
1626768000011,-0.00012569,8.0,7.777777777777778,0,0.0026153063539124943,0.03269065831629847,0.08820098867573023
1626796800001,-0.00018939,8.0,3.3333333333333335,0,-0.0018313608497084743,0.06954954279567693,0.08053670385837486
1626825600022,-0.00022869,8.0,2.5925925925925926,0,0.03188665770317889,0.07215764114978529,0.12451793312254611
1626854400000,-0.00039139,8.0,0.7407407407407408,0,0.03757174448874645,0.04215864859974183,0.09756925594950938
1626883200018,-0.00032314,8.0,1.4814814814814816,0,0.0006026750511303192,0.016355461875639854,0.058979232431052075
1626912000002,-0.00016261,8.0,6.666666666666667,0,0.0018294524964677095,0.009963792476916034,0.06860540679830796
1626940800006,1.362e-05,8.0,25.185185185185183,2,0.01388843799710826,0.012321415639257705,0.08286863732734662
1626969600010,1.374e-05,8.0,25.555555555555554,2,-0.005689928017684642,-0.005984876940412942,0.04981034599540646
1626998400013,3.44e-06,8.0,23.703703703703706,2,0.0041680871480418435,0.038489084665024986,0.09241349926413633
1627027200000,-0.00016985,8.0,6.296296296296296,0,-0.004325263248083466,0.04123146414814749,0.17733055379026075
1627056000005,-9.9e-06,8.0,21.85185185185185,2,0.03879723011440639,0.04821127300197814,0.19348252374650055
1627084800000,-7.246e-05,8.0,15.925925925925927,1,0.003173332486082092,0.015811135792916042,0.10589078237032234
1627113600002,-0.00013379,8.0,9.25925925925926,0,0.0010074452153598923,0.026079698204197754,0.09730512841672856
1627142400001,-0.00010603,8.0,12.962962962962962,1,0.009698203582197973,0.007555621876140561,0.129018522649875
1627171200003,-0.00025685,8.0,2.5925925925925926,0,0.015201389734321058,0.03246537370180658,0.1524885749604339
1627200000015,-0.00021708,8.0,4.074074074074074,0,-0.017063995387719744,0.10323695589507076,0.1480167195157105
1627228800000,-5.198e-05,8.0,19.25925925925926,1,0.034638295577699596,0.13181531244010491,0.16080564889693072
1627257600000,-0.00054841,8.0,0.3703703703703704,0,0.0820405852143058,0.054942231742077796,0.1328914947007407
1627286400000,0.0001,8.0,40.370370370370374,4,0.01098209833155983,-0.028224348729789184,0.04400771197122544
1627315200000,0.0001,8.0,40.370370370370374,4,-0.035634506278762856,-0.00955181879172562,0.03263035323526475
1627344000046,0.0001,8.0,40.370370370370374,4,-0.00421767305128895,0.0570670248454308,0.07065629064875334
1627372800014,0.0001,8.0,40.370370370370374,4,0.029937724422415046,0.07349962976450741,0.06986843768708884
1627401600007,-2.248e-05,8.0,22.962962962962962,2,0.030687823487043797,0.03572568926818653,0.02077409716755163
1627430400000,-2.037e-05,8.0,23.333333333333332,2,0.014713049146287238,0.016772494695040052,0.07106472648473416
1627459200002,0.0001,8.0,41.11111111111111,4,-0.006303374538916828,0.002367123920582026,0.04237822256037105
1627488000005,0.0001,8.0,41.11111111111111,4,0.011529888433395197,0.010027121568457087,0.04870637471834183
1627516800004,1.493e-05,8.0,30.74074074074074,3,-0.0027724241474195166,-0.0035598345738627746,0.030656296098296565
1627545600000,8.276e-05,8.0,40.0,3,-3.5354773872287026e-05,-0.0037907338397340506,0.04637894400054576
1627574400007,0.0001,8.0,41.85185185185185,4,-0.002077283034879862,-0.024220124451845515,0.030960598922004312
1627603200004,0.0001,8.0,41.85185185185185,4,-0.004950429270359491,0.05487114368053114,0.001499218425845772
1627632000000,0.0001,8.0,41.85185185185185,4,-0.0171383136489347,0.044826263494744945,0.009032405510356334
1627660800000,-2.377e-05,8.0,22.962962962962962,2,0.07892188785632137,0.06418720711755377,0.015893470240364804
1627689600000,0.0001,8.0,42.22222222222222,4,-0.0147154532909326,-0.016631372174838566,-0.070994621090963
1627718400014,0.0001,8.0,42.22222222222222,4,-0.0002707624709724632,0.0036543297906166394,-0.0729056860118904
1627747200003,0.0001,8.0,42.22222222222222,4,-0.005880317562207971,-0.007064139893921184,-0.08042112557817682
1627776000005,0.0001,8.0,42.22222222222222,4,0.00986447914929589,-0.03174894418224061,-0.0718746243072712
1627804800016,0.0001,8.0,42.22222222222222,4,-0.010947314354564308,-0.037208772060358886,-0.09124378061688587
1627833600001,0.0001,8.0,42.22222222222222,4,-0.03059455217301299,-0.03734931017018783,-0.046563785324156726
1627862400000,0.0001,8.0,42.22222222222222,4,0.007062399517684836,-0.01677728094855313,-0.0014758340032153816
1627891200014,0.0001,8.0,42.22222222222222,4,-0.011091685835034948,-0.04058251231557786,-0.03024567836080483
1627920000021,0.0001,8.0,42.22222222222222,4,-0.014471790243742677,-0.03794685509303275,-0.02145534663174431
1627948800000,0.0001,8.0,42.22222222222222,4,-0.01558885982238678,-0.02315858429698625,0.04473081719452665
1627977600000,0.0001,8.0,42.22222222222222,4,-0.008520378157476305,-0.017639510843244666,0.05658009684925869
1628006400009,0.0001,8.0,42.22222222222222,4,0.003358960726703275,0.029494080614533624,0.11078072057686406
1628035200000,0.0001,8.0,42.22222222222222,4,-0.010027018049521663,0.03963911418460686,0.11917732262375869
1628064000000,0.0001,8.0,42.22222222222222,4,0.037597558594601566,0.026342174559640608,0.14076944639584377
1628092800003,1.272e-05,8.0,29.629629629629626,2,0.0103842812743149,-0.011998211212804422,0.10136401386742744
1628121600000,0.0001,8.0,42.592592592592595,4,-0.022688729976037325,0.028721296628238413,0.11819895972880001
1628150400000,0.0001,8.0,42.592592592592595,4,-0.0017347368767888227,0.04794710790094281,0.15368239668096106
1628179200001,0.0001,8.0,42.592592592592595,4,0.05183396581824984,0.09206062478054511,0.13194002028451401
1628208000000,0.0001,8.0,42.592592592592595,4,-0.004423722637555083,0.046450188183678964,0.0729734488602598
1628236800004,0.0001,8.0,42.592592592592595,4,0.03966209997059411,0.05787509206191466,0.07489787044206131
1628265600003,0.0001,8.0,42.592592592592595,4,0.009532598372593792,0.0207664860167327,0.08280716504157226
1628294400015,0.0001,8.0,42.592592592592595,4,0.007910181168665487,0.03951585541276792,0.07920953334324077
1628323200001,0.0001,8.0,42.592592592592595,4,0.003192377243010025,0.038183103816015196,0.06407729401400286
1628352000002,0.0001,8.0,42.592592592592595,4,0.02807562448436296,0.015430639424843573,0.043709630081554485
1628380800000,0.0001,8.0,42.592592592592595,4,0.008323964617188429,-0.012885293841710554,0.025049738377148634
1628409600002,0.0001,8.0,42.592592592592595,4,-0.018793242400402366,-0.021279118661735708,0.039893937137164714
1628438400018,0.0001,8.0,42.592592592592595,4,-0.0019278820539466723,0.04465876988334605,0.05722061356763786
1628467200000,0.0001,8.0,42.592592592592595,4,-0.0017663878053144622,0.05276280146826706,0.035622230047510195
1628496000000,0.0001,8.0,42.592592592592595,4,0.048306347301834585,0.04805564720239919,0.032422281256742735
1628524800002,0.0001,8.0,42.592592592592595,4,0.006178421753098906,-0.016090910813959303,-0.03744720510290578
1628553600000,0.0001,8.0,42.592592592592595,4,-0.006229729024648467,-0.013614258209765251,-0.038238087578190916
1628582400003,0.0001,8.0,42.592592592592595,4,-0.016009879316945086,0.0145882459571689,0.0051917396674487915
1628611200000,0.0001,8.0,42.592592592592595,4,0.00957592066444457,0.029693885193541547,0.02735857042129619
1628640000006,0.0001,8.0,42.592592592592595,4,0.02281436550998417,-0.0009666415323760225,0.04825058968208462
1628668800003,0.0001,8.0,42.592592592592595,4,-0.002444409703939332,-0.03009589524706957,0.023010049072872185
1628697600000,0.0001,8.0,42.592592592592595,4,-0.022189048281139767,-0.0486925978617514,0.008632445764228835
1628726400013,0.0001,8.0,42.592592592592595,4,-0.0070082814551512,-0.02323349623038584,0.03705065169080801
1628755200001,0.0001,8.0,42.592592592592595,4,-0.021768370404368298,0.021480986025104176,0.010239784404150187
1628784000000,0.0001,8.0,42.592592592592595,4,0.00491831685072075,0.048800869018766235,0.04481567961764621
1628812800000,0.0001,8.0,42.592592592592595,4,0.03914248282444466,0.07445344366507878,0.059916125662935915
1628841600000,0.0001,8.0,42.592592592592595,4,0.0043548381855818,0.03226778474712688,0.02563750407528209
1628870400002,0.0001,8.0,42.592592592592595,4,0.028489415141729424,0.009569526469418665,-0.003308798572522975
1628899200006,0.0001,8.0,42.592592592592595,4,-0.0018137031812721638,-0.01164072249754633,-0.038250991711778703
1628928000000,0.0001,8.0,42.592592592592595,4,-0.01641064039061524,-0.04089124467152594,-0.034831689156449075
1628956800000,0.0001,8.0,42.592592592592595,4,0.005115424553995052,-0.014565817246465329,-0.02370065634720364
1628985600003,0.0001,8.0,42.592592592592595,4,-0.03268009327962684,-0.0008923044307822536,-0.050243587025651903
1629014400000,0.0001,8.0,42.592592592592595,4,0.010586725819007992,0.03593776051091102,-0.015377610360353455
1629043200007,0.0001,8.0,42.592592592592595,4,0.020777523444485357,0.0017624517421350738,-0.009240038259736405
1629072000012,0.0001,8.0,42.592592592592595,4,0.003466735528904197,-0.026054624531408277,-0.049938136446110226
1629100800003,0.0001,8.0,42.592592592592595,4,-0.02201843087807498,-0.02913580915217162,-0.052095851054179354
1629129600010,0.00013924,8.0,98.88888888888889,9,-0.007567565931337117,-0.012378375701972866,-0.007724971302708883
1629158400018,0.0001,8.0,42.592592592592595,4,0.0002921567990943341,-0.02396513639103781,0.01725620539080497
1629187200015,0.0001,8.0,42.592592592592595,4,-0.005138149151163174,-0.01970164714368916,0.022520866448197507
1629216000006,0.0001,8.0,42.592592592592595,4,-0.019210766961684222,0.0014127302473361247,0.06667723350068777
1629244800000,0.0001,8.0,42.22222222222222,4,0.00551416000448679,-0.0003074594442894485,0.10206558673026467
1629273600000,0.0001,8.0,42.22222222222222,4,0.017683300130109325,-0.005707250895264915,0.08863960853898778
1629302400011,0.0001,8.0,42.22222222222222,4,-0.02115362585490288,0.003294343671598421,0.07412743288231138
1629331200000,0.0001,8.0,42.22222222222222,4,8.29233544574759e-05,0.044664619733836286,0.09261264668325575
1629360000014,0.0001,8.0,42.22222222222222,4,0.023760356619503042,0.04728826720853507,0.09798403260847488
1629388800000,0.0001,8.0,41.85185185185185,4,0.019132164395055717,0.06220689958938963,0.057921122069104936
1629417600000,0.0001,8.0,41.48148148148148,4,0.0026892228469046486,0.05527124264603778,0.05545631526618022
1629446400001,0.00011483,8.0,99.25925925925925,9,0.03782379567955063,0.04251329625498146,0.06963469565852698
1629475200001,0.00014278,8.0,99.62962962962963,9,0.010813132809940784,0.00840709018052177,0.017747206872460675
1629504000005,0.0001,8.0,41.11111111111111,4,-0.0062272068574199535,-0.008666394179412396,0.0057254810709681525
1629532800001,0.00020013,8.0,99.62962962962963,9,0.0038710083418942443,0.0056530697141101705,0.018058644162267656
1629561600000,0.00016694,8.0,99.25925925925925,9,-0.00587139268596637,-0.013320705632762553,-0.01710433837573655
1629590400005,0.0001,8.0,40.0,3,0.008127490235685153,0.011007474112199489,-0.019318483695965005
1629619200007,0.0001,8.0,39.62962962962963,3,-0.014006095083299419,0.02024786672084522,-0.022658472165786314
1629648000002,0.00014813,8.0,98.88888888888889,9,0.017102398444528433,0.02178500913443915,0.004826437412091433
1629676800003,0.0001,8.0,38.88888888888889,3,0.01734156040616197,0.0034719992317759907,-0.006714058031292658
1629705600005,0.0003918,8.0,100.0,9,-0.012520560930050939,-0.007755005316966934,-0.06732036816510867
1629734400002,0.00023983,8.0,99.62962962962963,9,-0.0011266870560657782,-0.023793323607834704,-0.05490093744718971
1629763200006,0.000293,8.0,99.62962962962963,9,0.005959380998017627,-0.03335198121456451,-0.052963145635779973
1629792000004,0.0001,8.0,38.88888888888889,3,-0.02848185036396811,-0.0345678873594466,-0.0478088560919675
1629820800000,0.00041348,8.0,100.0,9,-0.010568729224108897,0.008457052433559431,-0.002255062251635964
1629849600015,0.00019568,8.0,97.77777777777777,9,0.0046940267335005,0.024001670843776024,0.024228696741854572
1629878400000,0.0001,8.0,38.88888888888889,3,0.012161933449418516,-0.02620240954347841,0.017314531293642244
1629907200000,0.0001,8.0,38.88888888888889,3,0.005083093967993335,-0.03930447271235116,0.0014144439885104276
1629936000001,0.0001,8.0,38.88888888888889,3,-0.04473252673916761,-0.04325136857219769,-0.001916612957176378
1629964800016,0.00021865,8.0,98.51851851851852,9,0.0006285763088222929,0.013002604833888487,0.036436288325219834
1629993600004,0.0001,8.0,38.88888888888889,3,0.0009213612418874639,0.02954351863548066,0.03618273934908123
1630022400013,0.0001,8.0,38.88888888888889,3,0.011434358972828296,0.04543834374151268,0.04178357837003088
1630051200001,0.0001,8.0,38.88888888888889,3,0.01696743955473501,0.03264601805164258,0.010275689804128962
1630080000004,0.0001,8.0,38.88888888888889,3,0.016374297124498005,0.012124971580316668,-0.004840828012263598
1630108800000,0.0001,8.0,38.88888888888889,3,-0.0016303864912696753,-0.002203467342951071,-0.04267434741742715
1630137600000,0.0003224,8.0,99.25925925925925,9,-0.0036576214804732166,-0.009845244112246077,-0.024497776195534837
1630166400000,0.00023137,8.0,98.14814814814815,9,0.0030949248231983972,-0.006360924863354933,-0.02834173411674179
1630195200000,0.0001,8.0,38.88888888888889,3,-0.00927655228758173,-0.0038075980392155984,-0.03791013071895433
1630224000002,0.0001,8.0,38.88888888888889,3,0.000383787165605165,-0.012566506113299014,-0.02628437372341319
1630252800005,0.0001,8.0,38.88888888888889,3,0.006331603281305442,-0.011217194976396838,-0.021386433108270153
1630281600013,0.0001,8.0,38.88888888888889,3,-0.019155642382444493,-0.037853117633950384,0.0010231512526543973
1630310400008,0.0001,8.0,38.88888888888889,3,0.0017507946588246615,-0.0035126465289118114,0.042074566494730625
1630339200000,0.0002255,8.0,97.77777777777777,9,-0.022106711849361527,-0.012708777920933945,0.03200114747057903
1630368000000,0.00036162,8.0,99.25925925925925,9,0.017325479087762385,0.0027621563084563316,0.04944909085141913
1630396800007,0.00027795,8.0,98.14814814814815,9,-0.007687146112722587,-0.010416389698131301,0.03362040358720919
1630425600003,0.00023354,8.0,97.4074074074074,9,-0.005738340290879385,0.002650590818233489,0.06832629420693048
1630454400000,0.00044618,8.0,100.0,9,0.0029577156211202382,0.038130159867798774,0.059999252716122164
1630483200006,0.00027256,8.0,97.4074074074074,9,0.005415872766023844,0.05675548621839255,0.06143616784953099
1630512000000,0.00033967,8.0,98.51851851851852,9,0.0290007771165377,0.0431690025405167,0.049498935541834044
1630540800009,0.0004052,8.0,99.25925925925925,9,0.02106825150254621,0.008538055951280876,0.020015891696067545
1630569600006,0.0004869,8.0,100.0,9,-0.00781493059156424,-0.011596968603739155,-0.0013393591816975858
1630598400007,0.00057405,8.0,100.0,9,-0.004491825990523224,0.021722229161214468,0.014280782204451281
1630627200011,0.00047856,8.0,99.25925925925925,9,0.0006830670317798937,0.012315881004453022,0.04875355468488718
1630656000000,0.00033375,8.0,96.66666666666667,9,0.024809017322593663,0.01694311889301936,0.048968634818603585
1630684800002,0.00024375,8.0,94.81481481481482,9,-0.013656837977511493,-0.013848205920596324,0.019362920515749282
1630713600003,0.00043928,8.0,98.51851851851852,9,0.004536688349652929,-0.0009238361746535251,0.053962123918186666
1630742400008,0.00011799,8.0,90.0,8,-0.0047093411466897495,-0.005743215634685717,0.04351640904515608
1630771200009,0.00019219,8.0,91.48148148148148,9,-0.0007299601896335606,0.006657156824086297,-0.06468388518256918
1630800000002,0.0001,8.0,38.88888888888889,3,-0.0003090317845804158,0.036952345374884565,-0.06280399649042501
1630828800002,0.0001,8.0,38.88888888888889,3,0.007703925796614275,0.03783582011757258,-0.09418419657770793
1630857600000,0.0001,8.0,38.88888888888889,3,0.03037790498153714,0.027537405644114887,-0.08336620856204247
1630886400003,0.00026783,8.0,94.44444444444444,9,0.0005426965757933111,0.017343484800050657,-0.10996292733006818
1630915200008,0.0001,8.0,38.88888888888889,3,-0.0029710429073376288,0.011281502500497309,-0.10583526657484976
1630944000009,0.0001,8.0,38.51851851851852,3,0.01982160919825282,-0.09515674339820546,-0.08968924104573217
1630972800004,0.0001,8.0,38.51851851851852,3,-0.005419175896198669,-0.11160926309390373,-0.11735481297137107
1631001600002,0.0001,8.0,38.51851851851852,3,-0.10790919617204042,-0.13694360708518616,-0.11646254880740137
1631030400001,0.00022977,8.0,92.5925925925926,9,0.0012784692798026853,-0.01509946944916618,-0.02679561128110508
1631059200005,0.0001,8.0,37.77777777777778,3,-0.033781755196304775,-0.015226242408690416,-0.03815050038491141
1631088000000,0.0001,8.0,37.407407407407405,3,0.020176879541635495,0.025139895496574916,-0.001901511533393685
1631116800000,0.0001,8.0,37.03703703703704,3,-0.0011700401993777199,0.020464092071811324,-0.009882726855623858
1631145600006,0.0001,8.0,37.03703703703704,3,0.005182841294919971,0.008894301132894133,-0.02012357345919691
1631174400014,0.0001,8.0,37.03703703703704,3,0.015032412600041845,-0.0007377301329167807,-0.02010622449808419
1631203200002,0.0001,8.0,36.666666666666664,3,-0.011172145190639915,-0.032640864929288194,-0.022552648101050288
1631232000001,0.0001,8.0,36.2962962962963,3,-0.00441375623203355,-0.03188937263406566,-0.00833291004434622
1631260800018,0.0001,8.0,35.92592592592593,3,-0.017374210624282127,-0.026587836647354757,-0.03924962745768201
1631289600006,0.00011115,8.0,88.14814814814815,8,-0.010403974934888538,0.0038541063018753263,-0.02531834108422759
1631318400000,0.0001,8.0,35.55555555555556,3,0.003601578220169932,0.00498013866643876,0.0016735527898259495
1631347200001,0.0001,8.0,35.18518518518518,3,0.013355874068301521,0.007401841976625967,0.016745645854464364
1631376000000,0.0001,8.0,34.81481481481482,3,-0.010519072888880432,0.0063509439611890706,0.025343714455001054
1631404800000,0.0001,8.0,34.44444444444444,3,0.004596798722909634,0.019530745494417356,0.04249679497901093
1631433600002,0.0001,8.0,34.44444444444444,3,0.012498261129706867,-0.020259519915273194,0.03968438208982317
1631462400000,0.0001,8.0,34.44444444444444,3,0.0024397883498310513,-0.03493007580965435,0.05077770023428596
1631491200000,0.0001,8.0,34.074074074074076,3,-0.03436919907182978,-0.022383773925926054,0.044400330018015355
1631520000007,0.0001,8.0,33.7037037037037,3,-0.0031257214631374985,0.03014540196494475,0.08712664493595312
1631548800005,0.0001,8.0,33.7037037037037,3,0.014676754090049648,0.056279362367819274,0.08459973504600127
1631577600002,0.0001,8.0,33.7037037037037,3,0.01842822515629927,0.04858934727168229,0.06205875391304194
1631606400000,0.0001,8.0,33.7037037037037,3,0.022050167151004052,0.030025345773155188,0.04276880721917542
1631635200007,0.0001,8.0,33.7037037037037,3,0.007289617850674057,0.031091356998947717,0.015058770834348367
1631664000012,0.0001,8.0,33.7037037037037,3,0.0004996134625354642,0.020500487520907384,0.004879664225809099
1631692800003,0.0001,8.0,33.7037037037037,3,0.023118325512791804,0.02444741824584784,0.0318278269355019
1631721600006,0.0001,8.0,33.7037037037037,3,-0.0030567717265713723,-0.0041508593219724554,0.002696359086222344
1631750400008,0.0001,8.0,33.7037037037037,3,0.004369187963434884,-0.007501440665774739,0.0028012945618920426
1631779200005,0.0001,8.0,33.33333333333333,3,-0.005442849357304547,-0.012624570689461434,-0.0025901968686229404
1631808000002,0.0001,8.0,32.96296296296296,3,-0.006411034179625963,-0.011445792786135,-0.006977735886203429
1631836800000,0.0001,8.0,32.96296296296296,3,-0.0008288671026016603,-0.008757015483840336,-0.010457878414261379
1631865600047,0.0001,8.0,32.592592592592595,3,-0.004255497557805632,0.020082384755675697,-0.06126595811584179
1631894400013,0.0001,8.0,32.22222222222222,3,-0.0028115789473684982,0.01853368421052637,-0.07895852631578948
1631923200000,0.0001,8.0,31.851851851851855,3,0.027548002227022916,0.01954368842632448,-0.09178569889738719
1631952000010,0.0001,8.0,31.851851851851855,3,-0.005767248056399943,-0.00972442196511003,-0.11232426631681758
1631980800005,0.0001,8.0,31.851851851851855,3,-0.0029524383349851524,-0.013758891781477267,-0.10924724604100633
1632009600006,0.0001,8.0,31.48148148148148,3,-0.0010307331369301398,-0.019020674989235542,-0.1588108507259185
1632038400015,0.0001,8.0,31.11111111111111,3,-0.009817839747371604,-0.07071002841176155,-0.11734300327946146
1632067200007,0.0001,8.0,31.11111111111111,3,-0.008271876019733226,-0.08310270903992045,-0.09542993991997017
1632096000018,0.0001,8.0,30.74074074074074,3,-0.05366800507185121,-0.09195519864750634,-0.08167561284868974
1632124800000,0.0001,8.0,30.37037037037037,3,-0.021105779777859324,-0.03440191838636808,-0.012212198481679648
1632153600005,0.0001,8.0,30.37037037037037,3,-0.017846844773205306,-0.014961095528700175,0.0006795510894188617
1632182400005,0.0001,8.0,30.0,2,0.005271281314669141,-0.05566403249995111,0.04447169426661457
1632211200007,0.0001,8.0,29.629629629629626,2,-0.0023208607997466935,-0.01532323745380848,0.04007183208867282
1632240000000,0.0001,8.0,29.259259259259256,2,-0.05590569105691057,0.002935191637630785,-0.026766085946573703
1632268800005,0.0001,8.0,28.888888888888886,2,0.04821515311555569,0.0709330216943791,0.05502297244711074
1632297600006,0.0001,8.0,28.51851851851852,2,0.014764670214789444,0.039204585396521274,-0.0023739052398721316
1632326400000,0.0001,8.0,28.51851851851852,2,0.007202784116122851,0.014116752778603914,-0.011988041604248267
1632355200003,4.744e-05,8.0,25.555555555555554,2,0.01715977706649463,0.03278003438490895,-0.018902034766452025
1632384000000,7.835e-05,8.0,26.296296296296294,2,-0.009727254654822604,0.014226307824978246,-0.06758395213313195
1632412800007,0.0001,8.0,28.51851851851852,2,0.025134538776405257,-0.04207934361523269,-0.008100422118266115
1632441600000,-7.856e-05,8.0,11.851851851851853,1,0.0004151572321571262,-0.04585000041270337,-0.03827879068557605
1632470400017,-8.536e-05,8.0,11.11111111111111,1,-0.06653349979933698,-0.05550828037783828,-0.027145251233748557
1632499200000,3.978e-05,8.0,24.814814814814813,2,0.020845525723118152,0.018164234235180432,0.03182726888241172
1632528000007,0.0001,8.0,28.51851851851852,2,-0.008811355789236641,-0.004106795846625655,-0.013210376287709713
1632556800002,5.629e-05,8.0,25.185185185185183,2,0.006445558479951208,-0.0249654037299869,-0.017800817867135277
1632585600004,0.0001,8.0,28.14814814814815,2,-0.0016882944760222562,0.016830258732884573,-0.030551105212357488
1632614400013,2.457e-05,8.0,21.11111111111111,2,-0.029571428437396463,0.010936648268084381,-0.038301607272365645
1632643200000,0.0001,8.0,27.77777777777778,2,0.052085395054972894,0.05914521505939696,0.02821623724643252
1632672000005,-1.686e-05,8.0,14.814814814814813,1,-0.007474570272083314,-0.003564802138512846,-0.03909883275758397
1632700800000,0.0001,8.0,27.77777777777778,2,0.012888046505618478,-0.021586393474070875,-0.037331053300484474
1632729600001,0.0001,8.0,27.40740740740741,2,-0.009993694310419299,-0.04643627867304134,-0.008951974257411122
1632758400000,0.0001,8.0,27.40740740740741,2,-0.02431854209030926,-0.04121651926929637,-0.002593265374714271
1632787200000,2.549e-05,8.0,21.48148148148148,2,-0.011043414290553999,-0.028193767219402366,0.038551309640684206
1632816000014,3.318e-05,8.0,22.59259259259259,2,-0.006619479957645669,0.016321716131611375,0.07382562896216838
1632844800000,9.756e-05,8.0,27.77777777777778,2,-0.011066271936099437,0.006388758140352779,0.14138140097183616
1632873600000,4.448e-05,8.0,24.444444444444443,2,0.03416118005361213,0.012452830741036758,0.1732652398057315
1632902400002,3.757e-05,8.0,23.703703703703706,2,-0.014885534299575398,0.022618806753888387,0.12626297800871278
1632931200000,5.661e-05,8.0,25.925925925925924,2,-0.005107375957048688,0.03367967439369535,0.1464204738053103
1632960000000,0.0001,8.0,29.259259259259256,2,0.04333881993092725,0.05553704200343468,0.14819042276680183
1632988800004,0.0001,8.0,28.888888888888886,2,-0.006494241064935569,0.033210436035303825,0.10529489579894391
1633017600005,9.235e-05,8.0,28.51851851851852,2,0.01910071106566913,0.099068875772645,0.11359088162847963
1633046400012,2.202e-05,8.0,20.37037037037037,2,0.020472464644502253,0.09733473063422582,0.09713658205790865
1633075200008,-2.693e-05,8.0,12.962962962962962,1,0.05683336081702084,0.06595101825944694,0.06888842114483174
1633104000000,0.0001,8.0,28.888888888888886,2,0.016559028052270275,0.010831853364036137,0.009259443232802367
1633132800000,5.277e-05,8.0,24.814814814814813,2,-0.008238631283510656,-0.009185131954919101,0.02297613745385485
1633161600002,3.519e-05,8.0,22.59259259259259,2,0.0027414098787181818,0.0035803089714410152,0.036960820771158476
1633190400011,5.938e-05,8.0,25.555555555555554,2,-0.0029822627903244303,0.0018001026838272427,0.04109736233008654
1633219200019,0.0001,8.0,28.51851851851852,2,0.0038302913394907545,0.00885864950150439,0.07715516789499621
1633248000011,0.0001,8.0,28.51851851851852,2,0.0009626916767377924,-0.0008217029846575574,0.07472379793041117
1633276800004,0.0001,8.0,28.51851851851852,2,0.004042588132824321,-0.0042625276306819115,0.14502568430084817
1633305600004,0.0001,8.0,28.14814814814815,2,-0.005801812286973185,0.024537160196192564,0.1467794496633137
1633334400000,0.0001,8.0,27.77777777777778,2,-0.002573385565602826,0.03344043413530473,0.1441033248041237
1633363200000,0.0001,8.0,27.40740740740741,2,0.030374929839405596,0.04302478030309387,0.12944462130033751
1633392000007,0.0001,8.0,27.037037037037038,2,0.0034886766093342736,0.04212600333937644,0.09317391472804548
1633420800007,-2.427e-05,8.0,11.11111111111111,1,0.006741446747745572,0.040127668838885855,0.10848758434894368
1633449600004,1.61e-06,8.0,14.814814814814813,1,0.03154887042915866,0.1018055463524632,0.08965304675907237
1633478400002,0.0001,8.0,27.40740740740741,2,0.0015644313291145462,0.07406843632782012,0.049131747425218864
1633507200000,0.0001,8.0,27.037037037037038,2,0.0693645180308482,0.06461749650937154,0.0684483920560428
1633536000003,0.0001,8.0,26.666666666666668,2,0.005580418364626416,-0.0162974969305969,0.0030370553556871016
1633564800007,0.0001,8.0,26.296296296296294,2,-0.008797639077871788,-0.02335423038418627,-0.005357889784488257
1633593600002,0.0002918,8.0,95.18518518518519,9,-0.013073885140694519,0.0026025268315872374,0.01733878192821736
1633622400000,0.00032669,8.0,95.92592592592592,9,-0.0010647476731591166,0.00674803771750887,0.026997528383536196
1633651200011,0.00033379,8.0,96.29629629629629,9,0.01754599526181111,0.0001404718778825753,0.01392508673720938
1633680000003,0.00023355,8.0,92.22222222222223,9,-0.01036430156172996,0.002784882887568507,0.03650839039203557
1633708800002,0.00013417,8.0,87.4074074074074,8,-0.006811689090664874,0.014223558659303137,0.05938488227009375
1633737600006,0.0001,8.0,24.074074074074073,2,0.020236427164521675,0.018283641350893776,0.0652616380468356
1633766400003,0.0001,8.0,23.703703703703706,2,0.0009243826613236639,0.011880035753222717,0.04341234140872419
1633795200000,0.00015717,8.0,88.51851851851852,8,-0.0018468185303213147,0.006242664505837547,0.023243569292485944
1633824000000,0.0001,8.0,23.333333333333332,2,0.013769465925359103,-0.004847562612681933,0.020039698610912815
1633852800008,0.00020906,8.0,90.0,8,-0.0036064930893970892,0.021494461578996038,-0.014847601539216049
1633881600000,0.0001,8.0,22.59259259259259,2,-0.012847888025826815,0.03947244882114398,0.014204412088646201
1633910400002,0.0001,8.0,22.59259259259259,2,0.040209947948589564,0.05077908741565973,0.05143538064732911
1633939200001,0.0001,8.0,22.59259259259259,2,0.01147767601164662,0.00946420914860635,0.012039631023928132
1633968000006,0.0001,8.0,22.59259259259259,2,-0.0013021474300156655,-0.019750859502536522,-0.002874430440957587
1633996800008,0.0001,8.0,22.22222222222222,2,-0.000689369411609797,-0.023112337430825747,-0.0006040255481210011
1634025600013,0.0001,8.0,22.22222222222222,2,-0.01779566471303551,-0.044619270238836606,0.03477460038926217
1634054400003,0.0001,8.0,21.85185185185185,2,-0.004726889824321789,-0.002448620492747744,0.06615445384885388
1634083200003,0.0001,8.0,21.48148148148148,2,-0.022689961096709177,0.02429851054953125,0.0998992650808197
1634112000015,0.0001,8.0,21.11111111111111,2,0.025558983033346472,0.049373558451063726,0.12702268368409708
1634140800000,0.0001,8.0,21.11111111111111,2,0.021978106101201877,0.020900145805034187,0.08533938391587093
1634169600011,0.0001,8.0,20.74074074074074,2,0.0012347989100209844,-0.001227836412642902,0.060327776970321434
1634198400017,0.00022797,8.0,90.74074074074075,9,-0.0034281041257725464,0.03214132293630967,0.051538561434063324
1634227200000,0.00017282,8.0,88.14814814814815,8,-0.00011927830348579249,0.047645230053668275,0.061083221379136354
1634256000005,0.0001,8.0,19.62962962962963,1,0.03468623535228499,0.07512742655948212,0.07429804508914328
1634284800002,0.00036685,8.0,97.03703703703704,9,0.011989979520101057,0.04055100849059312,0.04503657630122482
1634313600005,0.0001,8.0,19.25925925925926,1,0.026774458883537244,0.013893452077202051,0.03306982793257096
1634342400009,0.00048084,8.0,99.25925925925925,9,0.0014104180306571124,-0.01255306087945185,0.0059759189884152075
1634371200000,0.00027876,8.0,93.33333333333333,9,-0.013314898009587184,-0.021890139669750286,0.008251873608732474
1634400000003,0.00043303,8.0,97.77777777777777,9,-8.043730314488684e-06,-0.002231396452320955,0.023738361419905596
1634428800001,0.00031281,8.0,93.7037037037037,9,-0.007064586092573877,0.011931410395735087,0.05489676691971246
1634457600002,0.00040131,8.0,96.66666666666667,9,0.004875660006246063,0.025759276872713288,0.05860662032329045
1634486400002,0.0004425,8.0,98.14814814814815,9,0.014186322454289968,0.021192285494104457,0.09838752453888588
1634515200006,0.00038415,8.0,95.55555555555556,9,0.0065037034008865735,0.00675255429053645,0.07102600216016852
1634544000004,0.00022227,8.0,87.03703703703704,8,0.00040164882321880313,0.0038424189187555857,0.05086643806638014
1634572800001,0.0001,8.0,16.666666666666664,1,-0.0001543439359669163,0.004735201066809802,0.01597588625721924
1634601600002,0.0001,8.0,16.296296296296298,1,0.00359428736155043,0.035466718358919236,0.0043496903540614085
1634630400000,0.00014974,8.0,83.7037037037037,8,0.0027898596787261365,0.027422972263208667,0.0170923048671332
1634659200000,0.0001,8.0,15.555555555555555,1,0.03043275870790274,0.07003587593827776,-0.02785283501870628
1634688000017,0.0001,8.0,15.185185185185185,1,-0.0035726379320218937,0.027403710887411004,-0.053697566659778095
1634716800004,0.0001,8.0,14.814814814814813,1,0.04263743252102947,0.01825926355115781,-0.04827422816364424
1634745600020,0.00063237,8.0,100.0,9,-0.011077695151583522,-0.055427420545892,-0.080517899773491
1634774400000,0.00068927,8.0,100.0,9,-0.012348355028489522,-0.05834707113499549,-0.07144938436837722
1634803200000,0.00057124,8.0,98.88888888888889,9,-0.036641241964612936,-0.028920649672454113,-0.0687306816607427
1634832000008,0.00062183,8.0,99.25925925925925,9,-0.011595955521006895,-0.03547656721023751,-0.049549339541946624
1634860800005,0.00033487,8.0,92.5925925925926,9,0.01629757195345438,-0.02437897413954504,-0.021915133966195488
1634889600005,0.00024509,8.0,88.14814814814815,8,-0.039809551924490094,-0.03797184797305564,-0.009679794965218425
1634918400018,0.00033222,8.0,91.48148148148148,9,-0.00022359741942268307,0.009241643046449033,0.046222025661092125
1634947200005,0.00026183,8.0,87.77777777777777,8,0.0021379707284985283,0.008386614043742746,0.03866633777339268
1634976000001,0.00014854,8.0,80.37037037037037,8,0.007313750030562893,-0.0035210036887095564,0.026910563355667216
1635004800004,0.0001739,8.0,81.85185185185185,8,-0.0010706074752576678,-0.023613801974433413,0.018434257745002736
1635033600006,0.00030335,8.0,90.0,8,-0.009695859376363192,-0.005812460178157175,-0.015234999222928702
1635062400012,0.00037238,8.0,93.7037037037037,9,-0.012997518008926678,0.03304611708041971,-0.023243964967565534
1635091200001,0.00032862,8.0,90.74074074074075,9,0.017141738810093843,0.061712829116846946,-0.01720480591349194
1635120000012,0.00048777,8.0,98.14814814814815,9,0.0290109322665979,0.03604989012290449,-0.04094691304987552
1635148800002,0.00020028,8.0,81.48148148148148,8,0.014391497314456325,-0.0024268246376899505,-0.05821222855638042
1635177600022,0.00017861,8.0,80.0,7,-0.007443860681049741,-0.017563921986944564,-0.03815180924833961
1635206400005,0.00040992,8.0,94.81481481481482,9,-0.00920437039769606,-0.043943364053621536,-0.038213747975421763
1635235200016,0.00060638,8.0,98.88888888888889,9,-0.001000799936848873,-0.05218924786441148,-0.029469667116970744
1635264000000,0.00055995,8.0,97.77777777777777,9,-0.03561964696735753,-0.059238151698884134,-0.0019874136854929336
1635292800004,0.00033175,8.0,89.25925925925927,8,-0.017749874225355677,-0.031770393625784044,0.03188200930748919
1635321600000,0.00030309,8.0,87.03703703703704,8,-0.017104955781745312,-0.013470548973802732,0.028514600367094856
1635350400002,0.00023017,8.0,81.85185185185185,8,-0.007430103096563778,0.039083798871300646,0.04337036416451778
1635379200002,0.00015574,8.0,75.92592592592592,7,0.010486203399165062,0.039002485149818744,0.06415517733844389
1635408000000,0.0001,8.0,8.88888888888889,0,0.03558328094229779,0.02616338121172057,0.038870004436535543
1635436800005,0.00013782,8.0,73.70370370370371,7,-0.007507776862852755,0.019587728241122093,-0.010396979440327248
1635465600000,0.0002352,8.0,82.96296296296296,8,0.0008338968254346657,0.028486938338319945,0.011943118173655343
1635494400007,0.00024122,8.0,83.33333333333334,8,0.02750242731914132,0.015189740865878987,0.025954738668655164
1635523200001,0.00017968,8.0,77.03703703703704,7,-0.0015240494881030298,-0.015165341983341074,-0.013686480378283461
1635552000000,0.00016972,8.0,75.55555555555556,7,-0.011339646289264538,-0.004125694953923231,-0.022431641812303282
1635580800001,0.00038483,8.0,92.5925925925926,9,-0.0032208158870445924,-0.0041522397069396755,-0.00048055176359895757
1635609600013,0.00023181,8.0,81.11111111111111,8,0.012342722141500895,-0.014462647881457236,0.04480708496787322
1635638400008,0.00019088,8.0,76.29629629629629,7,-0.013115277375073675,-0.01402915670442828,0.01829237323821875
1635667200010,0.00048915,8.0,97.4074074074074,9,-0.013540867463043171,0.014817693222091144,0.03210141905177122
1635696000001,0.00043874,8.0,94.44444444444444,9,0.01278800373050859,0.016198556301771028,0.02697750715979952
1635724800009,0.00032554,8.0,87.03703703703704,8,0.01575831019794305,-0.006799693734217516,0.026125344993211286
1635753600014,0.00031437,8.0,86.29629629629629,8,-0.012198591894898136,-0.010968172960280076,-0.0051543752891692884
1635782400001,0.00056812,8.0,97.77777777777777,9,-0.010133059873450034,0.043240519112379694,-0.008458378031319547
1635811200000,0.00015524,8.0,71.11111111111111,7,0.010588485075804899,0.0398414434493779,0.009030090566708893
1635840000007,0.00033216,8.0,87.77777777777777,8,0.04194266109306932,0.028310042762571763,0.009330074676294986
1635868800010,0.00047797,8.0,95.18518518518519,9,-0.013348121494021536,-0.031280790823989935,-0.051423274814513364
1635897600019,0.0008207,8.0,100.0,9,0.00026784981469907265,-0.006444810626866415,-0.03724469824674381
1635926400000,0.00043965,8.0,93.7037037037037,9,-0.019087921586869783,-0.022079097963708882,-0.040313186707411575
1635955200005,0.00031399,8.0,84.07407407407408,8,0.011947615685457436,-0.018865400913883223,-0.023461824860043
1635984000006,0.00045987,8.0,94.44444444444444,9,-0.015205388313670576,-0.023530344372695744,-0.02295066029019477
1636012800004,0.0005075,8.0,96.66666666666667,9,-0.015479199941023647,0.00343163104667088,-0.003303709107122632
1636041600004,0.00046368,8.0,94.07407407407408,9,0.007136167373625657,-0.0019645637914672553,0.016026023342753604
1636070400000,0.00018372,8.0,71.11111111111111,7,0.011322049442499482,-0.00809314819903828,0.03150703197030125
1636099200013,0.00018568,8.0,71.11111111111111,7,-0.020773697239037103,-0.0230544312022799,0.06073661903495697
1636128000016,0.00041167,8.0,90.74074074074075,9,0.0013995724285709166,-0.0027255954790772474,0.09089521085194807
1636156800010,0.00053155,8.0,96.66666666666667,9,-0.003723479512255712,0.008306513580814467,0.10671805085880859
1636185600000,0.00045326,8.0,92.96296296296296,9,-0.002032612228985764,0.01645541168618858,0.11723742972714302
1636214400007,0.00037687,8.0,87.4074074074074,8,0.012477315169665326,0.020808310878972947,0.09950903310602421
1636243200013,0.00017244,8.0,67.4074074074074,6,0.004597308310535064,0.03118056275931491,0.09041210418029055
1636272000005,0.00036277,8.0,86.29629629629629,8,0.003614403426788426,0.06790472230579914,0.07715178147587487
1636300800004,0.00037438,8.0,87.03703703703704,8,0.02276491728276908,0.07157892869554572,0.10528250129617356
1636329600001,0.00025861,8.0,76.66666666666667,7,0.040374739696211526,0.06441185416396977,0.022001514007406797
1636358400000,0.00049328,8.0,95.92592592592592,9,0.007785638539615114,0.02936630813513097,-0.011407211028631958
1636387200000,0.0004876,8.0,94.81481481481482,9,0.01566128158694191,0.006810331259743618,-0.02453538147851453
1636416000000,0.00038683,8.0,87.4074074074074,8,0.005663961845774557,-0.007760437310129431,-0.04066747989884811
1636444800014,0.00039251,8.0,87.77777777777777,8,-0.017569273041247557,-0.021057121759928132,-0.05189292869267459
1636473600001,0.00067839,8.0,99.25925925925925,9,0.004100454318420432,0.026168525423505562,-0.054183280890478525
1636502400000,0.00037679,8.0,85.18518518518519,8,-0.007203305895577383,-0.03167443897386457,-0.042882282958122575
1636531200003,0.00068212,8.0,99.25925925925925,9,0.029824633104663878,-0.01895660964547974,-0.036900943968900535
1636560000001,0.00057535,8.0,97.4074074074074,9,-0.05429852303745264,-0.05474790904193827,-0.05191240007727116
1636588800008,0.00023211,8.0,70.74074074074073,7,0.007327923698382088,-0.0004278234923387192,-0.004997651059260422
1636617600012,0.0001,8.0,8.148148148148149,0,-0.007746347069798709,-0.0127848345157755,-0.009073167653575354
1636646400007,0.00021812,8.0,67.4074074074074,6,4.7387037098500784e-05,-0.024919098596679956,-0.010871852022785955
1636675200000,0.00018008,8.0,64.07407407407408,6,-0.004964820755946953,-0.010051212586617453,0.014476368850960597
1636704000000,0.00035543,8.0,82.22222222222221,8,-0.020857649996340877,-0.005976317379121632,0.018198890353918307
1636732800004,0.00036867,8.0,83.33333333333334,8,0.017271781071294345,0.02863232878880817,0.018557017630646877
1636761600000,0.00015442,8.0,59.25925925925925,5,-0.0008689885929663577,0.005464529416027597,-0.01071944806133418
1636790400004,0.00031732,8.0,77.4074074074074,7,0.01377315098310894,0.00938965012027837,-0.051872492966538064
1636819200006,0.00021842,8.0,66.2962962962963,6,-0.0075018478765540575,-0.013830103698076912,-0.06525362653949318
1636848000010,0.00013962,8.0,56.666666666666664,5,0.003201921711230904,0.020187767511643306,-0.06626861533709638
1636876800001,0.0001,8.0,8.148148148148149,0,-0.00954743982211781,0.015166072067243075,-0.07787320426182653
1636905600000,0.00013059,8.0,55.18518518518518,5,0.026280373195814333,0.0051738241021541675,-0.0693631108370466
1636934400008,0.00016126,8.0,59.62962962962963,5,-0.0017361638848729655,-0.03650655799696256,-0.08320576437415417
1636963200000,0.00020745,8.0,65.18518518518519,6,-0.019277752398355386,-0.0736433683569363,-0.090241358306685
1636992000000,0.00040989,8.0,87.4074074074074,8,-0.014367268632102692,-0.05692019583246577,-0.09894210036235307
1637020800000,0.00035998,8.0,81.48148148148148,8,-0.04166561644595235,-0.05208391095472631,-0.10159231314052963
1637049600001,0.0001,8.0,8.148148148148149,0,-0.00053445410729136,-0.018291066537068135,-0.07707986649836629
1637078400018,0.0001,8.0,8.148148148148149,0,-0.008579546099996005,-0.018599827691262116,-0.046753685926906874
1637107200005,0.0001,8.0,8.148148148148149,0,-0.009266060088653605,0.001682368048856464,-0.03312177664442717
1637136000007,0.00013155,8.0,54.074074074074076,5,-0.000848799963795277,0.00277385280427489,-0.02127330051440901
1637164800003,0.0001,8.0,8.148148148148149,0,0.011909734699143026,-0.022477414047226252,-0.03386039202107827
1637193600017,0.0001,8.0,8.148148148148149,0,-0.008186505305039726,-0.05258653846153838,-0.011075928381962807
1637222400007,0.0001,8.0,8.148148148148149,0,-0.026008843284187066,-0.062484674354158276,-0.013148254969938766
1637251200011,0.00011235,8.0,52.96296296296297,5,-0.019258564157515812,-0.0063528206022359646,0.01781099697993027
1637280000000,0.0001,8.0,8.148148148148149,0,-0.01755083353834319,0.019730747642854096,0.029550180546055183
1637308800000,0.0001,8.0,8.148148148148149,0,0.03324662205274609,0.042364424756174746,0.022996902488628512
1637337600005,0.0001,8.0,8.148148148148149,0,0.005598272884283162,-0.005325734024179685,0.005313126079447228
1637366400012,0.0001,8.0,8.148148148148149,0,0.0028747526369645726,0.024521787698366992,-0.03393970267315238
1637395200000,0.0001,8.0,8.148148148148149,0,-0.013454223176823987,0.011147300594084308,-0.039623831042791435
1637424000007,0.0001,8.0,8.148148148148149,0,0.035773594917595686,0.02980276303991336,-0.00960312989871448
1637452800000,0.0001,8.0,8.148148148148149,0,-0.011098814075690244,-0.01676728410288042,-0.035052579455287614
1637481600006,0.0001,8.0,8.148148148148149,0,0.004546949690360291,-0.028516124267821685,-0.04167949704249263
1637510400000,0.0001,8.0,8.148148148148149,0,-0.010274166567213583,-0.019589033337311323,-0.0419693239827309
1637539200004,0.0001,8.0,8.148148148148149,0,-0.02153289540351111,-0.040434356416827466,-0.021917076294708293
1637568000000,0.0001,8.0,8.148148148148149,0,0.014743705831429255,-0.021441853372818787,0.006829695865160579
1637596800000,0.0001,8.0,8.148148148148149,0,-0.0327764960220871,-0.02066300210049765,0.019229086277545937
1637625600004,0.0001,8.0,8.148148148148149,0,-0.0022500343567587455,0.02404404207578481,0.04915905499268147
1637654400010,0.00012897,8.0,56.666666666666664,5,0.0163415177827666,0.008149643977607868,0.012124771500104936
1637683200005,0.0001,8.0,8.148148148148149,0,0.009850876371746864,-0.003548300115465697,-0.049034530663280895
1637712000001,0.0001,8.0,8.148148148148149,0,-0.017736316689137555,-0.004635032428560448,-0.06545902584805752
1637740800003,0.0001,8.0,8.148148148148149,0,0.0045485202595176855,0.020458355102366932,-0.03741875938071537
1637769600010,0.0001201,8.0,56.666666666666664,5,0.008749530888682022,0.04147885352624803,-0.034397625878863414
1637798400000,0.00014549,8.0,58.88888888888889,5,0.0076061792982649035,0.03037495567296178,-0.04598173979194786
1637827200010,0.00016775,8.0,61.48148148148148,6,0.025241290798604377,-0.016184258270569574,-0.055523080347129605
1637856000000,0.00011888,8.0,55.55555555555556,5,-0.004520517766117282,-0.0841218120801972,-0.0838421263403577
1637884800000,0.00013863,8.0,57.77777777777777,5,-0.03667049408230483,-0.0876180505801788,-0.026472713395932046
1637913600000,0.00033741,8.0,81.11111111111111,8,-0.04494025468606988,-0.042392268193476634,0.012355227840301408
1637942400016,0.0001,8.0,8.148148148148149,0,-0.007590651623879285,0.01178871171489404,0.054356499019573956
1637971200005,0.00010824,8.0,54.074074074074076,5,0.01173583721639182,0.0160280542500566,0.07411519117874632
1638000000008,0.0001,8.0,8.148148148148149,0,0.007701371219753783,0.0012654757753747248,0.038894467729908566
1638028800007,0.0001,8.0,8.148148148148149,0,-0.0034325076219234862,-0.010425435613970357,0.04378387774602421
1638057600018,0.0001,8.0,8.148148148148149,0,-0.0029643766508119507,0.05080414636081776,0.038048897861838515
1638086400000,0.0001,8.0,8.148148148148149,0,-0.004693521873230355,0.05469434655201799,0.04885195549666732
1638115200004,0.0001,8.0,8.148148148148149,0,0.058229759340072684,0.053050323150859,0.08085216078366386
1638144000002,0.0001,8.0,8.148148148148149,0,0.0009768336946724965,0.006058839701138297,-0.005985063875249219
1638172800004,0.0001,8.0,8.148148148148149,0,-0.005865538488174504,-0.016471241426280425,-0.010411535066509048
1638201600000,0.00020774,8.0,67.77777777777779,6,0.01164059008850904,0.005233978835227138,-0.011649513432782532
1638230400000,0.0002781,8.0,74.81481481481481,7,-0.022759049139068344,-0.01632739961908558,-0.021834262789447556
1638259200006,0.0001,8.0,8.148148148148149,0,0.012443975334742952,0.010039768476452604,0.004852775689780042
1638288000000,0.0001,8.0,8.148148148148149,0,-0.010058204502494172,0.02179953561718717,-0.025558286309061762
1638316800000,0.00012689,8.0,57.77777777777777,5,0.006288557325898392,0.005973654732075229,-0.0564894110266545
1638345600000,0.00029146,8.0,76.29629629629629,7,0.025731058933586404,-0.006223049570356909,-0.1776427648749248
1638374400001,0.0001,8.0,8.148148148148149,0,-0.02678994889267461,-0.037325724020442874,-0.18018143100511075
1638403200000,0.00015951,8.0,63.70370370370371,6,-0.00591196494314028,-0.011503206880495997,-0.1396627217445654
1638432000007,0.0001,8.0,8.148148148148149,0,-0.007370813153812383,-0.001300401081424929,-0.13540489936603028
1638460800008,0.0001,8.0,8.148148148148149,0,-0.0004376295590542423,-0.011146193047547492,-0.14842667483999894
1638489600004,0.0001,8.0,8.148148148148149,0,0.006555986845890649,-0.04960639470294825,-0.1271501347720826
1638518400002,0.00011686,8.0,58.14814814814815,5,-0.017156759281929057,-0.17164445560743058,-0.14490060251983294
1638547200006,0.00027198,8.0,77.03703703703704,7,-0.039314327068858734,-0.138795492842407,-0.12584360669960448
1638576000006,0.0001,8.0,8.148148148148149,0,-0.12269376835219514,-0.08196672756200507,-0.05876763408104757
1638604800004,6.285e-05,8.0,7.037037037037037,0,0.021818510741618224,0.0451078535894609,0.08018147694305577
1638633600000,2.893e-05,8.0,3.3333333333333335,0,0.02220796713234985,-0.004470832743216802,0.07500424676155881
1638662400003,8.272e-05,8.0,8.148148148148149,0,-0.0012566426234591477,0.0004090733939758895,0.026002945084940388
1638691200008,9.001e-05,8.0,8.518518518518519,0,-0.022320926091696558,-0.012268951474781242,0.025578126695188885
1638720000007,0.0001,8.0,9.62962962962963,0,0.024536413423178027,0.015077447646105968,0.053749318912071464
1638748800009,0.0001,8.0,9.62962962962963,0,-0.013913558138398008,0.02485118839355671,0.02456377769218343
1638777600001,0.0001,8.0,9.62962962962963,0,0.004747173273161431,0.046398018771481864,0.027273980126007125
1638806400000,0.0001,8.0,9.62962962962963,0,0.03295994473046471,0.05934885578883309,-0.00953567287507584
1638835200018,0.0001,8.0,9.62962962962963,0,0.006818268629611435,0.0007144625628543455,-0.057391332916002735
1638864000000,3.977e-05,8.0,4.814814814814815,0,0.017819967833141215,-0.0073055733604930895,-0.06266579892174184
1638892800000,0.0001,8.0,10.0,0,-0.022011887311623957,-0.021503833008925666,-0.07450548737282225
1638921600000,0.0001,8.0,10.0,0,-0.0027339355853094327,-0.003019358381405879,-0.06725173401755802
1638950400018,0.0001,8.0,10.0,0,0.00453454634924455,-0.010635680401845149,-0.047731795747708805
1638979200010,0.0001,8.0,10.0,0,-0.003840022213439931,-0.04468679917425333,-0.03929554366526489
1639008000010,0.0001,8.0,10.0,0,-0.01130513694209756,-0.057126912267892904,-0.022028447150177488
1639036800000,0.0001,8.0,10.0,0,-0.03153648705540735,-0.046091049958300156,-0.013521068479160459
1639065600000,0.0001,8.0,10.0,0,-0.01609689750064114,-0.010139460714987503,0.025264457589988076
1639094400000,0.0001,8.0,10.0,0,0.0010858673036975297,-0.008378670550673983,0.05042195740863464
1639123200008,0.0001,8.0,10.0,0,0.0037063342908205676,0.0071356887098228405,0.02216572279804163
1639152000012,0.0001,8.0,10.0,0,-0.013130088089174707,0.016896422160063596,-0.015508495804283373
1639180800009,0.0001,8.0,10.0,0,0.016766930381989287,0.044918257274839224,-0.015256893469740684
1639209600008,0.0001,8.0,10.0,0,0.01343383188737679,0.024471558787160674,-0.02125955487949993
1639238400000,0.0001,8.0,10.0,0,0.012770166934548799,0.01758609927321153,-0.0406016829207374
1639267200001,0.0001,8.0,10.0,0,-0.003128909998848184,0.013191340427310738,-0.023095878004695813
1639296000015,0.0001,8.0,10.0,0,0.006985539135954566,-0.009319940982032482,-0.020605726107409295
1639324800011,0.0001,8.0,10.0,0,0.00932082517393118,-0.04894088589984713,-0.05826997886470331
1639353600006,0.0001,8.0,10.0,0,-0.025277584923754648,-0.06985819818289885,-0.023909214870460382
1639382400019,0.0001,8.0,10.0,0,-0.03328752199610352,-0.03565105904128252,-0.0005548603574103694
1639411200000,0.0001,8.0,10.0,0,-0.013970936371696552,-0.009780438572559835,0.028140402312340385
1639440000004,-4.93e-06,8.0,1.8518518518518516,0,0.010569062557122422,0.03660025229998731,0.023723630774240556
1639468800000,0.0001,8.0,10.37037037037037,1,-0.005257000900653397,0.02492679533225095,-0.0019669369193909825
1639497600015,8.838e-05,8.0,9.25925925925926,0,0.03196948118876253,-0.0013724056230567383,-0.005296955389332947
1639526400000,0.0001,8.0,10.74074074074074,1,-0.0018319288614419005,0.011716931685846532,-0.04326184800560573
1639555200008,0.0001,8.0,10.74074074074074,1,-0.03173978209572337,0.010961975498468224,-0.03861975850936539
1639584000005,0.0001,8.0,10.74074074074074,1,0.046147764838089245,0.03980092684391279,0.0027875552296960926
1639612800006,0.0001,8.0,10.74074074074074,1,-0.001955970602310342,-0.02446764481571584,-0.04305632483030586
1639641600009,0.0001,8.0,10.74074074074074,1,-0.004118951648462654,-0.03603959640672538,-0.024370600644216922
1639670400000,0.0001,8.0,10.74074074074074,1,-0.02011098684087287,-0.04400751550170012,-0.029096322060698454
1639699200000,0.0001,8.0,10.74074074074074,1,-0.013865336134453732,-0.029325630252100887,-0.01953067226890759
1639728000005,0.0001,8.0,10.74074074074074,1,-0.010335578665816803,-0.013490717233417993,-0.011973570023332769
1639756800006,4.678e-05,8.0,6.296296296296296,0,-0.008406193965245667,0.006744002017331718,-0.013025161398365181
1639785600014,9.119e-05,8.0,10.37037037037037,1,0.005262340908115171,0.013574597850316561,0.015779651588067933
1639814400012,9.221e-05,8.0,10.74074074074074,1,0.009963856998886467,0.025946012160387166,0.046398003476060046
1639843200000,8.402e-05,8.0,9.62962962962963,0,-0.002103159582807601,0.0063143861919048305,0.03235818875222485
1639872000031,7.08e-05,8.0,8.88888888888889,0,0.017532298083504427,-0.003954697125256645,0.04611824093086936
1639900800000,0.0001,8.0,12.592592592592592,1,-0.008188354443157131,-0.023479956006889235,0.03503950337413686
1639929600003,0.0001,8.0,12.592592592592592,1,-0.013408686440677942,-0.027309322033898353,0.03426334745762727
1639958400015,0.0001,8.0,12.592592592592592,1,-0.002731756383421713,0.006154558442643232,0.043647329628142995
1639987200007,0.0001,8.0,12.592592592592592,1,-0.011388913412819557,0.04479122478730568,0.03656575487888647
1640016000005,0.0001,8.0,12.592592592592592,1,0.020533423362592895,0.05428328722963993,0.06598026616714958
1640044800003,9.184e-05,8.0,11.481481481481481,1,0.0355636725458881,0.04384732820517323,0.08489936015739197
1640073600012,0.0001,8.0,12.962962962962962,1,-0.002407254740313336,0.01465189612530926,0.0499225061830173
1640102400005,0.0001,8.0,12.962962962962962,1,0.010431541716250381,0.00855377330424445,0.05292645940764262
1640131200000,0.0001,8.0,12.962962962962962,1,0.005980189892847543,-0.006389170376650322,0.03768098050669422
1640160000001,0.0001,8.0,12.592592592592592,1,-0.008402850973098008,-0.022199467773396875,0.034309542521151704
1640188800006,0.0001,8.0,12.222222222222221,1,-0.004457237741674502,0.002519397352123365,0.03789584128390722
1640217600011,9.72e-05,8.0,11.851851851851853,1,-0.009498630031004263,0.04592462001776143,0.03620170849002169
1640246400000,0.0001,8.0,12.222222222222221,1,0.015636290420876664,0.06023263388970168,0.037439321625234
1640275200000,4.018e-05,8.0,5.185185185185185,0,0.04036534838613348,0.0427092419035322,0.025545879386045245
1640304000005,0.0001,8.0,11.851851851851853,1,0.002177387434106004,-0.0016001869704568294,-0.0007168774674630729
1640332800000,0.0001,8.0,11.851851851851853,1,-0.0011500187942341533,-0.000659563832517085,-0.005696732471335952
1640361600011,0.0001,8.0,11.481481481481481,1,-0.0042144600776101715,-0.005843420809688915,0.01027587358464177
1640390400000,0.0001,8.0,11.481481481481481,1,0.0033350311817141876,-0.008012189842297013,-0.002304110250631486
1640419200001,0.0001,8.0,11.11111111111111,1,-0.004964650432050299,-0.020053024351924575,-0.0347189709347997
1640448000005,0.0001,8.0,11.11111111111111,1,-0.006082238608014601,-0.010932911232513276,-0.035202655761518264
1640476800004,0.0001,8.0,10.74074074074074,1,-0.009136990922978372,0.008659618741663655,-0.055467311423591736
1640505600002,0.0001,8.0,10.74074074074074,1,0.0042958862820623445,0.015905761449651168,-0.0464376970233813
1640534400000,0.0001,8.0,10.74074074074074,1,0.014646423194643265,0.027723843511882507,-0.04250446168344002
1640563200002,0.0001,8.0,10.74074074074074,1,-0.00201869785916442,-0.002765423135135836,-0.08436676594129522
1640592000005,0.0001,8.0,10.37037037037037,1,0.01570525706128989,-0.030388471054343724,-0.07256347970452481
1640620800000,0.0001,8.0,10.0,0,-0.015768866815506377,-0.04882161947898267,-0.08321917741675355
1640649600000,0.0001,8.0,9.62962962962963,0,-0.029194822198654657,-0.060720002463814815,-0.0707780126649552
1640678400012,0.0001,8.0,9.25925925925926,0,-0.005463244609437923,-0.03194979828943256,-0.04157135878805607
1640707200000,0.0001,8.0,8.88888888888889,0,-0.028080709901983858,-0.020513722493269437,-0.0193681130394584
1640736000006,0.0001,8.0,8.518518518518519,0,0.00033553554816223574,-0.022201899475988607,-0.026308635940776703
1640764800003,0.0001,8.0,8.518518518518519,0,0.0064798007469677454,-0.01192811271389782,-0.00986135218763684
1640793600004,0.0001,8.0,8.518518518518519,0,-0.02882290948658839,-0.014965119044611175,-0.014061799501900452
1640822400003,0.0001,8.0,8.148148148148149,0,0.010846124571863625,0.014101789519175734,0.02447123933287032
1640851200001,0.0001,8.0,7.777777777777778,0,0.003386214575824553,0.0020130109764826543,0.0019600481982551266
1640880000017,0.0001,8.0,7.4074074074074066,0,-0.00016492362742948075,0.016590087411642473,0.004012223003030391
1640908800006,-3.102e-05,8.0,0.0,0,-0.001203844244859087,-0.018047274738755337,0.001093806350692006
1640937600009,0.0001,8.0,7.4074074074074066,0,0.01798326809073214,7.854160550491152e-05,-0.0010267722860214379
1640966400000,0.0001,8.0,7.037037037037037,0,-0.036608199316723544,-0.015559745021248239,-0.028528455962003263
1640995200006,0.0001,8.0,6.666666666666667,0,0.017232884142196925,0.02879214999408397,0.0034360833227533583
1641024000009,0.0001,8.0,6.666666666666667,0,0.0022100296545566334,-0.00013138766386566747,-0.01382924146017328
1641052800000,0.0001,8.0,6.666666666666667,0,0.009885081745440338,0.0015168100773068627,-0.009200316481745463
1641081600028,0.0001,8.0,6.666666666666667,0,-0.011365675471191161,-0.009039022747091341,-0.03828504329156501
1641110400000,0.0001,8.0,6.666666666666667,0,0.004217059197963113,-0.0009164014428177936,-0.014910672607680864
1641139200000,0.0001,8.0,6.666666666666667,0,-0.0018113725800914526,-0.014668251327153214,-0.015516361619523078
1641168000010,0.0001,8.0,6.666666666666667,0,-0.003319555856387879,-0.015749782494330566,-0.08243994344429018
1641196800013,0.0001,8.0,6.666666666666667,0,-0.006757270759589429,-0.012738092860199668,-0.08213887593863378
1641225600018,0.0001,8.0,6.296296296296296,0,-0.005753232288785992,0.002834042396606895,-0.08185412736439401
1641254400000,0.0001,8.0,5.9259259259259265,0,-5.0524606665880434e-05,-0.012939029269657176,-0.07283476798133115
1641283200010,0.0001,8.0,5.9259259259259265,0,0.008909200326467692,-0.00202815439026649,-0.10377120920445893
1641312000002,0.0001,8.0,5.9259259259259265,0,-0.02242650596086726,-0.004959371637992094,-0.11611739248881436
1641340800001,0.0001,8.0,5.9259259259259265,0,0.011851522085211563,-0.05453668575069859,-0.08971000782347116
1641369600017,0.0001,8.0,5.9259259259259265,0,0.005945858161660267,-0.06840680807121835,-0.09527909343617735
1641398400000,0.0001,8.0,5.9259259259259265,0,-0.06862136592438817,-0.0771863473663561,-0.10708823682169388
1641427200002,0.0001,8.0,5.9259259259259265,0,-0.0029925275674917984,-0.005551352142363575,-0.03843938013940362
1641456000021,0.0001,8.0,5.9259259259259265,0,-0.0064491365074558216,-0.03600607756512164,-0.03162084068662685
1641484800006,0.0001,8.0,5.9259259259259265,0,0.003907833749180911,-0.03458960638786701,-0.03034390614674687
1641513600005,0.0001,8.0,5.9259259259259265,0,-0.0335256163124793,-0.03182754089852702,-0.028721984715000204
1641542400000,0.0001,8.0,5.9259259259259265,0,-0.00604358544143524,0.006466045937778331,0.009799883343294846
1641571200001,0.0001,8.0,5.9259259259259265,0,0.006780041465633824,0.003922340032680216,-0.011012528993360249
1641600000014,0.0001,8.0,5.9259259259259265,0,0.00566109068173537,-0.0012849769651097631,0.001659202532747095
1641628800013,0.0001,8.0,5.9259259259259265,0,-0.008451701413265233,-0.002857759252615333,0.006930328411080655
1641657600000,0.0001,8.0,5.9259259259259265,0,0.0015053598550356373,0.0008859582349769468,0.0033645261457428965
1641686400003,0.0001,8.0,5.9259259259259265,0,0.004077369686078969,0.004498405034565112,0.025903275650210444
1641715200000,0.0001,8.0,5.9259259259259265,0,-0.004332334195384813,0.005887947986166431,0.016916881541898743
1641744000000,0.0001,8.0,5.9259259259259265,0,0.004154986620328316,-0.0182774264058021,0.046635414212686355
1641772800000,0.0001,8.0,5.9259259259259265,0,0.006084484946029534,0.000746869211793344,0.04852258364612316
1641801600010,4.522e-05,8.0,1.8518518518518516,0,-0.026546193860077616,0.0034834737524302994,0.03823957594889804
1641830400007,0.0001,8.0,6.296296296296296,0,0.019679746229649187,0.017218039112516514,0.05266545017123603
1641859200013,0.0001,8.0,6.296296296296296,0,0.010953276074253893,0.022887835485216,0.018021866822140353
1641888000004,7.394e-05,8.0,3.3333333333333335,0,-0.013222641180672068,0.006104924588662852,0.006503128457206353
1641916800000,0.0001,8.0,6.666666666666667,0,0.023410425048479233,0.04404995610215923,0.033211681017806916
1641945600012,-4.772e-05,8.0,0.0,0,-0.005633819953615338,0.027225918098792823,0.009135595409459185
1641974400015,9.625e-05,8.0,6.666666666666667,0,0.02651659366636272,0.028357406099270843,0.01389398068688208
1642003200000,-5.342e-05,8.0,0.0,0,0.005965560361145927,-0.009868413505110807,-0.004847476682689478
1642032000007,-7.506e-05,8.0,0.0,0,-0.0045385269114714966,-0.03113531962504601,-0.018438377738007383
1642060800000,0.0001,8.0,8.148148148148149,0,-0.011595601065148009,-0.025122275345250134,-0.010339750698928896
1642089600014,-6.081e-05,8.0,0.3703703703703704,0,-0.013878266215943236,-2.6429493645618862e-05,0.0027238607091497613
1642118400000,5.92e-06,8.0,2.2222222222222223,0,-0.0005229528637950009,0.01251869785441384,0.011734855618514617
1642147200006,-9.17e-05,8.0,0.0,0,0.014539322713548852,0.013492852767864827,0.002918072858205889
1642176000014,-6.655e-05,8.0,0.7407407407407408,0,-8.64777340700007e-05,0.004126123949718563,-0.014894804357457603
1642204800000,2.282e-05,8.0,3.3333333333333335,0,-0.0013071043533579019,-0.0014344287483176732,-0.02015018712511485
1642233600002,0.0001,8.0,10.0,0,0.005162922391385161,0.002762950241366635,-0.02500719457853695
1642262400000,2.661e-05,8.0,3.7037037037037033,0,-0.007282770565405605,-0.0030063014975252322,-0.040679024343456716
1642291200000,9.07e-05,8.0,8.518518518518519,0,0.0035272373233594667,0.0006612263554095499,-0.015689900400312595
1642320000017,-2.33e-05,8.0,2.5925925925925926,0,0.0010199724350539174,-0.013160583747328425,-0.04417450392933564
1642348800011,3.62e-05,8.0,4.814814814814815,0,-0.004727970050255492,-0.017596769748390417,-0.02802840712564214
1642377600005,1.751e-05,8.0,3.7037037037037033,0,-0.009482972302361392,-0.01783229023967714,-0.032071964750783
1642406400006,6.647e-05,8.0,7.4074074074074066,0,-0.003479960092329759,-0.014726859015882887,-0.015066693371846296
1642435200012,0.0001,8.0,12.222222222222221,1,-0.004966575696327857,-0.02152763329947438,0.01943655501383379
1642464000020,0.0001,8.0,12.222222222222221,1,-0.006351142091548634,0.001946828934736189,-0.03922821277035571
1642492800000,9.998e-05,8.0,12.222222222222221,1,-0.009443498515399273,-0.017256935913624538,-0.07039783299717928
1642521600013,0.0001,8.0,12.592592592592592,1,0.018905201714574327,0.011149159850324608,-0.06852405019996244
1642550400001,4.973e-05,8.0,7.037037037037037,0,-0.025091758236051143,-0.01641308627776472,-0.13495849515548608
1642579200000,0.0001,8.0,12.962962962962962,1,0.017144266345023418,0.01771960981296128,-0.1405163168618757
1642608000000,0.0001,8.0,12.962962962962962,1,-0.006630322430062341,0.03211368172356455,-0.16940844158009316
1642636800015,0.0001,8.0,12.962962962962962,1,0.007919159104152973,-0.025093817411013797,-0.1587866281508874
1642665600000,0.0001,8.0,12.962962962962962,1,0.0315302009109486,-0.07054365329204282,-0.15428761174116878
1642694400000,0.0001,8.0,12.962962962962962,1,-0.06117440626992421,-0.10570251780457574,-0.18566094475764472
1642723200007,0.0001,8.0,12.962962962962962,1,-0.03865119269885553,-0.0978860909570739,-0.11038495852338537
1642752000015,4.523e-05,8.0,6.666666666666667,0,-0.008297727683035605,-0.091110857877438,-0.10520211674897462
1642780800000,8.226e-05,8.0,9.25925925925926,0,-0.05870457723337874,-0.10013373734068864,-0.11978303741936214
1642809600017,-1.051e-05,8.0,2.9629629629629632,0,-0.031431082050960235,-0.04350662995336252,-0.0034818512019605397
1642838400003,4.122e-05,8.0,6.666666666666667,0,-0.022419083677607587,0.0006330909630842818,0.01612930946314628
1642867200021,0.0001,8.0,14.444444444444443,1,0.010179895448631848,0.019799797214845594,0.052274531210641184
1642896000026,0.0001,8.0,14.444444444444443,1,0.013265894494241648,0.031000258772959643,0.05162192443201907
1642924800010,-1.256e-05,8.0,2.9629629629629632,0,-0.0036939321413488324,-0.016126707025200582,0.051436294523440784
1642953600009,-1.573e-05,8.0,2.9629629629629632,0,0.021274701622012948,-0.036912927126841244,0.07216859914181106
1642982400010,3.48e-05,8.0,6.296296296296296,0,-0.03305043447652356,0.010518978132690426,0.015883623773023547
1643011200000,5.605e-05,8.0,9.62962962962963,0,-0.02201331337578838,0.032088796357642835,0.03575987988776608
1643040000021,5.009e-05,8.0,9.62962962962963,0,0.07157233955705311,0.071392456472255,0.07479380204468078
1643068800000,0.0001,8.0,16.296296296296298,1,-0.016326525035863182,0.00921073843841791,0.013326320103832279
1643097600000,8.126e-05,8.0,11.851851851851853,1,0.014745837429399167,0.03779584383217882,0.022401672889353463
1643126400012,-0.00010008,8.0,0.0,0,0.009553395207635651,0.03907990505765735,0.016237485134445784
1643155200000,6.76e-06,8.0,5.185185185185185,0,0.011535257329240878,-0.004339563536511437,0.01871091570259753
1643184000001,-1.905e-05,8.0,3.3333333333333335,0,0.015951310275680752,-0.032833481871234915,0.0141996520785308
1643212800005,-4.13e-05,8.0,2.5925925925925926,0,-0.03233852811776039,-0.03455481014650197,-0.011513701119818198
1643241600004,-4.869e-05,8.0,2.2222222222222223,0,-0.016204324803455905,0.008999315456011736,0.03786211981998644
1643270400004,-0.00010186,8.0,0.0,0,0.014143156577333338,0.020789296621690934,0.06027323297070253
1643299200019,-7.554e-05,8.0,1.1111111111111112,0,0.011315580608461273,0.01302144977583164,0.035706670226931525
1643328000000,-4.93e-06,8.0,6.296296296296296,0,-0.007516743197625186,0.014573464731627572,0.02155549341637819
1643356800000,7.165e-05,8.0,14.444444444444443,1,0.008410210710351196,0.027975259771045646,0.007606275530511741
1643385600025,2.88e-05,8.0,8.88888888888889,0,0.014424546308669184,0.010704943102280096,0.015000503996666525
1643414400017,-1.093e-05,8.0,5.9259259259259265,0,0.006200546141170937,0.01227170390412824,0.01728889103798159
1643443200000,5.239e-05,8.0,13.703703703703704,1,-0.007126787841882365,0.012134172319994807,0.01524231342960114
1643472000013,-3.029e-05,8.0,4.444444444444445,0,0.015997073114277338,0.011564878544642498,0.030803765592079646
1643500800025,6.05e-05,8.0,14.814814814814813,1,0.005039302623508268,-0.005000195535440399,0.016810536131931064
1643529600009,9.126e-05,8.0,20.0,1,-0.009354570906947579,-0.03152339713432206,-0.002020238422605347
1643558400000,0.0001,8.0,22.22222222222222,2,-0.0018353670971322789,-0.0065937262378452655,-0.015790322351167063
1643587200000,8.927e-05,8.0,18.88888888888889,1,-0.021068983175221434,0.013012147416100461,-0.026540863569893824
1643616000000,-7.369e-05,8.0,1.8518518518518516,0,0.016652730744226796,0.03576566186913199,-0.0019281995749925729
1643644800000,-5.648e-05,8.0,2.9629629629629632,0,0.017864417568427715,0.025355399957564195,-0.02268326967960954
1643673600010,-4e-05,8.0,4.814814814814815,0,0.0034124371398314146,0.01179570820606779,-0.02857687581533752
1643702400000,6.113e-05,8.0,16.296296296296298,1,0.006434568866704016,-0.004549261275464511,-0.012930054880101238
1643731200004,-6.256e-05,8.0,2.5925925925925926,0,0.002204845486197815,-0.03246501104492294,0.024837947866515275
1643760000004,-2.905e-05,8.0,6.296296296296296,0,-0.013573475129707524,-0.04599519888490233,0.06928060710874795
1643788800000,0.0001,8.0,24.814814814814813,2,-0.023095563375567063,-0.031988530804893944,0.0824024114181463
1643817600002,2.553e-05,8.0,11.11111111111111,1,-0.011810172025686017,-0.014153971531632448,0.11671645614092307
1643846400002,-7.716e-05,8.0,1.1111111111111112,0,0.0022194804527166934,0.006387060290970359,0.12077945620970221
1643875200000,1.168e-05,8.0,10.74074074074074,1,-0.004488732915663762,0.02434830298069146,0.12470194435213933
1643904000000,-1.533e-05,8.0,8.148148148148149,0,0.009464635842464153,0.07287031446114178,0.12548756742087575
1643932800018,1.462e-05,8.0,11.481481481481481,1,0.0188930495257984,0.11372017219444674,0.13839139285864066
1643961600005,-8.571e-05,8.0,1.1111111111111112,0,0.045332602949663015,0.09230223635141677,0.12684347334376667
1643990400010,0.0001,8.0,27.037037037037038,2,0.045666007840286404,0.05427618708649806,0.10705827710590943
1644019200014,7.457e-05,8.0,21.48148148148148,2,-0.0007012673506336942,-4.828002414003496e-05,0.059316596258298215
1644048000000,0.0001,8.0,27.40740740740741,2,0.007630531694539977,0.005840683718061346,0.08447536410045275
1644076800000,0.0001,8.0,27.40740740740741,2,-0.007000631342044206,-0.00556290749196553,0.04382851762182827
1644105600000,0.0001,8.0,27.40740740740741,2,0.0052611689366948156,0.02478337037900058,0.06469175630269342
1644134400000,0.0001,8.0,27.40740740740741,2,-0.0037933516899656405,0.02530006079643554,0.05249535619481094
1644163200000,0.0001,8.0,27.40740740740741,2,0.023301772896507256,0.05629833136457374,0.05667014123229186
1644192000003,1.477e-05,8.0,12.222222222222221,1,0.008557329312171014,0.03635908475260763,0.04522414161607724
1644220800014,5.264e-05,8.0,18.88888888888889,1,0.02697858025490696,0.04897577543045917,0.031883393486334954
1644249600003,-9.617e-05,8.0,0.7407407407407408,0,0.0005718571059516453,-0.008797889327408881,0.025870149674704912
1644278400001,0.0001,8.0,28.51851851851852,2,0.020835559939009318,0.0030399576684754237,-0.009988106792300111
1644307200003,0.0001,8.0,28.51851851851852,2,-0.029583561215719922,-0.021128659605103017,-0.03372607234940228
1644336000002,0.0001,8.0,28.51851851851852,2,0.012521606229034976,0.00662989754610277,0.00606607675967985
1644364800000,8.216e-05,8.0,23.333333333333332,2,-0.006254433918958302,0.005562243603816741,-0.03904638310148434
1644393600005,5.826e-05,8.0,20.0,1,-0.002064765777704536,0.004938653377730029,-0.03890991130902832
1644422400001,5.12e-05,8.0,18.88888888888889,1,0.011382450473006012,0.02815916189112877,-0.03598009756516707
1644451200012,0.0001,8.0,29.629629629629626,2,-0.00431542091339876,-0.01838488158859186,-0.04753944862753379
1644480000000,-1.799e-05,8.0,8.518518518518519,0,0.019405797782681145,-0.016970166813245147,-0.03802318322843501
1644508800006,0.0001,8.0,30.0,2,-0.034402123058252965,-0.027932707588288475,-0.05498102983439157
1644537600000,3.895e-05,8.0,16.296296296296298,1,-0.0030217575293487453,-0.024215053515807106,-0.031060701146314873
1644566400009,-5.238e-05,8.0,5.185185185185185,0,0.01037918074079447,-0.02638008080730614,-0.023778528192573645
1644595200015,-7.643e-05,8.0,2.2222222222222223,0,-0.03075251469305107,-0.03543984034740166,-0.02568517268565007
1644624000020,0.0001,8.0,31.11111111111111,3,-0.005807737673979796,-0.005577258787449857,0.0034928049068176925
1644652800001,0.0001,8.0,31.11111111111111,3,0.0009773677320583651,0.004726435507373505,0.03693045313178844
1644681600007,0.0001,8.0,31.11111111111111,3,-0.0007448145075262813,0.007894038165224604,0.046725139267512095
1644710400022,8.047e-05,8.0,25.185185185185183,2,0.004493568517786484,-0.002338591407894719,0.05297343665709997
1644739200001,7.937e-05,8.0,25.185185185185183,2,0.004133150697872123,-0.0020447299435562005,0.043381432586259816
1644768000007,6.814e-05,8.0,23.703703703703706,2,-0.010889738254447945,0.0022016552515040644,0.02490685711772489
1644796800005,9.717e-05,8.0,31.48148148148148,3,0.004789442396861299,0.011486386874331123,0.04476281060515985
1644825600013,2.867e-05,8.0,15.555555555555555,1,0.008405823304482585,0.03416711590806787,0.03954854670603902
1644854400019,6.445e-05,8.0,23.703703703703706,2,-0.0017262896834244756,0.03624551237432416,-0.01533196813451354
1644883200012,0.0001,8.0,33.33333333333333,3,0.027320004720478464,0.0434561425697364,-0.04929608919635731
1644912000005,-7.76e-05,8.0,1.8518518518518516,0,0.010432446533425566,0.010977066466515195,-0.06945277138319728
1644940800011,5.462e-05,8.0,22.22222222222222,2,0.005220116812852504,-0.013114835775804412,-0.1013948242711652
1644969600009,0.0001,8.0,34.074074074074076,3,-0.004656810839307246,-0.01011791847088983,-0.09896004650052048
1644998400001,0.0001,8.0,34.074074074074076,3,-0.013646477244176669,-0.005710741762656846,-0.08893637151736433
1645027200014,0.0001,8.0,34.074074074074076,3,0.008272712669527449,-0.03714574201987275,-0.08319526355646334
1645056000018,0.0001,8.0,34.074074074074076,3,-0.00022532005689901435,-0.07957667140825042,-0.08806600284495025
1645084800000,0.0001,8.0,34.074074074074076,3,-0.04692024696304664,-0.07438486896024188,-0.11754193454386508
1645113600010,0.0001,8.0,34.074074074074076,3,-0.036159710951111035,-0.05432536589899972,-0.08694823193504031
1645142400000,-4.38e-06,8.0,12.592592592592592,1,0.003472573579317517,-0.01337446782254581,-0.05238970815079902
1645171200002,-2.923e-05,8.0,8.518518518518519,0,-0.0242517539610132,-0.010190556521439742,-0.034543134038770296
1645200000000,-9.36e-06,8.0,12.222222222222221,1,0.005334037496699251,0.005401938964125552,-0.02398179234725306
1645228800007,0.0001,8.0,35.18518518518518,3,0.006415946352086976,0.001850272915254969,-0.07325580523127151
1645257600000,9.61e-06,8.0,14.444444444444443,1,-0.006691082201174647,-0.036899094604398774,-0.08704121487989336
1645286400023,7.71e-05,8.0,28.51851851851852,2,0.0029160283943572285,-0.04108721553079231,-0.053394607475044764
1645315200001,3.023e-05,8.0,18.51851851851852,1,-0.03231248798919828,-0.04327881781267384,-0.0476214245247466
1645344000003,6.581e-05,8.0,26.666666666666668,2,-0.011948913430341546,0.012560157221187751,-0.016851759195737337
1645372800001,-7.517e-05,8.0,3.3333333333333335,0,0.0006238563720795121,0.014776782101847852,0.005184011526986332
1645401600000,6.5e-05,8.0,27.037037037037038,2,0.02279735797555915,-0.03539281361017643,-0.031152656088845543
1645430400001,-4.498e-05,8.0,7.4074074074074066,0,-0.009785942068853193,-0.06356022862731914,-0.1023754215443552
1645459200005,-3.473e-05,8.0,8.518518518518519,0,-0.04660692145837286,-0.02720944948323123,-0.0739809960850083
1645488000005,-5.357e-05,8.0,5.9259259259259265,0,-0.008075155877758422,0.029562139309254443,0.032923864743162445
1645516800000,2.477e-05,8.0,18.14814814814815,1,0.028660149573812577,0.037758134572887236,0.04538378637288942
1645545600000,-3.085e-05,8.0,9.62962962962963,0,0.011180633639791049,0.01815463985713328,0.04238904689463574
1645574400002,-2.623e-05,8.0,11.11111111111111,1,-0.0010482180293500676,-0.025241090146750467,0.027444968553459237
1645603200005,-0.00012603,8.0,0.0,0,0.01019674711437557,-0.07552203567681015,0.02815320041972713
1645632000010,-3.332e-05,8.0,9.62962962962963,0,-0.03406762627665938,-0.0651437207695923,0.01628982541607482
1645660800008,6.475e-05,8.0,30.0,2,-0.05257710340674482,0.029244451135581384,0.050267764969029516
1645689600003,-0.00016045,8.0,0.0,0,0.021537352693304035,0.08919982633913248,0.10113475459052079
1645718400001,-9.21e-05,8.0,1.8518518518518516,0,0.06345815706067492,0.09383307268590912,0.09234696570287304
1645747200000,0.0001,8.0,41.48148148148148,4,0.001898839829730381,0.022313976295801785,-0.017689466655537833
1645776000006,6.22e-05,8.0,30.0,2,0.025882775904920274,0.02106573990610805,-0.002076353537616593
1645804800001,9.98e-06,8.0,18.51851851851852,1,-0.0043374362907300235,-0.0061480873886754495,0.03751831601829436
1645833600004,9.332e-05,8.0,40.74074074074074,4,-0.00035962690621405,-0.0035886174258366044,0.10293491263106613
1645862400004,0.0001,8.0,42.592592592592595,4,-0.001459436841084627,-0.009899676474490526,0.10883265464417291
1645891200007,7.614e-05,8.0,34.81481481481482,3,-0.0017733033524121034,0.00481909239574807,0.11229047424366301
1645920000012,5.574e-05,8.0,28.888888888888886,2,-0.006691137698187188,-0.03563913931593732,0.13407616736547334
1645948800000,1.803e-05,8.0,20.37037037037037,2,0.013353853927399406,-0.014111775366522084,0.133102863344702
1645977600000,-6.28e-06,8.0,16.296296296296298,1,-0.04190717990856896,0.038276903351200486,0.12075821137011755
1646006400000,-0.00021167,8.0,0.0,0,0.015450997052653959,0.14626005682270793,0.1637131249834045
1646035200001,-8.986e-05,8.0,2.9629629629629632,0,0.06658678132562668,0.13454675511488068,0.13577114155108094
1646064000002,-5.386e-05,8.0,7.777777777777778,0,0.058440112102409625,0.06547710834526566,0.03922360514496215
1646092800002,0.0001,8.0,45.18518518518518,4,0.004985766515351653,0.024544956305167842,-0.018532436388695617
1646121600001,0.0001,8.0,45.18518518518518,4,0.0016544443345061222,0.011818116970825354,-0.04605982231405903
1646150400000,4.369e-05,8.0,27.40740740740741,2,0.016668959193030686,0.00997478220999537,-0.06566712517193951
1646179200000,-5.07e-06,8.0,17.77777777777778,1,-0.008877694370094003,-0.011736956869784043,-0.11667504752283686
1646208000000,0.0001,8.0,45.925925925925924,4,0.0023138141759226905,-0.010260867191161593,-0.11187075402585467
1646236800002,0.0001,8.0,45.925925925925924,4,-0.002232517998682848,-0.0357248302332448,-0.11129431536871748
1646265600000,0.0001,8.0,45.925925925925924,4,-0.007397334039145109,-0.03223841228842761,-0.10187876768902904
1646294400000,0.0001,8.0,45.925925925925924,4,-0.02304010813196522,-0.047638750965463994,-0.09579241605060884
1646323200005,0.0001,8.0,45.925925925925924,4,-0.000383908803994637,-0.040006594752461266,-0.08609920391916714
1646352000018,0.0001,8.0,45.925925925925924,4,-0.023201238404682134,-0.07889175033045326,-0.09416682178140834
1646380800000,0.0001,8.0,45.925925925925924,4,-0.0162780593772629,-0.05777697320782038,-0.08488534878107656
1646409600000,0.0001,8.0,45.55555555555556,4,-0.038833927116764255,-0.039064570267644205,-0.04111091481906781
1646438400006,0.0001,8.0,45.18518518518518,4,-0.0022459034005740675,0.006062404395626775,-0.029081635263241368
1646467200004,0.0001,8.0,44.81481481481481,4,0.003204668047664949,0.008603892774370792,-0.011147117336997692
1646496000000,1.656e-05,8.0,21.85185185185185,2,0.005058281307850354,-0.0092816014911844,-0.014682038122231122
1646524800004,4.115e-05,8.0,27.40740740740741,2,0.0002745967495880741,-0.02250930577873611,-0.01539267335191108
1646553600000,-9.6e-06,8.0,17.037037037037038,1,-0.013606133946185484,-0.03615082674042591,0.06159114482702521
1646582400013,1.957e-05,8.0,23.333333333333332,2,-0.009208193307630563,0.006149104179122844,0.09591159309733421
1646611200008,3.18e-06,8.0,19.62962962962963,1,-0.013252664188674212,-0.01270903184020844,0.09008170091897294
1646640000006,-8.983e-05,8.0,3.3333333333333335,0,0.02913885637765068,0.016744166429422558,0.03259471314543605
1646668800000,-3.177e-05,8.0,12.222222222222221,1,-0.028316201852093492,-0.01257929227407295,0.000816272220388381
1646697600008,3.378e-05,8.0,27.40740740740741,2,0.01618431625676764,0.0202468615388669,0.03693438541488292
1646726400002,0.0001,8.0,47.03703703703704,4,0.0014648386862601281,0.08393136777043764,0.011630559905420723
1646755200000,0.0001,8.0,47.03703703703704,4,0.0028842789950374037,0.10064656568666841,0.01107843010223264
1646784000008,6.776e-05,8.0,37.77777777777778,3,0.07961523563589412,0.08220271142672697,0.0004880568108458494
1646812800000,0.0001,8.0,47.40740740740741,4,0.017108140016619533,-0.06179908472408813,-0.06429442093591875
1646841600004,0.0001,8.0,47.40740740740741,4,-0.014478882513404123,-0.08062035556391689,-0.08309425265732295
1646870400000,0.0001,8.0,47.40740740740741,4,-0.0665270411299661,-0.06064894899617346,-0.07673686066515129
1646899200017,8.28e-05,8.0,42.592592592592595,4,-0.0019503677362204819,-0.0038981826350896753,-0.0024532766943818896
1646928000000,-8.919e-05,8.0,3.7037037037037033,0,0.007977091429740124,-0.002454489670689286,-0.006003272652894354
1646956800008,-9.808e-05,8.0,1.8518518518518516,0,-0.00861315500630111,-0.015612931419976439,-0.04061648847514121
1646985600000,-7.765e-05,8.0,4.814814814814815,0,-0.001129029367564316,0.000332820448488258,-4.096251673701978e-05
1647014400001,4.301e-05,8.0,31.11111111111111,3,-0.0072463211083693135,-0.0009275700994446634,-0.001888450727322466
1647043200010,-3.07e-06,8.0,21.48148148148148,2,0.008933019133334552,0.0003845766688432839,0.023642431453725576
1647072000001,3.168e-05,8.0,28.888888888888886,2,-0.0025454080327449446,-0.0003581478639037572,-0.01861089792785875
1647100800002,-3.565e-05,8.0,12.592592592592592,1,-0.005942473166540507,-0.001456765109449809,-0.0012900578346007885
1647129600008,-5.855e-05,8.0,8.88888888888889,0,0.008183947903443789,-0.025774791789219487,0.014198065987594877
1647158400000,6.13e-06,8.0,23.333333333333332,2,-0.005095159981881703,-0.00045551907422158866,0.0126572884331424
1647187200002,-5.741e-05,8.0,9.25925925925926,0,-0.03015125713713296,0.0004957145095381144,0.043861744452749374
1647216000014,-8.009e-05,8.0,4.814814814814815,0,0.03386670480246168,0.050320711444446165,0.0898998405711895
1647244800005,-6.699e-05,8.0,8.148148148148149,0,-0.0021927015825362606,-0.017318756307859395,0.04236063793271283
1647273600002,2.708e-05,8.0,29.629629629629626,2,0.018147511103124403,-0.000328601134700901,0.04688214001488977
1647302400008,5.726e-05,8.0,38.88888888888889,3,-0.032713143502631103,-0.008845206367136704,0.03046906320994247
1647331200000,4.476e-05,8.0,34.81481481481482,3,0.01443351574825713,0.030207807219882143,0.055146235674527366
1647360000006,9.061e-05,8.0,48.888888888888886,4,0.009473500392910283,0.0436875003210051,0.052619144226275116
1647388800013,0.0001,8.0,52.96296296296297,5,0.007687787306247307,0.046943328644003524,0.06314822776405471
1647417600000,5.871e-05,8.0,40.0,3,0.025998903234447424,0.028397130214374622,0.05104003194266493
1647446400008,0.0001,8.0,53.333333333333336,5,0.012622596662516639,0.0033906312282547812,0.030559970867145347
1647475200004,0.0001,8.0,53.333333333333336,5,-0.011228447019030696,-0.006951869058958393,0.025963201990552687
1647504000000,0.0001,8.0,53.333333333333336,5,0.0028259277643716274,-0.004074250637676635,0.028070063349928454
1647532800004,0.0001,8.0,53.333333333333336,5,0.002184937419076549,0.005149684152705225,0.012388668733079644
1647561600000,0.0001,8.0,52.96296296296297,5,-0.009286533182428003,0.021298647964858475,0.008264745640902849
1647590400000,1.662e-05,8.0,27.037037037037038,2,0.009723949389076392,0.026198653796806193,0.013698900534928171
1647619200017,0.0001,8.0,52.59259259259259,5,0.019571008948698898,0.021815502620202487,0.004745152381602891
1647648000008,0.0001,8.0,52.22222222222223,5,-0.004168321712122669,0.01032509080815669,-0.019501619950516136
1647676800015,0.0001,8.0,51.85185185185185,5,0.006396393798717925,0.0053006929827092986,0.01289130455676979
1647705600000,0.0001,8.0,51.85185185185185,5,0.006458755347501288,-0.014437358185344973,0.015267667332345525
1647734400000,0.0001,8.0,51.85185185185185,5,-0.00820002465459857,-0.022189138701081967,0.0035346160046274555
1647763200001,0.0001,8.0,51.85185185185185,5,-0.013227272944562163,-0.01667630707159562,0.006446323659465847
1647792000002,0.0001,8.0,51.85185185185185,5,-0.0018190890505856983,-0.0024391779945936998,0.0344076697251261
1647820800013,0.0001,8.0,51.85185185185185,5,-0.0016792326004082536,-0.005651636887789913,0.04083786912177567
1647849600004,-9.54e-06,8.0,21.11111111111111,2,0.0010597932430889134,0.02463776218336844,0.046470475278378
1647878400010,-9.3e-07,8.0,23.703703703703706,2,-0.0050335448247728065,0.03327530066506901,0.0675291438117509
1647907200012,0.0001,8.0,52.22222222222223,5,0.028731172089299983,0.03367304106754121,0.07297127126833969
1647936000001,0.0001,8.0,52.22222222222223,5,0.009498573078994266,-0.0010959892014223982,0.04026692793277942
1647964800022,0.0001,8.0,52.22222222222223,5,-0.004650550710742385,0.0035437243414853103,0.040365088205366995
1647993600007,0.0001,8.0,52.22222222222223,5,-0.005871631543906131,0.012654581855785052,0.04641115114198158
1648022400000,0.0001,8.0,51.85185185185185,5,0.011984261460988188,0.0227558580493894,0.055891747708751716
1648051200006,7.014e-05,8.0,44.81481481481481,4,0.004385913560270405,0.0295024692716761,0.03492339286592405
1648080000013,1.664e-05,8.0,28.14814814814815,2,0.00372328768400787,0.025046511953222383,0.0371722597581845
1648108800006,8e-06,8.0,25.555555555555554,2,0.021204639051934926,0.018563640629100986,0.038513979638529205
1648137600020,-9.07e-06,8.0,21.85185185185185,2,3.86672974743707e-05,0.006982859014484255,0.01941553242594063
1648166400010,6.7e-06,8.0,25.555555555555554,2,-0.00262472564338756,0.008085701613728569,0.06483117828346585
1648195200001,9.286e-05,8.0,51.85185185185185,5,0.009593830029349437,0.014298387041602245,0.0715147396530531
1648224000014,5.473e-05,8.0,40.370370370370374,4,0.0011339046526230856,-0.001705374527351533,0.07261959080046432
1648252800020,9.739e-05,8.0,53.70370370370371,5,0.003521952980461096,0.0037137313298136743,0.06416001082983613
1648281600006,-7.111e-05,8.0,8.148148148148149,0,-0.006335702289441247,0.005213801848550137,0.0649038515584075
1648310400000,0.0001,8.0,54.81481481481482,5,0.007045361445374265,0.013667503298623318,0.0738190023333658
1648339200004,-8.253e-05,8.0,4.814814814814815,0,0.005021736882566907,0.0523820656107683,0.06481502295073116
1648368000001,1.306e-05,8.0,28.51851851851852,2,0.00242451353164852,0.050930440617311445,0.059192574368150286
1648396800006,0.0001,8.0,55.55555555555556,5,0.0445910608143083,0.05953804687360553,0.05255207682558938
1648425600012,0.0001,8.0,55.55555555555556,5,0.0036354393392128426,0.007450301066495024,0.0037016547443335934
1648454400007,0.0001,8.0,55.55555555555556,5,0.010634833816089984,0.008040504734278198,0.003805299752485336
1648483200000,0.0001,8.0,55.55555555555556,5,-0.005628150024978851,0.00014123073096405925,-0.020008389527003456
1648512000000,0.0001,8.0,55.55555555555556,5,0.003826333228047263,0.004784506424212243,-0.0364127013064649
1648540800015,0.0001,8.0,55.55555555555556,5,0.00019423666048057342,-0.00017734651609102592,-0.04908698213233853
1648569600000,9.594e-05,8.0,54.074074074074076,5,-0.0010116593742887092,-0.006447220887393912,-0.019111931679270278
1648598400000,0.0001,8.0,55.925925925925924,5,-0.0004472687072247794,-0.008580386001333484,-0.025458450424905354
1648627200002,0.0001,8.0,55.925925925925924,5,-0.0038600825652234105,-0.004024790683433088,-0.01724156134849497
1648656000028,0.0001,8.0,55.925925925925924,5,-0.0038898793183489433,-0.01723841886474875,-0.018143584242914845
1648684800017,0.0001,8.0,55.925925925925924,5,0.0037390775097787543,-0.03354529242267523,-0.02443062596030665
1648713600000,0.0001,8.0,55.55555555555556,5,-0.013932781593202659,-0.04581549934461426,-0.0156613882302038
1648742400015,0.0001,8.0,55.55555555555556,5,-0.020418243979249517,0.0031535466614898144,0.0002566840305864293
1648771200000,0.0001,8.0,55.55555555555556,5,-0.010289206562916764,0.016207095306608243,0.0192738376518522
1648800000000,7.626e-05,8.0,48.888888888888886,4,0.034504986918646674,0.03494955287778656,0.026207163291299684
1648828800018,9.193e-05,8.0,53.333333333333336,5,-0.00807195522365578,-0.004061780345627541,-0.018186626873117118
1648857600000,0.0001,8.0,56.2962962962963,5,0.007964565369402932,-0.007611691176629742,0.00808363334855966
1648886400002,0.0001,8.0,56.2962962962963,5,-0.004774387623549536,-0.0032574129780833516,0.002885689729265284
1648915200006,0.0001,8.0,56.2962962962963,5,-0.010268190630815965,0.001178812465186141,-0.013858602956098975
1648944000018,0.0001,8.0,56.2962962962963,5,0.011914785939592942,0.009299291918799746,-0.010304915558153716
1648972800018,0.0001,8.0,56.2962962962963,5,-0.00034491381466050797,-0.00569107794189927,-0.024467323727483614
1649001600015,0.0001,8.0,56.2962962962963,5,-0.0022405568829735323,-0.015343178269832891,-0.046616090605619
1649030400006,0.0001,8.0,56.2962962962963,5,-0.003114429903714133,0.005774987302376244,-0.06624593405880885
1649059200000,0.0001,8.0,56.2962962962963,5,-0.012818763307752001,0.011989161018656214,-0.059579740375638734
1649088000016,0.0001,8.0,56.2962962962963,5,0.01915862368021637,0.0003285086364921419,-0.0506297510561553
1649116800000,0.0001,8.0,56.2962962962963,5,0.0033222020594645407,-0.024468759059819045,-0.06792152988800726
1649145600010,0.0001,8.0,56.2962962962963,5,-0.021390786792731764,-0.030442877557885217,-0.06352960837120225
1649174400008,0.0001,8.0,56.2962962962963,5,-0.006701564720125952,-0.032078185651514324,-0.043788956539444146
1649203200001,9.898e-05,8.0,55.925925925925924,5,-0.002565583273455019,-0.04774982477330736,-0.06655087745592891
1649232000021,0.0001,8.0,56.666666666666664,5,-0.02304136263794554,-0.04020471389995006,-0.061224129015720385
1649260800000,0.0001,8.0,56.666666666666664,5,-0.021987226942503102,-0.019347491912132586,-0.0446921176968651
1649289600009,0.0001,8.0,56.666666666666664,5,0.005337542878569801,0.002914122499618088,-0.011094034265821784
1649318400000,0.0001,8.0,56.666666666666664,5,-0.0022940798459557543,0.00644231057142397,-0.018866273110666243
1649347200000,2.421e-05,8.0,31.851851851851855,3,0.001990003809172025,0.0070735170200733055,-0.013505246268742832
1649376000000,4.306e-05,8.0,37.77777777777778,3,0.006753036101440735,-0.02654903957587884,-0.028834611671624155
1649404800004,0.0001,8.0,57.407407407407405,5,-0.0007618550828087933,-0.02805594258403843,-0.031590675625899345
1649433600008,0.0001,8.0,57.407407407407405,5,-0.03034632450922481,-0.0334395706546875,-0.06856428502740664
1649462400008,0.0001,8.0,57.407407407407405,5,0.0031262986890325806,0.008824001662322,-0.06489667157807244
1649491200000,9.279e-05,8.0,54.44444444444444,5,-0.006664296929621116,0.0027518767611187656,-0.05576022655313895
1649520000001,0.0001,8.0,57.77777777777777,5,0.012052502291822975,0.012142517049505752,-0.04766992062119657
1649548800004,2.721e-05,8.0,33.7037037037037,3,-0.002988945349346128,-0.0124051764694868,-0.06355663431178193
1649577600007,6.231e-05,8.0,45.55555555555556,4,0.003087115343080704,-0.006293959113915726,-0.057751359269797464
1649606400016,0.0001,8.0,58.14814814814815,5,-0.012493008081370771,-0.047900786137395124,-0.03896049185660899
1649635200000,2.43e-06,8.0,24.814814814814813,2,0.003871775892501317,-0.06104215301106497,-0.02563865322932679
1649664000000,0.0001,8.0,58.51851851851851,5,-0.03991312650067125,-0.05206265479364003,-0.0252136388558033
1649692800009,0.0001,8.0,58.14814814814815,5,-0.026528224339498307,-0.011757273630079612,-0.018345083232549575
1649721600000,-6.795e-05,8.0,8.88888888888889,0,0.013472062903315596,0.01269891000601353,0.007610250087169312
1649750400006,-0.00010012,8.0,1.4814814814814816,0,0.002153727269328165,0.000496055239116,0.002303291663031448
1649779200013,-7.001e-05,8.0,9.25925925925926,0,-0.004830497302433567,0.02139895380681489,0.004793186561168339
1649808000005,-1.692e-05,8.0,19.62962962962963,1,0.0031918057822424295,0.02630177936298872,0.01302966604763478
1649836800008,7.53e-06,8.0,27.40740740740741,2,0.02309125880746632,0.027994538623294485,0.0052944459393469145
1649865600013,-1.485e-05,8.0,20.37037037037037,2,-5.357595121657788e-05,-0.02747715716261756,-0.025933195659373687
1649894400007,5.018e-05,8.0,41.48148148148148,4,0.004846447967657985,-0.028184895643067698,-0.017133045956016613
1649923200000,3.533e-05,8.0,37.03703703703704,3,-0.03277774410570333,-0.025788229589672085,-0.023700830353354685
1649952000006,4.423e-05,8.0,39.62962962962963,3,-0.0007812715193978859,0.01153627528803125,0.012192343038294862
1649980800008,-0.00013233,8.0,0.7407407407407408,0,0.007648413555635392,0.01569528640201301,-0.006889085473276824
1650009600002,-6.805e-05,8.0,9.25925925925926,0,0.004643250623618034,0.003481816214818023,-0.03043853475225633
1650038400000,7.697e-05,8.0,51.48148148148148,5,0.003914945881630549,-0.008622290676683853,-0.028481788444347567
1650067200011,2.197e-05,8.0,32.22222222222222,3,-0.004468295090056751,-0.004256106587712805,0.006138662718973675
1650096000007,5.199e-05,8.0,42.22222222222222,4,-0.008689208379906277,-0.001462245563076059,0.008396759267290888
1650124800007,6.201e-05,8.0,46.2962962962963,4,0.008980381666220838,0.01058794998787449,0.03526649882620014
1650153600000,7.2e-06,8.0,26.666666666666668,2,-0.0020321224031581986,-0.017679464907476516,0.027101573903583143
1650182400004,9.838e-05,8.0,58.14814814814815,5,0.0032737733278067616,-0.03238776963953749,0.025202345997384024
1650211200000,0.0001,8.0,58.88888888888889,5,-0.019351470904759083,-0.029371089565494835,0.019833896988424415
1650240000008,-3.231e-05,8.0,15.555555555555555,1,-0.01624576065891481,0.029019299095607298,0.04331445817183455
1650268800012,-0.00017197,8.0,0.3703703703703704,0,0.006107477234833958,0.0436757727331023,0.0753494933948955
1650297600000,-5.436e-05,8.0,12.222222222222221,1,0.039846049931818506,0.05611530962060485,0.07402347483655536
1650326400021,0.0001,8.0,59.62962962962963,5,-0.002234003943225593,0.016106408231728153,-0.010591287629846957
1650355200031,6.251e-05,8.0,47.77777777777778,4,0.017725258493353158,0.015179034450214735,0.00019416187201537483
1650384000000,-5.028e-05,8.0,13.703703703703704,1,0.00025099492941982326,-0.005133328989190278,-0.0478241877055926
1650412800025,9.45e-05,8.0,58.14814814814815,5,-0.0031446389095366456,-0.0021792854453657196,-0.042120785025436924
1650441600003,9.543e-05,8.0,58.51851851851851,5,-0.0017770116667836788,0.014942392380638658,-0.042026083819751925
1650470400000,3.714e-05,8.0,38.148148148148145,3,0.002081392640894242,0.022203947368421018,-0.03543946980282564
1650499200000,1.77e-06,8.0,26.296296296296294,2,0.013764821512435965,-0.021235493195055688,-0.04551396575014155
1650528000000,-5.245e-05,8.0,13.333333333333334,1,0.006230179956443482,-0.028770106598402956,-0.05147957819126592
1650556800024,5.359e-05,8.0,44.44444444444444,4,-0.04303472615882342,-0.06661084928595662,-0.05920832611897642
1650585600008,3.026e-05,8.0,37.407407407407405,3,0.008642547506747755,-0.016273864906597546,-0.02141428461666195
1650614400008,-0.00016984,8.0,0.7407407407407408,0,-0.03299373888086177,-0.027673753427888914,-0.05679975230737477
1650643200008,-4.15e-06,8.0,25.925925925925924,2,0.008573701048715687,0.010667574689539938,-0.009806138810608656
1650672000000,-9.023e-05,8.0,4.444444444444445,0,-0.0024195987498739635,-0.006248109688476666,0.01988607722552671
1650700800000,-7.562e-05,8.0,8.518518518518519,0,0.004585649317837337,0.0035624052551794794,0.025540677109651355
1650729600012,-0.00011883,8.0,2.2222222222222223,0,-0.0068564618444308945,-0.0027078875711228356,-0.028783562594442813
1650758400004,-0.00018273,8.0,0.3703703703703704,0,0.005625316455696083,-0.00043291139240497767,-0.035946835443038005
1650787200003,-0.00015276,8.0,1.8518518518518516,0,-0.00144000080559481,-0.0336864524120013,-0.017879170841494152
1650816000000,-3.654e-05,8.0,18.14814814814815,1,-0.005118223396584187,-0.018622265028162777,-0.016443868469222522
1650844800008,-8.908e-05,8.0,7.037037037037037,0,-0.02782976934318404,0.02474995504382904,-0.00835551593221373
1650873600018,-7.844e-05,8.0,8.518518518518519,0,0.015185975442956856,0.05731279357859109,0.025633009501329962
1650902400000,7.223e-05,8.0,54.074074074074076,5,0.039600653588054646,-0.007265515008889056,0.011920788416282191
1650931200014,0.0001,8.0,62.59259259259259,6,0.0030622761683734012,-0.05882338402524956,-0.0177112760472663
1650960000000,0.0001,8.0,62.22222222222222,6,-0.04804278791551797,-0.038984107275276014,-0.024532592280535837
1650988800017,0.0001,8.0,61.85185185185185,6,-0.014181459515013817,0.007693920715337699,0.009273090175753618
1651017600012,-0.0001264,8.0,2.5925925925925926,0,0.024472099600578723,0.02817482096948276,0.013584523149886785
1651046400000,-0.00011034,8.0,3.7037037037037033,0,3.8453157645168545e-05,0.009372316290039207,-0.009985003268518367
1651075200002,1.968e-05,8.0,35.18518518518518,3,0.00585483402740139,0.012231182450398226,-0.01139624561015895
1651104000000,-5.716e-05,8.0,14.444444444444443,1,0.005580300135868077,0.014628814269223467,-0.038829694858462216
1651132800004,-5.544e-05,8.0,15.185185185185185,1,0.0008433245275349943,0.005786425523267802,-0.03650426742531998
1651161600030,0.0001,8.0,61.48148148148148,6,0.008687552663370735,-0.010535212125519,-0.022111001695379717
1651190400000,0.0001,8.0,61.111111111111114,6,-0.003355282367273893,-0.028898722324583903,-0.03177072321060004
1651219200016,0.0001,8.0,60.74074074074074,6,-0.015398097778047237,-0.024719793513453547,-0.018299920698660155
1651248000010,2.628e-05,8.0,36.666666666666664,3,-0.00997022015538862,-0.012943074582992375,-0.008136233170283669
1651276800000,-9.371e-05,8.0,5.185185185185185,0,0.0010031026197308002,-0.024496958292185567,-0.0017599655782873924
1651305600005,4.536e-05,8.0,42.96296296296296,4,-0.003508817360229899,-0.017766786648367283,-0.0010202760442292735
1651334400015,5.926e-05,8.0,47.40740740740741,4,-0.02221067266088894,0.0012603458804880674,-0.0027961487987734346
1651363200000,2.403e-05,8.0,35.55555555555556,3,0.00771086642292329,0.022080392823739414,0.0018918459314685165
1651392000000,9.5e-07,8.0,27.77777777777778,2,0.015003137738824002,0.02510454734821521,0.022428240704119196
1651420800010,0.0001,8.0,60.74074074074074,6,-0.0016247080197248076,0.0036049831300286606,0.01069296651959517
1651449600018,0.0001,8.0,60.370370370370374,6,0.010497200226685433,0.0008682676760061181,0.03189713887603518
1651478400007,9e-05,8.0,55.55555555555556,5,-0.005204367243614727,-0.007553149889892752,0.018761962584123992
1651507200000,0.0001,8.0,60.0,5,-0.005148314333909276,-0.009679244259487407,-0.04913759922710703
1651536000006,0.0001,8.0,59.62962962962963,5,0.001994763745168715,-0.02015023064455812,-0.05137815318123273
1651564800000,0.0001,8.0,59.25925925925925,5,-0.005945605360120232,0.005437389638103696,-0.059673860339208074
1651593600021,0.0001,8.0,59.25925925925925,5,-0.0169099309687053,0.014804333153523475,-0.06117178603165174
1651622400007,0.0001,8.0,58.88888888888889,5,0.026746189529489817,0.05220410868124592,-0.04523525513585158
1651651200011,2.504e-05,8.0,34.81481481481482,3,0.0053699592089637704,0.022370527185418432,-0.07299271957453413
1651680000000,0.0001,8.0,58.51851851851851,5,0.019059087536234642,-0.054889555887057684,-0.07745851445414709
1651708800005,0.0001,8.0,58.14814814814815,5,-0.002365572977548469,-0.07990295860373264,-0.10664980450642914
1651737600019,0.0001,8.0,57.77777777777777,5,-0.07087536773525582,-0.08444842868145597,-0.12597568212522559
1651766400005,0.0001,8.0,57.407407407407405,5,-0.007368089188939608,-0.020854056933505172,-0.06670689083486891
1651795200005,-0.0001346,8.0,2.2222222222222223,0,-0.007294093810150781,-0.013805112984527357,-0.06705692624039294
1651824000001,-5.734e-05,8.0,13.703703703703704,1,-0.006338208807848633,-0.009642462137614882,-0.07579096598384283
1651852800010,4.197e-05,8.0,38.88888888888889,3,-0.00022205876229997035,-0.0027646315906346697,-0.10455359249441387
1651881600004,-5.273e-05,8.0,15.925925925925927,1,-0.003103960464761246,-0.015478157058178454,-0.1632605466635202
1651910400016,5.998e-05,8.0,46.2962962962963,4,0.0005625691027024704,-0.036062907479662454,-0.11961555921318301
1651939200011,7.13e-06,8.0,28.14814814814815,2,-0.01296799890889555,-0.044186946271456806,-0.12612276594974803
1651968000000,-2.659e-05,8.0,20.74074074074074,2,-0.02412448947356538,-0.03830640611954772,-0.12661619694473902
1651996800007,0.0001,8.0,59.25925925925925,5,-0.007870148330916038,-0.03187930127875471,-0.11878318954807332
1652025600015,0.0001,8.0,58.88888888888889,5,-0.007740379855210144,-0.060560172862659245,-0.09747695067473527
1652054400000,0.0001,8.0,58.51851851851851,5,-0.01711369535569207,-0.11529674003900803,-0.14577876845918092
1652083200001,0.0001,8.0,58.51851851851851,5,-0.03726229840875728,-0.056603717276861976,-0.16178928268732629
1652112000000,0.0001,8.0,58.51851851851851,5,-0.06591232128424518,-0.03016452532909719,-0.10133496836765976
1652140800000,0.0001,8.0,58.51851851851851,5,0.04649189110341978,0.026527960111919935,-0.037288989669942096
1652169600007,0.0001,8.0,58.14814814814815,5,-0.006832913130265017,-0.03515154199236359,-0.043395325148600006
1652198400008,0.0001,8.0,57.77777777777777,5,-0.010278477625916937,-0.012855263618903323,-0.03396643489395046
1652227200004,7.58e-05,8.0,50.0,4,-0.018424355549834237,-0.05881633572554945,-0.059122067389695165
1652256000007,6.939e-05,8.0,49.25925925925926,4,0.016117768561171086,-0.07912657169554604,-0.03443222242258326
1652284800008,-3.512e-05,8.0,18.14814814814815,1,-0.05635952387866572,-0.06621042136544475,-0.06911761384352777
1652313600014,-0.00018773,8.0,0.3703703703703704,0,-0.03960622867185959,-0.008903964384142538,0.02648621663577866
1652342400000,-0.00041995,8.0,0.0,0,0.029176035009823575,0.07173254651072081,0.05699735440353515
1652371200007,-0.00014678,8.0,2.9629629629629632,0,0.0015514804717331465,0.04800259847063426,0.035728971219864514
1652400000014,-7.127e-05,8.0,11.481481481481481,1,0.04329480765913418,0.008656201483526083,0.07675004312575462
1652428800001,-6.05e-06,8.0,24.814814814814813,2,0.002956358982668439,-0.02611119745766366,-0.020393585957625526
1652457600000,6.045e-05,8.0,46.2962962962963,4,-0.03221720471960432,-0.04883543727590289,-0.02190585200602979
1652486400000,0.0001,8.0,59.25925925925925,5,0.0028903113219764798,0.024216582479532622,0.018476860467494083
1652515200000,0.0001,8.0,58.88888888888889,5,-0.02000394233318159,0.01294172823730122,0.03262280707716769
1652544000001,0.0001,8.0,58.51851851851851,5,0.040554592720970506,0.03896360485268624,0.045351819757365686
1652572800000,8.29e-05,8.0,53.333333333333336,5,-0.008149777536697322,0.04130462996549067,0.012109857270739655
1652601600000,0.0001,8.0,58.14814814814815,5,0.006663311524911952,-0.006502264720684381,0.001982888777050773
1652630400000,9.053e-05,8.0,53.70370370370371,5,0.042911517284592415,-0.011718593768747732,-0.0342058952925649
1652659200021,0.0001,8.0,57.77777777777777,5,-0.05083051368809588,-0.043054060289141716,-0.07720701322669943
1652688000013,8.883e-05,8.0,52.96296296296297,5,0.003757190310297309,0.025378757190310353,-0.014674309325123591
1652716800006,4.94e-05,8.0,41.85185185185185,4,0.0044191091156737805,0.014256167078646076,0.020262657855353305
1652745600000,0.0001,8.0,57.77777777777777,5,0.016819771430483632,0.01781369743821415,0.01445375901477508
1652774400010,-7.1e-06,8.0,24.074074074074073,2,-0.0071308641975308396,-0.015548971193415584,-0.003914403292181068
1652803200023,4.705e-05,8.0,42.22222222222222,4,0.009914319062019228,-0.040482916865616225,-0.035731338532548174
1652832000003,-6.956e-05,8.0,12.222222222222221,1,-0.0182123227852673,-0.05441698897476477,-0.04182891514049125
1652860800024,-5.753e-05,8.0,14.074074074074074,1,-0.03227802171710248,-0.02388413086443697,-0.016199206091757623
1652889600014,2.893e-05,8.0,37.77777777777778,3,-0.004751619870410395,0.04836285097192228,0.019638876889848778
1652918400000,-3.41e-06,8.0,27.037037037037038,2,0.013598755097362192,0.05293615011080477,0.022914683876704478
1652947200008,5.624e-05,8.0,45.925925925925924,4,0.03934768830189972,0.036576048786337134,0.008273806464874855
1652976000015,7.465e-05,8.0,51.85185185185185,5,-0.0023733394864356994,-0.04140818142861857,-0.015153113359923531
1653004800001,0.0001,8.0,59.62962962962963,5,-0.00029406905666617966,-0.03573765075169333,-0.0016157277383116453
1653033600003,0.0001,8.0,59.62962962962963,5,-0.0388450593434051,-0.02769028394274209,0.006838290460436047
1653062400012,0.0001,8.0,59.25925925925925,5,0.0035281010151029246,0.014614453522599158,0.043513245852933924
1653091200008,-2.02e-06,8.0,26.666666666666668,2,0.008049096404119993,0.008926307421342372,-0.0013672156088735399
1653120000001,-2.146e-05,8.0,22.22222222222222,2,0.0029743391018515197,0.0003977116284761273,-0.001240724311058039
1653148800007,2.549e-05,8.0,36.2962962962963,3,-0.00209789261772253,0.012590744870500048,-0.0029689078079563336
1653177600003,2.41e-05,8.0,34.81481481481482,3,-0.00047208420080224744,0.026226145313630322,0.006989563203244176
1653206400016,-3.063e-05,8.0,21.11111111111111,2,0.01519877675840986,0.03510023785253136,0.00793747876316675
1653235200000,0.0001,8.0,58.88888888888889,5,0.01374638407417228,0.017366499850837824,-0.007193304126596689
1653264000011,0.0001,8.0,58.51851851851851,5,0.008171140550898404,-0.03549763205708212,-0.021372711898623553
1653292800000,0.0001,8.0,58.14814814814815,5,-0.003401740272533149,-0.035297980627154835,-0.023815465440814254
1653321600023,0.0001,8.0,57.77777777777777,5,-0.03963263934199346,-0.03058043511213926,-0.03122301968615515
1653350400011,-0.00012372,8.0,4.814814814814815,0,0.00817678041415748,0.017369224698474905,0.005857223737711692
1653379200000,-6.76e-06,8.0,23.333333333333332,2,0.001643975493532901,0.011204901293396796,-0.01464261402314504
1653408000009,2.892e-05,8.0,36.2962962962963,3,0.007869278201929397,0.006961676785119497,-0.018481756191745302
1653436800001,3.679e-05,8.0,38.148148148148145,3,0.00046880744155930465,-0.002677936033079642,-0.03502564950066944
1653465600000,0.0001,8.0,57.407407407407405,5,-0.003046194444818462,0.0006900219460639345,-0.0276715630175165
1653494400015,0.0001,8.0,57.03703703703704,5,-0.0017790230564088683,-0.007571819194544749,-0.022391385072409897
1653523200005,7.516e-05,8.0,49.25925925925926,4,0.004666844773302925,-0.00866071700320925,-0.019654856393070075
1653552000001,0.0001,8.0,57.03703703703704,5,-0.010421330066008427,-0.026356270806474957,-0.024336633196783364
1653580800000,7.21e-06,8.0,28.14814814814815,2,-0.005416195446308114,-0.018772737801637907,-0.004646346282241698
1653609600007,0.0001,8.0,56.666666666666664,5,-0.013266607992031165,-0.023981551602977436,0.00393324736816969
1653638400008,0.0001,8.0,56.2962962962963,5,-0.0017562479905134376,-0.0016041320228311617,0.059587973158446106
1653667200000,0.0001,8.0,56.2962962962963,5,-0.006193304704342539,0.0052316761151594005,0.06296063571634392
1653696000018,0.0001,8.0,55.925925925925924,5,0.009356475785706309,0.013208114304887442,0.10806607202773733
1653724800016,8.712e-05,8.0,50.74074074074074,5,0.002797890501369471,0.0036843508582389273,0.09373625726741674
1653753600013,0.0001,8.0,55.55555555555556,5,0.001015203886780558,0.009123022683246163,0.10963166054896978
1653782400000,0.0001,8.0,55.18518518518518,5,-0.0004310359690895549,0.015437984268911187,0.09720723174907508
1653811200025,0.0001,8.0,54.81481481481482,5,0.008231758857075944,0.057394610371464205,0.08610571565586689
1653840000002,0.0001,8.0,54.44444444444444,5,0.007035337514842199,0.047474840798113815,0.04982223454090651
1653868800000,0.0001,8.0,54.074074074074076,5,0.04011192762737892,0.0764544479006779,0.011420285524117446
1653897600013,0.0001,8.0,54.074074074074076,5,-0.0012267976991018337,0.030572059682403063,-0.02318190864925007
1653926400005,0.0001,8.0,54.074074074074076,5,0.0356665675747192,0.04976266934106022,-0.014468513261442606
1653955200016,0.0001,8.0,53.70370370370371,5,-0.003696799366623371,0.003961757683002665,-0.04020111597919451
1653984000000,0.0001,8.0,53.333333333333336,5,0.015420266364445157,-0.003643754174805225,-0.03688390954878862
1654012800000,0.0001,8.0,53.333333333333336,5,-0.007996782581043416,-0.04239697712265478,-0.07979323718488318
1654041600000,0.0001,8.0,53.333333333333336,5,-0.010864611913045441,-0.06395569928564471,-0.0666616382087376
1654070400011,0.0001,8.0,53.333333333333336,5,-0.02545019074937016,-0.049004005577949816,-0.05622421071690631
1654099200000,0.0001,8.0,53.333333333333336,5,-0.030329963699109563,-0.016493301427617957,-0.029167684068304278
1654128000000,-1.452e-05,8.0,19.25925925925926,1,0.004888547168100832,0.021931311883265803,0.001977578490392373
1654156800006,2.265e-05,8.0,30.37037037037037,3,0.007682441279427188,0.015525211768163905,-0.00930243433182798
1654185600021,2.107e-05,8.0,30.0,2,0.008624918789196467,-0.02205950597313744,-0.0073388048421527685
1654214400016,-3.378e-05,8.0,16.666666666666664,1,-0.0008347410002431666,-0.02385584614474534,-0.01813096889110888
1654243200016,-1.456e-05,8.0,19.62962962962963,1,-0.02961201452478679,-0.022764051152510345,0.030009998947479133
1654272000012,6.937e-05,8.0,46.2962962962963,4,0.006772215612702359,0.010805717404051673,0.06776621959197238
1654300800005,2.7e-06,8.0,25.555555555555554,2,0.0002828025735033268,0.004457507229982394,0.0542206600746733
1654329600000,4.795e-05,8.0,40.370370370370374,4,0.004801682105057381,-0.0011187076904413118,-0.003541451152572095
1654358400007,5.506e-05,8.0,42.22222222222222,4,0.00044933722758933037,0.004201638404249142,0.001029451707984519
1654387200005,4.358e-05,8.0,38.148148148148145,3,-0.005872277954489746,0.0014010343521557722,0.04570790779987344
1654416000015,2.828e-05,8.0,33.7037037037037,3,0.00967973593977045,0.055822844985990994,0.030944136696347657
1654444800000,4.753e-05,8.0,39.62962962962963,3,-0.0018592944695168256,0.05277458808449276,0.017491387828130422
1654473600000,6.036e-05,8.0,44.074074074074076,4,0.04620107752350178,0.04806717967754559,0.010370578458225088
1654502400017,9.656e-05,8.0,54.074074074074076,5,0.005958691514772241,-0.05571344633345676,-0.026271251389083927
1654531200000,0.0001,8.0,55.55555555555556,5,-0.006322411267462691,-0.052874889817556836,-0.03897129232115559
1654560000000,0.0001,8.0,55.55555555555556,5,-0.056389441976821386,-0.008108056363914873,-0.03986062184101702
1654588800011,-0.00010234,8.0,4.814814814814815,0,0.009519493826701142,0.03404698538089801,0.016472275108299073
1654617600000,-3.705e-05,8.0,15.555555555555555,1,0.04064477252184395,0.02044123062502079,-0.014807003448160438
1654646400008,0.0001,8.0,55.925925925925924,5,-0.019907816967319247,-0.03195635729579338,-0.06842250342961909
1654675200020,0.0001,8.0,55.925925925925924,5,-0.0027994257252835775,-0.002773262868037807,-0.04115744480454708
1654704000012,0.0001,8.0,55.55555555555556,5,-0.009520498752135786,-0.005857254829939484,-0.0697033001990679
1654732800000,0.0001,8.0,55.18518518518518,5,0.008926916457036915,-0.004038130544154694,-0.059936449093075606
1654761600000,9.106e-05,8.0,51.11111111111111,5,-0.00564929121407276,-0.014241331684256564,-0.0943615349537591
1654790400000,0.0001,8.0,54.81481481481482,5,-0.007241953842854532,-0.029060195648229037,-0.07521074250647486
1654819200009,0.0001,8.0,54.44444444444444,5,-6.320712976426446e-05,-0.03312718937854098,-0.11320729609878943
1654848000000,9.289e-05,8.0,51.48148148148148,5,-0.02059731892064587,-0.024328066135065662,-0.176922616115763
1654876800006,3.503e-05,8.0,33.7037037037037,3,-0.01164368421947537,-0.035359529355754704,-0.21277608691955863
1654905600018,1.762e-05,8.0,27.40740740740741,2,0.008777151193396726,-0.0227669186384577,-0.22808894822134518
1654934400014,3.79e-06,8.0,23.333333333333332,2,-0.03248724385385682,-0.05917965019509408,-0.22046986275205327
1654963200000,6.606e-05,8.0,44.074074074074076,4,0.00018664666377898875,-0.012889184706242784,-0.2031736976112749
1654992000015,0.0001,8.0,54.074074074074076,5,-0.02881094555389696,-0.06145607413458021,-0.22381559304847487
1655020800019,5.63e-06,8.0,22.962962962962962,2,0.016890164986350875,-0.1025590829499603,-0.25385276300477444
1655049600010,4.39e-06,8.0,22.59259259259259,2,-0.04966488413547232,-0.17470588235294116,-0.23589661319073085
1655078400009,5.616e-05,8.0,39.62962962962963,3,-0.0713436296043427,-0.1583830077765982,-0.15377632057741153
1655107200000,-3.182e-05,8.0,14.814814814814813,1,-0.0631300163758769,-0.07652993146392251,-0.12086205850837994
1655136000007,-5.8e-06,8.0,19.62962962962963,1,-0.03086891725523222,-0.019823322317976677,-0.0918378366703384
1655164800013,4.088e-05,8.0,34.81481481481482,3,0.018734204297768287,-0.017356885923271448,-0.09262354634966052
1655193600008,-0.00010037,8.0,5.185185185185185,0,-0.007201862158283556,-0.09946970492491869,-0.07883107564142955
1655222400006,-5.186e-05,8.0,12.962962962962962,1,-0.028430275091888224,-0.05541942478383122,-0.09123601843935358
1655251200000,-2.077e-05,8.0,17.037037037037038,1,-0.06458898942489699,0.018751496370313703,-0.07705685981325316
1655280000016,-7.24e-05,8.0,8.148148148148149,0,0.0413617856552877,0.05791524550816751,-0.06651507642674592
1655308800008,-6.66e-06,8.0,20.74074074074074,2,0.05247024462163674,-0.019110627953959014,-0.11751449860262853
1655337600009,-4.114e-05,8.0,14.074074074074074,1,-0.03475088329040643,-0.09756313808588635,-0.1601537390780089
1655366400016,4.475e-05,8.0,38.88888888888889,3,-0.03445884503393981,-0.03308104235365439,-0.16055534633366697
1655395200000,-5.277e-05,8.0,12.592592592592592,1,-0.03408173921298718,-0.019570892865619194,-0.06260027531209944
1655424000008,-2.222e-05,8.0,17.77777777777778,1,0.03421935559932998,0.004897602287184943,0.008213431318127906
1655452800003,-9.486e-05,8.0,5.9259259259259265,0,-0.02057140142969094,-0.0874296435272045,-0.04811076543092607
1655481600000,5.092e-05,8.0,42.22222222222222,4,-0.010825623223770009,-0.08109050240381133,0.006560250209395546
1655510400020,7.356e-05,8.0,49.25925925925926,4,-0.060801892787657796,-0.07389302230087103,0.006921971393095694
1655539200025,4.575e-05,8.0,40.370370370370374,4,-0.015531312458360924,-0.04866026815456348,0.0973881995336443
1655568000014,5.227e-05,8.0,43.333333333333336,4,0.001617814998096545,0.04838641458359749,0.13013365478154193
1655596800012,4.243e-05,8.0,38.51851851851852,3,-0.035212457112694606,0.08335180786487184,0.09142781736605965
1655625600012,-4.559e-05,8.0,14.814814814814813,1,0.08489487304340204,0.0964388687978377,0.09907593323084152
1655654400008,7.239e-05,8.0,50.37037037037037,5,0.03502339936256904,0.04613809658288637,0.015068382619921827
1655683200016,8.73e-06,8.0,29.259259259259256,2,-0.02355767122553487,0.003610389736943498,-0.02700240205417037
1655712000000,-5.4e-06,8.0,23.333333333333332,2,0.03579666894184341,0.05086265737331663,0.01966948489664544
1655740800013,6.08e-05,8.0,47.77777777777778,4,-0.00705247173949719,0.0304321627419315,-0.020496999204608457
1655769600012,0.0001,8.0,60.0,5,0.023579730267693222,0.0038304317853015135,0.023157363264751263
1655798400018,4.967e-05,8.0,42.96296296296296,4,0.013844687178368176,-0.047197150432320534,-0.007527070418660742
1655827200010,2.028e-05,8.0,31.48148148148148,3,-0.03268649594401152,-0.05835571066346046,-0.024724220847874734
1655856000000,1.78e-06,8.0,25.555555555555554,2,-0.029328886633316342,-0.03311824838686295,0.025597525314773106
1655884800001,-2.982e-05,8.0,18.14814814814815,1,0.0019712476603879203,0.018786587551272493,0.07072099876548132
1655913600012,-1.64e-05,8.0,20.37037037037037,2,-0.007874446056318485,0.00948411200095367,0.04124520577889923
1655942400000,-8.72e-06,8.0,21.85185185185185,2,0.02310503241803019,0.05556805286863331,0.07372414930789883
1655971200000,-1.577e-05,8.0,20.74074074074074,2,-0.00612708572545384,0.020873134146043526,0.045127403317616555
1656000000016,-2.656e-05,8.0,18.88888888888889,1,0.03720108468303551,0.025985147126131425,0.04805775789520306
1656028800005,6.006e-05,8.0,48.148148148148145,4,-0.0071173701791679145,0.0074684937746734015,-0.0010770953537807548
1656057600004,0.0001,8.0,60.370370370370374,6,-0.0037227840116224042,0.02792326955058977,0.021600749335729086
1656086400018,0.0001,8.0,60.0,5,0.018482009660723442,0.0053388208544991045,-0.0059096381785651575
1656115200001,2.621e-05,8.0,35.18518518518518,3,0.01304126673134709,0.011571828226406566,-0.023953731526049515
1656144000010,0.0001,8.0,60.0,5,-0.025611938910713894,-0.005374369464655082,-0.029056928333991983
1656172800000,0.0001,8.0,59.62962962962963,5,0.02527494558368648,0.016969297743155032,-0.016491961660365817
1656201600002,0.0001,8.0,59.62962962962963,5,-0.003929547496775765,-0.01982466023847318,-0.055632894595940896
1656230400016,0.0001,8.0,59.62962962962963,5,-0.004585419208279151,-0.0007805963382085945,-0.06229813171044096
1656259200006,6.69e-06,8.0,28.51851851851852,2,-0.011424787986363483,-0.026845669099071268,-0.058100658345777045
1656288000008,7.82e-05,8.0,54.44444444444444,5,0.015423346395915027,-0.015603847524046977,-0.04535803348770939
1656316800000,3.533e-05,8.0,37.77777777777778,3,-0.030349247935624213,-0.023027439238344827,-0.09131441671150198
1656345600016,6.102e-05,8.0,49.629629629629626,4,-4.825300013000522e-06,-0.005988197316168065,-0.0766402401069286
1656374400016,-2.586e-05,8.0,18.51851851851852,1,0.007744643891140601,-0.02126037444508777,-0.04356784404555114
1656403200001,-5.613e-05,8.0,11.481481481481481,1,-0.013622543034307766,-0.03942636883813366,-0.06389427565898165
1656432000005,2.435e-05,8.0,34.81481481481482,3,-0.015368932038834826,-0.026286407766990316,-0.06434466019417473
1656460800000,4.188e-05,8.0,40.74074074074074,4,-0.010049333991119958,-0.008016773556980716,-0.04838677849037987
1656489600013,8.335e-05,8.0,57.407407407407405,5,-0.00012960405959783206,-0.03225147175379217,-0.04623874064732236
1656518400000,5.319e-05,8.0,47.40740740740741,4,0.0009856778028345392,-0.04718310209730325,-0.04287698442330379
1656547200000,3.24e-06,8.0,28.14814814814815,2,-0.03405694392639558,-0.01555141116498826,-0.04361556633097108
1656576000000,-5.159e-05,8.0,14.074074074074074,1,-0.014560282555978299,0.006744685342408685,-0.014879496671420522
1656604800000,-0.00015879,8.0,1.8518518518518516,0,0.03421647970992514,0.007654167472139317,-0.005323956760484694
1656633600001,-8.786e-05,8.0,7.777777777777778,0,-0.013672298711978614,-0.028908587313519418,-0.026093405512307433
1656662400017,3.106e-05,8.0,40.0,3,-0.014097114592764193,-0.02130935391634814,-0.021851550631454386
1656691200005,-8.061e-05,8.0,8.148148148148149,0,-0.001369685335547044,-0.002936522348180204,0.025863187112506125
1656720000000,-2.913e-05,8.0,19.62962962962963,1,-0.00810816415403448,-0.00304315368185315,0.04819277108433728
1656748800000,5.218e-05,8.0,49.629629629629626,4,0.004892122428499901,4.703963873575745e-05,0.05543360093661165
1656777600008,2.12e-05,8.0,35.18518518518518,3,0.0006920631286455592,-0.009766936033593687,0.01581858579761586
1656806400015,3.57e-05,8.0,42.592592592592595,4,-0.005589874786804727,0.0037803153209368112,0.04921689754149505
1656835200004,4.779e-05,8.0,48.148148148148145,4,-0.0048892212281096414,-4.183290890358293e-05,0.05330558417042708
1656864000005,7.251e-05,8.0,58.88888888888889,5,0.014382402707275865,0.03903269539994314,0.058507004655757644
1656892800021,7.792e-05,8.0,61.111111111111114,6,-0.009376343640404294,0.04666932588751482,0.06574837209061357
1656921600001,4.63e-05,8.0,47.40740740740741,4,0.033995889744756314,0.055859728388476526,0.06921021393198723
1656950400000,2.248e-05,8.0,35.92592592592593,3,0.021863723201018814,-0.0137823331412803,0.05611486793825993
1656979200000,5.291e-05,8.0,52.22222222222223,5,-0.001256256553306745,-0.0017211703958691649,0.07066195817753784
1657008000000,0.0001,8.0,67.77777777777779,6,-0.033669416740123026,-0.0018471381738589532,0.07821862588766626
1657036800015,1.2e-06,8.0,28.51851851851852,2,0.03359304166090382,0.031846285453772216,0.12241636316137261
1657065600006,0.0001,8.0,68.14814814814815,6,-0.001714764319025619,0.019595890512793757,0.07083562546771938
1657094400000,0.0001,8.0,68.14814814814815,6,-0.0010269843868604411,0.014025530732631797,0.07409667544812737
1657123200000,8.373e-05,8.0,64.07407407407408,6,0.021280928116650166,0.03779910009237453,0.07047786485493202
1657152000010,5.274e-05,8.0,52.22222222222223,5,-0.006158527397426616,0.05129513782560746,0.0488501975881126
1657180800010,0.0001,8.0,68.14814814814815,6,0.02220439784020667,0.06630017998278426,0.043362156663275586
1657209600011,0.0001,8.0,68.14814814814815,6,0.034831869246521485,0.048386633748636276,-1.435379227210376e-05
1657238400008,2.12e-06,8.0,29.629629629629626,2,0.00802648369736092,-0.0009894398106193858,-0.038440198997614305
1657267200009,0.0001,8.0,68.51851851851852,6,0.005031648472617167,-0.007219521144849139,-0.0627419502797909
1657296000000,0.0001,8.0,68.14814814814815,6,-0.015126564089464,-0.016750525734774202,-0.06845728205385537
1657324800000,0.0001,8.0,68.14814814814815,6,0.002755892747138722,-0.0008151884428510003,-0.07564578209457096
1657353600000,0.0001,8.0,67.77777777777779,6,-0.004392690858029624,-0.014734683319784225,-0.0891240484812652
1657382400009,6.143e-05,8.0,57.03703703703704,5,0.0012017334657250522,-0.030256771930475823,-0.07689702211375171
1657411200001,9.962e-05,8.0,67.77777777777779,6,-0.01135873872120341,-0.03619873853583022,-0.10666833502486306
1657440000002,0.0001,8.0,67.77777777777779,6,-0.020292504570384007,-0.042136595884310735,-0.07449960155627433
1657468800001,0.0001,8.0,67.77777777777779,6,-0.004932990751240318,-0.022693671322146725,-0.06956426045808384
1657497600000,4.543e-05,8.0,46.666666666666664,4,-0.018085806677910266,-0.04108226543467919,-0.02909873678039976
1657526400003,7.236e-05,8.0,59.25925925925925,5,-0.00040618378103263186,-0.035430970779236626,-0.020088968929387607
1657555200001,8.5e-05,8.0,63.70370370370371,6,-0.02280449235770443,-0.025991638026417463,-0.0015225841827491982
1657584000000,8.003e-05,8.0,62.22222222222222,6,-0.011865570304005257,-0.032089152122824705,0.031552996707905345
1657612800021,6.433e-05,8.0,56.666666666666664,5,0.00937590372448649,0.0017047097680884526,0.055479170577521275
1657641600000,2.667e-05,8.0,37.77777777777778,3,-0.028423265733140135,-0.02155762111701265,0.04431735876388232
1657670400012,-1.204e-05,8.0,22.59259259259259,2,0.02424207839638104,0.05040360233238572,0.08064265111742852
1657699200022,6.17e-06,8.0,30.37037037037037,3,-0.015068097671662395,0.014176674078313578,0.040240684370204116
1657728000005,-1.218e-05,8.0,22.59259259259259,2,0.04123170593740677,0.048775596260451914,0.0761999773734714
1657756800017,5.7e-07,8.0,27.037037037037038,2,-0.011082576056894555,0.016727578032398327,0.04641939944685891
1657785600001,0.0001,8.0,67.77777777777779,6,0.01853313090553166,0.03895403423959731,0.07201502227371703
1657814400000,3.451e-05,8.0,40.370370370370374,4,0.009394459426329993,0.018028928658984977,0.03714635940181399
1657843200004,9.257e-05,8.0,65.18518518518519,6,0.010535928536385075,0.011862027425473709,0.009360412305031929
1657872000019,1.401e-05,8.0,32.592592592592595,3,-0.003335961083658523,-0.012757407371800977,0.07150204772250968
1657900800017,1.601e-05,8.0,32.96296296296296,3,0.004663792188750904,0.009346876175593932,0.0904254806069198
1657929600021,6.055e-05,8.0,54.44444444444444,5,-0.014051241184970475,0.017138001718600693,0.06906566686989035
1657958400014,7.996e-05,8.0,61.111111111111114,6,0.01897926790078963,0.0451548821220944,0.060706391017713246
1657987200005,8e-06,8.0,31.851851851851855,3,0.012418769113149875,0.010387996941896072,0.1054042431192661
1658016000000,8.038e-05,8.0,62.22222222222222,6,0.013827799067449353,-0.020019632643044627,0.1043975232665697
1658044800003,0.0001,8.0,67.77777777777779,6,-0.014916890280262218,0.038456879844961156,0.08893299045915315
1658073600007,8.709e-05,8.0,63.33333333333333,6,-0.01730872908528569,0.06922072885828578,0.14279701495360686
1658102400001,0.0001,8.0,67.4074074074074,6,0.07274993503181015,0.07171525645591292,0.11799185732023054
1658131200004,0.0001,8.0,67.4074074074074,6,0.014265783204956195,-0.022704128553548197,0.026571142743067933
1658160000019,0.0001,8.0,67.03703703703704,6,-0.015016077597073796,0.023211892556536995,0.003082829480165028
1658188800000,0.0001,8.0,66.66666666666666,6,-0.025580615597827316,0.046172072333862335,0.0340523504034691
1658217600000,0.0001,8.0,66.2962962962963,6,0.05837229254506493,0.07109922326266394,0.059588095227171456
1658246400001,0.0001,8.0,65.92592592592592,6,0.009401786987926819,0.04456663165311503,0.0054508751226554075
1658275200004,0.0001,8.0,65.55555555555556,6,0.0009935164486924997,-0.005147442979864247,-0.028118228457394534
1658304000000,0.0001,8.0,65.18518518518519,6,0.03546646106399387,-0.019365201747622685,-0.024355349952882688
1658332800003,8.118e-05,8.0,59.62962962962963,5,-0.03863868669019943,-0.06149828884042563,-0.0803438044436352
1658361600000,0.0001,8.0,64.81481481481481,6,-0.014557444225877014,-0.004386172580179926,-0.033759324383073386
1658390400018,0.0001,8.0,64.44444444444444,6,-0.00894097905031599,0.009115778249735529,-0.008753069910939937
1658419200011,0.0001,8.0,64.07407407407408,6,0.0200054676614283,0.02562745824294055,0.007169691518069898
1658448000014,0.0001,8.0,63.70370370370371,6,-0.0017507835296660668,-0.018921430887279822,-0.022963363233545864
1658476800000,0.0001,8.0,63.33333333333333,6,0.007464786902849685,-0.013756164727582787,-0.04936977973682721
1658505600000,5.172e-05,8.0,44.81481481481481,4,-0.02474696465026316,-0.04593101966261959,-0.05940904695390559
1658534400004,9.043e-05,8.0,60.74074074074074,6,0.0038114457937501456,-0.008583464053439571,-0.060348626116995874
1658563200002,1.021e-05,8.0,28.14814814814815,2,-0.02448938383674315,-0.004310552953518898,-0.0760799427600708
1658592000001,0.0001,8.0,62.96296296296296,6,0.012446340343961637,0.027808526148114243,-0.06536353573260623
1658620800000,3.77e-05,8.0,37.407407407407405,3,0.01224173415657659,0.005880308983508442,-0.05292723563110857
1658649600011,0.0001,8.0,62.59259259259259,6,0.006978763925565845,-0.03188717591510859,-0.059453954706367274
1658678400000,8.293e-05,8.0,57.03703703703704,5,-0.011084881902868271,-0.04150589719220954,-0.05779817719168401
1658707200000,0.0001,8.0,62.22222222222222,6,-0.0276751786995455,-0.05922550244023417,0.017196786508294926
1658736000014,1.238e-05,8.0,27.037037037037038,2,-0.0033515787939780717,-0.04151677155529654,0.04291022686909707
1658764800006,2.319e-05,8.0,30.74074074074074,3,-0.025632590399429778,-0.050963620911807506,0.08514954628944249
1658793600010,0.0001,8.0,62.96296296296296,6,-0.012994016468778846,-0.004928441468309841,0.11830135239059891
1658822400000,3.654e-05,8.0,36.666666666666664,3,-0.015218423551756843,0.013038936372269605,0.13656695156695142
1658851200000,8.659e-05,8.0,58.51851851851851,5,0.02508257190385499,0.03730562453289621,0.15716386605270127
1658880000008,4.591e-05,8.0,40.370370370370374,4,0.005391115027733262,0.0815924524389613,0.12049896089085355
1658908800000,5.085e-05,8.0,42.96296296296296,4,0.008371377949434322,0.07445651664432429,0.11899918442342505
1658937600003,2.951e-05,8.0,33.33333333333333,3,0.06651456080594431,0.10361011333590464,0.13870288706836864
1658966400009,9.229e-05,8.0,61.48148148148148,6,-0.0021523647691872316,0.039060627845674656,0.0291309936169748
1658995200008,0.0001,8.0,63.33333333333333,6,0.0370140729452757,0.04445443867592935,0.03412350832456412
1659024000013,0.0001,8.0,63.33333333333333,6,0.004134771661234993,0.006341106030366639,0.001275800217265033
1659052800000,0.0001,8.0,62.96296296296296,6,0.003113763421032756,-0.0026863019554266288,-0.024558080278939576
1659081600000,0.0001,8.0,62.59259259259259,6,0.002627829930523351,-0.002619474350457951,-0.025371718868153148
1659110400000,0.0001,8.0,62.22222222222222,6,-0.008387849493728838,0.021617567398641624,-0.02788032834701437
1659139200005,0.0001,8.0,61.85185185185185,6,0.00358748543766918,-0.006602991954443582,-0.022917008382014492
1659168000009,0.0001,8.0,61.48148148148148,6,0.026929395199141615,-0.007492959635242213,-0.04220866300120696
1659196800000,0.0001,8.0,61.111111111111114,6,-0.036495933566633165,-0.030088343978660448,-0.06377407434598525
1659225600022,0.0001,8.0,61.111111111111114,6,0.00268838827947393,-0.013310697245142777,-0.027311484710056178
1659254400011,0.0001,8.0,61.111111111111114,6,0.004074549477275369,-0.014132142072995513,-0.028542957996250617
1659283200019,6.281e-05,8.0,48.148148148148145,4,-0.01994945353467803,-0.019142055752498832,-0.01902010504581564
1659312000010,0.0001,8.0,61.111111111111114,6,0.0018536237916046971,-0.003153734923216245,-0.02178866114298217
1659340800019,0.0001,8.0,61.111111111111114,6,-0.0010278856819807558,-0.02114446504974543,-0.018579033701801917
1659369600017,6.449e-05,8.0,48.888888888888886,4,-0.0039742935661032375,-0.014276588538428836,-0.017067597288734415
1659398400000,0.0001,8.0,61.48148148148148,6,-0.014629422398209635,-0.010674012223465645,-0.02755444607041413
1659427200007,9.733e-05,8.0,61.111111111111114,6,0.005981133396338656,0.006668066785676663,0.01443872729181983
1659456000014,5.885e-05,8.0,44.81481481481481,4,-0.0007350414711267961,0.01460949290837199,0.00046103192863578
1659484800001,3.28e-06,8.0,21.11111111111111,2,0.0014189336235037597,-0.007708378672469984,0.012805223068552696
1659513600020,-3.96e-05,8.0,8.518518518518519,0,0.013917140423164609,-0.004020410646916717,0.009205653783967094
1659542400008,4.382e-05,8.0,37.407407407407405,3,-0.0227153867917248,-0.017189790721799714,-0.006104304735122801
1659571200001,-1.91e-06,8.0,19.25925925925926,1,0.005140824374174624,-0.009062238188605187,0.006075120954122992
1659600000009,1.778e-05,8.0,27.037037037037038,2,0.0005105803596754388,0.011786987619517353,0.003063482158053077
1659628800015,1.436e-05,8.0,25.925925925925924,2,-0.014633529319399097,0.0033018127257185004,0.004174154264877883
1659657600005,1.692e-05,8.0,26.666666666666668,2,0.026288881117952467,0.030007126637245474,0.025337187324323995
1659686400000,6.774e-05,8.0,50.74074074074074,5,-0.007818466596766549,0.0016741528915813486,0.02708848415811249
1659715200000,2.115e-05,8.0,28.14814814814815,2,0.01190709163415904,0.00828886656490413,0.043523072708058885
1659744000021,6.888e-05,8.0,50.74074074074074,5,-0.0021401681192305677,-0.014302167672287758,0.02299606346586902
1659772800000,8.589e-05,8.0,58.14814814814815,5,-0.0012664389373975293,-0.009257065566214528,0.028055499317242827
1659801600015,0.0001,8.0,63.33333333333333,6,-0.010739517109905394,-0.007025973241781558,-0.004895322056121532
1659830400013,0.0001,8.0,63.33333333333333,6,0.002131982351197159,0.009910012033274684,0.007420519349156773
1659859200000,-7.37e-06,8.0,14.814814814814813,1,0.0009434864650996744,0.034952477847633556,-0.0015261002269584267
1659888000014,2.401e-05,8.0,29.629629629629626,2,0.0061331306330763,0.041828645889890215,0.04080790531002276
1659916800009,0.0001,8.0,64.07407407407408,6,0.027387679861162084,0.02765534003634995,0.033932402854466304
1659945600006,2.79e-05,8.0,31.851851851851855,3,0.007874578222631268,0.0028069467730618136,0.02450615805463463
1659974400000,0.0001,8.0,64.44444444444444,6,-0.0075305786501636,-0.03866975057823352,0.015411222937634195
1660003200020,0.0001,8.0,64.44444444444444,6,0.002545758539423737,-0.029309830576828566,0.005898094041832946
1660032000000,7.92e-05,8.0,55.55555555555556,5,-0.03345344842034703,-0.037765021369311924,0.002924662700075409
1660060800000,0.0001,8.0,64.07407407407408,6,0.002466663198599006,0.03996081083424374,0.0407584664204339
1660089600000,-1.314e-05,8.0,13.333333333333334,1,-0.006910419684749924,0.03601807606650964,0.05390386819174475
1660118400016,5.81e-06,8.0,21.85185185185185,2,0.04344115239239854,0.06169984846109622,0.07138004911950668
1660147200018,9.44e-05,8.0,62.59259259259259,6,-0.0005133127451798503,0.01708955846757365,0.02363742592438034
1660176000012,7.206e-05,8.0,51.48148148148148,5,0.018021102560783486,-0.0002087708823075296,0.020058706372104718
1660204800000,0.0001,8.0,63.70370370370371,6,-0.0010905259532878464,-0.018698830349419326,0.01814126820788875
1660233600000,4.911e-05,8.0,40.370370370370374,4,-0.017894300501122506,-0.014672505571447947,0.005470895084402683
1660262400006,9.024e-05,8.0,59.62962962962963,5,-0.001081658989254497,0.018237856394108132,0.014178502967253648
1660291200000,1.412e-05,8.0,23.703703703703706,2,0.0030080465244528565,0.026675523692544223,0.0033673409704293444
1660320000005,-3.384e-05,8.0,6.666666666666667,0,0.01669655143655402,0.02282640423668747,0.010529168925399235
1660348800012,-3.559e-05,8.0,6.666666666666667,0,0.009113504556752083,0.001997424266038772,-0.012173214007399236
1660377600006,8.455e-05,8.0,58.14814814814815,5,-0.0030564632817960957,0.0075395470581540724,-0.022960054626152138
1660406400018,2.154e-05,8.0,28.14814814814815,2,-0.004007599354218128,-0.0009621499975539516,-0.02562335904502533
1660435200000,2.396e-05,8.0,29.629629629629626,2,0.016807307596248044,-0.005801694242115296,-0.023640778090313286
1660464000000,-3.33e-06,8.0,16.666666666666664,1,-0.01352156685887329,-0.03293818252101921,-0.043089424346873795
1660492800000,1.239e-05,8.0,24.444444444444443,2,-0.008833157813099457,-0.01107002032769211,-0.04631285053023437
1660521600010,-3.766e-05,8.0,6.296296296296296,0,-0.010294759555595778,-0.008219336029187785,-0.03941657538646526
1660550400002,1.077e-05,8.0,24.444444444444443,2,0.008292350067820031,0.00018723319270042005,-0.02552612527148812
1660579200010,-1.339e-05,8.0,12.962962962962962,1,-0.006144386902428467,-0.013766067633647627,-0.0323436565085522
1660608000010,3.243e-05,8.0,35.92592592592593,3,-0.0019057821180338275,-0.01048802969532392,-0.03724786793220558
1660636800002,1.56e-06,8.0,18.51851851851852,1,-0.005774022721694583,-0.011897481976978819,-0.0900589466152496
1660665600000,2.87e-05,8.0,34.074074074074076,3,-0.0014530258110982963,-0.021657203155620364,-0.10189186473041556
1660694400020,4.66e-06,8.0,21.11111111111111,2,-0.0033274588788183568,-0.021189996643168896,-0.12447549513259482
1660723200016,2.62e-06,8.0,18.88888888888889,1,-0.01616237311968749,-0.01397735836347025,-0.10440497290834316
1660752000001,9.364e-05,8.0,64.07407407407408,6,-0.0017887097326348966,0.003461880798329542,-0.08848550203690386
1660780800005,8.391e-05,8.0,59.25925925925925,5,0.0040168045612380965,-0.005980194624255142,-0.09386119089467138
1660809600012,0.0001,8.0,65.92592592592592,6,0.0012382208900674208,-0.06604841016707452,-0.09282386948297872
1660838400013,7.171e-05,8.0,53.333333333333336,5,-0.01118137971914357,-0.08641475157464706,-0.08630387595576916
1660867200000,0.0001,8.0,66.2962962962963,6,-0.05605230224830626,-0.10050921330859186,-0.07210978293703885
1660896000000,2.108e-05,8.0,28.51851851851852,2,-0.019484230208328457,-0.02754856199797928,-0.03621634718685551
1660924800009,-6.746e-05,8.0,2.9629629629629632,0,-0.026037071786326083,-0.005708737682803222,0.002525287887487071
1660953600000,1.07e-05,8.0,24.074074074074073,2,0.020514395098805815,0.014104846022097606,0.026420199674724865
1660982400005,-6.722e-05,8.0,3.3333333333333335,0,0.0013256364935505527,-0.0012269188823285093,0.003281185363468886
1661011200000,-4.567e-05,8.0,5.185185185185185,0,-0.007302732302027826,0.005926719077272713,0.007434228446373092
1661040000010,-1.957e-05,8.0,11.11111111111111,1,0.005166173861620438,0.016236546422235376,0.017646363098758222
1661068800013,-3.589e-05,8.0,7.4074074074074066,0,0.008434250966032453,-0.008603689043474971,0.0028757407032620197
1661097600000,-3.234e-05,8.0,8.88888888888889,0,0.0038469439205215394,8.870380399272904e-05,0.010107565033894206
1661126400011,-8.092e-05,8.0,2.2222222222222223,0,-0.01940346450534658,-0.004082734733970583,-0.005884351999702164
1661155200005,-3.215e-05,8.0,9.25925925925926,0,0.01963074264499931,0.013231168017318495,0.03235393255759855
1661184000005,4.021e-05,8.0,40.0,3,-0.003929712162552335,-0.001471314032424842,0.002830882695298298
1661212800000,-3.345e-05,8.0,8.88888888888889,0,-0.004192646742635864,0.005711721649388268,0.005141484299776566
1661241600021,-4.031e-05,8.0,6.296296296296296,0,0.004835399623288605,-0.0016305417334344652,0.004052927009830176
1661270400005,8.46e-06,8.0,25.555555555555554,2,0.003016907739510799,0.008313982224957828,-0.030472167044362952
1661299200017,2.509e-05,8.0,35.18518518518518,3,-0.009423304897608231,-0.00726156993096394,-0.0607284814392971
1661328000021,-4.353e-05,8.0,5.9259259259259265,0,0.014844329306638926,0.020537080318005607,-0.0499300725555899
1661356800000,-3.538e-05,8.0,8.88888888888889,0,-0.013177051317011745,-0.003748365001086107,-0.07574840197632648
1661385600003,1.28e-06,8.0,20.37037037037037,2,0.018314812473366082,0.00775956130615385,-0.06325189774424822
1661414400000,1.547e-05,8.0,30.0,2,-0.00870572977745887,-0.014068054616612091,-0.07783189157618309
1661443200004,4.481e-05,8.0,44.44444444444444,4,-0.0008450102608389409,-0.03463149195383097,-0.06898905200991734
1661472000001,-1.707e-05,8.0,14.074074074074074,1,-0.004223977695167358,-0.06114312267657984,-0.08918215613382907
1661500800004,3.207e-05,8.0,39.62962962962963,3,-0.0297166003238587,-0.055307969070096163,-0.07187422710239799
1661529600000,2.599e-05,8.0,37.03703703703704,3,-0.026229981938591163,-0.036859723058398575,-0.02447200481637557
1661558400010,-2.808e-05,8.0,12.222222222222221,1,0.001964937983191639,-0.009928628700963227,0.0027222062739431507
1661587200007,-6.29e-05,8.0,3.7037037037037033,0,-0.013485543793439025,-0.009316386664624976,0.010818073592538946
1661616000008,-4.396e-05,8.0,6.296296296296296,0,0.0016373823913793384,0.00407593047884669,-0.009308543931420332
1661644800019,-1.396e-05,8.0,17.037037037037038,1,0.00258453478373899,-0.02013637545241853,-0.009803235417624734
1661673600000,-8.758e-05,8.0,1.8518518518518516,0,-0.0008926834863529631,-0.007425730230053107,0.01022347009510316
1661702400000,-2.443e-05,8.0,14.444444444444443,1,-0.022711390635918982,0.011001297793750586,0.0058001397624039
1661731200000,-0.00013623,8.0,0.3703703703703704,0,0.016548342611982125,0.03566065682619146,0.022406660197149986
1661760000000,-0.00010056,8.0,1.1111111111111112,0,0.017655629804552042,0.026091543988343346,-0.0008943375370547013
1661788800001,-6.193e-05,8.0,5.185185185185185,0,-0.0007940696315220652,-0.02418213294007976,-0.023935527464451822
1661817600001,1.123e-05,8.0,31.851851851851855,3,0.010054691202021848,-0.02229604327910284,-0.00835176117516978
1661846400005,-3.356e-05,8.0,12.222222222222221,1,-0.03312824672944703,-0.009803107086483465,-0.017700325955754104
1661875200010,-5.903e-05,8.0,5.555555555555555,0,0.0011372251705836778,0.019090219863532987,0.028951225676017156
1661904000000,-2.089e-05,8.0,17.037037037037038,1,0.021883560088987286,0.009816829860112897,0.00569033097749605
1661932800005,5.779e-05,8.0,57.407407407407405,5,-0.004915532787492016,-0.019528878755126544,-0.022672648218612812
1661961600013,4.95e-05,8.0,52.96296296296297,5,-0.0066905721951922015,-0.01848462755484137,-0.019203777271893152
1661990400012,9.39e-05,8.0,73.33333333333333,7,-0.008048812151109974,0.0031056831004903085,-0.010310668171241932
1662019200000,2.266e-05,8.0,38.51851851851852,3,-0.005114356405769183,0.010756743708888905,-0.013854524973347049
1662048000013,3.63e-05,8.0,45.55555555555556,4,0.015159171298635643,0.028691258211217763,-0.0013491662455785702
1662076800002,2.498e-05,8.0,40.0,3,0.0005326032852166485,-0.006679940268790485,-0.005176704828272816
1662105600013,4.905e-05,8.0,52.22222222222223,5,0.012790599332361596,-0.01481540443865137,-0.01854164282835924
1662134400000,4.443e-05,8.0,48.888888888888886,4,-0.020844486574362775,-0.028688182394168926,-0.02486702062346824
1662163200000,-1.99e-06,8.0,22.962962962962962,2,-0.006285143886155309,-0.005502635948214096,-0.007072667900621443
1662192000002,9.442e-05,8.0,73.70370370370371,7,-0.0013836357301204583,-0.010023784395214896,0.005080064031025788
1662220800007,1.115e-05,8.0,31.851851851851855,3,0.0023159970670778574,-0.00061692498293342,0.002068215721473532
1662249600008,5.88e-06,8.0,28.888888888888886,2,-0.010942773682856233,0.008309243086982221,-0.05379566426016458
1662278400009,5.463e-05,8.0,56.666666666666664,5,0.008105323294770539,0.006304707106567831,-0.04124074187427307
1662307200000,2.119e-05,8.0,37.77777777777778,3,0.01155890997202591,0.00433522356500049,-0.04499122332218741
1662336000015,8.292e-05,8.0,67.4074074074074,6,-0.012909036325427836,-0.010467327128990345,-0.03437406184329028
1662364800013,-7.37e-06,8.0,21.11111111111111,2,0.007061030008110203,0.00889598540145986,-0.029181873479318776
1662393600007,4.712e-05,8.0,52.22222222222223,5,-0.00455522391064711,-0.0025619988624522305,-0.034297564339391795
1662422400018,-2.45e-06,8.0,22.59259259259259,2,0.006406496500950709,-0.051666599247603195,-0.023992759192589252
1662451200020,3.43e-06,8.0,27.037037037037038,2,-0.004376114753686489,-0.055648504031954094,0.03720451176928674
1662480000028,3.473e-05,8.0,45.925925925925924,4,-0.05356169637270147,-0.04695101027431836,0.07019438444924408
1662508800013,-8.601e-05,8.0,2.5925925925925926,0,0.002180751799520264,0.029005598507064745,0.13595841109037599
1662537600022,2.729e-05,8.0,43.7037037037037,4,0.004793598603950677,0.018961582047148484,0.1330928553567532
1662566400021,-3.48e-05,8.0,11.481481481481481,1,0.02186805040770934,0.015879487451021967,0.12435666631367148
1662595200010,6.2e-06,8.0,30.74074074074074,3,-0.0076014301259133,0.00017099331571590604,0.12168506140214519
1662624000000,3.327e-05,8.0,47.03703703703704,4,0.0031668518779379706,0.07650529808580253,0.1264914724556927
1662652800003,5.667e-05,8.0,60.74074074074074,6,0.00606695542038671,0.10536383489958778,0.12681708963353278
1662681600011,1.312e-05,8.0,35.18518518518518,3,0.0695098511576342,0.10374929412557066,0.12832149536583737
1662710400000,0.0001,8.0,77.77777777777779,7,0.029161032679548615,0.031521249218511294,0.075657783141172
1662739200000,0.0001,8.0,77.4074074074074,7,0.004921028094596824,-5.650941352652872e-05,0.04241973308720337
1662768000003,0.0001,8.0,77.03703703703704,7,-0.0003473379363433393,0.016076113945618253,0.05000727532163962
1662796800000,9.764e-05,8.0,76.66666666666667,7,-0.0023444731043360534,0.01445680108625691,0.046753210142782775
1662825600012,0.0001,8.0,77.03703703703704,7,0.019439970613998048,0.018102530775244263,-0.022543396155331297
1662854400009,7.115e-05,8.0,64.07407407407408,6,-0.0026515886434399505,0.0060884909966092415,-0.0692508107209181
1662883200012,0.0001,8.0,76.66666666666667,7,0.0013432144511347222,0.02929597035664666,-0.06259379342288107
1662912000005,6.712e-05,8.0,62.59259259259259,6,0.007410148480503365,0.026180674406771853,-0.06726028030898745
1662940800007,0.0001,8.0,76.29629629629629,7,0.020354282985600936,0.02714057449309437,-0.07143053923009113
1662969600013,8.246e-05,8.0,68.14814814814815,6,-0.001687478906513662,0.002942963212959837,-0.09101136235797047
1662998400000,0.0001,8.0,75.92592592592592,7,0.01182678147107441,-0.06310026111075973,-0.10935029499191384
1663027200004,9.965e-05,8.0,75.55555555555556,7,-0.0036834552956374056,-0.09932812702556515,-0.11885401626263392
1663056000000,0.0001,8.0,75.55555555555556,7,-0.06911379223670511,-0.09249434450070027,-0.11402114977198463
1663084800000,0.0001,8.0,75.18518518518519,7,-0.028245754457699057,-0.02789858915879928,-0.053690077822887816
1663113600000,-3.953e-05,8.0,8.88888888888889,0,0.003220268339155341,0.002555374722134074,-0.018746030485868537
1663142400000,7.27e-06,8.0,27.77777777777778,2,-0.0028538219947078503,-0.0018943047209238895,-0.017973638004797676
1663171200000,1.004e-05,8.0,29.259259259259256,2,0.002197333439149185,-0.022082457045355386,-0.011304114916074637
1663200000019,3.24e-06,8.0,24.074074074074073,2,-0.0011620144880954975,-0.025317081612974968,-0.007535787573862196
1663228800012,0.0001,8.0,74.81481481481481,7,-0.02311881188118814,-0.022519801980198095,-0.007381188118811832
1663257600007,8.13e-06,8.0,27.77777777777778,2,-0.00108954543151063,-0.006370040034460067,0.004464602442608712
1663286400000,8.055e-05,8.0,65.55555555555556,6,0.003033659904874142,0.004908736127484881,-0.013450750030489123
1663315200000,4.349e-05,8.0,47.77777777777778,4,-0.005724736434147837,0.0058868528641411455,-0.06557609593239755
1663344000000,2.919e-05,8.0,42.22222222222222,4,0.007637866288934481,0.015642594734508908,-0.026572029817740872
1663372800000,3.024e-05,8.0,42.96296296296296,4,0.004009951556953384,0.01653030471586492,-0.011771963713225198
1663401600012,4.336e-05,8.0,48.148148148148145,4,0.004462666720393305,0.00993774428818961,-0.02460510940081395
1663430400017,1.467e-05,8.0,32.96296296296296,3,0.006463680035301955,-0.006072549668542204,-0.03645535597877869
1663459200000,6.428e-05,8.0,59.25925925925925,5,-0.0026016405756440486,-0.03423420734528204,-0.06179269451367231
1663488000004,7.82e-05,8.0,63.33333333333333,6,-0.011460832182096703,-0.0806048606296974,-0.05621692791844757
1663516800000,3.564e-05,8.0,45.18518518518518,4,-0.019435030531382402,-0.03509720040607489,-0.03161727939876657
1663545600018,3.581e-05,8.0,45.925925925925924,4,-0.051454357412257457,0.005562216036264944,-0.04814584223064933
1663574400006,-9.289e-05,8.0,1.1111111111111112,0,0.03725040277303138,0.050470037483658414,0.027073942076627056
1663603200010,6e-06,8.0,25.555555555555554,2,0.022038135282981264,0.004905498551361243,-0.007457612936291436
1663632000007,7.813e-05,8.0,63.33333333333333,6,-0.009092862844628291,-0.03659148126164102,-0.007844321182225666
1663660800001,5.855e-05,8.0,56.2962962962963,5,-0.007740729456599649,-0.022793582269133528,-0.006207042566265919
1663689600000,1.721e-05,8.0,33.7037037037037,3,-0.019260669027450716,-0.0029951796327786218,-0.026597819134829837
1663718400001,5.185e-05,8.0,53.333333333333336,5,0.005098870281553314,-0.017458319391109978,0.02483574732973226
1663747200005,1.478e-05,8.0,31.851851851851855,3,0.013961328915592652,0.0005337222636163652,0.0029962428066392377
1663776000000,2.732e-05,8.0,40.0,3,-0.03638392973562188,-0.009711421612346394,-0.0033014661012971125
1663804800000,-0.00011779,8.0,0.7407407407407408,0,0.02452410463473642,0.049762661225285054,0.024643179960705197
1663833600000,-6.911e-05,8.0,3.7037037037037033,0,0.0030799628079962726,0.01585943113139776,0.008838383838383868
1663862400011,7.743e-05,8.0,62.96296296296296,6,0.021639935085463913,-0.015085253019158196,0.0010432693320967523
1663891200023,7.261e-05,8.0,62.96296296296296,6,-0.007457644601459479,-0.004858299595141724,-0.031305603548312244
1663920000004,2.959e-05,8.0,41.85185185185185,4,-0.028703708514983273,-0.013743900981558754,-0.016451111723105982
1663948800005,-5.008e-05,8.0,6.666666666666667,0,0.032248227898889814,0.021666443760866683,0.020393205831215733
1663977600000,2.947e-05,8.0,41.85185185185185,4,-0.015866682557530987,-0.019032764544027136,-0.004280169755885188
1664006400005,1.676e-05,8.0,33.33333333333333,3,0.006169522243999026,0.0061484478725419844,0.06445596510084073
1664035200000,5.345e-05,8.0,56.666666666666664,5,-0.009366823652537937,-0.006399790685504891,0.042433281004709666
1664064000010,9.99e-06,8.0,27.037037037037038,2,0.008608806333546326,-0.008006718037825822,0.006902889495671971
1664092800000,3.653e-05,8.0,47.77777777777778,4,-0.005676551756641279,-0.009143228198427833,-0.017364802237105903
1664121600003,2.593e-05,8.0,39.62962962962963,3,-0.011374522333224446,0.003952922846946816,0.03461307675302394
1664150400001,-6.6e-06,8.0,18.14814814814815,1,0.007762544922135017,0.022025821908691734,0.03334486889391708
1664179200006,3.696e-05,8.0,48.51851851851852,4,0.007681619585488519,0.06738587194835244,0.021380683949430157
1664208000000,4.497e-05,8.0,51.48148148148148,5,0.00686941303459343,0.04382067216499186,0.01109271349674601
1664236800026,2.244e-05,8.0,36.2962962962963,3,0.05248955522447152,-0.006845104760317189,0.020243589877163126
1664265600004,0.0001,8.0,77.03703703703704,7,-0.013824132093962493,-0.07148655203476573,-0.03051406171116322
1664294400006,8.538e-05,8.0,71.11111111111111,7,-0.043147883259303854,-0.013465833521543846,-0.014570001756631257
1664323200011,1.141e-05,8.0,29.259259259259256,2,-0.016013805547396176,0.01804372456044656,0.018138139398262698
1664352000000,-1.071e-05,8.0,16.666666666666664,1,0.04213275067281286,0.029657065202909783,0.028553918303178882
1664380800000,5.332e-05,8.0,56.666666666666664,5,-0.007793363368123751,-0.01323439921043612,-0.011511063610004424
1664409600010,5.681e-05,8.0,57.77777777777777,5,-0.0039054449528048707,0.009068051605457317,-0.005853015127158745
1664438400000,7.641e-05,8.0,64.44444444444444,6,-0.00127840173904048,0.01340510325552513,-0.0026810206511049817
1664467200000,6.685e-05,8.0,60.74074074074074,6,0.015469286858102338,0.020584257085555224,-0.00851976803843213
1664496000006,0.0001,8.0,76.66666666666667,7,0.00012765001429682066,-0.00889465299620118,-0.028368939177321084
1664524800002,0.0001,8.0,76.29629629629629,7,0.002394408621913202,-0.014448137313463283,-0.02093193038346275
1664553600007,0.0001,8.0,75.92592592592592,7,-0.011388291858084432,-0.015243809271577091,-0.014102942824255726
1664582400008,3.198e-05,8.0,41.85185185185185,4,-0.0054763891894119565,-0.0059452051971602415,0.010633365274643758
1664611200011,0.0001,8.0,75.55555555555556,7,0.0015851390622816375,-0.0017768062037991639,0.034930041493346
1664640000000,7.005e-05,8.0,60.370370370370374,6,-0.0016658044490429624,-0.010248318675633694,0.03992240041386452
1664668800000,4.262e-05,8.0,47.03703703703704,4,-0.001482034221517381,-0.01228637461265003,0.05375742312595233
1664697600000,5.816e-05,8.0,56.2962962962963,5,-0.007125360679218651,-0.0041984098976606266,0.048772133767878145
1664726400006,5.384e-05,8.0,54.44444444444444,5,-0.005544726238940534,0.011601594958009498,0.04380385988199831
1664755200000,3.996e-05,8.0,46.2962962962963,4,0.006694402619001227,0.029657882449227957,0.05670830557114881
1664784000014,8.316e-05,8.0,67.77777777777779,6,0.00938609710438909,0.041783775609705254,0.05439764721832585
1664812800010,0.0001,8.0,75.55555555555556,7,0.013416127249151533,0.037841021216801884,0.03448828090694489
1664841600006,0.0001,8.0,75.18518518518519,7,0.018432991792832754,0.03639190498037426,0.017352296477544993
1664870400004,0.0001,8.0,75.18518518518519,7,0.005565955572462533,0.012223078694202805,-0.0028630634779212016
1664899200013,0.0001,8.0,75.18518518518519,7,0.012001114993678508,-0.005789007356967191,-0.027396987526008165
1664928000000,0.0001,8.0,74.81481481481481,7,-0.006205987647035727,-0.00952043746803588,-0.040363507612415916
1664956800000,0.0001,8.0,74.44444444444444,7,-0.010985204611806632,4.948290365680563e-06,-0.03508337869266165
1664985600012,0.0001,8.0,74.44444444444444,7,0.008786642301048975,0.002573409767942625,-0.025618945102260482
1665014400008,0.0001,8.0,74.44444444444444,7,0.003548563204129218,-0.00950915678197417,-0.03759988088738886
1665043200002,0.0001,8.0,74.07407407407408,7,-0.009673351301896504,-0.014791919092010497,-0.04032541232907205
1665072000006,0.0001,8.0,74.07407407407408,7,-0.003370803349829421,-0.024244815205069714,-0.02522859040494585
1665100800000,0.0001,8.0,74.07407407407408,7,-0.0009324196289369757,-0.021741418982258787,-0.02618795775036209
1665129600000,0.0001,8.0,74.07407407407408,7,-0.01884141599136957,-0.021550967159236323,-0.026122080333174313
1665158400007,7.513e-05,8.0,61.85185185185185,6,-0.0011515194939455409,-0.003971462788007973,-0.013587930028557738
1665187200010,3.85e-05,8.0,45.55555555555556,4,-0.0007788122089061877,-0.006430324488007844,-0.022693153113455544
1665216000004,7.345e-05,8.0,61.85185185185185,6,-0.0020459754790608242,-0.0049534143177262235,-0.021300707117841045
1665244800018,4.149e-05,8.0,46.666666666666664,4,-0.003617342691837222,0.0029750588332015937,-0.017398185162728952
1665273600000,3.246e-05,8.0,41.85185185185185,4,0.0006032109382250184,0.001520916468174205,-0.0170445757416402
1665302400007,1.776e-05,8.0,31.851851851851855,3,0.0059056639749346385,-1.5459853337507212e-05,-0.015274335097474223
1665331200011,1.951e-05,8.0,32.592592592592595,3,-0.005317704677838209,-0.012592406645593912,-0.02001567647043756
1665360000018,6.241e-05,8.0,57.77777777777777,5,-0.0005716963931624575,-0.017609278992990363,-0.014313011500883377
1665388800000,6.069e-05,8.0,57.77777777777777,5,-0.007053465162889294,-0.017059184188697007,-0.021062502254120652
1665417600026,0.0001,8.0,74.81481481481481,7,-0.010371538712974582,-0.007818863852152469,-0.016665023684879543
1665446400020,0.0001,8.0,74.44444444444444,7,0.0006448568732304594,-0.0006605850896507226,0.0157282164202579
1665475200027,0.0001,8.0,74.07407407407408,7,0.001933323902485018,0.0011736166779314772,0.02786815674069887
1665504000000,0.0001,8.0,73.70370370370371,7,-0.0029129818579280986,0.00046021975493304446,0.011960483858315163
1665532800014,0.0001,8.0,73.33333333333333,7,0.002481454667548011,0.004018592548291178,0.00568688553831298
1665561600000,0.0001,8.0,72.96296296296296,7,0.0013452398400366494,-0.005459475304118611,0.0029731370783694366
1665590400000,0.0001,8.0,72.96296296296296,7,0.0009879718349616873,-0.008452647921338485,-0.0007893319951279842
1665619200013,7.466e-05,8.0,61.111111111111114,6,-0.007111505904483173,0.012331487093740101,-0.003401609363569813
1665648000016,0.0001,8.0,72.5925925925926,7,-0.0025892147627343265,0.03243359874538854,0.006525663223151401
1665676800009,3.936e-05,8.0,44.44444444444444,4,0.02222902277775729,0.021675012003566696,0.010552586175056833
1665705600020,3.235e-05,8.0,39.62962962962963,3,0.012604521523691625,-0.01053989883348827,-0.006121606276452862
1665734400000,0.0001,8.0,72.22222222222221,7,-0.013932346076622859,-0.02355351264306904,-0.017203950385764055
1665763200009,8.395e-05,8.0,66.2962962962963,6,-0.010003356831151389,-0.012559712861827665,0.009610865804219104
1665792000001,4.317e-05,8.0,45.925925925925924,4,-0.0004225396196099185,-0.0050548258197788964,0.02033406712641761
1665820800005,3.772e-05,8.0,43.7037037037037,4,-0.002160559866817735,-0.0018683102229968274,0.024595938773699588
1665849600004,4.563e-05,8.0,48.888888888888886,4,-0.0024790406008272647,0.0016945340815783805,0.011825128266816032
1665878400012,2.735e-05,8.0,35.92592592592593,3,0.0027788118220093416,0.009568550141824339,0.013107602934005813
1665907200000,4.61e-06,8.0,19.25925925925926,1,0.0013594700158430228,0.008402570444076218,0.004177755933302496
1665936000010,3.394e-05,8.0,41.48148148148148,4,0.005362168258261191,0.020722926793611318,0.004735624742203459
1665964800012,3.31e-06,8.0,18.88888888888889,1,0.001168503380869712,0.015798165709359324,-0.0076549954817870525
1665993600010,4.84e-05,8.0,51.48148148148148,5,0.014093858770924061,0.01842005612644515,-0.006878342558058859
1666022400017,6.458e-05,8.0,59.62962962962963,5,0.0005115194172771176,-0.010394074559070154,-0.01700802062446294
1666051200010,0.0001,8.0,74.44444444444444,7,0.0037526329781796264,-0.012101474467780426,-0.02687682774698852
1666080000008,0.0001,8.0,74.44444444444444,7,-0.014597870931594703,-0.02149951612081691,-0.03135537105893127
1666108800000,0.0001,8.0,74.44444444444444,7,-0.0013847266714890338,-0.005590575591609026,-0.010018600806035005
1666137600007,7.598e-05,8.0,64.44444444444444,6,-0.005796231414539221,-0.011121519026647264,-0.008476988443763767
1666166400022,0.0001,8.0,74.44444444444444,7,0.0016917479139446634,-0.0034147280970699967,-0.0027432343096888134
1666195200016,0.0001,8.0,74.44444444444444,7,-0.00703617863787076,-0.0013667023498967756,-0.0004157269505389305
1666224000000,0.0001,8.0,74.44444444444444,7,0.0012763709217593622,-0.004069740070200334,0.00426328811981147
1666252800013,6.021e-05,8.0,57.77777777777777,5,0.003750267689720088,-0.006680490773192216,-0.0002768303447843179
1666281600000,2.095e-05,8.0,31.11111111111111,3,-0.010133203007205993,-0.0038317961089332497,-0.0026515821106594117
1666310400005,4.708e-05,8.0,51.48148148148148,5,-0.0008668743662623157,0.006577737615517387,0.027939623513835832
1666339200018,4.483e-05,8.0,50.37037037037037,5,0.008224047451281358,0.007403746043097348,0.01570141028742089
1666368000000,-8.9e-06,8.0,14.444444444444443,1,5.219179440607569e-05,0.003726494120594337,0.007520837573916639
1666396800000,3.721e-05,8.0,45.18518518518518,4,4.175125645211608e-05,0.001936214517955781,0.008245873149245186
1666425600015,8.36e-05,8.0,69.62962962962963,6,0.0040296061216607,-0.0009499848628785612,0.007370212232882034
1666454400000,-3.19e-06,8.0,16.296296296296298,1,-0.0017315342017002466,-0.0025323037724567232,0.026747783584223805
1666483200025,4.152e-05,8.0,48.148148148148145,4,-0.0032495938007749414,0.018919510061242262,0.047322209723784425
1666512000000,1.171e-05,8.0,26.296296296296294,2,0.001697101350892627,0.0086317185631557,0.0618684824780813
1666540800004,5.174e-05,8.0,55.18518518518518,5,0.019896788990825698,0.005379482902418742,0.0889595496246871
1666569600009,0.0001,8.0,75.92592592592592,7,-0.01276212964524659,-0.012220365230991126,0.06134204245184183
1666598400012,0.0001,8.0,75.92592592592592,7,-0.0014909919237937608,-0.0008593911782976971,0.07106543797887754
1666627200002,2.328e-05,8.0,34.074074074074076,3,0.0020428055912729004,0.025446928532913082,0.06690966029283674
1666656000013,4.327e-05,8.0,48.888888888888886,4,-0.0014073867105438564,0.04059172332433025,0.048704893773348745
1666684800013,9.019e-05,8.0,72.22222222222221,7,0.024798698405131603,0.05391877467693296,0.04105308973335964
1666713600000,-1.66e-06,8.0,17.77777777777778,1,0.017948029717561598,0.05640158210058788,0.03681776976486262
1666742400006,2.243e-05,8.0,33.7037037037037,3,0.011381774244074272,0.03255913401057153,0.022927636976595167
1666771200013,5.665e-05,8.0,57.03703703703704,5,0.027069813176007873,0.017143559488692173,0.019862340216322494
1666800000000,6.122e-05,8.0,60.370370370370374,6,-0.005637691997928962,-0.01395999923296698,0.0021716619685900884
1666828800009,1.3e-07,8.0,18.14814814814815,1,-0.0037176332352558683,-0.02398162371965573,0.0020225465787662156
1666857600006,-2.276e-05,8.0,11.851851851851853,1,-0.005365247695601982,-0.028856332200669965,0.007081160246898088
1666886400009,1.376e-05,8.0,28.51851851851852,2,-0.015055132497800994,-0.004120965899979123,0.0036593010880709986
1666915200000,-1.228e-05,8.0,14.444444444444443,1,-0.009268210875226779,0.015147778391602973,0.017140517717622927
1666944000000,3.541e-05,8.0,45.18518518518518,4,0.019277396356611964,0.03317783298565624,0.022125193545656785
1666972800007,-2.629e-05,8.0,11.481481481481481,1,0.0038696328972473992,0.021031674384786925,-0.005792249998780141
1667001600000,2.484e-05,8.0,37.77777777777778,3,0.008328190975039673,0.0109325727501981,-0.005602336169323596
1667030400003,4.755e-05,8.0,55.925925925925924,5,0.008672387196297704,0.004396451986116601,-0.0071876205167759055
1667059200010,4.205e-05,8.0,51.11111111111111,5,-0.005543899559833476,-0.0129469171617147,-0.023322611941368532
1667088000000,-2.515e-05,8.0,11.851851851851853,1,0.0018792926938289156,-0.008872568574957884,-0.016139807841120457
1667116800013,3.212e-05,8.0,44.074074074074076,4,-0.008744816464444805,-0.015123444939333486,-0.01988941790815546
1667145600009,5.135e-05,8.0,58.88888888888889,5,-0.0011087977533530413,-0.01349924950370407,-0.012956955405994175
1667174400012,1.504e-05,8.0,31.48148148148148,3,-0.005332014871474167,-0.008172524612095833,-0.023712924319319706
1667203200000,3.842e-05,8.0,50.0,4,-0.007793435005187477,0.0028446037768934396,-0.01130048075752188
1667232000010,-4.34e-06,8.0,17.40740740740741,1,0.004284830815443064,0.0030283397630337383,-0.0062775470938737366
1667260800000,7.22e-06,8.0,25.185185185185183,2,0.006015030246171449,0.00021988331525402138,-0.013085500405562667
1667289600000,-1.088e-05,8.0,15.555555555555555,1,-0.007101051557908522,-0.008601889404278973,0.0005537071666221749
1667318400000,1.302e-05,8.0,29.629629629629626,2,0.001350141618115419,-0.002318721474589336,0.020428229700180545
1667347200000,4.787e-05,8.0,58.51851851851851,5,-0.002857854703735674,-0.01625801787014114,0.03297524658156603
1667376000000,1.203e-05,8.0,28.888888888888886,2,-0.0008083717922336975,-0.005550819640005256,0.04706193597695396
1667404800019,6.046e-05,8.0,65.18518518518519,6,-0.01199387797148943,-0.006823510944107158,0.04507637819223542
1667433600011,2.68e-05,8.0,40.370370370370374,4,0.0075766226931268665,0.0030783132829217408,0.05737082255509929
1667462400016,4.4e-06,8.0,22.22222222222222,2,-0.002325867888732902,0.014817552418262103,0.04426047749279327
1667491200005,6.94e-05,8.0,68.51851851851852,6,-0.0021436015469492586,0.030879716293841453,0.04721850412174078
1667520000000,4.429e-05,8.0,54.81481481481482,5,0.0199182081039333,0.0469016120727217,0.03496950132689047
1667548800004,1.148e-05,8.0,28.888888888888886,2,0.013464956152703156,0.037816472599081274,0.0019471501684940051
1667577600020,6.899e-05,8.0,68.51851851851852,6,0.013607071844381036,0.02073641089523992,-0.004628320916081674
1667606400009,4.409e-05,8.0,55.18518518518518,5,0.010281014393420218,0.00666020656566868,-0.026621918649996523
1667635200007,4.541e-05,8.0,57.407407407407405,5,-0.0032143358442895398,-0.008482665044682536,-0.07468301127590893
1667664000018,0.0001,8.0,81.11111111111111,8,-0.00037081715897724354,-0.004787765850086556,-0.08504386438418532
1667692800009,6.491e-05,8.0,67.77777777777779,6,-0.0049163238857271585,-0.018430345034841533,-0.13286752690595605
1667721600000,9.732e-05,8.0,80.37037037037037,8,0.0019494649591933477,-0.02692432960590585,-0.1389359603121031
1667750400010,6.866e-05,8.0,68.51851851851852,6,-0.014073944807874494,-0.020158190385005326,-0.19021049603109086
1667779200012,7.813e-05,8.0,73.70370370370371,7,-0.01289711489243639,-0.014906309348973301,-0.24151952506470087
1667808000014,0.0001,8.0,81.85185185185185,8,0.006813897248755918,-0.04155701913803711,-0.18799280809138175
1667836800006,0.0001,8.0,81.48148148148148,8,-0.008789452656811969,-0.06172833563579139,-0.1581716398153541
1667865600000,6.515e-05,8.0,67.77777777777779,6,-0.03822907296199951,-0.09818385159611975,-0.14384770610974684
1667894400001,-7.88e-06,8.0,15.925925925925927,1,-0.014375429796529282,-0.07945168075725084,-0.12189535212976821
1667923200005,9.446e-05,8.0,80.37037037037037,8,-0.05262023855328979,-0.11917917147620871,-0.13564191355649613
1667952000000,-0.00013884,8.0,0.0,0,-0.016412977251527128,-0.14505319120255789,-0.08127766724360108
1667980800013,7.305e-05,8.0,71.48148148148148,7,-0.05691137293674975,-0.079662739282085,-0.07611436104473923
1668009600004,-0.00032976,8.0,0.0,0,-0.07654315235244102,0.018608687548778535,-0.014601558586788133
1668038400006,-0.00119172,8.0,0.0,0,0.056763711589888466,0.11240476310611025,0.05945052727180977
1668067200000,-0.00111953,8.0,0.3703703703703704,0,0.04632603115859846,0.03685310093714578,0.0
1668096000015,-0.00023833,8.0,1.1111111111111112,0,0.008491100069186741,-0.03661751167883642,-0.05250187261634531
1668124800000,-0.00019452,8.0,1.4814814814814816,0,-0.013449043573083741,-0.03227656867645046,-0.07369144440910536
1668153600015,-7.277e-05,8.0,4.814814814814815,0,-0.029805195179113286,-0.03145784027501852,-0.029430902735789743
1668182400027,-5.802e-05,8.0,7.4074074074074066,0,0.013010060242751642,0.004166543015698743,-0.01720034424429473
1668211200007,5.3e-05,8.0,61.85185185185185,6,-0.014524511211235325,-0.01581349566725465,-0.028129156242493236
1668240000016,-2.406e-05,8.0,14.444444444444443,1,0.005879974791614728,-0.002942960082759627,0.0006896633729296386
1668268800000,6.521e-05,8.0,68.88888888888889,6,-0.007332868504709267,-0.021484536569800983,0.0043548139306774925
1668297600004,3.33e-06,8.0,23.703703703703706,2,-0.001637119146554955,-0.02672969079284193,0.0054888140113587
1668326400000,-7.357e-05,8.0,4.814814814814815,0,-0.011508386557631423,0.005503491911896363,0.0009729600668535454
1668355200017,2.816e-05,8.0,41.48148148148148,4,-0.013391105988280638,-0.0007241697695329341,-0.00961938843862975
1668384000000,-3.809e-05,8.0,10.37037037037037,1,0.03283322194767524,0.017161566429793274,0.021796844822406403
1668412800000,-7.645e-05,8.0,4.814814814814815,0,-0.0162182698929072,-0.0011635362002233585,-0.01497162396409668
1668441600000,-1.132e-05,8.0,17.77777777777778,1,0.0010620323437122714,0.025675838764180448,-0.001611151339608985
1668470400014,-0.00010925,8.0,2.9629629629629632,0,0.014697726012202095,0.01823048542284611,0.006317972461356902
1668499200009,-0.00017664,8.0,1.8518518518518516,0,0.008139548700642818,-0.002293332699597306,-0.0064641087491238425
1668528000010,2.275e-05,8.0,38.148148148148145,3,-0.004620353126989052,-0.032831616416397646,-0.016595554088776887
1668556800011,-0.00013216,8.0,2.9629629629629632,0,-0.005754884547069294,-0.0134813499111901,-0.01195381882770874
1668585600004,1.121e-05,8.0,30.37037037037037,3,-0.02271806964889711,-0.011493020818446054,-0.011487065885379288
1668614400008,-6.617e-05,8.0,8.148148148148149,0,0.015294339875573604,0.006410217350240499,0.014368148775538714
1668643200000,-4.542e-05,8.0,10.74074074074074,1,-0.0043323812495500436,0.0007740681179941866,0.000888078150877325
1668672000000,-5.138e-05,8.0,10.0,0,-0.002874706201410282,0.008304706804074025,0.007454950882902489
1668700800006,-2.701e-05,8.0,16.296296296296298,1,0.010649956104501701,0.010310901219992008,0.003118094027184881
1668729600004,-2.836e-05,8.0,15.555555555555555,1,0.0018092065850325856,-0.0002576022621074703,-0.025406771944118445
1668758400016,2.398e-05,8.0,40.370370370370374,4,-0.002140815423438913,-0.0073373757669260575,-0.040753232152894725
1668787200000,9.55e-06,8.0,30.0,2,8.391826361120458e-05,-0.0018102368293282378,-0.03318967325824651
1668816000000,5.556e-05,8.0,64.81481481481481,6,-0.005232464053031793,-0.00025772732449069746,-0.05502778060811653
1668844800004,7.897e-05,8.0,77.4074074074074,7,0.002843390622834896,0.006403653034054324,-0.05200633738757465
1668873600024,-1.169e-05,8.0,18.88888888888889,1,0.0030335614010847944,-0.004751578352986341,-0.02354764493515371
1668902400015,-7.79e-06,8.0,20.74074074074074,2,0.0005150440781909182,-0.025710281717132966,-0.028572968570333424
1668931200004,3.552e-05,8.0,48.148148148148145,4,-0.008272377919574803,-0.03981156696316335,-0.006057631298559851
1668960000000,-9.79e-06,8.0,19.25925925925926,1,-0.017250120714630612,-0.026484789956542687,-0.008926846933848487
1668988800006,7.898e-05,8.0,77.4074074074074,7,-0.01396581080998005,-0.031435368169999256,0.020499990779614397
1669017600015,-1.218e-05,8.0,17.40740740740741,1,0.00497472118495601,-0.018982488732069536,0.036213227272443804
1669046400000,2.302e-05,8.0,38.51851851851852,3,-0.022505765940034173,0.005313344741214587,0.026114128413064597
1669075200000,-7.485e-05,8.0,5.9259259259259265,0,-0.001167053570296006,0.029220738034529514,0.05194022656061681
1669104000000,2.033e-05,8.0,36.2962962962963,3,0.029661286020904454,0.05422979717801857,0.04485705939877316
1669132800000,7.881e-05,8.0,76.66666666666667,7,0.0007400600682088143,0.01265502716637168,0.01723106525479645
1669161600000,9.406e-05,8.0,80.74074074074075,8,0.0231036119036907,0.02352266914814294,0.01768051815195748
1669190400011,0.0001,8.0,82.5925925925926,8,-0.011502559470039198,0.0010237880156578338,-0.0013008130081300084
1669219200014,-3.9e-06,8.0,21.11111111111111,2,0.011441452418667009,0.008523211892287108,0.0050627513098573385
1669248000007,5.42e-05,8.0,62.22222222222222,6,0.00121673553470103,-0.0012046886482188768,-0.009215868158874319
1669276800014,2.012e-05,8.0,34.81481481481482,3,-0.004096979906148435,-0.009036217061725416,-0.004241366863193319
1669305600013,6.272e-05,8.0,67.03703703703704,6,0.0016854034396727169,-0.0032137441932112987,0.0003684932251613038
1669334400004,2.058e-05,8.0,35.55555555555556,3,-0.006633779203705226,-0.0041008816895632405,-0.00836459250503574
1669363200015,4.61e-06,8.0,24.444444444444443,2,0.0017545137750580864,0.006775215823407343,-0.015669204337109388
1669392000000,1.329e-05,8.0,31.48148148148148,3,0.0011822265873664417,0.0009639693712373276,-0.02174690650709632
1669420800011,3.859e-05,8.0,50.0,4,0.004214656832467467,-0.0039361019268733255,-0.018935678038973447
1669449600000,-2.455e-05,8.0,12.962962962962962,1,-0.00431198248671727,-0.0015499013973235831,-0.0073394163445243965
1669478400000,3.523e-05,8.0,45.55555555555556,4,-0.0035614347494276055,0.0031616818693898097,-0.0075407929643492855
1669507200012,1.063e-05,8.0,27.037037037037038,2,0.006243616555615006,-0.0003465298380429527,-0.0003647682505715233
1669536000000,-3.066e-05,8.0,10.74074074074074,1,0.0003865668035758496,-0.02030683740033834,0.01924981879681087
1669564800003,3.784e-05,8.0,48.888888888888886,4,-0.007059178743961447,-0.02639492753623196,0.01744565217391303
1669593600015,2.303e-05,8.0,37.03703703703704,3,-0.01395114060000835,-0.0147174194646994,0.04392115841903288
1669622400004,5.36e-06,8.0,22.962962962962962,2,-0.005600202298056689,0.015332712459216413,0.053140245594774704
1669651200011,2.1e-07,8.0,20.0,1,0.0048502440627926635,0.01610132172251899,0.052509163984146845
1669680000000,4.76e-05,8.0,57.407407407407405,5,0.01661416836514107,0.015397443023902113,0.04819961707121245
1669708800015,-3.85e-06,8.0,17.40740740740741,1,-0.004847439300705192,0.025543210851460607,0.02889632675871545
1669737600000,4.171e-05,8.0,51.48148148148148,5,0.003332173785678849,0.028854427946318983,0.03259549485221869
1669766400007,3.404e-05,8.0,44.44444444444444,4,0.026759432700026675,0.043940204831294016,0.038582236602038744
1669795200000,4.038e-05,8.0,51.11111111111111,5,-0.0009600170669701313,0.011786876211132613,0.004640082490355413
1669824000015,9.511e-05,8.0,81.11111111111111,8,0.018778673978716576,0.007157737300357736,0.006119093828083733
1669852800001,1.029e-05,8.0,26.296296296296294,2,-0.00524313586130154,-0.011162053678059669,-0.01668482345196398
1669881600006,-5.001e-05,8.0,7.777777777777778,0,-0.006196084402616653,-0.008040854333452363,-0.0050716532066785724
1669910400000,0.0001,8.0,82.22222222222221,8,0.00044211531546412,-0.002599638054928577,0.003696084037279057
1669939200001,8.203e-05,8.0,76.66666666666667,7,-0.0021032538574383697,0.006097668746354756,0.0063451103766416495
1669968000016,2.825e-05,8.0,40.370370370370374,4,-0.0011984886055024235,0.0008265438658636715,0.021785334750265672
1669996800017,-3.753e-05,8.0,9.25925925925926,0,0.009427995531307465,0.002027462361904986,0.008346288207025765
1670025600006,3.302e-05,8.0,43.7037037037037,4,-0.007331412643759028,-0.011611973859883329,-0.0068102499238750225
1670054400000,5.123e-05,8.0,58.88888888888889,5,-0.00017695983011856153,0.002300477791541411,0.0020999233174068266
1670083200011,0.0001,8.0,81.85185185185185,8,-0.004312175554506803,0.004961066540821069,0.0019466729589427967
1670112000006,6.174e-05,8.0,65.55555555555556,6,0.006505163251159685,0.011997227307466662,0.012015000977551704
1670140800000,6.437e-05,8.0,67.03703703703704,6,0.0020362523540489175,0.018649952919020718,-0.014171374764595068
1670169600006,4.581e-05,8.0,55.925925925925924,5,0.002659059291739485,0.0013383344779616113,-0.011874783547877743
1670198400002,5.4e-07,8.0,20.0,1,0.01320734834381243,-0.007054456894633909,-0.01506316812439279
1670227200011,-4.218e-05,8.0,8.518518518518519,0,-0.014335240076269629,-0.018426070376148518,-0.028289131565262582
1670256000008,4.603e-05,8.0,56.2962962962963,5,-0.005744801833647006,-0.004332049545984873,-0.008593754579721002
1670284800014,2.206e-05,8.0,34.074074074074076,3,0.0016036884835120002,0.00712226355912704,0.01535885477775345
1670313600027,4.118e-05,8.0,50.0,4,-0.0001824806776506982,-0.01460434068553862,0.012750101541667558
1670342400009,2.305e-05,8.0,35.92592592592593,3,0.005693258757727415,-0.008901972328525187,0.010797762731822313
1670371200000,7.887e-05,8.0,75.55555555555556,7,-0.01937689524768471,-0.014681949631780378,0.0021191649787497546
1670400000000,6.58e-06,8.0,22.59259259259259,2,0.004877262524475956,0.0038445006924876512,0.02348488466497911
1670428800000,-1.492e-05,8.0,12.592592592592592,1,-8.911120484289548e-05,0.004817945808505808,0.02170748949972956
1670457600006,1.183e-05,8.0,27.77777777777778,2,-0.00039823824156992593,0.02361493333967357,0.01766513513352863
1670486400000,2.152e-05,8.0,33.7037037037037,3,0.00585170912723898,0.02292514094055531,0.021271914174932904
1670515200014,1.67e-06,8.0,20.0,1,0.018276638895951658,0.015142825044494268,0.0140134694867049
1670544000017,1.178e-05,8.0,28.14814814814815,2,-0.0009697237158419192,-0.005649947158767765,-0.011410222165445294
1670572800005,4.007e-05,8.0,50.37037037037037,5,-0.0021098885769585962,-0.0034234831179852376,-0.01663498927618623
1670601600000,3.198e-05,8.0,42.22222222222222,4,-0.0028019689511548096,0.0018524451693704425,-0.010561267585122103
1670630400009,-1.669e-05,8.0,12.592592592592592,1,0.0012672198830887549,-0.0001635122429791691,0.005308308173860299
1670659200010,-6.87e-06,8.0,17.037037037037038,1,0.0035518902588389523,0.0016038913319880166,0.0008806821495643824
1670688000001,1.711e-05,8.0,32.592592592592595,3,-0.004963182946178035,-0.0033359098490705064,0.0334695205937221
1670716800011,9.29e-06,8.0,25.555555555555554,2,0.003037152552668232,-0.0056304135784081,0.03875289843645047
1670745600007,8.73e-06,8.0,25.555555555555554,2,-0.0013975182405245867,-0.014836985320235474,0.03674308374045765
1670774400011,6.92e-06,8.0,24.444444444444443,2,-0.007253940394068459,-0.009580565970622623,0.053698984798213445
1670803200000,2.406e-05,8.0,40.370370370370374,4,-0.009345301877843437,0.006967988242251755,0.04304928534204633
1670832000004,2.638e-05,8.0,41.48148148148148,4,0.003930608505482214,0.01432751130419363,0.04592014658509913
1670860800000,-1.67e-05,8.0,12.592592592592592,1,0.012475566964180507,0.04588112003391176,0.02548689447283503
1670889600000,3.003e-05,8.0,45.18518518518518,4,-0.002325973565310391,0.033069529164801104,0.008896848887312458
1670918400018,1.971e-05,8.0,35.18518518518518,3,0.036227703675214995,0.03749220611972559,0.020360237516680257
1670947200011,0.0001,8.0,84.81481481481481,8,0.00012371644191522257,0.016173113043087106,-0.04659611080494408
1670976000010,0.0001,8.0,84.44444444444444,8,0.0010964419054473318,0.0017093248166974995,-0.0666130628401782
1671004800015,0.0001,8.0,84.07407407407408,8,0.01493459445190215,-0.0061164999466419845,-0.059839476980279915
1671033600004,0.0001,8.0,84.07407407407408,8,-0.01411163130457882,-0.03612577613972168,-0.07629688658675615
1671062400000,0.0001,8.0,83.7037037037037,8,-0.00675899468374741,-0.02600304267036435,-0.0585124597912795
1671091200023,0.0001,8.0,83.33333333333334,8,-0.015710297591464473,-0.010460345626547185,-0.05370887349254616
1671120000010,5.18e-05,8.0,62.96296296296296,6,-0.00377783136403842,-0.02660557832971633,-0.042463283842594346
1671148800016,4.842e-05,8.0,61.48148148148148,6,0.009146130616196846,-0.0433101270199866,-0.03513796998547669
1671177600011,5.706e-05,8.0,66.2962962962963,6,-0.031769872589275994,-0.04405407103247794,-0.04507061558054404
1671206400001,-1.987e-05,8.0,12.222222222222221,1,-0.020874129998820434,-0.015483071841453366,-0.017323345523180378
1671235200001,2.013e-05,8.0,34.44444444444444,3,0.008361395413280848,0.010421623966120785,-0.00996981945891895
1671264000011,7.81e-05,8.0,76.66666666666667,7,-0.002831727293908237,0.0003644206011146345,0.0033992675743326206
1671292800011,9.707e-05,8.0,82.5925925925926,8,0.0048887158134378605,-0.000820777042207177,0.013360093460743405
1671321600008,6.274e-05,8.0,69.62962962962963,6,-0.0016753015244647118,-0.0018601212655977584,0.006534272138126074
1671350400001,6.828e-05,8.0,71.85185185185186,7,-0.00401313825022398,-0.001427291728874347,0.0031412361899072483
1671379200012,-6.47e-06,8.0,17.77777777777778,1,0.003843432587032014,-0.0010492990682223757,0.010708846490544488
1671408000000,6.468e-05,8.0,70.0,6,-0.0016066127943713537,-0.017822054194812087,0.004103133790829716
1671436800000,3.493e-05,8.0,46.666666666666664,4,-0.00346366442535484,0.004127682993946058,0.0062633102821179065
1671465600000,4.496e-05,8.0,56.666666666666664,5,-0.012822282918630079,0.014773238887054507,-0.0015847765405049286
1671494400005,5.611e-05,8.0,64.81481481481481,6,0.021978021978022122,0.027265646866975857,0.02321322088763944
1671523200016,-1.2e-07,8.0,20.0,1,0.007067243001226631,0.00010716964955514996,0.0032746281808546662
1671552000000,3.401e-05,8.0,45.925925925925924,4,-0.0012955053654033488,-0.002768477219218357,-0.004821172935177365
1671580800007,3.778e-05,8.0,49.25925925925926,4,-0.005040662927138562,-0.003589473247762598,-0.006195691447458129
1671609600012,7.742e-05,8.0,76.29629629629629,7,0.0035005000714389833,0.00034528742201289653,0.0024051054912608283
1671638400017,7.582e-05,8.0,75.18518518518519,7,-0.0020348354334260854,-0.012796326617783182,-0.0015543057829667806
1671667200004,2.918e-05,8.0,41.11111111111111,4,-0.0011116329114674306,-0.0003566736614334376,0.000261560685051343
1671696000000,8.167e-05,8.0,78.88888888888889,7,-0.011235888259388482,0.0015397328355459816,-0.0002615762346099837
1671724800001,7.198e-05,8.0,73.33333333333333,7,0.010540421977440761,0.011015161621806824,0.008359023358392337
1671753600018,0.0001,8.0,82.96296296296296,8,0.002063498670916708,-0.0022597391785252885,0.0005411480664365698
1671782400000,0.0001,8.0,82.5925925925926,8,-0.0014186502047842664,-0.00046299044340236684,-0.0006113848162877522
1671811200000,8.903e-05,8.0,80.0,7,-0.0028888849260837457,0.00042203874434565414,-0.001610880277713278
1671840000001,0.0001,8.0,82.22222222222221,8,0.003570130110084113,0.0028847128101514574,0.010328940702463596
1671868800007,4.748e-05,8.0,57.03703703703704,5,-0.00046323791424152105,-0.0012590568951181824,0.0006354673951776135
1671897600008,6.222e-05,8.0,65.92592592592592,6,-0.00021984290145105057,-0.0029946168197645395,-0.0026262314173332024
1671926400000,5.21e-06,8.0,22.59259259259259,2,-0.00045766862414120535,0.00016048120586753534,-0.007750647868571936
1671955200013,1.855e-05,8.0,30.74074074074074,3,-0.002200180771609328,0.0011833404690548832,-0.010251653108795833
1671984000000,3.06e-05,8.0,40.74074074074074,4,0.0025738952210152544,0.0007209289855159007,-0.012869476105076938
1672012800001,3.319e-05,8.0,43.333333333333336,4,0.0006834985616812617,0.007500653781232991,-0.017057746713263433
1672041600000,-5.064e-05,8.0,5.9259259259259265,0,-0.002417338314515405,0.0013601240148009008,-0.01675506482861855
1672070400005,2.871e-05,8.0,40.0,3,0.009348354213309262,-0.0005001667222408468,-0.010771447625399055
1672099200005,8.655e-05,8.0,79.62962962962963,7,-0.006058496643345124,-0.01537926071002993,-0.019225550691978288
1672128000010,1.102e-05,8.0,26.296296296296294,2,-0.003721355356793188,-0.012125564583617687,-0.022280650732697582
1672156800006,1.951e-05,8.0,31.11111111111111,3,-0.0056773501727629405,-0.012927439532944174,-0.013541046109853405
1672185600010,4.252e-05,8.0,52.59259259259259,5,-0.002773999892155432,-0.009136824698784407,-0.005176535435901464
1672214400010,9.764e-05,8.0,82.22222222222221,8,-0.004530052149672059,-0.005389199971161496,-0.0049986782341208125
1672243200010,2.111e-05,8.0,34.074074074074076,3,-0.0018588931136459541,0.0026857384271832263,0.0013217454282092866
1672272000011,9.985e-05,8.0,82.22222222222221,8,0.0009976901960309092,0.005278688128091291,-0.00019953803920613744
1672300800000,8.532e-05,8.0,78.88888888888889,7,0.003545842243243724,-0.005080158989042238,-0.0021202566054147054
1672329600008,0.0001,8.0,82.96296296296296,8,0.0007223041502393279,-0.00329852228609262,-0.00329852228609262
1672358400000,0.0001,8.0,82.96296296296296,8,-0.009549409776719364,-0.0013109391255193836,-0.0010944537653418962
1672387200000,7.132e-05,8.0,71.48148148148148,7,0.004760025500136766,0.0055918156704410915,0.014626149782945408
1672416000000,0.0001,8.0,82.96296296296296,8,0.00354102085334973,0.0025500184302278406,0.01101583791067684
1672444800014,0.0001,8.0,82.5925925925926,8,-0.00259571315863949,-0.0041796402136794475,0.002896839975187193
1672473600000,0.0001,8.0,82.22222222222221,8,0.0017207443275815137,-0.0026022484392546064,0.009998430198157493
1672502400000,0.0001,8.0,81.85185185185185,8,-0.0032005111174062684,-0.002290384603793605,0.004472277305302308
1672531200000,0.0001,8.0,81.48148148148148,8,-0.0011186358689079245,0.004420123352279592,0.007878824525335615
1672560000008,0.0001,8.0,81.11111111111111,8,0.0022152147729406213,0.010948971377730432,0.02066928538139834
1672588800000,6.91e-06,8.0,23.333333333333332,2,0.003503875407023349,0.010759313965360118,0.017356265593756026
1672617600000,-1.488e-05,8.0,12.592592592592592,1,0.006038131129184832,0.0029197343944711296,0.01428562828470148
1672646400008,-4.356e-05,8.0,7.037037037037037,0,0.0015805543914266806,0.001418906783212659,0.007004729689277456
1672675200015,2.67e-05,8.0,40.0,3,-0.004602675529307709,-0.003998947959879096,0.006186713211472128
1672704000003,0.0001,8.0,82.22222222222221,8,0.00446181931733558,0.0006485551632195996,0.01046695971751821
1672732800018,8.977e-05,8.0,79.25925925925927,7,-0.0038381748940317095,0.008184519361260634,0.003646863995886873
1672761600000,3.322e-05,8.0,45.55555555555556,4,0.00018001476121032312,0.01050686156264824,0.010212837452671097
1672790400000,6.489e-05,8.0,68.88888888888889,6,0.011698853512355889,0.010804941115770683,0.01654037904285377
1672819200016,3.388e-05,8.0,45.925925925925924,4,-0.0011681965891029433,-0.002585450319030236,0.004809174790673554
1672848000011,4.931e-05,8.0,61.111111111111114,6,0.0005521286637892864,-0.0006530554087830209,0.005230380137616564
1672876800009,5.417e-05,8.0,63.33333333333333,6,-0.0019699522939263803,-0.0015724016803930763,0.005274962618375012
1672905600011,4.436e-05,8.0,56.2962962962963,5,0.0007669441141500144,-0.0019203329369797961,0.0074910820451843385
1672934400000,7.264e-05,8.0,74.07407407407408,7,-0.0006830885104512907,1.1879800181802125e-05,0.00971767654868061
1672963200005,5.587e-05,8.0,64.81481481481481,6,-0.002317745012391015,0.007113694307261609,0.017680234389393146
1672992000001,6.591e-05,8.0,71.85185185185186,7,0.0029724143271561143,0.009352085157585677,0.023958016881407307
1673020800000,8.658e-05,8.0,81.11111111111111,8,0.006444715036678428,0.005791333788720321,0.025505627988476887
1673049600006,2.508e-05,8.0,39.62962962962963,3,-0.00010031629136575404,-0.0002537412075722667,0.013678421375631356
1673078400017,6.71e-06,8.0,24.074074074074073,2,-0.0007494968928337675,7.672015438453528e-05,0.01456502623239131
1673107200000,0.0001,8.0,84.81481481481481,8,0.0005492234099095938,0.00389180889387597,0.022778007441091486
1673136000015,5.657e-05,8.0,64.44444444444444,6,0.00023019578446592526,0.010748372397754835,0.028845302530382977
1673164800000,0.0001,8.0,84.44444444444444,8,0.0031216806325977675,0.014416381446949122,0.02911601557889787
1673193600010,7.452e-05,8.0,74.07407407407408,7,0.007359213134813247,0.016036143089928512,0.019171603202522647
1673222400003,5.796e-05,8.0,65.55555555555556,6,0.00383667558192502,0.0031534319851438397,0.0467875871573562
1673251200000,-6.66e-06,8.0,17.037037037037038,1,0.004339656666841218,0.00022105489723855953,0.053844319180002875
1673280000006,9.05e-06,8.0,26.296296296296294,2,-0.005413479854328163,0.0026285773838126136,0.04549639004846062
1673308800003,2.417e-05,8.0,39.62962962962963,3,0.0007742371144823235,0.014704683843475896,0.09778090836059672
1673337600021,9.685e-05,8.0,84.44444444444444,8,0.007305936073059183,0.014419916819358392,0.09437803565715619
1673366400000,3.129e-05,8.0,44.44444444444444,4,0.00651319094389291,0.0002656088505488263,0.1105972157263535
1673395200011,2.761e-05,8.0,42.22222222222222,4,0.0004933795350758885,0.028375060238199135,0.1407164329807007
1673424000006,2.477e-05,8.0,40.0,3,-0.0065598587107355,0.038774269756986834,0.19826370173285768
1673452800004,-2.11e-06,8.0,19.25925925925926,1,0.03465512265512283,0.04227994227994225,0.20324386724386723
1673481600000,7.549e-05,8.0,77.03703703703704,7,0.009945644599303138,0.051038327526132354,0.16936027874564474
1673510400000,0.0001,8.0,87.03703703703704,8,-0.0027820864544406687,0.03881673005481345,0.14508801660419834
1673539200000,0.0001,8.0,87.03703703703704,8,0.04359137582685224,0.06468683402064701,0.15800835847333317
1673568000004,0.0001,8.0,86.66666666666667,8,-0.0023279368328393835,0.05439099793720392,0.10683586189342376
1673596800000,0.0001,8.0,86.29629629629629,8,0.022052064126339754,0.11092985318107673,0.12196119899463853
1673625600018,7.16e-05,8.0,74.44444444444444,7,0.03509201176501198,0.0852026341133294,0.09340170228272471
1673654400000,8.746e-05,8.0,81.85185185185185,8,0.050915360564598,0.054368697785239783,0.06486443012395826
1673683200001,0.00045847,8.0,100.0,9,-0.002430970952768341,-0.006527252715700871,0.01155668277743227
1673712000000,0.0001,8.0,85.55555555555556,8,0.006666186739615609,0.004007390876586747,0.015444052504019368
1673740800010,0.00013712,8.0,99.62962962962963,9,-0.011640030278361024,-0.006307991868641394,0.0067269377436909306
1673769600002,0.00012434,8.0,99.25925925925925,9,0.006440083619933867,0.01665655135208044,0.02616494706318706
1673798400000,0.00019892,8.0,99.62962962962963,9,-0.0021510516252389866,0.005310707456978925,0.0018833652007648194
1673827200010,0.0001,8.0,84.07407407407408,8,0.011201287812730776,0.011560610561214268,-0.007761371367246972
1673856000007,0.0001,8.0,84.07407407407408,8,-0.004865822688852717,0.0015208657089791355,-0.01311924345222304
1673884800000,0.0001,8.0,84.07407407407408,8,0.007279695308376688,0.006048185782008497,-0.007474644692859522
1673913600004,0.0001,8.0,84.07407407407408,8,0.0011651092408317965,0.0015392703384973228,-0.0027848952585738385
1673942400005,0.0001,8.0,83.7037037037037,8,-9.461409276934063e-06,0.007819854767367573,-0.00908768361047374
1673971200001,0.0001,8.0,83.7037037037037,8,0.00038319070123904453,-0.007110316345212198,0.00037372920244305163
1674000000008,0.0001,8.0,83.7037037037037,8,0.007443347330987615,-0.02060870881095611,0.07137385086823289
1674028800009,0.0001,8.0,83.7037037037037,8,-0.014823646485603525,-0.022263633717928277,0.0626554886921582
1674057600017,0.0001,8.0,83.33333333333334,8,-0.013217076424623664,-0.005236325519344498,0.09630741376024399
1674086400000,0.0001,8.0,82.96296296296296,8,0.005448342092182479,0.017015814186922995,0.09907392661869818
1674115200015,0.0001,8.0,82.5925925925926,8,0.0023332293141937743,0.005612232650807902,0.09943589620490179
1674144000012,0.0001,8.0,82.22222222222221,8,0.008477782940018441,0.012841206814796502,0.09210129274215584
1674172800000,0.0001,8.0,81.85185185185185,8,-0.006064200811407128,0.07614890032978239,0.07705046383069591
1674201600000,0.0001,8.0,81.48148148148148,8,0.009323664348083405,0.08060458210601174,0.08289133849245944
1674230400000,0.0001,8.0,81.11111111111111,8,0.07271308296282286,0.08956579320783264,0.08225806451612905
1674259200013,0.0001,8.0,80.74074074074075,8,-0.0007547769435507501,0.004166721840419774,0.010783158322188235
1674288000001,0.0001,8.0,80.37037037037037,8,0.01637468748067472,0.011577571051213598,0.018600973558435596
1674316800016,0.0001,8.0,80.0,7,-0.011265010234991935,-0.009052861234370435,-0.003589852798650872
1674345600000,0.0001,8.0,79.62962962962963,7,0.0051943147939177425,-0.003363351760051758,-0.007679506825496563
1674374400000,0.0001,8.0,79.62962962962963,7,-0.003800255097583527,-0.009181765764506578,-0.007700976709241192
1674403200023,0.0001,8.0,79.62962962962963,7,-0.005170825840971949,0.0022981448182097797,-0.009832902065698867
1674432000014,0.0001,8.0,79.25925925925927,7,-0.00034386834251043386,0.009562185062888195,0.01824706499552531
1674460800014,0.0001,8.0,78.88888888888889,7,0.007854361353543338,0.016952366672105867,0.013618342425458563
1674489600016,0.0001,8.0,78.51851851851852,7,0.0020390838999886363,0.0032074002117845613,0.0052246055291553795
1674518400008,0.0001,8.0,78.14814814814814,7,0.0069737991266376476,-0.011179039301310034,0.005170305676855946
1674547200008,0.0001,8.0,77.77777777777779,7,-0.005767637913763002,-0.01476602037320518,-9.106796705948828e-05
1674576000000,0.0001,8.0,77.4074074074074,7,-0.013948699154002875,-0.015305610457379437,0.0016535993054009879
1674604800012,0.0001,8.0,77.03703703703704,7,0.003320968026850446,0.020005299417064082,0.018720190779014434
1674633600000,0.0001,8.0,76.66666666666667,7,-0.006514973433875193,0.01154206779974376,0.011678530081129068
1674662400010,0.0001,8.0,76.29629629629629,7,0.023041352184543396,0.01754012969065588,0.01905052974735133
1674691200010,0.0001,8.0,75.92592592592592,7,-0.004888080703121633,-0.0034030393557604732,-0.0032341862579555736
1674720000003,0.0001,8.0,75.55555555555556,7,-0.0004916442236154728,0.0031978628704190104,0.009789376133936045
1674748800020,0.0001,8.0,75.18518518518519,7,0.001984956122022652,0.0007661234155176277,0.02447241955704138
1674777600008,0.0001,8.0,74.81481481481481,7,0.001702985437736615,0.0021504535502032684,0.03171810377784712
1674806400000,9.541e-05,8.0,72.5925925925926,7,-0.004250594215722048,-0.003183608320754927,0.025304047606655278
1674835200000,0.0001,8.0,74.44444444444444,7,0.00428180646060583,0.002352162246924694,0.00899048681046799
1674864000009,0.0001,8.0,74.07407407407408,7,-0.003858175213174997,-0.0019767729182110783,-0.01124939851481932
1674892800018,0.0001,8.0,73.70370370370371,7,0.0012185091540499737,0.01001788597365394,0.00024370183080990593
1674921600005,0.0001,8.0,73.33333333333333,7,0.0006693644080688621,0.022953983370206155,0.0047637882548279276
1674950400011,0.0001,8.0,72.96296296296296,7,0.008113872202169192,0.03154332972813312,0.004139464779800317
1674979200000,0.0001,8.0,72.5925925925926,7,0.014144783626184543,0.018795064410052076,-0.006111305052385774
1675008000008,0.0001,8.0,72.22222222222221,7,0.009071595496069618,-0.015147652432547232,-0.024265986828128305
1675036800001,0.0001,8.0,71.85185185185186,7,-0.004695033370528678,-0.039585658041560445,0.00034528496536623265
1675065600000,0.0001,8.0,71.48148148148148,7,-0.020093912602055952,-0.028562967976648812,0.006332755192690165
1675094400000,0.0001,8.0,71.11111111111111,7,-0.014919702987394201,-0.0017009152132619887,0.028565878086686203
1675123200005,0.0001,8.0,70.74074074074073,7,0.007720839690640302,0.013556409042282613,0.03242664983076393
1675152000000,0.0001,8.0,70.37037037037037,7,0.0070023253991062795,0.004237103615255311,0.021433734834827023
1675180800007,0.0001,8.0,70.0,6,4.758505829172144e-05,-0.006601345359375288,0.022416888369779286
1675209600013,0.0001,8.0,69.62962962962963,6,-0.0019292660137729678,0.027645603349828907,0.012834377270997122
1675238400000,0.0001,8.0,69.25925925925925,6,-0.0040067472930604975,0.03155096677955527,0.011690682578021194
1675267200012,0.0001,8.0,68.88888888888889,6,0.034523752498486715,0.037807166901092426,0.01967000378855488
1675296000004,0.0001,8.0,68.51851851851852,6,0.0007618903298858282,-0.008784890157302994,-0.018470578826183748
1675324800023,0.0001,8.0,68.14814814814815,6,0.002410114911586936,-0.013173612396318868,-0.017026431347477167
1675353600003,0.0001,8.0,67.77777777777779,6,-0.011920896605838283,-0.008282946110497957,-0.03202403481019289
1675382400010,0.0001,8.0,67.4074074074074,6,-0.0036691014098862995,-0.005677764565992893,-0.025522337353490743
1675411200000,0.0001,8.0,67.03703703703704,6,0.00716234652114589,-0.005341916780354672,-0.024646145975443345
1675440000000,0.0001,8.0,66.66666666666666,6,-0.008707246867592278,-0.008783440568913004,-0.025939722316288494
1675468800010,0.0001,8.0,66.66666666666666,6,-0.0035149459945417183,-0.004117142088381764,-0.028136651533464563
1675497600000,0.0001,8.0,66.2962962962963,6,0.003677557895819694,0.0018602099379785297,-0.01820776916251976
1675526400000,0.0001,8.0,65.92592592592592,6,-0.0044754766937842305,-0.014468430380287334,-0.021706916063459536
1675555200016,0.0001,8.0,65.55555555555556,6,0.0022343349958615644,-0.015906235124089285,-0.0030019855990461863
1675584000009,0.0001,8.0,65.18518518518519,6,-0.012884039366709343,-0.0210783055198972,-0.005999144201968343
1675612800018,0.0001,8.0,65.18518518518519,6,-0.005284170463264459,-0.001599556112341749,-0.008457273645470886
1675641600001,0.0001,8.0,65.18518518518519,6,-0.0030330762191135285,-0.008345317470693336,0.0008105634723492017
1675670400000,0.0001,8.0,64.81481481481481,6,0.005826583733646862,0.0012238885562048107,-0.008510396496181905
1675699200012,0.0001,8.0,64.44444444444444,6,-0.012005036470996822,-0.005388155609586609,-0.019268843348384856
1675728000004,0.0001,8.0,64.07407407407408,6,0.006798356441299891,0.02163872470391781,-0.0426753971567313
1675756800011,0.0001,8.0,63.70370370370371,6,-0.00010039196515088111,0.01395011828792403,-0.044464910825745774
1675785600018,0.0001,8.0,63.33333333333333,6,0.014842041391834204,-0.001488569445475263,-0.05315196940793365
1675814400009,0.0001,8.0,62.96296296296296,6,-0.0007785649456510946,-0.012143032273882914,-0.06991169094842986
1675843200010,0.0001,8.0,62.59259259259259,6,-0.015325142704629369,-0.023202954825267574,-0.06640608184314967
1675872000000,0.0001,8.0,62.22222222222222,6,0.005402045247600906,-0.010729670098760358,-0.04899050921061854
1675900800014,0.0001,8.0,61.85185185185185,6,-0.011965722646044452,-0.051433448287873884,-0.04792820566412359
1675929600006,0.0001,8.0,61.48148148148148,6,-0.004521656354117054,-0.03522573025190823,-0.03965483808415737
1675958400001,0.0001,8.0,61.111111111111114,6,-0.03558495143481988,-0.03975084336069279,-0.028501607033760923
1675987200012,0.0001,8.0,60.74074074074074,6,0.004916362167422417,-0.007427333321092244,-0.00043150144139847413
1676016000005,0.0001,8.0,60.370370370370374,6,-0.009190781810291648,-0.009332389283511877,-0.0018500331178767926
1676044800020,0.0001,8.0,60.0,5,-0.0031212108638424274,0.0016458970138726325,-0.0063715116895570745
1676073600007,7.684e-05,8.0,51.85185185185185,5,0.0029876148104299727,0.011205867934476199,0.006349837669845648
1676102400002,5.572e-05,8.0,43.7037037037037,4,0.0017890737393484457,0.004786233354236558,0.003057102807185741
1676131200021,5.241e-05,8.0,42.22222222222222,4,0.006393261529964223,0.010052471692902687,0.018038295130258675
1676160000004,5.343e-05,8.0,42.22222222222222,4,-0.0033798462375771443,-0.004111612676024223,0.014242004308274714
1676188800000,0.0001,8.0,59.62962962962963,5,0.0066669113800919,0.003097154288755677,0.014090904919657365
1676217600002,2.27e-05,8.0,24.074074074074073,2,-0.007719509305335381,-0.017876998231895258,0.03836969796394518
1676246400006,2.074e-05,8.0,22.59259259259259,2,0.003490241102181324,-0.00069345579793334,0.11617910447761193
1676275200008,6.323e-05,8.0,46.666666666666664,4,-0.01367900782572884,-0.0044620383506475125,0.12677223010388539
1676304000002,0.0001,8.0,59.25925925925925,5,0.00964175184784799,0.026252662153572137,0.16549199381962776
1676332800013,0.0001,8.0,58.88888888888889,5,-0.0002941189987086812,0.01913611735348031,0.0765444694139219
1676361600014,0.0001,8.0,58.51851851851851,5,0.01675132737260676,0.015514744753717835,0.08726411841772586
1676390400016,8.887e-05,8.0,54.81481481481482,5,0.002640395335904211,0.030224388391302925,0.09209282978944655
1676419200011,2.377e-05,8.0,23.703703703703706,2,-0.00384644868620998,0.09598084441498367,0.10722708477067866
1676448000000,2.63e-05,8.0,25.555555555555554,2,0.031839756032450595,0.113590603267681,0.10898453937098718
1676476800005,9.071e-05,8.0,55.55555555555556,5,0.06663623916020067,0.10235930203981303,0.08295737808517356
1676505600019,0.0001,8.0,58.14814814814815,5,0.01301389026036004,-0.036178038905895105,0.013470590171488883
1676534400000,0.0001,8.0,57.77777777777777,5,0.01907215238219062,-0.039030058752305696,-0.001759318700785717
1676563200001,0.00023171,8.0,99.62962962962963,9,-0.06741165979266528,-0.038377629504594224,-0.005919868783540672
1676592000003,0.0001,8.0,57.03703703703704,5,0.009660412798019324,0.04818253612516288,0.037962903673347315
1676620800016,0.0001,8.0,56.666666666666664,5,0.021266880322005077,0.0366230054372183,0.035815455906104576
1676649600000,0.0001,8.0,56.2962962962963,5,0.016765188018478927,0.021364230953918373,0.03281423343765
1676678400011,0.0001,8.0,55.925925925925924,5,-0.0014742895309153292,0.0031766459505908617,0.011382981322950902
1676707200000,0.0001,8.0,55.55555555555556,5,0.0066625866993064164,0.002386780905752728,0.01968992248062018
1676736000007,0.0001,8.0,55.18518518518518,5,-0.0018033205412393283,0.011889758355047464,-0.004141558636284515
1676764800019,0.0001,8.0,54.81481481481482,5,-0.0025819861806903877,-0.012885572543256396,-0.007802794715859762
1676793600005,0.0001,8.0,54.44444444444444,5,0.01634199750901555,-0.002836954486621024,-0.020957645124264235
1676822400003,0.0001,8.0,54.074074074074076,5,-0.026243387090960746,-0.0022106439301403658,-0.05111713609476931
1676851200006,0.0001,8.0,53.70370370370371,5,0.007571520226364203,0.0213409117080956,-0.0056673301857305125
1676880000008,0.0001,8.0,53.333333333333336,5,0.01698035421998534,0.01983762536277145,-0.005090024450077335
1676908800006,0.0001,8.0,52.96296296296297,5,-0.003259093955825687,-0.013662507174421745,-0.03768427727986068
1676937600001,0.0001,8.0,52.59259259259259,5,0.006088500706701083,-0.015853457197276266,-0.037110861450367905
1676966400004,0.0001,8.0,52.22222222222223,5,-0.016425921256438936,-0.037270511388878935,-0.04658413681863849
1676995200011,0.0001,8.0,52.22222222222223,5,-0.005473153065169156,-0.03584203137398523,-0.056526073775661656
1677024000009,0.0001,8.0,51.85185185185185,5,-0.015806055646481187,-0.010761047463175077,-0.05194353518821604
1677052800010,0.0001,8.0,51.48148148148148,5,-0.01496651242844138,0.013324353425876234,-0.03971114631013106
1677081600000,0.0001,8.0,51.11111111111111,5,0.01915537606758355,0.010045612053048325,-0.0303518282761005
1677110400006,0.0001,8.0,50.74074074074074,5,0.00815651238780668,-0.0109566943789553,-0.04286305166066917
1677139200005,3.506e-05,8.0,26.666666666666668,2,-0.01633694644337047,-0.022696129513994356,-0.05063550803718686
1677168000002,3.631e-05,8.0,27.037037037037038,2,-0.0026651651651652397,-0.03297464130797456,-0.030880880880880923
1677196800015,4.978e-05,8.0,32.96296296296296,3,-0.0038097866770379074,-0.031013587263352016,-0.015962629798302874
1677225600011,4.949e-05,8.0,32.592592592592595,3,-0.026682339112547693,-0.030330380756475428,-0.01707736870828258
1677254400014,5.44e-05,8.0,34.81481481481482,3,-0.0006426458029622495,-0.007892898116918401,0.016385311445996198
1677283200015,1.183e-05,8.0,12.222222222222221,1,-0.003107399495047569,-0.0012861181243390973,0.013297080339224276
1677312000015,6.1e-06,8.0,8.148148148148149,0,-0.004160443318830143,0.0017966534623461428,0.004294651167824792
1677340800015,-4.8e-07,8.0,5.555555555555555,0,0.006012416095711792,0.010138072548951271,0.023449726985010244
1677369600007,7.372e-05,8.0,41.85185185185185,4,-3.024973315413071e-05,0.016840458585954732,-0.00035867540739908943
1677398400012,2.76e-05,8.0,20.0,1,0.004131374243733665,0.011849611063094345,0.025267934312878104
1677427200000,6.581e-05,8.0,39.25925925925926,3,0.012821560874447746,0.013032385197551122,0.019451770709187244
1677456000011,8.144e-05,8.0,44.44444444444444,4,-0.004938292591711191,-0.002201407540883382,0.004339067759154158
1677484800003,1.196e-05,8.0,12.222222222222221,1,0.006453348822509364,-0.00924652561266237,-0.0012812737569508625
1677513600000,6.826e-05,8.0,39.25925925925926,3,-0.0033340411977065276,-0.0007687407092800136,-0.008112125716712715
1677542400011,3.414e-05,8.0,24.814814814814813,2,-0.011964086444677169,-0.01474534256727389,-0.0006261020674144246
1677571200018,1.985e-05,8.0,13.703703703703704,1,0.014833367101048767,0.022717769434038804,-0.03619755406786018
1677600000005,5.95e-05,8.0,35.55555555555556,3,-0.017390343983892387,0.006273946767027194,-0.051338470295389405
1677628800016,1.85e-06,8.0,6.666666666666667,0,0.025604779443550996,0.021619027857031625,-0.0347867060918885
1677657600000,0.0001,8.0,50.37037037037037,5,-0.0012350622800176847,-0.014521466056863441,-0.0580437119312075
1677686400008,0.0001,8.0,50.0,4,-0.0024061292977901605,-0.014356571476814572,-0.05839295890584428
1677715200009,8.612e-05,8.0,45.55555555555556,4,-0.010506717444197622,-0.007134243097429271,-0.054814344652491354
1677744000013,8.703e-05,8.0,46.2962962962963,4,-0.001488184329590081,-0.04388433215590015,-0.04320010947562891
1677772800000,8.395e-05,8.0,44.44444444444444,4,0.004620193542862028,-0.0442665068082555,-0.03971910593474348
1677801600000,0.0001,8.0,50.0,4,-0.047557955664289886,-0.04836351702121311,-0.044514723871468265
1677830400013,-4.203e-05,8.0,1.1111111111111112,0,-0.001109222649610886,-0.0005948653725735831,0.001073441273816922
1677859200000,-2.26e-06,8.0,4.444444444444445,0,0.0003136172614941479,-0.0006093135366171953,0.010568901712350254
1677888000001,5.3e-06,8.0,7.4074074074074066,0,0.0007613860809667639,0.00042100171535786046,0.003551642130626975
1677916800008,3.812e-05,8.0,26.296296296296294,2,-0.0017230036652987613,0.0013112729193052175,0.0027836578696514014
1677945600012,2.104e-05,8.0,15.185185185185185,1,0.001385265083250209,0.005527611157436052,0.001595968833776995
1677974400000,1.874e-05,8.0,13.333333333333334,1,0.0017735102066409603,0.003981440842686146,-0.006399863851741627
1678003200000,5.44e-06,8.0,7.4074074074074066,0,0.002601908065914982,0.0007465956134156126,-0.018065825591688345
1678032000015,3.706e-05,8.0,26.296296296296294,2,-0.0002897969192358074,0.005688936445306325,-0.013005194052475577
1678060800007,4.054e-05,8.0,27.77777777777778,2,-0.0018284796860366104,-0.0007135530482094143,-0.033371984123444665
1678089600017,5.46e-05,8.0,32.96296296296296,3,0.007823250826556993,0.0011125011169690335,-0.03162362612813863
1678118400000,5.414e-05,8.0,31.851851851851855,3,-0.0065924517092935675,-0.011083476310177698,-0.040618723981539206
1678147200009,1.173e-05,8.0,10.74074074074074,1,-4.462891060819096e-06,-0.00880528406301595,-0.09240862230552949
1678176000016,4.375e-05,8.0,28.14814814814815,2,-0.0029053550468829403,-0.019931360429153666,-0.11007323636915423
1678204800017,2.631e-05,8.0,18.88888888888889,1,-0.005912683848212752,-0.009130866805718396,-0.1051884807848964
1678233600000,2.917e-05,8.0,20.74074074074074,2,-0.009988415961633024,-0.02150033580189037,-0.09224410318358223
1678262400014,3.816e-05,8.0,26.666666666666668,2,0.008082767539605573,-0.013028055172288111,-0.09578193376228916
1678291200021,0.0001,8.0,50.0,4,-0.02091897117148034,-0.02266711235985508,-0.09381239328207858
1678320000010,0.0001,8.0,49.629629629629626,4,-2.3068370035073116e-05,-0.061744799235975534,-0.05732951321125557
1678348800013,0.0001,8.0,49.25925925925926,4,-0.0017624641278570774,-0.07998911147816301,-0.06173238227939204
1678377600002,0.0001,8.0,48.888888888888886,4,-0.060066555740432515,-0.0759983361064892,-0.05990016638935103
1678406400000,-8.895e-05,8.0,0.0,0,-0.019646780670752984,-0.01008144787483467,0.08392031183181525
1678435200000,5.26e-06,8.0,5.9259259259259265,0,0.0018701803997074329,-0.004261805200405089,0.12629985058612347
1678464000005,-1.647e-05,8.0,2.2222222222222223,0,0.008133375350770411,0.0034664385720073465,0.20525518090007333
1678492800011,2.364e-05,8.0,14.814814814814813,1,-0.014756156254496444,0.013783659070272902,0.19642458433187948
1678521600003,-2.296e-05,8.0,1.4814814814814816,0,0.010278542974985871,0.02413770528128767,0.22241638926519247
1678550400011,-2.341e-05,8.0,1.4814814814814816,0,0.018498579333034115,0.013907581875280295,0.2905687652659388
1678579200001,3.76e-06,8.0,6.296296296296296,0,-0.004693594882562158,0.07672730654215676,0.2089212562585343
1678608000000,9.088e-05,8.0,46.666666666666664,4,0.0006690213594906513,0.10504619198945297,0.22360563158567892
1678636800005,-4.068e-05,8.0,1.4814814814814816,0,0.08160275319567356,0.1846165191740412,0.1999410029498525
1678665600010,0.0001,8.0,48.51851851851852,4,0.020922917481067893,0.09605996418149254,0.10395549050445907
1678694400018,6.011e-05,8.0,33.7037037037037,3,0.07279575781051739,0.08073427990080195,0.09525781274348732
1678723200003,0.0001,8.0,48.148148148148145,4,0.000747039854576137,0.07449647438690854,0.03331382729268606
1678752000010,0.00015042,8.0,98.88888888888889,9,0.006647838726667299,0.024372643915548053,0.03576064462885342
1678780800009,0.0001,8.0,48.148148148148145,4,0.06660377203028811,0.025838984237889884,0.07155157497507547
1678809600010,0.00029811,8.0,99.62962962962963,9,-0.045936477649757945,-0.057292169593782916,0.02025870892735071
1678838400011,0.0001,8.0,48.148148148148145,4,0.008088806840264251,-0.01676059075009717,0.10596013084596456
1678867200000,0.00024127,8.0,99.25925925925925,9,-0.016262156414204587,-0.00965678608329279,0.09889160036504419
1678896000012,0.00022126,8.0,98.51851851851852,9,-0.004916662569447894,0.020117344346657573,0.11395594670337772
1678924800004,0.0001,8.0,47.77777777777778,4,0.012879424213976254,0.02835285010787758,0.10883689905627736
1678953600018,0.0001,8.0,47.40740740740741,4,0.012122148327615045,0.05734239581131417,0.0963145742207192
1678982400005,0.0001,8.0,47.03703703703704,4,0.0031167412381818416,0.060921045232912086,0.1041417313979549
1679011200017,3.311e-05,8.0,19.62962962962963,1,0.041432769845527906,0.0938002994947027,0.12107914187560564
1679040000010,0.0001,8.0,46.666666666666664,4,0.015547746653235883,0.05034563363603506,0.0859893426425018
1679068800003,0.0001,8.0,46.2962962962963,4,0.0342045686854997,0.029283048011327084,0.04879877037698854
1679097600012,0.0001,8.0,45.925925925925924,4,5.85692269960969e-05,-0.014203037546535069,0.014982740380919735
1679126400000,0.0001,8.0,45.55555555555556,4,-0.0050304571313589674,-0.013730404082901937,0.005264602045109479
1679155200016,0.0001,8.0,45.18518518518518,4,-0.00948944575016275,0.011129869317826557,0.031642520073120295
1679184000013,0.0001,8.0,44.81481481481481,4,0.0014407670227738478,0.03970649941886606,0.04271057292769065
1679212800024,0.0001,8.0,44.44444444444444,4,0.0193482121999784,0.047384209218766626,0.040906377345757416
1679241600000,0.0001,8.0,44.074074074074076,4,0.015985667771381884,0.0065519797662654256,0.03890487819059252
1679270400005,0.0001,8.0,43.7037037037037,4,0.008835903626506214,-0.009714493882011732,-0.027193439859425572
1679299200012,9.081e-05,8.0,41.48148148148148,4,-0.01923049690584422,-0.02849526318025397,-0.02148915983403432
1679328000015,0.0001,8.0,43.333333333333336,4,0.0008590941249513318,0.012446035894252194,0.03143634762269176
1679356800006,8.118e-05,8.0,35.92592592592593,3,-0.010296674048053567,0.012727482562375103,0.020564495769527458
1679385600004,1.254e-05,8.0,10.0,0,0.022101239345672097,0.02296488216923742,0.030205634449509633
1679414400003,2.92e-06,8.0,5.185185185185185,0,0.0011373197758159925,0.017690848675860238,-0.00047774561115787595
1679443200000,2.68e-06,8.0,5.185185185185185,0,-0.0004557560565706664,-0.03021164171877,-0.02309045333485249
1679472000003,6e-08,8.0,4.814814814814815,0,0.01683165847941548,-0.015399631662754043,-0.02148040224992076
1679500800000,5.334e-05,8.0,26.666666666666668,2,-0.04730140963307561,0.0013116933086152471,-0.03291125957536123
1679529600016,2.48e-06,8.0,5.555555555555555,0,0.014751450179895764,0.03890153462075041,0.008539540348043051
1679558400001,-1.09e-05,8.0,3.3333333333333335,0,0.03381717668000506,0.022829398186672734,-0.005188170681408644
1679587200013,0.0001,8.0,43.7037037037037,4,-0.009690458275735447,-0.018880470349437406,-0.027360058793679642
1679616000013,0.0001,8.0,43.333333333333336,4,-0.0009470767838968275,-0.030871876060160508,-0.012389743299785039
1679644800012,0.0001,8.0,43.333333333333336,4,-0.008340761492423243,-0.028357881630516335,-0.01701048431597263
1679673600027,0.0001,8.0,42.96296296296296,4,-0.02179418583912962,-0.014592473693597285,-0.04048510790083826
1679702400015,-3.1e-06,8.0,4.074074074074074,0,0.0016445449241540011,0.0016992415402565797,-0.010352246207701365
1679731200011,4.25e-06,8.0,7.777777777777778,0,0.0057082321590442575,0.0009938439919765507,-0.01899224947304412
1679760000011,2.92e-06,8.0,7.037037037037037,0,-0.00562153631193929,0.006037812342765347,-0.0238725254199863
1679788800000,6.1e-07,8.0,5.9259259259259265,0,0.002000728862973755,0.018494897959183687,-0.006880466472303226
1679817600015,-3.326e-05,8.0,1.8518518518518516,0,0.010775956125165465,0.010674124612676472,0.0208718232204943
1679846400000,3.634e-05,8.0,22.962962962962962,2,0.005106903310496236,-0.03355451259642872,0.022448796101490753
1679875200019,2.905e-05,8.0,19.62962962962963,1,-0.005621354707124104,-0.028872508677138975,0.01427702436755296
1679904000009,2.409e-05,8.0,16.666666666666664,1,-0.032022425413549604,-0.030316769761675966,0.03307676529962311
1679932800000,-3.96e-06,8.0,4.074074074074074,0,0.008838031444785566,0.0037845380965670916,0.051714578100288344
1679961600007,-1.428e-05,8.0,3.3333333333333335,0,-0.007100194914535951,0.003975667001963945,0.032339600812082425
1679990400000,1.123e-05,8.0,12.222222222222221,1,0.0006269173841595421,0.041758633097528364,0.027795810411280097
1680019200013,7.531e-05,8.0,35.92592592592593,3,0.010442624896167096,0.05390040939836238,0.05755310312092088
1680048000010,6.075e-05,8.0,31.851851851851855,3,0.030178361714621182,0.04029653552554313,0.04438490898414571
1680076800006,7.098e-05,8.0,34.074074074074076,3,0.012454444733401626,0.022757149015151246,0.011916509620488513
1680105600014,0.0001,8.0,42.592592592592595,4,-0.002600290641416758,-0.005492630164075196,-0.0012526433942414705
1680134400000,6.987e-05,8.0,34.074074074074076,3,0.012687659874746293,-0.01142806738996216,0.003648231454529416
1680163200000,5.638e-05,8.0,30.37037037037037,3,-0.015326404688158601,-0.03468387330543754,-0.010556718846356228
1680192000006,1.123e-05,8.0,12.222222222222221,1,-0.008703712876541703,0.009007989017754126,-0.005982918078956123
1680220800003,-2.712e-05,8.0,1.8518518518518516,0,-0.010172104876185806,0.015690025626565962,0.004443603709070709
1680249600006,6.358e-05,8.0,33.7037037037037,3,0.028327467835919995,0.024231235216061853,0.009133589107482853
1680278400011,0.0001,8.0,44.074074074074076,4,-0.0021389699281867403,-0.004702227333931885,-0.01740981261220831
1680307200000,0.0001,8.0,44.074074074074076,4,-0.002342422071445638,-0.001014932501720689,-0.024260047480579305
1680336000000,0.0001,8.0,44.074074074074076,4,-0.0009222721688530999,-0.00031681105036940327,-0.013858723392271788
1680364800018,8.84e-05,8.0,41.48148148148148,4,0.002068044658490864,-0.01020282339180456,-0.013923189932462665
1680393600013,4.527e-05,8.0,26.296296296296294,2,-0.0016137538234364257,-0.010572021235453422,-0.010508736771789207
1680422400014,6.893e-05,8.0,35.18518518518518,3,-0.010648974719249416,-0.014473308894218051,0.00405675227399982
1680451200001,4.514e-05,8.0,25.555555555555554,2,0.0016942697377084759,-0.0025912360694365644,-0.003071753747147965
1680480000000,1.759e-05,8.0,13.703703703703704,1,-0.006322010541419787,-0.013198084928042642,0.00033030729233263223
1680508800013,-1.24e-05,8.0,3.3333333333333335,0,0.0012792064632085598,0.0008933006027993518,-0.0024512168540811174
1680537600011,5.688e-05,8.0,31.851851851851855,3,-0.008803828434189032,-0.0011705130629973137,0.002872753096684999
1680566400002,-6.009e-05,8.0,0.3703703703703704,0,0.00849318816786182,0.013281632535499188,0.008889224920072492
1680595200017,-1.357e-05,8.0,3.7037037037037033,0,-0.0007854029295529807,0.017892906740542225,-0.0072114268986223085
1680624000008,-1.276e-05,8.0,4.074074074074074,0,0.005537870099431519,0.0006895541478648681,-0.0021508372902306894
1680652800000,2.76e-05,8.0,20.37037037037037,2,0.012816687269988858,0.0005008738650411626,-0.009314122511616008
1680681600016,8.517e-05,8.0,40.370370370370374,4,-0.017673074427527746,-0.020861172195859257,-0.015691473504417353
1680710400004,5.265e-05,8.0,28.14814814814815,2,0.004680738635552073,0.003356136016337885,-0.00023207323517226985
1680739200000,1.442e-05,8.0,15.185185185185185,1,-0.010907192995536996,-0.005109196198104793,-0.008592254898827978
1680768000011,3.598e-05,8.0,24.074074074074073,2,0.006623085878033619,-0.0038828691680845573,-0.0009886272051580214
1680796800000,-2.975e-05,8.0,1.8518518518518516,0,-0.0027226621585549893,-0.005847495328765828,-0.007851232316042345
1680825600006,1.004e-05,8.0,13.333333333333334,1,-0.007601143383258235,-0.0048033516403124255,0.009346194610682312
1680854400005,-1.473e-05,8.0,3.7037037037037033,0,0.004307942364190298,0.009198427852753266,0.01708073975784896
1680883200000,1.055e-05,8.0,13.703703703703704,1,-0.0015966663325363006,0.0024594389472025746,0.017846147236979748
1680912000000,2.68e-06,8.0,9.62962962962963,0,0.006418393178574844,0.0012298932180174749,0.06310105204277017
1680940800014,4.66e-06,8.0,11.851851851851853,1,-0.0022447968815139108,-0.006235546893094246,0.07273141896105084
1680969600018,3.192e-05,8.0,24.444444444444443,2,-0.0031212167745761077,-0.004374703145143766,0.07814112613786905
1680998400013,9.5e-06,8.0,14.074074074074074,1,-0.0008812624263374591,0.0132368482329972,0.08214368876390399
1681027200024,-9.04e-06,8.0,5.9259259259259265,0,-0.0003764803746159062,0.014134148921294054,0.07540005521712145
1681056000010,-8.53e-06,8.0,6.296296296296296,0,0.014512507442771216,0.02068552407871027,0.07488683400647078
1681084800000,0.0001,8.0,45.18518518518518,4,-0.000766581294709856,0.047369071800759555,0.05541287644617143
1681113600010,0.0001,8.0,44.81481481481481,4,0.006081155136631544,0.06441781778455025,0.06259347124356096
1681142400006,6.167e-05,8.0,35.18518518518518,3,0.04142521287175693,0.06093245384996537,0.06973197310945634
1681171200008,0.0001,8.0,44.44444444444444,4,0.01590017175694869,0.01932181313248904,0.024538635190265445
1681200000007,0.0001,8.0,44.074074074074076,4,0.0027868106463475595,-0.0037633569276658285,0.022387489578523878
1681228800016,0.0001,8.0,43.7037037037037,4,0.000579662139781334,-0.007379927128188135,0.0013216296787015303
1681257600006,9.582e-05,8.0,43.333333333333336,4,-0.007107506413970066,-0.010788711412728635,0.007892079781511185
1681286400008,8.195e-05,8.0,38.88888888888889,3,-0.0008535381824971155,0.002057160385159129,0.014576831772958876
1681315200014,1.747e-05,8.0,17.40740740740741,1,-0.0028564563923223485,0.015790597720173993,0.011986438506099928
1681344000027,6.665e-05,8.0,35.55555555555556,3,0.005786169415292308,0.016080129578068147,0.013225530092096927
1681372800010,4.427e-05,8.0,27.77777777777778,2,0.012840007320035207,0.024142807233525687,0.00934968141210124
1681401600000,0.0001,8.0,44.81481481481481,4,-0.001788385357594957,-0.006953005572266857,-0.003027762710192783
1681430400001,-1.13e-06,8.0,7.777777777777778,0,0.013767163667862237,0.0027600198932222764,-0.002489946347584593
1681459200008,0.0001,8.0,44.44444444444444,4,-0.017875185590690013,-0.011374232052527411,-0.031020042170103346
1681488000007,3.42e-05,8.0,24.814814814814813,2,0.007145243616419439,0.003192203745298494,-0.029106943787442274
1681516800007,-4.975e-05,8.0,0.7407407407407408,0,-0.0005222378054188237,-0.005554114018636369,-0.033574307213779186
1681545600007,8.455e-05,8.0,41.48148148148148,4,-0.0034045349983568007,-0.003105488005258006,-0.021133749589221096
1681574400011,0.0001,8.0,45.55555555555556,4,-0.0016355386725758203,-0.00023411944708251475,-0.004233934789490412
1681603200014,7.144e-05,8.0,38.88888888888889,3,0.0019387782064155257,0.00032037731860690144,0.002278972678750657
1681632000007,0.0001,8.0,45.925925925925924,4,-0.0005340277892238454,-0.01681857889271643,-0.00961579667386403
1681660800002,0.0001,8.0,45.925925925925924,4,-0.001081819171286913,-0.03196973544903736,-0.03487217712809987
1681689600017,0.0001,8.0,45.925925925925924,4,-0.0152279068231721,-0.02848794017136347,-0.050260016839185795
1681718400006,7.376e-05,8.0,39.62962962962963,3,-0.01593613475807454,-0.0012874975272670897,-0.03256966401008532
1681747200000,0.0001,8.0,46.2962962962963,4,0.0027167151266833667,0.028043181113205362,-0.029260078604078865
1681776000013,4.683e-05,8.0,30.0,2,0.012343790889657091,0.03133868276253482,-0.040096928666347176
1681804800017,-5.1e-06,8.0,7.037037037037037,0,0.013801369058210167,0.008624596718691757,-0.054097606666017706
1681833600000,6.772e-05,8.0,38.148148148148145,3,0.006502075624345238,-0.029894295680313987,-0.07041539012453735
1681862400022,0.0001,8.0,47.40740740740741,4,-0.009951953812389225,-0.05211594355726323,-0.10162526609942724
1681891200014,6.231e-05,8.0,36.666666666666664,3,-0.026022007868511943,-0.03960550928977025,-0.09252158515234432
1681920000000,-8.1e-07,8.0,8.88888888888889,0,-0.015814478091462192,-0.02664228587053119,-0.060684257297149546
1681948800010,8.579e-05,8.0,44.81481481481481,4,0.0031149723789558603,-0.018091870825989065,-0.03410477571155912
1681977600012,3.668e-05,8.0,27.77777777777778,2,-0.01333615213194761,-0.02351155303095942,-0.039557910715709244
1682006400012,5.898e-05,8.0,35.92592592592593,3,-0.007910330849938974,-0.015409689804033011,-0.03606014942516622
1682035200009,6.297e-05,8.0,38.148148148148145,3,-0.0024217618671642516,-0.034768569496422264,-0.024164509858765948
1682064000009,0.0001,8.0,49.629629629629626,4,-0.005149864243757851,-0.0323472520452166,-0.026771485865379474
1682092800003,0.0001,8.0,49.629629629629626,4,-0.02741666190992631,-0.019500256863976384,-0.026621097094583046
1682121600000,0.0001,8.0,49.629629629629626,4,0.0002311205678962036,0.019891043160848998,0.00907239943503857
1682150400000,6.858e-05,8.0,40.74074074074074,4,0.007984654206155906,0.016009653472609298,-0.0005905049734455936
1682179200016,2.09e-05,8.0,20.74074074074074,2,0.010897328608125534,-0.001502703410736439,-0.005596023839498199
1682208000009,3.768e-05,8.0,28.888888888888886,2,-0.0025482933992722057,-0.007986812221730255,0.017629295296095027
1682236800020,1.376e-05,8.0,18.51851851851852,1,-0.009742895805142093,-0.010511502029769915,0.023830401443392102
1682265600007,2.369e-05,8.0,22.59259259259259,2,0.004332695636330541,-0.005768424888403012,0.08705839482554434
1682294400000,4.679e-05,8.0,32.592592592592595,3,-0.004781338992581263,-0.0021657506665941906,0.029395439952114133
1682323200008,3.694e-05,8.0,29.259259259259256,2,-0.004996134377780681,-0.006079237961868933,0.05259798987644593
1682352000006,2.63e-05,8.0,23.703703703703706,2,0.008275851958276181,0.0016786271908284522,0.06862213295606989
1682380800014,5.066e-05,8.0,34.81481481481482,3,-0.00928753180661579,0.027739003998545897,0.07030534351145024
1682409600009,6.606e-05,8.0,42.592592592592595,4,0.0027701847401346846,0.04103542534260396,0.08103982828523737
1682438400015,8.541e-05,8.0,49.629629629629626,4,0.03450786681302587,0.09153311379436513,0.06622027076472747
1682467200015,4.346e-05,8.0,31.851851851851855,3,0.0035298570018853503,0.003858791572201259,0.0364834418581621
1682496000013,1.686e-05,8.0,19.25925925925926,1,0.051411734436733525,0.017291147538672336,0.03395141138198765
1682524800001,0.0001,8.0,54.44444444444444,5,-0.04858606310087288,-0.022630365116185436,-0.019043564542297386
1682553600014,2.518e-05,8.0,24.074074074074073,2,0.016957811586134852,0.03741429487495673,0.029370520960320112
1682582400008,5.769e-05,8.0,40.0,3,0.010151229060924694,0.020777106033571746,0.013771718606544692
1682611200005,3.265e-05,8.0,27.40740740740741,2,0.009864009740538027,-0.0005727710802051478,0.02040368356970146
1682640000011,0.0001,8.0,55.18518518518518,5,0.0006486868336950113,-0.004737791272275249,-0.0061200715932901995
1682668800007,0.0001,8.0,55.18518518518518,5,-0.010976404463873601,-0.004310461864291737,-0.029541937060468704
1682697600006,4.476e-05,8.0,34.074074074074076,3,0.0056554952333234265,0.004245053157537093,-0.032598027440133404
1682726400004,3.7e-07,8.0,10.0,0,0.0010783289995428547,-0.0030302409860567536,-0.044433297161537766
1682755200016,6.751e-05,8.0,45.925925925925924,4,-0.0024781669064160017,-0.0025633858509281904,-0.04384344257265771
1682784000001,7.826e-05,8.0,50.37037037037037,5,-0.0016300169152698718,0.01667264681258218,-0.025526679993848944
1682812800008,3.132e-05,8.0,27.40740740740741,2,0.0015471080716598085,0.0016463694302397691,-0.020013143572998215
1682841600000,3.501e-05,8.0,29.629629629629626,2,0.015207955982365684,-0.0224735996719182,-0.021308225966303218
1682870400010,6.078e-05,8.0,43.7037037037037,4,-0.016385783526153386,-0.05248492507915592,-0.04908004329208038
1682899200004,2.435e-05,8.0,24.444444444444443,2,-0.02293269181482993,-0.04310430257074416,-0.008402844460239423
1682928000008,-6.37e-05,8.0,0.3703703703703704,0,-0.014090959961948424,-0.018983800117512106,0.01597954729862061
1682956800014,5.66e-06,8.0,15.555555555555555,1,-0.006647771010184544,0.011585709775487008,0.022451303481033857
1682985600015,9.68e-06,8.0,16.666666666666664,1,0.0016962771181143754,0.02244799571466838,0.02935452191768584
1683014400018,6.135e-05,8.0,45.55555555555556,4,0.016631016042780722,0.021140819964349467,0.03613547237076653
1683043200000,1.204e-05,8.0,19.62962962962963,1,0.004838964181145489,-0.007949225941055849,0.03031365604782854
1683072000009,8.568e-05,8.0,56.666666666666664,5,0.0004156319526669172,0.013513277519899836,0.02986263189329086
1683100800003,5.435e-05,8.0,41.85185185185185,4,-0.012282233006319143,0.014198931676151272,0.022616346053136782
1683129600011,5.701e-05,8.0,44.074074074074076,4,0.02568996719828065,0.018790295215473263,0.00913711684198626
1683158400000,0.0001,8.0,61.111111111111114,6,0.0012438282345563767,-0.006608483528750986,-0.006281160309130951
1683187200000,9.992e-05,8.0,61.111111111111114,6,-0.007670495605552774,-0.0002202385458750511,-0.00520313564629693
1683216000011,4.314e-05,8.0,35.92592592592593,3,5.8981084419373886e-05,0.019626823209403677,0.0037296862206308568
1683244800002,3.731e-05,8.0,34.44444444444444,3,0.008295026800117844,0.022952696490832425,-0.013856268105257752
1683273600000,9.909e-05,8.0,61.85185185185185,6,0.011358551612570045,0.010308746084741749,-0.03811654562351574
1683302400000,8.548e-05,8.0,58.14814814814815,5,0.002879215873123897,-0.028472245856447587,-0.051121396725998025
1683331200009,0.0001,8.0,62.96296296296296,6,-0.006623459867530768,-0.02199680527434955,-0.06229715018262838
1683360000000,0.0001,8.0,62.96296296296296,6,-0.027462737415893,-0.01513670045140958,-0.05841069755557449
1683388800000,0.0001,8.0,62.96296296296296,6,0.010320040355351168,0.01381259983745764,-0.04020121626544859
1683417600000,4.321e-05,8.0,36.666666666666664,3,0.0023300162962449633,-0.016046600325924865,-0.04268229256960576
1683446400000,4.047e-05,8.0,35.92592592592593,3,0.0011242484831293087,-0.03329851045724053,-0.04725648777855429
1683475200006,6.046e-05,8.0,47.40740740740741,4,-0.0174626602558563,-0.03535393687587063,-0.02756971064938829
1683504000000,7.2e-06,8.0,16.296296296296298,1,-0.015244095820030945,-0.025709875890648548,-0.028106081428702412
1683532800007,4.07e-06,8.0,13.703703703703704,1,-0.0022381042613361934,-0.012034279462711961,-0.0201250621199065
1683561600015,3.902e-05,8.0,36.666666666666664,3,-0.009255576457941395,-0.01819582549493859,-0.028046224133297493
1683590400015,5.11e-05,8.0,42.592592592592595,4,-0.0005678283639309889,-0.00102353775154429,-0.024065795755392583
1683619200000,6.841e-05,8.0,54.44444444444444,5,-0.00865475070555033,-0.003469860337216968,-0.048411607207467955
1683648000000,3.78e-06,8.0,13.703703703703704,1,0.0077083667897863695,0.027472006073258726,-0.03986670949092663
1683676800007,3.752e-05,8.0,35.92592592592593,3,-0.0030918615975584762,-0.0019514208443606185,-0.030285037779362756
1683705600003,4.785e-05,8.0,42.22222222222222,4,0.0216883659276208,-0.004659439632474394,-0.02844691398376642
1683734400000,3.792e-05,8.0,36.666666666666664,3,-0.020279558815693655,-0.03528053567305478,-0.048356215476972775
1683763200011,1.596e-05,8.0,22.22222222222222,2,-0.005796786012260968,-0.02115572967678747,-0.028418036057605178
1683792000000,6.926e-05,8.0,57.407407407407405,5,-0.009182780007296665,-0.04049616928128419,-0.02082451659978113
1683820800005,5.207e-05,8.0,44.81481481481481,4,-0.005198195009732842,-0.030573497316109255,-0.001327198725889267
1683849600020,3.633e-05,8.0,34.44444444444444,3,-0.024922360823901757,-0.007389618956558985,-0.002464441627939684
1683878400001,3.964e-05,8.0,38.88888888888889,3,-0.0006005024457171881,0.01675705875422362,0.041157221421974644
1683907200010,2.762e-05,8.0,30.0,2,0.01859253484436496,0.019109733604609103,0.04083968739898469
1683936000000,-1e-07,8.0,10.0,0,-0.0011572000238906366,-0.000933225825718198,0.014028250612196036
1683964800000,5.385e-05,8.0,47.40740740740741,4,0.0012108618795267923,0.003042103610909841,0.01725104455523252
1683993600026,4.494e-05,8.0,42.96296296296296,4,-0.0005373535338458746,0.010851556086274972,0.008858870064930358
1684022400029,1.715e-05,8.0,23.333333333333332,2,0.0019937573739154946,0.004991860690870542,0.00897564181066035
1684051200010,3.039e-05,8.0,31.11111111111111,3,0.009382568841524774,0.020762380295860305,-0.000462048664157777
1684080000008,3.537e-05,8.0,34.44444444444444,3,-0.006331029798293031,0.010358524556274284,-0.01163211364106198
1684108800006,4.407e-05,8.0,42.592592592592595,4,0.017717230182819232,0.008908768710085946,0.01715625267021581
1684137600005,-1.576e-05,8.0,4.444444444444445,0,-0.0009053011221352714,-0.006661994144745997,-0.00012411386351862674
1684166400008,-1.9e-06,8.0,9.25925925925926,0,-0.007756837928489579,-0.012203409647270291,-0.01179784723084909
1684195200021,8.66e-05,8.0,67.03703703703704,6,0.0020105239513792394,-0.0049011124162741115,-0.01215151838745665
1684224000000,3.165e-05,8.0,32.22222222222222,3,-0.007318309734968498,-0.01477622578014215,-0.013938587918910783
1684252800000,5.8e-05,8.0,52.22222222222223,5,0.0002072523519440761,-0.008390019318879949,-0.004851925596405682
1684281600010,8.392e-05,8.0,64.07407407407408,6,-0.007378626406157496,0.013140171699230319,-0.005724541148608653
1684310400000,7.029e-05,8.0,60.74074074074074,6,-0.0008837611682055435,0.02229912145936197,0.0011037692227375828
1684339200001,4.461e-05,8.0,43.7037037037037,4,0.02261174212006556,0.010189103485883422,0.005890108576700248
1684368000000,0.0001,8.0,71.11111111111111,7,0.0004671123697195245,-0.021246314191457727,-0.011374916065746143
1684396800026,0.0001,8.0,71.11111111111111,7,-0.012569913985717829,-0.020079734801466187,-0.013026271594842043
1684425600019,8.342e-05,8.0,64.81481481481481,6,-0.008111955336180365,-0.007124766605660637,-0.005701292218956322
1684454400000,2.716e-05,8.0,29.259259259259256,2,0.0007382495283405621,0.0015473411831381512,-0.0034004220699324073
1684483200002,4.474e-05,8.0,44.44444444444444,4,0.00048433727757735134,0.00023471729605661906,0.00040237250752572784
1684512000000,3.815e-05,8.0,40.0,3,-0.0010190002640474427,0.0013871791915684994,-0.0007698286666343312
1684540800005,5.313e-05,8.0,50.0,4,-0.0008262217474962474,0.007700237817881428,-0.001224445742911029
1684569600014,2.455e-05,8.0,28.14814814814815,2,0.003140003948284953,0.006961645764347102,0.01656789746378573
1684598400020,-8.49e-06,8.0,7.777777777777778,0,0.005376623569513628,-0.0014518368892817435,0.013872282911397082
1684627200014,4.776e-05,8.0,48.148148148148145,4,-0.0015585643480252598,-0.01206594721563592,0.004738478811650015
1684656000001,7.262e-05,8.0,64.81481481481481,6,-0.0052415476806984,-0.00674705925871133,-0.013246282459125513
1684684800015,5.071e-05,8.0,50.0,4,-0.005310070168784375,-0.0007548629161506781,-0.021422488965242792
1684713600028,3.019e-05,8.0,32.22222222222222,3,0.003816893773715302,0.0032486588534366145,-0.015820856464606847
1684742400000,2.1e-06,8.0,12.962962962962962,1,0.0017971528922231528,0.017632232421831207,-0.02535775273860752
1684771200012,4.77e-05,8.0,48.888888888888886,4,-0.001324799047335512,0.016113426615063986,-0.024408306043465333
1684800000006,0.0001,8.0,75.92592592592592,7,0.01697321548344788,0.01371644482866552,-0.013541309564621185
1684828800014,0.0001,8.0,75.92592592592592,7,0.0004799958962182771,-0.022570799394692198,-0.028796089682286752
1684857600008,0.0001,8.0,75.92592592592592,7,-0.0036806445705914737,-0.03621314777513274,-0.02074711591283651
1684886400000,0.0001,8.0,75.92592592592592,7,-0.019931491241610977,-0.032780558802125936,-0.018501775200123527
1684915200025,2.067e-05,8.0,26.666666666666668,2,-0.013484081136906356,-0.020801547464190606,0.0012258255579005173
1684944000008,4.362e-05,8.0,44.81481481481481,4,0.00038379401281329883,-0.0038037406616457936,0.01374438558758495
1684972800000,5.82e-05,8.0,57.03703703703704,5,-0.006695470107879964,0.005954484483001066,0.020466402951782925
1685001600025,0.0001,8.0,75.92592592592592,7,0.0036407488227863105,0.014739098809387174,0.041694422112476426
1685030400016,0.0001,8.0,75.55555555555556,7,0.009799321790807891,0.019926686272939254,0.039494814255362165
1685059200000,0.0001,8.0,75.18518518518519,7,0.0009368035356778215,0.008756091111698616,0.06076757450987791
1685088000024,9.583e-05,8.0,74.07407407407408,7,0.008771598883271725,0.007643552403229448,0.05318041198219259
1685116800012,4.953e-05,8.0,49.25925925925926,4,-0.0022589150475905706,-0.002266394898741475,0.03289638536193129
1685145600012,7.146e-05,8.0,64.81481481481481,6,0.0011432598273490857,0.005851241280301123,0.039193195917250456
1685174400018,8.564e-05,8.0,70.37037037037037,7,-0.0011494425016660426,0.01877672360213567,0.038174969859895436
1685203200008,7.362e-05,8.0,65.18518518518519,6,0.005858781988087536,0.021500942727875838,0.036116036119784534
1685232000017,9.88e-05,8.0,74.07407407407408,7,0.014008243212020322,0.0471711472672931,0.03145985347057123
1685260800015,0.0001,8.0,74.81481481481481,7,0.001521493857060463,0.02592787237092109,-0.0029437598538777365
1685289600000,0.0001,8.0,74.44444444444444,7,0.030320708265915375,0.01276815885350735,-0.012636074451574442
1685318400000,0.0001,8.0,74.07407407407408,7,-0.00622469437391604,-0.012417339406090133,-0.03129440169220521
1685347200020,0.0001,8.0,73.70370370370371,7,-0.010657123615469444,-0.006713092321139369,-0.03998122913353097
1685376000011,0.0001,8.0,73.33333333333333,7,0.003823579464192095,0.000843649635565269,-0.026602119624449028
1685404800003,6.187e-05,8.0,56.666666666666664,5,0.00016231599678251385,-0.0016339810342774763,-0.032885220948141836
1685433600000,9.036e-05,8.0,70.37037037037037,7,-0.0027658676782938985,-0.0213372086733572,-0.02452859445600397
1685462400003,3.861e-05,8.0,38.88888888888889,3,0.0013385718523664103,-0.026554371341538374,-0.020957693893941753
1685491200013,2.344e-05,8.0,25.555555555555554,2,-0.019813284004855825,-0.016951846927568126,-0.016496618301635957
1685520000000,2.864e-05,8.0,30.0,2,-0.008412186062964233,-0.012741716778681744,0.0008143202452539633
1685548800000,9.865e-05,8.0,72.5925925925926,7,0.01085062186697594,-0.0010701983211265365,0.014432813469634986
1685577600008,2.096e-05,8.0,25.185185185185183,2,-0.015057407053496674,-0.014598003616423938,-0.005832586037075704
1685606400012,9.641e-05,8.0,72.5925925925926,7,0.0031306554226757655,0.009649433758092352,0.012951734174144969
1685635200000,0.0001,8.0,74.07407407407408,7,-0.002544444072449581,0.0076184524274518495,0.01073204846347564
1685664000000,4.77e-05,8.0,46.666666666666664,4,0.008838765258058379,0.015454786172739876,0.010382752100605241
1685692800006,9.266e-05,8.0,71.11111111111111,7,0.00014783003980323173,0.003765970263987617,-0.008965891914066382
1685721600012,9.946e-05,8.0,73.33333333333333,7,0.005901241958310655,0.007626902568536931,-0.04662609331870027
1685750400000,7.42e-05,8.0,63.70370370370371,6,-0.002453347828162755,-0.00639412959405905,-0.05515258134060019
1685779200011,0.0001,8.0,73.70370370370371,7,0.003994845360824728,-0.0004933726067747335,-0.05302282768777611
1685808000003,5.566e-05,8.0,50.74074074074074,5,-0.007994572492069585,-0.0034582026880832784,-0.04295799182206583
1685836800000,4.85e-05,8.0,45.925925925925924,4,0.0035373697050344877,0.0014082945220670329,0.006254158349966676
1685865600000,0.0001,8.0,73.33333333333333,7,0.0007698059278737901,-0.012272695462565042,-0.013285597999241228
1685894400000,0.0001,8.0,72.96296296296296,7,-0.0028891522454417284,-0.04447822278492197,-0.03209719328980587
1685923200005,0.0001,8.0,72.5925925925926,7,-0.009668615408478631,-0.04987941929217454,-0.028119494927485333
1685952000000,9.538e-05,8.0,69.25925925925925,6,-0.0318609811123749,-0.04106799917960957,-0.01431581302556273
1685980800000,7.856e-05,8.0,62.59259259259259,6,-0.009078618447660114,0.004194575939542755,0.02824887046887592
1686009600000,-7.157e-05,8.0,0.3703703703703704,0,-0.0004353504571179556,0.058181478947695764,0.029487219354437322
1686038400009,-3.047e-05,8.0,2.5925925925925926,0,0.01466568688058656,0.04191307120167642,0.02973184188118916
1686067200013,4.288e-05,8.0,37.77777777777778,3,0.041487368328281704,0.007928083963352206,0.013825290932709011
1686096000000,0.0001,8.0,72.5925925925926,7,-0.015949631196920278,-0.03289106350465787,-0.027685944341590996
1686124800016,0.0001,8.0,72.5925925925926,7,-0.01843054866239524,-0.01399736546520447,-0.04392135204624248
1686153600000,4.005e-05,8.0,37.407407407407405,3,0.0011141319847138842,0.01509591801813781,-0.02552997319238748
1686182400006,5.504e-05,8.0,49.25925925925926,4,0.004062182938831649,0.006193973985309187,-0.01822852344020154
1686211200000,3.09e-05,8.0,29.259259259259256,2,0.00994605146674954,0.0017327088519480949,-0.02663377798627453
1686240000000,4.011e-05,8.0,37.407407407407405,3,-0.007885224101440325,-0.009372366129122955,-0.03574385196006824
1686268800000,6.588e-05,8.0,55.925925925925924,5,-0.0002491976590522915,-0.0005852369265622048,-0.021355484236360134
1686297600000,7.916e-05,8.0,63.33333333333333,6,-0.0012500755332649494,-0.03215073418333447,-0.02608918967913476
1686326400000,4.404e-05,8.0,38.88888888888889,3,0.0009150964443587206,-0.030939335155963477,-0.023773600601997402
1686355200000,8.702e-05,8.0,67.77777777777779,6,-0.03182530837378872,-0.02508925366931747,-0.021708003551257016
1686384000000,2.417e-05,8.0,22.962962962962962,2,0.0,0.003960651029574214,0.017395647576198714
1686412800000,3.854e-05,8.0,34.44444444444444,3,0.006957478606631318,0.004456220173176151,0.005603443230018268
1686441600001,4.45e-05,8.0,39.62962962962963,3,-0.004265333137226102,0.0028177518365704035,0.0034834844133424525
1686470400000,3.197e-05,8.0,28.51851851851852,2,0.000493614110367524,0.0022931679143054495,0.005857294994675133
1686499200000,5.925e-05,8.0,52.22222222222223,5,0.006918842482702914,0.002925260184994505,0.008911748823874577
1686528000000,8.66e-05,8.0,68.14814814814815,6,-0.005084994251410291,-0.0009452379298903191,-0.031779285014313596
1686556800000,3.065e-05,8.0,27.037037037037038,2,0.001124571499480309,0.0110634568552328,-0.0316314817974529
1686585600001,3.624e-05,8.0,31.48148148148148,3,0.002708483481738133,-0.0017397840962808386,-0.03352087353435773
1686614400000,0.0001,8.0,74.81481481481481,7,0.006873940428424152,0.0009924734214072917,-0.013091380928290874
1686643200000,6.18e-05,8.0,55.18518518518518,5,-0.01159057872350222,-0.007425334350992907,-0.020680476663508918
1686672000000,6.503e-05,8.0,57.03703703703704,5,0.0058166832876094254,0.007760751551180167,0.0008381611675274403
1686700800000,2.438e-05,8.0,23.333333333333332,2,-0.001593327314954096,-0.03182410900982224,0.016519679328410586
1686729600000,2.716e-05,8.0,24.814814814814813,2,0.0035317802258949538,-0.03506277217699083,0.027686220260980887
1686758400000,3.661e-05,8.0,33.33333333333333,3,-0.033691814236813,-0.039556115160546246,0.016684186410069746
1686787200000,-3.265e-05,8.0,1.8518518518518516,0,-0.004933116031830109,0.018337802890534993,0.056396115669218094
1686816000000,6.193e-05,8.0,57.03703703703704,5,-0.0011412828018693144,0.022497286950532436,0.06447647155402669
1686844800000,6.687e-05,8.0,60.0,5,0.02455559386450923,0.03403305082707231,0.06422540631990836
1686873600000,3.971e-05,8.0,37.77777777777778,3,-0.0008686839438251104,0.031026103561212715,0.03001263896008366
1686902400000,7.81e-06,8.0,15.185185185185185,1,0.01012779189854962,0.041596008412411845,0.03440942754085774
1686931200000,2.36e-06,8.0,11.11111111111111,1,0.021576206852432778,0.023716380470140352,0.024705047630494414
1686960000000,9.868e-05,8.0,77.03703703703704,7,0.00937424095214956,0.0061558780665533774,0.017659248239008996
1686988800000,0.0001,8.0,78.88888888888889,7,-0.0072116649997368,-0.000518878920731769,0.008535182246820927
1687017600000,7.543e-05,8.0,67.4074074074074,6,0.004052416300560413,0.005355249204666013,0.024401605817300442
1687046400000,3.706e-05,8.0,35.18518518518518,3,0.002678133604918642,-0.007095168043453559,0.06700237637207196
1687075200000,8.233e-05,8.0,70.0,6,-0.0013768715672258791,-0.006384019261154172,0.08613347377924896
1687104000000,6.705e-05,8.0,61.85185185185185,6,-0.008381866538081928,-0.004366104861859399,0.12267662193826423
1687132800000,7.04e-05,8.0,65.18518518518519,6,0.0033962823245159424,0.018660557917250742,0.13927036914625668
1687161600000,6.397e-05,8.0,60.0,5,0.000651211746042657,0.0155420012645624,0.13959783888567068
1687190400000,3.69e-05,8.0,34.44444444444444,3,0.014551921148716396,0.02341323142700391,0.12845872982841144
1687219200001,4.35e-05,8.0,41.48148148148148,4,0.0006715039823916857,0.054626848967562536,0.11580832291880405
1687248000000,-4.48e-06,8.0,7.4074074074074066,0,0.008407026857747857,0.0763827788299507,0.11624438910180901
1687276800000,-2.597e-05,8.0,3.3333333333333335,0,0.04580694535331231,0.10180307080297113,0.15325177552748226
1687305600000,6.295e-05,8.0,58.88888888888889,5,0.020655912724084624,0.060154203476471935,0.08373015452164045
1687334400000,0.0001,8.0,80.0,7,0.03222197592097431,0.042526219537538656,0.05857659430028117
1687363200000,2.551e-05,8.0,24.074074074074073,2,0.0062747677161523185,0.0007616964019072636,0.01909945339055552
1687392000000,0.0001,8.0,80.0,7,0.003684696671101717,-0.003714707775210213,0.01818339452263995
1687420800001,0.0001,8.0,80.0,7,-0.009593424686636931,-0.006811663479923569,0.019395979392394347
1687449600000,9.236e-05,8.0,75.92592592592592,7,0.0017737035869718198,0.04589835236683815,0.025438731785170754
1687478400000,0.0001,8.0,80.37037037037037,8,0.0021186511588988655,0.02604970295372766,0.019683708476277983
1687507200000,0.0001,8.0,80.0,7,0.04183922941270768,0.02077432800726764,0.015654224336023148
1687536000000,0.0001,8.0,79.62962962962963,7,-0.017237565518457343,-0.026364466956256938,-0.025239232532418554
1687564800000,0.0001,8.0,79.25925925925927,7,-0.003033683674867449,-0.003966622955525523,-0.012640348645280852
1687593600000,0.0001,8.0,78.88888888888889,7,-0.0062723310691429335,0.004832672399125659,-0.005287473660790187
1687622400000,0.0001,8.0,78.51851851851852,7,0.005370236836993225,0.006986905314591896,0.0033255298622703044
1687651200000,0.0001,8.0,78.14814814814814,7,0.005773853580575139,-0.002246661120972604,0.005131950403154617
1687680000000,0.0001,8.0,77.77777777777779,7,-0.004141905862815709,-0.009801208055876698,-0.018085019781508005
1687708800000,0.0001,8.0,77.4074074074074,7,-0.0038485055569542626,-0.005790742006258287,-0.00579401176459049
1687737600000,0.0001,8.0,77.03703703703704,7,-0.0018414211438474437,-0.0064761567144582255,-0.012115303818076684
1687766400000,0.0001,8.0,76.66666666666667,7,-0.0001085187194790338,-0.0002729410217201522,-0.002295335339285387
1687795200000,0.0001,8.0,76.29629629629629,7,-0.004535259256335911,0.002167321138451861,0.0026902408061513228
1687824000000,0.0001,8.0,75.92592592592592,7,0.0043907322181953035,0.013961801620837822,0.005471070393778366
1687852800000,0.0001,8.0,75.55555555555556,7,0.0023321447837585385,-0.008095075194400336,0.011950186176861388
1687881600000,0.0001,8.0,75.18518518518519,7,0.0071803387360898085,-0.002165915706498711,-0.015023578945986604
1687910400000,0.0001,8.0,75.18518518518519,7,-0.017457943559817446,-0.01936730431495981,-0.007178023453206062
1687939200000,9.302e-05,8.0,71.11111111111111,7,0.008323633481567061,0.006121684225885549,0.00979933742551009
1687968000000,4.598e-05,8.0,41.48148148148148,4,-0.01018216739404254,0.0026935384676101126,0.005242369129878632
1687996800000,6.574e-05,8.0,55.55555555555556,5,0.008080673832505436,0.011210605884405256,0.015908826607744952
1688025600000,9.3e-05,8.0,70.74074074074073,7,0.0048879850492917765,0.014001456837081427,0.005379090762268612
1688054400000,0.0001,8.0,74.81481481481481,7,-0.001774468643400584,-0.015537260561532484,0.00013447913933339883
1688083200000,0.0001,8.0,74.81481481481481,7,0.010862886452278397,0.0012058921137283463,0.005914457233545445
1688112000000,0.0001,8.0,74.81481481481481,7,-0.024385249232069417,-0.010203318760259483,-0.0032017422678737306
1688140800001,0.0001,8.0,74.81481481481481,7,0.014541565891782682,0.0182594095424653,0.035685968804759716
1688169600000,0.0001,8.0,74.44444444444444,7,-0.0006563704029457496,0.003436099059421327,0.022155782951435166
1688198400000,0.0001,8.0,74.07407407407408,7,0.0037733246635534012,0.0017175359434626891,0.01557933177014581
1688227200000,0.0001,8.0,73.70370370370371,7,0.0003206229245391601,-0.0024014002715480043,0.012788928694115853
1688256000000,0.0001,8.0,73.33333333333333,7,-0.002367924435737301,0.0012624569505450545,0.005802068990328868
1688284800000,0.0001,8.0,72.96296296296296,7,-0.0003540646954880433,0.005347032577230237,0.008084477213641916
1688313600001,0.0001,8.0,72.5925925925926,7,0.0034234446936607377,0.019445428192919723,-0.005718857802436972
1688342400000,0.0001,8.0,72.22222222222221,7,0.0017018413204459293,0.017371194130770595,-0.004399962108715294
1688371200000,0.0001,8.0,71.85185185185186,7,0.01302419617817785,0.00844583577903868,0.004787060588273606
1688400000000,0.0001,8.0,71.48148148148148,7,0.002584869340166218,-0.003508726750661495,-0.022385032866146903
1688428800001,0.0001,8.0,71.11111111111111,7,-0.006992490617284686,-0.012238463835210989,-0.04167883985013343
1688457600000,0.0001,8.0,70.74074074074073,7,0.0010153597413096183,-0.005675020210185955,-0.0301535974130962
1688486400000,0.0001,8.0,70.37037037037037,7,-0.006580222506493039,-0.020189686139215124,-0.01881678748174853
1688515200000,0.0001,8.0,70.0,6,-0.00010405590403450571,-0.008893528047943744,-0.014171113430690663
1688544000000,0.0001,8.0,69.62962962962963,6,-0.013596969056407393,0.002058570058049769,-0.018533634693247092
1688572800000,0.0001,8.0,69.25925925925925,6,0.004872838049018391,0.001272608583843704,-0.004381597948001081
1688601600000,0.0001,8.0,68.88888888888889,6,0.010945169164545021,-0.019364025302501364,-0.006584818499173251
1688630400000,7.72e-05,8.0,57.03703703703704,5,-0.014370651157960324,-0.026622053172707383,-0.018265136566621654
1688659200000,1.492e-05,8.0,11.481481481481481,1,-0.01583799802436614,0.0001284162001975453,-0.0012644056634837364
1688688000000,6.98e-06,8.0,8.88888888888889,0,0.0034628124059017384,0.014316303656863871,0.008665395295928358
1688716800000,4.221e-05,8.0,30.74074074074074,3,0.012716512461448781,0.006238226223222343,0.003097441026923553
1688745600000,-6.58e-06,8.0,3.7037037037037033,0,-0.0018766111694580312,-0.005774694721454976,-0.0023079025084036253
1688774400000,3.757e-05,8.0,26.296296296296294,2,-0.004528827155810933,-0.0012666202679034733,0.002807015229129517
1688803200000,2.631e-05,8.0,17.037037037037038,1,0.0006262508449417226,0.0023327015599943213,0.0115574759108803
1688832000000,1.686e-05,8.0,11.11111111111111,1,0.0026491382022286736,0.004407503683957703,0.012977465768167384
1688860800000,5.707e-05,8.0,42.96296296296296,4,-0.0009412619515497544,-0.004309988936043729,0.011242300642370084
1688889600000,6.821e-05,8.0,52.59259259259259,5,0.002697520661157027,-0.00544132231404959,0.016271074380165285
1688918400000,6.153e-05,8.0,46.2962962962963,4,-0.006053093143783994,-0.0009165358899628773,0.006082765168998749
1688947200000,-2.182e-05,8.0,2.2222222222222223,0,-0.0020764229799654643,0.008425102826058017,0.007287382247578744
1688976000000,4.85e-05,8.0,38.88888888888889,3,0.007259335092769215,0.014724750211065896,0.008871412711813687
1689004800000,2.995e-05,8.0,18.88888888888889,1,0.003240517690850764,0.009457559777981794,0.019172513018169246
1689033600000,8.01e-05,8.0,60.0,5,0.0041576212091309905,0.007134399052693974,0.034142490625616695
1689062400000,8.265e-05,8.0,61.111111111111114,6,0.0020308958215955464,0.007003314946082861,0.01920506806776645
1689091200000,3.954e-05,8.0,29.259259259259256,2,0.0009316648360269131,-0.002428866572519617,0.020967362309744164
1689120000000,7.041e-05,8.0,55.925925925925924,5,0.004026924546603583,-0.008204083099001003,-0.01115650790851408
1689148800000,6.479e-05,8.0,50.37037037037037,5,-0.007354711113713441,-0.012682891920552275,-0.013762840655515918
1689177600000,4.65e-05,8.0,36.666666666666664,3,-0.004863006740704057,0.01208214680119668,-0.007602544230750352
1689206400000,-1.135e-05,8.0,2.9629629629629632,0,-0.0005071177599884624,0.03531054376854348,-0.003105273036812073
1689235200000,6.12e-05,8.0,47.03703703703704,4,0.017543975250639887,0.025118360058381084,-0.00316615215321403
1689264000000,5.29e-06,8.0,7.777777777777778,0,0.01797648033984367,0.011235300212402155,-0.01675905299694347
1689292800000,0.0001,8.0,71.11111111111111,7,-0.010346692111959266,-0.03698155216284993,-0.039246183206106955
1689321600000,0.0001,8.0,70.74074074074073,7,0.003763494425464531,-0.02556990747138821,-0.027289351978325382
1689350400000,0.0001,8.0,70.37037037037037,7,-0.030561799191849315,-0.030344072387758603,-0.034064639245896755
1689379200000,-7.313e-05,8.0,0.0,0,0.0013805722438922086,-0.00012880937203774145,-0.004769249569809619
1689408000000,3.007e-05,8.0,19.25925925925926,1,-0.0011543878281347064,-0.002074599839704927,-0.011913282386350477
1689436800000,2.984e-05,8.0,18.88888888888889,1,-0.00035332071945337606,0.002744014185661836,-0.012679921146740325
1689465600001,1.993e-05,8.0,12.592592592592592,1,-0.0005747601037211503,-0.0017110674352155408,-0.014577105389201761
1689494400000,7.772e-05,8.0,60.370370370370374,6,0.003668669561941007,0.00031068012506518805,-0.0088510784566469
1689523200000,4.583e-05,8.0,37.407407407407405,3,-0.005305065992254887,-0.006563002186569689,-0.013754972470296889
1689552000000,2.785e-05,8.0,18.88888888888889,1,0.0019698008018247393,-0.0024233515746818757,-0.010173441788248083
1689580800000,6.278e-05,8.0,51.11111111111111,5,-0.003228087333474239,-0.010166657855783412,-0.002111307887502578
1689609600000,6.261e-05,8.0,50.74074074074074,5,-0.0011601735619648501,-0.008876985139834148,-0.013056924744513254
1689638400000,3.983e-05,8.0,31.11111111111111,3,-0.005807605640346547,-0.009527791881962955,-0.011366313896106872
1689667200000,6.798e-05,8.0,55.925925925925924,5,-0.001929374221824709,0.0010180953938694337,-0.006986471014323481
1689696000000,7.477e-05,8.0,60.0,5,-0.001816047437968371,0.0016521683873966797,-0.0016254126240380362
1689724800000,0.0001,8.0,72.22222222222221,7,0.004777891696654102,0.00177579424910701,0.001501048723773435
1689753600000,5.224e-05,8.0,42.96296296296296,4,-0.0012971682383855487,0.007112750263435164,-0.0016072881514185289
1689782400001,7.69e-05,8.0,60.370370370370374,6,-0.002016304021257964,-0.006225839403387612,-0.0023968647140119037
1689811200000,2.652e-05,8.0,17.037037037037038,1,0.010130841371560173,-0.0036255635677685527,-0.0033947850749862507
1689840000000,9.641e-05,8.0,69.25925925925925,6,-0.014161454487661262,-0.015002466748560539,-0.009671641000341125
1689868800000,5.563e-05,8.0,44.81481481481481,4,0.0005508161483174234,0.002602942164304345,0.003909451199032743
1689897600001,2.877e-05,8.0,19.25925925925926,1,-0.00168802142411284,0.0030236725708263634,0.009604606989684017
1689926400000,7.77e-06,8.0,8.518518518518519,0,0.0034589863052378877,0.006440639223358469,0.0019967326193501833
1689955200000,3.717e-05,8.0,27.037037037037038,2,0.00130981692712262,0.0010887225097566677,-0.025342110111719718
1689984000000,2.195e-05,8.0,13.333333333333334,1,0.0016593845556798215,-0.0031213826420345425,-0.02447926772965403
1690012800000,9.44e-06,8.0,9.25925925925926,0,-0.0018770749694391187,-0.0010220372609401895,-0.026646448587517746
1690041600000,1.77e-06,8.0,5.555555555555555,0,-0.0029012180431000623,0.00021416142417352013,-0.023701646365948292
1690070400000,2.908e-05,8.0,20.0,1,0.0037687978440998915,0.009286076255231146,-0.019595735184060215
1690099200000,0.0001,8.0,72.96296296296296,7,-0.0006419343622113827,-0.0033969026667022284,-0.023400513547489732
1690128000000,9.372e-05,8.0,68.88888888888889,6,0.006142440382196135,-0.026610550544656553,-0.019270401199047216
1690156800000,0.0001,8.0,72.5925925925926,7,-0.008844849371550167,-0.03042827691693817,-0.024605971935891424
1690185600000,4.338e-05,8.0,34.074074074074076,3,-0.023919753086419804,-0.022329575952764302,-0.013925791733762738
1690214400000,0.0001,8.0,72.22222222222221,7,0.0021962536518302933,0.0027736724523115264,0.006623131122186043
1690243200000,7.702e-05,8.0,60.0,5,-0.0005658649674713523,0.0018690691349811939,0.0016495821172952674
1690272000000,6.913e-05,8.0,55.55555555555556,5,0.0011426649829799906,0.0023093499505875137,-0.0003980454595367
1690300800000,9.465e-05,8.0,68.14814814814815,6,0.0012921712246836137,0.004753956203278786,0.006673361735965333
1690329600000,9.451e-05,8.0,68.14814814814815,6,-0.00012665420663127147,0.0041282425188440275,0.00287196971252901
1690358400001,0.0001,8.0,72.22222222222221,7,0.003354280472611215,0.006089045878342247,0.0021768595720210726
1690387200000,5.768e-05,8.0,45.18518518518518,4,0.0006686133777256131,-0.0009108151625140115,-0.0010097426520755404
1690416000000,3.136e-05,8.0,22.22222222222222,2,0.0020079089111610937,-0.004329447058021407,0.00022158587304832444
1690444800000,3.83e-05,8.0,28.14814814814815,2,-0.003579095631938367,-0.008917119440409182,-0.003888694208465382
1690473600001,2.876e-05,8.0,18.51851851851852,1,-0.002816997592747561,0.002793095794990874,0.001939460160824913
1690502400000,4.373e-05,8.0,35.18518518518518,3,-0.0026089636046153775,0.003091724586571587,0.002136474132913291
1690531200000,6.675e-05,8.0,52.96296296296297,5,0.008224971507819978,0.0050873989042525825,0.00786796105839871
1690560000000,0.0001,8.0,72.5925925925926,7,-0.0024889003895078865,-0.0029144989513252284,-0.004947157682564818
1690588800000,0.0001,8.0,72.22222222222221,7,-0.0006246309386871429,0.0014745386093599766,-0.002812545866001215
1690617600000,4.567e-05,8.0,37.03703703703704,3,0.00019809419720617782,-1.3661668772924074e-05,-0.012227193551692328
1690646400001,7.53e-05,8.0,58.51851851851851,5,0.0018267428321683266,0.0019189335919227446,-0.012172594760150424
1690675200000,8.151e-05,8.0,61.48148148148148,6,-0.002109711831768446,-0.0024232715870553534,0.013520560317649588
1690704000000,5.56e-05,8.0,43.333333333333336,4,0.00204927831248769,0.0027801875772748286,0.009689670954212248
1690732800000,4.357e-05,8.0,32.96296296296296,3,-0.002358667421076599,-0.003868623588037634,-0.0015883511824013041
1690761600000,2.369e-05,8.0,12.962962962962962,1,0.0030953828913471426,-0.001862012887179132,-0.003741108461396525
1690790400000,7.362e-05,8.0,56.666666666666664,5,-0.004594686648501378,-0.014952316076294325,-0.011141008174386902
1690819200001,8.239e-05,8.0,61.85185185185185,6,-0.0001711045483010487,-0.009968550984022384,0.0005851775551897198
1690848000000,6.3e-05,8.0,49.25925925925926,4,-0.010059935170067424,0.01787786369284161,-0.0013349352556401017
1690876800000,6.768e-05,8.0,52.59259259259259,5,0.0002005463158258891,0.022174198679160373,0.009733411707755657
1690905600000,0.0001,8.0,71.85185185185186,7,0.0280155426801445,0.01262497061548462,0.011580956068421022
1690934400000,0.0001,8.0,71.48148148148148,7,-0.005881522133892925,-0.019413394670648176,-0.02142770671078653
1690963200000,0.0001,8.0,71.48148148148148,7,-0.009143402238662057,-0.017907943563254425,-0.017755722660280027
1690992000000,0.0001,8.0,71.11111111111111,7,-0.004509763758022589,-0.0017684009285811042,-0.008859074149938584
1691020800000,0.0001,8.0,70.74074074074073,7,-0.004355296142990905,0.0005486987266760668,-0.0035082424836848647
1691049600000,0.0001,8.0,70.37037037037037,7,0.007140175456120446,0.00584164861243619,0.0017704052988161134
1691078400001,0.0001,8.0,70.0,6,-0.0016792639967166956,0.0006771777420568892,-0.008061151202161554
1691107200000,8.116e-05,8.0,60.0,5,0.0009117113782264319,-0.0026014621656915704,-0.003496036111996559
1691136000000,0.0001,8.0,70.0,6,0.002030648060953766,-0.00565362554575799,-0.004153753959421302
1691164800000,0.0001,8.0,70.0,6,-0.005529393270407135,-0.007836154987047927,-0.015839763787600214
1691193600000,4.181e-05,8.0,29.629629629629626,2,-0.0021512027491408237,-0.001457044673539576,0.003601374570446625
1691222400000,0.0001,8.0,70.0,6,-0.00016874789065146611,0.0016151583819488113,0.004759379283268972
1691251200001,0.0001,8.0,69.62962962962963,6,0.0007612053911252303,-0.0010195330125478685,0.017204619586744796
1691280000000,0.0001,8.0,69.25925925925925,6,0.0009188645999669287,0.0005609547932383663,0.0244961731182205
1691308800001,0.0001,8.0,68.88888888888889,6,-0.0028364356490108156,-0.0005432204030832999,0.024909062154040873
1691337600005,0.0001,8.0,68.51851851851852,6,0.002606599938627774,-0.004578789310181963,0.02556950415987158
1691366400000,0.0001,8.0,68.14814814814815,6,0.000251084305854965,0.004502319950195899,0.017087490842301767
1691395200000,7.669e-05,8.0,55.18518518518518,5,-0.009727934198038635,0.0032460833803280575,0.014572988734990355
1691424000000,0.0001,8.0,67.77777777777779,6,0.0141154165350037,0.025414694617390765,0.022633280436692438
1691452800000,0.0001,8.0,67.4074074074074,6,-0.0009998356434558486,0.01933243850325983,0.008046622473018239
1691481600000,9.136e-05,8.0,61.48148148148148,6,0.012153991691687738,0.021754479770767388,0.0076947860540999
1691510400000,5.944e-05,8.0,41.48148148148148,4,0.008100182186371985,0.00728745487670257,-0.005008432045837896
1691539200000,8.11e-05,8.0,56.666666666666664,5,0.0013738939985352694,-0.006674639058899423,-0.011888046114466588
1691568000000,9.527e-05,8.0,64.07407407407408,6,-0.002177099861457199,-0.010241426621000138,-0.013424890054779759
1691596800000,8.877e-05,8.0,60.370370370370374,6,-0.0058731770290532115,-0.009927585441782738,-0.010647024413859008
1691625600001,0.0001,8.0,67.03703703703704,6,-0.002046165553394763,-0.004318931258983749,-0.0049649107973280815
1691654400000,0.0001,8.0,66.66666666666666,6,-0.0018607015760041534,-0.0035553296051517025,-0.0040535502457209605
1691683200000,8.277e-05,8.0,57.03703703703704,5,-0.0003497441434833215,-0.00230219931341491,-0.0033038937049449935
1691712000000,0.0001,8.0,66.2962962962963,6,-0.0013485145958872513,-0.0008254132161223948,-0.0052887587551546655
1691740800000,0.0001,8.0,65.92592592592592,6,-0.000605440117550593,0.00034013489750028825,0.0004829915544504182
1691769600000,7.123e-05,8.0,47.77777777777778,4,0.0011299319658433227,0.001579182024552317,0.007946961265796082
1691798400000,0.0001,8.0,65.55555555555556,6,-0.00018357668576096664,0.0001767775492511614,-0.0001733779809963698
1691827200000,0.0001,8.0,65.18518518518519,6,0.0006324357958660265,-0.0008398475353703638,-0.000533830214790032
1691856000000,9.305e-05,8.0,60.370370370370374,6,-0.00027184347252851015,-0.002579114945614358,-0.00399949708957581
1691884800000,0.0001,8.0,64.81481481481481,6,-0.0011998354899781516,-0.004642989459802238,-0.00802496201653946
1691913600000,4.637e-05,8.0,29.629629629629626,2,-0.001109394461195068,0.0009834815928997376,-0.006663172868159095
1691942400000,0.0001,8.0,64.44444444444444,6,-0.002340492218800283,0.008959962933689392,-0.008813469243138639
1691971200001,0.0001,8.0,64.07407407407408,6,0.004572494006925387,0.004302720275374039,-0.019925692703815723
1692000000000,0.0001,8.0,63.70370370370371,6,0.006850409494701504,-0.000676541682106957,-0.027343842960736775
1692028800000,0.0001,8.0,63.33333333333333,6,-0.00693548713862191,-0.010291803699376656,-0.05608830421599276
1692057600001,0.0001,8.0,62.96296296296296,6,-0.0006460431556828405,-0.007460098334568621,-0.09556338363402672
1692086400000,0.0001,8.0,62.59259259259259,6,-0.002837275127235195,-0.006967313501891614,-0.10166902539259182
1692115200000,0.0001,8.0,62.22222222222222,6,-0.004312374193988666,-0.0073999522363618064,-0.11343864078332366
1692144000000,0.0001,8.0,61.85185185185185,6,0.00017132323211566103,-0.016238015939913475,-0.10774860714212287
1692172800001,0.0001,8.0,61.85185185185185,6,-0.0030798746124462983,-0.0197159937648812,-0.11214649103273433
1692201600000,0.0001,8.0,61.85185185185185,6,-0.01317792954585284,-0.03916257935457701,-0.10041554816956011
1692230400000,0.0001,8.0,61.48148148148148,6,-0.0035074031632805758,-0.07393410818962964,-0.09186818851508327
1692259200000,0.0001,8.0,61.111111111111114,6,-0.022904578818594867,-0.07703949667948262,-0.08864033554701156
1692288000000,0.0001,8.0,60.74074074074074,6,-0.04888981101567891,-0.07042465131087083,-0.06679019985905776
1692316800000,0.0001,8.0,60.370370370370374,6,-0.006848954415525799,-0.020610801865503237,-0.015646156160673996
1692345600000,-4.6e-07,8.0,3.7037037037037033,0,-0.015901749230285755,-0.01883291234156015,-0.015170851968688948
1692374400000,5.166e-05,8.0,30.37037037037037,3,0.002078042022627624,0.007180789655968578,-0.0017470945893943712
1692403200000,-2.74e-06,8.0,3.3333333333333335,0,-0.005046082949308861,0.0012711213517664355,0.00301843317972339
1692432000000,-3.22e-06,8.0,3.3333333333333335,0,0.010189666751580617,0.006383980608755557,0.007275576449518706
1692460800000,-5.286e-05,8.0,0.7407407407407408,0,-0.003801685732407134,-0.0032476712286895193,-0.009892024483620143
1692489600000,-3.069e-05,8.0,1.4814814814814816,0,3.4518334989019905e-05,0.003793181478228602,-0.0012733430240361443
1692518400000,-4.364e-05,8.0,1.1111111111111112,0,0.0005215923908874487,-0.00263480862161547,-0.0009281276367262281
1692547200000,-1.93e-06,8.0,5.185185185185185,0,0.003235253530412985,-0.005634861006761804,0.0020737821800396183
1692576000000,-2.797e-05,8.0,2.5925925925925926,0,-0.006369402414794445,-0.0020403484640073577,0.009544551429008008
1692604800000,8.16e-06,8.0,8.518518518518519,0,-0.0024879543785305547,0.003530049643726496,0.017719464878313218
1692633600000,-1.619e-05,8.0,3.7037037037037033,0,0.00686183048965705,-0.0010369844953469487,0.0017270225052621324
1692662400000,-3.08e-06,8.0,5.555555555555555,0,-0.0008231681636841071,-0.003013178347997081,0.0018913724319067349
1692691200000,-1.928e-05,8.0,3.7037037037037033,0,-0.007027600767901321,-0.0018124619210563298,-0.004667185242804739
1692720000000,3.048e-05,8.0,18.14814814814815,1,0.004870010843684991,0.00879843480475584,0.0005209599555446864
1692748800000,7.39e-06,8.0,8.88888888888889,0,0.0003801857918039886,0.014665954938382963,0.0005414767337814652
1692777600000,-1.02e-05,8.0,4.814814814814815,0,0.003527858179333432,0.015980928836305752,-0.0005105605417315973
1692806400000,3.247e-05,8.0,20.74074074074074,2,0.010714681906685453,-0.005978953166779433,-0.003775576951766779
1692835200000,-2.822e-05,8.0,2.5925925925925926,0,0.0016766458000589957,-0.0096057043804737,-0.015998153040292507
1692864000000,2.506e-05,8.0,14.814814814814813,1,-0.018162857391153087,-0.01854447765254419,-0.01653435904798961
1692892800000,4.9e-05,8.0,33.33333333333333,3,0.007027022866686661,-0.002239719226950543,0.005091320510748343
1692921600000,-6.59e-06,8.0,5.555555555555555,0,-0.007363955976765535,-0.004356465912565,-0.0030648119841028
1692950400000,2.802e-05,8.0,17.40740740740741,1,-0.001851759171212608,0.0023560844340584364,-0.0021674436868871494
1692979200000,5.218e-05,8.0,34.81481481481482,3,0.004890616803974179,0.004466351939276025,0.006537535869665767
1693008000000,3.82e-05,8.0,24.814814814814813,2,-0.0006716818914561662,-0.0021071620480540565,0.0021532202348966134
1693036800000,5.334e-05,8.0,35.92592592592593,3,0.0002496495304669111,-0.0003072609605745402,-0.0019280625276054675
1693065600000,2.096e-05,8.0,12.962962962962962,1,-0.0016856736935069172,0.002868333141343271,0.052874092846446175
1693094400000,9.9e-07,8.0,8.518518518518519,0,0.0011308083741361497,0.003411656557342324,0.0652445661580594
1693123200000,3.976e-05,8.0,27.77777777777778,2,0.0034270126976199133,-0.00420692702230252,0.05337226501719261
1693152000000,1.232e-05,8.0,12.222222222222221,1,-0.0011448174992438886,-0.0008040524242181046,0.041037304203662694
1693180800000,-3.95e-06,8.0,6.666666666666667,0,-0.006470457455208911,0.0008548056946158233,0.04574168768543152
1693209600001,4.424e-05,8.0,32.96296296296296,3,0.006602416515296916,0.0020593986093273564,0.051195723855471886
1693238400001,4.524e-05,8.0,33.7037037037037,3,0.00012260019692655888,0.04996724275988362,0.03006003578393246
1693267200000,8.24e-06,8.0,12.222222222222221,1,-0.00474146020122479,0.06071596815025604,-0.00727687753015116
1693296000000,3.769e-05,8.0,26.296296296296294,2,0.055171378764964585,0.05508287058950301,0.00018471271400688494
1693324800000,-0.00010934,8.0,0.0,0,0.010043763676148787,-0.008406272793581304,-0.05893143690736691
1693353600000,4.868e-05,8.0,37.03703703703704,3,-0.01002693588104886,-0.014959162893476985,-0.06839041862547579
1693382400000,5.731e-05,8.0,40.74074074074074,4,-0.008323090558289059,-0.005846588152908505,-0.05962936351335091
1693411200000,3.944e-05,8.0,27.40740740740741,2,0.0033689475716729422,-0.010404751834347858,-0.0480001471156144
1693440000000,2.909e-05,8.0,20.37037037037037,2,-0.0008687332988771557,-0.04988801771189577,-0.05198837290285219
1693468800000,6.859e-05,8.0,49.629629629629626,4,-0.012869899550214003,-0.04645710889519916,-0.04819608620044469
1693497600000,8.105e-05,8.0,56.2962962962963,5,-0.03666386685794565,-0.0409750767469691,-0.039090780700645866
1693526400000,2.583e-05,8.0,17.40740740740741,1,0.0027391869630133403,-0.0045833156507884,0.0017283883935634847
1693555200000,5.968e-05,8.0,42.96296296296296,4,-0.007194770517600202,-0.008014281811850932,-0.0014158692783298177
1693584000001,6.254e-05,8.0,44.81481481481481,4,0.0004033305798265552,0.003979011297134516,0.0009501537697835793
1693612800000,4.998e-05,8.0,38.148148148148145,3,-0.0007170181347451177,0.0023836008263149466,0.0004922232600683696
1693641600000,1.937e-05,8.0,14.444444444444443,1,0.003940611570504515,0.006240594504863806,-0.0023853111376576086
1693670400000,-2.018e-05,8.0,4.444444444444445,0,-0.0008344794548068579,-0.0011435459195501263,-0.005315943193583861
1693699200000,4.839e-05,8.0,37.407407407407405,3,0.0031280449139305944,0.003947755076789905,-0.0034799016347804024
1693728000000,2.35e-06,8.0,10.37037037037037,1,-0.0034266507861253626,0.0004085770341162309,-0.008792115234141695
1693756800000,2.89e-05,8.0,21.48148148148148,2,0.004258396893420224,-0.0014272011386666783,-0.011220353667404037
1693785600000,2.69e-05,8.0,19.62962962962963,1,-0.00040824343633139026,-0.005811691937962493,-0.008376693151138648
1693814400000,1.469e-05,8.0,14.074074074074074,1,-0.005255391206851923,-0.008977317824021447,-0.008056468484990864
1693843200000,-1.059e-05,8.0,5.185185185185185,0,-0.00015105798690062677,-0.0027539032996487522,-0.002037346182300004
1693872000000,5.3e-07,8.0,9.25925925925926,0,-0.0035910746106764257,-0.0015960331603006583,0.016192763616642125
1693900800000,1.975e-05,8.0,15.925925925925927,1,0.0009913962358045758,-0.00022160621741518227,0.020197268411783265
1693929600000,3.366e-05,8.0,27.037037037037038,2,0.0010098342318267672,-0.007072723600602737,0.003060574517998349
1693958400000,1.737e-05,8.0,15.555555555555555,1,-0.002219394089893245,-0.0009855351378196264,0.004939315867891647
1693987200000,-2.763e-05,8.0,2.9629629629629632,0,-0.005868033411625562,0.0011510522795501466,0.0062335702841855856
1694016000001,2.135e-05,8.0,17.77777777777778,1,0.0071426615606675625,0.007846757442880214,0.012290384788399722
1694044800000,3.83e-05,8.0,31.11111111111111,3,-8.544552071276801e-05,0.01882131788064023,0.0056782432400941385
1694073600000,3.883e-05,8.0,32.22222222222222,3,0.0007807280580456322,0.019250190326740357,0.0038764507558690653
1694102400000,6.924e-05,8.0,54.074074074074076,5,0.018113509254695348,0.0023403569917679334,6.598021369819129e-05
1694131200000,-1.525e-05,8.0,5.185185185185185,0,0.0003354681305276497,-0.01265248551387621,-0.015107502287282637
1694160000000,5.12e-06,8.0,11.851851851851853,1,-0.015822688332672863,-0.013905826041888836,-0.016596292795951317
1694188800000,-1.691e-05,8.0,4.814814814814815,0,0.0028847345269809033,0.0022613220990026495,-0.02783672015364591
1694217600000,-5.057e-05,8.0,1.1111111111111112,0,-0.0009343593267978623,-0.00025096428199122833,-0.028629233091764128
1694246400000,-3.77e-06,8.0,8.88888888888889,0,0.000313032590170792,-0.0011941613625033876,-0.002368999725613552
1694275200000,1.423e-05,8.0,16.666666666666664,1,0.00037088548910513275,-0.004520166898470124,0.012111729253593051
1694304000000,-7.3e-07,8.0,10.74074074074074,1,-0.0018769116692927135,-0.002236073778848713,-0.00207000957765624
1694332800000,3.294e-05,8.0,29.629629629629626,2,-0.003017991874637249,-0.001536080479783375,0.0003675759334493822
1694361600000,2.609e-05,8.0,22.962962962962962,2,0.0026662009547095966,-0.02562580044242635,0.01786393448985124
1694390400000,-3e-06,8.0,10.0,0,-0.00117666639572378,-0.02620792159686025,0.014147091040691784
1694419200000,1.823e-05,8.0,19.25925925925926,1,-0.0270719580861295,0.00036039108245211615,0.019945515068609865
1694448000001,1.838e-05,8.0,19.62962962962963,1,0.0015201922923862021,0.04193661355279277,0.06227217013419084
1694476800000,2.73e-05,8.0,25.925925925925924,2,0.02607458284642239,0.027084177974927126,0.053580087922221464
1694505600000,5.425e-05,8.0,45.18518518518518,4,0.01483269157763445,0.0015456369651283275,0.028495502545071494
1694534400000,-3.502e-05,8.0,1.8518518518518516,0,-0.013646340299646953,0.0011375131214810263,0.004282851417120037
1694563200000,2.342e-05,8.0,22.59259259259259,2,0.0005611455108358587,0.013978328173374743,0.02981424148606826
1694592000000,1.26e-05,8.0,17.40740740740741,1,0.014419153338877111,0.018004602680384396,0.024208551702798342
1694620800000,3.099e-05,8.0,30.37037037037037,3,-0.0009951462788773124,0.017165320105386295,0.010184044869277598
1694649600000,4.61e-06,8.0,13.703703703703704,1,0.004534143474344665,0.011655954689098191,0.013178785704471618
1694678400001,3.428e-05,8.0,32.592592592592595,3,0.014083008832747712,0.008392060024693837,0.006059454839016043
1694707200000,-4.748e-05,8.0,1.4814814814814816,0,-0.006406147502577175,-0.013786899072251835,-0.005199137850248392
1694736000000,-2.641e-05,8.0,4.074074074074074,0,0.001644873352297349,0.003916005824964541,0.0004112183380744483
1694764800000,-7.61e-06,8.0,8.148148148148149,0,-0.009058312178439332,-0.0026289820792310126,0.005751369104564308
1694793600000,7.561e-05,8.0,58.51851851851851,5,0.011429244727229948,0.007020224479944659,0.036488443425808814
1694822400000,-1.381e-05,8.0,7.037037037037037,0,-0.00488530799987974,-0.002401316778402496,0.005287406427562091
1694851200000,-4.32e-05,8.0,2.2222222222222223,0,0.0005286929200465362,6.419842600546843e-05,0.013810214347215188
1694880000000,-3.161e-05,8.0,2.9629629629629632,0,0.001966453288241965,0.0016758258348932298,0.032859774140950426
1694908800000,8.97e-06,8.0,18.51851851851852,1,-0.002425931855423502,-0.001092422729926712,0.02392782476032629
1694937600000,1.142e-05,8.0,19.25925925925926,1,0.0021410688729368577,0.008337707357044977,0.022671918012544312
1694966400000,6.49e-06,8.0,16.666666666666664,1,-0.0008025984596138347,0.027540808175200215,0.024047809245331342
1694995200000,-5.08e-06,8.0,10.37037037037037,1,0.006991609314603631,0.008809276892618012,0.02209861412274905
1695024000000,5.79e-06,8.0,17.037037037037038,1,0.021226158956517693,0.005362713413149756,0.01016743499769679
1695052800000,-6.774e-05,8.0,0.7407407407407408,0,-0.019017444269647354,0.0034947212473916967,-0.025548502550449825
1695081600000,2.468e-05,8.0,26.666666666666668,2,0.0035512558362085223,0.016096534348120306,-0.007334277842780179
1695110400001,-1.972e-05,8.0,6.296296296296296,0,0.01972797223111944,0.008707570148453136,-0.007202925862749732
1695139200000,-1.756e-05,8.0,7.037037037037037,0,-0.006698337292161516,-0.006870089530422119,-0.02733053170107802
1695168000000,-2.614e-05,8.0,5.555555555555555,0,-0.0036495141952122,-0.002876935585338747,-0.022522505950694827
1695196800000,-3.777e-05,8.0,2.9629629629629632,0,0.003489338133481068,-0.003991507430997854,-0.018465798947659873
1695225600000,-9.91e-06,8.0,10.74074074074074,1,-0.0027044927696213694,-0.02222467527688854,-0.022725098428818424
1695254400001,-2.9e-07,8.0,15.925925925925927,1,-0.004628758097558361,-0.019430448664710442,-0.019622390786778077
1695283200000,4.303e-05,8.0,42.96296296296296,4,-0.014880775846728755,-0.011785248235363976,-0.015644462898155242
1695312000000,7.429e-05,8.0,60.0,5,-0.0006811425130771598,0.0016595792721936231,-0.0003311632107778628
1695340800000,-6.2e-07,8.0,15.555555555555555,1,0.0038260358728521293,0.0005498043675553621,-0.01286015010412389
1695369600000,1.034e-05,8.0,22.59259259259259,2,-0.0014780635117138674,-0.0027798098024871543,-0.017702999268471187
1695398400000,2.136e-05,8.0,28.51851851851852,2,-0.0017883240473228756,-0.0021677793598851025,-0.013859511366752897
1695427200000,6.676e-05,8.0,57.77777777777777,5,0.00048551911025795924,-0.00030862455070668204,-0.010470652439827699
1695456000000,1.556e-05,8.0,25.185185185185183,2,-0.0008652341398820429,-0.0011285662694113796,-0.012380371975442506
1695484800000,2.09e-06,8.0,17.77777777777778,1,7.153776064217077e-05,0.00018072697425397521,-0.01726695633184494
1695513600000,-1.392e-05,8.0,9.25925925925926,0,-0.000335073960988308,-0.0130980034862751,-0.013534729098349851
1695542400000,4.721e-05,8.0,49.25925925925926,4,0.0004444042723068531,-0.013851855199530139,-0.01210813335141081
1695571200000,2.887e-05,8.0,35.55555555555556,3,-0.013205743067737807,-0.011895709262842447,-0.010687316011775305
1695600000000,-1.26e-05,8.0,10.0,0,-0.001098674723614801,0.0029717625336658227,0.005375113491572936
1695628800000,8.565e-05,8.0,70.0,6,0.002428908595128565,0.0026236795673793,0.009807291308632005
1695657600000,4.792e-05,8.0,50.37037037037037,5,0.0016420173573805652,-0.005615623166540962,0.0316897920619319
1695686400000,-3.91e-05,8.0,2.9629629629629632,0,-0.0014453450380924604,-0.0034041679186651574,0.027712589335635807
1695715200000,-1.215e-05,8.0,10.74074074074074,1,-0.005808793561190351,-0.000853226070627211,0.03405286192592927
1695744000000,5.626e-05,8.0,55.925925925925924,5,0.003869613191932908,0.0068771838411083586,0.029815178078832938
1695772800000,9.944e-05,8.0,74.81481481481481,7,0.0011106107214009509,0.005820210825210559,0.025914250166019226
1695801600001,3.378e-05,8.0,41.48148148148148,4,0.0015706606686745062,0.008489954633830177,0.026049330944302618
1695830400000,2.074e-05,8.0,30.0,2,0.0028157973843525586,0.030429637409009835,0.026700608440543006
1695859200000,6.74e-06,8.0,21.85185185185185,2,0.0033049635163902025,0.02525584060286179,0.022554194192219157
1695888000000,-1.581e-05,8.0,9.25925925925926,0,0.02415151996490339,0.02669677097279255,0.02502893190224409
1695916800000,-4.732e-05,8.0,2.2222222222222223,0,-0.0022193500738552085,-0.007422451994091528,0.0018796159527327827
1695945600000,-3.894e-05,8.0,3.7037037037037033,0,0.0047150433569331796,-0.005148057542774143,0.03558488373384061
1695974400000,-2.567e-05,8.0,7.4074074074074066,0,-0.009883119131552598,-0.008464930214054367,0.0412785065181438
1696003200000,4.76e-06,8.0,21.85185185185185,2,6.696677703788012e-05,0.003831987797165093,0.042482979277503
1696032000000,6.43e-06,8.0,23.333333333333332,2,0.001365286747418315,0.002525966489092646,0.022741138656587667
1696060800000,1.864e-05,8.0,31.48148148148148,3,0.0023962106436332675,0.006898857620507126,0.02304077273149452
1696089600000,1.525e-05,8.0,29.629629629629626,2,-0.001234156104069406,0.005518493810688696,0.01253057593951512
1696118400000,2.95e-06,8.0,21.48148148148148,2,0.005733115140990064,0.03832095796828794,0.01692474961686452
1696147200000,-6.19e-06,8.0,15.185185185185185,1,0.0010220195401280385,0.04297278550134309,0.012267924082765225
1696176000000,-2.263e-05,8.0,7.777777777777778,0,0.03134802015414162,0.032803924676291674,0.00948365148225827
1696204800000,5.831e-05,8.0,62.22222222222222,6,0.010238944441664843,-0.017486616109272712,-0.007901677542939356
1696233600000,7.28e-06,8.0,25.925925925925924,2,-0.008737826297673279,-0.02583142009134043,-0.02396003947940961
1696262400000,-1.477e-05,8.0,11.481481481481481,1,-0.01887162796341313,-0.02500990332216324,-0.016377061407734983
1696291200000,4.172e-05,8.0,51.85185185185185,5,0.0016586583054769566,-0.0031754576769326137,-0.003168182859803359
1696320000000,1.667e-05,8.0,32.22222222222222,3,-0.007901894493730466,-0.003704013043936083,0.003014049829869636
1696348800000,2.5e-05,8.0,38.51851851851852,3,0.0031002814777398857,0.0024926702318073257,0.021921588866805175
1696377600000,6.031e-05,8.0,65.18518518518519,6,0.001127539701074376,0.012972180056048499,0.01877773236805247
1696406400000,6.2e-05,8.0,66.2962962962963,6,-0.0017313208702529614,0.005645928480046081,0.016088526992203533
1696435200000,-2.857e-05,8.0,5.555555555555555,0,0.013586142937469292,0.0063457985555823715,0.019676356971250364
1696464000000,-3.807e-05,8.0,4.074074074074074,0,-0.006113046328750094,-0.012798853038331726,0.006577738713198444
1696492800000,-4.268e-05,8.0,3.3333333333333335,0,-0.0010365849238508362,0.0010909512660108867,0.010873268432002314
1696521600001,-2.302e-05,8.0,8.88888888888889,0,-0.005807457922228587,0.01368978525827047,0.011582269297736536
1696550400000,-1.106e-05,8.0,15.185185185185185,1,0.007870826491516159,0.018770297390987123,0.018237547892720363
1696579200000,1.436e-05,8.0,31.851851851851855,3,0.010799871111159431,0.00928289290278661,0.006969410623192118
1696608000000,-3.149e-05,8.0,5.9259259259259265,0,1.4327160714922016e-05,0.0002901250044771153,-0.017550771875783466
1696636800000,2.124e-05,8.0,37.407407407407405,3,-0.0015150755388727566,0.00084170863270705,-0.012468032980651578
1696665600000,2.849e-05,8.0,43.333333333333336,4,0.001793586850856066,0.0004842684497310401,-0.008602042536705712
1696694400000,2.083e-05,8.0,37.03703703703704,3,0.0005657587074920922,-0.0017903756566203244,-0.019285926573113565
1696723200000,3.14e-06,8.0,24.814814814814813,2,-0.0018716740209500093,-0.0013634948412656334,-0.02021622666222911
1696752000001,9.74e-06,8.0,30.37037037037037,3,0.0001147607417848473,-0.002951502827776342,-0.031268715863162044
1696780800000,5.163e-05,8.0,61.111111111111114,6,0.0009936471153741966,-0.016074125357372182,-0.03956652592988508
1696809600000,3.992e-05,8.0,54.074074074074076,5,-0.0032825893753045676,-0.011951348871878653,-0.037731859751727215
1696838400000,3.515e-05,8.0,50.37037037037037,5,-0.01381358491651452,-0.006324335207743115,-0.03602965498396449
1696867200000,7.838e-05,8.0,76.29629629629629,7,0.005187939771774452,-0.001476539429071444,-0.027828211017536186
1696896000000,6.349e-05,8.0,68.88888888888889,6,0.002393793546187517,-0.007010913522394691,-0.030150917802207355
1696924800000,1.894e-05,8.0,35.92592592592593,3,-0.009002326565909047,-0.02279528029149014,-0.027976683684730497
1696953600000,4.548e-05,8.0,57.77777777777777,5,-0.0003833725833835011,-0.02243277287912815,-0.025397520857294076
1696982400000,5.918e-05,8.0,65.92592592592592,6,-0.013540068668273841,-0.019216158959748597,-0.019526627218934833
1697011200000,8.33e-05,8.0,78.51851851851852,7,-0.0086347024693324,-0.007264702506359466,-0.005272648506144506
1697040000000,6.319e-05,8.0,68.88888888888889,6,0.0029057932853020496,-0.0040486888448163505,0.005807851617794846
1697068800000,0.0001,8.0,82.22222222222221,8,-0.0015194455513390936,-0.004167302872422507,-0.000405930306607738
1697097600000,2.661e-05,8.0,42.22222222222222,4,-0.005423126988448712,0.0019767931938636796,0.002383341228073599
1697126400000,7.304e-05,8.0,72.5925925925926,7,0.0027863510052239526,0.0010200369763404549,0.008415305054808142
1697155200000,2.294e-05,8.0,39.25925925925926,3,0.004640987284966203,0.003866866118175105,0.01415108451757674
1697184000000,2.039e-05,8.0,36.2962962962963,3,-0.00637281725425376,2.977951987981342e-05,0.03672559289162858
1697212800000,2.326e-05,8.0,39.62962962962963,3,0.005638203417388077,0.008867526570735862,0.051706633599196694
1697241600000,1.05e-06,8.0,22.22222222222222,2,0.0008009417584955436,-8.940745211116763e-05,0.06175447223526076
1697270400000,2.211e-05,8.0,39.25925925925926,3,0.0024083469508540123,0.00037595524271449854,0.057550930768400343
1697299200000,2.456e-05,8.0,41.11111111111111,4,-0.0032900600083178855,-0.001466787475491671,0.05608698235398979
1697328000000,-1.509e-05,8.0,12.592592592592592,1,0.0012667188256771933,0.010334935360083453,0.057393539733989085
1697356800000,4.292e-05,8.0,55.925925925925924,5,0.0005618604651163039,0.03630511627906974,0.05938976744186042
1697385600000,2.224e-05,8.0,40.0,3,0.008490113461831816,0.043993886225785594,0.049843622745917804
1697414400000,5.11e-06,8.0,25.555555555555554,2,0.02700380553424986,0.05098752138769247,0.04312938816449341
1697443200000,2.8e-07,8.0,21.85185185185185,2,0.007985436631754217,0.02011798626246386,0.016545365107519805
1697472000000,9.644e-05,8.0,82.5925925925926,8,0.01524591156658861,0.013069450826592055,0.021312217033387926
1697500800000,2.04e-06,8.0,23.703703703703706,2,-0.003161281494398427,-0.004196329264484433,0.006978678015936213
1697529600000,1.493e-05,8.0,34.074074074074076,3,0.001020731406849551,0.002115377846608757,0.028717750167188916
1697558400000,-2.311e-05,8.0,8.88888888888889,0,-0.0020569620253164667,-0.007369901547116697,0.03867791842475388
1697587200000,-3.343e-05,8.0,5.185185185185185,0,0.0031569860648661408,-0.0032943995208145616,0.04495181720486929
1697616000000,-1.216e-05,8.0,15.185185185185185,1,-0.008454186877219216,-0.005605684360632357,0.042527334735925404
1697644800000,1.644e-05,8.0,36.2962962962963,3,0.0020403536613011752,0.015621457719338094,0.060477357742008575
1697673600000,-1.028e-05,8.0,16.666666666666664,1,0.000830740950226172,0.014564479638009109,0.05697468891402724
1697702400001,-6.24e-06,8.0,18.51851851851852,1,0.014372759223609588,0.03276169619045932,0.05274721393122683
1697731200000,-0.00011006,8.0,0.0,0,0.0009975097135124233,0.030294997802688295,0.039433023849550386
1697760000000,-9.272e-05,8.0,0.7407407407407408,0,0.018358885017421667,0.03335540069686416,0.04417770034843205
1697788800005,1.938e-05,8.0,40.370370370370374,4,0.008978042273753317,0.015066009987003248,0.04342978315890278
1697817600000,2.687e-05,8.0,48.148148148148145,4,0.003970886932972206,0.013463100880162449,0.045010155721056044
1697846400000,-1.585e-05,8.0,13.333333333333334,1,0.0008294753736854954,0.008173367096802497,0.11608271825149297
1697875200000,4.374e-05,8.0,60.370370370370374,6,0.008618046688385839,0.0031904965652467254,0.1449940873057316
1697904000000,5.827e-05,8.0,68.14814814814815,6,-0.0012693025850348816,-0.004532746336558979,0.1263123085607778
1697932800000,2.567e-05,8.0,47.03703703703704,4,-0.004117098164864608,0.0022809593407291384,0.13447626564815018
1697961600000,2.579e-05,8.0,47.40740740740741,4,0.0008530188134308059,0.025546905959713317,0.13807486415507486
1697990400000,3.115e-05,8.0,52.96296296296297,5,0.005566740487215727,0.03582309912086434,0.16777397490101342
1698019200000,8.25e-05,8.0,80.37037037037037,8,0.019000330353478256,0.10451516455941179,0.15026077903356594
1698048000001,9.59e-05,8.0,83.7037037037037,8,0.012918007853729208,0.11397740905604481,0.13628318003920303
1698076800001,6.48e-06,8.0,30.37037037037037,3,0.0707852915192917,0.08711114850543167,0.10300337519699432
1698105600000,0.0001,8.0,84.44444444444444,8,0.02675528700906349,0.024788519637462203,0.031410876132930365
1698134400000,0.0001,8.0,84.07407407407408,8,-0.007838614001224098,-0.002871804528976951,-0.00046490278235478133
1698163200000,0.0001,8.0,84.07407407407408,8,0.0059698925241407075,0.03211226838121917,0.007701843460105939
1698192000000,0.0001,8.0,83.7037037037037,8,-0.0009581226691823819,0.016226175911322027,-0.0006751079730547005
1698220800000,0.0001,8.0,83.33333333333334,8,0.026971199244570254,0.022311732766761017,0.005223087818696959
1698249600001,0.0001,8.0,82.96296296296296,8,-0.011687082245618097,-0.022206603746521614,-0.019478470409363458
1698278400001,0.0001,8.0,82.5925925925926,8,0.006208710190528155,-0.008301501236517295,-0.011349255186986928
1698307200000,0.0001,8.0,82.22222222222221,8,-0.01738246916502373,-0.019463631614040966,-0.01581221622152096
1698336000000,0.0001,8.0,81.85185185185185,8,0.00287293012434664,-0.0018506605095485185,0.01225254759575689
1698364800000,0.0001,8.0,81.85185185185185,8,-0.00497661080794487,-0.007091450715735581,0.012012407841896833
1698393600000,0.0001,8.0,81.85185185185185,8,0.00026788500373853275,0.0028024892698808035,0.006850202238458669
1698422400000,0.0001,8.0,81.48148148148148,8,-0.0023926613280595976,0.006295083125115841,0.019874098337497648
1698451200000,0.0001,8.0,81.11111111111111,8,0.004938402718776658,0.005198008118568964,0.01707495515906743
1698480000001,0.0001,8.0,80.74074074074075,8,0.0033847355179996708,0.000995165082915861,0.0017378694073337808
1698508800000,0.0001,8.0,80.37037037037037,8,-0.003480264851079773,0.007785264734095909,0.0023747689572073405
1698537600000,0.0001,8.0,80.0,7,0.0006603313983177816,0.013969677582189144,0.017494379846098695
1698566400000,0.0001,8.0,79.62962962962963,7,0.01063751785384337,0.003114707460926791,0.011045186721139855
1698595200000,0.0001,8.0,79.25925925925927,7,0.0026350155256973373,0.0056647029803533755,-0.004617081168925341
1698624000000,0.0001,8.0,78.88888888888889,7,-0.010052156597143869,-0.0021244696061917256,0.026547186959114066
1698652800000,0.0001,8.0,78.51851851851852,7,0.013206636941743843,-0.0019092171624881527,0.03092756377457806
1698681600000,0.0001,8.0,78.14814814814814,7,-0.005130691229345841,-0.010971253123719382,0.0004905610286776163
1698710400001,0.0001,8.0,78.14814814814814,7,-0.010471219370740914,0.004419312744671666,0.011868928519646271
1698739200000,0.0001,8.0,78.14814814814814,7,0.004007358541415318,0.009833846947025604,0.008445332364693137
1698768000000,0.0001,8.0,78.14814814814814,7,0.011551029935227941,0.0007556748555757054,0.014538717395110146
1698796800000,0.0001,8.0,78.14814814814814,7,-0.005682162336782093,0.022991124866238444,0.000977793417344719
1698825600000,0.0001,8.0,78.14814814814814,7,-0.005018434770500901,0.022841130279146915,0.0076378836709414255
1698854400000,0.0001,8.0,78.14814814814814,7,0.034026338269207645,0.010825104446368528,0.011950472158811065
1698883200001,0.0001,8.0,78.14814814814814,7,-0.006912241037625555,-0.016322135239743685,-0.011662292484770354
1698912000000,0.0001,8.0,77.77777777777779,7,-0.016707174924773915,-0.023675351599390937,-0.0027254447636578805
1698940800000,0.0001,8.0,77.77777777777779,7,0.007279817254666643,0.0029159648353678236,0.006215533353330693
1698969600000,0.0001,8.0,77.77777777777779,7,-0.014262561706124166,-0.0062937383316724604,0.002347982453126285
1698998400000,0.0001,8.0,77.4074074074074,7,0.010073927757040746,0.009025286488213657,0.014073869660571336
1699027200000,0.0001,8.0,77.4074074074074,7,-0.001969958846553155,-0.0017974077067091088,0.008964031714899345
1699056000000,0.0001,8.0,77.4074074074074,7,0.0009336153389540858,0.010794206974452214,0.01043689740028464
1699084800000,0.0001,8.0,77.4074074074074,7,-0.000760014048744373,0.012321439881161522,0.006238448650111472
1699113600000,0.0001,8.0,77.4074074074074,7,0.010619479224887485,0.005096543339344839,0.0001786239044880844
1699142400000,0.0001,8.0,77.4074074074074,7,0.002445949644225287,-0.0020753512132822838,0.00958709633278576
1699171200000,0.0001,8.0,77.4074074074074,7,-0.00789154879109999,-0.007228943072784211,0.0018285642784423572
1699200000000,0.0001,8.0,77.03703703703704,7,0.0034081756084698434,0.00565545035787296,0.009496455669352644
1699228800000,0.0001,8.0,77.03703703703704,7,-0.0027309916127704614,0.0017254382155997838,0.016223118586740526
1699257600001,0.0001,8.0,77.03703703703704,7,0.004781346450065005,0.0007329489168961256,0.04781919066406304
1699286400000,0.0001,8.0,76.66666666666667,7,-0.0005130543837646995,-0.010489111845855659,0.060694333599361494
1699315200001,0.0001,8.0,76.29629629629629,7,-0.0025910432087845603,0.010047426363579248,0.04655317060364439
1699344000000,0.0001,8.0,75.92592592592592,7,-0.006777692265877877,0.007884896532190488,0.04458571391787247
1699372800000,0.0001,8.0,75.55555555555556,7,0.020126166609056195,0.014460191266274958,0.06920152091254761
1699401600000,0.0001,8.0,75.18518518518519,7,-0.005257703721900708,0.004484013700525535,0.05337896410247733
1699430400000,0.0001,8.0,75.18518518518519,7,-0.00029805413230765687,0.0380629320010788,0.05184722596761149
1699459200000,0.0001,8.0,75.18518518518519,7,0.010094269975580605,0.05665852688965867,0.05352660571298773
1699488000000,0.0001,8.0,74.81481481481481,7,0.02799555849157387,0.03129857899841171,0.04508693268865871
1699516800000,0.0001,8.0,74.81481481481481,7,0.017610351824202786,-0.0015887600015312975,0.016130972889902617
1699545600000,0.00020027,8.0,100.0,9,-0.014148129437245749,-0.002552843868068977,-0.0005911848957633747
1699574400000,0.0001,8.0,74.44444444444444,7,-0.004786449659142544,0.01685070147654888,0.011202908940248335
1699603200000,0.00011682,8.0,99.62962962962963,9,0.016627728949667686,0.014891280233790605,0.013141137127409719
1699632000000,0.0001,8.0,74.44444444444444,7,0.005029850424587146,-0.0004121944911419373,-0.006164058795637861
1699660800000,0.0001,8.0,74.07407407407408,7,-0.006704177176847126,-0.0034231244521525372,-0.02228917761914595
1699689600000,0.00016607,8.0,99.62962962962963,9,0.0012980704358385164,0.002814734853596068,-0.009348266090945967
1699718400000,0.00014648,8.0,99.25925925925925,9,0.0020025280906448284,0.0023798550525429008,-0.025604329557368577
1699747200000,0.0001543,8.0,99.25925925925925,9,-0.0004868549172346581,-0.002138395907190893,-0.043359675501783324
1699776000000,0.00023487,8.0,100.0,9,0.0008638483502110272,-0.004526457710452125,-0.04070044376508708
1699804800001,0.00027221,8.0,100.0,9,-0.003276714361363342,-0.009069429249581429,-0.02044519231544617
1699833600000,0.00032467,8.0,100.0,9,-0.002878869154318786,-0.01682844581499232,0.02081249882068792
1699862400000,0.00010893,8.0,97.03703703703704,9,-0.0027439032632173843,-0.007636972136540909,0.01343296090140611
1699891200000,0.00020492,8.0,98.88888888888889,9,-0.01127689104788343,-0.019964976578764726,-0.012228378730048561
1699920000000,0.00017382,8.0,98.14814814814815,9,0.006443016318652406,-0.02490020178978758,-0.008504781540621065
1699948800000,0.00016369,8.0,97.4074074074074,9,-0.015132693701203515,-0.028922377862408144,-0.012147017320192077
1699977600001,0.00014477,8.0,96.29629629629629,9,-0.01743702299044403,0.007336375874546386,-0.0011305869377127298
1700006400000,0.0001,8.0,73.70370370370371,7,0.0022915530262559436,0.06479893379520552,0.029486523418828403
1700035200000,0.0001,8.0,73.70370370370371,7,0.02201313438195185,0.051648249917945144,0.02212815139605384
1700064000000,0.0001,8.0,73.70370370370371,7,0.039482207753708254,0.00018939601884082613,0.006296731408996559
1700092800000,0.0001,8.0,73.70370370370371,7,-0.010087140216530233,-0.04506469500924215,-0.034074465275944044
1700121600000,0.00015199,8.0,96.66666666666667,9,-0.027995625266752033,-0.032685125906956936,-0.023260776781903525
1700150400001,0.00012014,8.0,95.55555555555556,9,-0.00924804157507253,-0.009549548561811672,0.00273000871629292
1700179200000,0.0001,8.0,72.96296296296296,7,0.0027458701338920477,0.012462876831271341,0.033796600983314606
1700208000001,0.0001,8.0,72.5925925925926,7,-0.003749551983678434,0.004221003005155488,0.026806539659783413
1700236800001,0.0001,8.0,72.22222222222221,7,0.012337069323370864,0.015159817351598326,0.03892348138923474
1700265600000,0.0001,8.0,71.85185185185186,7,-0.004872439852406596,-0.0009422599490360728,0.023305229406157757
1700294400000,0.0001,8.0,71.48148148148148,7,0.006183495857085219,0.004948443422247983,0.023737707797572227
1700323200000,0.0001,8.0,71.11111111111111,7,-0.002220343143940484,-0.002318540138021352,0.00842857532527752
1700352000000,0.0001,8.0,70.74074074074073,7,0.0009950901595425776,0.02203413924701203,-0.023491235552056233
1700380800000,0.0001,8.0,70.37037037037037,7,-0.0010924186148132398,0.017243827834826364,-0.0048639938824557305
1700409600000,0.0001,8.0,70.0,6,0.022134733158355235,0.026090879265092015,-0.002537182852143549
1700438400000,0.0001,8.0,69.62962962962963,6,-0.0036966104596420912,0.0021880082170675497,0.0014230077890953208
1700467200000,0.0001,8.0,69.25925925925925,6,0.007595161004526618,0.001428287612021073,0.004094245504384197
1700496000000,0.0001,8.0,68.88888888888889,6,-0.0016759791421865344,-0.014929270482783363,-0.015662011761163774
1700524800000,0.0001,8.0,68.51851851851852,6,-0.004451870159125071,-0.04662987023385656,-0.004814852378334233
1700553600000,0.0001,8.0,68.14814814814815,6,-0.008863128207052928,-0.023128314289850516,0.006683538602596295
1700582400000,0.0001,8.0,67.77777777777779,6,-0.033803083581282034,-0.013167433053827504,0.03516094130375991
1700611200000,0.0001,8.0,67.4074074074074,6,0.0200894169421868,0.048109898293127396,0.055525849446953046
1700640000000,0.0001,8.0,67.03703703703704,6,0.0012432110522284656,0.026401082389490016,0.03721125531383529
1700668800000,0.0001,8.0,66.66666666666666,6,0.026192877817735383,0.012589356196824886,0.033311222699763166
1700697600000,0.0001,8.0,66.2962962962963,6,-0.0010390290287082271,-0.00405461713516464,0.008624742246011952
1700726400000,0.0001,8.0,65.92592592592592,6,-0.012229979224543386,0.004010705910978407,0.009981310110454666
1700755200001,0.0001,8.0,65.55555555555556,6,0.00876576133111917,0.03499272449923452,0.01296607831576213
1700784000000,0.0001,8.0,65.18518518518519,6,0.007050714726312135,0.011175476707699694,0.004339313970016523
1700812800000,0.0001,8.0,64.81481481481481,6,0.019174485151758125,0.006495356845158007,-0.007238368144788732
1700841600000,0.0001,8.0,64.44444444444444,6,-0.014794917154212661,-0.014930794175056716,-0.038795502470610144
1700870400000,0.0001,8.0,64.07407407407408,6,0.0023896858928966758,0.0015383105636848082,-0.012364834220514043
1700899200000,0.0001,8.0,63.70370370370371,6,-0.0025215776132594403,-0.0005450629468326529,-0.018770274489466554
1700928000000,0.0001,8.0,63.33333333333333,6,0.0016764592755678098,-0.007201878058808675,-0.004546599997347411
1700956800000,0.0001,8.0,62.96296296296296,6,0.00030454137393176595,-0.008286173556804721,0.001366463903902826
1700985600000,0.0001,8.0,62.59259259259259,6,-0.009165228257071112,-0.013107176516683694,0.00876547393390048
1701014400000,0.0001,8.0,62.22222222222222,6,0.0005824672028216238,-0.01714804820049709,0.009554599620594795
1701043200000,0.0001,8.0,61.85185185185185,6,-0.0045582234944778754,-0.005642370383029727,0.01044626263057813
1701072000001,0.0001,8.0,61.48148148148148,6,-0.014633479212253775,-0.005776161668168189,0.013708327970137768
1701100800000,0.0001,8.0,61.111111111111114,6,0.01229570588171347,0.020168437306308018,0.02156301991018128
1701129600000,0.0001,8.0,60.74074074074074,6,-0.004111446794226259,0.015462907015777239,0.013199060087277559
1701158400000,0.0001,8.0,60.370370370370374,6,0.01193763415344451,0.027502130275803394,0.03165212326476885
1701187200000,0.0001,8.0,60.0,5,0.007626488590911862,0.006861707939062711,0.02331115380618276
1701216000001,0.0001,8.0,59.62962962962963,5,0.008663782267561038,0.00114582092909421,0.023482713452149362
1701244800000,0.0001,8.0,59.25925925925925,5,-0.008390129198017182,-0.008243164157326177,0.015502187417168134
1701273600000,0.0001,8.0,58.88888888888889,5,0.0014662058087158147,-0.005457249779010409,0.02636788532894352
1701302400000,0.0001,8.0,58.51851851851851,5,-0.0013160676532770754,-0.0029334038054967815,0.042016384778012617
1701331200000,0.0001,8.0,58.14814814814815,5,-0.005604627654788641,0.012384163089901534,0.04462003376536794
1701360000000,0.0001,8.0,57.77777777777777,5,0.004007621399527261,0.021914184744427745,0.05823025993655917
1701388800000,0.0001,8.0,57.407407407407405,5,0.01402634578175932,0.024980784012298196,0.060643006705717095
1701417600000,0.0001,8.0,57.03703703703704,5,0.0037560575249229178,0.011417160242771507,0.08467727180055529
1701446400000,0.0001,8.0,56.666666666666664,5,0.007020485965538059,0.009869303341761837,0.07544157971350374
1701475200000,9.95e-05,8.0,56.2962962962963,5,0.0006076826603571561,0.019611341685737527,0.0834050916049287
1701504000000,6.973e-05,8.0,52.22222222222223,5,0.0022199250549166383,0.020193823491407192,0.07336865228065648
1701532800000,8.541e-05,8.0,54.44444444444444,5,0.016735042250179966,0.025417151226505785,0.0899927541650658
1701561600000,0.0001,8.0,56.2962962962963,5,0.0011793080885318385,0.014889715672623982,0.11726126619646515
1701590400000,0.0001,8.0,55.925925925925924,5,0.007351227568876517,0.05120527707693712,0.10704370205996483
1701619200000,0.0001,8.0,55.55555555555556,5,0.00629674148657422,0.0385348508547374,0.10189706939994858
1701648000000,0.0001,8.0,55.18518518518518,5,0.037004273183896874,0.04697753454781717,0.09422745333233373
1701676800000,0.0001,8.0,54.81481481481482,5,-0.004790615406118026,0.0008723354009128048,0.05806090925302043
1701705600000,0.0001,8.0,54.44444444444444,5,0.014477348119809275,0.023533257463861146,0.05689968280103641
1701734400000,0.0001,8.0,54.074074074074076,5,-0.008661738696657761,0.05147397540152121,0.03391420367616704
1701763200000,0.0001,8.0,53.70370370370371,5,0.017742090817161937,0.05220060673183413,0.040511388260220604
1701792000000,0.0001,8.0,53.333333333333336,5,0.04217085512728613,0.036616206420965636,0.038257997818830436
1701820800000,0.0001,8.0,52.96296296296297,5,-0.007976664737194605,-0.006033572814872934,0.004306127776453561
1701849600000,0.0001,8.0,52.59259259259259,5,0.002668064006077442,0.004693138316007595,0.011917047464538477
1701878400000,0.0001,8.0,52.22222222222223,5,-0.0007074605134337331,-0.0038750579090661708,0.006743696184505765
1701907200000,0.0001,8.0,51.85185185185185,5,0.002729076886888393,-0.010731324093295469,-0.0009157822858930631
1701936000000,0.0001,8.0,51.48148148148148,5,-0.005882862036294623,-0.015728627651045768,0.0022297026455797564
1701964800000,0.0001,8.0,51.11111111111111,5,-0.007585529074043085,0.005480092281821447,0.00707921620017915
1701993600000,0.0001,8.0,50.74074074074074,5,-0.002336222061138926,0.021363042444445313,0.010977011759599975
1702022400000,0.00023288,8.0,98.88888888888889,9,0.015538010856939177,0.023285033991568227,-0.025293521470916236
1702051200000,0.00020242,8.0,98.14814814814815,9,0.008091031509680269,0.005151738170483533,-0.046809955318184215
1702080000000,0.00011504,8.0,94.07407407407408,9,-0.00045882757124249274,-0.011201721394474173,-0.06765107406335891
1702108800000,0.00030159,8.0,99.62962962962963,9,-0.0024580025281020212,-0.004925050143703924,-0.0511160507338958
1702137600000,0.00017192,8.0,96.66666666666667,9,-0.008310249307479145,-0.0035430768324030693,-0.06199137692625045
1702166400000,0.00020724,8.0,98.14814814814815,9,0.005886037176896508,0.001044628733919195,-0.051511397196646214
1702195200000,0.00020383,8.0,97.4074074074074,9,-0.0010726029482945876,-0.04275868024388074,-0.06475613053941476
1702224000000,0.00023923,8.0,98.88888888888889,9,-0.0037444918888299705,-0.048323509539809795,-0.044540344283962696
1702252800000,0.0001473,8.0,93.7037037037037,9,-0.038129120207885725,-0.058072810224395144,-0.019939123107872714
1702281600000,0.0001,8.0,47.03703703703704,4,-0.006879770199532342,-0.0038244685270691914,0.01914845632485429
1702310400000,0.0001,8.0,46.666666666666664,4,-0.013950475334479129,-0.010857275354558604,0.015269985681400478
1702339200000,0.0001,8.0,46.2962962962963,4,0.01726783692645606,0.005915137175425134,0.04331868286379925
1702368000000,0.0001,8.0,45.925925925925924,4,-0.013891007187386784,-0.019229119402131456,0.01819724324633487
1702396800000,0.0001,8.0,45.55555555555556,4,0.0027694873065164938,0.014995347937988512,0.012250027187375334
1702425600000,0.00011909,8.0,92.22222222222223,9,-0.008160196268867104,0.034366331598950195,0.011493200238106072
1702454400000,0.00010162,8.0,90.74074074074075,9,0.02051973612275404,0.0431193886600818,0.02667201224623672
1702483200001,0.00012601,8.0,92.5925925925926,9,0.02197634599757392,0.013109073881224731,0.014703324095102221
1702512000000,0.0001,8.0,44.074074074074076,4,0.00023299106945229298,0.002723665601897407,-0.014832211481333846
1702540800000,0.0001,8.0,43.7037037037037,4,-0.01065918784256259,-0.004754240032052048,-0.024122934724121303
1702569600000,0.0001,8.0,43.333333333333336,4,0.013290952969568615,-0.013799517334745937,-0.01585731944199187
1702598400000,0.0001,8.0,42.96296296296296,4,-0.0072263401259381466,-0.02476938448311916,-0.03709598717382723
1702627200000,0.0001,8.0,42.592592592592595,4,-0.01965079810887982,-0.01106586153630118,-0.03632682675654164
1702656000000,0.0001,8.0,42.22222222222222,4,0.0020197486535009634,0.017927059857137495,-0.013281160472134235
1702684800000,0.0001,8.0,41.85185185185185,4,0.006723690167020013,0.007445617211884414,0.01630887994091168
1702713600000,0.0001,8.0,41.48148148148148,4,0.009090435753978499,-0.008489297851996924,0.01926007970993915
1702742400001,0.0001,8.0,41.11111111111111,4,-0.006782479221611903,-0.019036972496671134,-0.0022146391641205687
1702771200000,0.0001,8.0,40.74074074074074,4,-0.009199806070925964,-0.0199368548015183,0.00010878948053028026
1702800000000,0.0001,8.0,40.370370370370374,4,-0.0022795354998865758,-0.017200348494432416,0.025929417942689437
1702828800000,0.0001,8.0,40.0,3,-0.00857676020957443,-0.011217971721811604,0.05472379722002918
1702857600000,0.00013355,8.0,92.5925925925926,9,-0.006433320061292713,0.02931914431534377,0.053780721757700656
1702886400001,0.0001,8.0,39.25925925925926,3,0.0036961614355006667,0.04627613557938104,0.06469133042370978
1702915200000,0.00015611,8.0,94.44444444444444,9,0.03206863762729828,0.028790155358927372,0.06139351223442491
1702944000000,0.0001,8.0,38.51851851851852,3,0.009647056065454684,-0.008613191733774062,0.02917560455275403
1702972800000,0.0001,8.0,38.148148148148145,3,-0.012701140084055096,-0.002001532495878422,0.014372953769707708
1703001600000,0.0001,8.0,37.77777777777778,3,-0.005453904045155222,0.036839134524929484,0.02774929444967067
1703030400000,0.00010506,8.0,89.62962962962962,8,0.01638049474911396,0.03265930604590883,0.040548050160683635
1703059200000,0.0001,8.0,37.03703703703704,3,0.025723113576294532,0.019283028701187366,0.01420866991773062
1703088000000,0.00023637,8.0,98.51851851851852,9,-0.009463235827829042,-0.004965250054438597,-0.006700479059301823
1703116800000,0.00027143,8.0,98.88888888888889,9,0.003215080651809643,0.005285189561521797,0.0011449717420974892
1703145600000,0.00029216,8.0,99.25925925925925,9,0.0013216281362988802,-0.002821299441218339,-0.0031796683831852857
1703174400000,0.00028948,8.0,98.88888888888889,9,0.0007408673847382197,-0.00382059611329566,-0.004287912463668997
1703203200000,0.00030806,8.0,99.62962962962963,9,-0.0048747152619590395,0.002341685649202896,-0.020674259681093377
1703232000000,0.0002961,8.0,98.88888888888889,9,0.0003181797372155959,-0.002163164400494466,-0.010209220345190673
1703260800000,0.00018011,8.0,93.7037037037037,9,0.006931365975665793,0.0020846729626382565,-0.0008695672072476235
1703289600000,0.00016285,8.0,91.85185185185185,9,-0.009347132455207463,-0.0064450444062651435,-0.008499459125328346
1703318400001,0.0001,8.0,33.7037037037037,3,0.004524056417644751,0.0017641984711809222,-0.018538995898066513
1703347200000,0.00015066,8.0,90.37037037037037,9,-0.0016396063117992687,-0.0025484688634650476,-0.030378388253294086
1703376000000,0.0001,8.0,32.96296296296296,3,-0.0011185017109186512,-0.01662427491811369,-0.026862339658548007
1703404800000,0.0002079,8.0,95.55555555555556,9,0.00020837960810893286,-0.009853378612008634,-0.026961115449172568
1703433600000,0.00019729,8.0,93.33333333333333,9,-0.015728238025247587,-0.00040064652902738196,-0.015506165377729642
1703462400000,0.0001,8.0,31.851851851851855,3,0.005759157432476458,0.014802616276365255,0.009948269926777664
1703491200000,0.0001,8.0,31.48148148148148,3,0.009757169287696543,-0.01063135985198882,-0.0034690101757631764
1703520000000,0.00037908,8.0,100.0,9,-0.0007580980213870436,-0.02751140009940023,-0.02810001397099071
1703548800000,0.00043391,8.0,100.0,9,-0.01944816268153149,-0.02484597330203897,-0.022746442716737647
1703577600000,0.00023757,8.0,95.92592592592592,9,-0.007470728349263656,-0.006718045455501698,-0.010172906688359018
1703606400000,0.00029559,8.0,97.77777777777777,9,0.0019806550527901035,0.012750614097271074,-0.002746068717661254
1703635200000,0.00027621,8.0,96.66666666666667,9,-0.0012198905624188905,0.020573607115323078,-0.010746319174141261
1703664000000,0.00037942,8.0,99.62962962962963,9,0.011983178366268277,0.014051759235072181,-0.011841978306964318
1703692800000,0.00032304,8.0,98.51851851851852,9,0.009720455512637782,-0.013187728041188618,-0.012424974594263949
1703721600000,0.00013021,8.0,85.18518518518519,8,-0.007602469823883351,-0.018049244474333204,-0.028037706039368948
1703750400000,0.00037879,8.0,98.88888888888889,9,-0.015200742631701125,-0.017287073566952915,-0.01172197725690416
1703779200000,0.00050152,8.0,100.0,9,0.004746082243431093,-0.002142099681866405,0.0019347236950630897
1703808000001,0.0005517,8.0,100.0,9,-0.0059287147652895555,-0.013805536280264818,-0.0071829110481799185
1703836800000,0.00049912,8.0,99.25925925925925,9,-2.3615483255468028e-05,-0.008392942748983945,0.0043877567888610525
1703865600000,0.00047082,8.0,98.88888888888889,9,-0.0060575145061531055,0.002921304266710223,0.011666324234072656
1703894400001,0.00033033,8.0,97.03703703703704,9,-0.0022867792307199597,0.0033113133767075364,0.05264108738491813
1703923200000,0.0004358,8.0,98.51851851851852,9,0.011386125645098888,0.014174904798081478,0.08433734939759052
1703952000000,0.00037842,8.0,96.66666666666667,9,-0.00624237657707738,0.0011608795369666414,0.06666462590480315
1703980800000,0.00027855,8.0,92.96296296296296,9,0.00905629260687113,0.003061415501851794,0.06712129792643617
1704009600001,0.00034573,8.0,96.29629629629629,9,-0.0025449832838736475,-0.0008029375305209641,0.05751333533676428
1704038400000,0.00033597,8.0,95.92592592592592,9,-0.0043558944518793385,0.0075499034506116836,0.011028503825519564
1704067200000,0.00037409,8.0,96.29629629629629,9,0.0047009465674821005,0.04492120599358862,0.011490152816197696
1704096000000,0.00027213,8.0,90.74074074074075,9,0.0072229837600426006,0.07053930201335956,0.007740254732441443
1704124800000,0.00033601,8.0,95.55555555555556,9,0.03257380696155998,0.057444191035550096,0.029714203010871243
1704153600000,0.00065846,8.0,100.0,9,0.02933297161653492,0.018128793787514086,-0.001426520623509342
1704182400000,0.00035179,8.0,95.55555555555556,9,-0.005097625793415439,-0.010335815158902695,-0.03863741187322911
1704211200000,0.0005373,8.0,99.25925925925925,9,-0.005816918291614126,-0.051058634977891315,-0.038660982937775645
1704240000000,0.00021159,8.0,86.66666666666667,8,0.0005551188620507297,-0.04923016116210799,-0.02014193279064913
1704268800000,0.00017123,8.0,82.5925925925926,8,-0.046035987252665334,-0.04883001482454663,-0.031499942299668904
1704297600000,0.0001,8.0,21.11111111111111,2,-0.0039012701809890693,0.02617131158981989,0.020562508723770634
1704326400000,0.0001,8.0,20.74074074074074,2,0.0009762181123491587,0.03157761984945684,0.02665215573714974
1704355200000,0.0001,8.0,20.37037037037037,2,0.02918565285661967,0.021271532264273807,0.02835037715730948
1704384000000,0.0001,8.0,20.0,1,0.0013466028881685688,-0.01277232436353748,-0.0008251909954433145
1704412800001,0.0001,8.0,19.62962962962963,1,-0.008890457349557845,-0.002479374365169318,-0.006827328315767267
1704441600000,0.0001,8.0,19.25925925925926,1,-0.005122019199576111,-0.0029882252957383892,0.004205904257992499
1704470400000,0.0001,8.0,18.88888888888889,1,0.013334833607363095,0.007401096730933476,0.0344037329267286
1704499200000,0.0001,8.0,18.51851851851852,1,-0.011042800198512115,-0.0038252096727043883,0.06440764770000196
1704528000000,0.0001,8.0,18.14814814814815,1,0.00524506771155564,0.009949359547214653,0.07256708141426649
1704556800000,0.0001,8.0,17.77777777777778,1,0.002042402649652608,0.004666069446249033,0.06850027011686821
1704585600000,0.0001,8.0,17.40740740740741,1,0.002631968061511003,-0.0017288640680626077,0.048512835678294675
1704614400001,0.0001,8.0,17.037037037037038,1,-0.0004309885289000004,-0.003010114620265014,0.038709574977259686
1704643200001,0.0001,8.0,16.666666666666664,1,-0.0036944834644632163,0.021202431823390988,0.03130779722096788
1704672000000,0.0001,8.0,16.296296296296298,1,0.0016498228263470693,0.07034534620073596,0.0613601923274123
1704700800000,0.0001,8.0,15.925925925925927,1,0.024795306204627776,0.06488321249252094,0.04870335950350224
1704729600000,0.0001,8.0,15.555555555555555,1,0.0427276238850236,0.040607559417304095,0.03674926408233392
1704758400001,0.0001,8.0,15.185185185185185,1,-0.002896419437340203,-0.018653026427962405,-0.011423699914748453
1704787200000,0.0001,8.0,14.814814814814813,1,0.0014335187009029138,-0.02181896645651704,-0.017922188348548085
1704816000000,0.0001,8.0,14.444444444444443,1,-0.01670186666666673,-0.028870400000000074,-0.052840533333333384
1704844800000,0.0001,8.0,14.074074074074074,1,-0.006628033871314165,0.010502884442236349,-0.07094057333035375
1704873600000,0.0001,8.0,14.074074074074074,1,-0.005785535506021455,0.006772723897384703,-0.05831837262430484
1704902400000,0.0001,8.0,13.703703703703704,1,0.023164776359406725,0.025910719503006163,-0.051364514066917444
1704931200000,0.0001,8.0,13.333333333333334,1,-0.010294957510488145,-0.005378283329254052,-0.0801868765592727
1704960000000,0.0001,8.0,12.962962962962962,1,0.013113736992018898,-0.002770263381109639,-0.06663166777665208
1704988800000,0.0001,8.0,12.592592592592592,1,-0.008040478617251767,-0.049315649276678086,-0.08058251179841192
1705017600001,0.0001,8.0,12.222222222222221,1,-0.00980510520869271,-0.07527595722662983,-0.1004441186616074
1705046400000,0.0001,8.0,11.851851851851853,1,-0.034173029650416575,-0.062054863059888166,-0.07064543496704301
1705075200000,0.0001,8.0,11.481481481481481,1,-0.03549250981460905,-0.027357026539423956,-0.04739392001009046
1705104000000,0.0001,8.0,11.11111111111111,1,0.006867916949813591,0.00044602928847825574,-0.006727803037202662
1705132800000,0.0001,8.0,10.74074074074074,1,0.0015562523772856274,-0.0021152044233749834,-0.008358768357283997
1705161600001,0.0001,8.0,10.37037037037037,1,-0.007056035542199357,-0.00402771401143609,0.006184175744675002
1705190400000,0.0001,8.0,10.0,0,0.004290242615787365,-0.02516957895867089,0.007271004215548604
1705219200000,0.0001,8.0,9.62962962962963,0,-0.0020290434443069882,-0.007058653998122,-0.009001701328523626
1705248000001,0.0001,8.0,9.25925925925926,0,-0.028578080437692832,-0.014606833129619967,-0.010870147255689466
1705276800000,0.0001,8.0,8.88888888888889,0,0.02294848801932803,0.01846366768750407,0.023779365037557065
1705305600000,0.0001,8.0,8.518518518518519,0,-0.01000901185585712,0.0008075559144693489,0.00467680207857879
1705334400000,0.0001,8.0,8.148148148148149,0,0.005681670406370465,0.023679537711112086,0.006913526536923786
1705363200000,0.0001,8.0,7.777777777777778,0,0.005214627288158802,0.014545941853849387,-0.029714911765120644
1705392000000,0.0001,8.0,7.4074074074074066,0,0.012615773224810667,-0.002762185424267871,-0.03414959303957332
1705420800001,0.0001,8.0,7.037037037037037,0,-0.0051298714766701,-0.020908950542600335,-0.05723286528441285
1705449600000,0.0001,8.0,6.666666666666667,0,-0.011934308007109595,-0.009192893177515371,-0.03420395848251223
1705478400000,0.0001,8.0,6.296296296296296,0,-0.0033749316922269124,0.006646668808735878,-0.02317656357372211
1705507200000,0.0001,8.0,5.9259259259259265,0,0.006170282863463106,0.002172071351249638,-0.021894855744340358
1705536000001,0.0001,8.0,5.555555555555555,0,0.00390036758860024,-0.03538624863206519,-0.025675081608410588
1705564800000,0.0001,8.0,5.185185185185185,0,-0.007804982607702904,-0.0378693096434638,-0.029388671824944756
1705593600000,0.0001,8.0,4.814814814814815,0,-0.03090195673256424,-0.03926145262678371,-0.02192489133829434
1705622400000,0.0001,8.0,4.444444444444445,0,0.0006203007974256991,0.009852121259113611,0.007887027717268902
1705651200000,0.0001,8.0,4.074074074074074,0,-0.009240626793458828,0.008567436476744517,-0.007158095597868064
1705680000002,0.0001,8.0,3.7037037037037033,0,0.018792746899245483,0.016710095968163863,-0.004624853945548124
1705708800000,0.0001,8.0,3.3333333333333335,0,-0.000652639711686942,0.0003455151414812896,-0.04995573087249772
1705737600003,0.0001,8.0,2.9629629629629632,0,-0.0012486492976347963,0.0007347820866849819,-0.044396686276863995
1705766400000,0.0001,8.0,2.5925925925925926,0,0.0030723998883639414,0.002141296711545726,-0.05667699621784439
1705795200000,0.0001,8.0,2.2222222222222223,0,-0.000753154734920769,-0.002290645770220645,-0.04339754337235835
1705824000000,0.0001,8.0,1.8518518518518516,0,-0.00017522845710149504,-0.01583297127453498,-0.0398896780837209
1705852800000,0.0001,8.0,1.4814814814814816,0,-0.0013636603717414042,-0.02178975622170043,-0.03900356760442325
1705881600000,0.0001,8.0,1.1111111111111112,0,-0.01431634924679892,-0.048103414287019364,-0.0371359608422005
1705910400000,0.0001,8.0,1.1111111111111112,0,-0.006226783706460792,-0.029348565742201904,-0.021341307258727404
1705939200000,0.0001,8.0,1.1111111111111112,0,-0.028226776291569444,-0.03772487421769544,-0.022822432200270026
1705968000000,0.0001,8.0,1.1111111111111112,0,0.005104192711687494,0.007250933832387396,0.00921078219669691
1705996800000,0.0001,8.0,1.1111111111111112,0,-0.014802623313315055,0.005053144709400215,0.004437520416111784
1706025600000,0.0001,8.0,1.1111111111111112,0,0.017192963662935323,0.02091670301138282,0.056034625674927785
1706054400000,0.0001,8.0,1.1111111111111112,0,0.0029110877087408227,0.00424000802366975,0.047562810290356694
1706083200000,0.0001,8.0,1.1111111111111112,0,0.0007475355079367141,0.0031801510571753955,0.04185198796942857
1706112000000,0.0001,8.0,1.1111111111111112,0,0.0005770960327771135,-0.0053187768562007465,0.044291495952833104
1706140800000,0.0001,8.0,1.1111111111111112,0,0.0018526332610091512,-0.0022845814472012282,0.05138185967426612
1706169600001,0.0001,8.0,1.1111111111111112,0,-0.009259005479158477,-0.0038296801457123886,0.05566864919681369
1706198400000,0.0001,8.0,1.1111111111111112,0,0.003629276329834674,0.03992957445793177,0.06147416432459041
1706227200001,0.0001,8.0,1.1111111111111112,0,0.0007935216591361538,0.046014243338297955,0.04963640687385018
1706256000000,0.0001,8.0,1.1111111111111112,0,0.03580613204715122,0.04249054375888095,0.05201933275962145
1706284800000,0.0001,8.0,1.1111111111111112,0,0.009032747331837454,0.009564085410180834,0.029670401329311202
1706313600000,8.966e-05,8.0,0.7407407407407408,0,-0.002556314311769836,0.007901117549767855,0.03533123179403952
1706342400000,0.0001,8.0,1.4814814814814816,0,0.003090796960076414,0.017419328519561184,0.03989719740545827
1706371200000,8.3e-05,8.0,0.3703703703703704,0,0.007370654698822143,0.011047609022772242,0.037621199543550476
1706400000000,0.0001,8.0,1.8518518518518516,0,0.006863140896245401,-0.003091975587166562,0.02051817901161268
1706428800000,4.725e-05,8.0,0.0,0,-0.003191188263597433,-0.008137176281900138,0.015392235482805772
1706457600000,0.0001,8.0,2.2222222222222223,0,-0.00671750740014232,0.008771327908534188,0.025940131605411088
1706486400000,0.0001,8.0,2.2222222222222223,0,0.0017675588630450267,0.03040105958245576,0.01533631261493884
1706515200001,9.142e-05,8.0,1.8518518518518516,0,0.01551139578786187,0.030185879969756968,0.002175494657555843
1706544000000,0.0001,8.0,2.5925925925925926,0,0.014580117935703019,0.01735962883560771,-0.0022306454563791878
1706572800000,0.0001,8.0,2.5925925925925926,0,0.0018425615535775375,-0.006519477517050065,-0.0038885677956305154
1706601600000,9.492e-05,8.0,2.2222222222222223,0,0.0008953563772220452,-0.006555947081668956,-0.005992887916611789
1706630400001,5.149e-05,8.0,0.3703703703703704,0,-0.006821977981414262,-0.0004129638345190534,0.00028838256600494105
1706659200000,2.154e-05,8.0,0.0,0,0.0018057850278081489,-0.008153957135876078,0.004954273613664517
1706688000000,0.0001,8.0,3.7037037037037033,0,0.007163663224206029,-0.02038066832982588,6.968543992513787e-06
1706716800000,0.0001,8.0,3.7037037037037033,0,-0.016983786526442057,-0.018928019557646558,-0.005562858922023017
1706745600000,0.0001,8.0,3.7037037037037033,0,-0.010543702167394753,0.010890935794625412,0.008220990742000778
1706774400000,0.0001,8.0,3.7037037037037033,0,0.008657156677700728,0.021383248129143606,0.01522056661576543
1706803200002,0.0001,8.0,3.7037037037037033,0,0.011921967864973793,0.018941663905319928,0.008464996698134275
1706832000000,0.0001,8.0,3.7037037037037033,0,-0.00027386577791810307,0.0023000083552271455,-0.012091870364009383
1706860800000,0.0001,8.0,3.7037037037037033,0,0.00474056877539164,-0.0005594892629134929,0.00016018572257703312
1706889600000,0.0001,8.0,3.7037037037037033,0,-0.002155769977263855,-0.003729274108578595,-0.01452429804617461
1706918400000,7.627e-05,8.0,1.4814814814814816,0,-0.0031260202982917873,-0.004929849788935736,-0.011450496574113345
1706947200000,9.042e-05,8.0,2.9629629629629632,0,0.0015539744813697354,-0.0054772374096709875,-0.003133500112657339
1706976000001,8.028e-05,8.0,1.8518518518518516,0,-0.0034347763568643996,-0.004775290019435108,0.0034139033067548397
1707004800000,8.307e-05,8.0,2.5925925925925926,0,-0.0036744002047798263,-0.009475717310869602,0.002450375817373729
1707033600004,8.846e-05,8.0,3.3333333333333335,0,0.001977715096947774,0.006706018604998754,0.0016881794747263257
1707062400000,0.0001,8.0,5.555555555555555,0,-0.008368083867210219,-0.006392545136866712,0.0024461269656377294
1707091200000,0.0001,8.0,5.555555555555555,0,0.012124757434372135,0.0029507256999750098,0.0424166819371421
1707120000000,0.0001,8.0,5.555555555555555,0,-0.010011164781497661,-0.0038508050944828787,0.03377520490043384
1707148800000,0.0001,8.0,5.555555555555555,0,0.0009566102235374352,0.013910707000605038,0.0652933370222224
1707177600000,0.0001,8.0,5.555555555555555,0,0.005261012756667682,0.009062715207278416,0.06126058175651283
1707206400001,6.723e-05,8.0,1.1111111111111112,0,0.008945603455110973,0.00042209442788720963,0.07742517734962018
1707235200000,0.0001,8.0,5.9259259259259265,0,-0.0038294418403520547,-0.004946362377121427,0.08962882626220114
1707264000000,7.527e-05,8.0,1.8518518518518516,0,-0.004331647256275328,0.03001511201695517,0.09384307180181195
1707292800000,5.373e-05,8.0,1.1111111111111112,0,0.0032244000587526855,0.03835940286815398,0.09952275148805034
1707321600000,8.306e-05,8.0,3.7037037037037033,0,0.031171275854055436,0.05590053451080634,0.09987450615849403
1707350400000,0.0001,8.0,7.037037037037037,0,0.003734395882022845,0.021081194375643486,0.0765111682551558
1707379200000,6.535e-05,8.0,1.4814814814814816,0,0.02017199182702023,0.03749466735523277,0.0813929990794171
1707408000000,2.59e-05,8.0,0.3703703703703704,0,-0.0028325930882088235,0.037072414901156314,0.06000387363157356
1707436800000,3.16e-05,8.0,0.7407407407407408,0,0.01986902599394802,0.04004264269964497,0.06593285319831299
1707465600000,0.0001,8.0,8.148148148148149,0,0.019756789570388955,0.020635446221235254,0.04391984746866817
1707494400001,9.801e-05,8.0,7.777777777777778,0,0.0003944246171854182,0.003267786747756851,0.05609311813865503
1707523200001,8.041e-05,8.0,4.444444444444445,0,-0.00014626112061455476,0.011024696932119937,0.05864435018727776
1707552000000,0.0001,8.0,8.88888888888889,0,0.0035453473677067304,0.021238157437171834,0.060249701020347546
1707580800000,0.0001,8.0,8.88888888888889,0,0.009267319703513355,0.017623965719791412,0.030926985522190087
1707609600000,0.0001,8.0,8.88888888888889,0,0.008286194003291003,0.011047560827530889,0.03971218141698518
1707638400001,0.0001,8.0,8.88888888888889,0,0.0002367183363269909,0.001733857989762999,0.03579638070122626
1707667200000,0.0001,8.0,8.88888888888889,0,0.002744919718365546,0.035914429930837155,0.07315148759283852
1707696000000,0.0001,8.0,8.88888888888889,0,-0.0011926972143480041,0.0343852950372614,0.07274417680079681
1707724800000,0.0001,8.0,8.88888888888889,0,0.0343123332428068,0.03660106600216029,0.0734239566467576
1707753600000,0.0001,8.0,8.88888888888889,0,0.0012647470305502395,-0.022049892366219348,0.041965148302112176
1707782400000,0.0001,8.0,8.88888888888889,0,0.0009468616440961863,-0.005833308310562613,0.03898948042718864
1707811200000,0.0001,8.0,8.88888888888889,0,-0.02420912847137502,-0.002679903523473137,0.035256730757692534
1707840000000,0.0001,8.0,8.88888888888889,0,0.017867939571194036,0.05930360535587287,0.0636609395527481
1707868800000,0.0001,8.0,8.88888888888889,0,0.004121772503126175,0.0431688718585832,0.05026669700441588
1707897600000,0.0001,8.0,8.88888888888889,0,0.03643633767681753,0.03830527915809401,0.0410144421851375
1707926400000,0.00012283,8.0,81.85185185185185,8,0.0023643314862396014,0.0058102188651207864,-0.014060226604340254
1707955200000,0.0001,8.0,8.88888888888889,0,-0.0005597699152624092,0.0018375895149302934,-0.0020981720616904953
1707984000000,0.0001,8.0,8.88888888888889,0,0.003999768241337964,-0.0002568658503612209,-0.0010197381127120542
1708012800000,0.0001,8.0,8.88888888888889,0,-0.0015946877085935007,-0.001687021858186255,-0.0036991368680640013
1708041600000,0.0001,8.0,8.88888888888889,0,-0.002649213328144051,0.00495740064968353,0.005442929201459723
1708070400000,0.0001,8.0,8.88888888888889,0,0.0025635230185823144,0.002866818507593072,0.013014660569847791
1708099200000,0.0001,8.0,8.88888888888889,0,0.005050349343127092,-0.018099172598242008,0.005034934312701411
1708128000000,0.0001,8.0,8.88888888888889,0,-0.004723971663838866,-0.008842109299360579,-0.007015021232948948
1708156800000,0.0001,8.0,8.88888888888889,0,-0.01839612737440066,-0.0036195102970155713,-0.00020226108631538064
1708185600000,0.00016041,8.0,84.07407407407408,8,0.014525659316183326,0.01638012406271039,0.013915353986903023
1708214400000,0.0001724,8.0,85.18518518518519,8,0.0005203265871409624,0.009408433159310725,0.01169864386256414
1708243200000,0.00015305,8.0,82.96296296296296,8,0.0013069064981867662,0.013788250214595621,-0.002805209066373826
1708272000000,0.00017095,8.0,84.07407407407408,8,0.007566688806166066,0.007064688528135132,-0.012524906936871583
1708300800000,0.00023064,8.0,87.77777777777777,8,0.004861578202040251,-0.007494533838462214,-0.006166558397384558
1708329600000,0.00019594,8.0,85.18518518518519,8,-0.005333877463843395,-0.01021770305730152,-0.01135427472996886
1708358400000,0.00013327,8.0,80.37037037037037,8,-0.0069997910223988935,-0.009423164304325105,-0.010619513139706216
1708387200000,0.00010461,8.0,77.77777777777779,7,0.0021045071205709753,0.009837122733310721,-0.00912661023755823
1708416000000,0.00010912,8.0,78.14814814814814,7,-0.0045354182642103336,-0.0062135615556832,-0.018648391410064247
1708444800000,0.00020259,8.0,85.92592592592592,8,0.012307614889136564,-0.010124411618976814,-0.01409211259754739
1708473600000,0.0001,8.0,8.88888888888889,0,-0.01382327242553505,-0.008416327139309066,-0.029036519823872675
1708502400000,0.00011242,8.0,77.77777777777779,7,-0.008452872328669425,0.0050969269156129204,-0.009117857468287083
1708531200000,0.0001,8.0,8.88888888888889,0,0.014054407057705554,0.009007881652038252,-0.0005259648718034526
1708560000001,0.0001,8.0,8.88888888888889,0,-0.0005148734799662602,-0.010494162838862064,-0.004818984368672563
1708588800001,0.0001348,8.0,80.37037037037037,8,-0.0033300727175206157,-0.01655775438109064,-0.0017209877543616914
1708617600000,0.00012557,8.0,78.51851851851852,7,-0.0055014262239171385,-0.012899962794158726,-0.0008526338635165276
1708646400000,0.0001,8.0,8.88888888888889,0,-0.007525199285281503,-0.010453830700552835,0.008684571003236385
1708675200000,0.0001,8.0,8.88888888888889,0,8.638511662972803e-05,0.003437734982242091,0.008098604684036559
1708704000000,0.00012991,8.0,78.88888888888889,7,-0.003036959820648555,0.0034963318943601607,0.03775292457071289
1708732800000,0.0001,8.0,8.88888888888889,0,0.006407479462197108,0.015798158489614744,0.0741290632556455
1708761600001,0.0001,8.0,8.88888888888889,0,0.0007746569795419322,0.01216954815588589,0.10038067739449219
1708790400000,0.0001,8.0,8.88888888888889,0,0.009184775378933141,0.008678096609360475,0.11104872723858117
1708819200001,0.00011438,8.0,76.66666666666667,7,0.0025965218233783283,0.0032534030906361533,0.10664535193528057
1708848000000,0.00015012,8.0,80.74074074074075,8,-0.003983232561284189,-0.008109413332818227,0.12697471362064627
1708876800000,0.00015062,8.0,80.74074074074075,8,0.00399140432266365,0.02524010488588213,0.18500876634962982
1708905600000,0.00026761,8.0,89.25925925925927,8,-0.008101749004184144,0.05374894236824512,0.20648255825184592
1708934400000,0.00021567,8.0,87.03703703703704,8,0.029505016826623542,0.09508795026797956,0.22321957185591423
1708963200000,0.00027227,8.0,90.0,8,0.03190937948099015,0.07437261407962592,0.1901131621461083
1708992000000,0.00032262,8.0,92.96296296296296,9,0.030810830629342423,0.04610900291481057,0.12329098608590439
1709020800000,0.00073521,8.0,100.0,9,0.010030286485611661,0.037531767019920004,0.09317318072122038
1709049600000,0.00022965,8.0,85.92592592592592,8,0.0047628522177636246,0.07582355085159098,0.08166046586153053
1709078400000,0.00026729,8.0,87.77777777777777,8,0.022359027200942183,0.09447779868989681,0.09480549977043395
1709107200000,0.00023682,8.0,86.66666666666667,8,0.04730708380684989,0.07659911450271784,0.06426454531274373
1709136000000,0.00053538,8.0,98.51851851851852,9,0.02218494271685767,0.029656301145662756,0.011797054009820007
1709164800000,0.00069091,8.0,99.62962962962963,9,0.005658428801306625,-0.018911064678050704,-0.006707175508962382
1709193600000,0.00076337,8.0,100.0,9,0.0016414871140872922,-0.02133614822103236,-0.01704694716831534
1709222400000,0.00057031,8.0,98.51851851851852,9,-0.026030010172939932,-0.0235328713123093,-0.010883456256358004
1709251200000,0.00053322,8.0,97.03703703703704,9,0.003172613685323844,0.019580771088741677,0.03209170550833629
1709280000000,0.00064824,8.0,98.51851851851852,9,-0.0006068119110833603,0.010094552032901216,0.042820097350200426
1709308800000,0.0004601,8.0,95.18518518518519,9,0.016973376850638378,0.006337139741012354,0.0836443843956276
1709337600000,0.00033426,8.0,90.74074074074075,9,-0.006160943237368266,-0.007004491454072226,0.09208121112395196
1709366400001,0.00057174,8.0,98.14814814814815,9,-0.004429201182622466,-0.006315474360687023,0.06881839148537572
1709395200000,0.00056396,8.0,97.4074074074074,9,0.00349073451006765,0.006575456804182478,0.08509271960246378
1709424000000,0.00046267,8.0,94.44444444444444,9,-0.004810063736568448,0.019411121821634403,0.02916826518539062
1709452800000,0.00042989,8.0,92.96296296296296,9,0.007922161643844516,0.0382696612470077,0.08152813007181958
1709481600000,0.00044598,8.0,93.7037037037037,9,0.016287063716407424,0.06978609067081476,0.0703774709813858
1709510400000,0.00055071,8.0,96.66666666666667,9,0.013600397211926518,0.07884308863897971,0.045312519765720705
1709539200000,0.00046833,8.0,94.07407407407408,9,0.038517399911701666,0.03698388010152742,0.036860636902133814
1709568000000,0.0006362,8.0,98.14814814814815,9,0.02489112947443206,0.007682150641656449,0.012758018263509419
1709596800000,0.0004896,8.0,94.07407407407408,9,-0.02572738905035976,-0.06420927815861477,-0.020251543013093065
1709625600000,0.00082969,8.0,100.0,9,0.009172338261753898,0.004513205639701701,0.012301494171947036
1709654400000,0.00088148,8.0,100.0,9,-0.048228045669955755,-0.007074997055811494,0.011044806823958364
1709683200000,0.0003628,8.0,88.14814814814815,8,0.04582112298167007,0.035402319014003814,0.06824692502752705
1709712000001,0.00033876,8.0,87.03703703703704,8,-0.005785288240665709,-0.004688310310247634,0.02264945577041777
1709740800000,0.00049354,8.0,93.33333333333333,9,-0.00751125637510941,0.012198472526037119,0.02619706425930146
1709769600000,0.00030311,8.0,83.7037037037037,8,0.005404922972662263,0.011175922452289155,0.03458364091827737
1709798400000,0.00040984,8.0,89.62962962962962,8,0.01437626854959917,0.012421818225587966,0.044896687966514026
1709827200000,0.00054217,8.0,95.18518518518519,9,-0.00851389515152956,0.005977525690011198,0.028089920972067306
1709856000000,0.00034819,8.0,86.29629629629629,8,0.0066437081495756,0.020318586824483953,0.031899074279080564
1709884800000,0.00043497,8.0,90.0,8,0.007919535498214447,0.016443921990568988,0.06249433416605599
1709913600000,0.00062913,8.0,97.03703703703704,9,0.005620578512640417,0.007805703737124636,0.06349690809204067
1709942400000,0.00019134,8.0,72.22222222222221,7,0.0028209737344473407,0.0027740552523776163,0.059067436520759964
1709971200001,0.00031281,8.0,82.22222222222221,8,-0.0012232085183249142,0.014989784674380946,0.05413538010072094
1710000000000,0.00026407,8.0,77.03703703703704,7,0.0005998396526196714,0.014065508342160138,0.051909538328290594
1710028800000,0.0003101,8.0,81.85185185185185,8,0.015427107611057256,0.00855209481727548,0.04554147670946862
1710057600000,0.00063451,8.0,97.03703703703704,9,-0.0019395890720642628,0.029472538327403264,0.0514660672707663
1710086400000,0.00054479,8.0,94.44444444444444,9,-0.0048403618368848544,0.04062297115981117,0.047735634008050365
1710115200000,0.00035489,8.0,85.18518518518519,8,0.0364901598347287,0.047182052118444506,0.05969047877931222
1710144000000,0.00078428,8.0,99.25925925925925,9,0.008870612424731972,0.01037282588171129,0.02553063522368859
1710172800000,0.00066396,8.0,97.77777777777777,9,0.0014321622322321925,-0.003174880456739082,-0.014536515977689901
1710201600000,0.0004447,8.0,88.51851851851852,8,5.6761546129324714e-05,-0.01003294938531396,-0.00965500055377111
1710230400000,0.000453,8.0,88.88888888888889,8,-0.004656951302742129,0.010878217400994705,-0.0516223882518575
1710259200000,0.00047935,8.0,90.37037037037037,9,-0.005457602743822232,0.010041766516410977,-0.051062799983866314
1710288000000,0.00033224,8.0,80.37037037037037,8,0.02118105424201433,0.022200530575199995,-0.027455938065064744
1710316800001,0.0006442,8.0,96.66666666666667,9,-0.004813870083044014,0.004887845320518336,-0.049683961346568384
1710345600000,0.00045402,8.0,88.14814814814815,8,0.006514581729703428,-0.02122643782781175,-0.0587248714915789
1710374400001,0.00024393,8.0,72.22222222222221,7,0.003208442059311034,-0.02159475708291625,-0.10288623023101873
1710403200000,0.00038753,8.0,84.81481481481481,8,-0.03054563705847546,-0.06563984080698526,-0.1044779172883723
1710432000000,0.00038258,8.0,84.44444444444444,8,0.006392778861061377,-0.04012228440550247,-0.0431878357123362
1710460800000,0.00038515,8.0,84.44444444444444,8,-0.042322176960519764,-0.02782709346246437,-0.04290790750210405
1710489600000,0.00014328,8.0,62.22222222222222,6,-0.004069651174841815,0.013221987210084718,-0.0037178628200582597
1710518400000,0.00015306,8.0,63.70370370370371,6,0.019283786932988267,0.0018863140368439169,-0.010788778263565169
1710547200000,0.0001,8.0,7.777777777777778,0,-0.0018851374669275334,-0.056180259979293656,-0.027658748418267542
1710576000000,0.00023202,8.0,69.62962962962963,6,-0.015211869839755976,-0.0540735223567953,-0.0691038697417915
1710604800000,0.00020813,8.0,67.77777777777779,6,-0.039791096742103904,-0.0050704390186814274,-0.062183829015316605
1710633600000,0.00013089,8.0,59.62962962962963,5,0.00034279446044149786,0.043088501912031285,-0.05447384859149562
1710662400000,0.00017773,8.0,65.18518518518519,6,0.03580441520267441,0.039490096634911875,-0.041287247085341816
1710691200000,0.00024827,8.0,71.11111111111111,7,0.006687212543963872,-0.007619422911789964,-0.06596932233893626
1710720000000,0.00020181,8.0,66.2962962962963,6,-0.00310814837318818,-0.012337654750150362,-0.008456851071785398
1710748800000,0.00030597,8.0,75.92592592592592,7,-0.011138069870070488,-0.05327578224355478,-0.017578869021455445
1710777600001,0.00027195,8.0,72.22222222222221,7,0.003585275913585928,-0.04876805236073889,-0.015605361758637804
1710806400000,0.00026923,8.0,71.48148148148148,7,-0.044428834451091026,-0.08220879762793831,-0.030427163360223553
1710835200000,0.00029065,8.0,74.07407407407408,7,-0.007891209944255406,-0.025807769568622074,0.025283133331888807
1710864000001,0.00024018,8.0,68.88888888888889,6,-0.030724524774072948,-0.011064194453100584,-0.007916796509816137
1710892800000,0.00015847,8.0,60.74074074074074,6,0.014293885903498893,0.09385367740064288,0.027065088662052927
1710921600004,0.00018388,8.0,63.70370370370371,6,0.008879167971413748,0.06598019751618533,0.028234991170107637
1710950400000,0.0001,8.0,7.777777777777778,0,0.06867347356423892,0.04644243574849116,0.024745056183666403
1710979200000,0.00010403,8.0,54.81481481481482,5,-0.012279373421991369,-0.03422197736800703,-0.05626622200093678
1711008000000,0.00019304,8.0,65.18518518518519,6,-0.00862904645010043,-0.011971198730548971,-0.037081336145056376
1711036800000,0.0001951,8.0,65.55555555555556,6,-0.013704606312242351,-0.03972681048229387,-0.011205885007672056
1711065600000,0.00016271,8.0,62.22222222222222,6,0.01047694583835379,-0.027787014017052303,0.027240974330033696
1711094400000,0.0001,8.0,7.777777777777778,0,-0.03647854562799335,-0.022981166764025174,0.009903411174960297
1711123200000,0.00011993,8.0,56.666666666666664,5,-0.0014412562741645818,0.019778109197094995,0.09435215530476304
1711152000000,0.0001,8.0,7.777777777777778,0,0.015471939655983924,0.005103449574215713,0.09740638707774574
1711180800000,0.0001,8.0,7.777777777777778,0,0.005690016901652051,-0.0024904445412607945,0.08823929278790743
1711209600000,0.00010806,8.0,55.925925925925924,5,-0.01581056813276449,0.009730289404676684,0.08067199523163593
1711238400000,0.00010351,8.0,55.18518518518518,5,0.007799708115785897,0.051235825275299796,0.09308296847806585
1711267200000,0.00014616,8.0,60.74074074074074,6,0.018010971684875532,0.036238775086655295,0.08231396613088582
1711296000000,0.00015884,8.0,62.59259259259259,6,0.024645096311983528,0.06278649791340518,0.05127257181370193
1711324800000,0.00025549,8.0,71.85185185185186,7,-0.0065776774710835095,0.03861972709320116,0.03151939895172906
1711353600001,0.00016324,8.0,63.70370370370371,6,0.042218428045834866,0.055460701145871205,0.052184863028738704
1711382400000,0.00028815,8.0,75.55555555555556,7,0.0013456252863033313,0.007030176362803564,0.02081567796610173
1711411200000,0.00021963,8.0,69.25925925925925,6,0.006989278055754111,0.0011436740528949496,0.012172980700500435
1711440000000,0.00018348,8.0,65.55555555555556,6,-0.0013032571491035094,-0.00792175914161064,-0.006394194117171015
1711468800000,0.00026764,8.0,74.07407407407408,7,-0.0045076485029234,-0.01773918185682155,-0.014436984609173753
1711497600000,0.00028757,8.0,76.29629629629629,7,-0.0021290875339141646,-0.007970869627302535,-0.0015022133371411783
1711526400001,0.00029551,8.0,77.03703703703704,7,-0.01033989691592263,0.008200064982187172,0.0008587954249104079
1711555200000,0.00043631,8.0,86.66666666666667,8,0.0053922476671222075,0.03199602889758513,0.013117373283627165
1711584000000,0.00024195,8.0,71.48148148148148,7,0.01407333623139162,0.019140140315926812,0.0029306855443502755
1711612800000,0.00029899,8.0,77.77777777777779,7,0.012215842553886302,-0.006543694419406831,-0.0011653737783803297
1711641600000,0.0002943,8.0,77.4074074074074,7,-0.00713222951587511,-0.027746420212564682,-0.011891723612784122
1711670400000,0.0001825,8.0,65.18518518518519,6,-0.01148280756763631,-0.012382506020352624,0.00694618051877427
1711699200000,0.00025456,8.0,72.96296296296296,7,-0.009387256477849881,-0.000691542181929794,-0.005193710395279272
1711728000000,0.0003017,8.0,79.25925925925927,7,0.008557437816865354,0.0097228532485234,-0.013608532917937732
1711756800000,0.00019624,8.0,67.77777777777779,6,0.0002188064892569841,-0.003566688785667016,-0.0029431617966730883
1711785600000,0.00032267,8.0,81.48148148148148,8,0.0009365156755567483,0.006109513712448056,-0.04847433732579742
1711814400000,0.0003436,8.0,83.7037037037037,8,-0.004716765515901722,0.006520906898876744,-0.0706314923377559
1711843200000,0.00032351,8.0,81.85185185185185,8,0.009931769318870076,0.02322053407658964,-0.05949589094572827
1711872000000,0.00039889,8.0,86.66666666666667,8,0.001345793648763749,-0.010550340072249309,-0.05969099327245275
1711900800001,0.00040301,8.0,86.66666666666667,8,0.011529592621060791,-0.029825198328847113,-0.06481105933273001
1711929600000,0.00070161,8.0,98.14814814814815,9,-0.023400515897005758,-0.02208201892744488,-0.07469706129468001
1711958400000,0.00033491,8.0,82.5925925925926,8,-0.017766606822262165,-0.04416804308797129,-0.051241651705565494
1711987200000,0.00027469,8.0,76.66666666666667,7,0.019462478797449778,-0.04864888576943327,-0.011120371995086864
1712016000007,0.00010926,8.0,56.2962962962963,5,-0.04374503810876018,-0.05880047490593032,-0.017830506819953462
1712044800015,0.0001,8.0,7.777777777777778,0,-0.02432261202723973,-0.007387912708230804,0.004906258632493055
1712073600000,0.00016456,8.0,64.44444444444444,6,0.007208619603141564,0.013396658520465454,0.04823165951952779
1712102400000,0.0001,8.0,7.777777777777778,0,0.009722264611628395,0.006682435525713348,0.035440256371127576
1712131200000,0.0001,8.0,7.777777777777778,0,-0.0035440573940825892,-0.0016594349759926352,0.027451709384270995
1712160000000,0.0001,8.0,7.777777777777778,0,0.000535395236954006,0.025706554875736698,0.03359188019280279
1712188800000,0.0001,8.0,7.777777777777778,0,0.0013552045767715182,0.03661326190465375,0.04484150624773564
1712217600000,0.0001,8.0,7.777777777777778,0,0.02377027217279548,0.014149836581271114,0.050147372054261785
1712246400000,0.0001,8.0,7.777777777777778,0,0.011174448264389403,0.008450704225352101,0.029805922147055464
1712275200000,0.0001,8.0,7.777777777777778,0,-0.020344178102223887,-0.007762140408755447,0.014214017477977015
1712304000000,0.0001,8.0,7.777777777777778,0,0.01801707666587049,0.01480027465966094,0.057079949844757394
1712332800000,0.0001,8.0,7.777777777777778,0,-0.005082185955805896,-0.0007566093344477665,0.05371193125998919
1712361600000,0.0001,8.0,7.777777777777778,0,0.0019321350460705933,0.015822579599247932,0.05616455718589197
1712390400000,0.0001,8.0,7.777777777777778,0,0.0024108791103722993,0.02039318364014786,0.034580449667934055
1712419200000,0.0001,8.0,7.777777777777778,0,0.011425234124853079,0.021949480097553264,0.017517909707487123
1712448000000,0.0001,8.0,7.777777777777778,0,0.00644024025766754,0.006226968052694071,0.003608217508632494
1712476800000,0.0001,8.0,7.777777777777778,0,0.003939749084256983,0.020844775615937117,-0.0005881513451797549
1712505600000,0.0001,8.0,7.777777777777778,0,-0.0041353642566682725,0.03186097135111554,-0.013045063983274763
1712534400001,0.0001,8.0,7.777777777777778,0,0.02140693951717565,0.03440916039341246,0.017674713737706016
1712563200000,0.0001,8.0,7.777777777777778,0,0.014773518376522965,-0.006799320491584493,9.88478576138263e-05
1712592000006,0.00035189,8.0,84.44444444444444,8,-0.0025697789545116034,-0.03668470703407467,-0.025074812828870474
1712620800000,0.00020915,8.0,69.25925925925925,6,-0.018543661818532065,-0.03472628249047982,-0.02257222316025087
1712649600001,0.00020603,8.0,68.51851851851852,6,-0.013728840103076734,-0.013314540355073401,0.008127963097424473
1712678400001,0.00019061,8.0,65.55555555555556,6,-0.001729347077648935,-0.008254095651081927,0.0025709241613460776
1712707200000,0.00011929,8.0,55.925925925925924,5,0.00223202991845306,0.020641939899992412,-0.029967603762647288
1712736000001,0.00012457,8.0,56.666666666666664,5,-0.008670520231213952,0.02181987134904584,-0.027093752434931395
1712764800000,0.0001,8.0,7.777777777777778,0,0.027175502329973122,0.019486518454288948,-0.015263033082271282
1712793600000,0.00013979,8.0,58.51851851851851,5,0.003120281689342752,-0.007887811497027108,-0.09408293745556118
1712822400000,0.00020153,8.0,67.4074074074074,6,-0.010572851436470243,-0.00013131345934702665,-0.09053992423354584
1712851200000,0.00019763,8.0,67.03703703703704,6,-0.0004052852623153136,-0.009726846295564306,-0.08364288660146912
1712880000000,0.00011258,8.0,53.70370370370371,5,0.010962842829752795,-0.04202970346502355,-0.06509750063173037
1712908800001,0.0002563,8.0,73.70370370370371,7,-0.01916539918853144,-0.04778710321579316,-0.06419441349302835
1712937600000,0.00012214,8.0,54.44444444444444,5,-0.03301221313542535,-0.02459775912382456,-0.06919767986453873
1712966400000,0.0001,8.0,7.777777777777778,0,0.005096741215200318,-0.04681848596980398,-0.056544021984539894
1712995200000,0.0001,8.0,7.777777777777778,0,0.003586695273242846,-0.044972325065202545,-0.059078905813293114
1713024000001,0.0001,8.0,7.777777777777778,0,-0.05234491762217841,-0.05153413554976627,-0.08810203153336749
1713052800000,0.0001,8.0,7.777777777777778,0,0.007043453653136966,0.023855497411667592,-0.0027251364522569155
1713081600000,0.0001,8.0,7.777777777777778,0,-0.003069370569440344,0.028768556728240524,-0.014823647039462373
1713110400000,0.0001,8.0,7.777777777777778,0,0.01982467697300705,0.005883552993245944,-0.060467600746890504
1713139200000,0.0001,8.0,7.777777777777778,0,0.011875838921050264,-0.03326517616769409,-0.06464597722563181
1713168000001,1.759e-05,8.0,0.0,0,-0.025116088150029525,-0.04220070233896689,-0.07663553376403287
1713196800000,0.0001,8.0,8.148148148148149,0,-0.01986663714745307,-0.043119210660358176,-0.017583026658636536
1713225600001,5.953e-05,8.0,2.5925925925925926,0,0.0026524486571879446,0.005382306477093257,0.0008436018957345137
1713254400000,9.525e-05,8.0,8.148148148148149,0,-0.02605768745902881,-5.3577731833898135e-05,0.01664061318138277
1713283200000,3.513e-05,8.0,1.4814814814814816,0,0.03203916797183437,-0.023873241259691702,0.0427210479309319
1713312000000,6.375e-05,8.0,3.3333333333333335,0,-0.005173565276284098,-0.039715736104274035,-0.00015991019944883167
1713340800000,3.574e-05,8.0,1.8518518518518516,0,-0.04925790865452806,-0.03503698637476804,0.00805757708515209
1713369600000,6.534e-05,8.0,4.074074074074074,0,0.015289217156941648,0.05179669849710189,0.07508026673252655
1713398400000,6.937e-05,8.0,5.185185185185185,0,-0.000326517285008765,0.034496551161177,0.05862781110975068
1713427200000,5.982e-05,8.0,3.7037037037037033,0,0.03629608459559863,0.05361041930347432,0.06372759563957042
1713456000000,-3.334e-05,8.0,0.0,0,-0.0014104483492238806,0.015617366637774799,0.025085493656922253
1713484800001,-3.12e-05,8.0,0.3703703703703704,0,0.019755845779389825,0.0053083181013173775,0.024330185909517077
1713513600000,6.641e-05,8.0,5.9259259259259265,0,-0.0010726154456623949,-0.00849567233768167,0.02378974257229305
1713542400000,5.88e-05,8.0,4.074074074074074,0,-0.010402507525680393,0.006419327809328745,0.023624429755143783
1713571200000,0.0001,8.0,12.592592592592592,1,0.0030027157721761455,0.01674621642132723,0.04675455816958207
1713600000000,-7.66e-06,8.0,0.7407407407407408,0,0.013954048252929896,0.01825313325131206,0.03342343173287521
1713628800000,4.204e-05,8.0,3.3333333333333335,0,-0.00024822809849567307,0.0028846880266175656,0.02436644017779921
1713657600000,3.186e-05,8.0,2.5925925925925926,0,0.004489263396850296,0.0010656410193141674,0.02459918943426942
1713686400000,-2.093e-05,8.0,0.7407407407407408,0,-0.001349511090094735,0.014052417528598538,0.02215101934913344
1713715200000,8.271e-05,8.0,10.37037037037037,1,-0.002061592576422022,0.014169797745623214,-0.005402264215918384
1713744000000,4.409e-05,8.0,4.444444444444445,0,0.017520454394902796,0.028418167785348558,-0.011053306979990074
1713772800000,2.497e-05,8.0,2.2222222222222223,0,-0.001233913701741085,0.0008342165026495874,-0.03074489023467064
1713801600000,8.98e-06,8.0,1.4814814814814816,0,0.011958737882474146,0.00714886650446811,-0.02862881526789296
1713830400000,-1.236e-05,8.0,1.1111111111111112,0,-0.009771201394901396,-0.004774002582485171,-0.03374607159655707
1713859200000,5.24e-05,8.0,6.666666666666667,0,0.005067687667063447,0.007146195981853065,-0.028628653462440923
1713888000001,-1.083e-05,8.0,1.4814814814814816,0,0.0030679748652202576,-0.025792095328838638,-0.043203418040596686
1713916800000,1.413e-05,8.0,2.5925925925925926,0,0.002089143827317619,-0.03376796957195127,-0.04049447084304769
1713945600000,5.302e-05,8.0,7.777777777777778,0,-0.028269310202395648,-0.03842439262513608,-0.053974691149412335
1713974400000,7.047e-05,8.0,11.851851851851853,1,-0.007731616158181298,-0.009513813965135065,-0.02677933825279699
1714003200000,7.02e-05,8.0,11.851851851851853,1,-0.002740080255221433,0.004819674991276557,-0.011591209311599626
1714032000000,4.069e-05,8.0,5.9259259259259265,0,0.0009465895440905481,0.003019401961595891,-0.001565153008545983
1714060800010,1.14e-05,8.0,2.5925925925925926,0,0.004970203698915654,-0.011493304009494998,-0.010753458582674291
1714089600001,1.709e-05,8.0,3.3333333333333335,0,-0.0042683314295809405,-0.012067257992272373,-0.022242129392126997
1714118400000,6.85e-06,8.0,2.2222222222222223,0,-0.011841912646427644,-0.019133316514204357,-0.028302856448734426
1714147200000,5.562e-05,8.0,10.0,0,0.004666504865079579,-0.007711316550095937,-0.007638821033785992
1714176000000,0.0001,8.0,19.25925925925926,1,-0.011989339323558501,-0.00466208510658328,0.0008455127430848641
1714204800001,7.47e-05,8.0,14.444444444444443,1,-0.0003603540677147299,0.014966599781565115,0.001622387036143369
1714233600000,2.834e-05,8.0,5.555555555555555,0,0.007753772459654806,0.008929067752597053,-0.03442979913568156
1714262400000,1.006e-05,8.0,2.9629629629629632,0,0.007375758655090214,-0.007580640839953912,-0.043195468636477496
1714291200000,-2.081e-05,8.0,1.1111111111111112,0,-0.006164041734004422,-0.02384107410773939,-0.10125924801819808
1714320000000,2.782e-05,8.0,6.296296296296296,0,-0.008736704074452484,-0.008777632778224631,-0.10678771068443804
1714348800000,2.472e-05,8.0,5.555555555555555,0,-0.009129729824154609,0.013214208013009321,-0.07416376978915384
1714377600000,5.544e-05,8.0,11.481481481481481,1,0.009172179911275169,0.011944829089417075,-0.07593212298381924
1714406400000,6.828e-05,8.0,15.185185185185185,1,0.013256044785008081,-0.03450033747568193,-0.06005479016953186
1714435200000,9.74e-05,8.0,20.37037037037037,2,-0.010371115729551628,-0.04846071138612762,-0.07473253273398095
1714464000000,9.154e-05,8.0,19.62962962962963,1,-0.03714573055328996,-0.09017666949105574,-0.06304194613599834
1714492800000,0.0001,8.0,21.11111111111111,2,-0.0013948492559432424,-0.06667807109454538,0.015053844799992167
1714521600000,0.0001,8.0,21.11111111111111,2,-0.053756940749757565,-0.03970166512107509,0.03436484418624186
1714550400000,8.946e-05,8.0,19.25925925925926,1,-0.012277467635216532,0.0036677476687085875,0.0957548475369343
1714579200000,9.902e-05,8.0,21.48148148148148,2,0.027468479804868995,0.04308318088732377,0.121405182106892
1714608000000,6.634e-05,8.0,13.703703703703704,1,-0.011022298456260682,0.012591766723842213,0.09697941680960542
1714636800000,6.169e-05,8.0,12.592592592592592,1,0.026511774724493176,0.026060835209357425,0.10504809443367202
1714665600002,-1.23e-06,8.0,2.5925925925925926,0,-0.0016985992049541876,0.043570337218421296,0.08773053625030425
1714694400000,-1.549e-05,8.0,1.4814814814814816,0,0.002132665696605862,0.06373435014677953,0.0844071477332593
1714723200000,-3.764e-05,8.0,0.0,0,0.04310851926977688,0.06402129817444213,0.09078093306288038
1714752000000,8.091e-05,8.0,19.25925925925926,1,0.01760322020797167,0.031109879550091257,0.02960445825089164
1714780800000,2.703e-05,8.0,7.4074074074074066,0,0.002402996340566288,0.018429341715952896,0.005181809206231014
1714809600000,7.455e-05,8.0,18.14814814814815,1,0.010843957265975535,0.012179991262559975,0.010346717502680791
1714838400000,6.265e-05,8.0,14.444444444444443,1,0.005088786596280759,0.012132622768155299,0.0015055767631986239
1714867200000,6.906e-05,8.0,17.40740740740741,1,-0.0037480122400667115,0.0009866481950280281,-0.025473036046277042
1714896000000,6.47e-06,8.0,3.7037037037037033,0,0.010796651295943427,0.012813470152650552,-0.02345003154712766
1714924800000,3.893e-05,8.0,10.37037037037037,1,-0.005979618677030674,-0.013429686299049282,-0.03321941365266046
1714953600000,6.02e-06,8.0,3.7037037037037033,0,0.008022868925441573,-0.013980661386819082,-0.044724057672180795
1714982400000,-1.031e-05,8.0,2.9629629629629632,0,-0.015394247070382172,-0.01443966118399631,-0.05022578435656877
1715011200000,7.746e-05,8.0,21.11111111111111,2,-0.006534754443066393,0.0029699136883589716,-0.02167549089352372
1715040000000,6.064e-05,8.0,15.555555555555555,1,0.007553626310953465,-0.012629511105478275,-0.0008206330597890776
1715068800000,1.581e-05,8.0,6.666666666666667,0,0.001998465379849934,-0.02167808197638954,-0.008302043434781803
1715097600000,9.028e-05,8.0,23.333333333333332,2,-0.021986350918543285,-0.022960836959540876,-0.045683152376035596
1715126400000,4.891e-05,8.0,12.962962962962962,1,-0.0016799091212487127,-0.018787063897517498,-0.02463224912073536
1715155200000,5.553e-05,8.0,14.444444444444443,1,0.0006846662091510858,-0.014956581554835147,-0.019159403472511327
1715184000000,9.292e-05,8.0,24.074074074074073,2,-0.01780841499003405,-0.0016494626799029577,-0.01721094652175381
1715212800000,5.648e-05,8.0,14.814814814814813,1,0.0022173565381766736,0.031335695679261644,-0.0061418813845068865
1715241600000,3.315e-05,8.0,10.0,0,0.014203085357198164,0.029063705854999622,-0.007769683224695845
1715270400000,7.253e-05,8.0,20.74074074074074,2,0.01464285714285718,-0.021642535392535467,-0.01278957528957525
1715299200000,1.026e-05,8.0,5.9259259259259265,0,9.513209090927788e-06,-0.03615970775421673,-0.024953147445227586
1715328000000,5.934e-05,8.0,15.925925925925927,1,-0.03577091142018185,-0.03238899776124615,-0.009012094344768129
1715356800000,7.653e-05,8.0,22.59259259259259,2,-0.0004127291592328497,0.006189293049213562,0.0361803971737098
1715385600000,8.881e-05,8.0,24.074074074074073,2,0.003921723452695813,-0.00018588705962852003,0.03471481964020162
1715414400000,3.771e-05,8.0,11.481481481481481,1,0.002672543750409595,-0.003518057285180509,0.015555155010814836
1715443200000,5.067e-05,8.0,13.703703703703704,1,-0.006746079086664469,0.0028419165532242996,0.008350887629083426
1715472000000,2.604e-05,8.0,8.88888888888889,0,0.0005758634249395378,0.011815072155687112,0.012812138542868112
1715500800000,2.83e-05,8.0,10.0,0,0.00907202865162704,0.02777517418064801,0.022361884653521402
1715529600000,0.0001,8.0,28.51851851851852,2,0.0021412857492055792,0.026888291371302886,0.05513240446508583
1715558400001,0.0001,8.0,28.51851851851852,2,0.014486066340854808,0.020903738171986985,0.07731751065820935
1715587200001,8.469e-05,8.0,25.555555555555554,2,0.009061440990128178,-0.008106930769181564,0.05844613423360512
1715616000000,9.151e-05,8.0,27.037037037037038,2,-0.0018265492343092493,-0.020834721891613173,0.04406093787193521
1715644800000,9.866e-05,8.0,28.888888888888886,2,-0.01466774986923669,-0.021349795468673216,0.03734346159532853
1715673600000,0.0001,8.0,29.629629629629626,2,-0.004440335413127161,0.003160834692701897,0.07067426299629043
1715702400000,4.392e-05,8.0,13.703703703703704,1,-0.002351621743830412,0.049367849716622336,0.08933083314830448
1715731200000,0.0001,8.0,30.0,2,0.010010234416881758,0.07585977224361162,0.08650356580080243
1715760000000,-3.85e-06,8.0,3.7037037037037033,0,0.04141655890319296,0.06296121158312595,0.07474120682223218
1715788800000,2.373e-05,8.0,8.518518518518519,0,0.02283461161854694,0.016113189246959703,0.03184026737422818
1715817600004,2.103e-05,8.0,8.518518518518519,0,-0.0032846913475982342,-0.01572821215064346,0.009733424222864162
1715846400000,5.148e-05,8.0,16.296296296296298,1,-0.004481923262573795,0.004082454072391828,0.018296899423039248
1715875200000,3.543e-05,8.0,12.962962962962962,1,-0.008248785937393088,0.02162133406291078,0.016032466200041062
1715904000000,4.647e-05,8.0,15.925925925925927,1,0.016991883375632844,0.02502881279042657,0.015313691592795609
1715932800000,8.15e-06,8.0,5.555555555555555,0,0.01290735787213193,0.006971329540745197,0.007495761594394024
1715961600000,-2.98e-06,8.0,4.074074074074074,0,-0.004940934924271834,-0.006013628113190617,0.0036227571636862077
1715990400000,6.28e-06,8.0,5.185185185185185,0,-0.0009240168117231606,0.0009240168117234937,0.06906801391706896
1716019200000,8.012e-05,8.0,28.51851851851852,2,-0.0001541452347423311,0.007135577468456278,0.06128395497761896
1716048000000,-7.92e-06,8.0,3.3333333333333335,0,0.0020041969890642886,0.0005463270358541106,0.04501136060877298
1716076800000,3.339e-05,8.0,14.074074074074074,1,0.005276075269218694,-0.010392314736114017,0.04895755687241676
1716105600000,5.21e-05,8.0,19.25925925925926,1,-0.006695702179446483,-0.006567910260353749,0.03650391028412914
1716134400000,4.779e-05,8.0,18.14814814814815,1,-0.008950383192487865,0.009143363207836375,0.05429470292297389
1716163200000,5.607e-05,8.0,21.85185185185185,2,0.009161031276415876,0.07929748822605975,0.0453568409612366
1716192000000,2.479e-05,8.0,11.11111111111111,1,0.009013550240895007,0.06073152454046027,0.04356748719989123
1716220800003,2.552e-05,8.0,11.851851851851853,1,0.055955088076221404,0.03129167615392103,0.007361616687316719
1716249600000,0.0001,8.0,36.2962962962963,3,-0.008198452335831607,-0.017904569567266604,-0.04944805199346036
1716278400001,0.00010517,8.0,54.81481481481482,5,-0.01714303428606867,-0.016732988011430527,-0.053414515919941064
1716307200000,0.0001,8.0,36.2962962962963,3,0.005787988598765503,0.009434664909692358,-0.020295916467336084
1716336000000,0.0001,8.0,36.2962962962963,3,-0.006658967176532471,-0.013789302645501156,-0.023087077815642454
1716364800000,0.00015759,8.0,61.85185185185185,6,0.010353602328198486,0.0002021403943888167,-0.013526202986230085
1716393600000,0.0001,8.0,36.2962962962963,3,-0.01735208022055823,-0.0335448956165032,-0.02146413586526985
1716422400000,0.0001,8.0,36.2962962962963,3,0.007433634452325366,-0.018585530115749926,0.0009992375759535488
1716451200000,0.0001,8.0,36.2962962962963,3,-0.02373594619852193,-0.03699568280978571,-0.005969819801741827
1716480000000,0.0001,8.0,36.2962962962963,3,-0.0021420727159545683,0.004234227356279874,0.011495839181578482
1716508800000,0.0001,8.0,36.2962962962963,3,-0.0114646064117635,0.009331177343866015,0.008304188730492212
1716537600000,0.0001,8.0,36.2962962962963,3,0.018061664173606218,0.024164080581664527,0.022229168062036342
1716566400000,0.0001,8.0,36.2962962962963,3,0.002922514619883021,0.008230994152046867,0.030847953216374346
1716595200000,0.0001,8.0,36.2962962962963,3,0.0030626866803014074,0.01052625441144972,0.012494187309310956
1716624000000,0.0001,8.0,36.2962962962963,3,0.002223514024124462,0.007863682604272615,-0.016493242261299113
1716652800000,0.0001,8.0,36.2962962962963,3,0.005205690007685337,-0.0009918362020212568,-0.00761277786639214
1716681600000,0.0001,8.0,36.2962962962963,3,0.00041978015637189614,-0.011423501918582768,-0.012361155188828854
1716710400000,0.0001,8.0,36.2962962962963,3,-0.006582447863119678,-0.009676847230974062,-0.019190755445840257
1716739200000,0.0001,8.0,36.2962962962963,3,-0.0052906904169557345,0.023447410972703198,-0.021840608697924258
1716768000000,0.0001,8.0,36.2962962962963,3,0.0021873600067705556,0.0135254435642147,-0.012307000865313333
1716796800000,0.0001,8.0,36.2962962962963,3,0.026645311589982512,-0.014631624927198494,-0.015014560279557276
1716825600000,0.0001,8.0,36.2962962962963,3,-0.014934051907530832,-0.029385902708835676,-0.027354985108495322
1716854400000,0.0001,8.0,36.2962962962963,3,-0.02565472162632987,-0.014280778035331121,-0.014944498034755282
1716883200000,0.0001,8.0,36.2962962962963,3,0.011272979278937001,0.005099364463443612,0.008339847299819292
1716912000000,0.0001,8.0,36.2962962962963,3,0.00039597884216369117,-0.015314591308921988,-0.015510388965194744
1716940800001,0.0001,8.0,36.2962962962963,3,-0.007493422975738073,-0.010524700380005969,-0.012022800350774743
1716969600000,0.0001,8.0,36.2962962962963,3,-0.00926636499157607,-0.0054601427223088805,-0.004957350904584157
1716998400000,0.00012558,8.0,63.70370370370371,6,0.004404220810537041,0.017677723219651664,0.005413274095969811
1717027200000,0.0001,8.0,36.2962962962963,3,-0.0005599327489742567,0.010818964434667455,0.0016236572325141196
1717056000000,0.0001,8.0,36.2962962962963,3,0.013782949586688797,0.008731862205981544,0.0013910076749328315
1717084800000,0.0001,8.0,36.2962962962963,3,-0.0023650796428175136,-0.01756603850617955,-0.005812088444063224
1717113600000,0.00014599,8.0,66.2962962962963,6,-0.0026235402446689315,-0.011843201449889706,-0.009047194492757815
1717142400000,0.00012268,8.0,64.44444444444444,6,-0.012646634280731872,-0.008155100784736136,0.01102587211219297
1717171200000,0.0001,8.0,36.2962962962963,3,0.0034463054625870626,0.005613233100561832,0.03515023784257121
1717200000000,0.0001,8.0,36.2962962962963,3,0.0010989709904198897,0.0027792281170915256,0.018376333223387054
1717228800000,0.0001,8.0,36.2962962962963,3,0.001059350206107812,0.0008850080522435633,0.02034484287044025
1717257600001,0.0001025,8.0,62.22222222222222,6,0.0006908187530720866,0.007134032123071954,0.042956231908445996
1717286400000,0.0001,8.0,36.2962962962963,3,-0.0007920751188114084,5.01500075225092e-05,0.041866406279960744
1717315200000,0.0001,8.0,36.2962962962963,3,0.006490717108361244,0.018437356534780847,0.05198035513684829
1717344000000,0.0001,8.0,36.2962962962963,3,-0.005611402322586834,0.02291200394235471,0.050988082003326385
1717372800000,0.0001,8.0,36.2962962962963,3,0.017579646017699124,0.015502949852507442,0.04992477876106194
1717401600000,0.00014135,8.0,69.25925925925925,6,0.010912875279561973,0.0009870723954552574,0.03006729775524386
1717430400000,0.0001,8.0,36.2962962962963,3,-0.012813858524219679,0.012786616349892865,0.023178788956309093
1717459200000,0.00012008,8.0,67.4074074074074,6,0.0030340836965567775,0.025909535214397428,0.028760615298811354
1717488000000,0.0001,8.0,36.2962962962963,3,0.022829423689545436,0.03191717347234291,0.030515493773530133
1717516800000,0.0001,8.0,36.2962962962963,3,-2.2651146855956483e-05,0.01447549853758523,0.006490969270887881
1717545600000,0.0001,8.0,36.2962962962963,3,0.008907765272173851,0.00778509237630054,-0.018286968216889576
1717574400000,0.00016387,8.0,74.81481481481481,7,0.005541351758667101,-0.002776990410332192,-0.023752459159016692
1717603200000,0.00013226,8.0,70.74074074074073,7,-0.00661744286489796,-0.00415439211488855,-0.03043716708694366
1717632000000,0.0001,8.0,36.2962962962963,3,-0.0016660836778584764,-0.004967345602789219,-0.025860821606829454
1717660800008,0.00010438,8.0,66.66666666666666,6,0.004046867654055486,0.0018636705300763001,-0.024296689591878806
1717689600000,0.0001177,8.0,68.51851851851852,6,-0.00742838565386883,-0.0037317092994250123,-0.02552220107789349
1717718400000,0.0001,8.0,36.2962962962963,3,0.004745077388103702,-0.021007661866999428,-0.016289408778322634
1717747200000,0.0001,8.0,36.2962962962963,3,-0.001015914590107081,-0.02242459328287949,-0.02560301486354699
1717776000000,0.00010166,8.0,66.2962962962963,6,-0.02464023540300253,-0.022745590061762466,-0.014733786154038753
1717804800000,0.0001,8.0,36.2962962962963,3,0.003290873090839197,1.0094702732610372e-05,0.003096189538138505
1717833600000,0.0001,8.0,36.2962962962963,3,-0.0013439411253171052,-0.003597737579324911,-0.028918450802411844
1717862400000,0.0001,8.0,36.2962962962963,3,-0.0019286680675897339,0.0008938081119203023,-0.044825700221652776
1717891200000,0.0001,8.0,36.2962962962963,3,-0.0003287955699123879,0.004809356252884145,-0.029186375173050227
1717920000000,0.0001,8.0,36.2962962962963,3,0.0031577641471873807,0.0003476569938201113,-0.026726311719935558
1717948800001,0.0001,8.0,36.2962962962963,3,0.0015599278263807026,0.007520721161103916,0.0033498910925964243
1717977600000,0.0001,8.0,36.2962962962963,3,-0.004767679667037394,-0.001715044311291325,-0.01981557891715402
1718006400000,0.0001,8.0,36.2962962962963,3,0.010127578941903748,-0.025750843964911785,-0.02366130076587747
1718035200001,0.0001,8.0,36.2962962962963,3,-0.006977978697900622,-0.05297983949222018,-0.05239191981460556
1718064000001,0.0001,8.0,36.2962962962963,3,-0.027947106278902067,-0.03212882569846209,-0.039325406747657055
1718092800000,0.0001,8.0,36.2962962962963,3,-0.01770288752449689,-0.0013484390079279152,-0.009431672182783957
1718121600000,0.0001,8.0,36.2962962962963,3,0.01441302159617619,0.05152975426287898,0.0013290418241325153
1718150400000,0.0001,8.0,36.2962962962963,3,0.002204393635778734,0.014508296927663533,-0.018752200308674638
1718179200000,0.0001,8.0,36.2962962962963,3,0.034309344360701655,0.0034979286630056894,-0.020089375041686064
1718208000000,0.0001,8.0,36.2962962962963,3,-0.02130165813310636,-0.04672464615459582,-0.04949321685847474
1718236800000,0.0001,8.0,36.2962962962963,3,-0.008672441461386238,-0.021818006114488586,-0.030992667299199916
1718265600001,0.0001,8.0,36.2962962962963,3,-0.01919194157047799,-0.011344720886781845,-0.02179143496466307
1718294400000,0.0001,8.0,36.2962962962963,3,0.0042692193792495114,-0.001065801598551963,0.0022037590175985056
1718323200000,0.0001,8.0,36.2962962962963,3,0.001731862223399716,-0.011211450348542873,-0.0024428687541817595
1718352000000,0.0001,8.0,36.2962962962963,3,-0.007032025151518684,-0.012093110826867925,-0.011640347626504677
1718380800000,0.0001,8.0,36.2962962962963,3,-0.005930614370114995,-0.0018404317114059099,-0.016065780008968966
1718409600000,0.0001,8.0,36.2962962962963,3,0.0008386607465897811,0.0018529255484220908,0.006753186986528492
1718438400000,0.0001,8.0,36.2962962962963,3,0.0032731788405020446,0.0021856485325904007,-0.006795930004794837
1718467200000,0.0001,8.0,36.2962962962963,3,-0.0022523914698586722,0.005122909112838192,-0.02578189191837721
1718496000001,0.0001,8.0,36.2962962962963,3,0.0006012965646025048,0.007038795714779944,-0.016744145290170986
1718524800000,0.0001,8.0,36.2962962962963,3,0.006213626814131512,-0.001723575861486304,-0.01410706092584102
1718553600000,0.0001,8.0,36.2962962962963,3,-0.00038698471410381075,-0.0192757386083251,-0.02658944971673627
1718582400000,0.0001,8.0,36.2962962962963,3,-0.007504107677417937,-0.002096228439382619,-0.026254623481659856
1718611200000,0.0001,8.0,36.2962962962963,3,-0.01147809154050139,-0.007250912411517874,-0.004077504331497894
1718640000000,0.0001,8.0,36.2962962962963,3,0.017123402901618512,-0.011697015486921813,-0.008476053847871423
1718668800000,0.0001,8.0,36.2962962962963,3,-0.01263085718410073,-0.02065896986337623,-0.024821138040232338
1718697600000,8.236e-05,8.0,31.851851851851855,3,-0.015905262869343573,-0.005191597196628872,-0.022245133543901008
1718726400000,0.0001,8.0,36.666666666666664,3,0.007900104303042221,0.0042897334237086415,-0.015024899643141243
1718755200001,0.0001,8.0,36.666666666666664,3,0.0037014842813680726,-0.0030146584309025393,-0.014415660243999873
1718784000001,4.127e-05,8.0,17.40740740740741,1,-0.005909106913501994,0.007811961808186663,-0.012836233541376751
1718812800000,2.967e-05,8.0,14.074074074074074,1,-4.314555770246198e-05,-0.001026247908210931,-0.009259344865524599
1718841600000,3.934e-05,8.0,17.40740740740741,1,0.015100055783449085,-0.000627178559431063,-0.009657317031827484
1718870400000,5.953e-05,8.0,25.185185185185183,2,-0.015843955933855236,-0.025360652278526907,-0.02222282944483145
1718899200000,6.879e-05,8.0,29.259259259259256,2,0.0003563165201294627,-0.01822458738238475,-0.01142372358476007
1718928000000,3.344e-05,8.0,15.555555555555555,1,-0.01002265119169321,-0.010989451545107332,-0.024877762204119747
1718956800000,7.328e-05,8.0,31.851851851851855,3,-0.008638212173555426,0.0042848398286063905,-0.02707501662692291
1718985600000,0.0001,8.0,39.25925925925926,3,0.007728383229769875,0.010168346465352585,-0.04504897994453916
1719014400000,0.0001,8.0,39.25925925925926,3,0.005266571458862002,0.0019753540670155445,-0.06070277079656505
1719043200000,4.146e-05,8.0,18.88888888888889,1,-0.0028304140003908573,-0.0010608236582285713,-0.0589594622678673
1719072000000,0.0001,8.0,39.62962962962963,3,-0.0004448197935476017,-0.003208612706603997,-0.03933700076365909
1719100800000,0.0001,8.0,39.62962962962963,3,0.0022204207129310483,-0.015986406730659986,-0.03829797828126669
1719129600000,2.307e-05,8.0,10.37037037037037,1,-0.0049743983058478936,-0.030197268117584608,-0.04199050455054987
1719158400000,4.676e-05,8.0,21.11111111111111,2,-0.0132580426716431,-0.05161852037934522,-0.041568496506442565
1719187200002,9.534e-05,8.0,39.25925925925926,3,-0.012538565612118524,-0.047370900032875696,-0.03886591811445772
1719216000000,0.0001,8.0,40.74074074074074,4,-0.026952779805586635,-0.028627322908261976,-0.026547751693754007
1719244800000,7.488e-05,8.0,34.074074074074076,3,-0.00879054707705662,0.016210604594841804,0.013091218995347376
1719273600000,7.447e-05,8.0,33.33333333333333,3,0.007132317181464787,0.025875190258751957,0.0239696980259565
1719302400000,5.949e-05,8.0,26.666666666666668,2,0.017962443511996495,0.016952169370070047,0.010953151626821533
1719331200000,7.752e-05,8.0,35.92592592592593,3,0.0006362672322375307,-0.005524030016270887,-0.010905587980539644
1719360000002,0.0001,8.0,42.22222222222222,4,-0.0016699623611197145,-0.015987624154905178,-0.022036383172216567
1719388800000,0.0001,8.0,42.22222222222222,4,-0.004536084479103808,-0.014564412723724995,-0.01029248750510492
1719417600000,0.0001,8.0,42.22222222222222,4,-0.009608418680901898,0.0024680384141386735,-0.005476570728999319
1719446400000,0.0001,8.0,42.22222222222222,4,-0.0004701233334045707,0.014069180456677266,0.002546227424628178
1719475200001,0.0001,8.0,42.22222222222222,4,0.01358457421348791,0.009684704318805748,0.01287401166835811
1719504000000,0.0001,8.0,42.22222222222222,4,0.0018529675901191034,-0.00786009039103952,0.0027153039532681333
1719532800000,0.0001,8.0,42.22222222222222,4,-0.005670195004133571,-0.020216887390381078,0.017475806843785913
1719561600000,0.0001,8.0,42.22222222222222,4,-0.004047850384407137,-0.0044195418413724985,0.03132478660345739
1719590400000,0.0001,8.0,42.22222222222222,4,-0.010624802554797697,-6.547405672341355e-05,0.033612743870400585
1719619200001,0.0001,8.0,42.22222222222222,4,0.010369647230127788,0.00923952611026535,0.041544774637633175
1719648000000,0.0001,8.0,42.22222222222222,4,0.00030784295424446384,0.008239711413605022,0.025760560405173827
1719676800000,0.0001,8.0,42.22222222222222,4,-0.0016189520518458123,0.010725352723653492,0.013216803707383873
1719705600000,0.0001,8.0,42.22222222222222,4,0.009563862928348987,0.02917035579603211,0.01888670273815385
1719734400000,0.0001,8.0,42.22222222222222,4,0.0027739296091000565,0.027437217105465983,-0.011917503203498936
1719763200000,0.0001,8.0,42.22222222222222,4,0.01660077643046054,0.022711481744814632,-0.025242897701966638
1719792000000,0.0001,8.0,42.22222222222222,4,0.007863741872991659,0.00241998053182213,-0.04020449552407157
1719820800000,0.0001,8.0,42.22222222222222,4,-0.0018383660514014188,-0.009790919451746372,-0.07922836047149417
1719849600001,0.0001,8.0,42.22222222222222,4,-0.0032398331628435972,-0.0198127040730689,-0.08089923580474856
1719878400000,0.0001,8.0,42.22222222222222,4,-0.004413470860285096,-0.012382193544285713,-0.09127000524467188
1719907200000,0.0001,8.0,42.22222222222222,4,-0.0119246591415203,-0.028794779329952336,-0.13206998992709518
1719936000000,0.0001,8.0,42.22222222222222,4,0.003967927000483096,-0.027639778145058802,-0.08597444435289348
1719964800000,0.0001,8.0,42.22222222222222,4,-0.02095848372837006,-0.03051725164502539,-0.0893101112132072
1719993600001,0.0001,8.0,42.22222222222222,4,-0.011273149631265245,-0.04176585296934632,-0.07108885614166527
1720022400000,0.0001,8.0,42.22222222222222,4,0.0009969178622757369,-0.03580264349386486,-0.049108173895705765
1720051200000,0.0001,8.0,42.22222222222222,4,-0.03311450647766223,-0.0509133462250293,-0.034156907984828844
1720080000000,0.0001,8.0,42.22222222222222,4,-0.003773358168599472,-0.06661745392743412,-0.015165535059784907
1720108800000,0.0001,8.0,42.22222222222222,4,-0.014690500028433195,-0.025088444564687173,-0.021068158750454424
1720137600000,0.0001,8.0,42.22222222222222,4,-0.049113123533094716,-0.010252159039633946,-0.0225243187088785
1720166400000,0.0001,8.0,42.22222222222222,4,0.0405517748758506,0.04006989148427431,0.02612286187235613
1720195200000,1.762e-05,8.0,10.0,0,0.00030402228554060606,0.011579360421954732,-0.01317194227818752
1720224000000,5.729e-05,8.0,26.296296296296294,2,-0.0007668928470455638,0.028196564885496045,0.0013500141362736695
1720252800000,7.512e-05,8.0,35.92592592592593,3,0.012048043629727445,0.014474275225204503,0.010670467527047478
1720281600000,3.25e-05,8.0,15.555555555555555,1,0.016736006877523746,-0.0073702732313004615,0.004127213222458792
1720310400001,8.164e-05,8.0,38.51851851851852,3,-0.013595620525777563,-0.04241799228263765,-0.0034702348725088594
1720339200000,0.0001,8.0,44.074074074074076,4,-0.009744261083443284,-0.02748613752481821,0.027941102129966477
1720368000000,0.0001,8.0,44.074074074074076,4,-0.016156146746678646,-0.017224656343021505,0.014890482167155827
1720396800000,7.905e-05,8.0,37.77777777777778,3,-0.0017892192384009187,0.013921914893997744,0.031357856372214776
1720425600000,8.222e-05,8.0,39.25925925925926,3,0.0007044235288211631,0.024407468681831634,0.04350397829013275
1720454400000,0.0001,8.0,44.81481481481481,4,0.015024288191210378,0.02931240775502597,0.028463395761388233
1720483200000,0.0001,8.0,44.81481481481481,4,0.00853385661144479,0.023056941787662932,0.01221492048478523
1720512000001,8.61e-06,8.0,7.037037037037037,0,0.00560186845581212,0.032110147919418575,-0.002316325370235961
1720540800000,0.0001,8.0,45.18518518518518,4,0.008855655769227422,0.003269753820078325,0.011538976892463637
1720569600000,0.0001,8.0,45.18518518518518,4,0.01716257007330757,-0.005728331177231594,-0.0018421733505822324
1720598400000,9.225e-05,8.0,42.96296296296296,4,-0.022316432084110605,-0.01276242157028995,-0.014563337290147582
1720627200000,5.485e-05,8.0,25.185185185185183,2,-0.0001925278384847795,-0.0040812432788706055,0.020395809484164085
1720656000002,0.0001,8.0,45.925925925925924,4,0.010118277983633739,-0.004875170301205323,0.028060431979312295
1720684800002,0.0001,8.0,45.925925925925924,4,-0.014587252905852943,-0.020178174102042035,0.03269331546437804
1720713600004,0.0001,8.0,45.925925925925924,4,-0.000259796870232365,0.01394882524737362,0.046252560917135144
1720742400000,6.378e-05,8.0,31.48148148148148,3,-0.005585715630589627,0.008849279819248768,0.059129437279247465
1720771200000,3.026e-05,8.0,15.555555555555555,1,0.019091798415854067,0.018776231499889606,0.10152138316485582
1720800000000,4.037e-05,8.0,20.0,1,-0.00448999814206974,0.012054182751525921,0.08368943663425621
1720828800000,8.319e-05,8.0,42.22222222222222,4,0.0041991974867026105,0.02294524453845126,0.11801127389481625
1720857600000,6.865e-05,8.0,34.074074074074076,3,0.01236766750643592,0.0338110381475516,0.08365513016423698
1720886400000,0.0001,8.0,47.77777777777778,4,0.006223026046279223,0.02050147968974958,0.10276067101932873
1720915200000,8.737e-05,8.0,43.333333333333336,4,0.014865869315494384,0.026290627745118034,0.0974322589364145
1720944000000,3.71e-05,8.0,18.88888888888889,1,-0.0006658232904986905,0.0458585791330981,0.08633730607896672
1720972800000,8.342e-05,8.0,42.96296296296296,4,0.011931174628556196,0.04927043773735762,0.07684555933106796
1721001600000,4.59e-05,8.0,22.59259259259259,2,0.03421598853047536,0.06493581312970864,0.055509009535441356
1721030400000,3.202e-05,8.0,15.925925925925927,1,0.002594260794830605,0.0022520730212793882,0.02890611322436376
1721059200000,-5.14e-06,8.0,4.074074074074074,0,0.027039083087278204,0.029864749023716497,0.008189668857351506
1721088000000,-5.062e-05,8.0,0.0,0,-0.026659536023914465,0.00411609139794078,-0.011117929187153153
1721116800000,8.814e-05,8.0,44.44444444444444,4,0.030216364285997832,0.036369843979514815,0.011485966096312028
1721145600000,2.717e-05,8.0,14.444444444444443,1,0.0013610727040953563,-0.003480523404130742,0.015062743447814553
1721174400000,-3.419e-05,8.0,0.7407407407407408,0,0.004605656090487686,-0.012914924665505034,0.02657488193388291
1721203200001,1.775e-05,8.0,11.481481481481481,1,-0.009776974726864895,-0.010600782464226466,0.018477486927028552
1721232000000,2.143e-05,8.0,12.222222222222221,1,-0.008119165654800087,-0.017627359840370005,0.033989435339793816
1721260800000,6.89e-06,8.0,7.4074074074074066,0,0.008149758439038868,-0.0022861741047897066,0.047169105148414214
1721289600000,1.546e-05,8.0,10.0,0,-0.017592409261344533,-0.014716801346384645,0.03143832988899775
1721318400000,3.127e-05,8.0,17.77777777777778,1,0.007370504441039927,0.03688558791621466,0.05661322093090981
1721347200000,4.029e-05,8.0,22.22222222222222,2,-0.004410891243865067,0.04238957141517408,0.0660883428678607
1721376000000,4.855e-05,8.0,26.666666666666668,2,0.03385937534342909,0.04453354852282243,0.05540239701832772
1721404800000,4.606e-05,8.0,25.185185185185183,2,0.012717816331953902,0.015100413803576185,0.018269617706237584
1721433600001,-3.077e-05,8.0,1.1111111111111112,0,-0.003351968700973429,0.006005673023469882,0.01024620562237688
1721462400000,1.944e-05,8.0,11.851851851851853,1,0.004727020218720401,0.0022124558861549293,4.50908128972749e-05
1721491200000,1.622e-05,8.0,10.37037037037037,1,0.004523769987837989,0.0038670454426457113,-0.0037922476584553166
1721520000000,-5.313e-05,8.0,0.0,0,-0.006994860705919481,0.01573955350241918,-0.01860481047456941
1721548800000,2.194e-05,8.0,13.333333333333334,1,0.006385761162334358,0.008174914066670924,-0.009118231063173776
1721577600000,6.46e-06,8.0,6.296296296296296,0,0.01640404497998671,-0.0007421161337237692,-0.013477305850199794
1721606400000,9.136e-05,8.0,45.925925925925924,4,-0.014390187402318233,-0.010012286273095361,-0.04077488556758768
1721635200000,5.953e-05,8.0,32.22222222222222,3,-0.0025154444720466573,-0.010253671641524686,-0.04663315715800875
1721664000000,2.769e-05,8.0,16.296296296296298,1,0.006974808964500978,-0.0068927874778543785,-0.03394347377400253
1721692800000,4.709e-05,8.0,25.925925925925924,2,-0.014630505321866827,-0.02404059043322826,-0.025523041675984515
1721721600000,4.31e-05,8.0,23.703703703703706,2,0.00087171640961059,-0.006970725358230179,0.005479789705931104
1721750400000,4.642e-05,8.0,25.185185185185183,2,-0.010412443275159333,-0.005892475830938104,0.01394732811359689
1721779200000,0.0001,8.0,48.888888888888886,4,0.00260394537177544,-0.007206373292867996,0.030157814871016653
1721808000000,0.0001,8.0,48.51851851851852,4,0.001958481405021084,-0.029994732986638795,0.029902408901858024
1721836800000,0.0001,8.0,48.148148148148145,4,-0.011720366761831413,-0.021472485309889544,0.039606652467485404
1721865600000,0.0001,8.0,47.77777777777778,4,-0.020409598151168162,0.00572868822516126,0.03585474076463013
1721894400000,0.0001,8.0,47.40740740740741,4,0.010761462822477252,0.04384785098408783,0.05298659068993805
1721923200000,0.0001,8.0,47.03703703703704,4,0.015751896819209632,0.04233901157001818,0.04390895267793038
1721952000000,0.0001,8.0,46.666666666666664,4,0.016718870393420238,0.03172497222640147,0.03716874949658
1721980800000,0.0001,8.0,46.666666666666664,4,0.009300448430493269,0.017149476831091137,0.03921524663677123
1722009600000,3.34e-05,8.0,18.51851851851852,1,0.005408591544706631,0.019264775140620527,0.007076191237844753
1722038400000,6.547e-05,8.0,32.592592592592595,3,0.002355370805186441,-0.0017160769155984967,-0.015899857705553577
1722067200000,8.022e-05,8.0,38.51851851851852,3,0.011399423636206052,-0.008253082782123666,-0.017069009350848652
1722096000000,9.109e-05,8.0,42.96296296296296,4,-0.015287040669543672,-0.017422954535547763,-0.038046873864841735
1722124800000,8.18e-05,8.0,38.88888888888889,3,-0.004208295891009239,0.007004481274411445,-0.023406801444277536
1722153600000,9.177e-05,8.0,44.074074074074076,4,0.0020478412463678097,0.0301960267138075,-0.018452798148348548
1722182400001,2.804e-05,8.0,13.703703703703704,1,0.007848959288329516,0.004517439831546177,-0.019598738961476903
1722211200001,8.361e-05,8.0,40.0,3,0.019934680798619597,-0.020966113830299227,-0.05149242344214011
1722240000000,5.623e-05,8.0,27.40740740740741,2,-0.02191345372428033,-0.037939689457521464,-0.0748034837141398
1722268800001,0.0001,8.0,46.2962962962963,4,-0.017719111527211617,-0.025872817496242706,-0.07555021690712671
1722297600000,3.396e-05,8.0,17.77777777777778,1,0.0011645311938690561,-0.009331217818225324,-0.021449527002754154
1722326400001,3.562e-05,8.0,18.51851851851852,1,-0.011209579693058913,-0.010553620550796339,-0.04158093624346093
1722355200000,7.691e-05,8.0,36.666666666666664,3,-0.00030058379717379236,0.0021916939180872674,-0.0428505615177216
1722384000000,3.063e-05,8.0,15.185185185185185,1,0.0008430964302872379,-0.023751748896269076,-0.07030940732436264
1722412800000,7.178e-05,8.0,34.074074074074076,3,0.0016485407696815724,-0.028947590896190145,-0.06937760037680918
1722441600000,3.826e-05,8.0,20.0,1,-0.02617950974836336,-0.052484114448316244,-0.08173824710322297
1722470400000,8.208e-05,8.0,40.0,3,-0.004483645604727249,0.011799556123728294,-0.06137193055224521
1722499200000,0.0001,8.0,46.666666666666664,4,-0.022629576713736443,-0.0023319844099068954,-0.06176338442452067
1722528000000,0.0001,8.0,46.2962962962963,4,0.03988878160824472,0.007958032236154544,-0.05928837408318799
1722556800000,0.0001,8.0,45.925925925925924,4,-0.018387762906309724,-0.05879617590822184,-0.10996711281070748
1722585600001,0.0001,8.0,45.55555555555556,4,-0.011295233551754658,-0.0396401115647913,-0.17749496820341093
1722614400000,0.0001,8.0,45.18518518518518,4,-0.02898010970906273,-0.038525997512924515,-0.14305575720084074
1722643200000,0.0001,8.0,44.81481481481481,4,0.0018462178537068663,-0.014366695270041863,-0.12244357334165434
1722672000000,9.788e-05,8.0,44.074074074074076,4,-0.011655484323089715,-0.021002582537375525,-0.09359102470930236
1722700800001,4.247e-05,8.0,20.74074074074074,2,-0.004833143428613629,-0.03169905976670406,-0.07501209105589757
1722729600000,0.0001,8.0,44.44444444444444,4,-0.004898824677808666,-0.04058390164756154,-0.07585346067089649
1722758400000,5.343e-05,8.0,25.555555555555554,2,-0.020051333800606752,-0.12757891039120073,-0.05733047666863855
1722787200000,0.0001,8.0,44.074074074074076,4,-0.016132904971254636,-0.08179742982752791,-0.0517078119715928
1722816000000,0.0001,8.0,43.7037037037037,4,-0.09512957606567918,-0.07198994945510861,-0.05370888823580966
1722844800000,4.429e-05,8.0,20.74074074074074,2,0.03137280226093875,0.06124704894711752,0.0848155864974256
1722873600000,5.967e-05,8.0,29.259259259259256,2,-0.005624050458082119,0.03774043552322648,0.09242115924681182
1722902400000,3.566e-05,8.0,16.296296296296298,1,0.03478520142748409,0.037961297921555115,0.14082422944935935
1722931200000,-2.845e-05,8.0,1.4814814814814816,0,0.008527903155950645,0.018161838662452467,0.08957430282378298
1722960000000,4.485e-05,8.0,21.48148148148148,2,-0.005412417327543495,-0.004789545694111497,0.06205292101952198
1722988800000,-7.3e-06,8.0,2.2222222222222223,0,0.015046327272338011,-0.017594193434427252,0.08414381526899795
1723017600001,-6.859e-05,8.0,0.0,0,-0.013000089619433775,0.004071533880539047,0.06768024488949576
1723046400000,3.241e-05,8.0,14.444444444444443,1,-0.018209051032416768,0.05775828251488879,0.07901465710923294
1723075200001,2.637e-05,8.0,11.11111111111111,1,0.03607842710605569,0.11638769667067383,0.10389433773411438
1723104000000,3.086e-05,8.0,13.703703703703704,1,0.03860369106542261,0.06590237813023592,0.07221055985769387
1723132800000,1.147e-05,8.0,5.9259259259259265,0,0.03843482599812553,0.008892267857022462,0.012723950290958408
1723161600000,4.994e-05,8.0,26.296296296296294,2,-0.011701070758361798,-0.013608501133094753,-0.047029927988415765
1723190400000,2.184e-05,8.0,8.88888888888889,0,-0.016946340694213635,-0.0017936807248311037,-0.035678149289426475
1723219200000,4.846e-05,8.0,25.925925925925924,2,0.015275185593003782,0.011104668940177476,0.0037695054362083535
1723248000000,-3.942e-05,8.0,1.1111111111111112,0,0.00013659650872477336,0.0022184589609777206,-0.024072254615892352
1723276800000,-1.379e-05,8.0,2.5925925925925926,0,-0.004243786530461757,0.00772569901532294,-0.025911945131904535
1723305600000,-1.949e-05,8.0,2.5925925925925926,0,0.00635232254727458,-0.007226510535700448,-0.017392870658185844
1723334400000,4.049e-05,8.0,21.11111111111111,2,0.005632396625816716,-0.036021064834960925,-0.005862290365646006
1723363200000,-1.839e-05,8.0,2.9629629629629632,0,-0.01901839789551718,-0.04135158481206114,-0.006360149377783064
1723392000001,1.185e-05,8.0,7.777777777777778,0,-0.023424425546228478,0.00132550243369578,-0.011265105482351379
1723420800000,1.113e-05,8.0,7.4074074074074066,0,7.154525833796832e-05,0.010154316308401024,0.0006217623641278092
1723449600000,8.783e-05,8.0,41.48148148148148,4,0.023267578860229232,0.008315689604365906,-0.011461752426828897
1723478400000,-2.238e-05,8.0,2.5925925925925926,0,-0.012885709862620165,-0.010212353701999022,-0.006345475519481836
1723507200000,6.14e-05,8.0,32.96296296296296,3,-0.001748729346612632,0.02091898509617174,-0.030871733990779027
1723536000000,5.21e-06,8.0,5.9259259259259265,0,0.004464790992710688,0.02795266612046321,-0.012640950056168943
1723564800000,-3.902e-05,8.0,1.4814814814814816,0,0.01816154508516532,-0.0025781691467320345,-0.02382578101875532
1723593600000,1.152e-05,8.0,8.88888888888889,0,0.005128781134013938,-0.029733716326372117,-0.028116622371396338
1723622400000,-1.33e-05,8.0,4.444444444444445,0,-0.025368439734959947,-0.046273532814471996,-0.026730779343710487
1723651200000,-7.811e-05,8.0,0.0,0,-0.009558656156472667,0.006501707203979246,0.0011549972600430891
1723680000000,-8.488e-05,8.0,0.0,0,-0.012005325107336318,-0.021639206953963708,0.012245363513481378
1723708800000,6.339e-05,8.0,33.33333333333333,3,0.028563600836730707,0.007112900057550942,0.02526561374609293
1723737600000,-6.181e-05,8.0,1.1111111111111112,0,-0.03725053649416765,-0.027624633332830717,0.002162729025632748
1723766400000,-0.00011235,8.0,0.0,0,0.01702990281801653,0.023821331314871408,0.016318220969383734
1723795200000,-7.387e-05,8.0,1.1111111111111112,0,-0.006913814283416753,0.01328355706420381,0.0006860775866495139
1723824000000,-5.57e-06,8.0,7.4074074074074066,0,0.013686145534171468,0.02294634596797951,0.007366812475342099
1723852800000,1.912e-05,8.0,12.222222222222221,1,0.006562029963374405,0.010561112196945999,0.009631448796281195
1723881600000,4.177e-05,8.0,24.444444444444443,2,0.002556370156995502,0.00467879901257251,0.02858102882923652
1723910400000,-1.52e-06,8.0,7.777777777777778,0,0.001413028833198604,0.007514820803018019,-0.010795607652923755
1723939200000,3.966e-05,8.0,22.962962962962962,2,0.000702994791447642,-0.01770268702100064,-0.007270446132603747
1723968000000,-1.323e-05,8.0,6.666666666666667,0,0.005386400724685103,-0.017031446160361674,0.003892325765482374
1723996800000,-3.149e-05,8.0,4.074074074074074,0,-0.02365175469976022,-0.022575231268659457,-0.0060612949707633534
1724025600000,-3.616e-05,8.0,3.7037037037037033,0,0.0013868129497511816,0.0170851931179834,0.04691536845565536
1724054400000,-6.75e-05,8.0,1.8518518518518516,0,-0.00028381744725025637,0.041529673456058624,0.042121244761772925
1724083200002,-1.957e-05,8.0,6.296296296296296,0,0.015215098519514969,0.003281989569426935,0.0318643581060869
1724112000000,-2.656e-05,8.0,5.9259259259259265,0,0.02545400065987491,-0.006356345909112271,0.015788180159312715
1724140800000,1.349e-05,8.0,13.333333333333334,1,-0.035823977753446146,-0.019436186436365355,0.0014560724129268898
1724169600001,1.419e-05,8.0,13.703703703703704,1,0.006464132921927712,0.01245120806363964,0.046545505349010474
1724198400001,-6.756e-05,8.0,1.8518518518518516,0,0.013623936687968241,0.03490287358754074,0.08434550763891835
1724227200000,-5.91e-06,8.0,9.62962962962963,0,-0.004582033806938557,0.020400681027165746,0.07479412655922246
1724256000001,3.96e-06,8.0,11.11111111111111,1,0.028783031743120135,0.015840427841323113,0.07643894123408246
1724284800000,-2.229e-05,8.0,7.037037037037037,0,-0.003198822519318023,-0.013155075841203678,0.04817694918026083
1724313600000,1.338e-05,8.0,14.814814814814813,1,-0.009878281070811568,0.0008875851286014314,0.047210997524277376
1724342400008,-7.261e-05,8.0,1.4814814814814816,0,-0.00038432739392890714,0.017556472934737277,0.06265033496120287
1724371200000,-3.329e-05,8.0,5.555555555555555,0,0.010985514499586513,0.06159776345597101,0.06433212745119166
1724400000000,2.391e-05,8.0,20.37037037037037,2,0.006909156476412104,0.0523718978461134,0.04202537455332278
1724428800000,-4.317e-05,8.0,4.074074074074074,0,0.04285702657604484,0.04117862520857929,0.03300638964633107
1724457600000,-7.72e-06,8.0,10.74074074074074,1,0.0021994970348158116,0.0005198243524440205,-0.0195457078587139
1724486400005,-7.23e-06,8.0,11.481481481481481,1,-0.003416659525905419,-0.005499684508183278,-0.019752124701061802
1724515200000,6.395e-05,8.0,40.370370370370374,4,0.0021326828963210698,0.0019466203855715847,-0.03767687665150021
1724544000000,-4.806e-05,8.0,4.074074074074074,0,-0.004117428627596675,0.002054813756174445,-0.07400605990632425
1724572800000,-1.531e-05,8.0,10.0,0,0.003948017766080003,-0.004068651642265664,-0.08143569979398235
1724601600000,3.108e-05,8.0,25.555555555555554,2,0.0022408963585434094,-0.009776612594898704,-0.08131988171313087
1724630400000,2.439e-05,8.0,22.59259259259259,2,-0.010203176016853166,-0.02206458222719776,-0.08152264457353897
1724659200001,3.448e-05,8.0,28.888888888888886,2,-0.003356907119283381,-0.01119440515480119,-0.06472732987584473
1724688000000,3.789e-05,8.0,30.37037037037037,3,-0.010196202032936696,-0.030063824757702307,-0.04202978488692777
1724716800001,2.795e-05,8.0,24.074074074074073,2,0.0016891784320094416,-0.05551999949053987,-0.05592756751937544
1724745600000,1.751e-05,8.0,19.25925925925926,1,-0.021194338422391823,-0.06756520356234097,-0.057305979643765936
1724774400000,7.753e-05,8.0,47.40740740740741,4,-0.03569937267759926,-0.043493378263546933,-0.05709105029790096
1724803200000,-6.803e-05,8.0,2.2222222222222223,0,-0.01210781447714493,-0.006079180995482658,-0.004385839282494808
1724832000000,2.433e-05,8.0,23.333333333333332,2,0.004074601536716571,0.015430272123346578,0.007618771479494857
1724860800001,1.143e-05,8.0,16.666666666666664,1,0.001584167157650862,0.032484765337811305,0.0011019555040894247
1724889600000,-9.76e-06,8.0,11.851851851851853,1,0.00927117290762891,0.005943450761409341,-0.0009408485945756606
1724918400001,-1.644e-05,8.0,10.37037037037037,1,0.0217958239933862,-0.003661483346047989,-0.017500848576911365
1724947200000,5.59e-06,8.0,15.925925925925927,1,-0.023822135947884404,-0.045313219714417374,-0.04337204711456211
1724976000000,9.36e-06,8.0,17.40740740740741,1,-0.0010667358724906206,-0.004214702080724719,-0.033993990552731
1725004800000,3.578e-05,8.0,33.33333333333333,3,-0.020971175809678666,-0.0033470205781033213,-0.029249315918929097
1725033600000,2.927e-05,8.0,27.77777777777778,2,0.0182015559978288,0.016244065927438323,0.008040183687008318
1725062400000,-1.749e-05,8.0,10.37037037037037,1,-0.00019631137692133205,-0.002640049551699275,0.0004433929375289303
1725091200000,3.578e-05,8.0,34.074074074074076,3,-0.0017265251818775473,-0.010403160556685886,-0.00028944686872656167
1725120000000,3.8e-05,8.0,35.55555555555556,3,-0.0007189340784925502,-0.013983606946530891,-0.021342507655630505
1725148800000,4.113e-05,8.0,38.148148148148145,3,-0.007978443609609531,-0.027337453210212193,-0.024970390505957618
1725177600001,-3.432e-05,8.0,6.296296296296296,0,-0.004616050309646513,-0.015553301784336893,-0.0293090975014495
1725206400000,-3.82e-06,8.0,15.555555555555555,1,-0.014252426850554167,0.005994686293560703,-0.00037144355691598463
1725235200001,-3.386e-05,8.0,7.037037037037037,0,0.004556766737522588,0.030560529429627614,0.012263653720632206
1725264000001,2.48e-06,8.0,16.666666666666664,1,0.01718887084024634,0.026358353384699607,-0.00729667045977711
1725292800000,-3.63e-06,8.0,16.296296296296298,1,0.010528187131304101,-0.013377754909820627,-0.042977704311616516
1725321600000,6.245e-05,8.0,49.25925925925926,4,-0.0009286825901617668,-0.027975505785235888,-0.05022667298193373
1725350400001,5.123e-05,8.0,45.925925925925924,4,-0.022182650983366026,-0.03929570717885089,-0.056268270430297695
1725379200000,4.598e-05,8.0,43.333333333333336,4,-0.004423268506085765,0.007145146619309539,-0.06396846710269843
1725408000000,2.209e-05,8.0,26.666666666666668,2,-0.0124516638764266,0.008838854064062929,-0.06187893954634516
1725436800000,1.05e-05,8.0,20.0,1,0.024374985681986816,0.006706997939968318,-0.04368888411132277
1725465600000,-1.47e-05,8.0,12.222222222222221,1,-0.0027490155668598026,-0.03688291223621576,-0.057839425149535884
1725494400000,9.016e-05,8.0,61.48148148148148,6,-0.01453852934530031,-0.0314524211619438,-0.0657425120881282
1725523200000,2.025e-05,8.0,26.296296296296294,2,-0.019979939538539382,-0.023696201290801522,-0.04769173407460181
1725552000005,2.49e-05,8.0,29.629629629629626,2,0.002159403219473832,-0.03485562337152437,-0.04292572366777314
1725580800000,2.28e-05,8.0,28.14814814814815,2,-0.00664686144179194,-0.03990076015017785,-0.024142070429659435
1725609600001,-1e-08,8.0,17.40740740740741,1,-0.02999991031953153,-0.026861093922354584,-0.014018850834476737
1725638400000,1.428e-05,8.0,24.074074074074073,2,-0.002200816652907722,0.013739833485730601,0.024871634453423663
1725667200000,-5.57e-06,8.0,15.555555555555555,1,0.0066967805366699995,0.004684036247947887,0.057184198566035516
1725696000000,-7.634e-05,8.0,1.1111111111111112,0,0.009217303174091196,0.002493204956926398,0.05320127147924625
1725724800000,-7.236e-05,8.0,2.2222222222222223,0,-0.011114215130450966,-0.019725129957986143,0.03334264539135301
1725753600000,3.745e-05,8.0,41.11111111111111,4,0.004501560220831369,0.011674883214239706,0.06407429974704115
1725782400000,-5.999e-05,8.0,4.444444444444445,0,-0.013150058452873759,0.010407552552442079,0.0413728705140175
1725811200000,-5.245e-05,8.0,5.185185185185185,0,0.02056162153503438,0.03132392330416445,0.055484154568856026
1725840000000,-7.585e-05,8.0,1.4814814814814816,0,0.0032432156199979634,0.04011220759500134,0.046293845920794
1725868800000,-7.108e-05,8.0,2.9629629629629632,0,0.007278647965216711,0.03976059233386087,0.056449999090396386
1725897600001,-3.875e-05,8.0,8.148148148148149,0,0.028830277301056917,0.02278204317586474,0.039309908770662094
1725926400000,-6.028e-05,8.0,5.185185185185185,0,0.0029040641105053666,0.011231972429815551,0.01950723910361818
1725955200000,-2.93e-05,8.0,11.481481481481481,1,-0.009811983637362465,-0.008765698648927622,0.01647286482627819
1725984000000,-1.126e-05,8.0,17.037037037037038,1,0.018295290296816757,0.0012792920779307604,0.0544034858942144
1726012800000,-8.953e-05,8.0,0.3703703703703704,0,-0.016928917979080027,-0.005229987575742778,0.049431538178562384
1726041600000,-2.247e-05,8.0,12.962962962962962,1,0.00022240422497410428,0.02503636132567033,0.06121588036770831
1726070400000,-5.212e-05,8.0,7.037037037037037,0,0.01167539026791986,0.014876593101355029,0.05616928610000316
1726099200000,-1.951e-05,8.0,14.814814814814813,1,0.012981485422430161,0.013483859488764516,0.045972460132780224
1726128000000,-5.46e-06,8.0,21.48148148148148,2,-0.009691417550626857,0.0004150020664002163,0.03625327180052351
1726156800000,-2.95e-05,8.0,12.222222222222221,1,0.010287049724218233,0.037620067745682384,0.048790454396861804
1726185600000,-6.9e-07,8.0,23.703703703703706,2,-8.089389474852382e-05,0.04091337812904472,0.016915429735907095
1726214400001,-8.69e-06,8.0,19.62962962962963,1,0.028882657314712068,0.035066384638174464,0.013788506190617333
1726243200001,-2.443e-05,8.0,13.703703703703704,1,0.012845624820030599,0.0015033717044685702,-0.03067849274430623
1726272000000,-8.699e-05,8.0,0.7407407407407408,0,-0.00588975476992426,-0.008508893331283018,-0.037995697601934
1726300800000,8.59e-06,8.0,27.77777777777778,2,-0.004534136592943994,0.0009247908824934203,-0.023404195157488816
1726329600001,2.326e-05,8.0,37.77777777777778,3,0.0025074303519430075,0.00792849477284352,0.02189488183316568
1726358400000,-4.91e-06,8.0,23.703703703703706,2,0.003568849613013292,-0.01467064020826081,0.005621771983863377
1726387200000,1e-08,8.0,25.925925925925924,2,0.0022899000121308077,-0.02166763879403033,0.0019774898508242433
1726416000000,4.02e-06,8.0,27.037037037037038,2,-0.02041777266389344,-0.03984740139699683,-0.014856976113775788
1726444800000,2.402e-05,8.0,39.62962962962963,3,-0.003557670825745207,-0.015293584006390915,0.044130689396042255
1726473600001,3.564e-05,8.0,48.51851851851852,4,-0.016246404365902523,-0.002074551320933593,0.05394173246273537
1726502400000,6.762e-05,8.0,65.55555555555556,6,0.004632915283094841,0.055299706276970007,0.08990411264045095
1726531200001,8.529e-05,8.0,72.96296296296296,7,0.009917946531126098,0.036081516991877116,0.08272750407516183
1726560000000,1.911e-05,8.0,35.55555555555556,3,0.04086888099382424,0.026938785242512253,0.08121319058632781
1726588800000,5.327e-05,8.0,60.370370370370374,6,-0.013316054206714556,-0.027738234321974198,0.03306923759126357
1726617600000,1.344e-05,8.0,32.592592592592595,3,-6.799291546988329e-05,0.02306120689083313,0.04750880591173523
1726646400000,1.678e-05,8.0,34.81481481481482,3,-0.014549814831092522,0.02855399087506183,0.04640583253035424
1726675200004,4.648e-05,8.0,58.14814814814815,5,0.0424060626260383,0.06343234590096047,0.06301151723882548
1726704000000,3.512e-05,8.0,48.888888888888886,4,0.005300611110210518,0.02065131056393965,0.02715306932939976
1726732800000,2.949e-05,8.0,44.44444444444444,4,0.017740010964558683,0.023622174207488245,0.014210390531781192
1726761600001,4.072e-05,8.0,54.44444444444444,5,-0.0032687032349872913,-0.0014182847934860465,-0.008766139716881227
1726790400000,8.065e-05,8.0,70.74074074074073,7,0.008226792662590299,0.003179544191217243,0.008792186135154534
1726819200001,-5.03e-06,8.0,23.703703703703706,2,-0.0058606430791146025,-0.00571723933611934,0.0006287702577485454
1726848000000,5.543e-05,8.0,62.59259259259259,6,0.0004751707446875031,0.00031044488652942626,0.007461764594077547
1726876800001,4.638e-05,8.0,58.51851851851851,5,-0.0005924114313230477,0.004089856459027041,0.003058680411456738
1726905600000,0.0001,8.0,78.51851851851852,7,0.0009572957346453137,-0.00309219201704114,0.00671691940964636
1726934400000,8.234e-05,8.0,72.96296296296296,7,0.0033457472749496286,-0.008233736786435908,0.00013142310639890908
1726963200000,6.285e-05,8.0,65.18518518518519,6,-0.007366715010076352,0.002406649612332057,0.014012224201899848
1726992000000,9.254e-05,8.0,77.77777777777779,7,-0.004205134238377872,0.010001701131808982,0.014496186762014807
1727020800000,5.537e-05,8.0,62.22222222222222,6,0.014110366760969884,0.01551054685254849,0.013711227624259914
1727049600000,6.546e-05,8.0,67.03703703703704,6,0.00015428551636853527,-0.00296448599307908,-0.006738183776090811
1727078400000,1.364e-05,8.0,33.7037037037037,3,0.0012262232324440347,-0.00016055811259219066,0.004804150584620359
1727107200000,5.304e-05,8.0,61.48148148148148,6,-0.00433919281580597,-0.006967863246250872,0.024033782817110882
1727136000000,2.324e-05,8.0,40.370370370370374,4,0.0029669842081909703,0.014585435407695746,0.028401886616674643
1727164800000,2.895e-05,8.0,44.81481481481481,4,-0.005590523660934932,0.004611276767918504,0.029624580041625936
1727193600001,-1.82e-06,8.0,25.185185185185183,2,0.017043287227189508,0.005379841501227389,0.04507575937436181
1727222400000,1.223e-05,8.0,32.96296296296296,3,-0.00689295608055529,-0.018106265757773854,0.023593861860740084
1727251200003,1.141e-05,8.0,31.48148148148148,3,-0.004580607247796298,0.00013163565132234822,0.03025582761998047
1727280000000,1.336e-05,8.0,33.7037037037037,3,-0.006347096400267094,0.025851424395529676,0.032875754406743285
1727308800005,1.65e-05,8.0,37.03703703703704,3,0.011492048599114346,0.03184364093965053,0.04356549881291638
1727337600000,6.246e-05,8.0,68.51851851851852,6,0.02038738219370373,0.02453723430920407,0.02527822338079
1727366400000,0.0001,8.0,81.48148148148148,8,-9.21163736854469e-05,0.013260151992016578,0.008735702771167642
1727395200000,0.0001,8.0,81.48148148148148,8,0.004159437424188894,0.009842005865282832,0.006622242012007007
1727424000000,6.722e-05,8.0,71.11111111111111,7,0.009155977302717444,0.005324167162335192,-0.01368809432430329
1727452800000,2.275e-05,8.0,41.85185185185185,4,-0.003465219769480221,-0.006328912539186327,-0.03709012450245219
1727481600000,5.455e-05,8.0,65.55555555555556,6,-0.0003329785616541514,0.0010840808879428732,-0.035674319598601234
1727510400001,8.3e-05,8.0,77.4074074074074,7,-0.002467175312427683,-0.004074946154126846,-0.026341887830224175
1727539200000,1.414e-05,8.0,35.55555555555556,3,0.003969137402601408,0.0018755432213597434,-0.04620698068037998
1727568000001,7.25e-06,8.0,29.629629629629626,2,-0.005608660391284936,-0.004544032464317671,-0.07672003474848366
1727596800000,3.128e-05,8.0,50.74074074074074,5,0.003923773667933839,-0.01440092165898621,-0.05729045704017899
1727625600000,7.253e-05,8.0,74.44444444444444,7,-0.002187081456227924,-0.03277121636430047,-0.05876963350785347
1727654400000,3.077e-05,8.0,49.629629629629626,4,-0.016101207590569433,-0.03258984476886173,-0.07495999865772429
1727683200001,7.939e-05,8.0,76.66666666666667,7,-0.014355090800833636,-0.007464399126724253,-0.05660476828421168
1727712000000,0.0001,8.0,85.18518518518519,8,-0.001999974823291062,-0.015737016685864025,-0.0467169571429471
1727740800000,0.0001,8.0,85.18518518518519,8,0.008958796159795224,-0.0412952886696929,-0.042205043225166605
1727769600000,0.0001,8.0,85.18518518518519,8,-0.022521600390049468,-0.03585141244438761,-0.04063795574127349
1727798400001,0.0001,8.0,85.18518518518519,8,-0.028401744603252954,-0.011123523855643525,-0.012069662666353342
1727827200000,6.632e-05,8.0,73.33333333333333,7,0.014688033471151885,-0.0026099999013231567,0.02081421471401823
1727856000000,8.409e-05,8.0,81.48148148148148,8,0.002348547838898485,-0.013224155843734708,0.005881904835998819
1727884800000,8.191e-05,8.0,78.88888888888889,7,-0.019350738811110713,-0.02038562414904932,0.004844556988224946
1727913600000,4.381e-05,8.0,61.111111111111114,6,0.003889793044542289,0.001665405245861562,0.023159026413986705
1727942400000,3.746e-05,8.0,56.666666666666664,5,-0.00492593845779854,0.008370317566169128,0.01716604962402557
1727971200000,4.99e-05,8.0,65.92592592592592,6,0.0027235857574621214,0.02041203725865315,0.03536369773810333
1728000000000,7.097e-05,8.0,75.55555555555556,7,0.010609594892908136,0.02178382765211051,0.033609945528084495
1728028800000,2.119e-05,8.0,40.74074074074074,4,0.006957000491925491,0.010900549588378716,0.034509719602419775
1728057600001,2.43e-06,8.0,27.037037037037038,2,0.0041672800570735635,0.005416169887842548,0.029619072424286186
1728086400000,-1.596e-05,8.0,17.77777777777778,1,-0.0001546635905796956,-0.00031899365557053194,0.00257450435152462
1728115200000,1.088e-05,8.0,32.22222222222222,3,0.0013148438784027494,-0.0021543459135102694,0.0033531741555834493
1728144000000,8.61e-06,8.0,31.11111111111111,3,-0.001477257000878529,0.009367225492499465,0.0016751901284475235
1728172800000,5.72e-06,8.0,29.629629629629626,2,-0.001990317548315579,0.011896780681510455,0.0014423758750949922
1728201600001,3.288e-05,8.0,54.074074074074076,5,0.013493328424319717,0.025450975262769404,0.0049978280844027445
1728230400000,4.18e-05,8.0,62.59259259259259,6,0.0010251210455916038,0.01494954905833934,-0.006764523478141715
1728259200000,4.573e-05,8.0,64.81481481481481,6,0.011489346792252109,-0.00889651943187142,-0.03397113488754333
1728288000000,-9.52e-06,8.0,20.74074074074074,2,0.0023933238860021078,-0.019544953550622024,-0.04142812155566056
1728316800001,2.177e-05,8.0,43.333333333333336,4,-0.02110744149653243,-0.022174283299133735,-0.0439950475915144
1728345600000,-1.678e-05,8.0,17.40740740740741,1,0.0006218865498954784,-0.0014478547324441315,-0.03134340350313358
1728374400000,7.094e-05,8.0,78.88888888888889,7,-0.00035973129357114164,-0.0006889496649198357,-0.02552968024063451
1728403200000,8.1e-05,8.0,82.22222222222221,8,-0.001709338547030148,0.0008627018794691299,0.0012097104566857197
1728432000000,0.0001,8.0,89.25925925925927,8,0.0013823646320640925,-0.023886424020637342,0.00599292885891356
1728460800000,5.138e-05,8.0,70.37037037037037,7,0.0011924314351923204,-0.021645362534511436,0.008028824056902417
1728489600000,7.939e-05,8.0,81.11111111111111,8,-0.026394863563402926,-0.02406260032102725,0.013626003210272852
1728518400000,2.09e-05,8.0,42.96296296296296,4,0.003681440790298085,-0.0062005816445637185,0.04244785312485577
1728547200000,1.532e-05,8.0,39.25925925925926,3,-0.0012812320853365922,-0.003283567869984516,0.031820548663001436
1728576000000,0.0001,8.0,90.0,8,-0.008575530954311517,0.025011142927160668,0.022190460996465378
1728604800000,2.231e-05,8.0,45.925925925925924,4,0.006627460413573427,0.037040785009829325,0.04253353130002746
1728633600000,-1.874e-05,8.0,16.666666666666664,1,0.02707032086883432,0.0337250119481205,0.06531913841691517
1728662400001,1.2e-06,8.0,28.51851851851852,2,0.002900900611645385,0.014013260342585543,0.059421104172352246
1728691200000,4.558e-05,8.0,66.66666666666666,6,0.003408929122748594,0.011485739606445389,0.05688160569999834
1728720000001,7.664e-05,8.0,81.11111111111111,8,0.007083909973915725,0.0013472662453204443,0.0474763869667536
1728748800000,-1.489e-05,8.0,19.25925925925926,1,0.0012890169108250582,-0.015816585878772327,0.04618132699065214
1728777600000,6.93e-06,8.0,32.592592592592595,3,-0.00655065688443679,-0.006118901855597714,0.060935975315631996
1728806400000,1.638e-05,8.0,41.85185185185185,4,-0.010602377415980913,0.02907534851733873,0.06590189457798257
1728835200000,3.938e-05,8.0,62.59259259259259,6,0.011155251560335477,0.06115517110994184,0.09099100403700078
1728864000000,5.429e-05,8.0,73.33333333333333,7,0.028628304642969615,0.051313264400080216,0.0760079817450996
1728892800000,0.0001,8.0,90.0,8,0.02024055381521439,0.015500638125072408,0.04100707738716802
1728921600000,0.0001,8.0,89.62962962962962,8,0.0017770796152898338,0.0017331075087678727,0.02367063982447548
1728950400000,0.0001,8.0,89.25925925925927,8,-0.0064115662475537905,0.015365963301502417,0.019234698742660816
1728979200000,0.0001,8.0,88.88888888888889,8,0.006408762348711683,0.019975778625779705,0.034635041778062314
1729008000000,0.0001,8.0,88.51851851851852,8,0.01541053383627089,0.026337617989501183,0.039556377639059725
1729036800000,8.325e-05,8.0,84.44444444444444,8,-0.0019006220624209202,0.008000500869814076,0.019863363907261622
1729065600001,8.5e-05,8.0,85.18518518518519,8,0.012453986081629287,0.005217149868787629,0.02021029816123443
1729094400000,0.0001,8.0,88.14814814814815,8,-0.002731353937456049,-0.004324152129925096,0.005968568782335204
1729123200000,0.0001,8.0,87.77777777777777,8,-0.004831410825199556,-0.004157054125998316,0.010922803904170442
1729152000000,0.0001,8.0,87.4074074074074,8,0.0032499520754665223,0.009284728197309411,0.015957012065094256
1729180800001,0.0001,8.0,87.03703703703704,8,-0.0018701505011765596,0.017591566243635448,0.016323064794342645
1729209600010,0.0001,8.0,86.66666666666667,8,0.008597728453715536,0.015387127904387121,0.024014549773587746
1729238400001,0.0001,8.0,86.29629629629629,8,0.01080753259408751,0.006041148701461996,0.0095077435338069
1729267200000,0.0001,8.0,85.92592592592592,8,-0.0038250689808309035,-0.006823096019860753,-0.019412188676223185
1729296000000,0.0001,8.0,85.55555555555556,8,-0.001059696736718685,-0.0008360641840042815,-0.015345870398358441
1729324800000,0.0001,8.0,85.18518518518519,8,-0.0019519104286741529,0.00034824189057314214,-0.014035026110825743
1729353600000,0.0001,8.0,84.81481481481481,8,0.0021800354493997087,0.005758694852213475,-0.014669424819564236
1729382400000,0.0001,8.0,84.44444444444444,8,0.0001243442668514838,0.009195624252105628,-0.01405675364913861
1729411200000,0.0001,8.0,84.07407407407408,8,0.003446101999353468,0.0025275315173525215,-0.0221568561486446
1729440000000,0.0001,8.0,83.7037037037037,8,0.005604735673668815,-0.01832872467118629,-0.034021984557459084
1729468800000,0.0001,8.0,83.33333333333334,8,-0.006483811489667701,-0.023501461140617463,-0.03351201382285396
1729497600000,0.0001,8.0,82.96296296296296,8,-0.017429263830265218,-0.016863170211803502,-0.021674965968727533
1729526400000,0.0001,8.0,82.5925925925926,8,0.000305886231110275,-0.0020194430791755646,0.005633652237052811
1729555200000,0.0001,8.0,82.22222222222221,8,0.0002701663601318849,0.00047204891495544743,0.012844777550659936
1729584000000,0.0001,8.0,82.22222222222221,8,-0.002594083767535671,-0.007892069494138898,0.0020004719214175015
1729612800000,0.0001,8.0,82.22222222222221,8,0.00280318348799935,-0.013995086989449512,0.004828200859107401
1729641600000,0.0001,8.0,82.22222222222221,8,-0.008092264276080563,-0.010718466653906522,-0.009964731734168786
1729670400000,0.0001,8.0,82.22222222222221,8,-0.008729692172146697,0.003021586392689457,0.0018802644037676508
1729699200000,0.0001,8.0,82.22222222222221,8,0.006135626623126944,0.02197115682064088,0.008921255434315212
1729728000000,0.0001,8.0,82.22222222222221,8,0.005684263887826502,0.023335478055591663,0.006081712418241736
1729756800000,0.0001,8.0,82.22222222222221,8,0.009997867400002525,0.006928712998271358,0.0018313516060863844
1729785600000,0.0001,8.0,82.22222222222221,8,0.00747880758423447,-0.002818764793347084,0.0011000417868223256
1729814400000,0.0001,8.0,81.85185185185185,8,-0.010439505680685746,-0.022058823529411686,-0.0028418084395407384
1729843200000,0.0001,8.0,81.48148148148148,8,0.00022067895063471177,-0.00801109022806934,0.01353695039463032
1729872000000,0.0001,8.0,81.11111111111111,8,-0.01195993709816412,-0.009978706958589711,0.014069991619011457
1729900800000,4.755e-05,8.0,62.22222222222222,6,0.00377513446762201,0.0053157609990692745,0.04802168866455547
1729929600001,7.569e-05,8.0,72.96296296296296,7,-0.0022235819069080787,0.0029130415317344394,0.060214299571699215
1729958400000,0.0001,8.0,80.74074074074075,8,0.003303923577510748,0.014048779612293893,0.08319635536397763
1729987200000,0.0001,8.0,80.37037037037037,8,0.0014355821635998467,0.014258923566802917,0.08436393125901898
1730016000000,9.724e-05,8.0,79.62962962962963,7,0.009260596244851094,0.018693870381424338,0.0759470117048815
1730044800000,0.0001,8.0,80.0,7,0.003511840847679748,0.01010041416417895,0.06149482589765065
1730073600000,9.425e-05,8.0,79.25925925925927,7,0.005814457657784544,0.02782444335680556,0.06391053142908376
1730102400001,0.0001,8.0,80.0,7,0.00027625762997285364,0.03843489090016128,0.058401447648448235
1730131200000,8.946e-05,8.0,77.77777777777779,7,0.021120261666958573,0.05750832311196774,0.030363296536417117
1730160000000,0.0001,8.0,79.62962962962963,7,0.015991614519579533,0.04017709036413364,0.0059044421310332496
1730188800000,0.0001,8.0,79.25925925925927,7,0.019334625404827888,0.017316291501463077,-0.0248364853966363
1730217600004,0.0001,8.0,78.88888888888889,7,0.0041940753167630795,-0.0072540947419540425,-0.04013343781731493
1730246400000,0.0001,8.0,78.51851851851852,7,-0.006337640912840281,-0.004872147374209379,-0.04416139675556785
1730275200000,0.0001,8.0,78.14814814814814,7,-0.004295853567426233,0.002448844062590716,-0.034043083053169054
1730304000013,0.0001,8.0,78.14814814814814,7,0.005553285694035681,-0.01893898334292221,-0.0361046952780395
1730332800000,0.0001,8.0,78.14814814814814,7,0.0009725691297715056,-0.028214175195066415,-0.0417652129705357
1730361600000,0.0001,8.0,78.14814814814814,7,-0.026120680136910712,-0.04377691288506125,-0.05623136800264994
1730390400000,0.0001,8.0,78.14814814814814,7,-0.0031191807650990944,-0.016131592298556874,-0.03491044932642129
1730419200000,0.0001,8.0,78.14814814814814,7,-0.015057581887685023,-0.011594565509437382,-0.02322893580483143
1730448000000,0.0001,8.0,78.14814814814814,7,0.002035098962099635,0.007711726067019642,-0.008967425426613107
1730476800000,0.0001,8.0,77.77777777777779,7,0.0014778516703610745,-0.000622253334889189,-0.011982697900327244
1730505600000,0.0001,8.0,77.4074074074074,7,0.004181067401913152,-0.0023774696991271105,-0.024562872063940033
1730534400000,0.0001,8.0,77.4074074074074,7,-0.006251933587707592,-0.02057767006978095,-0.013326000022916507
1730563200000,0.0001,8.0,77.03703703703704,7,-0.00028105312768889057,-0.018476000224842415,0.0023003117527771177
1730592000000,0.0001,8.0,77.03703703703704,7,-0.01413878412511671,-0.009415764160409568,0.0008462798288411122
1730620800000,0.0001,8.0,77.03703703703704,7,-0.004119523205769915,0.004110748928441543,0.07579513232341406
1730649600000,0.0001,8.0,76.66666666666667,7,0.00894713656387669,0.007242290748898705,0.09164317180616721
1730678400000,0.0001,8.0,76.29629629629629,7,-0.0006767642808178653,-0.012944390351815716,0.10042163142398475
1730707200000,0.0001,8.0,75.92592592592592,7,-0.0010136493122914203,0.0032797963380462036,0.08939629610211064
1730736000000,0.0001,8.0,75.55555555555556,7,-0.011273712263023206,0.013824985567082448,0.10891458628552098
1730764800000,0.0001,8.0,75.18518518518519,7,0.015749064802513812,0.023609589515761753,0.11947230827529975
1730793600003,0.0001,8.0,74.81481481481481,7,0.008669870423368975,0.06498413835819306,0.1043503109229924
1730822400001,0.0001,8.0,74.44444444444444,7,-0.002812866708083228,0.06933658912588303,0.09877390073859327
1730851200000,0.0001,8.0,74.07407407407408,7,0.05968790468603902,0.08913860483340064,0.1014806737432854
1730880000000,0.0001,8.0,73.70370370370371,7,0.010551256241104756,0.016805614649417544,0.040295141555664715
1730908800000,0.0001,8.0,73.33333333333333,7,0.017060595177082805,0.02317835807745139,0.026367719519134303
1730937600000,0.0001,8.0,72.96296296296296,7,-0.0106891753913545,0.004143675637356292,0.0141199748178793
1730966400000,0.0001,8.0,72.5925925925926,7,0.016884801005334182,0.018017138808304578,0.055935081081803784
1730995200000,0.0001,8.0,72.22222222222221,7,-0.001860275557425295,0.003876998317206448,0.048942995372318165
1731024000000,0.0001,8.0,71.85185185185186,7,0.0029793539464584295,0.007158615693634962,0.05872830847245547
1731052800000,0.0001,8.0,71.48148148148148,7,0.002760388555549831,0.00499417586905615,0.0658304081356611
1731081600000,0.0001,8.0,71.11111111111111,7,0.0014025869937885904,-0.0007569517109333734,0.1021649080853706
1731110400000,0.0001,8.0,70.74074074074073,7,0.0008238955875814469,0.0027567807914630205,0.16244474668480113
1731139200000,0.0001,8.0,70.37037037037037,7,-0.0029779560689411344,0.03209240941342495,0.16496360856668724
1731168000000,0.0001,8.0,70.0,6,0.00492391328565378,0.04568348293799174,0.13693249507543137
1731196800000,0.0001,8.0,69.62962962962963,6,0.030102977693382993,0.04831317947540836,0.14689188907205297
1731225600000,0.00025603,8.0,100.0,9,0.010151294549598067,0.027557131100842014,0.10539975944799651
1731254400000,0.00014113,8.0,99.62962962962963,9,0.007451107200689755,0.05481232484571397,0.16209573513413233
1731283200001,0.00036878,8.0,100.0,9,0.010333201924619617,0.10269653168048531,0.12367259581125412
1731312000000,0.0001,8.0,68.14814814814815,6,0.03694481133935268,0.09846898040452623,0.11778353309939682
1731340800000,0.0001,8.0,67.77777777777779,6,0.056171511203052304,0.030763984358383567,0.048227129007688774
1731369600002,0.00049133,8.0,100.0,9,0.0049059080666662425,-0.008358088432658284,-0.011270055013838043
1731398400000,0.00043737,8.0,99.62962962962963,9,-0.02696809435411962,-0.020677819715434587,-0.015431811426360187
1731427200000,0.00038754,8.0,99.25925925925925,9,0.013726927741120498,0.06882714768551179,0.01951372462224432
1731456000000,0.0001,8.0,66.2962962962963,6,-0.007163975437798453,0.02894700932453942,0.036566977484648655
1731484800010,0.00013101,8.0,97.77777777777777,9,0.05891182246706439,0.04117273666818688,0.04516122379296994
1731513600000,0.00021856,8.0,98.14814814814815,9,-0.024097308129107042,-0.04854405580679011,-0.023484710401974085
1731542400001,0.0001,8.0,65.18518518518519,6,0.005691973796777772,-0.02972708850504624,0.004262063210459077
1731571200000,0.0001,8.0,64.81481481481481,6,-0.02758123523634537,-0.032444491964934374,-0.0008189935968589968
1731600000000,0.0001,8.0,64.44444444444444,6,-0.00883710860144471,0.00252893654307651,0.02415695502891113
1731628800000,0.0001,8.0,64.07407407407408,6,0.00387011332432885,0.0425026275370457,0.02765346932100332
1731657600000,0.0001,8.0,63.70370370370371,6,0.007567981389350553,0.0387604140915061,0.046613205859802775
1731686400000,0.00010977,8.0,97.03703703703704,9,0.030683385721715917,0.02374889758259635,0.045703398837656284
1731715200001,0.0001,8.0,62.96296296296296,6,0.002516796041706293,-0.0027289102932562814,-0.005733679017284499
1731744000001,0.0001,8.0,62.59259259259259,6,-0.007586246967419719,-0.00616875891411417,0.005778483781108346
1731772800000,0.00013231,8.0,97.4074074074074,9,0.0015804750039760673,-0.0021249712841717727,0.02175776210924374
1731801600000,0.00015765,8.0,97.77777777777777,9,-0.0004267495906180585,-0.009132661781651952,0.018305021199640503
1731830400000,0.0001,8.0,61.48148148148148,6,-0.003274246857031926,0.013486410992997078,0.02410123688867105
1731859200001,0.00010577,8.0,95.92592592592592,9,-0.005963088592246479,0.025043865763020978,0.04820034207550883
1731888000000,0.0001,8.0,60.74074074074074,6,0.022391057821679494,0.007407300241605297,0.049180200161812015
1731916800000,0.0003645,8.0,98.51851851851852,9,0.006692115864603387,-0.0016164268150513639,0.05639098153572508
1731945600000,0.00021318,8.0,97.4074074074074,9,-0.02120580726849275,0.00030599854461454967,0.04584463707815711
1731974400000,0.00021606,8.0,97.4074074074074,9,0.01323311559837359,0.02013413180532231,0.08756900187687311
1732003200000,0.00030216,8.0,98.14814814814815,9,0.008630539637682899,0.0121095760176535,0.08291140068555869
1732032000000,0.00017959,8.0,96.29629629629629,9,-0.0018040824797540544,0.024272421859123705,0.06452864697056837
1732060800003,0.0001,8.0,58.51851851851851,5,0.006434698164208941,0.02113468320735623,0.07160647436633893
1732089600000,0.0001,8.0,58.14814814814815,5,0.02075157678158801,0.04544147191416692,0.062339830768650684
1732118400000,0.0001,8.0,57.77777777777777,5,-0.005080315203270569,0.02074866581044965,0.03937719176976273
1732147200001,0.0001,8.0,57.407407407407405,5,0.031162633709563403,0.04427407833538899,0.03752465095939739
1732176000000,0.0001,8.0,57.03703703703704,5,-0.003358066314339214,0.023447731527801663,0.014984044290617726
1732204800001,0.0001,8.0,56.666666666666664,5,0.01656690772065006,0.01733460214727134,-0.008483901664853355
1732233600000,0.0001,8.0,56.2962962962963,5,0.008893863782492462,0.004707978372756161,-0.004563742573633789
1732262400000,0.0001,8.0,55.925925925925924,5,-0.008491273640706454,-0.007117004193283649,-0.013345012106659393
1732291200001,0.0001,8.0,55.55555555555556,5,0.004176272838992023,5.7890941591143275e-05,-0.02414966331847135
1732320000000,0.0001,8.0,55.18518518518518,5,-0.0029803848619094353,-0.012187428599158445,-0.05919723717918901
1732348800000,0.0001,8.0,54.81481481481482,5,-0.0013121257044818035,-0.0011610385870414186,-0.04947646792795679
1732377600000,0.0001,8.0,54.44444444444444,5,-0.007932849490096427,-0.026289176884369048,-0.05622240814221258
1732406400001,0.0001,8.0,54.074074074074076,5,0.007505820924227802,0.0011672538741369642,-0.058609239003670655
1732435200000,0.00016148,8.0,95.92592592592592,9,-0.026436463050776626,-0.0051175534825455005,-0.049835489081165196
1732464000000,0.00023228,8.0,97.4074074074074,9,0.021904066736183614,0.0010552659019811284,-0.002899895724713275
1732492800000,0.00021035,8.0,95.92592592592592,9,-6.122411495446123e-06,-0.0504343850956015,-0.021685581516847963
1732521600000,0.0001,8.0,52.59259259259259,5,-0.020395918367347,-0.04347653061224488,-0.026712244897959203
1732550400000,0.00025233,8.0,97.4074074074074,9,-0.03065795010895689,-0.03176314462735885,-0.008866555834718737
1732579200000,0.00021902,8.0,96.66666666666667,9,0.00732124051666716,-0.010201164864922951,0.02889058436673908
1732608000000,0.00017936,8.0,94.44444444444444,9,-0.008399892041011658,-0.001538308905656427,0.021396575395805195
1732636800000,0.00029599,8.0,97.77777777777777,9,-0.009071358412254038,0.028724533871819835,0.05667554939705388
1732665600000,0.00031205,8.0,98.14814814814815,9,0.01613745498525132,0.040894074066836206,0.05842444850486439
1732694400000,0.00016795,8.0,93.33333333333333,9,0.02165497980129283,0.019093948294301555,0.034647112936467606
1732723200001,0.0001,8.0,50.0,4,0.0024725395407603212,-0.004540310552639704,0.011378493089649444
1732752000000,0.0001,8.0,49.629629629629626,4,-0.005144176712691628,-0.001344453321707073,0.005768945944423676
1732780800000,0.00014326,8.0,92.22222222222223,9,-0.0024344164844174454,0.0038036447051965627,0.011890059151497878
1732809600000,0.00011859,8.0,90.74074074074075,9,0.006269048870204852,0.03226484498160809,0.02044245927482935
1732838400000,0.00020619,8.0,94.07407407407408,9,-1.566636900562912e-05,0.018210587332174066,0.016133226802024003
1732867200000,0.00011747,8.0,90.0,8,0.025849913833620564,0.011414695284349019,0.0022915034727661876
1732896000000,0.00021921,8.0,95.92592592592592,9,-0.00743127672571775,-0.01559458358786392,-0.010913255956016998
1732924800000,0.0001,8.0,47.40740740740741,4,-0.00668991005240549,-0.010889310812072228,-0.016482699268951517
1732953600000,0.00015909,8.0,91.85185185185185,9,-0.001544849692114214,-0.0033210137766307435,-0.013019695800920772
1732982400000,0.00012063,8.0,89.62962962962962,8,-0.002686984878211729,0.0042073342896711274,-0.010460417651360188
1733011200000,0.00015901,8.0,91.48148148148148,9,0.0009105191929772438,0.008946525145574258,-0.0040734844988774555
1733040000000,0.00019581,8.0,93.33333333333333,9,0.005996914510813189,-0.005718205111468255,0.0021384988856802956
1733068800000,0.0001,8.0,45.55555555555556,4,0.0020196693756944217,0.0005458565880256394,-0.013778244216237523
1733097600001,0.00025726,8.0,97.03703703703704,9,-0.013847127710080676,-0.015864338225471397,0.013750531791360876
1733126400001,0.00024556,8.0,95.92592592592592,9,0.012575405017032137,-0.003844105825972277,0.06877396053356888
1733155200000,0.00013387,8.0,88.88888888888889,8,-0.01302032669707398,-0.015143888557779372,0.044995218640405676
1733184000000,0.00012779,8.0,87.77777777777777,8,-0.003192425784704578,0.0015904767467085357,0.011879036160662215
1733212800000,0.00024926,8.0,95.92592592592592,9,0.0010441831777694421,0.011986134754036204,0.028567512510841997
1733241600000,0.00011952,8.0,86.66666666666667,8,0.003750121502682502,0.0008403282296982617,0.038567303079426685
1733270400000,0.00026634,8.0,97.03703703703704,9,0.007153589758808421,0.027853183763954625,0.040009079956724536
1733299200000,0.00026254,8.0,96.66666666666667,9,-0.009981110949136007,0.06007276471810652,0.02875436686527566
1733328000000,0.00023234,8.0,94.44444444444444,9,0.030841512866381926,0.06017295809301215,0.04275287628201707
1733356800001,0.00027625,8.0,97.03703703703704,9,0.03967838038655591,-0.018387097101186245,0.012132706610292754
1733385600000,0.00072446,8.0,100.0,9,-0.009887538755777414,-0.04121205737464295,-0.027045900299513037
1733414400000,0.00047059,8.0,99.25925925925925,9,-0.04429798077803926,-0.021201879839597093,-0.014570628442079459
1733443200000,0.0001,8.0,40.74074074074074,4,0.013247483565616891,0.029434500557604437,0.04409094001166736
1733472000000,0.00014634,8.0,87.03703703703704,8,0.010776390407649439,0.012169976858327214,0.013638837321669373
1733500800000,0.0001,8.0,40.0,3,0.005143563903070358,0.004873856384772113,-0.014472626196449623
1733529600000,0.00031972,8.0,97.4074074074074,9,-0.0037455695949057954,0.0006658122909950492,-0.025203748573259355
1733558400000,0.00012374,8.0,84.07407407407408,8,0.003490315454972137,0.0025737684653566184,-0.023152861345133058
1733587200000,0.0001409,8.0,85.55555555555556,8,0.0009343903728749048,0.0018918150207509754,-0.0432483535500825
1733616000000,0.00016985,8.0,88.51851851851852,8,-0.0018460245436217049,0.01356252720259743,-0.03381776886171817
1733644800000,0.00016572,8.0,87.77777777777777,8,0.0028077385725742143,-0.0011196872493984822,-0.024027666399358494
1733673600000,0.0001758,8.0,88.51851851851852,8,0.01259394982611961,-0.021104537080630648,0.004159332107824598
1733702400000,0.00030413,8.0,96.66666666666667,9,-0.016305034550839093,-0.0388874629812439,-0.0013928923988154596
1733731200000,0.00021032,8.0,89.62962962962962,8,-0.01725568825559498,-0.024568407087727562,0.008711638833778235
1733760000001,0.00011115,8.0,80.0,7,-0.004557358266669365,-0.022432841622849087,0.04361458354645342
1733788800007,0.0001,8.0,36.2962962962963,3,-0.0011828360317958087,-0.007860567165252741,0.027082937256251993
1733817600000,0.0001,8.0,35.92592592592593,3,-0.017153274533668217,0.0016759242017239107,0.02967280897859159
1733846400000,0.0001,8.0,35.55555555555556,3,0.010800478997789353,0.05153622630133303,0.048023296710658636
1733875200000,0.0001,8.0,35.18518518518518,3,0.008268040254917342,0.047577476632223226,0.05002557873175051
1733904000000,0.0001,8.0,34.81481481481482,3,0.031769768803344256,0.0323880734981461,0.04598358719431417
1733932800001,0.0001,8.0,34.44444444444444,3,0.0066357192195989345,0.015388458805192462,0.011083751196858005
1733961600001,0.0001,8.0,34.074074074074076,3,-0.006370497369438399,-0.011807617505173784,0.0019666179214361534
1733990400000,0.0001,8.0,33.7037037037037,3,0.014335969055795816,-0.004298800991678897,0.011774198041314632
1734019200001,0.0001,8.0,33.33333333333333,3,-0.020325924473742263,-0.021536501090499205,0.0054598475751708175
1734048000000,0.0001,8.0,32.96296296296296,3,0.0014578951476205138,0.014575949633074625,0.045711066594889216
1734076800000,0.0001,8.0,32.592592592592595,3,0.00036269424874824097,0.017543211073065335,0.04862400995960403
1734105600001,0.0001,8.0,32.22222222222222,3,0.01652067112534117,0.01767774923763077,0.06457297305961518
1734134400000,6.75e-05,8.0,24.074074074074073,2,0.004386791103729637,-0.0006430278326510219,0.045836444095535
1734163200000,0.0001,8.0,31.851851851851855,3,-0.002292810003132306,-0.0013766679333583332,0.04816177517500453
1734192000000,0.0001,8.0,31.48148148148148,3,-0.002721279916855779,0.011302415394275567,0.045777538073314084
1734220800000,0.0001,8.0,31.11111111111111,3,0.0036494585518023204,0.031351000344418845,0.04705215923008055
1734249600000,8.194e-05,8.0,27.037037037037038,2,0.010374641469657275,0.031965616485365445,0.0241278506665199
1734278400000,0.0001,8.0,30.74074074074074,3,0.01704929200525518,0.0349423385723322,0.015728675003649384
1734307200000,0.0001,8.0,30.37037037037037,3,0.0042475664286283354,0.014697594130148373,-0.03999066090372971
1734336000001,0.0001,8.0,30.0,2,0.012785371590646966,0.017597398512836815,-0.0326072246165342
1734364800000,9.181e-05,8.0,28.51851851851852,2,-0.002845442449375013,-0.0008237302001495861,-0.05403989825615563
1734393600000,7.866e-05,8.0,23.703703703703706,2,0.0066199622982774375,0.0005186580148222042,-0.07929338032060607
1734422400000,0.0001,8.0,29.629629629629626,2,-0.004562278853603274,-0.024274696027632214,-0.08380821940907712
1734451200000,0.0001,8.0,29.259259259259256,2,-0.0015057703944836298,-0.017755856270451398,-0.08838025219771883
1734480000000,0.0001,8.0,28.888888888888886,2,-0.018324585123739467,-0.054386561845239045,-0.07910995410842248
1734508800000,9.159e-05,8.0,27.037037037037038,2,0.0020882599465981144,-0.025021674698066376,-0.04930981808615542
1734537600000,0.0001,8.0,28.51851851851852,2,-0.038742488349276294,-0.0361459866323276,-0.06688722559479998
1734566400000,0.0001,8.0,28.14814814814815,2,0.012160163305012794,-0.026844058863164433,-0.030488120915879602
1734595200000,0.0001,8.0,27.77777777777778,2,-0.00934537103781874,-0.03691667749902516,-0.05193229579034864
1734624000000,0.0001,8.0,27.40740740740741,2,-0.02946561880582843,-0.03709594368112479,-0.05303552932148159
1734652800000,0.0001,8.0,27.037037037037038,2,0.001683832747474412,0.0007179846447564753,-0.02536913219111292
1734681600001,0.0001,8.0,26.666666666666668,2,-0.00892373094603427,0.013733380522862548,-0.025148882283264062
1734710400014,0.0001,8.0,26.666666666666668,2,0.008882292593410668,0.00485708446950861,-0.03701024054230906
1734739200000,0.0001,8.0,26.296296296296294,2,0.013442574292893417,-0.004459364717080527,-0.029848164618825113
1734768000000,1.206e-05,8.0,5.185185185185185,0,-0.016439451856684384,-0.027711151216093244,-0.04885884269409868
1734796800001,0.0001,8.0,25.925925925925924,2,-0.0010990139687756528,-0.02179847986852923,0.008819843878389522
1734825600000,0.0001,8.0,25.555555555555554,2,-0.010227328804303104,-0.021705829618541617,0.014378711364795294
1734854400000,0.0001,8.0,25.185185185185183,2,-0.0104981614973928,-0.009643309720173576,0.018556411907680204
1734883200000,9.629e-05,8.0,24.444444444444443,2,-0.0011106060781014282,-0.02171140407691108,0.034501219252324855
1734912000000,0.0001,8.0,24.814814814814813,2,0.001976722801670938,-0.003880934240601097,0.0453153981556893
1734940800000,0.0001,8.0,24.444444444444443,2,-0.022555838968971842,-0.012225000419526455,0.02452656441408929
1734969600001,8.981e-05,8.0,22.22222222222222,2,0.015021944514407304,0.05267969583134602,0.0299720803614012
1734998400000,0.0001,8.0,24.074074074074073,2,-0.006416410481473456,0.04092492525440927,0.010209076657220928
1735027200000,0.0001,8.0,23.703703703703706,2,0.04233913782119347,0.04120301550222982,0.012847738373327644
1735056000001,0.0001,8.0,23.333333333333332,2,0.0042639538092033025,0.003269234880934224,-0.036619299583480536
1735084800001,0.0001,8.0,22.962962962962962,2,-0.006244075529083681,0.008729945507540249,-0.0442955265492333
1735113600000,0.0001,8.0,22.59259259259259,2,0.004991816276686434,-0.0038384466732271916,-0.037494200009178025
1735142400000,0.0001,8.0,22.22222222222222,2,0.009331303906646493,-0.025094875697615482,-0.042027397260274046
1735171200000,9.827e-05,8.0,22.22222222222222,2,-0.017950207902715953,-0.037335024972454,-0.04267233405985349
1735200000000,7.453e-05,8.0,15.185185185185185,1,-0.016453035857422194,-0.02348488648613245,-0.025382841219809604
1735228800000,8.585e-05,8.0,19.62962962962963,1,-0.0033410736607862868,-0.014967177333989778,-0.016365015940355998
1735257600000,0.0001,8.0,22.59259259259259,2,-0.003821174465489796,-0.015408972188658887,-0.02199342285958361
1735286400000,0.0001,8.0,22.22222222222222,2,-0.00787399098438002,-0.010548275500576576,-0.017074116783729942
1735315200000,0.0001,8.0,21.85185185185185,2,-0.0037880829130516602,-0.0024376868285662656,-0.027879656251287743
1735344000001,0.0001,8.0,21.48148148148148,2,0.0015731693474900776,0.010106260535089673,-0.016353323439586842
1735372800000,7.639e-05,8.0,14.074074074074074,1,0.0002585189407504629,0.008696407646227478,-0.016691423740091027
1735401600000,5.173e-05,8.0,10.74074074074074,1,0.0086517908402024,0.001021097743628241,0.009320164985668677
1735430400000,8.013e-05,8.0,15.555555555555555,1,-0.00021422945655025227,-0.016540824363350026,-0.017065896560777172
1735459200000,0.0001,8.0,21.11111111111111,2,-0.0073525859044626385,-0.015159981765586972,-0.01606119872359113
1735488000000,0.0001,8.0,20.74074074074074,2,-0.00904400420720275,-0.026498181040923052,-0.0011068244297103291
1735516800000,-4.2e-07,8.0,1.8518518518518516,0,0.0011895367747323249,-0.009607057775822492,0.010151639243608512
1735545600001,8.791e-05,8.0,18.14814814814815,1,-0.020157589106287732,-0.010011631018465583,0.02161066684861246
1735574400000,0.0001,8.0,21.48148148148148,2,0.008149964565371537,0.035735714192547174,0.04865087543097646
1735603200000,0.0001,8.0,21.48148148148148,2,0.000627491908373301,0.009161166229291196,0.04528184305802041
1735632000000,0.0001,8.0,21.11111111111111,2,0.026718486688705134,0.009342904306075761,0.03806013248800766
1735660800000,0.0001,8.0,20.74074074074074,2,-0.01771679779531765,-0.009320156451855022,0.02427060671794279
1735689600015,0.0001,8.0,20.37037037037037,2,0.00040475150500296486,0.010038691680807954,0.04869940205707746
1735718400000,0.0001,8.0,20.0,1,0.0077341460680753205,0.023186425479447603,0.048424614760529616
1735747200001,0.0001,8.0,19.62962962962963,1,0.0022901264921322273,0.02246570638903944,0.03565645347259894
1735776000000,0.0001,8.0,19.25925925925926,1,0.013180677500988391,0.02483599469770814,0.038122379773489756
1735804800006,0.0001,8.0,18.88888888888889,1,0.0068195099553367555,0.004939057477981512,0.02350043828526105
1735833600000,0.0001,8.0,18.51851851851852,1,0.004911050693279018,0.011655712335568502,0.01527525412977071
1735862400000,0.0001,8.0,18.14814814814815,1,-0.006285707802261231,0.013091270663980747,0.015579148448531699
1735891200000,0.0001,8.0,17.77777777777778,1,0.013079622630933763,0.019420660219408914,0.030808370709368038
1735920000000,5.242e-05,8.0,8.518518518518519,0,0.006337038220998181,0.0008924107179448804,0.04575269874837096
1735948800000,7.699e-05,8.0,11.11111111111111,1,-7.737786769002053e-05,-0.00012522997007724523,0.040422808959135414
1735977600000,0.0001,8.0,17.40740740740741,1,-0.005333376776901377,-0.0008135486912455026,0.03561897411408199
1736006400000,7.98e-06,8.0,2.5925925925925926,0,0.005313861798646569,0.0026830344392705374,2.456803759742776e-05
1736035200000,0.0001,8.0,17.037037037037038,1,-0.0007657295304814848,0.002581282393312012,-0.013846263504638245
1736064000000,0.0001,8.0,16.666666666666664,1,-0.0018526104687777156,0.011994073276960115,-0.025461675012585228
1736092800000,8.32e-05,8.0,11.851851851851853,1,0.005211842776926989,0.04202450229709043,-0.02699438489025019
1736121600000,0.0001,8.0,16.296296296296298,1,0.008615637743054405,0.03787407132809606,-0.0353238100558092
1736150400001,0.0001,8.0,15.925925925925927,1,0.028093416549224814,0.023247433058183997,-0.0614143346084155
1736179200000,0.0001,8.0,15.555555555555555,1,0.001208038304513881,-0.04287409262410802,-0.07694214446884029
1736208000000,0.0001,8.0,15.185185185185185,1,-0.004694215458324602,-0.052279292609032746,-0.09435108856478558
1736236800000,8.903e-05,8.0,12.222222222222221,1,-0.03952024335880766,-0.05974541318003457,-0.07109140801436242
1736265600008,8.279e-05,8.0,10.0,0,-0.012059459068099354,-0.02904324824273108,-0.04686934362320172
1736294400001,0.0001,8.0,15.185185185185185,1,-0.011869139102924642,-0.019810799791497913,-0.02306529110304867
1736323200000,0.0001,8.0,14.814814814814813,1,-0.0034224516172208785,-0.02552251728479238,-0.014494966183291935
1736352000000,0.0001,8.0,14.444444444444443,1,-0.00339328415134843,-0.011466236612843406,-0.009230278503219558
1736380800000,0.0001,8.0,14.444444444444443,1,-0.018846629642302548,-0.025632090121864626,-0.004171294712183804
1736409600000,9.834e-05,8.0,14.074074074074074,1,0.01095260986947455,0.013807992926461843,0.01164687249174845
1736438400000,-5.44e-06,8.0,0.3703703703703704,0,-0.01767482441401469,-0.006453454986620755,0.00941376517702941
1736467200000,3.966e-05,8.0,2.9629629629629632,0,0.020868112620599844,0.02253859893093213,0.021578015276413565
1736496000000,-1.06e-05,8.0,0.3703703703703704,0,-0.009251771818558963,-0.0024576838076528773,-0.009631749633781772
1736524800000,8.078e-05,8.0,7.777777777777778,0,0.010989785812952402,0.008771957938189079,-0.018247937345294285
1736553600000,5.68e-05,8.0,4.814814814814815,0,-0.004087334546430621,-0.0005019348266687151,-0.001793228212330078
1736582400000,4.055e-05,8.0,2.9629629629629632,0,0.0019013867815420582,0.00032680085307768003,0.006177384956550291
1736611200000,2.608e-05,8.0,1.8518518518518516,0,0.001695504002067194,0.007135731396582745,0.019163113627362005
1736640000000,5.009e-05,8.0,3.3333333333333335,0,-0.0032615717075306083,-0.0004376955225017243,0.020704901238340012
1736668800000,3.21e-05,8.0,2.2222222222222223,0,0.008721035068701255,-0.007516085441111375,0.030880016292276657
1736697600000,6.647e-05,8.0,5.185185185185185,0,-0.005837013669821256,-0.03368033648790747,0.04181808622502614
1736726400000,5.266e-05,8.0,4.814814814814815,0,-0.01031996437671412,-0.0008546203972925603,0.06311498557828088
1736755200000,6.989e-05,8.0,6.296296296296296,0,-0.017871265330899444,0.013465969571183622,0.0659747010768501
1736784000000,8.81e-06,8.0,1.4814814814814816,0,0.027934535403767224,0.04721264023852778,0.0795401373276603
1736812800000,0.0001,8.0,15.925925925925927,1,0.003864960339430512,0.022025298499641632,0.05811414071589094
1736841600000,0.0001,8.0,15.555555555555555,1,0.014831929405710431,0.024885794670839845,0.07051941806953987
1736870400000,9.496e-05,8.0,13.703703703703704,1,0.0032108666534351737,0.02952334736485529,0.07909642679379902
1736899200000,4.989e-05,8.0,4.074074074074074,0,0.006674628436361685,0.04109391815397445,0.07844656413039774
1736928000000,8.795e-05,8.0,11.851851851851853,1,0.01942398890410546,0.026271464598396133,0.056770769561607315
1736956800000,5.844e-05,8.0,6.296296296296296,0,0.014485717659717068,0.0013080748388374364,0.055332776863224575
1736985600000,7.28e-06,8.0,1.1111111111111112,0,-0.007657784485649133,-0.005554555123214011,0.03950270663930011
1737014400000,7.568e-05,8.0,8.518518518518519,0,-0.00537284043696562,0.01778681884534561,0.053624135773753245
1737043200000,4.598e-05,8.0,4.074074074074074,0,0.007532772550185696,0.04678221689103035,0.05673116176863413
1737072000004,4.597e-05,8.0,4.074074074074074,0,0.015242667466806692,0.04101717800615101,0.008809541669792198
1737100800000,9.386e-05,8.0,15.925925925925927,1,0.022962769599030652,0.011723217408007525,0.05776302374490849
1737129600008,3.432e-05,8.0,3.3333333333333335,0,0.0016706781548245786,0.006101439805061837,0.011918979808468677
1737158400000,6.707e-05,8.0,8.518518518518519,0,-0.013558615536365837,0.003498904611389131,-0.017187180351580844
1737187200007,0.0001,8.0,19.25925925925926,1,0.01809004706567463,0.022224970614385775,-0.008296140770482574
1737216000000,0.0001,8.0,19.25925925925926,1,-0.0007316436350350841,0.0026348734830350384,-0.00662496138547497
1737244800000,0.0001,8.0,19.25925925925926,1,0.005822979137195983,-0.03380850017132042,0.015618868596302127
1737273600000,0.0001,8.0,19.25925925925926,1,-0.002439790276997922,0.02178492925179132,0.0006737018393583316
1737302400000,0.0001,8.0,19.25925925925926,1,-0.03705265246397671,0.004500422570410834,-0.008423745595442789
1737331200000,0.0001,8.0,19.25925925925926,1,0.06369675344873005,0.013656238422509404,0.02638033406570761
1737360000009,0.0001,8.0,19.25925925925926,1,-0.021523097152184145,-0.052362106172175515,-0.045184638562906
1737388800000,0.0001,8.0,19.25925925925926,1,-0.028275584389932495,-0.01367438256364284,-0.0009439122408514411
1737417600000,0.0001,8.0,19.25925925925926,1,-0.004343840639194463,0.03699544996130122,0.014483703512598423
1737446400000,0.0001,8.0,19.25925925925926,1,0.019454420357209123,0.032168842500758243,0.03153086393094906
1737475200000,0.0001,8.0,19.25925925925926,1,0.021644150562645903,0.0008193217440866096,0.018923347685103176
1737504000000,0.0001,8.0,19.25925925925926,1,-0.008978037874183054,-0.023570765540995797,-0.01379264850703732
1737532800000,0.0001,8.0,19.25925925925926,1,-0.01150893195057523,-0.024785616069713523,-0.008394683240492307
1737561600000,0.0001,8.0,19.25925925925926,1,-0.0032534403062967066,0.012077747795847138,0.008617480267240074
1737590400001,8.654e-05,8.0,14.074074074074074,1,-0.009953945152951782,0.001654809610053487,0.011162004413468818
1737619200000,0.0001,8.0,19.62962962962963,1,0.025856294116442413,0.02478175189385623,0.023516093268704852
1737648000000,8.616e-05,8.0,14.074074074074074,1,-0.013270029560770724,0.005939718840000996,-0.0024523083064814655
1737676800000,3.34e-06,8.0,1.1111111111111112,0,0.012386945879478972,0.008091635849414747,-0.012745289752810085
1737705600000,7.537e-05,8.0,10.0,0,0.006994504114302247,-0.007781397720958205,-0.05799605696843291
1737734400000,9.54e-05,8.0,18.51851851851852,1,-0.011159206250667353,-0.009303433085865342,-0.045656366369686174
1737763200000,5.702e-05,8.0,7.777777777777778,0,-0.0035537200348969566,0.0011036694381032497,-0.025152196493293366
1737792000000,8.495e-05,8.0,14.074074074074074,1,0.005449802932517622,0.006597685056435099,-0.015016446264348504
1737820800001,7.782e-05,8.0,11.851851851851853,1,-0.00028428631256793846,0.0008700305941680142,-0.020419961478250648
1737849600000,8.363e-05,8.0,14.444444444444443,1,0.0019147360222362408,-0.021749339482887597,-0.032639281296293454
1737878400000,0.0001,8.0,21.11111111111111,2,-0.00017148246591780492,-0.056831194565911125,-0.021369573294463984
1737907200000,8.443e-05,8.0,14.814814814814813,1,-0.023451390675470862,-0.03762780016960621,-0.028910232589162366
1737936000000,9.084e-05,8.0,18.14814814814815,1,-0.03401575602169227,-0.004577130155979603,0.012385864463867913
1737964800000,3.712e-05,8.0,4.074074074074074,0,0.02018553235503262,0.03748929310233362,0.06282322709935984
1737993600000,9.8e-07,8.0,1.1111111111111112,0,0.010086138613861317,0.018175247524752525,0.0458059405940594
1738022400000,0.0001,8.0,22.22222222222222,2,0.006806595261457105,-0.006585067247475207,0.026497102982100396
1738051200000,3.714e-05,8.0,4.814814814814815,0,0.0011936160041903232,0.000105147249961135,0.014402252487754508
1738080000000,9.848e-05,8.0,22.59259259259259,2,-0.01447746259324345,-0.008954088901033441,0.025340421662905177
1738108800000,0.0001,8.0,22.962962962962962,2,0.013586996740896806,0.023782671201585837,0.009152721987549794
1738137600000,0.0001,8.0,22.962962962962962,2,-0.007875479805575902,0.0243107981686832,-0.005746471853190771
1738166400000,9.949e-05,8.0,22.962962962962962,2,0.01807684646700336,0.03641763863772618,0.0009498120490722961
1738195200000,7.59e-05,8.0,12.222222222222221,1,0.014109864182919374,0.009297668017255623,-0.030861472745987717
1738224000000,0.0001,8.0,23.703703703703706,2,0.0038509349826840733,-0.009777497310427985,-0.05380284581434158
1738252800000,9.499e-05,8.0,21.48148148148148,2,-0.00856320010906364,-0.0017495626093475547,-0.05994240076344548
1738281600000,1.225e-05,8.0,3.3333333333333335,0,-0.0050562489794397925,-0.023370469787121873,-0.06705378722120203
1738310400000,0.0001,8.0,24.444444444444443,2,0.011989358148962959,-0.019759598588764526,-0.08590549790579738
1738339200000,0.0001,8.0,24.444444444444443,2,-0.030036532070833566,-0.03252890699685895,-0.0616255823128633
1738368000000,8.098e-05,8.0,15.185185185185185,1,-0.0013776650093619836,-0.016811619709702796,-0.008310967054348861
1738396800000,5.369e-05,8.0,8.88888888888889,0,-0.0011935347427292076,-0.02519836762828298,-0.03752535894162157
1738425600000,5.968e-05,8.0,10.37037037037037,1,-0.014278754299751784,-0.026632239243145617,-0.02558333995022144
1738454400001,5.824e-05,8.0,10.0,0,-0.008172606402024218,-0.029554460172343866,-0.027183340096595177
1738483200000,3.38e-05,8.0,4.444444444444445,0,-0.0026627159501808606,-0.04337384491763763,-0.01786962635596634
1738512000000,-8.61e-06,8.0,0.3703703703703704,0,-0.016063262060790673,-0.0035369389565828024,-0.012771048664130702
1738540800000,0.0001,8.0,26.666666666666668,2,-0.025160721761230076,0.03812286399474307,-0.011052211926521838
1738569600000,0.0001,8.0,26.666666666666668,2,0.038869528788335383,0.03212143420371549,0.030921329627673577
1738598400000,4.845e-05,8.0,7.777777777777778,0,0.025072844455988674,0.004630916369612104,-0.017236064549839947
1738627200000,2.612e-05,8.0,4.444444444444445,0,-0.0307963066123077,-0.035565371286030434,-0.04759895291571559
1738656000001,6.8e-05,8.0,13.703703703703704,1,0.010758926163294102,-0.004370336670625918,-0.016512422483519695
1738684800000,4.138e-05,8.0,7.4074074074074066,0,-0.01594134518555468,-0.013833739596526784,-0.0126707839588579
1738713600001,-4.61e-06,8.0,1.1111111111111112,0,0.00014108972386273066,-0.012889261947385933,-0.014519972886235744
1738742400001,4.774e-05,8.0,8.88888888888889,0,0.0017214607064328646,0.003709727377461114,-0.016604326754504628
1738771200000,1.61e-05,8.0,4.444444444444445,0,-0.014350157303920974,-0.00804371865653064,-0.02259586153990545
1738800000001,2.186e-05,8.0,4.814814814814815,0,0.016959193946311624,0.0008917714662131093,-0.0013526754179724598
1738828800001,-2.38e-06,8.0,1.4814814814814816,0,-0.008411517637808785,-0.015846325575332054,-0.010933241535522109
1738857600000,5.903e-05,8.0,14.444444444444443,1,-0.006597194726769229,0.009297776699098925,-0.008049297447610626
1738886400000,7.983e-05,8.0,20.0,1,0.0002681248240106182,-0.0028706955095820774,-0.0013882447451676327
1738915200000,6.989e-05,8.0,16.666666666666664,1,0.01572818809658605,-0.004378888190870178,0.008335515360262225
1738944000000,5.167e-05,8.0,11.481481481481481,1,-0.018574031203638763,-0.023747126624170556,-0.009837745969122458
1738972800000,-4.1e-05,8.0,0.0,0,-0.0012448154319737448,0.0007963081203701261,0.01132065677251215
1739001600000,1.137e-05,8.0,4.444444444444445,0,-0.004031201792938921,0.01001875267672614,0.021345203098557475
1739030400000,3.24e-06,8.0,2.9629629629629632,0,0.006099457478097703,0.00671942286858207,0.011182338709845752
1739059200000,3.873e-05,8.0,9.25925925925926,0,0.007958819953483687,0.0006898612185957109,-0.007739931657056887
1739088000000,9.6e-05,8.0,31.11111111111111,3,-0.007284635984331378,0.0027242768367514714,-0.011576375466482158
1739116800000,2.839e-05,8.0,7.4074074074074066,0,7.360899730013415e-05,0.007478052077847019,-0.008023380705734162
1739145600000,1.802e-05,8.0,6.296296296296296,0,0.010008013460125031,0.009819339495991786,0.01326212100635793
1739174400000,9.176e-05,8.0,30.0,2,-0.0025783115959360225,0.008466756510698614,-0.015235850847958754
1739203200000,7.457e-05,8.0,20.37037037037037,2,0.0023976891627537356,-0.0030223232064410244,-0.013632869539983106
1739232000000,4.218e-05,8.0,11.481481481481481,1,0.008655177759139487,-0.018065925537342542,-0.007867783459381328
1739260800000,7.09e-05,8.0,20.37037037037037,2,-0.013941559036365292,-0.022537734216766858,-0.013416384232542433
1739289600000,-2.446e-05,8.0,0.3703703703703704,0,-0.01272769685559505,-0.01240153091557672,-0.0005790477606023581
1739318400000,1.298e-05,8.0,6.296296296296296,0,0.00406167897367582,0.021870337825051767,0.018515401447567692
1739347200000,4.899e-05,8.0,14.074074074074074,1,-0.0037162141055784303,-0.0009881443502925968,0.013763216040217019
1739376000001,4.96e-05,8.0,14.444444444444443,1,0.021331061587991806,0.001414266003261222,0.020005644520633803
1739404800001,0.0001,8.0,37.03703703703704,3,-0.0181621493275419,-0.01080968224938006,-0.0019005472388845535
1739433600000,4.117e-05,8.0,11.851851851851853,1,-0.0009547265740219579,0.01033001645756837,0.012647000272034692
1739462400001,8.05e-06,8.0,4.814814814814815,0,0.008863995290350202,0.010799210465610276,0.011146797657283214
1739491200000,4.1e-05,8.0,12.222222222222221,1,0.003014170637445801,0.008046066212419989,-0.00637290661037726
1739520000001,5.51e-05,8.0,18.51851851851852,1,-0.001416855632310532,0.00441865093482563,-0.01021290988530077
1739548800000,7.093e-05,8.0,23.703703703703706,2,0.00613464618892845,0.007420443243678632,-0.011915052707351714
1739577600000,5.5e-07,8.0,2.9629629629629632,0,-0.000623068308610919,0.001280010182598934,-0.016889564991567574
1739606400000,3.297e-05,8.0,10.0,0,0.001902210755091449,-0.002088117961717373,-0.019787305721833515
1739635200000,3.735e-05,8.0,11.851851851851853,1,2.0503231308310887e-06,-0.007131023849358709,-0.02130490765344628
1739664000000,3.39e-05,8.0,10.74074074074074,1,-0.0039847948348364914,-0.015563970975685293,-0.020305333494625044
1739692800000,1.82e-06,8.0,3.7037037037037033,0,-0.0031608600915424834,-0.011598740596415635,-0.015444059157797008
1739721600000,3.799e-05,8.0,12.962962962962962,1,-0.00849148167268965,-0.012148683531233884,-0.00877439339184305
1739750400000,6.239e-05,8.0,23.333333333333332,2,2.7075549112964836e-05,-0.002623204162136794,0.005543197997242233
1739779200000,6.397e-05,8.0,23.703703703703706,2,-0.0037154978329734245,-0.006209504926575238,0.008354663428796316
1739808000000,2.009e-05,8.0,8.518518518518519,0,0.001069262720881703,-0.002153158558178103,0.013412296416768
1739836800000,9.488e-05,8.0,38.88888888888889,3,-0.00356875491382469,-0.0021988876092786658,0.026774014703103255
1739865600000,0.0001,8.0,42.592592592592595,4,0.0003510283033596462,0.002333552333080968,0.028585230195978584
1739894400000,0.0001,8.0,42.592592592592595,4,0.0010233859935435685,0.00558096271606856,0.027110825266007055
1739923200000,7.007e-05,8.0,26.666666666666668,2,0.0009574625046173679,0.010409657919052018,0.005891272022945593
1739952000000,7.779e-05,8.0,30.37037037037037,3,0.00359201560582334,0.012292931172548371,0.006416703081648212
1739980800000,8.96e-05,8.0,37.407407407407405,3,0.005830196187091241,0.009962479244834954,0.006904152283016218
1740009600000,2.42e-05,8.0,9.25925925925926,0,0.0028231180852507087,0.018435188934537106,-0.0010087002989853655
1740038400000,3.269e-05,8.0,11.11111111111111,1,0.0012815945059769795,0.01372886169416243,-0.00413084449952239
1740067200000,7.346e-05,8.0,28.51851851851852,2,0.014268239604111388,0.011334968429173475,-0.015856579129218784
1740096000001,1.23e-06,8.0,3.7037037037037033,0,-0.002586700193824676,-0.02453858655383423,-0.02193155865711116
1740124800000,2.286e-05,8.0,9.62962962962963,0,-0.0010829048744980252,-0.01926918692486601,-0.023551907613850176
1740153600000,-9.7e-07,8.0,2.5925925925925926,0,-0.019657214886248164,-0.014202146537270699,-0.03917981226977352
1740182400000,0.0001,8.0,45.925925925925924,4,0.001480316369510959,0.00347869145442381,-0.045441447401956436
1740211200000,6.466e-05,8.0,26.296296296296294,2,0.004078096694311029,0.0016837989662450425,-0.0751269341355183
1740240000000,2.318e-05,8.0,10.37037037037037,1,-0.0020742166082161617,-0.012867384624934086,-0.09772198255795916
1740268800000,4.112e-05,8.0,17.40740740740741,1,-0.00031100168459241573,-0.0024206297784112873,-0.08182972657768561
1740297600000,3.14e-05,8.0,12.222222222222221,1,-0.010507868197962345,-0.006040494646514349,-0.08110232546081453
1740326400000,1.478e-05,8.0,8.518518518518519,0,0.008486761574190593,-0.01263267770008547,-0.08308495564833906
1740355200000,-2.97e-05,8.0,0.3703703703703704,0,-0.003938521651477234,-0.046442340666535076,-0.12358332727140475
1740384000000,6.881e-05,8.0,30.0,2,-0.017070422535211183,-0.07107042253521134,-0.09983202921231082
1740412800000,2.05e-05,8.0,10.37037037037037,1,-0.02604607817538418,-0.07426619030333148,-0.09136984178538599
1740441600000,0.0001,8.0,48.888888888888886,4,-0.02966437408933531,-0.03477444940545915,-0.0766870931637893
1740470400000,5.245e-05,8.0,24.444444444444443,2,-0.020451964837445602,-0.004787848770018033,-0.11065063304502909
1740499200000,1.385e-05,8.0,8.88888888888889,0,0.015502729402214532,0.0031461792381981546,-0.038030473451819535
1740528000000,3.521e-05,8.0,16.296296296296298,1,0.0004809809301222767,-0.04778534250132671,-0.0483927785116689
1740556800000,6.005e-05,8.0,28.888888888888886,2,-0.012642814259081203,-0.026300168375246624,-0.04333292706598235
1740585600000,0.0001,8.0,50.37037037037037,5,-0.036056156440697595,-0.021554143097656575,-0.03110366402145126
1740614400001,9.305e-05,8.0,46.2962962962963,4,0.02411078924874155,0.005423117105138209,0.020061259378858498
1740643200000,-6.17e-06,8.0,1.8518518518518516,0,-0.007830220059781401,-0.08223469566336084,-0.001475410026065993
1740672000000,9.433e-05,8.0,47.40740740740741,4,-0.01030774891800168,-0.019922785335054427,0.023999626192242385
1740700800001,9.444e-05,8.0,47.77777777777778,4,-0.06455871378505784,-0.00535726093651101,0.11061320977508249
1740729600000,9.521e-05,8.0,49.25925925925926,4,0.05953340119061745,0.07054295088260765,0.16446004207825138
1740758400000,-3.73e-06,8.0,2.9629629629629632,0,0.004563766388557822,0.010369487485101248,0.07443504171632909
1740787200000,-1.4e-07,8.0,4.444444444444445,0,0.0058007021590382735,0.019829645159338494,0.021477666288179487
1740816000000,-6.108e-05,8.0,0.0,0,-2.1233476226845127e-05,0.016302591191882154,-0.01766861149580401
1740844800001,-8.58e-06,8.0,2.2222222222222223,0,0.01358496264017317,0.03471974821340518,-0.023122512392326433
1740873600000,-1.094e-05,8.0,1.4814814814814816,0,0.0023221669214534835,0.09678293789017878,0.013672397625712263
1740902400000,-2.783e-05,8.0,1.1111111111111112,0,0.01748268793715413,0.07028012693578223,0.01701375911451386
1740931200000,-2.869e-05,8.0,1.1111111111111112,0,0.07544033766826375,0.02834930412959169,0.00684462696783017
1740960000001,-5.518e-05,8.0,0.3703703703703704,0,-0.019992238707585264,-0.0854656509651115,-0.03584015990388756
1740988800000,7.91e-06,8.0,9.62962962962963,0,-0.022379666994545966,-0.09689649675139111,-0.009043615190323595
1741017600000,5.272e-05,8.0,29.629629629629626,2,-0.04494975323117956,-0.07828267981287951,0.0064251967106365715
1741046400001,-1.526e-05,8.0,2.5925925925925926,0,-0.03158179867213673,0.013316995648580132,0.04524988403576469
1741075200005,-2.7e-06,8.0,5.9259259259259265,0,-0.005896666678671281,0.051909153878750836,0.05953328459459817
1741104000000,1.306e-05,8.0,13.333333333333334,1,0.048636209911623984,0.06224342055379628,0.06523180760708791
1741132800000,4.113e-05,8.0,24.814814814814813,2,0.005626114721322573,0.040139149357163006,-0.004699906116649499
1741161600000,2.722e-05,8.0,18.14814814814815,1,0.007308866965838545,0.04285799067788476,-0.016467776616191032
1741190400000,5.028e-05,8.0,29.629629629629626,2,0.02681509177430308,0.027920915476999708,-0.021894402900521137
1741219200000,3.538e-05,8.0,21.85185185185185,2,0.008254741704155633,-0.008612252239130425,-0.04926362760643377
1741248000001,6.413e-05,8.0,36.666666666666664,3,-0.005942745491464896,-0.03334005077509794,-0.058282934266181585
1741276800000,6.818e-05,8.0,38.88888888888889,3,-0.009678774043999305,-0.024425650018793155,-0.08565400890389907
1741305600000,-6.12e-06,8.0,4.814814814814815,0,-0.017719168979878908,-0.03479612938554999,-0.10050397234384978
1741334400001,-1.539e-05,8.0,2.5925925925925926,0,0.0008338951172948139,-0.02307714096339819,-0.0671999365514585
1741363200000,2.028e-05,8.0,16.296296296296298,1,-0.02020601457716409,-0.024638367249173232,-0.09443747083606846
1741392000000,5.328e-05,8.0,33.7037037037037,3,-0.006263844861444712,-0.006432202989163804,-0.0916075779607679
1741420800001,3.73e-06,8.0,10.74074074074074,1,0.001673553790895177,-0.0027904160920951826,-0.06826777324563904
1741449600001,1.208e-05,8.0,13.703703703703704,1,-0.0023828269729530005,-0.038782882549092346,-0.060120646535754
1741478400001,-2.779e-05,8.0,2.2222222222222223,0,-0.002078637732091271,-0.06232663511377379,-0.03900550357349286
1741507200000,3.218e-05,8.0,21.85185185185185,2,-0.03451173552641695,-0.041677820634880125,-0.03962471455540473
1741536000000,0.0001,8.0,62.22222222222222,6,-0.025762657106278897,-0.033797288598176656,-0.015596708513454405
1741564800000,3.952e-05,8.0,26.666666666666668,2,0.0188254102204628,-0.02524985677394298,0.0345759456941237
1741593600000,1.344e-05,8.0,15.555555555555555,1,-0.026572274911735416,-0.024055809185828614,0.009322582486515962
1741622400000,4.037e-05,8.0,27.77777777777778,2,-0.017144147583649683,0.012112319681396588,0.011856548612722673
1741651200000,4.705e-05,8.0,31.48148148148148,3,0.02007344904583519,0.05285767057607882,0.028550682507423097
1741680000000,3.26e-05,8.0,22.59259259259259,2,0.009502594671279452,0.026843958833704606,0.022184750550667598
1741708800001,8.746e-05,8.0,55.18518518518518,5,0.020029442381013896,0.006808704596830362,0.04523655536461124
1741737600000,5.76e-06,8.0,11.481481481481481,1,-0.005130239354904087,0.00809022469363252,0.01277556197522034
1741766400000,5.815e-05,8.0,39.25925925925926,3,-0.010355805856211209,0.007164836070441272,0.015933034475319907
1741795200001,4.013e-05,8.0,28.51851851851852,2,0.022505083924520664,-0.008639612765238835,0.03134658538913149
1741824000000,4.3e-06,8.0,11.481481481481481,1,-0.006043492093107838,-0.030926700681492614,0.008567095559653737
1741852800000,2.069e-05,8.0,19.25925925925926,1,-0.02412842502223078,-0.01161899421577206,0.013830646180207351
1741881600000,3.19e-05,8.0,22.962962962962962,2,-0.0009284822090231959,0.04548699693341929,0.02720341898468681
1741910400000,5.386e-05,8.0,39.62962962962963,3,0.013759984597308428,0.03670974812649952,0.01820677126015724
1741939200000,5.331e-05,8.0,39.25925925925926,3,0.032254804923806724,0.020563746884880274,0.017108657567534324
1741968000000,3.57e-06,8.0,11.11111111111111,1,-0.009316055955305713,-0.005554959304910678,-0.01538405290302658
1741996800000,-6.035e-05,8.0,0.3703703703703704,0,-0.002028590748483272,0.0039012276307393012,-0.0006178630272668517
1742025600000,-2.389e-05,8.0,3.3333333333333335,0,0.005836896150249071,0.005080592827286123,-0.007914940927223113
1742054400000,-3.21e-06,8.0,7.777777777777778,0,0.00010436667809154976,-0.011999796010583763,-0.03295259262246186
1742083200000,4.32e-06,8.0,13.333333333333334,1,-0.000856191796449246,-0.02166449851708052,-0.020106276881991403
1742112000000,4.236e-05,8.0,34.81481481481482,3,-0.011256345343345742,-0.008423268968971387,-0.01218685723170343
1742140800000,1.247e-05,8.0,17.40740740740741,1,-0.009678739783185675,0.002141494700880875,0.016280881517964474
1742169600000,1.065e-05,8.0,15.925925925925927,1,0.012666666666666604,0.017543030303030394,0.05298060606060595
1742198400000,8.474e-05,8.0,58.51851851851851,5,-0.0007217667125501981,-0.004544856065593406,0.027644981746364206
1742227200000,8.59e-06,8.0,15.555555555555555,1,0.005541135082236748,-0.023298879914523174,0.015059046747487814
1742256000000,7.03e-06,8.0,14.074074074074074,1,-0.00931536809403044,-0.015675310581757973,0.0026409425913638263
1742284800000,2.059e-05,8.0,22.59259259259259,2,-0.019547816216619163,0.0007527177801318619,0.00843981804911409
1742313600000,3.514e-05,8.0,30.0,2,0.013389813047893107,0.03830040863580386,0.02425079347948711
1742342400000,2e-06,8.0,11.481481481481481,1,0.007218805441999043,0.051306162064300054,0.01688583274638944
1742371200000,5.961e-05,8.0,47.77777777777778,4,0.01723820978301771,0.03156033012968029,0.012054851798495525
1742400000000,5.024e-05,8.0,41.11111111111111,4,0.026083536295837595,0.00093665916236918,-0.007330273343837845
1742428800000,1.944e-05,8.0,21.85185185185185,2,-0.011698969390209979,-0.031102475052059986,-0.03568859077090247
1742457600000,3.79e-05,8.0,32.96296296296296,3,-0.012960284015067436,-0.023148439338136928,-0.018502211879153796
1742486400000,1.086e-05,8.0,17.40740740740741,1,-0.006760528144872824,-0.014454478835145279,0.004447622722643763
1742515200000,1.615e-05,8.0,21.85185185185185,2,-0.0035856431702884217,-0.0016906461999073308,0.021562570542598802
1742544000000,5.324e-05,8.0,45.55555555555556,4,-0.004175649121468172,0.00434019497491267,0.035882919663468016
1742572800000,2.518e-05,8.0,25.925925925925924,2,0.006102949100183164,0.006286145335680171,0.05763497252056471
1742601600000,2.836e-05,8.0,27.40740740740741,2,0.0024337502246309928,-0.003047840745858066,0.03993373534840705
1742630400004,-1.77e-05,8.0,3.7037037037037033,0,-0.0020578379520891366,0.0006115329170950368,0.026547653257273707
1742659200000,5.092e-05,8.0,44.074074074074076,4,-0.003229337712096214,0.01281264129839843,0.044666952238166635
1742688000000,2.099e-05,8.0,24.814814814814813,2,0.005914963006114382,0.02642096391812876,0.0427417256173408
1742716800000,-1.84e-06,8.0,9.25925925925926,0,0.010119134503673521,0.030979243135733192,0.04591288786356551
1742745600000,4.02e-05,8.0,37.407407407407405,3,0.010163442153789726,0.03773196990559069,0.017689394117398338
1742774400000,2.039e-05,8.0,24.074074074074073,2,0.010382176198102444,0.01626234678817773,0.010776436053726357
1742803200000,5.512e-05,8.0,50.37037037037037,5,0.01673523135113486,-0.0053742895094882615,0.005965933289286074
1742832000000,-3.422e-05,8.0,1.4814814814814816,0,-0.010735816054477265,-0.006052269601100502,-0.015736353807574988
1742860800001,-2.47e-06,8.0,9.25925925925926,0,-0.011007579007578983,-0.0013739453739454177,-0.0031791791791790924
1742889600000,1.15e-05,8.0,19.62962962962963,1,0.01604218044964867,0.01996650838968317,-0.013792433025458961
1742918400000,-3.776e-05,8.0,1.4814814814814816,0,-0.005066295806523846,-0.013342308695508454,-0.04257943708077472
1742947200000,-2.99e-05,8.0,2.2222222222222223,0,0.008974128545604865,-0.005044012038772361,-0.034470086810583944
1742976000000,1.659e-05,8.0,24.444444444444443,2,-0.017138480739774198,-0.00839734498212974,-0.05048391671867014
1743004800001,-3.082e-05,8.0,2.2222222222222223,0,0.0036710134330442123,0.0037484073600468903,-0.047588024040633115
1743033600001,3.136e-05,8.0,32.22222222222222,3,0.006323089866368203,0.00283929062619781,-0.04960069238639675
1743062400001,5.512e-05,8.0,53.333333333333336,5,-0.006206733282020371,-0.02579219623661755,-0.04961383757275217
1743091200002,-3.76e-05,8.0,1.8518518518518516,0,0.002761966796555937,-0.032744267192667875,-0.0484184287631223
1743120000001,1.584e-05,8.0,24.444444444444443,2,-0.022407860941577762,-0.03230174924771567,-0.05512850234005784
1743148800001,-4.57e-06,8.0,9.62962962962963,0,-0.013298568595984439,-0.01694017874647369,-0.03705003750788016
1743177600000,8.118e-05,8.0,68.14814814814815,6,0.0033607906959036704,-0.018888238541190927,-0.006490787269681775
1743206400000,5.364e-05,8.0,52.96296296296297,5,-0.007760246905090251,-0.021153638660613483,-0.022284773198039787
1743235200000,8.214e-05,8.0,68.14814814814815,6,-0.014526991501524922,-0.007286797250662058,-0.001952546196717364
1743264000000,2.53e-05,8.0,31.48148148148148,3,0.0010440172717562923,0.0027222053136963797,0.034567763511293315
1743292800000,3.41e-06,8.0,15.925925925925927,1,0.006296332186636944,-0.0017345801637675962,0.031069819274189614
1743321600000,4.27e-06,8.0,16.666666666666664,1,-0.004590987989282147,-0.013286661097455577,0.014876775186034807
1743350400000,4.588e-05,8.0,46.2962962962963,4,-0.0034053091865953178,0.009887005649717562,0.04842770489900183
1743379200000,2.643e-05,8.0,32.96296296296296,3,-0.005348683699619494,0.0005800069892056836,0.0009088394035876579
1743408000000,6.02e-05,8.0,60.0,5,0.018786902844873943,0.018911335578002175,0.018396525642902395
1743436800000,1.845e-05,8.0,27.037037037037038,2,-0.012589807452821122,0.02165796532234876,-0.017282546220902417
1743465600000,3.961e-05,8.0,42.592592592592595,4,0.012874027111129394,0.03226268060140236,0.009254116511400401
1743494400001,2.889e-05,8.0,34.81481481481482,3,0.02295846284261094,0.009823947203317918,0.007449676965148866
1743523200000,3.573e-05,8.0,40.370370370370374,4,-0.002340580890686561,0.01615551677377236,-0.028705812305806155
1743552000001,-2.112e-05,8.0,5.555555555555555,0,-0.008815268359756101,-0.031770692552678836,-0.01526953496844563
1743580800000,3.036e-05,8.0,35.55555555555556,3,0.02831635466963678,-0.009864585816677818,-0.00967718596588607
1743609600000,7.33e-06,8.0,19.25925925925926,1,-0.04857489870137066,-0.05340770550097995,-0.047232324210978005
1743638400000,5.862e-05,8.0,61.111111111111114,6,0.0120296723026585,0.00892254239116852,0.012039370718301079
1743667200000,5.038e-05,8.0,53.70370370370371,5,-0.01690584571154774,0.007509583133684661,-0.006468615237182562
1743696000000,6.484e-05,8.0,65.18518518518519,6,0.01407357494391892,0.00978204845452657,0.005146907408061896
1743724800000,4.283e-05,8.0,49.25925925925926,4,0.010612361622951205,0.006804552068701675,-0.058945949290887034
1743753600000,4.736e-05,8.0,51.11111111111111,5,-0.014688450055821756,-0.007265753463746583,-0.10706850448655225
1743782400000,8.038e-05,8.0,72.5925925925926,7,0.011083424337679393,-0.0032266822731578104,-0.05377361336527031
1743811200000,8.559e-05,8.0,76.29629629629629,7,-0.003511158849504703,-0.003690177825516172,-0.05597326649958234
1743840000000,7.437e-05,8.0,69.62962962962963,6,-0.010679579092600977,-0.006656622249262889,-0.04822877318380092
1743868800000,4.08e-06,8.0,17.037037037037038,1,0.010613274643752613,-0.001367970839219801,-0.05130738062638551
1743897600000,2.21e-06,8.0,15.185185185185185,1,-0.0064781362900212525,-0.061844160573449214,-0.08471528782666204
1743926400000,5.363e-05,8.0,58.14814814814815,5,-0.005412346274415225,-0.09450566674704608,-0.06243790692066564
1743955200002,-6.03e-06,8.0,9.25925925925926,0,-0.04839999078049184,-0.0507849319272774,-0.06351634461065159
1743984000000,4.946e-05,8.0,53.333333333333336,5,-0.04106718761970429,0.009984933220970937,0.055168671314384854
1744012800000,6.857e-05,8.0,68.88888888888889,6,0.04412017304535043,0.05815048128071654,0.08680229608650669
1744041600000,4.998e-05,8.0,54.44444444444444,5,0.008733000744753694,-0.0006287046388965267,0.0036957120558258616
1744070400000,4.074e-05,8.0,47.40740740740741,4,0.0046637168141592245,-0.034024020227560126,0.006003792667509389
1744099200000,3.575e-05,8.0,42.592592592592595,4,-0.013879643483173942,-0.021486392790135533,0.02027082292569804
1744128000000,3.134e-05,8.0,37.03703703703704,3,-0.024975148629697297,-0.015322991250020568,0.05318639867595465
1744156800000,9.568e-05,8.0,85.92592592592592,8,0.01770348140983935,0.08153521784822937,0.09185472334956613
1744185600001,-2.252e-05,8.0,5.555555555555555,0,-0.008042516501999941,0.048441417096804607,0.07483048266663594
1744214400000,6.856e-05,8.0,70.74074074074073,7,0.07093362154652794,0.019955912711834722,0.10144352822713887
1744243200000,7.705e-05,8.0,75.55555555555556,7,-0.012318683619175985,-0.037074639363881556,0.03221372069018513
1744272000000,1.14e-06,8.0,14.444444444444443,1,-0.03572255567521476,-0.006626995357795207,0.03421926055522673
1744300800000,6.775e-05,8.0,69.25925925925925,6,0.011052665014929186,0.048648751667619505,0.0656908709738897
1744329600001,2.065e-05,8.0,31.11111111111111,3,0.0164503144654089,0.04908679245283021,0.053005031446540896
1744358400000,-4.294e-05,8.0,1.1111111111111112,0,0.017934183360097,0.03166880036704578,0.04347568691585324
1744387200000,3.29e-05,8.0,40.74074074074074,4,0.010823431341545842,0.029795029678713947,0.019497442868930293
1744416000000,3.654e-05,8.0,44.074074074074076,4,0.002640625599324986,0.022457903417590463,0.014434141383145915
1744444800001,5.64e-05,8.0,62.96296296296296,6,0.01645596102692859,0.009051077438058552,0.024612809707403205
1744473600000,5.388e-05,8.0,61.48148148148148,6,0.0036214747096821043,-0.013151671314108215,-0.0014471780028944004
1744502400000,5.057e-05,8.0,57.03703703703704,5,-0.010399667998424511,-0.019080712021458224,-0.02014166338416523
1744531200000,8.429e-05,8.0,78.88888888888889,7,-0.006379296251674771,0.0022638505361096684,-0.013262065280872704
1744560000000,9.642e-05,8.0,87.03703703703704,8,-0.0024083400099195185,0.0031940311319675896,0.012337377436953956
1744588800000,8.113e-05,8.0,77.03703703703704,7,0.011133791942939952,0.011451695405458429,0.003343961985438515
1744617600000,7.127e-05,8.0,72.5925925925926,7,-0.005457137183705885,0.01293543628730287,0.00045505692348424276
1744646400000,2.428e-05,8.0,33.7037037037037,3,0.0058032090569517525,0.008638854522830641,0.00451492754604943
1744675200000,-2.073e-05,8.0,6.666666666666667,0,0.012617066478871841,-0.012391381922076117,0.003759833820544234
1744704000000,6.606e-05,8.0,68.88888888888889,6,-0.009675702923714558,-0.02806327246928797,-0.01179941002949847
1744732800001,1.883e-05,8.0,29.259259259259256,2,-0.015961184658900285,-0.001013464601129388,-0.007487396431804294
1744761600000,2.428e-05,8.0,34.44444444444444,3,-0.0034516712190441057,0.004430342642676166,0.00988840992214901
1744790400000,6.917e-05,8.0,71.85185185185186,7,0.01939870963404422,0.0161968060201072,0.02257059915336246
1744819200000,1.978e-05,8.0,29.629629629629626,2,-0.011270757272406118,-0.004557767047462025,0.0028795194912261124
1744848000001,1.404e-05,8.0,26.296296296296294,2,0.008561617321433346,0.011959821859281128,0.012605397344564562
1744876800000,5.679e-05,8.0,63.70370370370371,6,-0.0014212583866650697,0.0005280985027757978,0.0009652270173776678
1744905600001,3.425e-05,8.0,42.96296296296296,4,0.0057508546968076946,-0.001827772674324879,-0.0022918185864592155
1744934400000,1.788e-05,8.0,28.51851851851852,2,-0.003079473005170197,-0.006361419006093105,0.0025356211212295143
1744963200000,7.071e-05,8.0,73.33333333333333,7,-0.004291044776119302,0.00574107311543548,0.0320092575099189
1744992000000,2.995e-05,8.0,38.88888888888889,3,0.0010032659508611985,0.009841730645623992,0.043924311529494275
1745020800000,2.93e-05,8.0,38.88888888888889,3,0.009062993133449826,0.0073712344152059295,0.03642020064163609
1745049600000,6.024e-05,8.0,68.51851851851852,6,-0.00023129069600880126,-0.005273897494781243,0.03856566894669977
1745078400000,-1.953e-05,8.0,7.037037037037037,0,-0.001445607689552597,-0.010118079490808007,0.06801049856437413
1745107200000,-2.98e-06,8.0,12.222222222222221,1,-0.003603374753326394,0.00157118429192038,0.10099563220175134
1745136000000,-1.078e-05,8.0,8.88888888888889,0,-0.00510002950722932,0.031558571850103245,0.1102992033048098
1745164800000,-2.258e-05,8.0,5.9259259259259265,0,0.010346067106482337,0.04431689976261355,0.10398503314039509
1745193600000,5.232e-05,8.0,61.111111111111114,6,0.02622908471790053,0.027222450537192522,0.09951271062056
1745222400005,5.403e-05,8.0,65.18518518518519,6,0.006918582839993137,0.011336914053564406,0.05532350007777542
1745251200003,1.553e-05,8.0,28.51851851851852,2,-0.005987316566726686,0.031174711283212142,0.058998524468939495
1745280000008,7.749e-05,8.0,80.74074074074075,8,0.010437783542264212,0.06869350581083089,0.07248054485824307
1745308800000,-7.44e-06,8.0,10.37037037037037,1,0.028113589346476786,0.06343164629941556,0.06039860274251341
1745337600000,-7.045e-05,8.0,0.0,0,0.029394398208165473,0.023224796279986304,0.04574257882983179
1745366400000,-1.389e-05,8.0,9.25925925925926,0,0.004816319729286311,0.00022217664752521848,0.010298101244189395
1745395200002,1.374e-05,8.0,28.51851851851852,2,-0.009946313540421414,-0.0177368650216162,0.0064875130809511905
1745424000000,4.587e-05,8.0,57.407407407407405,5,0.0062530827515283605,0.0014474828091266545,0.013614075507666579
1745452800000,-2.671e-05,8.0,5.555555555555555,0,-0.014908158906450253,0.002440196497223379,0.010274455360956836
1745481600001,5.21e-05,8.0,63.33333333333333,6,0.010425043514450394,0.01605970421011782,0.019068324731597697
1745510400001,-2.165e-05,8.0,7.4074074074074066,0,0.006667374592540298,0.02041508053729424,0.00641638269185596
1745539200007,-1.764e-05,8.0,9.25925925925926,0,-0.001083624484159551,0.008391963065133679,-0.0022066728679394076
1745568000002,1.7e-06,8.0,19.25925925925926,1,0.014756266666666518,0.008466133333333348,0.010024533333333308
1745596800003,1.2e-06,8.0,18.88888888888889,1,-0.00519375949981804,-0.00907357458053637,-0.015869295116121118
1745625600002,-0.00010085,8.0,0.0,0,-0.001010151173983842,-0.000393071377324139,0.002666968162275074
1745654400000,-2.774e-05,8.0,5.9259259259259265,0,-0.002152789899342533,-0.005297873128210062,0.004014662244719913
1745683200002,2.855e-05,8.0,44.074074074074076,4,0.003520730835407271,-0.004687589503363676,0.005848083487676847
1745712000001,-1.5e-05,8.0,11.11111111111111,1,-0.006072803880674993,-0.010121339801124951,-0.0035982287919613665
1745740800000,-6.6e-06,8.0,13.703703703703704,1,-0.00207066641000464,0.0070840826692559755,0.005938675517959124
1745769600000,-4.21e-06,8.0,15.925925925925927,1,-0.0017509831296026457,-0.0014706979420886501,0.000922916244817884
1745798400001,3.73e-06,8.0,23.703703703703706,2,0.011161348331884646,0.013317372277739326,0.0052592461284473035
1745827200003,2.46e-06,8.0,22.59259259259259,2,-0.011258868431446745,0.002233609111013113,0.0032347729111266155
1745856000005,-5.821e-05,8.0,1.4814814814814816,0,0.01354357924328986,0.012793769099063601,0.03546003843044021
1745884800000,-7.73e-06,8.0,13.703703703703704,1,-0.0001864616220896842,-0.007773448075705458,0.016362270702243942
1745913600000,4.13e-06,8.0,25.925925925925924,2,-0.0013307624225565862,-0.0033917056517890343,0.014943945715851115
1745942400010,1.305e-05,8.0,32.592592592592595,3,-0.005903724366309371,-0.010101084669616123,0.026748153108735906
1745971200001,-5.181e-05,8.0,2.2222222222222223,0,0.0035061960478115495,-0.001321851823168796,0.02731225938000259
1746000000000,2.939e-05,8.0,48.51851851851852,4,-0.007046489917651777,0.004505947491227458,0.017627325790998682
1746028800003,-3.797e-05,8.0,3.3333333333333335,0,0.002912734102746839,0.03281247170098789,0.026701483107953283
1746057600000,3.519e-05,8.0,54.81481481481482,5,0.009631702156825517,0.02521627230598722,0.017688582756235416
1746086400000,5.755e-05,8.0,75.92592592592592,7,0.0199521535632754,0.013829788353718397,0.00888200790844973
1746115200001,-8.028e-05,8.0,0.3703703703703704,0,-0.004561415090836407,0.004272587360073299,-0.015287239178243817
1746144000000,-0.00012232,8.0,0.0,0,-0.0015816929919391098,0.0038277799601778018,-0.023413409564163712
1746172800000,-9.382e-05,8.0,0.7407407407407408,0,0.010976233904966826,-0.0007568026592945643,-0.01692476509530627
1746201600003,-8.689e-05,8.0,1.1111111111111112,0,-0.0053575573811240895,-0.01014607971831738,-0.036382292944170946
1746230400000,-5.953e-05,8.0,2.9629629629629632,0,-0.006141570003366126,-0.011127723592178285,-0.021946716614247852
1746259200000,3.198e-05,8.0,52.96296296296297,5,0.0010939873292787894,-0.004126607475683941,-0.019932802373734293
1746288000000,-1.483e-05,8.0,14.444444444444443,1,-0.006104274964274126,-0.00974276323777723,-0.01907559981610374
1746316800001,3.7e-06,8.0,27.40740740740741,2,0.0009039675406758985,-0.015301686118670221,0.01030585626916114
1746345600001,3.229e-05,8.0,54.074074074074076,5,-0.004431280732949849,-0.012642029899933793,0.011002591605700385
1746374400002,3.745e-05,8.0,59.62962962962963,5,-0.01181207941203588,-0.0172414876767204,0.014730530391277696
1746403200000,-2.404e-05,8.0,10.0,0,0.005052005943536386,0.005335385268520509,0.02997771173848429
1746432000000,3.636e-05,8.0,58.88888888888889,5,-0.009972966123173,-0.003814311058545239,0.0472997803497508
1746460800006,-2.247e-05,8.0,11.481481481481481,1,0.009350247346659346,0.007185364496560931,0.07466980473417562
1746489600002,1.978e-05,8.0,42.22222222222222,4,-0.003638076349969266,0.022116758489812982,0.08847865045848224
1746518400005,4.44e-05,8.0,66.66666666666666,6,0.001498700560899957,0.027484302860461884,0.09801438074201574
1746547200000,7.57e-06,8.0,31.851851851851855,3,0.02468456611574621,0.02479459504065762,0.08808767612562751
1746576000002,1.218e-05,8.0,35.18518518518518,3,0.001594219070290226,0.0023443182569597987,0.06384625239701114
1746604800000,-2.5e-07,8.0,22.962962962962962,2,-0.0005159202676181529,0.02332888266115818,0.07088331740859455
1746633600006,1.32e-05,8.0,37.03703703703704,3,0.001510305798211542,0.04080922659542163,0.06504122112817678
1746662400000,2.318e-05,8.0,46.666666666666664,4,0.021954876371149457,0.06271246696103328,0.07821875531328404
1746691200001,4.608e-05,8.0,68.51851851851852,6,0.016137924222709765,0.04410616036936221,0.04320512962647549
1746720000002,5.728e-05,8.0,79.62962962962963,7,0.022319776951009285,0.019725076844186118,0.03242581647257681
1746748800001,0.0001,8.0,97.4074074074074,9,0.00509065577969392,-0.0010138622622032356,0.009421642515077044
1746777600006,0.0001,8.0,97.03703703703704,9,-0.007590068718935639,0.0017713056211683398,0.008133526519872092
1746806400000,4.378e-05,8.0,66.66666666666666,6,0.0010608021453288874,0.0028343155395360586,-0.0032125483851207504
1746835200001,9.657e-05,8.0,96.66666666666667,9,0.007892843025949059,0.016683063553556643,-0.0022949167060807296
1746864000000,0.0001,8.0,96.66666666666667,9,-0.006220624028027588,-0.0032346088695923703,-0.010346508800024745
1746892800001,4.257e-05,8.0,65.55555555555556,6,0.014697358294513352,0.008935893036807974,0.0032422781438465886
1746921600000,0.0001,8.0,96.29629629629629,9,-0.011345130510573842,-0.005647239169992435,-0.006042899521384815
1746950400001,4.15e-05,8.0,64.07407407407408,6,0.005638293247284043,0.009004265432605685,0.00224043900624582
1746979200001,0.0001,8.0,95.92592592592592,9,-0.0004592175432630574,-0.013747705113166364,-0.006436731254941597
1747008000004,4.454e-05,8.0,66.66666666666666,6,0.003808066526787668,-0.012609294488876266,-0.005707294052515244
1747036800000,0.0001,8.0,95.55555555555556,9,-0.018307332987960168,-0.01645246825327673,-0.02502200078331407
1747065600000,2.301e-05,8.0,45.18518518518518,4,0.0020699147355103253,0.01024617548623974,0.008076764377957346
1747094400000,6.847e-05,8.0,84.07407407407408,8,-0.0001800863441011602,0.012405515509327891,0.009218473938585658
1747123200008,0.0001,8.0,95.18518518518519,9,0.007658001033917783,0.00995267538389788,0.008578986156990043
1747152000001,7.256e-05,8.0,86.66666666666667,8,0.00465881566374593,-0.000798046814237563,0.007825882803057294
1747180800007,9.921e-05,8.0,94.81481481481482,9,-0.00237053649135599,-0.005158441273684922,-0.00586912138204676
1747209600000,7.542e-05,8.0,87.4074074074074,8,-0.0024735772592839878,-0.018520982027523503,-0.003373936246100717
1747238400002,3.175e-05,8.0,51.85185185185185,5,0.0002746081274336287,-0.0025314228085256962,-0.005124729138726414
1747267200000,2.978e-05,8.0,49.629629629629626,4,-0.0159131657669761,0.00206840225591165,-0.0038400757769798677
1747296000003,5.336e-05,8.0,72.96296296296296,7,0.01175264809729315,0.016058258140447368,0.019913691643781872
1747324800000,1.439e-05,8.0,36.666666666666664,3,0.003204821165753602,0.008635212585502927,0.02181639432460214
1747353600001,4.504e-05,8.0,66.2962962962963,6,-0.0009787962830813957,-0.0031263621179801193,0.025525849865186467
1747382400000,7.535e-05,8.0,87.03703703703704,8,0.005175506268080943,-0.0030241080038573287,-0.004799421407907345
1747411200000,4.768e-05,8.0,67.77777777777779,6,-0.008130533679596486,-0.012824657726117628,0.005396371911236653
1747440000000,2.821e-05,8.0,47.77777777777778,4,-2.70821323697934e-05,-0.0031434617929145814,0.020536961307370705
1747468800001,3.34e-05,8.0,55.18518518518518,5,-0.004730163060038262,0.005913187481802362,0.016548799515569312
1747497600004,5.97e-06,8.0,29.259259259259256,2,0.0020031081707567733,0.026167726535400337,0.023519269589591163
1747526400000,6.742e-05,8.0,81.85185185185185,8,0.00864509693957749,0.033396659557829,0.03630746660819173
1747555200000,5.903e-05,8.0,78.14814814814814,7,0.015811618851197418,-0.007242542941574781,0.024097880625500334
1747584000000,0.0001,8.0,95.18518518518519,9,0.00859194556003895,-0.007572995552036943,0.03226359365485809
1747612800000,5.99e-05,8.0,78.51851851851852,7,-0.03102072930965516,-0.009329973278550896,0.029442417436731372
1747641600006,6.04e-05,8.0,80.0,7,0.016315479145978085,0.019134612400695028,0.07633964591608744
1747670400010,2.11e-05,8.0,43.333333333333336,4,0.0072424216978754785,0.004874083008267194,0.061440354506522965
1747699200000,8.378e-05,8.0,90.74074074074075,9,-0.004734036251628937,0.01226110650396861,0.05764625044426008
1747728000002,7.107e-05,8.0,85.55555555555556,8,0.002094397273191939,0.014123145992145814,0.05400994767337308
1747756800000,1.266e-05,8.0,33.7037037037037,3,0.014789604901111142,0.035689446800747815,0.03467376598105831
1747785600000,8.767e-05,8.0,92.5925925925926,9,-0.0032385760377205974,0.02655089311294656,0.0032535564414799545
1747814400001,7.147e-05,8.0,86.29629629629629,8,0.0236830524489533,0.04142282224292759,0.00952764320787125
1747843200004,5.119e-05,8.0,70.0,6,0.0035225178073676755,0.01961537368661781,-0.0027296534036798104
1747872000001,0.0001,8.0,95.55555555555556,9,0.013758375775467124,0.019384850898409356,-0.016033627322747712
1747900800000,0.0001,8.0,95.18518518518519,9,0.0015470592367001768,-0.002706002914018457,-0.030695348196388195
1747929600002,0.0001,8.0,94.81481481481482,9,0.003295633420563604,-0.01967761045900651,-0.039588953784719494
1747958400006,9.321e-05,8.0,91.85185185185185,9,-0.007516708525716176,-0.040315506425804615,-0.024120847957120106
1747987200000,7.261e-05,8.0,85.92592592592592,8,-0.01670355190886763,-0.02838944675748467,-0.005894415204123815
1748016000007,8.614e-05,8.0,90.74074074074075,9,-0.017825898768629167,-0.0022824559923410037,0.008984935240240244
1748044800010,3.524e-05,8.0,55.18518518518518,5,0.004520784685725143,0.005804568027912627,0.021082056630250756
1748073600000,4.59e-05,8.0,64.44444444444444,6,0.011884228212867942,0.00033362823963245525,0.019434077290232388
1748102400003,7.837e-05,8.0,87.4074074074074,8,-0.009864862504974758,-0.018069803116351646,0.011695739809540973
1748131200004,9.794e-05,8.0,94.44444444444444,9,-0.0009765425566478081,0.011006525754917451,0.010505258663102035
1748160000000,5.113e-05,8.0,67.77777777777779,6,-0.006232772547930199,0.022811074249796004,0.010584286426974288
1748188800000,3.651e-05,8.0,55.925925925925924,5,0.018057433032500736,0.028785694654005045,0.0017098283814682702
1748217600000,7.331e-05,8.0,84.81481481481481,8,0.010970474208779724,0.0040063764102207244,-0.010653673873797787
1748246400000,0.0001,8.0,95.18518518518519,9,-0.0004278080694957165,-0.003634097847244444,-0.02046394013956898
1748275200002,9.782e-05,8.0,94.07407407407408,9,-0.006050223122994858,0.00039807687064330466,-0.027439129683992425
1748304000003,7.65e-05,8.0,85.55555555555556,8,0.0029827190657194524,-0.0046139792782405875,-0.03357524873517903
1748332800001,7.266e-05,8.0,83.7037037037037,8,0.003494409218749217,-0.007812962954521607,-0.04129201063000565
1748361600005,2.476e-05,8.0,43.333333333333336,4,-0.01102997289066876,-0.02627533777645341,-0.04194224186174966
1748390400002,3.26e-05,8.0,51.11111111111111,5,-0.0002406789719149316,-0.011265061956462818,-0.043338750141238114
1748419200003,2.164e-05,8.0,41.85185185185185,4,-0.015178370431626509,-0.009381388831461224,-0.04668642179496019
1748448000002,5.368e-05,8.0,71.85185185185186,7,0.004215315085005944,-0.0015926389663801777,-0.025972983916865533
1748476800000,3.186e-05,8.0,49.629629629629626,4,0.000945784899370139,-0.020073101097815904,-0.029159690072135813
1748505600006,2.812e-05,8.0,45.18518518518518,4,-0.007435199398950987,-0.02459199621561714,-0.0329398997324033
1748534400000,8.379e-05,8.0,90.37037037037037,9,-0.013255536614179109,-0.014077991117491417,-0.02193336623151354
1748563200003,2.622e-05,8.0,44.074074074074076,4,-0.005025952915752807,-0.014670067763318473,-0.0011524116437098275
1748592000003,3.849e-05,8.0,57.407407407407405,5,0.002813802179912228,-0.013395752385408133,0.0014330516678362493
1748620800000,7.392e-05,8.0,85.55555555555556,8,-0.01355572302719199,-0.009416961716931849,-0.010931790066404101
1748649600000,8.506e-05,8.0,91.11111111111111,9,-0.0030443828349854263,0.005179679128968218,0.0160051124105689
1748678400000,7.552e-05,8.0,86.29629629629629,8,0.0072621277243822835,0.004808966713159446,0.013653841148908219
1748707200000,4.687e-05,8.0,63.33333333333333,6,0.000979931500491249,0.001463198500245344,0.0195259007187758
1748736000001,-5.82e-06,8.0,15.925925925925927,1,-0.0028147999368750565,0.009708812150601043,0.007474570678450032
1748764800002,2.335e-05,8.0,40.0,3,0.0037444777585311506,0.010077671057603821,0.010030673257868328
1748793600000,4.117e-05,8.0,58.51851851851851,5,0.008646918299092254,-0.0029880554228379763,0.006289536550406094
1748822400001,-6.42e-06,8.0,14.814814814814813,1,-0.002450516057653118,0.0015979979084888019,-0.008461716251648266
1748851200000,5.593e-05,8.0,73.33333333333333,7,-0.00950835826081331,-0.0016964293342724979,-0.007584092865978276
1748880000000,4.467e-05,8.0,61.111111111111114,6,0.01330971761776456,0.021087377189173973,0.0016111208551494727
1748908800000,5.005e-05,8.0,65.18518518518519,6,-0.005351569150445545,-0.00426763520799045,-0.040541588634772974
1748937600000,6.066e-05,8.0,77.77777777777779,7,0.013097160332521174,0.001343664237991149,-0.019195475094189507
1748966400001,4.456e-05,8.0,60.0,5,-0.010613717055210081,-0.01131253170026103,-0.014080551537580144
1748995200000,-1.1e-07,8.0,18.51851851851852,1,0.00025362194941247473,-0.005825705676952175,-0.009592989015414943
1749024000000,2.611e-05,8.0,41.48148148148148,4,6.362682392935248e-05,-0.0072316158839143,-0.004096807737781427
1749052800000,9.62e-06,8.0,27.037037037037038,2,-0.006141022256576423,-0.007623337973681088,0.0019789532059233395
1749081600016,7.4e-07,8.0,18.88888888888889,1,-0.0009772985862129824,-0.03079684704178498,0.007941625754827042
1749110400000,2.871e-05,8.0,44.44444444444444,4,-0.00033097378993696136,-0.013376697914673774,0.008206428161469326
1749139200000,5.156e-05,8.0,68.14814814814815,6,-0.0293353262128081,0.004817932853230511,0.013584943935911475
1749168000002,-3.491e-05,8.0,5.185185185185185,0,0.016445118212840226,0.02722552206646256,0.04125966214764332
1749196800000,-3.03e-05,8.0,6.296296296296296,0,0.018104237281562297,0.016758514508210087,0.022956789501035413
1749225600006,-2.995e-05,8.0,6.666666666666667,0,-0.007166068541606951,0.005460769061485182,0.025674760329208457
1749254400000,-2.89e-05,8.0,7.4074074074074066,0,0.0058044461750792475,0.011918680207816834,0.05664418227035184
1749283200000,-3.158e-05,8.0,5.9259259259259265,0,0.006164769557767125,0.00503289307438437,0.04148370221826814
1749312000002,2.94e-06,8.0,22.22222222222222,2,-0.0003079398257155308,0.003306799974606811,0.03387811836448895
1749340800000,4.808e-05,8.0,65.18518518518519,6,-0.0010397355261612118,0.001290902266756211,0.044527598011896874
1749369600000,5.613e-05,8.0,74.07407407407408,7,0.00500199719349248,0.0010578958404294792,0.03849127923801143
1749398400000,-3.602e-05,8.0,5.185185185185185,0,-0.002655650077271643,0.016129321567787125,0.03601035071007708
1749427200000,-2.164e-05,8.0,11.481481481481481,1,-0.0012721995990300217,0.04285249110690814,0.02765140973724911
1749456000001,4.024e-05,8.0,57.407407407407405,5,0.020352672241892966,0.034832212475264024,0.019481701075872104
1749484800001,3.057e-05,8.0,47.77777777777778,4,0.02313446075166814,0.013502455371863231,-0.0053342918897028024
1749513600000,6.374e-05,8.0,79.25925925925927,7,-0.008626597404577718,0.0003149652040603801,-0.04225889050556908
1749542400001,0.0001,8.0,95.55555555555556,9,-0.000678635439056885,0.002348206836359168,-0.039185014703767784
1749571200003,8.165e-05,8.0,89.25925925925927,8,0.009749293409924809,0.005448350190073725,-0.03509397373061229
1749600000000,8.779e-05,8.0,92.5925925925926,9,-0.006812720950659545,-0.014886720819994648,-0.03810604905739812
1749628800000,8.39e-05,8.0,90.0,8,0.0026010736852106753,-0.016757602224845347,-0.0402385276844871
1749657600010,5.039e-05,8.0,65.55555555555556,6,-0.010171351589325028,-0.02390390675060905,-0.04485548732523259
1749686400002,1.856e-05,8.0,34.81481481481482,3,-0.009431442931574607,-0.031322114809078094,-0.02975757452976313
1749715200003,7.247e-05,8.0,82.22222222222221,8,-0.004484521706795475,-0.024717858138886273,-0.020182206935019043
1749744000001,1.198e-05,8.0,29.629629629629626,2,-0.017693925347099015,-0.016820808384911068,-0.014170641605564027
1749772800000,-1.801e-05,8.0,12.962962962962962,1,-0.006299566318407224,0.004652410268852325,-0.00010804130589714411
1749801600001,-2.7e-06,8.0,18.88888888888889,1,0.0035763613192503207,0.0012277061245187237,0.02044492908757989
1749830400004,3.857e-05,8.0,55.18518518518518,5,0.006142299615429447,-0.004723311579949208,0.019425129385304718
1749859200000,1.958e-05,8.0,35.55555555555556,3,-0.009014575576311246,-0.005920414013910524,0.006442082106595803
1749888000000,3.858e-05,8.0,55.18518518518518,5,-0.0030385386076220433,0.003640154021161246,0.015503971899229363
1749916800000,1.135e-05,8.0,28.14814814814815,2,0.00617962347454859,0.007941274480503857,-0.00490493290926397
1749945600005,-3.641e-05,8.0,4.814814814814815,0,0.0003445242006896443,0.0013771477002773036,-0.00810533518977774
1749974400009,1.439e-05,8.0,31.48148148148148,3,0.0016233550602946512,0.015721211776202892,-0.003927931005037966
1750003200000,7.369e-05,8.0,84.07407407407408,8,-0.0005608025539250994,0.017733486164659862,-0.008104165285185205
1750032000000,9.36e-06,8.0,27.037037037037038,2,0.014914154750824249,0.01123371859591793,-0.00601021005878466
1750060800000,5.07e-05,8.0,66.2962962962963,6,0.0033405773212435985,-0.003717874843687796,-0.02304409991660228
1750089600003,2.793e-05,8.0,42.22222222222222,4,-0.006805085180026316,-0.02886012028155771,-0.029313854739754897
1750118400000,1.847e-05,8.0,34.074074074074076,3,-9.185576769865644e-05,-0.02054194902942197,-0.01954184592600916
1750147200006,5.776e-05,8.0,74.07407407407408,7,-0.02302548024425799,-0.015985490741912356,-0.008575271462782474
1750176000001,2.211e-05,8.0,38.148148148148145,3,0.0026363783759411064,0.004835279117446412,-0.0008039610913530559
1750204800001,-1.752e-05,8.0,13.703703703703704,1,0.004557515307338056,0.0028839704254288723,-0.01240470889026457
1750233600001,3.695e-05,8.0,53.70370370370371,5,-0.002353669571843686,-0.003153783873886762,-0.014853550507215263
1750262400001,6.692e-05,8.0,78.14814814814814,7,0.0006893397709903937,-0.0052769818757106846,-0.011344508530340969
1750291200005,8.45e-06,8.0,26.666666666666668,2,-0.0014903143876402458,-0.0021915826814401518,-0.024240030302423166
1750320000003,6.16e-06,8.0,25.925925925925924,2,-0.004478571749356619,0.010718186326548862,-0.02085063241790308
1750348800000,2.396e-05,8.0,39.62962962962963,3,0.004584799095717074,0.000665535352604163,-0.048969188498243055
1750377600000,3.565e-05,8.0,51.85185185185185,5,0.011403950705564991,-0.01342203603874037,-0.03633127190999219
1750406400002,7.862e-05,8.0,87.4074074074074,8,-0.015367438237173792,-0.022216843960232824,-0.036802438369529455
1750435200001,2.4e-05,8.0,39.62962962962963,3,-0.009004312045787777,-0.005764756826925788,-0.02724817354952136
1750464000002,3.977e-05,8.0,55.925925925925924,5,0.0020666141535456983,-0.009134570201419834,0.01993657732653964
1750492800005,1.933e-05,8.0,34.81481481481482,3,0.0011998963506132387,-0.009222088148388874,0.014541854241116425
1750521600000,7.44e-05,8.0,84.44444444444444,8,-0.012179650080247462,-0.04313944129176761,0.01660703260049301
1750550400005,2.883e-05,8.0,44.074074074074076,4,0.0019781068647055644,-0.015151144769457114,0.03661893330856225
1750579200000,0.0001,8.0,95.18518518518519,9,-0.033280975898333454,-0.005536090998458532,0.04039462342183353
1750608000003,4.145e-05,8.0,57.03703703703704,5,0.017887822132390152,0.023872662961091473,0.08206366851945424
1750636800000,-1.061e-05,8.0,14.814814814814813,1,0.01057600068251463,0.04428111269725221,0.06440140590077559
1750665600004,-2.809e-05,8.0,8.148148148148149,0,-0.005600552792031643,0.029904949608766218,0.05815309355455489
1750694400013,4.889e-05,8.0,63.33333333333333,6,0.03906538403074844,0.038373463413093445,0.05943706680932803
1750723200003,1.245e-05,8.0,28.14814814814815,2,-0.003233589816661886,0.007072290301130435,0.015206611570248052
1750752000000,1.218e-05,8.0,27.40740740740741,2,0.0023369538811250923,0.015329769629507606,0.01852319376710687
1750780800000,4.47e-06,8.0,24.074074074074073,2,0.007659845453422021,0.017419281253861163,0.019560692323046025
1750809600005,-3.174e-05,8.0,5.555555555555555,0,0.005439821911153553,0.01221059383386236,0.008870484697847791
1750838400000,2.747e-05,8.0,41.48148148148148,4,0.004399726764676037,0.011323502366413107,0.008211134339449755
1750867200005,9.62e-06,8.0,26.666666666666668,2,0.0022303124492155657,0.0024628701543472076,0.0035472054782750284
1750896000000,1.41e-06,8.0,20.0,1,0.004529542683949783,-0.003797919019978502,-0.0004874384410917809
1750924800006,3.805e-05,8.0,53.70370370370371,5,-0.0043939388317707495,-0.007837109814150423,-0.004151840872072099
1750953600007,6.82e-06,8.0,24.814814814814813,2,-0.004314573494487717,-0.0013024775956150814,0.003639111222083713
1750982400000,1.113e-05,8.0,27.40740740740741,2,0.00020488716704658572,0.0009832712902557716,0.012976187246288351
1751011200000,2.663e-05,8.0,41.85185185185185,4,0.0033579646431578514,0.005050042091478746,0.0060695912449724165
1751040000009,2.557e-05,8.0,40.74074074074074,4,-0.0022314660974812606,0.0023872582539523624,0.0030309503974566
1751068800001,-1.161e-05,8.0,13.703703703703704,1,0.004628118954811855,0.002697398623157987,0.0012397748957739818
1751097600002,6.053e-05,8.0,75.92592592592592,7,9.306662920316455e-07,-0.0008366689964345309,-0.0037691984822694202
1751126400000,4.434e-05,8.0,59.25925925925925,5,-0.0019803436007821418,0.00258431117451674,-0.014359352330858832
1751155200004,1.25e-05,8.0,29.259259259259256,2,0.0010872463946500766,0.009293812020133796,-0.014929590072675691
1751184000001,5.36e-05,8.0,69.25925925925925,6,0.003395119225037213,0.002230812220566314,-0.0005896050670640696
1751212800001,0.0001,8.0,94.81481481481482,9,0.004786283528816604,-0.0019076440364076408,0.00896731941201856
1751241600000,1.084e-05,8.0,27.037037037037038,2,-0.0066146325424775165,-0.011147530688034424,0.005458318671605955
1751270400005,2.959e-05,8.0,45.55555555555556,4,-0.0007481447404494856,-0.005154299044140553,0.015593009261195556
1751299200002,4.923e-05,8.0,64.07407407407408,6,-0.004013244170797736,-0.014593699718189357,0.015494005710618541
1751328000007,1.053e-05,8.0,27.037037037037038,2,-0.00039780553285873044,-0.013495506011439229,0.022911170771565237
1751356800002,4.334e-05,8.0,58.14814814814815,5,-0.010229352355880517,0.002352283948137579,0.015223518355381715
1751385600000,1.109e-05,8.0,27.40740740740741,2,-0.002367034861598949,0.026077038628838034,0.015512717501423356
1751414400001,1.807e-05,8.0,33.33333333333333,3,0.01566039361127114,0.02985167873096284,0.021437435572682517
1751443200000,3.403e-05,8.0,50.0,4,0.013411440848663858,0.019379541351476348,0.007029303373468743
1751472000003,4.13e-05,8.0,57.03703703703704,5,0.0009697259650107704,0.004548695608171727,-0.0061090895708456605
1751500800006,4.871e-05,8.0,64.44444444444444,6,0.004424799096289567,0.00684860366980744,-0.005780548715530576
1751529600003,3.562e-05,8.0,51.48148148148148,5,-0.0008455552983099857,-0.005516241708021674,-0.01194301103705897
1751558400003,5.028e-05,8.0,66.2962962962963,6,0.00326143999765538,-0.01501489674854306,-0.0035334556335170353
1751587200005,5.23e-05,8.0,69.25925925925925,6,-0.00791028016906914,-0.014916789147442544,-0.0037867099989958852
1751616000003,5.009e-05,8.0,66.2962962962963,6,-0.010388821664695902,-0.006022571992509773,0.002934451044173114
1751644800001,1.797e-05,8.0,33.33333333333333,3,0.003361367979134444,0.0044725255821953525,0.006641839965410012
1751673600004,1.066e-05,8.0,26.296296296296294,2,0.0010471980501727263,0.0024094822393356807,0.002752370096472001
1751702400009,3.055e-05,8.0,46.666666666666664,4,6.017404184399666e-05,-0.0004425106461766193,0.0035178670616553553
1751731200006,4.005e-05,8.0,56.666666666666664,5,0.0013006067955547707,0.007151948827371024,0.0021948318236728603
1751760000001,1.941e-05,8.0,34.81481481481482,3,-0.0018009189494023747,0.008867769282683291,0.006396590457348195
1751788800002,1.665e-05,8.0,32.22222222222222,3,0.007658452823967821,0.009457990112269554,0.00616084510642545
1751817600004,1.028e-05,8.0,25.185185185185183,2,0.00300645869313243,-0.004956842473880729,0.0024641747955633786
1751846400000,2.36e-05,8.0,39.62962962962963,3,-0.0011437516152742466,-0.008426919953883338,0.019454775071346964
1751875200007,3.438e-05,8.0,52.22222222222223,5,-0.006730682775287211,-0.005444366356127883,0.01935163046569799
1751904000000,4.271e-05,8.0,60.370370370370374,6,-0.0005477837390441831,-0.00031869374362614167,0.028456118180877565
1751932800010,1.073e-05,8.0,26.296296296296294,2,0.0018113932941481448,0.006052456471109968,0.07173025026801216
1751961600003,4.563e-05,8.0,63.70370370370371,6,-0.0012583025830257277,0.002190036900368897,0.08518726937269383
1751990400000,3.601e-05,8.0,53.70370370370371,5,0.0062511608308637445,0.007669569090342998,0.0809934217274273
1752019200002,3.093e-05,8.0,48.51851851851852,4,-0.002034744058593274,0.021637183546774796,0.07993926082295522
1752048000006,3.396e-05,8.0,51.48148148148148,5,0.003956280249711508,0.022692001097228243,0.08366455750966062
1752076800001,4.253e-05,8.0,60.370370370370374,6,0.01968602843017897,0.020602894362374835,0.0730448750861854
1752105600003,0.0001,8.0,94.44444444444444,9,-0.001004367244140325,0.0427211248913133,0.055547712839086216
1752134400000,8.523e-05,8.0,90.74074074074075,9,0.0015526846781686032,0.058203185792305545,0.06123748788932937
1752163200004,1.908e-05,8.0,34.44444444444444,3,0.04178438888804048,0.05075897705865273,0.0653878252839033
1752192000004,0.0001,8.0,94.07407407407408,9,0.014390486825823112,0.013758402283437832,0.02572834161884363
1752220800007,0.0001,8.0,93.7037037037037,9,-0.00569391750535353,0.0007837850014833503,0.04255306487988619
1752249600001,0.0001,8.0,93.33333333333333,9,0.005099837985029554,0.0005941973846765869,0.024623710613049354
1752278400000,0.0001,8.0,92.96296296296296,9,0.001577352820815614,-0.0010098801501122745,0.01878700376982212
1752307200001,0.0001,8.0,92.5925925925926,9,-0.005882277991786089,0.0021133729449189786,-0.008259822554819829
1752336000002,0.0001,8.0,92.22222222222223,9,0.0030589401370542113,0.013320060837021641,-0.005544542611548686
1752364800006,0.0001,8.0,91.85185185185185,9,0.004968822406978379,0.013264106583072088,0.001829766934714483
1752393600001,0.0001,8.0,91.48148148148148,9,0.005234994104698076,0.03953963244848713,0.002030933593726747
1752422400003,0.0001,8.0,91.11111111111111,9,0.0030035524892300103,0.010554594752299806,0.002792747289255937
1752451200000,8.051e-05,8.0,85.55555555555556,8,0.03051585018040681,0.0059679174034854565,-0.003526649389053005
1752480000000,0.0001,8.0,90.74074074074075,9,-0.023195754428584237,-0.04803087984739418,-0.03565937604447744
1752508800000,0.0001,8.0,90.37037037037037,9,-0.000640107624875319,-0.028389232171291856,-0.007918306577335388
1752537600002,0.0001,8.0,90.0,8,-0.025404536822554724,-0.01828669212629641,-0.005071057409378299
1752566400000,0.0001,8.0,89.62962962962962,8,-0.0030416922495936083,0.012081135770626084,0.023088430865298104
1752595200000,0.0001,8.0,89.25925925925927,8,0.010821847092342685,0.021807752665091495,0.012563787397388282
1752624000000,0.0001,8.0,88.88888888888889,8,0.004300580038714585,0.00794430404701485,0.0018142142625283686
1752652800000,0.0001,8.0,88.51851851851852,8,0.006539586539738851,0.0009036458046889351,-0.0003029074888375449
1752681600008,0.0001,8.0,88.14814814814815,8,-0.002586523673502761,-0.0005154548152981331,-0.007886542761307513
1752710400003,0.0001,8.0,87.77777777777777,8,-0.002589015862042854,0.004834909139959542,-0.006843904515813626
1752739200000,0.0001,8.0,87.4074074074074,8,0.0049038545260269295,0.009963252791545196,-0.002209735516468525
1752768000000,0.0001,8.0,87.03703703703704,8,0.0027970604366946983,-0.008329772163654492,-0.001470454629576734
1752796800004,0.0001,8.0,86.66666666666667,8,0.0023550633442401825,-0.010905277288363102,-0.01736219481500123
1752825600000,0.0001,8.0,86.29629629629629,8,-0.013297531749771663,-0.011058537765341714,-0.0009181967853905126
1752854400000,0.0001,8.0,85.92592592592592,8,9.076673288954673e-05,0.001140098028071579,0.0036849596978740795
1752883200009,0.0001,8.0,85.55555555555556,8,0.0022224069515532907,-0.000725251123503079,-0.004809560082178144
1752912000000,0.0001,8.0,85.18518518518519,8,-0.0011265140441855115,-0.0010054836096862196,-0.002727839792944886
1752940800002,0.0001,8.0,84.81481481481481,8,-0.0015383154979141667,0.0067007836509693774,0.006944879994440045
1752969600000,0.0001,8.0,84.44444444444444,8,0.001774677867534935,-0.006125227245336706,0.018050621179689808
1752998400000,0.0001,8.0,84.07407407407408,8,0.005648406000679396,0.011270548226644639,0.002678905020871314
1753027200000,0.0001,8.0,83.7037037037037,8,-0.013458298230833998,-0.003209772535804567,-0.0028837405223252066
1753056000001,0.0001,8.0,83.33333333333334,8,0.019120462156102302,0.0017298408648862562,0.012921723420132647
1753084800000,0.0001,8.0,82.96296296296296,8,-0.008751411653133867,-0.012849813510986574,-0.009281724076686815
1753113600001,0.0001,8.0,82.5925925925926,8,-0.008570409692962633,0.003956483749009365,0.006447665742191466
1753142400000,0.0001,8.0,82.22222222222221,8,0.003991090767492711,0.02206517645495021,0.007574892596714067
1753171200010,0.0001,8.0,81.85185185185185,8,0.008790841154348694,0.004620859418715817,-0.02000079816388345
1753200000007,0.0001,8.0,81.48148148148148,8,0.009629175729090278,-0.003246479963907478,-0.026450773364218527
1753228800000,0.0001,8.0,81.11111111111111,8,-0.013351285108085809,-0.010759393418979468,-0.020433343615309574
1753257600004,0.0001,8.0,80.74074074074075,8,0.0008908460078858038,-0.00036850935430576826,-0.008437680926682734
1753286400002,0.0001,8.0,80.37037037037037,8,0.0018079731531610577,0.005746500377048047,-0.0023636230059305152
1753315200000,0.0001,8.0,80.0,7,-0.0034105733673576166,-0.0034552386474342445,-0.006306231902134085
1753344000001,0.0001,8.0,79.62962962962963,7,0.007013559548460391,-0.024148797379575093,-0.0013680457322975403
1753372800000,0.0001,8.0,79.25925925925927,7,-0.007384363817372841,-0.02854274444493876,-0.003106687562589139
1753401600000,0.0001,8.0,78.88888888888889,7,-0.02314918173638314,-0.006345855912538112,0.009364027521260088
1753430400000,0.0001,8.0,78.51851851851852,7,0.001876845030429397,0.015610364201431803,0.028622752417476915
1753459200000,0.0001,8.0,78.14814814814814,7,0.01529597389782067,0.020851155017981515,0.02088139787677834
1753488000001,0.0001,8.0,77.77777777777779,7,-0.0016755578739732213,0.0029715835936587887,0.0035970457761729246
1753516800005,0.0001,8.0,77.4074074074074,7,0.007022048105888246,0.006758657372127663,0.013097935323510335
1753545600001,0.0001,8.0,77.03703703703704,7,-0.0023506009818858864,0.005586592178770999,-0.006964618249534427
1753574400001,0.0001,8.0,76.66666666666667,7,0.0020939689790544502,0.0128573767863005,-8.484477225234599e-07
1753603200000,0.0001,8.0,76.29629629629629,7,0.005448011073812653,0.0059500577819355804,-0.0001532385399161118
1753632000008,0.0001,8.0,75.92592592592592,7,0.0048627946127945965,-0.006066498316498303,-0.007948653198653233
1753660800005,0.0001,8.0,75.55555555555556,7,-0.0048384245968886574,-0.012078470267059882,-0.0134681770548436
1753689600000,0.0001,8.0,75.18518518518519,7,-0.005663221379018424,8.921109617698875e-05,-0.0013676229366778037
1753718400000,0.0001,8.0,74.81481481481481,7,-0.001558236222178544,-0.00685844003710645,0.0013847226830441262
1753747200001,0.0001,8.0,74.44444444444444,7,0.007775416794561174,-0.0006240683490509324,-0.019185862138553333
1753776000000,0.0001,8.0,74.07407407407408,7,-0.012570910183379636,-0.00615585807949004,-0.03290670109122362
1753804800000,0.0001,8.0,73.70370370370371,7,0.004731706610326958,0.004751308420852585,-0.017394476209793952
1753833600011,0.0001,8.0,73.33333333333333,7,0.0019879147003873943,-0.0007831179122738119,-0.038576405327577445
1753862400000,0.0001,8.0,72.96296296296296,7,-0.0017341471179964651,0.004728260501412507,-0.035159663467074775
1753891200008,0.0001,8.0,72.5925925925926,7,-0.0007280089125939471,0.003490709401412051,-0.04218294066387962
1753920000000,5.694e-05,8.0,56.666666666666664,5,0.007469193926493256,-0.018000103585501748,-0.04480242763661202
1753948800009,0.0001,8.0,72.22222222222221,7,-0.003283421837957712,-0.03171923709322777,-0.04205999324100529
1753977600000,0.0001,8.0,71.85185185185186,7,-0.022423294734172927,-0.02548305299636544,-0.0374186459301834
1754006400001,-1.408e-05,8.0,5.9259259259259265,0,-0.006744005304604173,-0.020381575318721534,-0.012648576030209302
1754035200003,1.549e-05,8.0,19.62962962962963,1,0.003251721166650734,-0.008474841809335665,-0.002641588260381411
1754064000000,5.681e-05,8.0,55.55555555555556,5,-0.01753760567448226,-0.02198879223835193,-0.0041432810240852325
1754092800004,4.81e-05,8.0,48.888888888888886,4,0.00532848551169085,-0.005692954626683955,0.014450803288164504
1754121600000,8.94e-06,8.0,11.481481481481481,1,-0.0104101851664955,-0.0024081561369806437,-0.0004651321984693313
1754150400000,4.437e-05,8.0,44.44444444444444,4,-0.0023013500366708683,0.0099601010642969,0.0006447327463043884
1754179200000,5.633e-05,8.0,55.18518518518518,5,0.010411518536822983,0.015487056046022962,0.014015061279782248
1754208000000,4.533e-05,8.0,45.925925925925924,4,0.0018588619682824437,0.0077239981455365925,0.004013312020494153
1754236800003,7.504e-05,8.0,63.70370370370371,6,0.0031162388718302125,0.009000906414463383,0.01344514787203388
1754265600004,4.188e-05,8.0,40.74074074074074,4,0.003322826372471832,0.006505559933455807,0.006072147797916205
1754294400000,5.719e-05,8.0,55.55555555555556,5,0.002336976875539687,-0.005732009773923408,0.0019563560620412535
1754323200002,3.912e-05,8.0,37.77777777777778,3,0.0006354456824513299,-0.018228586350975018,0.015219359331476223
1754352000000,7.101e-05,8.0,59.62962962962963,5,-0.009552871688018993,-0.007952754809916529,0.02026756737013824
1754380800000,8.589e-05,8.0,68.51851851851852,6,-0.009311363023747687,0.0020615823083223184,0.024933907321865734
1754409600000,4.784e-05,8.0,46.2962962962963,4,0.011029613781832648,0.02233485712462535,0.0296651854162715
1754438400005,5.172e-05,8.0,51.11111111111111,5,0.001021563316318863,0.007563952932675866,0.022589264027204292
1754467200000,9.275e-05,8.0,69.62962962962963,6,0.01073181930097733,0.005659439979181391,0.022607092568951215
1754496000000,8.288e-05,8.0,65.92592592592592,6,-0.0038924099739321427,0.011150150798377556,0.013334755059916326
1754524800003,4.843e-05,8.0,46.2962962962963,4,-0.0006797007924040921,0.021320499375562907,0.013573999051377905
1754553600002,7.574e-05,8.0,64.07407407407408,6,0.015702100754711124,0.016235954762622296,0.025247027225683505
1754582400002,6.275e-05,8.0,57.03703703703704,5,0.0062154672446848025,-0.00337310637889221,0.018957646679539364
1754611200002,2.403e-05,8.0,23.703703703703706,2,-0.005654719551985377,-0.006274216404651645,0.01580526495633272
1754640000004,1.729e-05,8.0,17.77777777777778,1,-0.003896659259557622,0.00015682618088841416,0.04130270280924542
1754668800000,7.973e-05,8.0,66.2962962962963,6,0.003762271926789351,0.006120685351498123,0.03509043740822415
1754697600005,8.835e-05,8.0,70.74074074074073,7,0.0007803321985644374,-0.0013188471663651002,0.017654372861589662
1754726400000,9.087e-05,8.0,71.11111111111111,7,0.0015671590636459065,0.009163039380333693,0.019276313534633438
1754755200007,5.151e-05,8.0,50.0,4,-0.003383576390612264,0.016950399884989142,0.026019479952694935
1754784000003,9.849e-05,8.0,72.96296296296296,7,0.010829171789887182,0.023568818304837924,0.030109940307324612
1754812800005,0.0001,8.0,73.33333333333333,7,0.00947127358474531,0.03215051425193094,0.014307993924793871
1754841600002,0.0001,8.0,73.33333333333333,7,0.003102506407807626,0.012735675205361119,0.018228802905433827
1754870400000,0.0001,8.0,72.96296296296296,7,0.01986226036298233,-0.00434578706146771,0.0344869244663617
1754899200000,0.0001,8.0,72.5925925925926,7,-0.010749946118650766,-0.021434905571907303,0.0013178308602754818
1754928000000,0.0001,8.0,72.5925925925926,7,-0.013127761802678717,-0.0036156019711184317,-0.01785099528840839
1754956800000,0.0001,8.0,72.22222222222221,7,0.002357641987261294,0.011235453273103158,-0.004221510491843938
1754985600001,7.988e-05,8.0,64.81481481481481,6,0.008730328996352954,0.004604518704542704,0.000990228122646819
1755014400005,8.543e-05,8.0,67.77777777777779,6,0.000589661982732137,0.009228585345023133,-0.023686563379905823
1755043200000,7.123e-05,8.0,58.14814814814815,5,-0.00440958476410136,0.027458247681676706,-0.02337113255168477
1755072000002,0.0001,8.0,71.85185185185186,7,0.013373386216091188,0.018699626828173388,-0.01556752936132022
1755100800006,0.0001,8.0,71.48148148148148,7,0.019534616964324902,-0.023833588004532058,-0.027698695185433442
1755129600002,0.0001,8.0,71.11111111111111,7,-0.014005082293435556,-0.04146000429603747,-0.04953817596731769
1755158400003,0.0001,8.0,70.74074074074073,7,-0.02893744497158457,-0.02188805319228526,-0.030330059510842
1755187200000,0.0001,8.0,70.37037037037037,7,0.0005672682814903407,-0.007657275131043195,0.0010786564039086954
1755216000000,1.939e-05,8.0,20.0,1,0.00688290181922202,-0.008211418644421986,-0.007006445422074847
1755244800000,7.99e-05,8.0,62.59259259259259,6,-0.014999541979472286,-0.012255620836320258,-0.03210261676792148
1755273600000,3.722e-05,8.0,33.33333333333333,3,8.532022814700113e-06,0.0035962476163662327,-0.009178750143977954
1755302400004,8.85e-05,8.0,67.77777777777779,6,0.0028579984285275195,0.00036770069334202127,-0.009199342404421218
1755331200000,8.268e-05,8.0,62.96296296296296,6,0.0008082905081170377,0.0037725895926215003,-0.022324983834189793
1755360000002,9.023e-05,8.0,67.77777777777779,6,-0.003365801417716363,0.005149846159076654,-0.03299590324170876
1755388800000,8.206e-05,8.0,62.59259259259259,6,0.005637860783879178,0.0002974922004193026,-0.03771161157236136
1755417600001,4.68e-05,8.0,41.48148148148148,4,0.002607833844698204,-0.023018627021262006,-0.038560502847337474
1755446400007,1.862e-05,8.0,18.88888888888889,1,-0.007437009501952918,-0.01751988628436174,-0.04208442591275652
1755475200000,2.846e-05,8.0,26.666666666666668,2,-0.0185642984297254,-0.010052075477486322,-0.027227353643706875
1755504000001,-6.82e-06,8.0,5.555555555555555,0,0.008250807898838142,-0.002579028299889208,-0.012042986119065735
1755532800002,5.296e-05,8.0,49.629629629629626,4,-0.0004423864770888297,-0.020794746445416123,-0.029703583846868886
1755561600000,7.137e-05,8.0,55.55555555555556,5,-0.010856568818095602,-0.028229489202396874,-0.031510046113732315
1755590400001,6.262e-05,8.0,53.70370370370371,5,-0.010162693579258808,-0.013363493996867981,-0.016653036366800156
1755619200000,3.167e-05,8.0,29.259259259259256,2,-0.007823863751218463,-0.003806465278198945,0.023525203440671882
1755648000000,4.543e-05,8.0,41.48148148148148,4,0.0041916947397420135,0.01119586428901087,0.035412379672583816
1755676800000,1.364e-05,8.0,15.925925925925927,1,-0.00014202152199438434,0.0043973744542977755,0.02171606104631918
1755705600000,4.936e-05,8.0,46.2962962962963,4,0.007117965186551167,-0.005521981172858514,0.012793457259565821
1755734400006,1.143e-05,8.0,14.444444444444443,1,-0.002662209502484858,-0.0142597717280184,0.010308068185501451
1755763200000,7.757e-05,8.0,61.85185185185185,6,-0.010016546403704196,-0.007463446851265099,0.008904670231228096
1755792000003,7.414e-05,8.0,59.62962962962963,5,-0.0018742770772276485,0.03382391552713937,0.014911723589812631
1755820800010,7.296e-05,8.0,58.51851851851851,5,0.004446992015143092,0.03785453075080758,0.007707586280443213
1755849600007,0.0001,8.0,71.48148148148148,7,0.031179579193795437,0.0245041180826695,-0.014000330897608326
1755878400001,5.867e-05,8.0,53.70370370370371,5,0.0020171600171601245,-0.015129129129129115,-0.0391042471042472
1755907200004,0.0001,8.0,71.11111111111111,7,-0.00847368371478896,-0.012459637402374102,-0.059606919033335704
1755936000006,0.0001,8.0,70.74074074074073,7,-0.008711910221036234,-0.008381154708084537,-0.04749321001247886
1755964800000,9.711e-05,8.0,69.62962962962963,6,0.004703080478513755,-0.0037335437916115044,-0.0444131428407164
1755993600001,0.0001,8.0,70.37037037037037,7,-0.00437873926992105,-0.016797017254833957,-0.03208532038498213
1756022400002,0.0001,8.0,70.0,6,-0.00354539516655783,-0.029449161767907683,-0.03538340953625074
1756051200001,0.0001,8.0,70.0,6,-0.008959262493018927,-0.02119860616214775,-0.021349806280310912
1756080000000,0.0001,8.0,69.62962962962963,6,-0.01812064144831116,-0.030764794938106355,-0.019664568419066497
1756108800002,0.0001,8.0,69.25925925925925,6,0.004925365768304157,-0.010296697429639234,0.015533431738953052
1756137600002,8.344e-05,8.0,63.70370370370371,6,-0.019362921055357307,-0.02054067954611205,0.005748604369582244
1756166400000,4.522e-05,8.0,40.74074074074074,4,0.003526104636882188,0.015927512895390405,0.022627657542097612
1756195200000,3.9e-05,8.0,34.81481481481482,3,-0.0055479709112270514,0.004169136964172093,-0.0016272234943877084
1756224000000,0.0001,8.0,68.88888888888889,6,0.01800569925231499,0.020275555020756952,-0.012227138723739484
1756252800003,1.802e-05,8.0,18.51851851851852,1,-0.007771236302916096,-0.003625382515031972,-0.03050534983552755
1756281600000,5.503e-05,8.0,49.629629629629626,4,0.01040258913699943,0.020998370504782482,-0.02087559413381712
1756310400009,3.496e-05,8.0,30.74074074074074,3,-0.006699703773428323,0.005903991155176369,-0.028572423690624182
1756339200000,5.297e-05,8.0,49.25925925925926,4,0.017220428864770376,0.011048560961811393,-0.021801210448822994
1756368000005,9.693e-05,8.0,67.77777777777779,6,-0.004757251185336764,-0.026532455162200708,-0.03977482580013536
1756396800004,7.512e-05,8.0,58.51851851851851,5,-0.0014675566114623617,-0.038311839355375965,-0.03480408607534702
1756425600000,4.261e-05,8.0,37.407407407407405,3,-0.02027572206461503,-0.0368080149238994,-0.03726437879802835
1756454400000,5.856e-05,8.0,52.59259259259259,5,-0.016106258813359697,-0.015190986015757635,-0.004066063082998395
1756483200005,6.44e-06,8.0,9.25925925925926,0,-0.0008917946582791547,0.004198635720345845,0.003251450089502672
1756512000000,7.523e-05,8.0,59.25925925925925,5,0.0017123430005903106,0.0044822009610918645,0.00786255445740247
1756540800002,7.979e-05,8.0,60.74074074074074,6,0.0028071967489988747,0.0018613235586959487,0.016058640450184125
1756569600003,8.042e-05,8.0,61.48148148148148,6,0.00012962453930431828,-0.0005488358153521444,0.019202818276508493
1756598400016,-1.232e-05,8.0,4.814814814814815,0,-0.0010727108607607727,-0.004594180704441064,0.022660212630228216
1756627200000,4.749e-05,8.0,41.11111111111111,4,0.0007546697491551679,0.009447176798875079,0.022085134110336302
1756656000001,0.0001,8.0,68.51851851851852,6,-0.003918466463078141,-0.00039460612973241105,0.0321783362154604
1756684800000,4.66e-05,8.0,40.370370370370374,4,0.013508418852463677,0.008340309772373988,0.031956710964744506
1756713600000,0.0001,8.0,68.14814814814815,6,-0.008708709530074299,0.004856710182862711,0.006371070162914494
1756742400001,4.963e-05,8.0,44.44444444444444,4,0.004325817520619113,0.020165063847447096,0.0069023521000135535
1756771200000,6.946e-05,8.0,53.70370370370371,5,0.01000696455408523,0.018780469924122967,0.014727282724240398
1756800000005,8.805e-05,8.0,64.81481481481481,6,0.005910368186721859,0.008322967052010855,0.023587032757449
1756828800007,6.356e-05,8.0,52.22222222222223,5,0.0035223177843222153,0.012175222907242711,-0.002619413788904401
1756857600006,7.67e-06,8.0,9.25925925925926,0,-0.0011199496651836949,0.003975551660599486,-0.0061075906700822635
1756886400002,5.127e-05,8.0,44.81481481481481,4,0.009753406808578058,-0.006678640587993945,-0.003045071375609165
1756915200002,2.344e-05,8.0,21.85185185185185,2,-0.004607255937968735,-0.024872944000898345,-0.017302607599922748
1756944000002,1.808e-05,8.0,18.51851851851852,1,-0.011720068434957764,-0.009112127150790572,-0.014115829120309953
1756972800000,4.385e-05,8.0,36.666666666666664,3,-0.008682567191600876,0.022870556005004428,0.0028999267091311953
1757001600000,7.941e-05,8.0,58.51851851851851,5,0.011948051473309684,0.01066131011837479,0.017395683019309383
1757030400001,7.532e-05,8.0,57.03703703703704,5,0.0192736685655428,-0.0009396500706996269,0.0029770644066877683
1757059200006,0.0001,8.0,67.77777777777779,6,-0.01984351052674027,-0.01791199040533553,-0.013756429905498191
1757088000000,7.872e-05,8.0,57.77777777777777,5,-0.00010941285085586117,-0.0024333056334959746,0.017875889657591904
1757116800000,1.297e-05,8.0,13.333333333333334,1,0.0019208126013989801,-0.003805451707479479,0.013035119037929865
1757145600005,5.66e-05,8.0,47.03703703703704,4,-0.004687161527908157,-0.0010100007220736895,0.020011372662286142
1757174400000,5.11e-05,8.0,43.333333333333336,4,-0.0014847554232549909,0.009118827568953103,0.004727105941559673
1757203200000,1.97e-05,8.0,19.62962962962963,1,0.004945650496471332,0.00858044942963443,0.012186199020674193
1757232000000,3.611e-05,8.0,28.51851851851852,2,0.005645777590689294,0.004631344273194227,0.01616228042441792
1757260800000,6.969e-05,8.0,51.85185185185185,5,-0.0020174764118741084,0.011138338159946581,0.022291946622209124
1757289600007,9.404e-05,8.0,66.2962962962963,6,0.002268284553504696,0.009107369672729293,0.026060049185201217
1757318400000,6.682e-05,8.0,50.37037037037037,5,0.012159341958676517,0.01665604159154932,0.02496607918543292
1757347200000,7.311e-05,8.0,53.70370370370371,5,-0.004864649738111959,-0.015319737898784047,0.014371859653611319
1757376000000,3.799e-05,8.0,29.259259259259256,2,0.009352827540894504,-0.004640259383179357,0.031515913286603414
1757404800000,0.0001,8.0,67.77777777777779,6,-0.0196750077166431,-0.005093426658282385,0.017857506104771215
1757433600000,0.0001,8.0,67.4074074074074,6,0.005928220802993822,0.02676044520748766,0.03826593902891218
1757462400000,5.805e-05,8.0,48.148148148148145,4,0.008893289494689594,0.021782998713899104,0.04011935447417847
1757491200002,5.026e-05,8.0,41.48148148148148,4,0.012522100440052197,0.01421987669999969,0.029155683148169853
1757520000000,0.0001,8.0,67.03703703703704,6,0.0010517630870696681,0.0033046624648862544,0.016848418708905966
1757548800000,5.843e-05,8.0,48.148148148148145,4,0.0005521001750219412,0.014231720568847361,0.017235356179220895
1757577600000,4.283e-05,8.0,33.33333333333333,3,0.001697494988661452,0.009605102134808252,0.015172183890904245
1757606400001,3.326e-05,8.0,24.074074074074073,2,0.012285315684795961,0.007491345193024301,0.008674511823346442
1757635200002,6.137e-05,8.0,49.25925925925926,4,-0.004339554572753701,0.003457974407355957,-0.003964947888143944
1757664000001,3.768e-05,8.0,27.77777777777778,2,-0.00039796222486954136,0.005501958095794235,0.004924999761048987
1757692800005,6.891e-05,8.0,51.11111111111111,5,0.008232752813139843,0.0059692021505468595,-0.0027903216693251354
1757721600005,-1.554e-05,8.0,1.4814814814814816,0,-0.002311453983012024,-0.0011096013711812125,-0.00618945473481658
1757750400002,2.251e-05,8.0,17.77777777777778,1,6.654021145968692e-05,1.296237885584084e-05,0.0009842766344478893
1757779200000,3.137e-05,8.0,22.962962962962962,2,0.0014326895159617603,-0.005112921511426949,0.0015623055759101945
1757808000006,8.182e-05,8.0,60.370370370370374,6,-0.0011902408878384785,-0.006294725739671159,0.00736240375145969
1757836800000,4.78e-05,8.0,36.666666666666664,3,-0.005066496141581944,0.00027393472230619054,0.012156825468151888
1757865600001,3.115e-05,8.0,22.59259259259259,2,-0.00039939014860790323,-0.003960040147392374,0.004989772139237791
1757894400006,6.207e-05,8.0,48.888888888888886,4,0.004547049585857943,0.0012168894880204562,0.010026960920562544
1757923200002,8.259e-05,8.0,60.74074074074074,6,-0.00807241656298019,0.0015589724789044634,0.011887273233488704
1757952000001,8.189e-05,8.0,60.0,5,0.004796046007871313,0.009069077183913699,0.024912939822785196
1757980800001,9.97e-06,8.0,6.666666666666667,0,0.004890270383283601,0.012511527313769255,0.015765634854606247
1758009600000,6.991e-05,8.0,51.11111111111111,5,0.0002822018649486502,0.010816012151077192,0.008488494017234283
1758038400000,6.472e-05,8.0,48.888888888888886,4,0.0071522735429723205,-0.0011069200187736605,-0.0012458242456033775
1758067200001,6.972e-05,8.0,50.74074074074074,5,0.00331842768389512,-0.003666292811615568,-0.010004121259271637
1758096000000,8.441e-05,8.0,61.85185185185185,6,-0.011516480289051834,-0.0009306074219783689,-0.010582457793965272
1758124800003,6.303e-05,8.0,47.77777777777778,4,0.004610787185864718,0.01578570422711656,0.0015853090661535063
1758153600006,4.941e-05,8.0,37.407407407407405,3,0.006397268755804708,0.006905507206494521,-0.005668019675965752
1758182400002,8.928e-05,8.0,64.07407407407408,6,0.004696316006695955,-0.001361213864386035,-0.010758972860317795
1758211200000,4.208e-05,8.0,28.51851851851852,2,-0.003972960050908303,-0.015158501538990343,-0.01745294977395817
1758240000000,-2.31e-06,8.0,2.9629629629629632,0,-0.0018748249024578278,-0.013099004420999427,-0.016325069868190045
1758268800005,2.109e-05,8.0,15.925925925925927,1,-0.00962876255897649,-0.008165580831805963,-0.03775436687014311
1758297600000,5.264e-05,8.0,40.74074074074074,4,-0.0018900717674417145,0.0014305113559796023,-0.026191488111897754
1758326400000,3.757e-05,8.0,24.814814814814813,2,0.00297981721249041,0.0007001661704630902,-0.026386484802326415
1758355200000,-2.7e-07,8.0,3.3333333333333335,0,0.0003460228513145758,-0.0009957864598929556,-0.02473675081953919
1758384000002,-1.006e-05,8.0,2.5925925925925926,0,-0.0026644516094530557,-0.0038823880524920806,-0.026844630297635397
1758412800000,-5.322e-05,8.0,0.0,0,0.0012800011070279727,-0.003966273700561018,-0.03221451434768796
1758441600000,2.563e-05,8.0,18.51851851851852,1,-0.0024168004774863805,-0.02821903917065216,-0.028152529650721236
1758470400000,3.742e-05,8.0,25.185185185185183,2,-0.0028296062708508263,-0.02391744615046265,-0.019341415201427625
1758499200005,6.665e-05,8.0,49.25925925925926,4,-0.023438761881770076,-0.022581659218759986,-0.016720883258622643
1758528000003,1.743e-05,8.0,12.222222222222221,1,0.002530760837765378,0.0056635333013801414,-0.0064024870105098275
1758556800000,4.838e-05,8.0,35.55555555555556,3,-0.00208993460527207,0.001037870750495884,-0.010611119587548345
1758585600000,7.062e-05,8.0,51.48148148148148,5,0.004679310761703581,-0.0052900034845930755,-0.031791578662911824
1758614400001,7.083e-05,8.0,51.48148148148148,5,-0.0024015590680960264,-0.0054963516816217695,-0.033660732917629055
1758643200000,7.478e-05,8.0,53.70370370370371,5,-0.008398037002050551,0.003646504406820572,-0.03421599712178702
1758672000003,5.794e-05,8.0,43.333333333333336,4,0.004854000284110427,0.011628873126814154,-0.021322578829482852
1758700800001,6.267e-05,8.0,46.2962962962963,4,0.00703199741090188,-0.00653765039352161,-0.027904822195114143
1758729600002,4.886e-05,8.0,34.44444444444444,3,-0.00028782695066775776,-0.015100320052974348,-0.0347608431740426
1758758400000,-2.2e-06,8.0,2.9629629629629632,0,-0.01312945066124116,-0.03817325081948686,-0.032179870295015345
1758787200001,1.73e-05,8.0,10.0,0,-0.0016476292843060625,-0.021925730492239448,-0.020012296809541752
1758816000000,9.56e-05,8.0,65.92592592592592,6,-0.023452811952524133,-0.022844928838225975,-0.013601160536730328
1758844800000,3.143e-05,8.0,18.51851851851852,1,0.003767944560534975,0.005795142803629805,0.02915474647168348
1758873600000,4.36e-05,8.0,27.77777777777778,2,-0.0031336550528129337,3.5672080286097696e-05,0.023258196346447324
1758902400008,7.716e-05,8.0,55.18518518518518,5,0.004562370121473647,0.0025787708103686136,0.04336223292939945
1758931200000,-1e-07,8.0,3.3333333333333335,0,-0.0019799178457324818,0.0004335919671383248,0.042447284345048075
1758960000010,3.425e-05,8.0,20.0,1,-7.042697956982646e-05,0.0015283569202737546,0.039682401761223174
1758988800003,7.821e-05,8.0,55.55555555555556,5,0.002421212270890427,0.006444979849147714,0.034581167779857314
1759017600000,3.314e-05,8.0,18.88888888888889,1,-0.0011149889367914056,0.02278154154976164,0.04052555943338132
1759046400000,4.976e-05,8.0,35.92592592592593,3,0.004953628809420962,0.02189260956581074,0.045326206002632485
1759075200000,5.261e-05,8.0,38.88888888888889,3,0.018876070737772865,0.034495389828536505,0.0669801922601474
1759104000000,2.312e-05,8.0,14.074074074074074,1,-0.0019831516856789744,0.018785968599652314,0.05861225771515577
1759132800002,1.304e-05,8.0,7.4074074074074066,0,0.016730041420726538,0.01582834750514972,0.0588907109440977
1759161600001,3.2e-07,8.0,3.7037037037037033,0,0.003949105496402261,-0.005859055695308091,0.05324392692089308
1759190400002,2.353e-05,8.0,14.814814814814813,1,-0.004816939658681907,-0.0009236407378969691,0.053959879847910175
1759219200005,5.893e-05,8.0,44.074074074074076,4,-0.004976612472585518,0.006853068969673082,0.05298504377078905
1759248000000,2.584e-05,8.0,15.925925925925927,1,0.00893575984924233,0.03855293774164159,0.08489945058347859
1759276800000,3.355e-05,8.0,19.62962962962963,1,0.0034935416831083366,0.04055980848657037,0.07137207446575289
1759305600000,3.457e-05,8.0,21.11111111111111,2,0.025771295048646836,0.03571384879418793,0.06821633486954437
1759334400000,0.0001,8.0,67.4074074074074,6,0.010885399185256217,0.02055856460618144,0.037699362618901944
1759363200000,7.784e-05,8.0,55.18518518518518,5,-0.0011797978163627931,0.014435668995924633,0.031085144322981595
1759392000013,0.0001,8.0,67.03703703703704,6,0.011308089094137719,0.01016284863583894,0.05289626838967565
1759420800000,9.543e-05,8.0,65.18518518518519,6,0.004820538247527706,0.023582657414572328,0.024853109226301573
1759449600006,9.926e-05,8.0,66.66666666666666,6,-0.005737411461366082,0.01486144903073705,0.025097748645390938
1759478400006,0.0001,8.0,66.66666666666666,6,0.02586749945277389,0.021670150533106725,0.030876079622639496
1759507200000,0.0001,8.0,66.2962962962963,6,-0.0036444414724229324,-0.006630779505990225,0.019045856027844144
1759536000001,0.0001,8.0,65.92592592592592,6,0.000933092366322219,0.0014381081470422608,0.020463370395107372
1759564800000,0.0001,8.0,65.55555555555556,6,-0.0035331006291520195,0.020177693938102426,0.010684377707190329
1759593600000,8.312e-05,8.0,58.14814814814815,5,0.004442091091189759,0.007924506616753701,-0.00018553180310643125
1759622400000,8.648e-05,8.0,60.0,5,0.019267186528171276,0.008665084905899345,-0.007905807045346602
1759651200003,0.0001,8.0,65.18518518518519,6,-0.015876323861937713,-0.010963616791214381,-0.024299825021381394
1759680000009,9.566e-05,8.0,63.33333333333333,6,0.005125536132871478,0.017289012472979648,-0.005872416259018354
1759708800004,7.672e-05,8.0,50.0,4,-0.0001328939190496925,0.010273348205567467,-0.0013281288617230658
1759737600002,9.708e-05,8.0,63.70370370370371,6,0.012235969926323254,0.0012561765389986768,-0.012453977338575228
1759766400004,5.831e-05,8.0,37.03703703703704,3,-0.0018062435498450435,-0.02483825072998347,-0.029156902196235346
1759795200000,0.0001,8.0,64.81481481481481,6,-0.008857309948088421,-0.0262189530869823,-0.02448936697629689
1759824000003,8.608e-05,8.0,58.14814814814815,5,-0.014144609305250744,-0.014721725553299092,-0.02073247626579089
1759852800000,6.194e-05,8.0,38.148148148148145,3,-0.003313917303147784,0.0025757578245726442,-0.024273048393374075
1759881600000,2.542e-05,8.0,12.962962962962962,1,0.002026596191646801,0.015546299484783255,-0.07326227614762193
1759910400006,0.0001,8.0,64.81481481481481,6,0.0027101740376991312,0.0010441440442303662,-0.09329110752383418
1759939200002,5.396e-05,8.0,32.96296296296296,3,0.009720096611074869,-0.006537961139276627,-0.08401853569333517
1759968000001,1.344e-05,8.0,6.666666666666667,0,-0.011272058083717673,-0.013057963629518388,-0.10353951711580722
1759996800000,5.35e-05,8.0,32.96296296296296,3,-0.005572107453278408,-0.0075788540615073785,-0.08492436740288423
1760025600000,1.455e-05,8.0,7.4074074074074066,0,0.0036422881790292294,-0.019205167377709387,-0.06522279199175318
1760054400005,7.85e-06,8.0,4.814814814814815,0,-0.005340633953639484,-0.07625859652151756,-0.05672614863503889
1760083200002,3.879e-05,8.0,21.11111111111111,2,-0.01787345258336026,-0.08772572218286889,-0.04742697168796839
1760112000014,1.013e-05,8.0,5.9259259259259265,0,-0.05439756273065066,-0.059081058562633904,-0.0374477682910922
1760140800000,0.0001,8.0,66.66666666666666,6,-0.019160337372703062,-0.017424226261591902,0.02294191272685908
1760169600003,0.0001,8.0,66.66666666666666,6,0.012964514974562968,0.010233712812753426,0.010891497275087092
1760198400000,4.67e-06,8.0,4.074074074074074,0,-0.0116359962086664,0.012730475526226304,0.007377899386590947
1760227200004,-3.055e-05,8.0,0.3703703703703704,0,0.00921143024719795,0.03848037196908449,0.022530305759383973
1760256000002,2.865e-05,8.0,16.296296296296298,1,0.01674260089686097,0.03359641255605372,0.009605381165919358
1760284800000,-0.00010915,8.0,0.0,0,0.013695316080054587,0.008502733147503383,-0.021534959653957353
1760313600003,-3.942e-05,8.0,0.7407407407407408,0,0.004465122278807465,0.0028971435593903028,-0.034962700584048045
1760342400002,2.519e-05,8.0,15.555555555555555,1,-0.007584645020217717,-0.03187442514273808,-0.041068670496156034
1760371200003,-2.305e-05,8.0,1.4814814814814816,0,0.006069672708069129,-0.015899010158963778,-0.05179681372784739
1760400000000,-4.041e-05,8.0,0.7407407407407408,0,-0.029231726477663034,-0.018300461617608232,-0.06104354082952124
1760428800000,7.12e-06,8.0,6.666666666666667,0,0.008497911552970416,0.006861528710999432,-0.055455295775303615
1760457600000,-4.498e-05,8.0,0.7407407407407408,0,0.0027392372209611437,-0.016336008365058885,-0.049693278217205816
1760486400006,-5.425e-05,8.0,0.3703703703703704,0,-0.003545141916324046,-0.019909446187755253,-0.0581491792177673
1760515200002,3.973e-05,8.0,26.666666666666668,2,-0.015685211999538096,-0.018281795489069164,-0.05258547938634295
1760544000000,2.25e-06,8.0,6.666666666666667,0,-0.0005324011200276146,-0.02307011361800848,-0.035276537263115415
1760572800000,-2.741e-05,8.0,2.5925925925925926,0,-0.0027338463358063114,-0.02447280012495512,-0.032837755970808846
1760601600003,-2.23e-05,8.0,3.3333333333333335,0,-0.018687394243211197,-0.0449811334413146,-0.033354446988137165
1760630400002,-3.004e-05,8.0,2.5925925925925926,0,-0.0038737530867385406,-0.013465464490750367,-0.0006380950097650828
1760659200001,-2.85e-06,8.0,5.9259259259259265,0,-0.023009839143108612,-0.015046140943480224,0.00424335610218507
1760688000005,-6.34e-06,8.0,5.9259259259259265,0,0.013695969377119921,0.010511455155293614,0.0526652896477231
1760716800003,-2.91e-06,8.0,6.296296296296296,0,-0.005469797873583371,-0.0006056782334384891,0.033600186937726484
1760745600000,-4.819e-05,8.0,1.1111111111111112,0,0.0020868603937398422,0.006981582046984514,0.03806922172327676
1760774400002,-6.376e-05,8.0,0.3703703703703704,0,0.0025438015816015014,0.00164554801906025,0.012675876734857816
1760803200001,-3.681e-05,8.0,2.9629629629629632,0,0.002239000698635696,0.013616378935436657,0.06030805432335695
1760832000001,-1.411e-05,8.0,5.555555555555555,0,-0.0031279715496431715,0.012355114354795305,0.010877912993493055
1760860800001,1.512e-05,8.0,15.925925925925927,1,0.014525367674246947,0.040003969037761156,0.012754278182742329
1760889600001,2.787e-05,8.0,23.333333333333332,2,0.0009918932335351016,0.020333349941778156,1.1994987940244783e-05
1760918400004,-2.197e-05,8.0,5.185185185185185,0,0.024098018087109763,0.01793870366802741,-0.008683140052043514
1760947200001,-6.65e-06,8.0,7.777777777777778,0,-0.004663349546896289,-0.0278765873030159,-0.0159207347588306
1760976000000,-1.8e-07,8.0,10.37037037037037,1,-0.0026498535535945944,0.023178541785769946,-0.00786466419383125
1761004800009,-5.567e-05,8.0,0.7407407407407408,0,-0.021994490737302974,-0.019056036192342418,-0.0033930321047664913
1761033600000,2.222e-05,8.0,21.48148148148148,2,0.049086617396079335,0.002140038726274218,0.0277427175250744
1761062400000,-2.506e-05,8.0,4.814814814814815,0,-0.04485411269358586,-0.043435622895325765,-0.02859576571526934
1761091200004,-4.212e-05,8.0,2.5925925925925926,0,-0.0012776037176053245,-0.007234523363347178,0.024623411534250517
1761120000000,2.445e-05,8.0,24.444444444444443,2,0.0013759034853140228,0.009802272781875399,0.029757031522882116
1761148800000,5.702e-05,8.0,49.25925925925926,4,-0.00813426755142399,0.013690299874410394,0.02771833564488646
1761177600000,8.911e-05,8.0,74.07407407407408,7,0.016684777350233437,0.023826092781279895,0.037915212229921336
1761206400001,2.673e-05,8.0,26.296296296296294,2,0.0049089192877447285,0.015239875754127885,0.022028398011187944
1761235200004,3.933e-05,8.0,34.81481481481482,3,0.001722061777601036,0.0002894374446495984,0.03420822930727052
1761264000000,3.391e-05,8.0,30.37037037037037,3,0.008508998784169108,0.008407225197686108,0.03883116670695208
1761292800000,1.783e-05,8.0,20.0,1,-0.008421889163001128,0.004104173011390877,0.04069934026883004
1761321600009,3.224e-05,8.0,29.629629629629626,2,0.00996450412692984,0.013398531939461389,0.04567693750961088
1761350400000,5.02e-05,8.0,45.18518518518518,4,0.004205512311959536,0.005309380446125056,0.02760661563942346
1761379200001,1.484e-05,8.0,18.14814814814815,1,-0.0005151216010050863,0.002782015615184319,0.02434712375482362
1761408000001,5.57e-05,8.0,50.37037037037037,5,0.0015730978714691979,0.02023926890455985,0.028799722732521182
1761436800001,1.903e-05,8.0,21.85185185185185,2,0.0017230281547462312,0.025925208744592032,0.010401818771862859
1761465600001,5.35e-06,8.0,13.333333333333334,1,0.01688473241453381,0.03359405763379275,0.015994272418113464
1761494400000,6.904e-05,8.0,60.74074074074074,6,0.0059536327631068975,0.011509535403700477,-0.020173364576852926
1761523200000,0.0001,8.0,83.33333333333334,8,0.01032264272249761,-0.0024885957584531715,-0.03795698971759476
1761552000005,0.0001,8.0,83.33333333333334,8,-0.0049682320609418795,-0.011695865925270499,-0.03657166012374691
1761580800000,7.304e-05,8.0,64.81481481481481,6,-0.00796761108245203,-0.003991199874035289,-0.06412887365173026
1761609600000,6.059e-05,8.0,56.2962962962963,5,0.0007646641002481136,-0.011291072195866336,-0.050308233292703286
1761638400000,7.806e-05,8.0,70.0,6,0.0032412056338622097,-0.005612306592291505,-0.04161694014065376
1761667200004,2.992e-05,8.0,29.259259259259256,2,-0.016337915571726702,-0.028011844988789503,-0.039100157880818776
1761696000004,-3.2e-07,8.0,11.11111111111111,1,0.007267445729277622,-0.024276870961359553,-0.028399910920333227
1761724800005,3.588e-05,8.0,34.44444444444444,3,-0.01899720947931416,-0.019882459886265136,-0.03019188353099511
1761753600000,5.003e-05,8.0,47.40740740740741,4,-0.012304191291962585,-0.03386728428600039,-0.010367096144399457
1761782400004,1.097e-05,8.0,16.666666666666664,1,0.011803924457065795,-0.015002923474087382,0.0007874738910575996
1761811200008,3.449e-05,8.0,33.7037037037037,3,-0.03321020940055719,-0.016425811090141074,-0.0030574278781342334
1761840000001,3.562e-05,8.0,34.44444444444444,3,0.0069468006882660305,0.02347485049923459,0.02254526389569289
1761868800000,2.13e-06,8.0,12.592592592592592,1,0.009923361034164246,0.011748845798707164,0.019847645429362792
1761897600008,0.0001,8.0,85.55555555555556,8,0.006009559375122819,0.006005904481174218,-0.018189493459110362
1761926400007,0.0001,8.0,85.18518518518519,8,-0.005384196185286183,0.0009082652134422275,-0.04015258855585835
1761955200001,0.0001,8.0,84.81481481481481,8,0.005409689956459518,0.005034372169135937,-0.02813422313783931
1761984000000,0.0001,8.0,84.44444444444444,8,0.0007146800921182805,0.007091406403243017,-0.051074653648046864
1762012800000,9.782e-05,8.0,83.33333333333334,8,-0.001114358803570581,-0.002259571189650589,-0.06159010289669764
1762041600007,8.2e-05,8.0,73.33333333333333,7,0.007916698846522463,0.0038706687806939755,-0.07597686684808524
1762070400000,8.15e-05,8.0,72.22222222222221,7,-0.008577088749243789,-0.03156083718589975,-0.08327584916514952
1762099200001,5.635e-05,8.0,51.85185185185185,5,0.004404545454545383,-0.03927999999999998,-0.05712818181818191
1762128000000,6.098e-05,8.0,55.55555555555556,5,-0.027609903168416383,-0.036323387611532865,-0.06008356760329381
1762156800010,6.853e-05,8.0,60.0,5,-0.016494868387255335,-0.029089376053963,-0.04055314206582317
1762185600000,5.329e-05,8.0,50.0,4,0.007229809526693609,-0.021413106017018513,-0.03467091118311483
1762214400002,0.0001,8.0,84.07407407407408,8,-0.019735723218790913,-0.04444108270230196,-0.04754463887215843
1762243200004,5.808e-05,8.0,52.96296296296297,5,-0.008416893599767605,-0.02436978736823736,-0.023174494540665336
1762272000000,6.339e-05,8.0,58.51851851851851,5,-0.017716718176438162,0.0019553083430357,-0.025503138937132297
1762300800000,7.132e-05,8.0,64.07407407407408,6,0.0008476186444599243,0.021998706421720415,0.017209316520097273
1762329600000,2.831e-05,8.0,28.51851851851852,2,0.019162974795602805,0.013787466261675485,0.006097489003076717
1762358400004,2.816e-05,8.0,28.51851851851852,2,0.0004454476121791284,-0.016974253706519393,-0.01952834618414334
1762387200001,3.985e-05,8.0,39.62962962962963,3,-0.00643780339835065,-0.02308935536192891,-0.014733703346404892
1762416000000,7.916e-05,8.0,70.37037037037037,7,-0.01025260390136462,-0.011200535576545212,-0.011317935507657695
1762444800001,4.494e-05,8.0,41.11111111111111,4,-0.0057780166621874685,-0.010893979132051812,0.0174488060465654
1762473600005,4.705e-05,8.0,42.96296296296296,4,0.005345958173475829,0.019368369961219933,0.03019741274960208
1762502400003,4.227e-05,8.0,39.62962962962963,3,-0.010435862864813572,0.0038426740929582426,0.04426532899217128
1762531200005,8.631e-05,8.0,77.77777777777779,7,0.02464085866684118,0.00838715371258969,0.04130410423155606
1762560000011,7.776e-05,8.0,69.25925925925925,6,-0.009966166519564612,-0.010609738158281923,0.024976386243631854
1762588800015,3.047e-05,8.0,29.629629629629626,2,-0.0059560233744347935,-0.004239499979472039,0.024524974633381325
1762617600001,3.74e-05,8.0,36.2962962962963,3,0.005337765081300683,0.020099222641249526,0.017182529341482233
1762646400004,-1.64e-05,8.0,6.666666666666667,0,-0.0035917846729001113,0.021460717789604677,0.008441476505209211
1762675200000,4.187e-05,8.0,40.370370370370374,4,0.01831894013738955,0.04443572129538764,0.011787046123650669
1762704000005,8.948e-05,8.0,81.48148148148148,8,0.006679558564950616,0.012296788721966934,-0.01711871857358782
1762732800000,8.87e-05,8.0,80.74074074074075,8,0.01759575934837465,0.013113396699611979,-0.02855211463680718
1762761600000,7.355e-05,8.0,67.77777777777779,6,-0.013913631751042987,-0.015032698162137703,-0.027439207727289805
1762790400003,4.979e-05,8.0,48.148148148148145,4,0.00857442148366827,-0.014971907437386855,-0.03524331016093696
1762819200007,2.818e-05,8.0,28.51851851851852,2,-0.010402189020152885,-0.026570572861588593,-0.06136413421155984
1762848000000,-2.775e-05,8.0,4.814814814814815,0,-0.012752305917974271,-0.016474590305461945,-0.07389144704521033
1762876800009,5.823e-05,8.0,56.666666666666664,5,-0.0033015009986677724,-0.01430038148529833,-0.06598361527410668
1762905600000,2.462e-05,8.0,26.296296296296294,2,0.00014162863226530042,-0.014405378007789627,-0.08049744631935318
1762934400002,6.87e-06,8.0,15.185185185185185,1,-0.011104375700145885,0.002779731046957723,-0.06819458117328714
1762963200000,5.786e-05,8.0,56.2962962962963,5,-0.004785968472946989,-0.006226852554753193,-0.05745121221352523
1762992000002,1.077e-05,8.0,17.40740740740741,1,0.017619094488189102,-0.021542322834645633,-0.059230314960629915
1763020800000,9.352e-05,8.0,84.44444444444444,8,-0.019837171534098474,-0.06207750727723638,-0.07108456665542762
1763049600001,7.448e-05,8.0,70.74074074074073,7,-0.018732769316872844,-0.04635812577547327,-0.06613818501990454
1763078400000,8.569e-05,8.0,80.37037037037037,8,-0.02405624718522803,-0.047116266164833,-0.05292877018593567
1763107200000,9.126e-05,8.0,84.07407407407408,8,-0.0037926623006070415,-0.009124226686251458,-0.015269534476968993
1763136000001,9.078e-05,8.0,83.7037037037037,8,-0.01835578382115799,-0.004843053597563984,-0.030461865222548568
1763164800005,8.507e-05,8.0,80.0,7,0.013003062024985468,0.007834313237564228,-0.028834068612978547
1763193600000,0.0001,8.0,87.77777777777777,8,0.0002962688832430782,-0.00048338607265963063,-0.05917269253319246
1763222400001,5.923e-05,8.0,59.25925925925925,5,-0.005850556504934712,-0.0159759196294752,-0.035674353344490095
1763251200001,7.745e-05,8.0,72.5925925925926,7,0.005405818238123805,-0.014239052878046277,-0.028630853861911443
1763280000000,0.0001,8.0,87.4074074074074,8,-0.017325031019272963,-0.005721274801117726,-0.045117051603797864
1763308800000,7.06e-05,8.0,65.92592592592592,6,-0.0028999588290516964,-0.006529140881905038,-0.04707141201535492
1763337600003,0.0001,8.0,87.03703703703704,8,0.014820443806701666,-0.022464158809269996,-0.030240540345484956
1763366400003,9.568e-05,8.0,84.81481481481481,8,-0.020372818393266545,-0.05240562406920912,-0.03607704021017055
1763395200000,7.208e-05,8.0,66.66666666666666,6,-0.018447338367395538,-0.010065283719978946,-0.04334527928818588
1763424000002,0.0001,8.0,86.66666666666667,8,-0.016263031379540327,0.008045200782588413,-0.058178418884615946
1763452800004,0.0001,8.0,86.29629629629629,8,0.023266491330111494,0.013452647541517537,-0.07238316813215795
1763481600000,3.725e-05,8.0,35.92592592592593,3,-0.00036482053842767925,-0.03105602093790072,-0.10755103182870862
1763510400000,7.496e-05,8.0,68.51851851851852,6,-0.0115902399112916,-0.01516226443531754,-0.08386614058790909
1763539200000,5.012e-05,8.0,47.03703703703704,4,-0.019336273402467352,0.004169394163501705,-0.07987526671379197
1763568000008,3.98e-05,8.0,39.25925925925926,3,0.013626036679253772,-0.00356320359959017,-0.06570294507874119
1763596800000,4.259e-05,8.0,41.11111111111111,4,0.00781153496771414,-0.05266391269795301,-0.07477801182989541
1763625600000,0.0001,8.0,85.92592592592592,8,-0.025990648052436782,-0.08970689204477045,-0.07003656392395663
1763654400000,8.999e-05,8.0,81.11111111111111,8,-0.034923745942304185,-0.07650461867403135,-0.030468214947911187
1763683200001,4.272e-05,8.0,41.85185185185185,4,-0.031099957231506714,-0.019176654627700795,-0.0004599630415662581
1763712000000,4.524e-05,8.0,44.074074074074076,4,-0.011864277526625222,0.006603577990615284,0.035293753172505715
1763740800001,2.642e-05,8.0,27.037037037037038,2,0.025370763605512048,0.014986008238387694,0.04548949472989028
1763769600004,1.373e-05,8.0,18.88888888888889,1,-0.006646482359495387,-0.003915019052074142,0.03563360781170277
1763798400000,6.735e-05,8.0,63.33333333333333,6,-0.002600664785317841,0.014906769067595915,0.03406432886986499
1763827200000,5.057e-05,8.0,50.37037037037037,5,0.004518227791314056,0.03327608899733803,0.03212724620721663
1763856000000,3.812e-05,8.0,38.51851851851852,3,0.012976226201981689,0.02489975117971066,0.03161175528181914
1763884800008,1.53e-06,8.0,12.962962962962962,1,0.01460940803936861,0.013128661817834342,0.022920693282817872
1763913600003,-8.93e-06,8.0,8.88888888888889,0,-0.004396646652681135,-0.0038707484633554445,-0.0009036722161557265
1763942400004,-6e-08,8.0,12.962962962962962,1,0.002950192719782363,0.016241053119615323,0.04277318115659545
1763971200000,-1.34e-06,8.0,11.481481481481481,1,-0.0023030124461651535,0.005408223630450015,0.05172167732044919
1764000000006,5.044e-05,8.0,51.48148148148148,5,0.01570453707119146,0.0027711176687568173,0.04763694208779046
1764028800000,-5.29e-05,8.0,1.8518518518518516,0,-0.009690412409350646,-0.0101563412231368,0.0347916187228563
1764057600009,1.996e-05,8.0,24.444444444444443,2,-0.004933444821026867,0.004332921164398318,0.04009324702569228
1764086400007,-3.019e-05,8.0,4.814814814814815,0,0.003995751352991794,0.00020691462702493446,0.059140798506536196
1764115200001,4.038e-05,8.0,42.592592592592595,4,0.005295397297916171,0.03520609113808093,0.04028051293794377
1764144000001,5.388e-05,8.0,55.18518518518518,5,-0.00902138321801782,0.04123345007260615,0.030244013553144766
1764172800000,-4.19e-06,8.0,10.74074074074074,1,0.039622431139775705,0.04445813558133627,0.04578229329863559
1764201600013,-2.599e-05,8.0,6.296296296296296,0,0.011148604931266792,0.008932156093741206,0.0042183312706203235
1764230400000,2.408e-05,8.0,28.14814814814815,2,-0.005620479732458272,-0.005134597138764518,-0.005294369342996985
1764259200004,4.624e-05,8.0,47.77777777777778,4,0.003717901602691809,0.01378231295511001,0.00527812192604693
1764288000008,1.771e-05,8.0,23.703703703703706,2,-0.0032196004275261147,-0.003994628518183552,-0.010575241853709283
1764316800000,6.007e-05,8.0,61.85185185185185,6,0.014821105060009332,-0.004699106487780824,-0.048886327162089405
1764345600008,-1.703e-05,8.0,8.148148148148149,0,-0.013882557750832358,-0.01292528967669948,-0.08117459614574785
1764374400000,-1.982e-05,8.0,8.148148148148149,0,-0.0037687446325942453,-0.00038755422456127064,-0.050051747297029436
1764403200005,1.778e-05,8.0,24.444444444444443,2,0.005398085299255007,0.005213469234340851,-0.038529483296115385
1764432000001,2.635e-05,8.0,31.48148148148148,3,-0.0016493249313056513,0.004596118808571692,0.0005893587754530749
1764460800003,6.082e-05,8.0,63.33333333333333,6,0.001468121498342967,-0.005930858416036799,0.00593856798129444
1764489600000,3.556e-05,8.0,39.25925925925926,3,0.005449066683682391,-0.04873355681144331,0.023277075084464416
1764518400004,3.88e-05,8.0,43.7037037037037,4,-0.012110857304220568,-0.07340175539023452,0.010598231475532627
1764547200000,3.593e-05,8.0,40.370370370370374,4,-0.043265528321427604,-0.04533021748944421,0.032618990714431195
1764576000004,3.153e-05,8.0,36.2962962962963,3,-0.02069589378938108,0.006080018878597437,0.07958740084976812
1764604800000,1.491e-05,8.0,22.962962962962962,2,0.018596348731122703,0.07447984057574075,0.09591900340948811
1764633600004,-1.009e-05,8.0,10.0,0,0.00784628648505814,0.05840274591056782,0.06825608721649767
1764662400000,2.643e-05,8.0,32.592592592592595,3,0.0462139038293754,0.06918693738483306,0.05953332038214443
1764691200000,3.999e-05,8.0,47.03703703703704,4,0.0035203530021885587,0.01460660824316351,-0.007420868969033267
1764720000000,-1.732e-05,8.0,8.518518518518519,0,0.018373223553112883,0.021796921190356366,-0.023507127685199358
1764748800000,4.206e-05,8.0,47.77777777777778,4,-0.007193687702997886,0.003152278036943512,-0.03715645598798434
1764777600005,-8.85e-06,8.0,11.481481481481481,1,0.011008029666661479,0.00526682883401941,-0.02775617712487255
1764806400012,-3.95e-06,8.0,12.962962962962962,1,-0.00023353222851885125,-0.01246076551436004,-0.04478462543787298
1764835200000,7.435e-05,8.0,74.81481481481481,7,-0.0050983170302222325,-0.01214293293092672,-0.04310580427907096
1764864000011,3.928e-05,8.0,45.925925925925924,4,-0.006820809124003735,-0.02733495010175724,-0.036932133434031233
1764892800000,4.837e-05,8.0,53.333333333333336,5,0.0005916337559082052,-0.03181578370304117,-0.02054217534504732
1764921600000,4.944e-05,8.0,54.44444444444444,5,-0.01989860294253265,-0.028383798603268007,-0.007455602171151154
1764950400010,3.91e-06,8.0,18.51851851851852,1,-0.012536316883709597,-0.0056700305820558405,-0.006405506320771526
1764979200001,3.693e-05,8.0,42.592592592592595,4,0.004439713336750861,0.0002075156562149072,0.016751561134673354
1765008000001,1.919e-05,8.0,27.037037037037038,2,0.0025026327339001675,-0.002876743383545932,0.010489615916788875
1765036800008,-1.822e-05,8.0,8.518518518518519,0,-0.006699357690448382,-0.004220795857849846,0.0360912021637565
1765065600000,4.192e-05,8.0,49.25925925925926,4,0.0013155238543840486,0.011882331830518345,0.03856739115806462
1765094400004,1.666e-05,8.0,25.185185185185183,2,0.0011513292364826455,0.024130875223014048,0.03821337893851484
1765123200000,5.212e-05,8.0,59.25925925925925,5,0.009024978052640131,0.004749576429933455,0.02935410457567511
1765152000000,-5.39e-06,8.0,12.962962962962962,1,0.0139605765554085,0.003707377626059216,0.01897246343882819
1765180800000,6.545e-05,8.0,70.37037037037037,7,-0.017947184842121877,-0.011449951959390137,-0.014025234710351775
1765209600001,3.395e-05,8.0,40.74074074074074,4,0.010477863715310676,0.036858134697235645,0.00021626827968623807
1765238400001,8.52e-06,8.0,21.48148148148148,2,-0.0017464059671261634,0.021587916591739198,0.020429529816323955
1765267200001,6.379e-05,8.0,70.37037037037037,7,0.027901862187102777,0.024480300602309768,0.02100790186218693
1765296000007,5.443e-05,8.0,62.22222222222222,6,-0.004403841749838877,-0.010944019817287765,-0.033756694194261416
1765324800007,2.777e-05,8.0,35.18518518518518,3,0.001079912440699271,-0.006616623524164811,-0.02631530635496082
1765353600002,1.996e-05,8.0,28.888888888888886,2,-0.007640768456560476,-0.027262106513369577,-0.025867286011557744
1765382400012,3.205e-05,8.0,40.0,3,-4.783035009647829e-05,-0.024665241901995594,-0.02062031615861426
1765411200001,2.59e-05,8.0,34.074074074074076,3,-0.01972552762660973,0.005519234155982433,-0.01962768813989746
1765440000000,-1.577e-05,8.0,10.0,0,-0.0038502472228997275,0.024459546351522254,7.427773220092249e-05
1765468800000,6.1e-05,8.0,68.51851851851852,6,0.02953212241541081,0.0006677447033933692,-0.01030663949687649
1765497600005,6.914e-05,8.0,73.33333333333333,7,-0.0011806030805957546,-0.025209984096454918,-0.04396557223031283
1765526400007,4.698e-05,8.0,54.81481481481482,5,-0.02723251058873699,-0.022554307529612183,-0.029337810206968795
1765555200002,3.383e-05,8.0,41.48148148148148,4,0.0032636029820851675,0.0025025036163346392,-0.03375653722042948
1765584000001,1.21e-06,8.0,18.14814814814815,1,0.0015405381125135342,0.00020629236063895995,-0.04298755702153767
1765612800006,6.02e-05,8.0,67.4074074074074,6,-0.002295625134271395,-0.0010287678484023344,-0.048378666300488815
1765641600000,6.041e-05,8.0,67.4074074074074,6,0.0008811305993130514,-0.013127070351730885,-0.02562713971024788
1765670400000,0.0001,8.0,91.11111111111111,9,0.00019735915707674856,-0.022124183260173624,-0.027253303825552244
1765699200003,2.898e-05,8.0,38.148148148148145,3,-0.013793478056031927,-0.005917349984979392,-0.03665586585861991
1765728000005,3.773e-05,8.0,47.03703703703704,4,-0.00603046141741137,-0.02392738717473164,-0.017592311583206954
1765756800000,1.9e-06,8.0,18.88888888888889,1,0.016652777069124713,-0.021206297373448812,-0.022315197487400185
1765785600000,-8.93e-06,8.0,11.481481481481481,1,-0.031660350507783486,-0.041688879173627846,-0.03173841956990642
1765814400000,3.081e-05,8.0,39.62962962962963,3,-0.005760986992285666,0.011250164122480255,0.018246964597917303
1765843200002,7.467e-05,8.0,78.14814814814814,7,-0.00410140993934216,0.015885285684816175,-0.00994003759529194
1765872000000,1.35e-05,8.0,24.814814814814813,2,0.02183268898194024,0.011629747387874811,0.022944107850690454
1765900800002,4.089e-05,8.0,52.22222222222223,5,-0.002167367684137944,-0.005106518608741228,0.0023210413382128703
1765929600004,6.221e-05,8.0,71.48148148148148,7,-0.008618712931263595,-0.017248833821403853,0.005306982469389654
1765958400000,8.987e-05,8.0,86.66666666666667,8,0.002694261177675017,-0.0012320895479462912,0.015613370069772259
1765987200000,5.917e-05,8.0,67.77777777777779,6,-0.010696457192945874,0.01434149039062782,0.011402058520164848
1766016000005,6.23e-05,8.0,71.48148148148148,7,0.007047330059050783,-0.0083161048497844,0.025417285286275293
1766044800007,-8.67e-06,8.0,12.592592592592592,1,0.01810884209458563,0.0138069834887935,0.015892209163465898
1766073600001,8.355e-05,8.0,83.33333333333334,8,-0.032771312958396415,-0.0030772993132119897,-0.004082686285298842
1766102400000,5.491e-05,8.0,63.33333333333333,6,0.028599079268563754,0.03093133365631484,0.038356398428156524
1766131200001,0.0001,8.0,90.74074074074075,9,0.0011529146911348764,0.003951063660447396,0.014410296642448639
1766160000000,0.0001,8.0,90.37037037037037,9,0.0011898768414964067,0.0018319784799352146,0.0205972568054249
1766188800005,0.0001,8.0,90.0,8,0.001988123458835478,0.0024102592617389895,0.004345048358379566
1766217600000,1.234e-05,8.0,22.962962962962962,2,-0.001463480387437155,-0.0016311236516327599,-0.008658548050750503
1766246400002,7.171e-05,8.0,74.81481481481481,7,0.0021884941254417534,-0.002033064527108275,-0.008288822229382431
1766275200000,9.682e-05,8.0,88.51851851851852,8,-0.0023272582385055474,0.004382852091193268,-0.010168171574170604
1766304000009,8.873e-05,8.0,84.07407407407408,8,-0.0019096377134725229,0.012328112749186104,-0.013865581021173967
1766332800000,3.977e-05,8.0,48.148148148148145,4,0.008844436157246394,0.021046324425606056,-0.01149469720398033
1766361600000,4.389e-05,8.0,52.96296296296297,5,0.00502752686475505,-0.0025391208308210844,-0.012862399486090137
1766390400005,4.524e-05,8.0,53.70370370370371,5,0.0052433130385660665,-0.01925948010724232,-0.015726576580615603
1766419200009,6.654e-05,8.0,71.48148148148148,7,-0.013156985132606769,-0.025355071348769354,-0.015341267664367497
1766448000000,2.633e-05,8.0,33.33333333333333,3,-0.011161929898696243,-0.011978821822651975,-0.0146859768016252
1766476800000,5.231e-05,8.0,60.0,5,-0.002382358889512215,-0.007623548446439199,0.012232870154013309
1766505600001,1.795e-05,8.0,28.14814814814815,2,0.0012183653997954735,-0.004032617872562372,-0.002394402611992419
1766534400001,0.0001,8.0,89.62962962962962,8,-0.0069562276404928625,0.00026051575263341675,-0.0021184044095717836
1766563200001,8.455e-05,8.0,81.11111111111111,8,0.00172362412107252,0.010417685442049907,0.006903701419516128
1766592000000,5.927e-05,8.0,65.92592592592592,6,0.007448592519662345,0.01665236604380338,0.006682569879437716
1766620800000,5.953e-05,8.0,66.2962962962963,6,0.0025687805256753293,-0.004381768736685165,0.0033964986950594245
1766649600001,7.953e-05,8.0,79.62962962962963,7,0.005636830939483195,0.00892327419026051,-0.0010339883824345142
1766678400005,8.322e-05,8.0,80.74074074074075,8,-0.012119764059232097,-0.012539873604777818,-0.005930225579575676
1766707200004,4.378e-05,8.0,52.22222222222223,5,0.015576570380559263,0.0010694635488308624,0.006508482347546973
1766736000001,5.427e-05,8.0,60.74074074074074,6,-0.015756403296203425,-0.012291348989660111,0.011295851302894233
1766764800007,0.0001,8.0,89.25925925925927,8,0.0014953631129241973,0.003854229618510452,0.005702791994302903
1766793600000,1.809e-05,8.0,27.40740740740741,2,0.002138056372770647,0.006474863809130094,-0.0011486183941559203
1766822400000,2.788e-05,8.0,35.55555555555556,3,0.00016683998217326135,0.0022603389365665194,-0.0005382303534494648
1766851200011,5.85e-05,8.0,64.07407407407408,6,0.004056477684232229,0.0028284536035367847,0.01605912793155051
1766880000008,-3.6e-07,8.0,15.185185185185185,1,-0.0019295948192200596,-0.0009818634015252847,0.005581717089087723
1766908800000,7.955e-05,8.0,78.88888888888889,7,0.0012290951214728452,0.021684749643129164,0.009986682902579869
1766937600000,9.464e-05,8.0,86.29629629629629,8,0.0007777749941353385,-0.002795662680237676,0.0014166209263606344
1766966400016,0.0001,8.0,88.88888888888889,8,0.02040707089802951,-0.006551809748108983,-0.001705998783707141
1766995200001,0.0001,8.0,88.51851851851852,8,-0.0211998477673474,-0.023090479097586214,-0.022049180968239712
1767024000000,4.826e-05,8.0,53.70370370370371,5,-0.003963726931075051,0.016916926176014035,0.0046957202940305365
1767052800005,0.0001,8.0,88.14814814814815,8,0.0034195970538504206,0.01320837990427881,0.01821224887513262
1767081600001,4.613e-05,8.0,51.85185185185185,5,0.016154313681584043,0.0123293743459445,0.014960448207945065
1767110400003,8.345e-05,8.0,78.88888888888889,7,-0.006297164083791329,-0.011680278105071995,0.004616346318165876
1767139200004,2.922e-05,8.0,36.2962962962963,3,0.002549083721503864,-0.008222011275707208,0.017956727804699257
1767168000001,1.453e-05,8.0,23.703703703703706,2,-0.00794605574991547,-0.011126283715156227,0.010720009028326372
1767196800001,3.75e-05,8.0,43.333333333333336,4,-0.00282006099704335,0.00038905238442477064,0.023252136659769107
1767225600008,0.0001,8.0,88.51851851851852,8,-0.0003867302470965672,0.013269752903328769,0.03369344497935156
1767254400002,0.0001,8.0,88.14814814814815,8,0.0036063137881017227,0.013879743130029265,0.04264009559014004
1767283200001,1.711e-05,8.0,25.925925925925924,2,0.010019319968933349,0.016093909376950766,0.0386046865991736
1767312000006,5.608e-05,8.0,61.48148148148148,6,0.00021503875200967748,0.01295411455823614,0.03431162830495427
1767340800007,4.219e-05,8.0,50.0,4,0.005798044355995957,0.008099927622936764,0.04133484465946191
1767369600000,4.813e-05,8.0,54.81481481481482,5,0.006641938425560712,0.006469623985274842,0.05049372562841614
1767398400001,3.11e-05,8.0,38.51851851851852,3,-0.004578101138356772,0.007110005579525902,0.04339248520091843
1767427200000,1.055e-05,8.0,21.48148148148148,2,0.004801167114798055,0.02160413494653146,0.04125563142943656
1767456000000,6.938e-05,8.0,74.07407407407408,7,0.0075319873218031574,0.015011723218643303,0.04127306705858946
1767484800000,9.488e-05,8.0,88.14814814814815,8,0.0091219854524911,0.010369955156950716,0.03296582041594576
1767513600000,5.813e-05,8.0,64.81481481481481,6,-0.0016828150576410073,0.012000581713847103,0.015158456883741511
1767542400001,4.436e-05,8.0,52.96296296296297,5,0.005844418897465342,0.028476487655334726,-0.00031751245415234663
1767571200000,8.893e-05,8.0,85.18518518518519,8,0.010750597922832394,0.024595105223497615,-0.0030076337545185128
1767600000000,5.23e-05,8.0,60.0,5,0.014400646559641572,0.00714954068766116,-0.021592325993988193
1767628800000,7.723e-05,8.0,78.88888888888889,7,-0.0006934074104054666,-0.0023646151322587183,-0.03316425980090354
1767657600010,-1.376e-05,8.0,10.37037037037037,1,-0.0075397412967543875,-0.0027525701484618637,-0.030406099968149358
1767686400000,2.816e-05,8.0,35.55555555555556,3,0.004817992320821807,-0.004000510657836798,-0.026302097022843474
1767715200000,2.691e-05,8.0,34.44444444444444,3,-0.000506073955128028,-0.02462359415004134,-0.02638737932698565
1767744000001,6.582e-05,8.0,72.96296296296296,7,-0.008283707640131421,-0.024357625443960806,-0.03223328971613215
1767772800001,0.0001,8.0,90.37037037037037,9,-0.01654423644471248,-0.02603239912970412,-0.023910514637771607
1767801600001,2.885e-05,8.0,37.407407407407405,3,0.0003417081024248425,-0.005070860622522044,-0.007520863908176856
1767830400001,8.693e-05,8.0,84.44444444444444,8,-0.009986073582286203,-0.0034564230127482887,-0.009635723451123845
1767859200000,0.0001,8.0,90.0,8,0.0024030126003555807,0.002301414641149302,0.0013671551467095977
1767888000000,6.436e-05,8.0,71.11111111111111,7,0.0030230052461919232,0.004628150524508934,0.0011413387153988985
1767916800003,-2.813e-05,8.0,5.185185185185185,0,-0.0036628708601813553,-0.004631872689419558,-0.0005701949539393958
1767945600000,7.258e-05,8.0,75.92592592592592,7,0.004729984332546788,-0.0013926625195291864,0.007178161641402614
1767974400001,2.18e-06,8.0,18.88888888888889,1,-0.007050388412506381,-0.006837769828326845,0.005665079699090025
1768003200000,5.643e-05,8.0,63.33333333333333,6,0.0004415254705005811,-0.0014537226116231317,0.0072586787350295
1768032000002,7.657e-05,8.0,78.51851851851852,7,-3.0897540445495864e-05,0.0006389169970679731,0.014175350162929146
1768060800001,6.235e-05,8.0,70.0,6,-0.0017899056823436066,0.003227789223708477,0.031367490148345833
1768089600003,8.744e-05,8.0,84.81481481481481,8,0.002464151514916857,0.005665669140399121,0.05493432798531006
1768118400006,4.67e-05,8.0,53.333333333333336,5,0.0025562417291575823,0.007388619320688239,0.04977062196735771
1768147200000,1.667e-05,8.0,24.444444444444443,2,0.0003422313483916195,0.009385502155727421,0.06440111714876173
1768176000005,1.813e-05,8.0,26.666666666666668,2,0.004181616715913883,0.00381556036302233,0.06458641128464881
1768204800000,2.902e-05,8.0,35.55555555555556,3,0.00343715164927505,0.0058252172286406,0.05591770964491882
1768233600000,4.65e-05,8.0,52.96296296296297,5,-0.005172953249366841,0.01964850082472891,0.054475722005819405
1768262400007,2.245e-05,8.0,27.77777777777778,2,0.006461030676754742,0.045003816388459184,0.0469782635596776
1768291200009,9.838e-05,8.0,90.37037037037037,9,0.016920420382844803,0.03575909046892112,0.040217960170477296
1768320000002,3.445e-05,8.0,39.25925925925926,3,0.02101928274439402,0.03500681561878749,0.01187330010763743
1768348800000,1.29e-06,8.0,15.185185185185185,1,-0.002115310635148804,0.01530717601837317,0.0011782007700233965
1768377600001,2.497e-05,8.0,28.51851851851852,2,0.01618182811377289,0.013223633620888853,-0.0019171537462759902
1768406400004,4.076e-05,8.0,46.2962962962963,4,0.0011516163980249683,-0.0024944796844116324,-0.013141245647841249
1768435200000,-3.67e-06,8.0,11.11111111111111,1,-0.003463762130910597,-0.01375180673136489,-0.018315093950030947
1768464000004,1.749e-05,8.0,22.22222222222222,2,0.0004178244100692119,-0.008802305810143851,-0.01481462281756718
1768492800002,1.526e-05,8.0,20.74074074074074,2,-0.009178970757252047,-0.01990625158691417,-0.015031251198282192
1768521600000,7.34e-05,8.0,75.55555555555556,7,0.0007704547357842984,-0.0001664433464533266,-0.023203668034503022
1768550400000,7.337e-05,8.0,75.18518518518519,7,-0.010465306019982967,-0.005673545212632525,-0.029946151528844833
1768579200001,2.495e-05,8.0,27.037037037037038,2,0.009610717816678216,0.009420385634149708,-0.016502857626240486
1768608000000,-1.78e-06,8.0,10.0,0,-0.0047418075824948724,-0.00446121486178197,-0.030946864323996626
1768636800000,3.007e-05,8.0,34.44444444444444,3,0.004637110348077789,-0.0008331650171682359,-0.04166351073857133
1768665600002,2.976e-05,8.0,33.7037037037037,3,-0.0037952115178331303,-0.004404875636899952,-0.04960068047733979
1768694400001,3.503e-05,8.0,38.51851851851852,3,-0.0008096731759482667,-0.02460460083638194,-0.06966343883970683
1768723200000,9.616e-05,8.0,89.25925925925927,8,0.0008622867972203352,-0.023597599494630472,-0.06153716571909884
1768752000000,6.571e-05,8.0,69.62962962962963,6,-0.018414317407920544,-0.02129664986708657,-0.05078585637358379
1768780800007,3.473e-05,8.0,37.407407407407405,3,0.00012613168147534992,-0.0018617898624625484,-0.03544731468884277
1768809600007,1.943e-05,8.0,22.22222222222222,2,0.0025751332030496954,-0.01794724480149701,-0.031906212980439164
1768838400007,2.494e-05,8.0,24.814814814814813,2,-0.004551084390199911,-0.02454983722320425,-0.042066082648466674
1768867200005,9.819e-05,8.0,90.0,8,-0.01599135952477393,-0.04441636289995943,-0.033391116511408137
1768896000001,6.626e-05,8.0,69.62962962962963,6,-0.004165436426878721,-0.021105975507892283,-0.018086445702795162
1768924800009,5.652e-05,8.0,59.62962962962963,5,-0.024824915075269294,-0.00533466185518372,-0.010002490978469614
1768953600001,0.0001,8.0,90.37037037037037,9,0.008012423834502513,0.011268707240794207,0.012395577964873672
1768982400011,6.055e-05,8.0,64.44444444444444,6,0.011878812343021128,0.007040500538213035,0.004359526372443412
1769011200011,2.41e-05,8.0,23.333333333333332,2,-0.008546885423199813,-0.012690124707180783,-0.011099980718811575
1769040000010,6.355e-05,8.0,67.4074074074074,6,0.003797831949847952,0.00026600470984794455,-0.003064642497493719
1769068800003,5.11e-05,8.0,54.44444444444444,5,-0.007946608411580125,-0.003928209958813822,-0.012896954635187363
1769097600005,9.419e-05,8.0,87.03703703703704,8,0.004463614304217156,0.008100051403956421,-0.008854275395013489
1769126400005,5.09e-05,8.0,53.70370370370371,5,-0.00041119202108685915,0.0008480835434920841,-0.03145842435240043
1769155200000,3.39e-05,8.0,34.074074074074076,3,0.0012386867909521815,0.0006422406715937967,-0.01708136798379989
1769184000011,6.968e-05,8.0,71.48148148148148,7,-0.002762194124019235,-0.006437326249528197,-0.02537299640725499
1769212800011,1.531e-05,8.0,16.666666666666664,1,1.1164228027160661e-05,-0.004174304859342004,-0.014435346839072105
1769241600002,8.909e-05,8.0,84.44444444444444,8,-0.003696434631941914,-0.010262043834735501,-0.014168363610381762
1769270400001,3.901e-05,8.0,39.62962962962963,3,-0.0004908019457271484,-0.010448030461095992,-0.013451110859609261
1769299200002,1.336e-05,8.0,14.444444444444443,1,-0.00610216159797472,-0.02822263752846188,-0.00042489789557820234
1769328000011,8.051e-05,8.0,79.25925925925927,7,-0.003883655034877309,-0.007519153198516593,0.005293637257821393
1769356800005,4.917e-05,8.0,51.48148148148148,5,-0.018444263514714843,-0.00870123531723166,0.012975983276959369
1769385600000,4.067e-05,8.0,42.592592592592595,4,0.015889250859455473,0.018948428044689214,0.030669117086832065
1769414400003,2.847e-05,8.0,28.888888888888886,2,-0.005070067169013703,0.003599395365224467,0.002786775319081114
1769443200000,5.606e-05,8.0,58.51851851851851,5,0.0068625348488098314,0.003774622309626441,-0.0318989236223598
1769472000002,4.267e-05,8.0,45.925925925925924,4,0.0002820609251596995,0.009982011536178614,-0.0406802086118071
1769500800000,6.028e-05,8.0,64.07407407407408,6,-0.003202383379777518,0.009574299372437034,-0.06320487550692133
1769529600000,7.503e-05,8.0,76.66666666666667,7,0.013750734414224475,0.016522473359372514,-0.05845766762543003
1769558400000,6.237e-05,8.0,66.66666666666666,6,-0.0009203489030360501,0.0008519673158433605,-0.05620518063388613
1769587200000,6.174e-05,8.0,65.18518518518519,6,0.0036578578866108824,-0.00993568453556426,-0.06282539226598682
1769616000000,3.83e-05,8.0,38.148148148148145,3,-0.0018770430590769882,-0.051215662074115764,-0.09063580222070189
1769644800000,7.21e-05,8.0,73.33333333333333,7,-0.011688897899112205,-0.05173983801759163,-0.11908204741642425
1769673600009,5.856e-05,8.0,60.0,5,-0.039211308343212514,-0.06398571043224577,-0.11073508311024771
1769702400000,4.023e-05,8.0,40.370370370370374,4,-0.002428477164537979,-0.023762784559551275,-0.0884184851769807
1769731200008,4.478e-05,8.0,46.2962962962963,4,-0.024808826794005312,-0.007091947345302052,-0.09384018439535424
1769760000000,1.714e-05,8.0,17.037037037037038,1,0.0018488870401363044,0.009983264488793164,-0.07402440675998567
1769788800001,3.1e-06,8.0,11.11111111111111,1,0.014926922413075028,-0.019194861092838522,-0.04847538270833052
1769817600000,9.693e-05,8.0,91.48148148148148,9,-0.007928353812439504,-0.06582612258957254,-0.06559569552745825
1769846400001,3.548e-05,8.0,35.18518518518518,3,-0.02752513164193393,-0.06101244614648149,-0.056963858305409176
1769875200009,6.585e-05,8.0,71.11111111111111,7,-0.03220649766182626,-0.0485847895643613,-0.04095988186069399
1769904000001,-3.267e-05,8.0,0.3703703703703704,0,-0.002302814367221906,-0.02419035920598034,-0.03869135039526761
1769932800004,3.421e-05,8.0,34.44444444444444,3,-0.014654264877940637,-0.022867178678031785,-0.02584442365584272
1769961600000,1.722e-05,8.0,18.14814814814815,1,-0.005771410770628704,0.01840000723849955,-0.04192125288085835
1769990400000,6.8e-07,8.0,9.62962962962963,0,-0.004432015559507896,0.022768521118703422,-0.049164300498195534
1770019200014,-3.043e-05,8.0,0.7407407407407408,0,0.02825835163745838,0.027814878775388907,-0.07705080112068208
1770048000000,-5.713e-05,8.0,0.0,0,-0.001506582254060418,-0.009911458148236685,-0.14310119866577997
1770076800000,-2.203e-05,8.0,2.9629629629629632,0,0.0011745429261118545,-0.038269252525457875,-0.1990773990738398
1770105600007,2.245e-05,8.0,23.703703703703706,2,-0.011021559617310106,-0.030026611641355894,-0.17888302172205373
1770134400000,-4.65e-06,8.0,8.148148148148149,0,-0.030105106356248856,-0.04981366985143587,-0.12165237088609049
1770163200002,1.19e-06,8.0,11.481481481481481,1,0.011030408689935545,-0.03248672951490805,-0.07185307955941866
1770192000007,3.551e-05,8.0,38.51851851851852,3,-0.03204856477483853,-0.07423005468770438,-0.11062485281419265
1770220800000,4.618e-05,8.0,52.22222222222223,5,-0.013287750148743394,-0.08915029364187421,-0.06753021077725707
1770249600011,9.173e-05,8.0,88.88888888888889,8,-0.03259046184176173,-0.14262667802324458,-0.053907287122269554
1770278400000,2.98e-06,8.0,13.703703703703704,1,-0.04542478900880442,-0.08391998948048585,-0.015664744216034587
1770307200007,-4.957e-05,8.0,0.7407407407407408,0,-0.07153464063899562,0.017692301997971782,0.05175775611272737
1770336000000,-1.597e-05,8.0,5.555555555555555,0,0.028293367318597662,0.11581441633324174,0.11597153998638277
1770364800001,-0.00013688,8.0,0.0,0,0.06235153568321028,0.05060575759495922,0.08745195435837916
1770393600000,-0.00013478,8.0,0.3703703703703704,0,0.026094253980763815,0.008735058452646882,0.014079717442386563
1770422400003,-0.00015178,8.0,0.0,0,-0.031203682590354553,-0.013779785657279553,0.00015819176832754245
1770451200000,-8.326e-05,8.0,1.1111111111111112,0,0.015975610293890607,0.023359258665827998,0.012931306933691156
1770480000010,-2.907e-05,8.0,3.7037037037037033,0,-0.0002831522940390796,0.026273932508628084,-0.001717694273533743
1770508800003,-3.403e-05,8.0,2.5925925925925926,0,0.0056343035009558395,0.01718180780363321,-0.00620221354862871
1770537600000,-3.546e-05,8.0,2.5925925925925926,0,0.02163814426770161,0.011514296631033982,-0.037606761489159424
1770566400000,-4.864e-05,8.0,2.5925925925925926,0,-0.011380092851659418,-0.02309340562002804,-0.06608439884033845
1770595200002,-3.075e-05,8.0,4.074074074074074,0,-0.0003906799393664784,-0.0029975806256845594,-0.046213885191241366
1770624000001,1.846e-05,8.0,27.037037037037038,2,-0.012859104126339838,-0.02029771497926469,-0.04442132610221916
1770652800007,-4.284e-05,8.0,2.9629629629629632,0,0.01038472281010927,-0.005125414280325646,-0.0346080641770975
1770681600000,-8.798e-05,8.0,1.1111111111111112,0,-0.01779302618281653,-0.019673103210384735,-0.05696818693011496
1770710400007,-4.829e-05,8.0,3.3333333333333335,0,0.002428395692136487,-0.027717656206480368,-0.03994812459381658
1770739200000,-8.816e-05,8.0,1.1111111111111112,0,-0.007157261993610775,-0.041117445212588644,-0.010113710675118459
1770768000000,1.4e-05,8.0,22.22222222222222,2,-0.02583440564727779,-0.025376400369312213,0.0005307045284363987
1770796800006,-8.417e-05,8.0,1.8518518518518516,0,-0.008186656361854006,0.0031824563549909257,0.03501000392398512
1770825600000,-1.169e-05,8.0,11.11111111111111,1,0.009141274238227082,0.01128658316271225,0.049587498494520155
1770854400000,-1.381e-05,8.0,10.74074074074074,1,0.002980701524066376,-0.012996932771604852,0.04129569513898024
1770883200001,3.499e-05,8.0,42.96296296296296,4,-0.002721715721998308,-0.015711587370049185,0.05371744723887151
1770912000001,-1.728e-05,8.0,9.62962962962963,0,-0.011249142482178565,0.024545888388462833,0.029374832224773995
1770940800007,5.834e-05,8.0,66.66666666666666,6,-0.0017963882189511171,0.03773923562248416,0.03647376986622852
1770969600003,7.16e-06,8.0,21.11111111111111,2,0.038067046838499374,0.048195392607501164,0.0361027249677397
1770998400005,-1.274e-05,8.0,11.851851851851853,1,0.001483262712173028,0.01491414106861888,-0.01669580305065943
1771027200002,1.291e-05,8.0,22.962962962962962,2,0.008261411765389859,0.013708943661357553,-0.00016133298838116872
1771056000004,3.174e-05,8.0,41.85185185185185,4,0.00510738040253611,0.02131462789497518,-0.01340489143753365
1771084800002,-3.094e-05,8.0,5.9259259259259265,0,0.00029401429913455956,-0.01005098638211821,-0.029377048239858317
1771113600000,-1.068e-05,8.0,12.962962962962962,1,0.01401876523116985,-0.015504453483057845,-0.03287425518594034
1771142400002,4.664e-05,8.0,60.0,5,-0.025760492767696874,-0.03216568241099371,-0.038831991508677555
1771171200000,-2.371e-05,8.0,8.518518518518519,0,-0.004754842465971465,-0.02221436909627561,-0.02083701448612063
1771200000001,2.659e-05,8.0,37.77777777777778,3,-0.002153732870183722,0.0010594037361444375,-0.03418032273978089
1771228800003,-3.277e-05,8.0,5.555555555555555,0,-0.014831580620651375,-0.0018900421321890182,-0.021089428451842473
1771257600000,-4.112e-05,8.0,4.814814814814815,0,0.019571451424643893,-0.002678058289242169,-0.018082818360104058
1771286400008,5.883e-05,8.0,71.48148148148148,7,-0.005093711795344347,-0.018192866186853784,-0.0268146711692131
1771315200001,2.672e-05,8.0,38.88888888888889,3,-0.01116447473199278,-0.005007283720264155,-0.00920364171401955
1771344000002,5.077e-05,8.0,65.18518518518519,6,-0.002024345338538458,-0.0010727552669917984,-0.0010284265369507883
1771372800000,3.215e-05,8.0,45.18518518518518,4,0.008331271748485802,-0.016443299503590136,0.007158020108229524
1771401600000,-1.41e-06,8.0,18.51851851851852,1,-0.006763913843839564,-0.013692371204296894,-0.003750710695769377
1771430400011,3.604e-05,8.0,50.37037037037037,5,-0.0182608618475939,-0.020413114094515628,0.01167393452419696
1771459200013,-4.014e-05,8.0,5.185185185185185,0,0.011371255599367691,0.008693804797714533,0.02314028666954937
1771488000000,2.686e-05,8.0,40.0,3,-0.012576133795883293,0.009990303135021694,0.012336318855561412
1771516800003,-3.052e-05,8.0,7.777777777777778,0,0.010910007912587005,0.020883793692882957,0.021250732367313008
1771545600000,5.365e-05,8.0,67.77777777777779,6,0.012968775443434888,0.015689215494407494,0.010345440611195134
1771574400000,1.302e-05,8.0,26.296296296296294,2,-0.004681015488350648,8.848800545080415e-05,-0.02788552011774803
1771603200000,-6.71e-06,8.0,17.037037037037038,1,0.007401271922286012,0.015956816282502118,-0.027462497258788132
1771632000004,4.456e-05,8.0,60.0,5,-0.0023453006442955004,-0.0008945688781253347,-0.048161057709991906
1771660800000,2.485e-05,8.0,37.03703703703704,3,0.011111635438080025,0.002234124444418173,-0.06931536989137588
1771689600005,3.235e-05,8.0,47.03703703703704,4,-0.007133791861131722,-0.011140061526944467,-0.06366459627329202
1771718400001,7.3e-06,8.0,24.444444444444443,2,0.0007878665604397206,-0.004164647912006214,-0.05721089347013242
1771747200004,4.2e-07,8.0,20.37037037037037,2,-0.004819124640956796,-0.03176060648867529,-0.04377236662428774
1771776000000,4.972e-05,8.0,65.18518518518519,6,-0.0002764272589798056,-0.029769885393553963,-0.002836705400974693
1771804800001,6.946e-05,8.0,82.5925925925926,8,-0.02694533296067414,-0.04332459358700791,0.0016311235528028156
1771833600000,-9.317e-05,8.0,1.1111111111111112,0,-0.004247895016308845,-0.04253356595615565,0.029371159827050075
1771862400000,2.251e-05,8.0,35.18518518518518,3,-0.013552220614001631,-0.02564790127218708,0.026833244457987293
1771891200007,5.706e-05,8.0,70.74074074074073,7,-0.026468333219976437,-0.010393802054027956,0.04235273386054628
1771920000000,-1.193e-05,8.0,14.074074074074074,1,0.01331296722937525,0.030107080495758165,0.07160354547672831
1771948800001,-1.82e-06,8.0,18.88888888888889,1,-0.0002904498224508556,0.05329598086154297,0.03131704940457802
1771977600001,2.375e-05,8.0,35.55555555555556,3,0.015053108403623838,0.0579881287097781,0.027967822555451383
1772006400007,3.3e-07,8.0,19.62962962962963,1,0.037977215824891664,0.044257252203244724,-0.021382285096108733
1772035200000,-9.68e-06,8.0,15.185185185185185,1,0.006165409075410855,-0.000901314911721629,-0.03987873756615323
1772064000000,-1.998e-05,8.0,10.0,0,-0.0003226619166116773,-0.006839253958501823,-0.013416253025876235
1772092800006,-1.128e-05,8.0,14.814814814814813,1,-0.008084326927469299,-0.0022030748735994976,-0.011128843776202935
1772121600002,4.007e-05,8.0,55.925925925925924,5,0.0018005945527557188,-0.018823047016019667,-0.00799125255715638
1772150400007,-9.91e-06,8.0,15.555555555555555,1,0.0041211704183306,-0.024050788716979854,-0.02435479733006296
1772179200000,-8.123e-05,8.0,2.9629629629629632,0,-0.023873879202252146,-0.05801976625896044,-0.025787219948425588
1772208000001,-6.56e-06,8.0,17.77777777777778,1,-0.003537030559883525,-0.020477226580421393,0.04694741846735728
1772236800000,4.041e-05,8.0,56.2962962962963,5,-0.031991174848317594,0.017480121376225455,0.04531855181205824
1772265600000,-3.727e-05,8.0,5.9259259259259265,0,0.016645083311749964,0.05367270215755071,0.06937282694858449
1772294400004,-4.305e-05,8.0,4.814814814814815,0,0.03464122909121259,0.032175688689584536,0.0466566808415918
1772323200005,-6.88e-06,8.0,18.14814814814815,1,0.0025667573547758504,-0.017072372696753546,0.01947478586699769
1772352000000,4.563e-05,8.0,61.48148148148148,6,-0.005269210944227054,-0.018463839537108062,0.03680254090081592
1772380800002,2.948e-05,8.0,45.18518518518518,4,-0.014724470296466174,0.035515745838150536,0.09818609861441407
1772409600001,-2.99e-06,8.0,20.74074074074074,2,0.0002735978112176074,0.0453001975984193,0.10633226934184536
1772438400007,-1.956e-05,8.0,11.481481481481481,1,0.050703561876975334,0.0358877340141015,0.09389739849258438
1772467200000,-1.083e-05,8.0,15.925925925925927,1,-0.0035400383552438575,-0.019310880258637142,0.03595514406391764
1772496000000,-1.86e-06,8.0,21.48148148148148,2,-0.009715907108718058,-0.008526856837184349,0.029687009407742604
1772524800000,1.437e-05,8.0,30.74074074074074,3,-0.006170918592020569,0.021580600651733617,0.041885623697266894
1772553600007,1.481e-05,8.0,31.48148148148148,3,0.007771377935312351,0.08299217250036905,0.011720573032048431
1772582400001,-5.39e-05,8.0,3.7037037037037033,0,0.016900120463917867,0.06667135625958087,-0.0019110091124651118
1772611200005,2.52e-05,8.0,40.370370370370374,4,0.05678100689730714,0.03743799485223964,-0.023254272266369114
1772640000000,4.683e-05,8.0,63.70370370370371,6,-0.009395160960612214,-0.025308606643389853,-0.07588766145803527
1772668800000,3.567e-05,8.0,52.96296296296297,5,-0.00906467021054147,-0.02547985384268281,-0.07438972716567072
1772697600000,4.965e-05,8.0,65.92592592592592,6,-0.007063733255217475,-0.014582832962422465,-0.06538812354313961
1772726400004,1.74e-06,8.0,24.814814814814813,2,-0.0087063736645141,-0.041282850081311606,-0.059911774667125606
1772755200001,1.689e-05,8.0,32.96296296296296,3,0.0015685156138598444,-0.03847875162534076,-0.06808148375082768
1772784000001,-3.061e-05,8.0,9.25925925925926,0,-0.034377184871106525,-0.0446362119127629,-0.047931843298224974
1772812800004,-2.176e-05,8.0,11.851851851851853,1,-0.00580699408498242,-0.009925025838058321,0.0042946648059372095
1772841600001,6.19e-06,8.0,27.037037037037038,2,-0.004845402300538315,-0.01186536242140912,0.004202285267921324
1772870400012,3.525e-05,8.0,52.96296296296297,5,0.0007067419344366499,-0.007538088816362309,0.039466889361689406
1772899200001,-4.217e-05,8.0,5.9259259259259265,0,-0.0077554011355912555,-0.009601363535165386,0.04956379554639456
1772928000001,-4.496e-05,8.0,5.185185185185185,0,-0.00048738664174263757,-0.019149242841880132,0.037329656139808653
1772956800000,-1.115e-05,8.0,17.037037037037038,1,-0.002419786096256593,0.0032130124777183244,0.034392453951277435
1772985600002,-2.868e-05,8.0,11.481481481481481,1,-0.017321076333320917,0.02419591350627126,0.04613346235438609
1773014400000,-5.77e-05,8.0,3.3333333333333335,0,0.023672782666030123,0.036785424671653244,0.06374584119621973
1773043200004,-4.579e-05,8.0,5.555555555555555,0,0.018592875544105825,0.043065055817121056,0.03354505344822467
1773072000003,-3.431e-05,8.0,8.88888888888889,0,-0.0058984444270020475,0.03470314457729762,0.02127538962001685
1773100800012,-2.394e-05,8.0,13.333333333333334,1,0.030101473856591454,0.02073195695402963,0.02852526611299555
1773129600002,1.23e-05,8.0,31.11111111111111,3,0.010427149765722676,-0.011143963083404262,0.016313535564586257
1773158400001,1.738e-05,8.0,37.407407407407405,3,-0.019321404840606293,-0.012838324766489828,0.00988125357342029
1773187200000,-0.00011052,8.0,1.1111111111111112,0,-0.002376749969914438,0.005428273439425313,0.014548460484919978
1773216000007,-5.252e-05,8.0,4.814814814814815,0,0.008695826921751637,0.0020397441491926127,0.012920293516455628
1773244800010,-5.824e-05,8.0,3.7037037037037033,0,-0.0015852822058475269,-0.00014088235042986064,0.0037725162726229833
1773273600000,-7.802e-05,8.0,3.7037037037037033,0,-0.004990018538018726,0.0032402347674054255,0.013891402263604524
1773302400000,-5.392e-05,8.0,5.185185185185185,0,0.005998862951257289,0.025350172347375688,0.023603069745195215
1773331200000,-7.381e-05,8.0,4.074074074074074,0,0.0022591133229321603,0.022714978761203097,0.016833027752787277
1773360000006,-2.789e-05,8.0,15.555555555555555,1,0.01787102891691994,0.006071685983944475,0.03663624900309781
1773388800001,4.263e-05,8.0,61.48148148148148,6,0.004032122905027968,-0.014445530726256983,0.027932960893854775
1773417600000,-6.38e-06,8.0,24.814814814814813,2,-0.014305896763148196,-0.018052878090876856,0.019213718517075096
1773446400001,-3.79e-06,8.0,25.555555555555554,2,-0.0028868164476473224,0.0041853892892467215,0.05501342376713292
1773475200000,-3.988e-05,8.0,10.37037037037037,1,0.00010632265381338435,0.013298837538985087,0.053073433512900614
1773504000007,-4.851e-05,8.0,7.4074074074074066,0,0.007509587234977522,0.01281322435901977,0.04772281017629165
1773532800000,-1.883e-05,8.0,18.88888888888889,1,0.004540791230412511,0.024917433771344255,0.03841894455765571
1773561600000,-6.461e-05,8.0,4.444444444444445,0,-0.0006547459991242954,0.029687414746614627,0.03278906406297866
1773590400000,2.659e-05,8.0,47.40740740740741,4,0.02095299959541541,0.025109440819360618,0.000219791603960795
1773619200000,2.513e-05,8.0,46.666666666666664,4,0.00921593900833706,0.023338086880210662,-0.024116937253181314
1773648000010,7.139e-05,8.0,84.07407407407408,8,-0.005906250000000002,0.010869565217391353,-0.04638179347826088
1773676800000,2.015e-05,8.0,42.96296296296296,4,0.01918882784408038,0.009733027972725239,-0.05243025255070333
1773705600000,2.41e-06,8.0,32.22222222222222,3,-0.004638885166822981,-0.009933002813881875,-0.06361784805038195
1773734400002,-2.505e-05,8.0,17.037037037037038,1,-0.006684139784946308,-0.006840053763440768,-0.048653225806451705
1773763200011,-1.26e-05,8.0,21.85185185185185,2,0.0009837258990537112,-0.03239800440308682,-0.05401020531049605
1773792000002,-6.569e-05,8.0,4.444444444444445,0,-0.001139568018557413,-0.037770664301916446,-0.047034554730356226
1773820800002,-4.813e-05,8.0,8.88888888888889,0,-0.03224610271061079,-0.050138649986263606,-0.04372921772716887
1773849600005,2.418e-05,8.0,46.666666666666664,4,-0.004574287775981456,-0.02961610104547141,-0.0126810276834608
1773878400000,-9.74e-06,8.0,25.555555555555554,2,-0.013781242447575726,-0.018083665405821625,-0.03415522445102659
1773907200003,-3.012e-05,8.0,16.296296296296298,1,-0.011336970320418582,0.008461765330270987,-0.01981440822496694
1773936000003,1.205e-05,8.0,36.666666666666664,3,0.007544249509299439,0.007502457105140969,-0.008718760177891527
1773964800002,6.25e-06,8.0,35.55555555555556,3,0.012388059061047674,0.00832307073966465,-0.029037061193664893
1773993600000,7.53e-06,8.0,36.666666666666664,3,-0.012777047929821594,-0.0018349790227570884,-0.034381489172352286
1774022400000,-2.23e-06,8.0,29.629629629629626,2,0.008778519456547507,0.009669964871613201,0.003913488298884715
1774051200000,-1.493e-05,8.0,21.85185185185185,2,0.002285106382978741,-0.02498723404255332,0.00766808510638306
1774080000000,-7.38e-06,8.0,27.037037037037038,2,-0.0013982233506130148,-0.025489272032278132,0.008307258166091458
1774108800014,1.093e-05,8.0,38.51851851851852,3,-0.032072927525721884,-0.02572179667316321,-0.011605969269818384
1774137600012,8.06e-06,8.0,38.148148148148145,3,0.006707913113209285,-0.006631819857998211,0.03164747750858976
1774166400007,-4.425e-05,8.0,10.0,0,-0.00014535813336902237,-0.0060221874654774465,0.03131450267168234
1774195200002,-6.837e-05,8.0,4.444444444444445,0,-0.013107394570956776,0.02056098950943208,0.029700983926868485
1774224000000,-2.079e-05,8.0,20.74074074074074,2,0.006319945589287501,0.04582512608975997,0.04964535874855369
1774252800003,-2.863e-05,8.0,18.14814814814815,1,0.02659499015081601,0.04031511538973387,0.024660250682569718
1774281600002,1.6e-06,8.0,35.92592592592593,3,0.01071226597188879,-0.005950150926140929,-0.01710401296867936
1774310400000,4.229e-05,8.0,68.14814814814815,6,0.0029208649701719658,-0.007701230000872861,-0.03242512028333089
1774339200000,3.675e-05,8.0,64.81481481481481,6,-0.02018018726113402,-0.004599420896838069,-0.03885577299605192
1774368000003,3.056e-05,8.0,59.25925925925925,5,0.010284857743092068,0.014995228009435202,-0.05486212816448888
1774396800000,2.31e-05,8.0,50.74074074074074,5,0.006055877492251005,0.01144218970543398,-0.05915155298006203
1774425600000,1.074e-05,8.0,40.74074074074074,4,-0.001421311780531287,-0.012067049819233788,-0.06291701682449613
1774454400013,4.721e-05,8.0,74.81481481481481,7,0.006500199072126067,-0.025828549484248065,-0.054566940473198766
1774483200001,2.448e-05,8.0,52.59259259259259,5,-0.017133078034479277,-0.03600415211322916,-0.06860385192666463
1774512000001,1.379e-05,8.0,43.333333333333336,4,-0.015248131804143528,-0.02220998007638353,-0.048975560744195734
1774540800000,-2.103e-05,8.0,21.11111111111111,2,-0.0036946312615954158,-0.04336734693877553,-0.03628971474953613
1774569600006,2.925e-05,8.0,60.0,5,-0.003068872840402692,-0.03503520691245776,-0.040558886998834476
1774598400000,-6.298e-05,8.0,5.555555555555555,0,-0.03621073106336614,-0.029518236791341024,-0.012113078766408103
1774627200000,-5.841e-05,8.0,5.9259259259259265,0,0.004904545454545328,0.015027272727272667,0.023480303030303018
1774656000005,-8.088e-05,8.0,3.7037037037037033,0,0.0022091666088615014,0.0012621654959843465,0.005479939560820712
1774684800005,-7.604e-05,8.0,4.444444444444445,0,0.007562318408813384,0.002631614583568309,0.012001005099223416
1774713600000,-1.73e-06,8.0,35.18518518518518,3,-0.00971014362951883,-0.007515845222848205,-0.0032496514498788764
1774742400003,-3.68e-05,8.0,14.814814814814813,1,0.0035799109314544886,-0.006977588281627756,0.02596903836393416
1774771200001,-1.2e-07,8.0,36.2962962962963,3,-0.002069451947895984,0.014993396962602823,0.030016807731556572
1774800000000,2.677e-05,8.0,58.88888888888889,5,-0.006992207651571936,0.015963710908535766,0.03566792954549891
1774828800000,3e-06,8.0,40.370370370370374,4,0.024639748937497874,0.010020689634281377,0.03074818927834677
1774857600005,4.92e-06,8.0,41.11111111111111,4,-0.0018599809862039907,-0.005565157736145965,-0.01202334290922924
1774886400000,7.58e-06,8.0,43.333333333333336,4,-0.012800945081917425,-0.011481916277940374,-0.011572220157898494
1774915200000,1.16e-06,8.0,37.77777777777778,3,0.009510384644222825,0.022283871935217858,0.0032061183174627583
1774944000000,-1.921e-05,8.0,24.444444444444443,2,-0.008097244174024465,0.020263164149306734,-0.0045796741494255055
1774972800000,-2.763e-05,8.0,21.11111111111111,2,0.020919787762021302,0.031235164532356086,0.0003878749395349601
1775001600000,-3.449e-05,8.0,15.555555555555555,1,0.007514925701544772,-0.0017236068122808978,-0.018582681785510036
1775030400000,-4.61e-06,8.0,34.074074074074076,3,0.0025697658673942136,-0.02680418675282059,-0.024553275687103082
1775059200000,5.77e-06,8.0,43.333333333333336,4,-0.011709299184720301,-0.030377665924095076,-0.021877786458862736
1775088000003,3.521e-05,8.0,69.62962962962963,6,-0.01843936002068247,-0.016839705510802383,-0.011754302468374056
1775116800001,8.45e-06,8.0,46.2962962962963,4,-2.5440761187489613e-05,0.0029660934513986437,-0.0003277368647104373
1775145600001,-7.398e-05,8.0,4.814814814814815,0,0.0016551881018016523,0.00012720704218183165,0.007473787866543402
1775174400000,-8.31e-06,8.0,32.22222222222222,3,0.0016756653333092064,8.071893666250496e-05,0.03294677931442713
1775203200008,-5.99e-06,8.0,34.44444444444444,3,-0.0028558596600125608,-0.00043867436783906477,0.0323872987357523
1775232000008,3.51e-06,8.0,44.074074074074076,4,0.0010220159901359605,0.007849920767574403,0.046258568549141454
1775260800000,3.761e-05,8.0,73.33333333333333,7,0.0013855632381822858,0.005271716872782273,0.028989211439640616
1775289600003,4.115e-05,8.0,76.29629629629629,7,0.005412691612417975,-0.002846663790645576,0.024521314152561535
1775318400000,1.651e-05,8.0,52.96296296296297,5,-0.0014312587504993202,-0.000610215089683841,0.011981595556565194
1775347200008,2.407e-05,8.0,58.88888888888889,5,-0.0070900902239993124,0.033299641779508615,0.06895521500661461
1775376000000,3.812e-05,8.0,74.44444444444444,7,0.007936246484841813,0.035256400657660336,0.07281431279592465
1775404800001,1.889e-05,8.0,56.2962962962963,5,0.03264576735452973,0.03862916594869836,0.05877040267618927
1775433600004,7.073e-05,8.0,92.5925925925926,9,-0.004698111117664272,-0.009604803408647888,0.02116739286479774
1775462400001,5.544e-05,8.0,84.81481481481481,8,0.010541879183185054,-0.00805455068383476,0.02456544015308415
1775491200003,4.23e-06,8.0,44.074074074074076,4,-0.015310332794146508,-0.024588065520501412,0.03283319102804483
1775520000000,-3.15e-06,8.0,35.92592592592593,3,-0.0039059492734991874,0.04456181175619567,0.04227111558501373
1775548800000,3.703e-05,8.0,74.07407407407408,7,-0.006044494479021445,0.04477009047055169,0.042136469956893796
1775577600000,7.393e-05,8.0,94.81481481481482,9,0.05503496903622773,0.0459974501285938,0.06281515779713409
1775606400000,6.02e-05,8.0,87.77777777777777,8,-0.0037073347100256004,-0.012776815947379783,0.013790562010248753
1775635200000,1.563e-05,8.0,53.333333333333336,5,-0.00487683003256334,-0.010196120030874445,0.01455511836850909
1775664000006,4.048e-05,8.0,77.03703703703704,7,-0.004029406812952385,0.013185363937370242,0.021204893652842394
1775692800000,-1.47e-06,8.0,38.51851851851852,3,-0.0011029303012844993,0.010720820591413105,0.027881739953544704
1775721600010,5.239e-05,8.0,85.18518518518519,8,0.018696466658391087,0.007751402164468013,0.010513412253281063
1775750400001,-1.986e-05,8.0,24.814814814814813,2,-0.005548647248939997,0.0018707817402838778,-0.01892522135045238
1775779200000,4.11e-06,8.0,44.44444444444444,4,-0.004034629524847455,0.01601866381989514,-0.01596431129779885
1775808000005,2.458e-05,8.0,61.85185185185185,6,0.012751977536362702,0.01731945313473293,-0.009666866834919907
1775836800000,-2.187e-05,8.0,23.333333333333332,2,0.006369250902103385,0.005248351090116454,-0.008032655179744386
1775865600000,-7.225e-05,8.0,5.555555555555555,0,-0.002955974497690139,0.0009450888301201221,0.020828989673978615
1775894400000,-6.083e-05,8.0,7.4074074074074066,0,0.0018476303418597517,-0.014398584629861655,0.024976715455297116
1775923200003,-6.755e-05,8.0,6.296296296296296,0,0.0024358611517927287,-0.02662960897078326,0.035205269043818044
1775952000000,-8.108e-05,8.0,3.7037037037037033,0,-0.01823984783225374,-0.03239320233349463,0.01672557045775025
1775980800000,-3.69e-05,8.0,16.666666666666664,1,-0.011430589424227255,-0.01248584960309096,0.027944852884726812
1776009600000,-3.35e-06,8.0,38.148148148148145,3,-0.003020239416454129,0.014652185331718082,0.04143757183482011
1776038400011,-2.34e-06,8.0,39.25925925925926,3,0.0018266702350457908,0.05405386269953549,0.05901560882635715
1776067200006,-1.83e-06,8.0,40.370370370370374,4,0.015540789802867216,0.05282737779737756,0.055859209914444374
1776096000000,-5.409e-05,8.0,10.0,0,0.03564992436671921,0.04791406612032589,0.03974121867689773
1776124800005,-5.854e-05,8.0,8.518518518518519,0,0.000660956290906789,-0.002250206884692685,0.007991928810171078
1776153600003,2.732e-05,8.0,68.88888888888889,6,0.011587287949005542,-0.011028799733644123,0.0068710160726463965
1776182400001,-5.234e-05,8.0,11.851851851851853,1,-0.014330476881853738,-0.019907126618615267,0.03189652541012
1776211200000,-9.313e-05,8.0,1.8518518518518516,0,-0.007406399020926657,0.007825578292174562,0.03872219062278437
1776240000000,-5.085e-05,8.0,12.592592592592592,1,0.0015452907332795807,0.013579004686114615,0.04511624306961548
1776268800000,-7.151e-05,8.0,6.666666666666667,0,0.013779049824490963,0.012999461745273999,0.030311740325312142
1776297600013,-3.418e-05,8.0,20.74074074074074,2,-0.001159276889340477,0.0032692410547146,0.011980531636091252
1776326400000,-2.841e-05,8.0,25.555555555555554,2,0.0009726284144147002,0.004837687609437369,0.0068834225802516524
1776355200000,-2.225e-05,8.0,27.77777777777778,2,0.004707176671034263,0.03959408798953912,0.013543338280977313
1776384000001,3.297e-05,8.0,73.33333333333333,7,-0.0004518042181720361,0.028077166561156774,-0.016711425049145245
1776412800011,2.781e-05,8.0,69.62962962962963,6,0.03673001896035388,0.02622715624024985,-0.0038307381737793245
1776441600001,-0.00010789,8.0,1.4814814814814816,0,-0.007898057059957608,-0.02253151956251387,-0.02769400141215872
1776470400001,-8.098e-05,8.0,4.814814814814815,0,-0.0022504770596530888,-0.01886459802538787,-0.017203963743466222
1776499200006,-7.082e-05,8.0,7.777777777777778,0,-0.01252767470142524,-0.023452035714656927,-0.011141341066658317
1776528000000,-4.586e-05,8.0,16.296296296296298,1,-0.004489910859741708,-0.0034871816466339745,-0.0015527827709540531
1776556800002,-8.395e-05,8.0,3.7037037037037033,0,-0.006915596427250037,-0.025175730669626306,0.008185349611542714
1776585600010,-7.219e-05,8.0,7.777777777777778,0,0.007401484288310556,-0.00597786606280426,0.03925593994725962
1776614400001,-0.00012276,8.0,1.1111111111111112,0,-0.025599304778721632,-0.001543908955596307,0.04692083273351133
1776643200000,-4.615e-05,8.0,17.40740740740741,1,0.01318314378950336,0.027049295850995803,0.06049230802588923
1776672000000,-4.778e-05,8.0,17.40740740740741,1,0.010606709111337098,0.017295757316355465,0.043337702637633146
1776700800001,-2.745e-05,8.0,30.0,2,0.0028055555555557277,0.0034550264550263776,0.0368478835978836
1776729600000,-7.937e-05,8.0,6.296296296296296,0,0.0035612873941774925,0.006668672282390764,0.03256090738277706
1776758400004,-5.824e-05,8.0,12.592592592592592,1,-0.0032440699478768487,0.026317829508291535,0.01915170658576404
1776787200004,-4.242e-05,8.0,21.11111111111111,2,0.005830384966227786,0.04492942373703568,0.02685167121005194
1776816000004,-2.237e-05,8.0,32.592592592592595,3,0.023689607947210867,0.025658062867365272,0.014920678605830684
1776844800000,3.56e-05,8.0,79.62962962962963,7,0.01612630348518862,-0.00022429686138192295,-0.007196725009484539
1776873600000,-7.49e-06,8.0,42.96296296296296,4,-0.012926369642708546,-0.011922330782872748,-0.02449047550574046
1776902400000,-7.87e-05,8.0,6.666666666666667,0,-0.0032061849083124816,-1.2778736183660655e-06,-0.008984729410261405
1776931200000,-3.553e-05,8.0,24.444444444444443,2,0.004236956775349077,-0.005312541263856718,0.000593558543717343
1776960000004,-6.696e-05,8.0,10.74074074074074,1,-0.001826863828478853,-0.006219246622789609,-0.0051846191333367875
1776988800006,-3.829e-05,8.0,23.703703703703706,2,-0.008650030354347082,-0.010231012557114116,0.006024858612646566
1777017600000,-7.865e-05,8.0,7.037037037037037,0,0.004683611355631001,-0.0016703247982656766,0.00020492410719485932
1777046400000,-3.152e-05,8.0,28.51851851851852,2,-0.007319785871248263,-0.007888076292027035,-0.01603656557596822
1777075200000,-1.077e-05,8.0,43.333333333333336,4,0.0010028107130166664,0.0021891254482602207,-0.0014124640584112225
1777104000002,-6.235e-05,8.0,12.592592592592592,1,-0.0014200859539298394,0.007771743129688646,-0.008197768915867654
1777132800002,-5.699e-05,8.0,15.555555555555555,1,0.002757591780747415,0.008134443265102487,-0.016867463649045233
1777161600003,2.41e-06,8.0,57.03703703703704,5,0.0064295788993262715,0.01483302691733468,-0.01610424504340957
1777190400007,1.53e-06,8.0,56.2962962962963,5,-0.0010606939859419962,-0.006172009208053608,-0.013051147740068547
1777219200004,1.95e-06,8.0,57.407407407407405,5,0.009420448760119493,-0.01630047974270099,-0.026571154139624187
1777248000004,2.49e-06,8.0,58.51851851851851,5,-0.014401522475699813,-0.01796251996153153,-0.03727550026107196
1777276800000,-8.659e-05,8.0,3.7037037037037033,0,-0.011630603977032639,-0.010122980815817528,-0.019916088529693843
1777305600002,-5.678e-05,8.0,16.296296296296298,1,0.007714950943966903,-0.008640536474588179,-0.00485997585655773
1777334400001,-3.951e-05,8.0,25.555555555555554,2,-0.006143596377748972,-0.012751617076325994,-0.012041397153945699
1777363200000,-3.204e-05,8.0,30.37037037037037,3,-0.010532413434001686,0.002668575891694891,0.0031541265295496057
1777392000004,5.242e-05,8.0,94.44444444444444,9,0.003536045572776425,-0.001816020429900922,0.03344844001083569
1777420800006,1.305e-05,8.0,68.51851851851852,6,0.009552600233508013,-0.00700392980083675,0.024798759865451103
1777449600011,-2.84e-05,8.0,34.81481481481482,3,-0.01474495510965912,-0.012971926176578719,0.014389310945922551
1777478400003,3.571e-05,8.0,86.29629629629629,8,-0.0016796803469495414,0.005639773776698664,0.03336437997399444
1777507200002,-4.22e-05,8.0,24.074074074074073,2,0.0034850976117644095,0.0077777983050890676,0.038333434503653896
1777536000000,-1.837e-05,8.0,42.22222222222222,4,0.004471469892190383,0.013177754404417596,0.029943465684985515
1777564800000,-2.904e-05,8.0,34.074074074074076,3,-0.0008494753279120193,0.027369074124248494,0.02919237016705467
1777593600000,-3.746e-05,8.0,26.666666666666668,2,0.00952509458284001,0.024288925685660212,0.027341252790324955
1777622400005,-1.81e-05,8.0,43.333333333333336,4,0.019616746889474124,0.013945794465274997,0.03388689232845077
1777651200000,-3.143e-05,8.0,31.851851851851855,3,-0.003845021919682612,-0.0008969169753004769,0.019576741821684118
1777680000006,-8.22e-06,8.0,50.37037037037037,5,-0.0007019849936323874,0.006110721829815313,0.020760343090370448
1777708800000,-5.103e-05,8.0,18.51851851851852,1,0.003620526812886826,0.0025557412673506974,0.03446347350450085
1777737600010,-2.54e-05,8.0,37.77777777777778,3,0.0031208606844221887,0.002493628880199994,0.03901330827805771
1777766400005,2.29e-05,8.0,76.66666666666667,7,-0.0043820463190430425,-0.002869681145127312,0.028122366864206105
1777795200003,-1.398e-05,8.0,45.55555555555556,4,0.003773300706281235,0.01721983306080288,0.03867888521685647
1777824000000,7.03e-06,8.0,66.66666666666666,6,-0.0026465590916489035,0.01777048062835762,0.038509278853980033
1777852800000,4.304e-05,8.0,91.85185185185185,9,0.01582458050835034,0.017585559209561508,0.038063152955218005
1777881600000,-1.58e-06,8.0,57.407407407407405,5,0.004574251882610847,0.014654175762239152,0.022060346483261384
1777910400003,-3.16e-05,8.0,31.11111111111111,3,-0.0014459760338229044,0.019439371575813658,-0.0014422235008630935
1777939200000,-3.83e-06,8.0,53.70370370370371,5,0.012898269955163633,0.013638858466142212,0.0023746450563524313
1777968000011,-4.626e-05,8.0,21.11111111111111,2,0.00829023877273305,0.006680687863417134,-0.014891748113324277
1777996800000,-8.24e-05,8.0,5.185185185185185,0,-0.007320248925279493,0.0021120114669581636,-0.016460435680599073
1778025600010,-9.153e-05,8.0,2.9629629629629632,0,0.005840724373435524,0.006223925337618619,-0.009335269940356605
1778054400000,-6.15e-05,8.0,14.074074074074074,1,0.004174921205279514,0.0012518614983725307,-0.013903286935755266
1778083200002,-3.756e-05,8.0,28.14814814814815,2,-0.0030776842783363234,-0.02230923072589508,-0.014603385330235752
1778112000000,-5.856e-05,8.0,14.814814814814813,1,0.00016460440279919553,-0.017398931054094735,-0.009302605540289388
1778140800000,-4.568e-05,8.0,23.703703703703706,2,-0.01961663311663986,-0.021910889982522885,-0.009055436762395841
1778169600004,-3.014e-05,8.0,35.55555555555556,3,0.001970419901115683,0.0030301625815634115,0.019939697384590227
1778198400003,-7.406e-05,8.0,8.518518518518519,0,-0.00452192828924336,0.0019290393559034946,0.027750412561884152
1778227200002,2.415e-05,8.0,78.51851851851852,7,0.005604932038786314,0.0072965841687984145,0.013598522096342602
1778256000003,-1.542e-05,8.0,45.55555555555556,4,0.0008704600574978016,0.004836860549051636,0.016077909297312676
1778284800000,1.841e-05,8.0,75.18518518518519,7,0.0004291743757947053,0.00618934325092102,0.018437031760151434
1778313600001,-3.792e-05,8.0,27.40740740740741,2,0.003149339274604479,0.005935868680282175,0.007907010957855398
1778342400002,3.645e-05,8.0,88.51851851851852,8,0.002417353240558251,0.011963723544274885,-0.001906539779442884
1778371200003,9e-07,8.0,60.370370370370374,6,0.0003595588089428947,0.019258713721756138,-0.00243384117915435
1778400000000,4.626e-05,8.0,93.33333333333333,9,0.009006809331287613,0.0003879360562395462,0.004290845452720182
1778428800000,5.764e-05,8.0,97.4074074074074,9,0.010351295478079559,-0.0005466152234182564,-0.029708844479984786
1778457600000,5.798e-05,8.0,97.4074074074074,9,-0.018699667366946837,-0.007551110722066712,-0.03471857492997199
1778486400000,2.592e-05,8.0,79.25925925925927,7,0.008064206396108942,0.001832379975394982,-0.012272857360555056
1778515200000,4.555e-05,8.0,91.85185185185185,9,0.0032704238646306116,-0.013486043241861423,0.0009524909789886404
1778544000002,-1.15e-06,8.0,57.407407407407405,5,-0.010207504848472992,-0.01490170822967063,-0.00785795443414894
1778572800008,3.877e-05,8.0,88.51851851851852,8,-0.006617888089656909,0.0020150541491683605,-0.002057111755719543
1778601600000,5.822e-05,8.0,97.4074074074074,9,0.002705925004017784,-0.01590665306229233,-0.014331934275423897
1778630400010,5.367e-05,8.0,95.55555555555556,9,0.006789869509719715,-0.013976218677796304,-0.017399118298841332
1778659200003,5.437e-05,8.0,95.55555555555556,9,-0.025796129592960293,-0.01606702845771346,-0.03271797581365932
1778688000001,1.749e-05,8.0,71.85185185185186,7,0.005306989309989962,0.030423950893875285,-0.009220070252981771
1778716800005,3.928e-05,8.0,87.4074074074074,8,0.004655026369659199,0.021425978400072543,-0.014611715590872154
1778745600000,2.928e-05,8.0,80.74074074074075,8,0.021561861469743704,0.012742696374120177,-0.020183357353673603
1778774400000,4.094e-05,8.0,88.88888888888889,8,-0.004703897567749804,-0.02854999379935208,-0.04185621618037638
1778803200000,-4.239e-05,8.0,22.59259259259259,2,-0.003947693066864044,-0.024839624969158702,-0.04510239328892174
1778832000016,-1.893e-05,8.0,41.11111111111111,4,-0.018958738249176932,-0.02877092340644949,-0.0448018721986434
1778860800012,1.548e-05,8.0,69.62962962962963,6,-0.0011055559556615302,-0.012110575811446478,-0.03563680654792367
1778889600005,3.938e-05,8.0,87.4074074074074,8,-0.008906097027253201,-0.011179106025687391,-0.02633502913043806
1778918400000,-2.1e-06,8.0,52.96296296296297,5,-0.002876275510204085,-0.003635204081632648,-0.015492346938775547
1778947200005,4.955e-05,8.0,92.96296296296296,9,-0.00016370966091638905,-0.0016780240243926547,-0.021342368060245143
1778976000000,4.037e-05,8.0,87.77777777777777,8,-0.00042611291608396495,-0.009524199502740305,-0.01754740666143728
1779004800010,1.176e-05,8.0,66.2962962962963,6,-0.0007425045446398659,-0.013482858386460794,-0.011131167268351394
1779033600009,4.8e-07,8.0,56.666666666666664,5,-0.009941580403812655,-0.022173823921287306,-0.00730373065491452
1779062400007,-1.131e-05,8.0,42.96296296296296,4,-0.002836438923395357,-0.003931159420289876,0.002683747412008275
1779091200002,5.778e-05,8.0,97.4074074074074,9,-0.009545709361958421,0.0013638581483710333,0.01027630131013435
1779120000007,7.178e-05,8.0,99.62962962962963,9,0.008529293077515598,0.0025325842578860502,0.012281657958315373
1779148800001,5.164e-05,8.0,93.7037037037037,9,0.0024643980866811965,-0.002250046118150717,0.007245096536331985
1779177600001,4.809e-05,8.0,92.22222222222223,9,-0.008389716182925278,0.0010185846338863769,0.00316979391155936
1779206400009,5.563e-05,8.0,95.92592592592592,9,0.003718055110855545,0.01264269425040987,0.0040277841306350926
1779235200001,3.254e-05,8.0,80.74074074074075,8,0.005748473366925744,0.008911110243089437,-0.01686652865122451
1779264000006,7.983e-05,8.0,100.0,9,0.0031251415958417628,0.007873699745613028,-0.034634181074380765
1779292800000,6.858e-05,8.0,97.77777777777777,9,0.0003511943189153932,-0.0021446094254358172,-0.024209167204648163
1779321600001,1.925e-05,8.0,71.11111111111111,7,0.004714314843445644,0.000600097564249058,-0.010313934910707978
1779350400000,4.003e-05,8.0,85.55555555555556,8,-0.007637518345837813,-0.005909189547334437,-0.014272195093138484
1779379200000,6.13e-05,8.0,97.4074074074074,9,0.0035078457479502667,-0.006754317522795872,-0.011949448720884992
1779408000000,3.564e-05,8.0,81.11111111111111,8,-0.001760041261040568,-0.026742311907678395,-0.0062690993488491165
1779436800004,-8.2e-06,8.0,45.925925925925924,4,-0.007541612571937972,-0.036704323056949706,-0.0011290458012801485
1779465600001,2.891e-05,8.0,77.4074074074074,7,-0.017169812057526768,-0.016616618961897256,0.009660703895911116
1779494400009,1.783e-05,8.0,70.0,6,-0.012427888053653025,0.01563551218685255,0.02300298248123367
1779523200001,1.025e-05,8.0,64.07407407407408,6,0.013154224532380798,0.029356624450845636,0.028227471932111392
1779552000003,7.441e-05,8.0,99.62962962962963,9,0.01506417595741083,0.010772983755150456,0.011440090747728782
1779580800011,9.044e-05,8.0,100.0,9,0.0009140910857212692,0.004887322951901307,-0.009946771472012728
1779609600008,6.29e-05,8.0,97.03703703703704,9,-0.005136903761547629,0.007358161918646022,-0.010478345664247435
1779638400000,6.265e-05,8.0,96.66666666666667,9,0.009277059837297985,0.015921865260003942,-0.013446760362700982
1779667200001,6.549e-05,8.0,97.03703703703704,9,0.003375160582899772,0.002355215862346327,-0.03347910151434541
1779696000001,3.527e-05,8.0,80.0,7,0.0031788689279139692,-0.008393352051327518,-0.05152405943372673
1779724800001,1.426e-05,8.0,65.92592592592592,6,-0.004182088440083498,-0.014883542244378822,-0.061179158141987156
1779753600000,8.058e-05,8.0,99.62962962962963,9,-0.007877326392213058,-0.017886666890907676,-0.046835744354949305
1779782400003,3.852e-05,8.0,82.96296296296296,8,-0.003387062906509697,-0.009391698109270319,-0.03914490029879725
1779811200000,5.776e-05,8.0,93.7037037037037,9,-0.00687720840544781,-0.014485700717809302,-0.0349132467043165
1779840000000,0.0001,8.0,100.0,9,9.747718506969427e-05,-0.018759089088878023,-0.032561331591038356
1779868800004,8.948e-05,8.0,99.25925925925925,9,-0.008111488532532962,-0.0344274165942543,-0.032168154409247696
1779897600009,9.914e-05,8.0,99.62962962962963,9,-0.011347542206512129,-0.033377622683934516,-0.019593060066712686
1779926400001,0.0001,8.0,99.62962962962963,9,-0.015357866895801653,-0.010870936992333768,-0.008349556274586112
1779955200000,5.011e-05,8.0,88.88888888888889,8,-0.007546460451234749,0.0022516785425796826,0.005894139778428453
1779984000001,0.0001,8.0,99.25925925925925,9,0.011672088466191388,0.013416035801728343,0.011165382508070865
1780012800000,0.0001,8.0,98.88888888888889,9,-0.0013613382647348349,-0.00317871806182346,-0.0002443079637609591
1780041600001,5.391e-05,8.0,89.62962962962962,8,0.0017319848464900645,-0.0021989149304966205,-0.012099461537312894
1780070400008,6.702e-05,8.0,94.44444444444444,9,-0.004978299546207876,0.0008333299458131993,-0.036526951787458795
1780099200000,3.464e-05,8.0,75.18518518518519,7,0.0009340538891906558,0.0060509263608796715,-0.02875279297090405
1780128000001,4.732e-05,8.0,85.92592592592592,8,0.004776175441126407,0.004899966943587852,-0.04628305811262856
1780156800000,6.214e-05,8.0,92.96296296296296,9,0.00035742669029636964,-0.0034118002255578705,-0.0892971014590862
1780185600000,4.432e-05,8.0,83.7037037037037,8,-0.0005833176563891929,-0.0030884707468225026,-0.09563432073267941
1780214400000,5.663e-05,8.0,90.0,8,-0.003186421214279811,-0.014312488658615674,-0.09035731793523172
1780243200004,5.988e-05,8.0,91.85185185185185,9,-2.5802456393719808e-05,-0.03438245215681357,-0.10496167656213506
1780272000001,5.703e-05,8.0,89.62962962962962,8,-0.011586959916886741,-0.031030291507377572,-0.12636875377710177
1780300800001,4.438e-05,8.0,82.5925925925926,8,-0.023037511009009193,-0.03672509284665171,-0.1275932141910079
1780329600000,0.0001,8.0,98.51851851851852,9,0.0027891336253678123,-0.054369830121518525,-0.10246832702591746
1780358400000,0.0001,8.0,98.14814814814815,9,-0.017613512104032503,-0.06322723729735491,-0.10631613478458357
1780387200000,5.99e-05,8.0,91.11111111111111,9,-0.04009264333173501,-0.04142692421855376,-0.10025230038587118
1780416000000,8.345e-05,8.0,96.66666666666667,9,-0.006603662788018272,-0.0177059036031737,-0.10537465602825802
1780444800013,7.165e-05,8.0,94.44444444444444,9,0.0062992267496977394,-0.036553786799780164,-0.08378001530625245
1780473600000,5.229e-05,8.0,84.44444444444444,8,-0.016338604363114517,-0.05445109732895448,-0.09343895242377054
1780502400001,0.0001,8.0,97.77777777777777,9,-0.023942683219183136,-0.03205102917123104,-0.07758612841653578
1780531200009,2.705e-05,8.0,68.14814814814815,6,-0.012972295715489301,-0.009493326534990243,-0.054020401247330097
1780560000000,1.519e-05,8.0,60.0,5,0.005190932478516874,-0.007314853592717219,-0.018065137779345264
1780588800003,-1.077e-05,8.0,39.62962962962963,3,-0.0011960184967474419,-0.05666431538521832,-0.02741280664628898
1780617600000,1.315e-05,8.0,58.88888888888889,5,-0.010947811614186564,-0.040503295010502316,-0.008139875980228362
1780646400004,-1.431e-05,8.0,37.77777777777778,3,-0.04511650416114621,-0.03359699159837204,0.0011947924187010184
1780675200009,-8.63e-06,8.0,40.74074074074074,4,0.016550321451775485,0.01019938484648586,0.05840302691421262
1780704000000,-1.234e-05,8.0,38.51851851851852,3,-0.0044174940612334845,-0.005091071986188411,0.03088158598173174
1780732800000,2.675e-05,8.0,67.77777777777779,6,-0.0023006550544619753,0.024164267756179747,0.03670209883456477
1780761600000,-5.11e-06,8.0,42.96296296296296,4,0.0016278334836623554,0.021306677902942273,0.0069870102509068666
1780790400001,-2.828e-05,8.0,29.629629629629626,2,0.02429244934211705,0.03867434182958318,0.013371281897910148
1780819200000,4.07e-06,8.0,52.22222222222223,5,-0.005084403340217314,0.013171987839762034,-0.0119020895598968
1780848000000,2.742e-05,8.0,68.88888888888889,6,0.018999163579107803,0.02607248014104746,0.007871059031331118
1780876800000,3.533e-05,8.0,72.5925925925926,7,-0.0006373657657088305,-0.002755064922741135,-0.02655427098325136
1780905600005,3.454e-05,8.0,71.11111111111111,7,0.009445504510386948,0.00026941875281294436,-0.006022301533468166
1780934400004,1.22e-06,8.0,48.148148148148145,4,-0.009881497390681782,-0.040017395454574056,-0.0151974729491261
1780963200000,-1.565e-05,8.0,34.81481481481482,3,0.0012037148638961437,-0.02146069767884451,0.008427589969359994
1780992000000,3.041e-05,8.0,69.62962962962963,6,-0.03089780407947318,-0.023852103651630596,-0.0007825035996749108
1781020800001,6.06e-06,8.0,52.96296296296297,5,0.00853859375689936,0.022045631841219215,0.03979988846349469
1781049600001,3.65e-06,8.0,50.74074074074074,5,-0.0007653888564571609,-0.0012048388142960054,0.030562041901796677
1781078400011,-3.385e-05,8.0,23.333333333333332,2,0.014168916989068636,0.01781865863474663,0.03503849349570265
1781107200009,2.542e-05,8.0,65.18518518518519,6,-0.01440460588953485,0.0037267637321403146,0.027901923227706904
1781136000000,-8.11e-06,8.0,38.51851851851852,3,0.01921689683184402,0.03308204711616569,0.04607311129163283
1781164800004,2.525e-05,8.0,64.81481481481481,6,0.00012755346084425412,0.006224608889200622,0.026459371033884516
1781193600000,2.736e-05,8.0,67.77777777777779,6,0.013169279011850055,0.013763609450013314,0.020253442894086593
1781222400000,-1.303e-05,8.0,34.44444444444444,3,-0.007940402162733284,-0.000627494645064397,0.033467953738389955
1781251200000,2.446e-05,8.0,63.33333333333333,6,0.008595257231540865,0.011455058789213268,0.04038280758322976
1781280000000,8.4e-06,8.0,53.70370370370371,5,-0.00121338813488725,0.009304738029187298,0.055344330318199964
1781308800000,5.357e-05,8.0,84.81481481481481,8,0.004053737196343388,0.013210839970226429,0.04312131469495473
1781337600007,6e-07,8.0,44.44444444444444,4,0.0071762420449075215,0.009382266199853051,0.04101292099862186
1781366400002,9.38e-06,8.0,53.70370370370371,5,0.002107799793267473,-0.0033002478299314353,0.02572325242537077
1781395200005,-4.51e-05,8.0,16.296296296296298,1,8.2332654995243e-05,0.020923368493001693,0.020485296630574856
1781424000009,-4.657e-05,8.0,14.814814814814813,1,-0.005478554109070943,0.019247168688828253,0.01765501729620067
1781452800000,-3.265e-05,8.0,22.59259259259259,2,0.02629203445841699,0.048631283694721805,0.027022932713631542
1781481600013,2.808e-05,8.0,68.51851851851852,6,-0.0015596493603915462,0.008615350905890162,-0.018254744757676078
1781510400013,6.21e-06,8.0,51.85185185185185,5,0.02311734387525277,0.011861183161783417,-0.018249732540454144
1781539200004,-6.079e-05,8.0,10.37037037037037,1,-0.012634376168366934,-0.01853448982114958,-0.06877706328955546
1781568000000,-4.28e-06,8.0,40.0,3,0.0009504197687311144,-0.009170796466852149,-0.05104055878647995
1781596800000,-1.11e-05,8.0,34.81481481481482,3,-0.0069570983956172006,-0.012925493033104973,-0.05679922230009271
1781625600001,2.46e-06,8.0,47.77777777777778,4,-0.003009561390195814,-0.0018621945667020023,-0.04031567764455912
1781654400012,1.957e-05,8.0,61.85185185185185,6,-0.0026913597912673337,-0.017833303141797208,-0.032489644810531515
1781683200000,-6.685e-05,8.0,8.518518518518519,0,0.004110431977084161,-0.016412716687101758,-0.028887541818148565
1781712000000,-2.582e-05,8.0,27.40740740740741,2,-0.01924389950898031,-0.04930878589318011,-0.026868467832807053
1781740800002,2.636e-05,8.0,65.55555555555556,6,-0.0015545519077745373,-0.02521070920424917,-0.0044203210777399304
1781769600000,1.896e-05,8.0,60.74074074074074,6,-0.029472033779902818,-0.02850334539019206,-0.0037102007234115497
1781798400001,8.72e-06,8.0,54.074074074074076,5,0.006023961482476636,0.011462482204840363,0.02698466017243306
1781827200005,6.039e-05,8.0,90.74074074074075,9,-0.004671381507816319,0.010554333032295915,0.007453858580205308
1781856000001,1.984e-05,8.0,61.111111111111114,6,0.010124632986047821,0.015774810782143156,0.024696564525765297
1781884800001,2.823e-05,8.0,68.14814814814815,6,0.005120695326535252,0.012221350674325171,0.023952455656486293
1781913600001,5.814e-05,8.0,88.88888888888889,8,0.00047044089279935086,0.010661229062233435,0.005934792801467692
1781942400000,2.633e-05,8.0,64.07407407407408,6,0.00619811320754704,0.009088050314465468,-0.011138364779874288
1781971200001,3.985e-05,8.0,76.66666666666667,7,0.003571517848215189,0.0030871912808718704,-0.024286633836616334
1782000000000,7.78e-06,8.0,51.11111111111111,5,-0.0014889449339309246,-0.014587615152076183,-0.023483944443839277
1782028800000,3.034e-05,8.0,68.51851851851852,6,-0.0001963289600797058,-0.00043472841160530074,-0.024418024868334887
1782057600000,4.189e-05,8.0,78.51851851851852,7,-0.012924410975385547,0.009082776698968509,-0.06031132043126053
1782086400000,6.572e-05,8.0,92.5925925925926,9,0.012852070146409433,0.010237447522029264,-0.036353675076299274
1782115200000,1.514e-05,8.0,54.44444444444444,5,0.009323446105306221,-0.019618052037331246,-0.035340552859621344
1782144000002,4.813e-05,8.0,81.48148148148148,8,-0.01256560027923559,-0.03546507856589054,-0.08050725734460573
1782172800003,4.041e-05,8.0,76.66666666666667,7,-0.016814056864358218,-0.018362514194192214,-0.06550130915028785
1782201600005,1.655e-05,8.0,56.2962962962963,5,-0.006485882824580402,-0.003412366607487116,-0.03895984066077418
1782230400002,-1.889e-05,8.0,29.629629629629626,2,0.004943004135983031,-0.03512142945210639,-0.033750774596129185
1782259200005,2.154e-05,8.0,59.62962962962963,5,-0.0018403265743157649,-0.02725595357596966,-0.043052488344598405
1782288000005,2.134e-05,8.0,59.62962962962963,5,-0.03809715364809052,-0.01246865277571585,-0.034815173094144614
1782316800003,2.7e-07,8.0,42.22222222222222,4,0.01313507637926592,-0.01199830729274709,0.0086427640913731
1782345600000,-1.423e-05,8.0,31.48148148148148,3,0.01391692444817294,-0.02066402768311215,-0.016630184029780337
1782374400000,-1.803e-05,8.0,30.37037037037037,3,-0.03690674337055411,-0.02260556210914144,-0.027678037587059445
1782403200000,1.58e-05,8.0,55.925925925925924,5,0.0029077620299635676,0.015684800609405247,0.004357448350730264
1782432000010,5.298e-05,8.0,83.7037037037037,8,0.011110218455214316,0.005218689536510723,-0.005489833765155661
1782460800002,5.904e-05,8.0,88.88888888888889,8,-0.0011008001906950282,0.0008856061684539007,-0.006872966002655079
1782489600000,7.308e-05,8.0,94.44444444444444,9,-0.007273610324132429,0.004260422672254682,-0.01235175661901855
1782518400000,5.255e-05,8.0,82.5925925925926,8,0.006010623427453288,-0.0012480530372618315,0.001570882756233738
1782547200000,4.284e-05,8.0,77.03703703703704,7,0.005574412619014479,-0.004707649351250898,-0.015659633312822163
1782576000009,3.742e-05,8.0,71.48148148148148,7,-0.011982698056739793,-0.01458720320898732,-0.03867270600352424
1782604800000,4.258e-05,8.0,76.66666666666667,7,0.0025258836427373144,-0.009302116343933298,-0.022373064350051375
1782633600013,1.355e-05,8.0,51.48148148148148,5,-0.005517642175176474,-0.0038123702781236446,-0.025962640099626344
1782662400000,4.43e-05,8.0,77.4074074074074,7,-0.006657333591719161,-0.001212854250335904,0.003850728714908991
1782691200006,3.112e-05,8.0,65.92592592592592,6,0.009703999407594921,0.012953812598032854,0.008667290487185841
1782720000013,7.444e-05,8.0,95.18518518518519,9,-0.003293585841581126,-0.007920607246555633,0.002661870743423611
1782748800004,8.658e-05,8.0,96.29629629629629,9,0.006533685185742488,-0.022893818836144497,0.03004123897534683
1782777600000,6.175e-05,8.0,89.62962962962962,8,-0.01129627168206293,-0.025124609556722244,0.022326709643118337
1782806400000,8.349e-05,8.0,95.92592592592592,9,-0.01833699950090828,-0.013181398834780533,0.03756631450172332
1782835200005,3.327e-05,8.0,65.18518518518519,6,0.0038148995016156206,0.028420915712799033,0.05931663837011869
1782864000000,5.532e-05,8.0,82.96296296296296,8,0.000816350181846559,0.02197328370469598,0.06658963320483058
1782892800000,1.853e-05,8.0,52.96296296296297,5,0.023254665492807858,0.023712742895968697,0.06481880399225526
1782921600000,7.073e-05,8.0,91.85185185185185,9,-0.002066923728517467,0.02543381267546785,0.04637431289763727
1782950400000,8.001e-05,8.0,94.81481481481482,9,0.0025197990164278483,0.026126863792439448,0.051646707835057315
1782979200000,5.238e-05,8.0,78.88888888888889,7,0.024974965150824646,0.027070906012023332,0.04846780069265866
1783008000000,5.261e-05,8.0,80.0,7,-0.0013924592973435512,0.004979096881410516,0.017616719898210897
1783036800000,0.0001,8.0,97.4074074074074,9,0.003442122609772502,0.017083849326689604,0.033186092394501765
1783065600007,0.0001,8.0,97.03703703703704,9,0.0018711860017157633,0.012156234319105286,0.02203175836449267
1783094400000,3.74e-05,8.0,67.03703703703704,6,0.01063554915348397,0.015365510202763444,0.023861353521390516
1783123200000,0.0001,8.0,96.66666666666667,9,-0.0008452774715178579,0.0076554335842000665,0.02314526309061571
1783152000000,0.0001,8.0,96.29629629629629,9,0.005530136686171971,0.007992950594993609,0.008811756258185977
1783180800007,9.48e-05,8.0,95.55555555555556,9,0.002281539418605094,-0.0021303914097018373,0.016234887187899227
1783209600003,9.533e-05,8.0,95.55555555555556,9,0.0006063905949136306,0.008916481601125126,0.004938432305697127
1783238400001,8.873e-05,8.0,94.07407407407408,9,-0.005005243210399524,0.0016848076987143745,-0.002858779164862102
1783267200000,8.608e-05,8.0,93.33333333333333,9,0.013886075808054121,0.011146179375501442,-0.01550800518634643
1783296000000,7.7e-05,8.0,91.11111111111111,9,-0.007059511937307583,0.007199506715030335,-0.0207601244537845
1783324800000,6.12e-05,8.0,84.81481481481481,8,0.004388118811881281,-0.0006954455445544738,-0.0029497029702969524
1783353600000,0.0001,8.0,95.92592592592592,9,0.00992870887353714,0.007704804264849763,-0.008343585375855667
1783382400000,0.0001,8.0,95.55555555555556,9,-0.014842694611246099,-0.011828553134004327,-0.01302952453089501
1783411200000,5.792e-05,8.0,81.48148148148148,8,0.012831101550226709,-0.0038616954999198816,0.013760064425001994
1783440000000,6.825e-05,8.0,87.4074074074074,8,-0.009647756708743849,-0.033804712750721944,0.002127076795454652
1783468800000,4.846e-05,8.0,72.96296296296296,7,-0.0069001376550594795,-0.01612192034339488,0.013639071910939826
1783497600000,7.24e-06,8.0,42.592592592592595,4,-0.017613686095086623,0.001612094688681065,0.02061030435647493
1783526400000,7.171e-05,8.0,88.51851851851852,8,0.008477143463463177,0.018504569039392127,0.03876353256969378
1783555200000,6.16e-05,8.0,84.07407407407408,8,0.011000096379349067,0.015150833681369935,0.025367044687891527
1783584000001,6.615e-05,8.0,86.29629629629629,8,-0.0015753508411134876,0.016044122527993476,0.014383016701577489
1783612800001,4.912e-05,8.0,72.22222222222221,7,0.004905290046746558,0.018172159138806654,0.020453023576885387
1783641600000,9.058e-05,8.0,94.07407407407408,9,0.011897679011095397,0.014872494351015675,0.007903831182394239
1783670400005,7.247e-05,8.0,88.51851851851852,8,0.0005157829585309415,0.002380416502553828,-0.014978024520009292
1783699200005,9.508e-05,8.0,94.44444444444444,9,0.0013778365154795136,0.0022901455007857674,-0.022926449774578472
1783728000000,0.0001,8.0,95.18518518518519,9,-7.016219941347046e-05,-0.004738287200387936,-0.02844063732223623
1783756800000,9.42e-06,8.0,41.85185185185185,4,-0.0001403342449861622,-0.004341005978238832,-0.024676997346123497
1783785600000,4.156e-05,8.0,65.55555555555556,6,-0.004528753844138533,0.00038051513015480154,0.00993705905470077
1783814400000,4.651e-05,8.0,68.88888888888889,6,0.0003289824104071304,-0.0021383856676463475,0.01845904638965301
1783843200003,6.315e-05,8.0,83.7037037037037,8,0.004399162123996936,-0.013364998951089557,0.011284398786394867
1783872000000,7.578e-05,8.0,88.88888888888889,8,-0.007035293384049401,-0.02480513811810181,0.01893745713038597
1783900800000,1.521e-05,8.0,43.333333333333336,4,-0.011185822813426727,-0.02172326038868566,0.01637918447894471
1783929600001,4.856e-05,8.0,69.62962962962963,6,-0.0075576662789719196,-0.007667151681711615,0.018823555546387816
1783958400004,0.0001,8.0,94.81481481481482,9,-0.0034502716409415823,0.033410716626855796,0.032894295060579504
1783987200000,8.256e-05,8.0,90.0,8,0.0038033797120986534,0.043305570266236604,0.024080047502126334
1784016000002,3.489e-05,8.0,56.666666666666664,5,0.03352473420543056,0.032902721346234065,0.00376085924120817
1784044800001,5.59e-05,8.0,74.81481481481481,7,0.006143682651174709,0.010132202891599773,-0.019260313604752777
1784073600005,0.0001,8.0,94.44444444444444,9,-0.0067043298284245045,-0.00414715081359196,-0.017157548675587275
1784102400002,0.0001,8.0,94.07407407407408,9,0.010740503370146426,-0.006009604220655551,-0.010159977460113878
1784131200000,4.457e-05,8.0,64.81481481481481,6,-0.009528355578402481,-0.010588591675999237,-0.019472850000306074
1784160000000,2.426e-05,8.0,46.2962962962963,4,-0.008095458758109353,-0.014311090515909841,0.0011847389558232724
1784188800003,7.584e-05,8.0,87.4074074074074,8,0.006148728203786424,-0.02233819874035181,0.00689162165697943
1784217600002,6.102e-05,8.0,78.51851851851852,7,-0.013013287267503726,-0.01876996805111819,-0.0015974440894568342
1784246400000,7.639e-05,8.0,87.4074074074074,8,-0.016352339238562386,0.0016704929207769226,0.012896957540332377
1784275200010,1.52e-05,8.0,39.62962962962963,3,0.00982092933232015,0.018577725526929267,0.023850600805109146
1784304000004,6.045e-05,8.0,77.77777777777779,7,0.008300915277659637,0.010638801336475767,0.033052219098730795
1784332800000,3.074e-05,8.0,51.48148148148148,5,0.0008698359358010332,0.014026886691353768,0.019338205040354994
1784361600000,6.955e-05,8.0,83.33333333333334,8,0.0017866158557078293,0.010936965128947485,0.034309902040931206
1784390400001,3.326e-05,8.0,51.85185185185185,5,0.011847342542730122,0.006789978927651541,0.040310622024506415
1784419200003,4.06e-06,8.0,31.11111111111111,3,-0.0026703072935949645,-0.004336356904850014,0.02612149821053933
1784448000000,6.905e-05,8.0,82.96296296296296,8,-0.0020131301855110806,-0.006643948085361728,0.019183491714005685
1784476800001,5.235e-05,8.0,67.4074074074074,6,0.0006651162790698439,0.015283720930232558,0.023471317829457217
1784505600000,4.89e-05,8.0,65.18518518518519,6,-0.006046119452631338,0.008040348719376755,0.022423862678208062
1784534400001,5.278e-05,8.0,68.88888888888889,6,0.01889645922830252,0.029300792110942053,0.017762204903277068
1784563200004,6.518e-05,8.0,80.37037037037037,8,-0.005210289864367557,0.01773972372636501,-0.008946977818091839
1784592000001,5.4e-05,8.0,70.0,6,0.01550243611903368,0.021071585365479262,-0.0017622335542776257
1784620800000,8.926e-05,8.0,91.11111111111111,9,0.006836862841106628,-0.0038476244017365824,-0.010799341702596443
1784649600002,1.894e-05,8.0,38.88888888888889,3,-0.0019535616489740892,-0.009506733185790983,-0.039426835215124356
1784678400000,3.928e-05,8.0,54.44444444444444,5,-0.008927994178310139,-0.006374990790844692,-0.036148002026765935
1784707200000,5.448e-05,8.0,70.0,6,0.0011256733939053465,-0.007677942111259717,-0.02948293360802612
1784736000001,1.443e-05,8.0,33.7037037037037,3,0.000639259307509743,-0.016875233852264304,-0.027785057389428602
1784764800000,-3.43e-06,8.0,21.85185185185185,2,-0.010227597717516024,-0.015517682289262758,-0.026557858786821265
1784793600000,2.71e-06,8.0,26.666666666666668,2,-0.007448402384956365,0.0007047852010395594,-0.01643785353921412
1784822400000,8.458e-05,8.0,89.62962962962962,8,0.0021194403198876444,-0.013543778148816799,-0.0026908882549736557
1784851200000,7.598e-05,8.0,86.29629629629629,8,0.006082040688344836,-0.014674056722676188,0.0044927482769856475
1784880000000,5.149e-05,8.0,63.70370370370371,6,-0.021580876343075706,-0.022662517320769182,-0.0036894957078102975
1784908800008,5.879e-05,8.0,73.70370370370371,7,0.0016713579236424803,0.0024976647849570544,0.0075726572091758815
1784937600002,6.074e-05,8.0,75.55555555555556,7,-0.0024591902293581436,0.003089192038274069,-0.006615018993618937
1784966400000,5.425e-05,8.0,67.77777777777779,6,0.0029074902262995472,0.005660226940554347,-0.008278531311012305
1784995200000,7.29e-06,8.0,27.037037037037038,2,0.0026824109590750655,0.009186595114925922,-0.00394178809732737
1785024000000,3.878e-05,8.0,51.48148148148148,5,6.217861428736704e-05,0.01588508148507395,-0.005902304961231675
1785052800002,5.884e-05,8.0,73.33333333333333,7,0.0065668913657424,0.013245691886119904,0.0023609723040385333
1785081600000,5.819e-05,8.0,72.22222222222221,7,0.009337725740214742,-0.0035058943814567645,-0.012207308013671425
1785110400010,6.147e-05,8.0,76.66666666666667,7,-0.0020726974917911756,-0.0248432847815937,-0.02042387735264173
1785139200000,6.452e-05,8.0,78.88888888888889,7,-0.01063412180708001,-0.027164162626160393,-0.018977345563723436
1785168000001,5.04e-05,8.0,60.74074074074074,6,-0.012433221816738671,-0.009594664566558109,0.0033625508878436516
1785196800000,4.208e-05,8.0,53.70370370370371,5,-0.004522110799560108,0.003448854801329837,0.016779824042503444
1785225600000,1.25e-06,8.0,21.48148148148148,2,0.007293149294407275,0.017034161319355423,0.007641492928309068
1785254400000,6.689e-05,8.0,80.37037037037037,8,0.0007088558471999296,0.0008121328580503739,-0.018280030920511225
1785283200000,0.0001,8.0,93.7037037037037,9,0.008955279893543722,0.0008725416763746274,
1785312000002,0.0001,8.0,93.33333333333333,9,-0.008751771597989122,-0.008038480503893664,
1785340800000,3.665e-05,8.0,46.666666666666664,4,0.0007692584317446904,0.011896925624279797,
1785369600000,8.462e-05,8.0,88.88888888888889,8,-0.0004671371367774846,0.01240178793223845,
1785398400000,7.278e-05,8.0,82.96296296296296,8,0.011591665754880687,-0.0007674633071259596,
1785427200000,9.029e-05,8.0,90.74074074074075,9,0.00126856885037685,-0.030609438399470945,
1785456000003,0.0001,8.0,92.96296296296296,9,-0.01356238837580137,,
1785484800000,9.405e-05,8.0,91.11111111111111,9,-0.018619413432945597,,
1785513600000,5.664e-05,8.0,65.55555555555556,6,,,
