ts,rate,interval_hours,pctile,decile,fwd_ret_8h,fwd_ret_24h,fwd_ret_72h
1617235200025,0.00156864,8.0,87.03703703703704,8,-0.0019050372488991218,0.015983727161494432,0.02908666628806844
1617264000011,0.00109222,8.0,74.44444444444444,7,0.01156066374244813,0.03489923859968558,0.05314801787635526
1617292800004,0.00064672,8.0,53.333333333333336,5,0.006289533296175653,0.06444981923983573,0.06410721864565372
1617321600000,0.00050452,8.0,42.592592592592595,4,0.015536888054209053,0.0866989823109916,0.05591452427480137
1617350400000,0.00121799,8.0,80.0,7,0.04074951518423009,0.058692696775225484,0.01518922809332457
1617379200000,0.00116568,8.0,78.14814814814814,7,0.028175710395766274,-0.0032560306201344646,0.01909436245671836
1617408000003,0.00082856,8.0,62.96296296296296,6,-0.009510234601364798,-0.06845966912795598,-0.00918310122441357
1617436800000,0.00143194,8.0,82.22222222222221,8,-0.020149278393345238,-0.03762646410378678,-0.00887078118582374
1617465600000,0.00086456,8.0,64.07407407407408,6,-0.034121733935273846,0.0013105212694710655,0.002847492905358129
1617494400000,0.00060523,8.0,50.37037037037037,5,0.016860462216103267,0.037721542981707934,0.054956127880121164
1617523200000,0.00106146,8.0,71.85185185185186,7,0.01949482214776621,-0.00360070444299454,0.017032215021903552
1617552000016,0.00038114,8.0,32.22222222222222,3,0.0002402691013936309,0.02218164344065343,-0.055737626141278196
1617580800000,0.00072788,8.0,58.51851851851851,5,-0.02363109344280412,0.01793482702097271,-0.05367469271406655
1617609600001,0.00074688,8.0,59.62962962962963,5,0.04717083304616665,0.029640532850236934,0.00021660578731275137
1617638400001,0.00085226,8.0,64.81481481481481,6,-0.003295473777242819,-0.02015833317662974,-0.024525658624645064
1617667200010,0.00161366,8.0,88.51851851851852,8,-0.013489611584086014,-0.002136641275381601,-0.01864490719996237
1617696000000,0.00064189,8.0,52.22222222222223,5,-0.008564351719538954,-0.012474992855101452,-0.008997808897780235
1617724800003,0.00061542,8.0,51.11111111111111,5,0.01503636747461945,-0.05722359759725193,-0.009907498032893924
1617753600000,0.00049128,8.0,40.74074074074074,4,-0.01969397501489467,-0.06913459992623627,-0.02210548215957553
1617782400006,0.00069613,8.0,57.407407407407405,5,-0.050563860730748034,-0.018302523119739456,0.05177662031444785
1617811200004,0.00032907,8.0,24.814814814814813,2,0.004010157709121165,0.055969180818418174,0.10281881517142422
1617840000013,0.00021468,8.0,18.14814814814815,1,0.029849611483661054,0.05460517312166413,0.08275676799010578
1617868800003,0.00026979,8.0,21.11111111111111,2,0.021267066316234873,0.02331945387788048,0.052638573073856554
1617897600005,0.00031551,8.0,24.814814814814813,2,0.0027132660880293535,-0.005474725179398288,0.03904115200555203
1617926400000,0.00038906,8.0,34.44444444444444,3,6.729572143426843e-05,-0.005893182462734847,0.0387046534991371
1617955200004,0.00043318,8.0,38.51851851851852,3,-0.0074693626272147595,0.046970892091037,0.05519055772523518
1617984000004,0.00064034,8.0,55.18518518518518,5,0.0019286403085825299,0.050115573043617356,0.022513725813251506
1618012800011,0.0001,8.0,0.0,0,0.0528194388690324,0.03315422154081271,0.03587717219398234
1618041600005,0.00209663,8.0,97.77777777777777,9,-0.004488198381124797,-0.017498001672164087,-0.0006798908499554557
1618070400000,0.00120257,8.0,82.5925925925926,8,-0.010281672583899226,-0.0043767515085478825,0.05593746970207625
1618099200004,0.00055892,8.0,50.37037037037037,5,0.0012030934012434713,0.012742491199161154,0.08061193918058596
1618128000000,0.00086343,8.0,68.88888888888889,6,0.008445369309546757,0.02244148799364032,0.11295564544413028
1618156800000,0.00091114,8.0,70.0,6,0.0020310594432668694,-0.021845481820163215,0.09424486786520814
1618185600001,0.00099657,8.0,72.5925925925926,7,0.014112176316689595,-0.00997975390361383,0.13472898889700358
1618214400001,0.00164512,8.0,91.48148148148148,9,-0.03820576049154234,-0.008464339922786168,0.13066169532934357
1618243200008,0.00067862,8.0,58.14814814814815,5,0.015023055888611303,0.0863138539114443,0.17091688032264019
1618272000003,0.00047138,8.0,40.74074074074074,4,0.015664467571517404,0.07777139682228418,0.1791212023587747
1618300800008,0.00117821,8.0,82.22222222222221,8,0.05372953193523755,0.0948863166217695,0.1169702207471015
1618329600008,0.00167603,8.0,91.85185185185185,9,0.007041208959000622,0.028823585868721135,0.059715036078561434
1618358400008,0.00152762,8.0,87.77777777777777,8,0.031793134519745525,0.06346063872186303,0.05730908523800449
1618387200000,0.00203587,8.0,97.4074074074074,9,-0.008508403361344508,0.041966386554621815,0.03742436974789931
1618416000012,0.00095658,8.0,70.37037037037037,7,0.04094492195616306,0.04768285494998481,-0.011847567517141666
1618444800006,0.00113562,8.0,78.88888888888889,7,0.010477218567326085,0.028751247530399038,-0.05094812310324448
1618473600000,0.00110097,8.0,76.29629629629629,7,-0.0033711308611708013,-0.019815474942336042,-0.10525106053518729
1618502400008,0.00104862,8.0,71.85185185185186,7,0.022135068845770878,-0.016853250443186973,-0.13062078567554647
1618531200008,0.00146805,8.0,86.29629629629629,8,-0.037870778441691066,-0.03357052066380761,-0.11252737157632553
1618560000000,0.00135711,8.0,83.7037037037037,8,0.00018101483498855764,0.01576886051161397,-0.06638307675851784
1618588800002,0.0010812,8.0,74.07407407407408,7,0.004754847474373269,-0.0406529167181261,-0.13437075460046932
1618617600008,0.00076639,8.0,59.25925925925925,5,0.011832913363243547,-0.045426423288877915,-0.11099092454878823
1618646400000,0.0009833,8.0,68.88888888888889,6,-0.0549559145751235,-0.10133370054311963,-0.1522395071828665
1618675200001,0.00063599,8.0,51.11111111111111,5,-0.00024459845087632104,-0.07824575707511738,-0.05829167292466786
1618704000006,0.00052118,8.0,44.81481481481481,4,-0.045961421250075296,-0.03799929607087371,0.005309514203057697
1618732800004,0.00022241,8.0,18.14814814814815,1,-0.0336032752958112,0.02051109011562513,0.034264633103882725
1618761600000,0.00044396,8.0,37.407407407407405,3,0.04315068811496925,-0.029769512858291658,0.1367770842144891
1618790400000,0.0001,8.0,0.0,0,0.011143438916043413,-0.03147876686999029,0.05522262372068787
1618819200000,0.0001,8.0,0.0,0,-0.08015405088614513,-0.07764235165551836,0.09127603133895601
1618848000009,0.0005192,8.0,45.925925925925924,4,0.031892328910448686,0.04366290959242902,0.2428068673610122
1618876800004,0.0001,8.0,0.0,0,-0.035271182066219375,0.07945118354103675,0.11346877073962092
1618905600000,0.00021279,8.0,18.51851851851852,1,0.04853380980135502,0.09877315854346014,0.022945948270096217
1618934400001,0.0001,8.0,0.0,0,0.06727697754851869,0.1124123380617994,0.058532428651498325
1618963200013,0.0001,8.0,0.0,0,-0.01848301774011052,0.012484255918707055,0.0092137565911663
1618992000001,0.0001,8.0,0.0,0,0.06191764613765072,0.07927407497629257,-0.014433240823712779
1619020800002,0.0001,8.0,0.0,0,-0.028596591840078678,0.0704776339505162,-0.07918646567262
1619049600000,0.00023315,8.0,22.22222222222222,2,0.045690809057935766,0.0142168888363432,-0.062225806587819954
1619078400000,0.00011151,8.0,14.074074074074074,1,0.0557031641173904,-0.13539563581154201,-0.11314263563387328
1619107200001,0.0001,8.0,0.0,0,-0.0754960298478905,-0.11108389935903562,-0.10134124174878023
1619136000002,0.0003898,8.0,35.55555555555556,3,-0.10914501895726747,-0.021618735409526635,-0.03649480951671391
1619164800009,0.00041263,8.0,37.407407407407405,3,0.07930696427492845,0.05269320299033109,0.14073048455816406
1619193600001,0.0001,8.0,0.0,0,0.017550883355718527,-0.032316527189448,0.0855158935151703
1619222400019,0.00010335,8.0,13.703703703703704,1,-0.041481049019981175,-0.06125065045500133,0.0742935952921866
1619251200001,0.00030056,8.0,24.814814814814813,2,-0.007851947318244346,-0.032564174993820694,0.12269605593022859
1619280000011,0.0001,8.0,0.0,0,-0.012874295450400197,0.04472193924079915,0.1919399970639133
1619308800000,0.0001,8.0,0.0,0,-0.011085396273649795,0.04680900879807659,0.2032067502949202
1619337600010,0.0001,8.0,0.0,0,0.07140836717003518,0.12010584424471915,0.18851681189835312
1619366400000,0.0001,8.0,0.0,0,-0.010891299723463033,0.06968304616039145,0.14641991065730697
1619395200003,0.0001,8.0,0.0,0,0.054717135136760575,0.09088019108252898,0.1796424935239005
1619424000002,0.0001,8.0,0.0,0,0.027065445836524038,0.03605060362664769,0.1119560435979734
1619452800004,0.0001,8.0,0.0,0,0.007031222116029134,0.06255527222687074,0.10525418284350074
1619481600000,0.0001,8.0,0.0,0,0.005254230602343091,0.05410042996331499,0.08869078142874054
1619510400000,0.0001,8.0,0.0,0,0.04868899161048801,0.024925247800597905,0.09034617527723054
1619539200009,0.00040663,8.0,39.25925925925926,3,-0.0014107899303934524,0.006736708530054036,0.02290480900218328
1619568000000,0.00034144,8.0,31.48148148148148,3,-0.022568996164280986,0.028623818879221608,0.036482365048180254
1619596800000,0.00019211,8.0,21.11111111111111,2,0.03166994647656529,0.04579354809069125,0.09627326814551629
1619625600001,0.0001,8.0,0.0,0,0.018002520946096112,0.033224586638985754,0.06637132053088157
1619654400004,0.0001,8.0,0.0,0,-0.005801249836122846,0.00444289064662251,0.07138122915118927
1619683200013,0.0001,8.0,0.0,0,0.020875228477342578,0.017578561407749937,0.06290407065123826
1619712000003,0.0001,8.0,0.0,0,-0.010355146357040934,-0.016612726137595013,0.053178663949307925
1619740800004,0.00014665,8.0,19.62962962962963,1,0.007200452475563557,0.003785132117063661,0.07180511645444798
1619769600019,0.00011668,8.0,18.51851851851852,1,-0.013426829180495536,0.03165923931433179,0.13268442991771123
1619798400003,0.00051157,8.0,49.629629629629626,4,0.010172509413584718,0.0495161855278905,0.15901660877433677
1619827200002,0.0001,8.0,0.0,0,0.0351693996965976,0.0626200967998265,0.2378855739362855
1619856000006,0.00035155,8.0,35.55555555555556,3,0.0036497241771547007,0.012487918575560863,0.16605896084048344
1619884800000,0.00012262,8.0,19.25925925925926,1,0.025391875713450363,0.02241974552440351,0.13061711724253144
1619913600010,0.00023451,8.0,27.037037037037038,2,-0.01366771245118048,0.0048402940886549395,0.09280856025044448
1619942400011,0.00039722,8.0,41.11111111111111,4,0.011534379135421213,0.08438327084252295,0.15345859064843403
1619971200007,0.0001,8.0,0.0,0,0.007147651121036436,0.08221161544410482,0.13044633640293934
1620000000003,0.0001,8.0,0.0,0,0.06441017383744718,0.15932562301054398,0.19314257106227228
1620028800000,0.0001,8.0,0.0,0,0.009388089774800212,0.05721522688413305,0.09440528326352116
1620057600043,0.00061627,8.0,57.407407407407405,5,0.07891290523651517,-0.0018258860269350086,0.12847941470908597
1620086400004,0.00031687,8.0,32.96296296296296,3,-0.024894885344055373,-0.061916252578628095,0.020039624067390127
1620115200003,0.00070707,8.0,63.33333333333333,6,-0.051213534856024645,0.0015470287771290891,0.028244496377798356
1620144000011,0.00071637,8.0,63.70370370370371,6,0.013962040406971354,0.04648126304900435,0.1236872149718995
1620172800001,0.00038408,8.0,40.370370370370374,4,0.04107296711363251,0.09709767621251553,0.08089243890376685
1620201600007,0.00078274,8.0,67.77777777777779,6,-0.008646394148894898,0.03146044588385033,0.05603126325790386
1620230400001,0.00087977,8.0,73.33333333333333,7,0.06300555736380842,0.08032861982086237,0.10294684942075638
1620259200003,0.00068239,8.0,62.96296296296296,6,-0.021212413316020085,-0.008871109498239327,0.10624634977517444
1620288000001,0.00066648,8.0,62.22222222222222,6,0.03832161188288574,-0.0046576834397339395,0.14326431774206627
1620316800000,0.00110886,8.0,82.96296296296296,8,-0.021513133244976834,1.6776553089403734e-05,0.08739745331924098
1620345600000,0.00026032,8.0,29.259259259259256,2,-0.01765405145907395,-0.005115045663927287,0.12233531839016076
1620374400000,0.00049147,8.0,51.11111111111111,5,0.04037001483550062,0.027835471390755373,0.1962562178200542
1620403200001,0.00038025,8.0,40.0,3,-0.02465393553602102,0.02716592008801766,0.17552456973493658
1620432000006,0.00047199,8.0,50.0,4,0.01712766324804038,0.12283170459385095,0.14057230337143323
1620460800000,0.00070136,8.0,65.92592592592592,6,0.03461265243859302,0.11713397049292618,0.12356405604815768
1620489600000,0.00030149,8.0,31.48148148148148,3,0.06999772956678485,0.06381832157540712,0.10187680027573442
1620518400005,0.00058991,8.0,58.88888888888889,5,0.011540442806508677,0.005110291573657166,0.06547016476461653
1620547200016,0.00041522,8.0,45.55555555555556,4,-0.011705211099174995,0.0410493139023449,0.09550388146826916
1620576000000,0.00054148,8.0,56.2962962962963,5,0.009925456223852658,0.07282096379779834,0.07791483135724198
1620604800004,0.00068787,8.0,65.55555555555556,6,0.04770938353387533,0.010635232682368434,-0.05657250240319034
1620633600000,0.0006638,8.0,63.33333333333333,6,0.014546356480569456,-0.03462237104151622,-0.032771856617960005
1620662400013,0.00075749,8.0,69.62962962962963,6,-0.05365422725210711,-0.03855502232409336,-0.09558054580617437
1620691200000,0.00041169,8.0,44.81481481481481,4,0.0057354934323026185,0.0559413277261962,-0.06055454925456316
1620720000000,0.00043204,8.0,47.03703703703704,4,0.014642354262857094,0.08835034848954271,-0.021030279673248442
1620748800002,0.00029649,8.0,30.74074074074074,3,0.03242508977307157,0.03573787753115343,0.030026174499977465
1620777600004,0.0001,8.0,0.0,0,0.040053976172550465,-0.11001854528923205,-0.02073656789476097
1620806400007,0.00047462,8.0,52.22222222222223,5,-0.03542626927942538,-0.0798305237620579,-0.0955107761262376
1620835200012,0.00054381,8.0,58.51851851851851,5,-0.11286513392139974,-0.09177050540313081,-0.0787080439155734
1620864000016,0.00040983,8.0,45.55555555555556,4,0.07533243243243248,-0.0002108108108108686,-0.010737837837837882
1620892800000,0.00014687,8.0,22.22222222222222,2,-0.05105591311343527,-0.02290325824617856,-0.027969127111826197
1620921600008,0.0001,8.0,0.0,0,-0.023432013896588777,0.09497146236252552,-0.04141521338549836
1620950400007,0.0001,8.0,0.0,0,0.048531852660831154,0.10055092695216827,-0.030436145998345543
1620979200001,0.0001,8.0,0.0,0,0.06934708346761198,0.008296487270383457,-0.08709764743796322
1621008000004,0.0001,8.0,0.0,0,-0.018455878275586812,-0.07359929407169696,-0.21027164256111164
1621036800022,0.00038785,8.0,44.44444444444444,4,-0.039362052279683035,-0.10093142528701748,-0.19402728447280637
1621065600014,0.00052101,8.0,59.62962962962963,5,-0.01750734480034155,-0.014569424663698927,-0.09890742099705174
1621094400002,0.00046056,8.0,53.333333333333336,5,-0.047414937305788496,-0.055006428173618005,-0.1219609312783998
1621123200000,0.00030702,8.0,34.44444444444444,3,0.05529277219912809,-0.02263515449932718,-0.07669968365918156
1621152000003,0.00013134,8.0,22.59259259259259,2,-0.057823791175287687,-0.08122316065335555,-0.227870107292518
1621180800002,0.00018829,8.0,26.296296296296294,2,-0.012246977499931089,-0.09790972432596179,-0.24981410591831676
1621209600005,0.00015608,8.0,24.814814814814813,2,-0.012744554080013848,-0.08514120497514377,-0.3165785152078693
1621238400001,0.000335,8.0,39.25925925925926,3,-0.07493532754199472,-0.004747353795058862,-0.23296205505913714
1621267200000,0.0007001,8.0,72.96296296296296,7,0.007093991581025083,0.023740047394808617,-0.12199289687060233
1621296000019,0.00018459,8.0,26.666666666666668,2,0.07401120301347652,0.026172872616007092,-0.14524603353589782
1621324800001,0.0001,8.0,0.0,0,-0.04264339081356716,-0.15560240741634057,-0.23592055866587602
1621353600006,0.0006146,8.0,67.03703703703704,6,-0.001982909630894314,-0.19260899333991333,-0.2921516496089015
1621382400000,0.0001,8.0,0.0,0,-0.11835306081424635,-0.2629923494424672,-0.2792364814530147
1621411200003,0.00053311,8.0,63.33333333333333,6,-0.0846005208770898,-0.08728219776526924,-0.2362228009745443
1621440000018,-0.00356332,8.0,0.0,0,-0.10015418502202644,0.0537298091042584,-0.1256718061674008
1621468800005,0.00011828,8.0,22.962962962962962,2,0.1080459207402149,0.14421217536043884,-0.0713329906412421
1621497600000,0.0001,8.0,0.3703703703703704,0,0.06692748720264419,-0.003405225540672019,-0.20421359647337078
1621526400005,0.0001,8.0,0.3703703703703704,0,-0.0228856310706671,-0.16799286500648014,-0.32318594183308014
1621555200000,0.0001,8.0,0.3703703703703704,0,-0.029694442742699723,-0.12135801623824738,-0.23949072589218456
1621584000000,0.0001,8.0,0.3703703703703704,0,-0.11029403572105057,-0.16389789528807486,-0.15110323747553434
1621612800001,0.0001,8.0,0.3703703703703704,0,0.02623358568940115,-0.0027175733619186904,0.062240385903792106
1621641600001,0.0001,8.0,0.3703703703703704,0,-0.07262904917149837,-0.07119278932271378,0.07048690024930537
1621670400002,0.0001,8.0,0.3703703703703704,0,0.04789665656170117,-0.06063419291537786,0.17382007294934465
1621699200005,0.0001,8.0,0.3703703703703704,0,-0.044229469237971775,-0.1843118484088896,0.08424340903651628
1621728000006,0.0001,8.0,0.3703703703703704,0,-0.062086780036286426,-0.06312792960598856,0.18717409162994825
1621756800004,0.0001,8.0,0.3703703703703704,0,-0.09007025761124121,0.06322716627634639,0.3500608899297424
1621785600002,0.0001,8.0,0.3703703703703704,0,0.09776599577907041,0.30581149945951513,0.4209347814896791
1621814400007,0.0001,8.0,0.3703703703703704,0,0.0644087347547393,0.23019933134205184,0.3455404828779487
1621843200005,0.0001,8.0,0.3703703703703704,0,0.11753796272230299,0.1752783051907718,0.2013577152322259
1621872000005,0.0001,8.0,0.3703703703703704,0,0.03420056764427626,0.0179399243140963,0.10594843897824036
1621900800000,0.0001,8.0,0.3703703703703704,0,0.0111599003281877,0.03298590008508584,0.038501276285401786
1621929600014,0.0001,8.0,0.3703703703703704,0,-0.03207052817416134,0.08040496725852475,-0.045114642017789364
1621958400000,0.0001,8.0,0.3703703703703704,0,0.053253704521336376,0.0651941533241931,-0.012350986452257517
1621987200022,0.0001,8.0,0.3703703703703704,0,0.06660005920663115,0.061848727057430386,-0.10390763765541744
1622016000018,0.0001,8.0,0.3703703703703704,0,-0.04230184777857193,-0.05388255538825548,-0.13465261346526125
1622044800004,0.0001,8.0,0.3703703703703704,0,0.039518919016827025,0.01634516111503581,-0.16632795377565246
1622073600000,0.0001,8.0,0.3703703703703704,0,-0.05065089332851702,-0.05040429019978321,-0.2077336130484314
1622102400017,0.0001,8.0,0.3703703703703704,0,0.02878547305349688,-0.06584356103803712,-0.09392498175697739
1622131200000,0.0001,8.0,0.3703703703703704,0,-0.02806316522926189,-0.09344315911466294,-0.15097015933507296
1622160000005,0.0001,8.0,0.3703703703703704,0,-0.06606616514891539,-0.11222559500241958,-0.1308345431349257
1622188800009,0.0001,8.0,0.3703703703703704,0,-0.004620197761736167,-0.020902763875313535,-0.03794293251056924
1622217600000,0.0001,8.0,0.3703703703703704,0,-0.05630389515664147,-0.09414177538831969,0.03617519381668877
1622246400006,0.0001,8.0,0.3703703703703704,0,0.0300049554013877,-0.06270647505781302,0.11558473736372643
1622275200000,0.0001,8.0,0.3703703703703704,0,-0.07198669457378049,-0.012144415296419409,0.0674229976578915
1622304000000,0.0001,8.0,0.3703703703703704,0,-0.01254967489458958,0.033874165591639915,0.10573501528125306
1622332800003,0.0001,8.0,0.3703703703703704,0,0.0886353122590593,0.04453794470756689,0.16633109373278998
1622361600004,0.0001,8.0,0.3703703703703704,0,-0.03627379164929789,-0.008126494882493618,0.09332923231333967
1622390400018,0.0001,8.0,0.3703703703703704,0,-0.004392558686431847,0.10564817536639648,0.17690337210767226
1622419200002,0.0001,8.0,0.3703703703703704,0,0.033747532520119305,0.13946955509439696,0.1391321219483388
1622448000000,0.0001,8.0,0.3703703703703704,0,0.0792549932606299,0.085259159416738,0.1491075440101295
1622476800000,0.0001,8.0,0.3703703703703704,0,0.01849875489149766,-0.03333030571387485,0.058463331743833225
1622505600001,0.0001,8.0,0.3703703703703704,0,-0.013855265593188948,-0.020070331297427302,0.058023320377567966
1622534400010,0.0001,8.0,0.3703703703703704,0,-0.03231897059761957,0.014064945740915213,-0.020783988408713094
1622563200010,0.0001,8.0,0.3703703703703704,0,0.026885495176437457,0.0871189346656478,0.029604688960694014
1622592000008,0.0001,8.0,0.3703703703703704,0,0.020496509624973402,0.020179202804387675,0.012390075851439919
1622620800000,0.0001,8.0,0.3703703703703704,0,0.03586513523527235,0.04237124861059649,0.03172656539459062
1622649600007,0.0001,8.0,0.3703703703703704,0,-0.036345341402146625,-0.00360384791048185,-0.05601307376113274
1622678400019,0.0001,8.0,0.3703703703703704,0,0.040163661273003415,0.05833672751508878,-0.025789610101084826
1622707200002,0.0001,8.0,0.3703703703703704,0,-0.005948376210766937,-0.07136271567758457,-0.04095871734355694
1622736000003,0.0001,8.0,0.3703703703703704,0,0.023559871940869392,-0.04947967025490074,-0.02658587768490872
1622764800003,0.0001,8.0,0.3703703703703704,0,-0.08730866789119218,-0.06233534505379168,-0.047378640776699066
1622793600006,0.0001,8.0,0.3703703703703704,0,0.01747613753977073,0.06382489362517729,0.06234522942461784
1622822400002,0.0001,8.0,0.3703703703703704,0,0.009716345990829822,-0.0032814801698383134,0.047251807451333505
1622851200000,0.0001,8.0,0.3703703703703704,0,0.03196744701430876,-0.02461486008219782,-0.032630810452235925
1622880000004,0.0001,8.0,0.3703703703703704,0,-0.04670654367252802,-0.029219515710579347,-0.09178437590083588
1622908800020,0.0001,8.0,0.3703703703703704,0,-0.0054921794086739695,0.027457117153894428,-0.09572948086997923
1622937600000,0.0001,8.0,0.3703703703703704,0,0.024571135469898753,0.032489219020118254,-0.04414217595319059
1622966400004,0.0001,8.0,0.3703703703703704,0,0.008949152039077646,0.02866623857229289,-0.07379060246240876
1622995200000,0.0001,8.0,0.3703703703703704,0,-0.004976108090295028,0.021017557349737093,-0.057871514618919484
1623024000007,0.0001,8.0,0.3703703703703704,0,0.017816022300327417,-0.0421289614114726,-0.04510748008505849
1623052800007,0.0001,8.0,0.3703703703703704,0,0.0030201996146268506,-0.09051938773301005,-0.08214076944727111
1623081600003,0.0001,8.0,0.3703703703703704,0,-0.061729460986937545,-0.13936345877807388,-0.09520057847761099
1623110400000,0.0001,8.0,0.3703703703703704,0,-0.03545159214195959,-0.036221612675840564,-0.05399721106990729
1623139200000,0.0001,8.0,0.3703703703703704,0,-0.059850344350975915,-0.010354359793151136,-0.029017626639341154
1623168000002,0.0001,8.0,0.3703703703703704,0,0.05365502942750111,0.07562951444622779,0.012209905029427537
1623196800009,0.0001,8.0,0.3703703703703704,0,-0.010064744434041595,0.03147166637573995,-0.0658631797768856
1623225600002,0.0001,8.0,0.3703703703703704,0,0.03123459610228796,0.019392380105077045,-0.07288072423867176
1623254400000,0.0001,8.0,0.3703703703703704,0,0.012055965798678514,-0.02467936261173731,-0.06973960357559272
1623283200007,0.0001,8.0,0.3703703703703704,0,-0.02165760900919622,-0.05472671258956707,-0.08845350594805401
1623312000003,0.0001,8.0,0.3703703703703704,0,-0.011251326807406481,-0.03709950072728696,-0.08655108699925296
1623340800000,0.0001,8.0,0.3703703703703704,0,-0.015991233313409126,-0.03671249252839215,-0.06408447897987657
1623369600010,0.0001,8.0,0.3703703703703704,0,-0.003413733053398982,-0.041933173835912996,0.023281740800416673
1623398400007,0.0001,8.0,0.3703703703703704,0,-0.01135004266472861,-0.0554763955857317,0.01879697713252204
1623427200006,8.683e-05,8.0,0.3703703703703704,0,-0.027614772478557037,-0.009056257820469038,0.06123814282705564
1623456000005,0.0001,8.0,0.7407407407407408,0,-0.017501465179686204,0.0065274816746367925,0.09847706250583954
1623484800000,0.0001,8.0,0.7407407407407408,0,0.03228088031707288,0.0013196993155677461,0.12902001543961927
1623513600018,0.0001,8.0,0.7407407407407408,0,-0.012322887147857897,-0.0216702783797299,0.06474412402067009
1623542400002,0.0001,8.0,0.7407407407407408,0,-0.019615785454192625,0.06114268595756167,0.07070374636607957
1623571200000,0.0001,8.0,0.7407407407407408,0,0.011590295335024425,0.07680347321224756,0.08966435090469771
1623600000003,0.0001,8.0,0.7407407407407408,0,0.0712813085704549,0.09465837451013814,0.032024194922474214
1623628800000,0.0001,8.0,0.7407407407407408,0,-0.005576526086766287,0.026641634614237297,-0.056966481180218964
1623657600015,0.0001,8.0,0.7407407407407408,0,0.02983525489206018,0.04853388475456555,-0.018726681814720925
1623686400000,3.785e-05,8.0,0.3703703703703704,0,0.0012762821010163794,-0.009504228411824078,-0.06462875320040362
1623715200000,0.0001,8.0,1.1111111111111112,0,0.01424979369181223,-0.015547694966080217,-0.08246903440019526
1623744000000,0.0001,8.0,1.1111111111111112,0,-0.024665090321520866,-0.03358455538281124,-0.1062734207580972
1623772800004,0.0001,8.0,1.1111111111111112,0,-0.006794626921752256,-0.05173466512195879,-0.12846776466167764
1623801600004,0.0001,8.0,1.1111111111111112,0,-0.003168348045397229,-0.06699243379571251,-0.12428672761664561
1623830400001,0.0001,8.0,1.1111111111111112,0,-0.04221287496639725,-0.03198975315865216,-0.11591739274814583
1623859200000,0.0001,8.0,1.1111111111111112,0,-0.01915447275555504,-0.0024780840562803608,-0.0710535787422586
1623888000004,0.0001,8.0,1.1111111111111112,0,0.03422875485723931,0.0005913161006927403,-0.08926761277242778
1623916800000,0.0001,8.0,1.1111111111111112,0,-0.013117773457484994,-0.04239844469456677,-0.09822163102425052
1623945600002,0.0001,8.0,1.1111111111111112,0,-0.016118381433750995,-0.07520526951877426,-0.12267994567677676
1623974400009,-5.78e-06,8.0,0.3703703703703704,0,-0.011823554242296419,-0.061962853524693995,-0.049155761924862706
1624003200014,9.549e-05,8.0,1.4814814814814816,0,-0.04880841011708714,-0.04470330928367894,-0.1442509365695709
1624032000007,0.0001,8.0,1.8518518518518516,0,-0.0020298823835849245,0.005429486287066743,-0.10974388453023043
1624060800003,-0.00018201,8.0,0.3703703703703704,0,0.006358534971942387,-0.029682163251897875,-0.15389184640515519
1624089600001,-1.78e-06,8.0,1.1111111111111112,0,0.0011089548100915447,-0.01643757210442076,-0.13285546920414615
1624118400000,0.0001,8.0,2.5925925925925926,0,-0.03671440786660973,-0.06008176571184265,-0.1676375231580448
1624147200005,4.657e-05,8.0,1.8518518518518516,0,0.02009507246376807,0.04466086956521753,-0.12751304347826087
1624176000000,7.41e-06,8.0,1.4814814814814816,0,-0.04209198146391491,-0.0871114298292992,-0.08926277759875101
1624204800002,-0.00024432,8.0,0.3703703703703704,0,0.06633623995228222,-0.06156919551983042,-0.060177426837466075
1624233600019,4.439e-05,8.0,2.5925925925925926,0,-0.11065237175645393,-0.16528822889614003,-0.12521808616900854
1624262400000,-7.382e-05,8.0,1.1111111111111112,0,-0.01736155995505473,-0.03528493442182823,-0.04718247536468223
1624291200024,-7.303e-05,8.0,1.4814814814814816,0,-0.051519401117859465,-0.05203898383744621,0.0024970237494703618
1624320000008,0.0001,8.0,4.814814814814815,0,0.03137913978609008,0.0005690793147645756,0.057030256936651424
1624348800009,4.434e-05,8.0,3.3333333333333335,0,-0.030955585464333746,0.038824688149420084,-0.0019646973283210523
1624377600001,-7.59e-06,8.0,1.8518518518518516,0,0.0011174968071518965,0.05646019582801176,-0.027538314176245193
1624406400003,4.046e-05,8.0,3.7037037037037033,0,0.0708127358741295,0.047408706745335705,-0.042146388135863466
1624435200000,-9.115e-05,8.0,1.1111111111111112,0,-0.014631715339380014,-0.04493172530648848,-0.12576497558058408
1624464000000,-6.683e-05,8.0,2.2222222222222223,0,-0.006230907729967039,0.004051101535473611,-0.10096396997835377
1624492800009,-4.432e-05,8.0,2.5925925925925926,0,-0.02616100563819146,0.00861207110921658,-0.07617394658181464
1624521600018,0.0001,8.0,7.037037037037037,0,0.03562904520203847,0.008588074666221912,-0.03155387870386772
1624550400001,0.0001,8.0,7.037037037037037,0,7.547891370762727e-05,-0.08044039430184513,-0.07456813481540381
1624579200009,0.0001,8.0,7.037037037037037,0,-0.02618417477584456,-0.09331005403882342,-0.006797621084197902
1624608000004,0.0001,8.0,7.037037037037037,0,-0.05578634094925139,-0.09270339254528737,0.05323909022331064
1624636800000,7.207e-05,8.0,6.296296296296296,0,-0.0055188423571150835,-0.026751055314349625,0.15910472112873464
1624665600007,4.234e-05,8.0,5.185185185185185,0,-0.02553259970810373,0.010199721422189834,0.15359515208017704
1624694400000,-5.794e-05,8.0,2.5925925925925926,0,0.013322008391098095,0.06102927763589938,0.21459435425027373
1624723200002,-0.00014961,8.0,1.1111111111111112,0,0.02586658701936906,0.03642173244143376,0.2483643187620106
1624752000005,-6.018e-05,8.0,2.9629629629629632,0,0.02087464774031944,0.08435555018430119,0.1895143348403363
1624780800010,-0.00027281,8.0,0.3703703703703704,0,-0.010369190535894135,0.09689570004143366,0.16057447575589623
1624809600001,-0.00013791,8.0,1.8518518518518516,0,0.07331223628691985,0.1513495584844926,0.14401452868763331
1624838400025,-4.311e-05,8.0,4.814814814814815,0,0.032680665670356435,0.05311178094683244,0.14795714177157482
1624867200017,0.0001,8.0,10.0,0,0.03875965189407671,0.046971733563572426,0.04547550601924977
1624896000007,-2.358e-05,8.0,5.185185185185185,0,-0.018267082886652353,0.0461588593935216,-0.001142873334686989
1624924800008,8.669e-05,8.0,9.62962962962963,0,0.026659739560032536,0.041654039128531606,0.011035265707454833
1624953600000,6.012e-05,8.0,9.25925925925926,0,0.04343193988801741,0.012596858294730895,-0.03449586753586864
1624982400000,-0.00011947,8.0,2.2222222222222223,0,-0.02570134444029626,-0.055176477467468565,-0.047664883975117145
1625011200011,0.0001,8.0,11.481481481481481,1,-0.0039623530281058805,0.04647221272940549,-0.0032465433318864534
1625040000044,0.0001,8.0,11.481481481481481,1,-0.024489985163204775,-0.011887982195845859,0.01844399109792283
1625068800005,0.0001,8.0,11.481481481481481,1,0.07701118831928078,0.0052614568579549825,0.05487219460261028
1625097600000,0.0001,8.0,11.481481481481481,1,-0.06170570919923157,-0.07139583663828808,-0.01985176176123249
1625126400004,0.0001,8.0,11.481481481481481,1,-0.007559263499690161,-0.036881322847651,0.09597590044858206
1625155200028,4.853e-05,8.0,9.62962962962963,0,-0.0062977234580743335,0.0003498735254485741,0.10730242783858523
1625184000002,-9.5e-07,8.0,7.037037037037037,0,-0.023395012680030303,0.02693971157094399,0.10162580350473194
1625212800016,-2.734e-05,8.0,5.555555555555555,0,0.030805433215107092,0.0701660365592236,0.10788478777721489
1625241600007,-0.00014398,8.0,1.8518518518518516,0,0.020115417881736875,0.04898406741689865,0.04480595900349282
1625270400008,7.139e-05,8.0,11.481481481481481,1,0.017712604535872423,0.03115342738666116,0.019134987374614942
1625299200000,2.925e-05,8.0,8.518518518518519,0,0.01137232415902134,0.06226791175185675,0.06504841997961264
1625328000004,-3.943e-05,8.0,5.9259259259259265,0,0.002775487399918175,0.055225891332459254,0.04037973713971632
1625356800012,0.0001,8.0,14.074074074074074,1,0.049474521362874446,0.040317398981843056,0.0414541761959748
1625385600002,0.0001,8.0,14.074074074074074,1,0.0026972642034508443,-0.0264160637068116,0.018080232906623195
1625414400003,0.0001,8.0,14.074074074074074,1,-0.011391972672929018,-0.05611016225448329,-0.0011315115286080202
1625443200004,2.596e-05,8.0,8.88888888888889,0,-0.017846345213620607,-0.04995853704887443,0.001693070504293015
1625472000000,0.0001,8.0,14.444444444444443,1,-0.027435802599598436,0.030495966747684067,-0.03844358730494202
1625500800009,7.226e-05,8.0,13.333333333333334,1,-0.004948905043449914,0.044540145391049446,-0.019727764985818297
1625529600008,2.925e-05,8.0,9.25925925925926,0,0.06285090809901583,0.05373582160798307,-0.03905166731070853
1625558400019,-3.935e-05,8.0,6.296296296296296,0,-0.012340134308567507,0.017122203687069515,-0.09479447367295435
1625587200000,9.559e-05,8.0,15.555555555555555,1,0.004697358385911565,0.013875407335505852,-0.057234971919850164
1625616000007,3.679e-05,8.0,10.37037037037037,1,0.025920572944754916,0.0005996936816445864,-0.07342148974264939
1625644800001,9.363e-05,8.0,15.555555555555555,1,-0.01622419499312422,-0.08040186212377998,-0.10824120138103299
1625673600008,0.0001,8.0,16.666666666666664,1,-0.008596404984290595,-0.07368286062367746,-0.09493235300403957
1625702400002,-1.075e-05,8.0,7.4074074074074066,0,-0.057130784222417685,-0.08860230075369513,-0.08688622134837265
1625731200010,8.639e-05,8.0,15.185185185185185,1,-0.009036282319800137,-0.03222148037718231,-0.04095137053330522
1625760000003,0.0001,8.0,17.40740740740741,1,-0.024564139955144948,0.00662211926275269,-0.012432048288401387
1625788800000,0.0001,8.0,17.40740740740741,1,0.002006600535408243,0.012379544950212651,0.009282298006147105
1625817600006,2.471e-05,8.0,9.62962962962963,0,0.03073789857674769,0.002012966148146722,0.012862192148486828
1625846400000,0.0001,8.0,17.77777777777778,1,-0.014419010847582237,-0.025956058098915102,-0.04100478029049459
1625875200002,0.0001,8.0,17.77777777777778,1,-0.012632294533145294,-0.013940689212029844,-0.05686162213002932
1625904000000,0.0001,8.0,17.77777777777778,1,-0.0014042627385008055,-0.011337772311520111,-0.04354628176673225
1625932800001,0.0001,8.0,17.77777777777778,1,0.00021726090673368503,0.010754414883316743,-0.055155931931213265
1625961600001,0.0001,8.0,17.77777777777778,1,-0.009699064564415605,0.008424114499959945,-0.08413726017953194
1625990400025,0.0001,8.0,17.77777777777778,1,0.020432102003156594,0.022081928675990126,-0.09681049404202768
1626019200006,0.0001,8.0,17.77777777777778,1,-0.0020887460047475104,-0.022050989701127066,-0.06655483075082713
1626048000000,0.0001,8.0,17.77777777777778,1,0.002844218237613827,-0.04974107322458576,-0.06682041662183602
1626076800021,0.0001,8.0,17.77777777777778,1,-0.02362957779332875,-0.05435036155819917,-0.08897597387450429
1626105600000,0.0001,8.0,17.77777777777778,1,-0.026385287506170974,-0.04051016348813019,-0.08086215904025607
1626134400000,0.0001,8.0,17.77777777777778,1,-0.0008073488436204368,-0.04349838037945386,-0.0529404235627714
1626163200013,-1.436e-05,8.0,7.4074074074074066,0,-0.013078441045880629,-0.06553527380365065,-0.05990626541687227
1626192000005,0.0001,8.0,18.14814814814815,1,-0.03046253667851384,-0.0014396472864148802,-0.0348264675154587
1626220800000,0.0001,8.0,18.14814814814815,1,-0.02249122481960697,0.026685812514796847,-0.034395619100556885
1626249600000,0.0001,8.0,18.14814814814815,1,0.05060338654648078,0.027563076534265596,-0.013478791963270287
1626278400005,-1.55e-05,8.0,7.4074074074074066,0,-0.00140668098377561,-0.041394466387332796,-0.05655758631564711
1626307200005,5.808e-05,8.0,14.814814814814813,1,-0.021064768397834333,-0.03757770202526567,-0.048340685783035964
1626336000001,0.0001,8.0,18.88888888888889,1,-0.019387744651215177,-0.024175790411618325,0.0035743913804935357
1626364800000,9.847e-05,8.0,18.88888888888889,1,0.00319135622210176,0.008791873513829263,-0.013714488340077602
1626393600000,0.0001,8.0,19.25925925925926,1,-0.008540388813806032,-0.02476868697369783,-0.019185986069237937
1626422400000,0.0001,8.0,19.25925925925926,1,0.014244745382385293,-0.017663064848456145,-0.007659761871057991
1626451200001,6.785e-05,8.0,15.555555555555555,1,-0.029997617592525394,-0.023922478532436897,-0.0573124372028464
1626480000004,0.0001,8.0,19.62962962962963,1,-2.66965668216379e-05,0.013599231138875512,-0.03029526402904592
1626508800009,0.0001,8.0,19.62962962962963,1,0.006289879061323722,0.04640521130896769,-0.06076300824945935
1626537600006,5.313e-05,8.0,14.814814814814813,1,0.00729055570589443,0.001284071674546139,-0.04100539628468203
1626566400000,0.0001,8.0,20.0,1,0.032924327830126554,-0.005051490400586278,-0.058276693013862624
1626595200001,0.0001,8.0,20.0,1,-0.03710148181409967,-0.033004041311180954,-0.04466873494713641
1626624000003,0.0001,8.0,20.0,1,-0.00013778119286711465,-0.0354468615034047,0.03601388410481965
1626652800002,1.98e-06,8.0,10.0,0,0.004393705711817297,-0.03743394866413319,0.052162667811468166
1626681600006,6.91e-06,8.0,10.37037037037037,1,-0.039533951073305484,-0.07178061084492471,0.047106190767671974
1626710400006,3.1e-06,8.0,10.37037037037037,1,-0.00219760900140642,-0.007037842827004259,0.11756658755274252
1626739200002,-2.156e-05,8.0,7.4074074074074066,0,-0.031445467359704105,-0.014073649898687424,0.11593141573429655
1626768000011,-0.00041611,8.0,0.3703703703703704,0,0.027458002899292122,0.0643358631079276,0.1707114635740885
1626796800001,-5.126e-05,8.0,5.555555555555555,0,-0.009267712396602734,0.08169972611835008,0.1315129886297619
1626825600022,1.65e-06,8.0,11.11111111111111,1,0.045582486317435666,0.1086842399195802,0.17820842175806995
1626854400000,-0.00025489,8.0,1.1111111111111112,0,0.04233315536572335,0.061334757074212654,0.13769887880405762
1626883200018,-0.00028858,8.0,0.7407407407407408,0,0.01544749131718004,0.04048061135237169,0.10129359952123007
1626912000002,0.0001,8.0,23.333333333333332,2,-0.0004332035401797274,0.02090458943890061,0.09885604041889784
1626940800006,0.0001,8.0,23.333333333333332,2,0.02509637916698182,0.03779071232393494,0.09557285761080458
1626969600010,0.0001,8.0,23.333333333333332,2,-0.0036575473785119827,0.005353587493547529,0.04653049185163338
1626998400013,8.643e-05,8.0,21.11111111111111,2,0.016099984704274428,0.04094813762205729,0.07493918715553782
1627027200000,0.0001,8.0,23.703703703703706,2,-0.007294953637055568,0.032883033537397965,0.12907463149578047
1627056000005,0.0001,8.0,23.703703703703706,2,0.03161796346281731,0.05281070296913515,0.14375757931385214
1627084800000,0.0001,8.0,23.703703703703706,2,0.003390293401641431,0.028125309011117317,0.04944648751477354
1627113600002,0.0001,8.0,23.703703703703706,2,0.00915865947972816,0.01898289196156555,0.031066322943520186
1627142400001,-2.614e-05,8.0,8.518518518518519,0,0.013199940549176947,-0.011258499609853923,0.05771838888269598
1627171200003,-1.521e-05,8.0,10.0,0,-0.0034197280720251744,-0.0013156326496932547,0.052620721901845524
1627200000015,4.969e-05,8.0,18.88888888888889,1,-0.020791168353265777,0.07340386384544617,0.05464121435142588
1627228800000,0.0001,8.0,24.814814814814813,2,0.022779790669660294,0.09898428381931801,0.07172353021134592
1627257600000,0.0001,8.0,24.814814814814813,2,0.06750012602712108,0.021378782532182505,0.053389671275440254
1627286400000,0.0001,8.0,24.814814814814813,2,0.00656403475632783,-0.05486485558264942,-0.01595717278565789
1627315200000,0.0001,8.0,24.814814814814813,2,-0.04944447998635204,-0.02832832192438106,-0.010184889002623043
1627344000046,0.0001,8.0,24.814814814814813,2,-0.01338344650657941,0.029884016110368616,0.06603367389958836
1627372800014,0.0001,8.0,24.814814814814813,2,0.03524443353426232,0.04228150087736027,0.09165007409831882
1627401600007,0.0001,8.0,24.814814814814813,2,0.008316829944100768,0.0020814030588722776,0.028687354817745536
1627430400000,0.0001,8.0,24.814814814814813,2,0.001809587762826137,0.002280516626405271,0.06985880854997517
1627459200002,0.0001,8.0,24.814814814814813,2,-0.004684249320696554,0.0003445583764758453,0.06440188591192375
1627488000005,5.618e-05,8.0,19.62962962962963,1,0.007366183913586344,0.01823798777415031,0.07632611029556746
1627516800004,5.723e-05,8.0,20.0,1,-0.002296790583158681,0.0339255109054053,0.09663050381493421
1627545600000,0.0001,8.0,25.555555555555554,2,0.012468425392310412,0.04897499770961389,0.1310013567810695
1627574400007,0.0001,8.0,25.555555555555554,2,0.022886210176143784,0.008163809835303626,0.10951210800156641
1627603200004,0.0001,8.0,25.555555555555554,2,0.010324589267307616,0.031339798472768576,0.07793087489744832
1627632000000,0.0001,8.0,25.555555555555554,2,-0.024138576389610922,0.014805880762752466,0.08857327039447704
1627660800000,0.0001,8.0,25.555555555555554,2,0.045661244198584416,0.04956934210133768,0.12223780157772945
1627689600000,0.0001,8.0,25.555555555555554,2,-0.005502231460536744,0.03156242994844183,0.060985103217786385
1627718400014,0.0001,8.0,25.555555555555554,2,0.006466020610953027,0.05934151488454997,0.017668872543998182
1627747200003,0.0001,8.0,25.555555555555554,2,0.0263696803638096,0.04963297411073064,0.016370616758202727
1627776000005,0.0001,8.0,25.555555555555554,2,0.02549385164617224,0.016295120983736533,-0.001788972629908847
1627804800016,0.0001,8.0,25.555555555555554,2,-0.0027579324403254057,0.013801266405442991,-0.04054122006598926
1627833600001,0.0001,8.0,25.555555555555554,2,-0.006229297090150188,0.022900230398659405,0.04001334295267145
1627862400000,0.0001,8.0,25.555555555555554,2,0.026821757125203405,0.02123536219375821,0.07032423844177238
1627891200014,0.0001,8.0,25.555555555555554,2,0.00619241114862934,-0.05241610866288926,0.02476201377363174
1627920000021,0.0001,8.0,25.555555555555554,2,-0.01447758590615722,-0.05336761237382348,0.046906164918587345
1627948800000,0.0001,8.0,25.555555555555554,2,-0.04415368894966931,-0.035644865126499115,0.08529567682603578
1627977600000,0.0001,8.0,25.555555555555554,2,0.004577532713886168,-0.0025118155804906284,0.11256550815033917
1628006400009,7.59e-06,8.0,14.444444444444443,1,0.008031436765954636,0.07404944641169031,0.141209081732387
1628035200000,2.73e-06,8.0,13.333333333333334,1,-0.011312983241647756,0.08680722915562922,0.14966997159803852
1628064000000,0.0001,8.0,26.296296296296294,2,0.07874729551690396,0.08036696360581641,0.19073807710748247
1628092800003,9.39e-05,8.0,25.185185185185183,2,0.014903218587998479,0.02967963301383647,0.14840189460336406
1628121600000,0.0001,8.0,26.666666666666668,2,-0.017171802324515872,0.03552015716689083,0.15496406200175206
1628150400000,0.0001,8.0,26.666666666666668,2,0.02987178626569098,0.0323965302484468,0.1721785892759915
1628179200001,0.0001,8.0,26.666666666666668,2,0.02206542841412884,0.03190287154820193,0.09662861116745369
1628208000000,0.0001,8.0,26.666666666666668,2,-0.020136484946305044,0.021555843438741062,0.06869907476231951
1628236800004,0.0001,8.0,26.666666666666668,2,0.028108275864557664,0.06520225039425198,0.06410520123995411
1628265600003,0.0001,8.0,26.666666666666668,2,0.012453667303156335,0.08081896551724133,0.10952768729641682
1628294400015,0.0001,8.0,26.666666666666668,2,0.023335552134903015,0.09307872585319865,0.09348781739263079
1628323200001,0.0001,8.0,26.666666666666668,2,0.04318116371643943,0.06253578385703396,0.06569662064876769
1628352000002,0.00018202,8.0,92.5925925925926,9,0.023937958112632884,-0.016741307023554808,0.01272079526891634
1628380800000,0.00013627,8.0,91.85185185185185,9,-0.002522928501158317,-0.041823490209768055,-0.0020691187204467942
1628409600002,0.0001,8.0,26.666666666666668,2,-0.03465185534731574,-0.059824508822385325,0.03333503382924041
1628438400018,0.0001,8.0,26.666666666666668,2,-0.0011527053896407402,0.04404061222198008,0.07074110038775827
1628467200000,0.00014093,8.0,92.96296296296296,9,-0.022548198098240935,0.04595420808065409,0.04459959394696145
1628496000000,0.00021302,8.0,95.18518518518519,9,0.07298651748592966,0.06554216377578159,0.06479332346174305
1628524800002,0.0001,8.0,26.666666666666668,2,-0.002182853527364803,-0.013483074976273324,-0.04205631129389431
1628553600000,0.00045734,8.0,97.4074074074074,9,-0.00424311127717647,-0.004268443284801471,-0.03561363621970448
1628582400003,0.0001,8.0,26.666666666666668,2,-0.00867541731968069,0.030270180915353384,0.026229706231104988
1628611200000,0.0001,8.0,26.666666666666668,2,0.00838239632636828,0.04125780839137505,0.032057695514423834
1628640000006,0.00043227,8.0,97.77777777777777,9,0.031089632441134274,0.0027138207605696962,0.05563491634241857
1628668800003,0.00025633,8.0,96.29629629629629,9,0.0002931293564423232,-0.032352224234700966,0.020195069872781968
1628697600000,0.0001,8.0,26.666666666666668,2,-0.02868097687167015,-0.06739244248714238,0.006852268177758525
1628726400013,0.0001,8.0,26.666666666666668,2,-0.0049687470254148325,-0.033128153060253185,0.03894088904400794
1628755200001,0.0001371,8.0,93.7037037037037,9,-0.034431958776036,0.029381002793331668,0.007318146452213625
1628784000000,0.00018477,8.0,95.18518518518519,9,0.00571943717039769,0.06278832468703244,0.04302126296532349
1628812800000,0.0001,8.0,26.666666666666668,2,0.060789535032620856,0.08964765447745737,0.08976914161131333
1628841600000,0.0001,8.0,26.666666666666668,2,-0.003813379638657577,0.024780777099912443,0.014386841364026015
1628870400002,0.00042196,8.0,97.77777777777777,9,0.029970603664763784,0.014452939478316162,-0.00032283198147442516
1628899200006,0.0001,8.0,26.666666666666668,2,-0.003526178105146327,-0.013143301467131274,-0.052148256199442966
1628928000000,0.00025028,8.0,97.03703703703704,9,-0.012516650104657856,-0.04614910640662806,-0.0411805037468399
1628956800000,0.00051663,8.0,98.88888888888889,9,-0.00029363634973311736,-0.03389052869836506,-0.031128511783687918
1628985600003,0.00037689,8.0,97.4074074074074,9,-0.03525499094498896,0.013611529334876638,-0.07609263291626323
1629014400000,0.00015074,8.0,94.44444444444444,9,0.0001741608613046175,0.0377485750474984,-0.03949335022165923
1629043200007,0.0001,8.0,26.666666666666668,2,0.05137115397408154,0.020153128296424017,-0.016218801772664326
1629072000012,0.00025793,8.0,97.4074074074074,9,-0.01372401325700523,-0.052422416390478954,-0.08894245254594757
1629100800003,0.0001,8.0,26.666666666666668,2,-0.016190868960882288,-0.03157830423559238,-0.08019673433227936
1629129600010,0.0001,8.0,26.666666666666668,2,-0.023425297706842096,-0.01864956760701142,-0.04502476361999097
1629158400018,0.0001,8.0,26.666666666666668,2,0.007971357801723977,-0.03807301089662685,0.012912518561149167
1629187200015,0.0001,8.0,26.666666666666668,2,-0.0030567051935598277,-0.04201471256245903,0.01708158784636349
1629216000006,0.0001,8.0,26.666666666666668,2,-0.04275421704283333,-0.017326975468217487,0.040836732175459245
1629244800000,0.0001,8.0,26.296296296296294,2,0.004084821280793349,-0.00044026031632538043,0.08679086641906153
1629273600000,0.0001,8.0,26.296296296296294,2,0.024161963287266497,-0.010645242114147191,0.08606854626015403
1629302400011,0.0001,8.0,26.296296296296294,2,-0.026348921152873905,-0.009717835028641653,0.05269462234715672
1629331200000,0.0001,8.0,26.296296296296294,2,-0.0061663592318214056,0.055070025599332384,0.0690850805236436
1629360000014,0.0001,8.0,26.296296296296294,2,0.021428595151664176,0.07084189934671348,0.08406040658534097
1629388800000,0.0001,8.0,26.296296296296294,2,0.03641556819216918,0.06988379809756795,0.03323725747895234
1629417600000,0.00023469,8.0,97.03703703703704,9,0.009959509086914231,0.030518848676982957,0.01800433158605097
1629446400001,0.00015342,8.0,95.55555555555556,9,0.02022808546536692,0.021397356888311236,0.032934995332218886
1629475200001,0.00036239,8.0,98.14814814814815,9,-0.004249950599644281,-0.006131724148413786,0.012327288756479149
1629504000005,0.0001,8.0,26.296296296296294,2,0.005419069629702067,-0.015442058696919836,0.0167579003929208
1629532800001,0.0001,8.0,26.296296296296294,2,-0.007269480933554284,-0.008863665348807448,0.01816155616691284
1629561600000,0.00036746,8.0,98.14814814814815,9,-0.012468721130138527,-0.028403355175008693,-0.01863272335713273
1629590400005,0.0002266,8.0,95.92592592592592,9,0.01213684807853932,0.006468437683145867,-0.011234491719097406
1629619200007,0.00018006,8.0,94.44444444444444,9,-0.02728835212911651,0.02033988658192465,-0.024825139474821012
1629648000002,0.0001,8.0,26.296296296296294,2,0.0222963438909467,0.04883211127069309,0.013300954972661039
1629676800003,0.0001,8.0,26.296296296296294,2,0.02608642070399747,0.026067934991912622,-0.00442732804436563
1629705600005,0.00113675,8.0,100.0,9,-0.0001261102203325981,0.00678893352790344,-0.06940566054731834
1629734400002,0.00035008,8.0,97.03703703703704,9,0.00010810810810824023,-0.0354834834834834,-0.06580480480480488
1629763200006,0.00032752,8.0,96.66666666666667,9,0.006807071908142115,-0.042547952773874353,-0.07033774126520853
1629792000004,0.00030158,8.0,96.29629629629629,9,-0.04210818274814121,-0.05070935840120727,-0.06853502652824461
1629820800000,0.00056014,8.0,99.62962962962963,9,-0.008126381282203998,0.0021040688014912767,0.010330198530580592
1629849600015,0.00019472,8.0,93.33333333333333,9,-0.001775040299059727,0.01339747731021812,0.025575006429032987
1629878400000,0.00016989,8.0,91.85185185185185,9,0.009204206560979422,-0.02575105948830647,0.015517187254747933
1629907200000,0.0001,8.0,26.296296296296294,2,0.0036518374279119747,-0.03336423190100857,0.010436043075506385
1629936000001,0.0001,8.0,26.296296296296294,2,-0.04088346155512512,-0.04186137192159389,0.005418737505338278
1629964800016,0.0001,8.0,26.296296296296294,2,0.0037428168568727216,0.007730852749195716,0.03520829098465117
1629993600004,0.0001,8.0,26.296296296296294,2,-0.004744653424926026,0.04330942790923431,0.027381407773388267
1630022400013,0.0001,8.0,26.296296296296294,2,0.008759378704245036,0.05623185222747251,0.04316707093740213
1630051200001,0.0001,8.0,26.296296296296294,2,0.03918059188724499,0.03624452890116947,0.018231126109828688
1630080000004,0.0001,8.0,26.296296296296294,2,0.007582573330046971,0.0007887601676115352,-0.00787219620409163
1630108800000,0.0001,8.0,26.296296296296294,2,-0.011942468456306199,-0.007724425249616029,-0.015290024831782323
1630137600000,0.00014426,8.0,90.74074074074075,9,0.004154649405087696,-0.009100660601620403,0.039849393959065615
1630166400000,0.00011073,8.0,89.25925925925927,8,0.00011390328072224953,-0.018584705560019343,0.0444622995533146
1630195200000,0.00016779,8.0,91.48148148148148,9,-0.013312853598625884,-0.00728282349464715,0.05238338555870903
1630224000002,0.0001,8.0,26.296296296296294,2,-0.0038461658339540294,-0.008795688803418522,0.09822371968495114
1630252800005,0.0001,8.0,26.296296296296294,2,0.010547394440011848,0.007509269254235784,0.12273900596048248
1630281600013,0.0001,8.0,26.296296296296294,2,-0.015354082037055461,0.00027865847617158934,0.18726159219260863
1630310400008,0.0001,8.0,26.296296296296294,2,0.012540210114553751,0.05803463336865633,0.17774207039246326
1630339200000,0.0001,8.0,26.296296296296294,2,0.00022027388420409189,0.05259892158870216,0.16655187605095456
1630368000000,0.0001,8.0,26.296296296296294,2,0.04338439873820166,0.06046892495897915,0.17619891003948562
1630396800007,0.0001,8.0,26.296296296296294,2,0.008066026100162604,0.0471954659066256,0.12936550629619625
1630425600003,0.00020707,8.0,93.33333333333333,9,0.00834642837137034,0.05792085191944274,0.1724771291352558
1630454400000,0.0001,8.0,26.296296296296294,2,0.030062124881541363,0.12003790670738135,0.15199829185824765
1630483200006,0.0001,8.0,26.296296296296294,2,0.018390648014916744,0.0629737791362639,0.11194455560191052
1630512000000,0.0001,8.0,26.296296296296294,2,0.067584822548719,0.048286821489308185,0.09301067774401295
1630540800009,0.00025742,8.0,95.18518518518519,9,-0.023249021402660608,-0.009534315451276143,0.014330159574606816
1630569600006,0.00079808,8.0,99.62962962962963,9,0.004888637322383094,0.014575134430851566,0.03444740509742572
1630598400007,0.0002889,8.0,95.18518518518519,9,0.00910798596073592,0.05663530593320987,0.03914467828457413
1630627200011,0.00027417,8.0,94.81481481481482,9,0.0005265915571575075,0.035489637994634116,0.038844026213727734
1630656000000,0.00037778,8.0,97.4074074074074,9,0.0461847812355245,0.03180664926095922,0.039783972712342575
1630684800002,0.00065309,8.0,99.25925925925925,9,-0.01108655255740032,-0.013528158938265755,-0.012270895096419543
1630713600003,0.00076883,8.0,99.25925925925925,9,-0.0037708502847845216,-0.01100488201790073,-0.0016069975589910745
1630742400008,0.0007142,8.0,98.88888888888889,9,0.0013067991842714566,-0.011110345408464006,-0.009670824432040037
1630771200009,0.0007567,8.0,98.88888888888889,9,-0.008557030300095136,-0.003066460366700774,-0.11861313403465124
1630800000002,0.00070354,8.0,98.14814814814815,9,-0.0038770850901910237,0.014402805487566672,-0.11691674036899158
1630828800002,0.00058378,8.0,97.4074074074074,9,0.009451688502080335,0.01930859685528752,-0.15631162180857106
1630857600000,0.00080725,8.0,99.62962962962963,9,0.009779345062414624,0.004673745001086083,-0.12603523835077357
1630886400003,0.00085353,8.0,99.62962962962963,9,0.0009403022146525775,-0.004830770946435692,-0.11256760798268417
1630915200008,0.00041269,8.0,94.44444444444444,9,-0.005357979363170173,-0.017514717984427386,-0.11439134012787244
1630944000009,0.00044698,8.0,95.18518518518519,9,-0.000409868409328773,-0.11973503662085139,-0.10370689062623317
1630972800004,0.00058234,8.0,96.29629629629629,9,-0.01181720013854648,-0.1252292129337218,-0.12554501742018287
1631001600002,0.00066382,8.0,97.03703703703704,9,-0.10884311663677027,-0.1575379889074452,-0.12116245025875749
1631030400001,0.0001,8.0,26.296296296296294,2,-0.006648813104437656,-0.01288406367127859,-0.04621489056499006
1631059200005,0.0001,8.0,26.296296296296294,2,-0.048314734319910735,0.01939867880527668,-0.06091528690421777
1631088000000,0.0001,8.0,26.296296296296294,2,0.045457324342334626,0.06959668889962156,-0.006685170354158054
1631116800000,0.0001,8.0,26.296296296296294,2,0.02209857520035796,0.03076491244484858,-0.031016364875019353
1631145600006,0.0001,8.0,26.296296296296294,2,-0.0011166961786714946,-0.019383675101387943,-0.06988347518135607
1631174400014,0.0001,8.0,26.296296296296294,2,0.0066419060526263785,-0.025026519017924187,-0.05024174479412369
1631203200002,0.0001,8.0,26.296296296296294,2,-0.024764820832102408,-0.06327114908314202,-0.02668204230952753
1631232000001,0.0001,8.0,25.925925925925924,2,-0.006864655325568791,-0.060576141754986934,-0.0074209341406656915
1631260800018,0.0001,8.0,25.925925925925924,2,-0.03284496005818249,-0.048557754343159454,-0.06288050299710257
1631289600006,0.0001,8.0,25.925925925925924,2,-0.021959029218062143,0.004533105313587749,-0.03049764096593044
1631318400000,0.0001,8.0,25.925925925925924,2,0.01081252585705439,0.014591932910081207,0.02131398940521767
1631347200001,0.0001,8.0,25.925925925925924,2,0.02112267983405136,0.023853555995290376,0.02297819614225216
1631376000000,0.0001,8.0,25.925925925925924,2,-0.01579638207027667,0.03262775154267428,0.02312578265264542
1631404800000,0.0001,8.0,25.925925925925924,2,0.018358524695710754,0.042628077382959706,0.05406383174418261
1631433600002,0.0001,8.0,25.925925925925924,2,0.03161266433256982,-0.038000824861444404,0.024234067981828922
1631462400000,0.0001,8.0,25.925925925925924,2,-0.00626501236054211,-0.06542028765289953,0.022158390265853978
1631491200000,0.0001,8.0,25.555555555555554,2,-0.06033392732170051,-0.034530719784517494,0.06253932967530607
1631520000007,0.0001,8.0,25.555555555555554,2,0.0005758025247688536,0.03861319213654024,0.13751979321178887
1631548800005,0.0001,8.0,25.555555555555554,2,0.026684347809769138,0.06181936460477,0.13259606302660298
1631577600002,0.0001,8.0,25.555555555555554,2,0.011036646662808014,0.049913181222773995,0.08664209339872664
1631606400000,0.0001,8.0,25.555555555555554,2,0.022502540658068115,0.025581486518680308,0.06124418362700412
1631635200007,0.0001,8.0,25.555555555555554,2,0.01517213346529056,0.03136929167255764,0.014998350534898064
1631664000012,0.0001,8.0,25.555555555555554,2,-0.012847630238934649,0.04813509161335228,-0.012360186273229878
1631692800003,0.0001,8.0,25.555555555555554,2,0.029177578499060886,0.06840139083611807,0.03125266366278989
1631721600006,0.0001,8.0,25.555555555555554,2,0.03167463458935216,0.034213517480879974,-0.0077851459643470955
1631750400008,0.0001,8.0,25.555555555555554,2,0.006239532727096542,-0.012548270564298414,-0.05076610056886599
1631779200005,0.0001,8.0,25.185185185185183,2,-0.0037551685149064262,-0.032734615501005426,-0.05263013103199732
1631808000002,0.0001,8.0,24.814814814814813,2,-0.014972358298309563,-0.04842958683802134,-0.06984983459161531
1631836800000,0.0001,8.0,24.814814814814813,2,-0.014842477142809174,-0.047035703687944075,-0.06606330028162066
1631865600047,0.0001,8.0,24.444444444444443,2,-0.019920364050056927,-0.0021046643913538166,-0.11200227531285556
1631894400013,0.0001,8.0,24.074074074074073,2,-0.012191087534388134,0.008218319423324738,-0.10612427306178829
1631923200000,0.0001,8.0,24.074074074074073,2,0.029701894153036257,0.008466112051137564,-0.12637772607633013
1631952000010,0.0001,8.0,23.703703703703706,2,-0.009781679302285684,-0.018503106652225987,-0.12627543749643722
1631980800005,0.0001,8.0,23.333333333333332,2,-0.01301564640731323,-0.030478257365554984,-0.12549938404503957
1632009600006,0.0001,8.0,22.962962962962962,2,0.004263559109493498,-0.024458597983120667,-0.19582917767551455
1632038400015,0.0001,8.0,22.59259259259259,2,-0.02186323932537282,-0.09335362170701111,-0.14476083724387856
1632067200007,0.0001,8.0,22.22222222222222,2,-0.006887563494725968,-0.08553938231618063,-0.10698583002562057
1632096000018,0.0001,8.0,21.85185185185185,2,-0.0666598907685364,-0.1104989552162956,-0.08237499215291211
1632124800000,0.0001,8.0,21.85185185185185,2,-0.012623246371056829,-0.01697509614738002,0.00712179095109855
1632153600005,0.0001,8.0,21.48148148148148,2,-0.03399388363319977,-0.013635212611922354,0.004976852603351567
1632182400005,0.0001,8.0,21.11111111111111,2,0.030246509048747372,-0.07326376636252119,0.05906135000252055
1632211200007,0.0001,8.0,20.74074074074074,2,-0.008902154588899203,-0.03926864673549613,0.008608569424736201
1632240000000,0.0001,8.0,20.37037037037037,2,-0.09032902347625194,-0.009027299423558066,-0.051955585291335704
1632268800005,0.0001,8.0,20.0,1,0.06803865750394378,0.11317292524160938,0.062272669579880535
1632297600006,0.0001,8.0,19.62962962962963,1,0.02134002451471395,0.06600977193167124,-0.017934448605683273
1632326400000,0.0001,8.0,19.62962962962963,1,0.021491715279671864,0.02947378223591013,-0.028738766903689705
1632355200003,0.0001,8.0,19.62962962962963,1,0.022787762694526537,0.02660255470529016,-0.04876483484980276
1632384000000,0.0001,8.0,19.62962962962963,1,-0.015799430851655805,-0.01838762499801283,-0.11930175990842751
1632412800007,0.0001,8.0,19.62962962962963,1,0.017993338911160617,-0.07063273883169285,-0.010847689778039071
1632441600000,5.5e-07,8.0,8.518518518518519,0,-0.020166562987977588,-0.07185567926468539,-0.03053548985006793
1632470400017,8.75e-06,8.0,11.11111111111111,1,-0.06953563135119056,-0.06455170540178667,0.0006112667128082006
1632499200000,-0.0001122,8.0,2.9629629629629632,0,0.016641809983695577,0.015240796943497115,0.06177667921668428
1632528000007,-7.48e-06,8.0,7.777777777777778,0,-0.012603822795440478,-0.0031850938971142995,-0.0008090752986238403
1632556800002,-1.988e-05,8.0,5.9259259259259265,0,0.012391308105865528,-0.038926824208688315,-0.0019983750237695386
1632585600004,3.479e-05,8.0,12.592592592592592,1,-0.002817440125128523,0.04570058636905405,-0.03108063342884182
1632614400013,0.0001,8.0,19.25925925925926,1,-0.04800783577744738,0.04537079529031418,-0.03794940991938189
1632643200000,2.634e-05,8.0,11.11111111111111,1,0.10345362909048883,0.11558790399445451,0.0538948098085088
1632672000005,2.827e-05,8.0,11.481481481481481,1,-0.003131929680177392,-0.0026910428117479235,-0.06406249489714277
1632700800000,0.0001,8.0,19.25925925925926,1,0.01160563749161092,-0.044049041593688165,-0.06771537542354855
1632729600001,0.0001,8.0,18.88888888888889,1,-0.012948352042613798,-0.06699139901028817,-0.029180659570823164
1632758400000,0.0001,8.0,18.51851851851852,1,-0.04393636283269875,-0.06918037188256132,-0.022261221469522252
1632787200000,-8.56e-06,8.0,5.9259259259259265,0,-0.010263698630136875,-0.03924315068493156,0.02654109589041087
1632816000014,2.806e-05,8.0,11.11111111111111,1,-0.017110272745854194,0.01129714505451096,0.07319760130535546
1632844800000,1.524e-05,8.0,10.0,0,-0.013187238383341016,0.0068310527981989555,0.1369939146646031
1632873600000,-8.501e-05,8.0,1.8518518518518516,0,0.040532399898767,0.01507800998784492,0.17970991762344912
1632902400002,-2.112e-05,8.0,4.444444444444445,0,-0.018268828917709756,0.028901951918004487,0.12405881103597594
1632931200000,0.0001,8.0,20.0,1,-0.005104251097012291,0.04327957740574062,0.18449719108974527
1632960000000,-0.00012951,8.0,1.4814814814814816,0,0.05487918362473687,0.052600159426346105,0.19148368338068122
1632988800004,0.0001,8.0,19.62962962962963,1,-0.007840721812521934,0.03139951057914803,0.12954670306803617
1633017600005,0.0001,8.0,19.25925925925926,1,0.008285234899328975,0.0839194630872484,0.14601006711409403
1633046400012,4.598e-05,8.0,13.703703703703704,1,0.031008190528806656,0.10216361754457193,0.13674954820630414
1633075200008,2.073e-05,8.0,10.37037037037037,1,0.04268107661417875,0.05922475515355763,0.09053346503715476
1633104000000,0.0001,8.0,18.88888888888889,1,0.023886572040243026,0.04889616255615081,0.02735153262631629
1633132800000,0.0001,8.0,18.51851851851852,1,-0.008699015279930666,0.02520871291436655,0.022712920409599935
1633161600002,0.0001,8.0,18.51851851851852,1,0.03402278953960747,0.033925268107749096,0.033120716294917196
1633190400011,0.0001,8.0,18.51851851851852,1,0.0013026935104054616,0.006525256633568954,0.00974367589457037
1633219200019,0.0001,8.0,18.51851851851852,1,-0.0013951886595297003,0.005354110066845497,0.03439110611381091
1633248000011,0.0001,8.0,18.14814814814815,1,0.006620193653928297,-0.004223836823721849,0.019327074705613567
1633276800004,0.0001,8.0,18.14814814814815,1,0.00013762367830016942,-0.028900972443054673,0.05745642160867437
1633305600004,0.0001,8.0,17.77777777777778,1,-0.01090883539545251,-0.007310617816007725,0.0432108163181657
1633334400000,0.0001,8.0,17.40740740740741,1,-0.017820066133888535,0.0032031753731123214,0.06984578618286785
1633363200000,0.0001,8.0,17.037037037037038,1,0.01926360452545639,0.03089644871520769,0.08079752587502287
1633392000007,0.0001,8.0,16.666666666666664,1,-0.00017695930820704753,0.0364595161342649,0.05911030758477098
1633420800007,0.0001,8.0,16.296296296296298,1,0.010625337388385336,0.020120884599160282,0.06341869198025951
1633449600004,0.0001,8.0,15.925925925925927,1,0.02574408280137641,0.05408592452488725,0.05527096960622058
1633478400002,0.0001,8.0,15.925925925925927,1,-0.015938057554571006,0.01392623704196927,0.012008320457112864
1633507200000,0.0001,8.0,15.555555555555555,1,0.048140828850933515,0.046601525993096304,0.044732372522865216
1633536000003,0.00014323,8.0,83.33333333333334,8,-0.013335807029543068,-0.00513107359338516,-0.0018165052764493872
1633564800007,0.00031991,8.0,90.74074074074075,9,0.012550622058447924,0.00781888037898848,0.0016586354285650362
1633593600002,0.00019601,8.0,86.29629629629629,8,-0.004182500020787683,-0.0008010222041137105,-0.006699206461394325
1633622400000,0.00024648,8.0,87.77777777777777,8,0.0011200641947239909,0.008517503092714707,-0.008690249311801401
1633651200011,0.00018942,8.0,85.18518518518519,8,0.003890248758712689,-0.009635118614993554,-0.05057044914690223
1633680000003,0.0001,8.0,14.814814814814813,1,0.0028821081830789907,0.001400832177531175,-0.002610263522884848
1633708800002,0.00026363,8.0,89.25925925925927,8,-0.0163080608177818,-0.0029374424335963933,-0.005614885254426105
1633737600006,0.0001,8.0,14.814814814814813,1,0.015076917020720337,0.0035569377156305926,-0.004271137067227593
1633766400003,0.0001,8.0,14.814814814814813,1,-0.0014625836207254883,-0.007293527790473875,-0.03435963490810379
1633795200000,0.0001,8.0,14.814814814814813,1,-0.008667016232622227,-0.012922843025465536,-0.027601838827899794
1633824000000,0.0001,8.0,14.814814814814813,1,0.0042090769415905616,-0.044676665090128465,-0.022153625711191283
1633852800008,0.0001,8.0,14.814814814814813,1,-0.006219793957117137,0.0033122007299677403,-0.03958177536191443
1633881600000,0.0001,8.0,14.814814814814813,1,-0.04055774630469178,0.012004305922892478,-0.01938789563477228
1633910400002,0.0001,8.0,14.814814814814813,1,0.05460150230390437,0.03866042124343361,0.06079022006611079
1633939200001,0.0001,8.0,14.814814814814813,1,-0.00013905923645352036,-0.03047622226115876,0.011277704076382289
1633968000006,0.0003307,8.0,91.11111111111111,9,-0.014978762701351123,-0.024029996467404224,0.060526996542506595
1633996800008,0.0001,8.0,14.444444444444443,1,-0.015596231828398976,-0.01292767505167669,0.07225999932227145
1634025600013,0.0001,8.0,14.444444444444443,1,0.006508874042242985,-0.012662040556395526,0.09359410902435727
1634054400003,0.0001,8.0,14.444444444444443,1,-0.003773477356285748,-0.005001852537976914,0.08267734488557021
1634083200003,0.0001,8.0,14.074074074074074,1,-0.015331315477791208,0.03468213053503688,0.10749658127971706
1634112000015,0.0001,8.0,13.703703703703704,1,0.014317798173667295,0.056443154448018173,0.11970237109478288
1634140800000,0.0001,8.0,13.703703703703704,1,0.035718892146830994,0.09203160872593452,0.12039290208116582
1634169600011,0.00018908,8.0,84.07407407407408,8,0.005377845488554467,0.049890922362712864,0.0585784239180025
1634198400017,0.00028381,8.0,89.25925925925927,8,0.04855423608551934,0.04844147915096797,0.06904574631339822
1634227200000,0.00032142,8.0,90.37037037037037,9,-0.004010498687664121,-0.003900262467191662,-0.005265091863517091
1634256000005,0.00041315,8.0,93.33333333333333,9,0.003989855496124628,0.019509471627255248,0.01687063650704612
1634284800002,0.00039194,8.0,92.5925925925926,9,-0.0035385648483322596,0.010909481989780367,0.008585413453366497
1634313600005,0.00023043,8.0,84.81481481481481,8,0.019063965104678005,0.02786413568531021,-0.00821050913580379
1634342400009,0.00031365,8.0,88.88888888888889,8,-0.004479219675502022,-0.01101981034353594,-0.030267022455511383
1634371200000,0.00024049,8.0,84.81481481481481,8,0.013729217507215896,0.007691888765848587,-0.012142084693763766
1634400000003,0.00052591,8.0,95.18518518518519,9,-0.019487071791509547,-0.030002765940009835,-0.03215917472545482
1634428800001,0.00033305,8.0,90.0,8,0.015319115592064891,0.008525420851235976,0.016181060714892004
1634457600002,0.00037505,8.0,91.11111111111111,9,-0.025650854085202734,-0.01085357069355819,-0.005942580777937856
1634486400002,0.00053706,8.0,95.18518518518519,9,0.0194587972509499,-0.005251499013858796,0.0726760994748501
1634515200006,0.00023924,8.0,82.96296296296296,8,-0.004190417979949124,-0.027750512147809325,0.07677684858812972
1634544000004,0.0003827,8.0,91.48148148148148,9,-0.020132587431502258,-0.00926655587371683,0.08408300628606957
1634572800001,0.0001968,8.0,80.37037037037037,8,-0.0035991081855822893,0.0030443783841171967,0.089523834801996
1634601600002,0.00036846,8.0,90.0,8,0.014741451875845746,0.036350172081277776,0.08401615326421674
1634630400000,0.00035703,8.0,88.88888888888889,8,-0.006817722402925663,0.013937346259966121,0.08814209845137677
1634659200000,0.00020322,8.0,79.62962962962963,7,0.028790289753173326,0.07654590533989558,0.04840056882761257
1634688000017,0.00030103,8.0,85.55555555555556,8,-0.006785760185066159,0.06866469605449188,0.023675620100244155
1634716800004,0.00022709,8.0,80.37037037037037,8,0.051409125022644275,0.07872725861131968,0.03880593152351142
1634745600020,0.00072515,8.0,97.77777777777777,9,0.02335610116300546,0.010372284782474983,0.0066112854593562975
1634774400000,0.00050619,8.0,93.7037037037037,9,0.0017551441811329838,-0.025702898028764132,0.0024754495906265106
1634803200000,0.00051537,8.0,93.7037037037037,9,-0.020564640801877254,-0.006536104366750561,-0.01637501468046898
1634832000008,0.00080402,8.0,98.88888888888889,9,-0.008636041404276429,-0.03189854052118335,-0.025233319285047906
1634860800005,0.00035282,8.0,87.03703703703704,8,0.01753312495085324,-0.021337088149720795,0.00639645749783746
1634889600005,0.00034276,8.0,86.29629629629629,8,-0.04029182837091472,-0.03060768597296648,0.003663552124111513
1634918400018,0.00032256,8.0,84.81481481481481,8,0.0021791919878206834,0.029104543338491995,0.06218749606814389
1634947200005,0.00023902,8.0,78.51851851851852,7,0.007894320558628598,0.04774758261542056,0.06061602818252365
1634976000001,0.00015138,8.0,71.48148148148148,7,0.018823881117574492,0.02107347940359494,0.048205677557578985
1635004800004,0.00024606,8.0,79.25925925925927,7,0.02033445731989114,-0.021591300881991238,0.024149001983074125
1635033600006,0.00018961,8.0,74.07407407407408,7,-0.017765177567898527,-0.018524864778073247,-0.009137814928692478
1635062400012,0.00046408,8.0,92.5925925925926,9,-0.02374690141119995,0.01398512677375896,0.0003318173833271043
1635091200001,0.00039289,8.0,90.0,8,0.02353229317398542,0.05492451222224726,0.0004498526732494845
1635120000012,0.00019298,8.0,73.33333333333333,7,0.014769977560573189,0.03138833882313885,-0.040730367943117574
1635148800002,0.00047527,8.0,92.5925925925926,9,0.01566906322486261,0.012413497723750888,-0.03295026901125131
1635177600022,0.00048823,8.0,92.5925925925926,9,0.0006965042121922504,-0.007749201626124136,-0.013951405801359007
1635206400005,0.00039142,8.0,88.51851851851852,8,-0.003899129265486523,-0.021159937689689046,0.017393383554054953
1635235200016,0.00037012,8.0,86.66666666666667,8,-0.004558472270085989,-0.0255611935687039,0.028995496191370318
1635264000000,0.00043832,8.0,90.74074074074075,9,-0.013921750081092865,-0.046330305863496846,0.06236524261100174
1635292800004,0.00030844,8.0,80.74074074074075,8,-0.008377996633322393,-0.049818122013041144,0.07035195325348753
1635321600000,0.00059665,8.0,95.55555555555556,9,-0.03087833596308176,-0.02556794082217806,0.055978496656462706
1635350400002,0.00012399,8.0,64.44444444444444,6,-0.018598040023881546,0.03973910284753601,0.07094234232883934
1635379200002,0.00019556,8.0,71.11111111111111,7,0.023000208722566917,0.09388188339026526,0.10261768643761493
1635408000000,0.0001,8.0,7.037037037037037,0,0.034730547858660143,0.07528392838487896,0.07499291111785444
1635436800005,0.0001,8.0,7.037037037037037,0,0.03250692544069356,0.06857447641746295,0.014593279018978222
1635465600000,0.00025971,8.0,77.77777777777779,7,0.0075841799692810685,0.031530051206033693,0.0006805717735187677
1635494400007,0.00040402,8.0,88.51851851851852,8,0.02726842281530395,0.006215426545483904,-0.003981938076705327
1635523200001,0.00037311,8.0,85.55555555555556,8,-0.004966712459050893,-0.036089045577287426,-0.02261888969581405
1635552000000,0.00013087,8.0,62.96296296296296,6,-0.015581399027066345,-0.02208419287855945,-0.02301510012901642
1635580800001,0.00046654,8.0,91.48148148148148,9,-0.015921183713381915,-0.00927358451586835,-0.0012280613158390796
1635609600013,0.00024213,8.0,74.07407407407408,7,0.01042896130251214,-0.014968160294838051,0.053325091553730886
1635638400008,0.00013682,8.0,62.59259259259259,6,-0.003635893541037105,-0.008400645457672495,0.06146622312612959
1635667200010,0.0001,8.0,7.037037037037037,0,-0.021577549895043235,-0.0008688479770901925,0.06787440397028766
1635696000001,0.00021779,8.0,71.11111111111111,7,0.017165806679248607,0.029382442995739888,0.07596384500808684
1635724800009,0.00024088,8.0,73.70370370370371,7,0.0039320951152623795,0.005745654674048195,0.07183697985295967
1635753600014,0.00013798,8.0,62.22222222222222,6,0.008046731334250046,0.008997497860775194,0.05044628053178002
1635782400001,0.00026687,8.0,77.03703703703704,7,-0.006190461949707959,0.03880828431496597,0.03038180266436008
1635811200000,0.00020736,8.0,69.62962962962963,6,0.005596760354584784,0.06300055736332455,0.049214487746101154
1635840000007,0.00045079,8.0,90.37037037037037,9,0.03782942743345963,0.05927223168340956,0.04169970421340774
1635868800010,0.00052167,8.0,93.33333333333333,9,0.018238549419692607,0.006202789815997978,-0.010746925732608936
1635897600019,0.0001,8.0,5.9259259259259265,0,0.002379259123936883,0.0012874967105764856,-0.02758331212878451
1635926400000,0.00044614,8.0,89.25925925925927,8,-0.014699790715579142,-0.018052678949023515,-0.02987453778505511
1635955200005,0.00025564,8.0,73.70370370370371,7,0.013264461718591747,-0.014226228728883017,-0.031031841750812084
1635984000006,0.00047967,8.0,91.48148148148148,9,-0.01610342333497672,-0.01521289142678417,-0.019276757768804886
1636012800004,0.0003137,8.0,78.14814814814814,7,-0.01120787664050693,0.0005960462266962896,0.0037396381778644905
1636041600004,0.00028111,8.0,75.55555555555556,7,0.012250283540369944,-0.002656795591951866,0.028898791716156058
1636070400000,0.0002238,8.0,67.77777777777779,6,-0.0007141707793939522,-0.013582470193288954,0.01882853949871377
1636099200013,0.00014351,8.0,59.25925925925925,5,-0.014422345037561568,-0.014356157130092417,0.04384507617125011
1636128000016,0.00033389,8.0,80.37037037037037,8,0.0009088507738661544,-0.014429684946655419,0.0674474724546581
1636156800010,0.00040376,8.0,86.29629629629629,8,-0.0008409300328321434,0.009840670596970913,0.07547794347876668
1636185600000,0.00043015,8.0,87.77777777777777,8,-0.016062326745953537,0.016735223106500996,0.06940221765179277
1636214400007,0.0001,8.0,5.9259259259259265,0,0.025556928444234295,0.046743831086237586,0.08775029981465998
1636243200013,0.00023166,8.0,67.77777777777779,6,0.0069874469574153775,0.024308785358031937,0.04956325688114038
1636272000005,0.00018519,8.0,61.111111111111114,6,0.013576611191632004,0.040575878806806465,0.03905612531038383
1636300800004,0.00032259,8.0,78.14814814814814,7,0.003575985348875488,0.03470962478192541,0.055091439334102876
1636329600001,0.00021005,8.0,65.18518518518519,6,0.02297945945945945,0.03972324324324328,-0.0009621621621621612
1636358400000,0.00028714,8.0,74.81481481481481,7,0.00803376676079215,0.011068886221064833,-0.007425051994386367
1636387200000,0.00023,8.0,66.66666666666666,6,0.008238123494272775,0.006286050963560719,-0.008462475546674564
1636416000000,0.0001,8.0,5.9259259259259265,0,-0.005184482737107476,-0.014848458380644525,-0.01840252215830862
1636444800014,0.0001,8.0,5.9259259259259265,0,0.0007836482902883191,-0.012734807149380134,-0.016425268164445006
1636473600001,0.0001,8.0,5.9259259259259265,0,-0.010446726497475578,0.015316158076950304,-0.04382279612283013
1636502400000,0.00021036,8.0,65.55555555555556,6,-0.0027780240565061787,-0.022931364229351714,-0.014723949691588634
1636531200003,0.00020446,8.0,64.07407407407408,6,0.02921871064290049,-0.004832390350459459,-0.017261560800699405
1636560000001,0.00027928,8.0,74.07407407407408,7,-0.0497407664100723,-0.02881904240901123,-0.03393584662749549
1636588800008,0.0001722,8.0,59.25925925925925,5,0.01752821633788182,0.02044994643494813,0.004088257891376346
1636617600012,0.00015754,8.0,58.14814814814815,5,0.004411320546033881,0.0010996396925262442,-0.021112231311442686
1636646400007,0.0001,8.0,5.9259259259259265,0,-0.0015331577119526152,-0.03030104102255693,-0.030161278026715754
1636675200000,0.0001,8.0,5.9259259259259265,0,-0.0023855477332000996,-0.011156566929867884,-0.01729839897120622
1636704000000,0.0001,8.0,5.9259259259259265,0,-0.02826604485615325,-0.013126402949352522,-0.004706052246524095
1636732800004,0.0001,8.0,5.9259259259259265,0,0.021043022892695218,0.025814609133929745,0.015236319087000183
1636761600000,0.0001,8.0,5.9259259259259265,0,-0.004372856154243321,-0.005855470783707517,-0.023608281216858207
1636790400004,0.0001,8.0,5.9259259259259265,0,0.011755786353983222,-0.008731762161789614,-0.07181411297444229
1636819200006,0.0001,8.0,5.9259259259259265,0,-0.012338740579895258,-0.02502448162813453,-0.08646272406011835
1636848000010,0.0001,8.0,5.9259259259259265,0,-0.008009587363992154,0.0012738606383531081,-0.0901121687100167
1636876800001,0.0001,8.0,5.9259259259259265,0,-0.004873671310741456,0.018362637649165237,-0.09267363133055773
1636905600000,0.0001,8.0,5.9259259259259265,0,0.012879247771571123,0.016014988666785968,-0.08856065999047935
1636934400008,0.00023003,8.0,68.88888888888889,6,0.008920748705694814,-0.020644300214192834,-0.07803717696190815
1636963200000,0.0002453,8.0,71.85185185185186,7,-0.007226879639488093,-0.07974105281575194,-0.09395156902448853
1636992000000,0.0001,8.0,5.9259259259259265,0,-0.020538170563961566,-0.07860428129298502,-0.1273319291609354
1637020800000,0.00015753,8.0,58.88888888888889,5,-0.05360481343971346,-0.07537895743915168,-0.12045887423089408
1637049600001,0.0001,8.0,5.9259259259259265,0,-0.004211723209727514,-0.03100895716341001,-0.0549751705573861
1637078400018,0.0001,8.0,5.9259259259259265,0,-0.01628429944654819,-0.0283740168948442,-0.016778327993009046
1637107200005,0.0001,8.0,5.9259259259259265,0,-0.010802180334820055,0.01456162335924116,0.019128861009577447
1637136000007,0.0001,8.0,5.9259259259259265,0,-0.0015039142481507728,0.01888035021085921,0.025195353192345227
1637164800003,0.0001,8.0,5.9259259259259265,0,0.027185579051634656,-0.020774723047662924,0.01115484147941359
1637193600017,0.0001,8.0,5.9259259259259265,0,-0.0065914206461133995,-0.06197756628779039,0.028931736884870718
1637222400007,0.0001,8.0,5.9259259259259265,0,-0.04036562693172807,-0.0428053335088292,0.02325712580001471
1637251200011,0.0001,8.0,5.9259259259259265,0,-0.01603528890216921,0.0334029738884658,0.07225554573131165
1637280000000,0.0001,8.0,5.9259259259259265,0,0.014297903340086071,0.07208578243036912,0.06351851667049213
1637308800000,0.0001,8.0,5.9259259259259265,0,0.037487793899532385,0.053291158232876334,0.030871288054132417
1637337600005,0.0001,8.0,5.9259259259259265,0,0.01964093144516199,-0.0007702790780351743,0.003775552527107928
1637366400012,0.0001,8.0,5.9259259259259265,0,-0.004913856424274665,0.02432056753414602,-0.052211467834462955
1637395200000,0.0001,8.0,5.9259259259259265,0,-0.01590051958666594,0.016507677038939628,-0.040235857317998724
1637424000007,0.0001,8.0,5.9259259259259265,0,0.045244307400379435,0.038396584440227643,0.017227229601518124
1637452800000,0.0001,8.0,5.9259259259259265,0,-0.013473423700081089,-0.03388413082252484,-0.015399817332556909
1637481600006,0.0001,8.0,5.9259259259259265,0,0.005586232876082953,-0.03671248357665924,-0.017332941316991146
1637510400000,0.0001,8.0,5.9259259259259265,0,-0.02522637885301371,-0.03218009695417534,-0.024858227384981224
1637539200004,0.0001,8.0,5.9259259259259265,0,-0.015043050603835817,-0.04234131401810326,0.006094725420289437
1637568000000,0.0001,8.0,5.9259259259259265,0,0.009870916943045982,-0.019362458543103367,0.02578797928944665
1637596800000,0.0001,8.0,5.9259259259259265,0,-0.03600025517014893,0.010284774611515113,0.06111561334161841
1637625600004,0.0001,8.0,5.9259259259259265,0,0.009054567749846809,0.06643041079092571,0.11156100551808712
1637654400010,0.0001,8.0,5.9259259259259265,0,0.04234132635948695,0.039782034891916895,0.05225523889150829
1637683200005,0.0001,8.0,5.9259259259259265,0,0.013929856387704165,-0.006307375548834981,-0.05481937122111258
1637712000001,0.0001,8.0,5.9259259259259265,0,-0.016160078374195308,-0.014865340345922795,-0.06779781849290656
1637740800003,0.0001,8.0,5.9259259259259265,0,-0.00386152731352718,0.005684766601996127,-0.03472102101400154
1637769600010,0.0001,8.0,5.9259259259259265,0,0.005197602767048837,0.05263306097738396,-0.03134518183396762
1637798400000,0.0001,8.0,5.9259259259259265,0,0.0055926292374517406,0.06067453049748894,-0.04416797067787537
1637827200010,0.0001,8.0,5.9259259259259265,0,0.042641118254377774,0.006275537953059018,-0.054390319866493786
1637856000000,0.00035137,8.0,83.7037037037037,8,0.009692416624732303,-0.09583980904625555,-0.09117284252995905
1637884800000,0.00026113,8.0,75.92592592592592,7,-0.04429208740658097,-0.10662076843518942,-0.05045791645257547
1637913600000,0.00027132,8.0,76.66666666666667,7,-0.06301830717473256,-0.04787462331153569,0.005519380131154605
1637942400016,0.0001,8.0,5.9259259259259265,0,7.4009566970456575e-06,0.01837164150752546,0.07197183689278241
1637971200005,0.0001,8.0,5.9259259259259265,0,0.018748951538894332,0.008219935069420536,0.09704555995223951
1638000000008,0.0001,8.0,5.9259259259259265,0,-0.00037776421701107843,-0.014807872993733096,0.06953525315045672
1638028800007,0.0001,8.0,5.9259259259259265,0,-0.009961240310077502,-0.011971899224806237,0.11932655038759687
1638057600018,0.0001,8.0,5.9259259259259265,0,-0.004519339936577604,0.05419048271542115,0.12794845946051758
1638086400000,0.0001,8.0,5.9259259259259265,0,0.002685015500867305,0.07050315176110478,0.17159287991863903
1638115200004,0.0001,8.0,5.9259259259259265,0,0.056335783532504013,0.06538795365053529,0.16050193940047763
1638144000002,0.0001,8.0,5.9259259259259265,0,0.010027040514350105,0.03216776724267967,0.06145972356006357
1638172800004,0.0001,8.0,5.9259259259259265,0,-0.0014431639300938048,0.014973974790591926,0.05080948167894195
1638201600000,0.0001,8.0,5.9259259259259265,0,0.023545314079522095,0.06750884820238157,0.0456330062703072
1638230400000,0.0001,8.0,5.9259259259259265,0,-0.00786062354047512,0.039033147804019785,0.016490661291266084
1638259200006,0.0001,8.0,5.9259259259259265,0,0.046158792404300986,0.07738565583884838,0.03533625707823229
1638288000000,0.00019202,8.0,65.18518518518519,6,-0.003757663087323615,0.021135237043396593,-0.0383984848550214
1638316800000,0.0001625,8.0,62.96296296296296,6,0.032653883129368344,-0.006389603415871914,-0.08915564562925993
1638345600000,0.0001,8.0,5.9259259259259265,0,-0.007424647481260149,-0.042501441526445416,-0.18614876552917126
1638374400001,0.0001,8.0,5.9259259259259265,0,-0.03381644553367691,-0.0401419758303051,-0.1493133609397448
1638403200000,0.0001,8.0,5.9259259259259265,0,-0.00487695388685383,-0.01540446247818128,-0.10124800334718553
1638432000007,0.0001,8.0,5.9259259259259265,0,-0.006440466687806845,2.842990388507438e-05,-0.08377855291789205
1638460800008,0.0001,8.0,5.9259259259259265,0,-0.006396372600809941,-0.021071051241415617,-0.1011951928156366
1638489600004,0.00012562,8.0,61.85185185185185,6,0.012990292724638364,-0.06725976597978789,-0.07211561892187657
1638518400002,0.0001,8.0,5.9259259259259265,0,-0.027403461351737768,-0.14936865539124988,-0.10594430521477083
1638547200006,0.0001,8.0,5.9259259259259265,0,-0.05327748135456778,-0.09466055982389998,-0.07441534175609954
1638576000006,0.0001,8.0,5.9259259259259265,0,-0.07618298927448397,-0.018748278122417306,0.03601455402183085
1638604800004,6.583e-05,8.0,5.9259259259259265,0,0.03514878848255032,0.07707693296484353,0.1181618355935472
1638633600000,0.0001,8.0,6.296296296296296,0,0.023910129096325727,0.010307845084409184,0.08986345580933475
1638662400003,0.0001,8.0,6.296296296296296,0,0.014033372220797036,0.01380101559209801,0.04304648584802928
1638691200008,0.0001,8.0,6.296296296296296,0,-0.02532724200154679,-0.0241648287648345,0.04239586018579522
1638720000007,0.0001,8.0,6.296296296296296,0,0.025750284685743807,0.008096095213606214,0.08093156522058575
1638748800009,0.0001,8.0,6.296296296296296,0,-0.023941173661844117,0.04143627942510619,0.06056916392111922
1638777600001,0.0001,8.0,6.296296296296296,0,0.006895252817783248,0.06385263384470874,0.06962517611145902
1638806400000,0.0001,8.0,6.296296296296296,0,0.05706528338360384,0.0661115077688248,0.01786416820877479
1638835200018,0.0001,8.0,6.296296296296296,0,-0.0029320336713921646,-0.01208804812294817,-0.05516762337924319
1638864000000,7.06e-05,8.0,6.296296296296296,0,0.009292915359060183,0.00426480900323023,-0.07438930464071003
1638892800000,0.0001,8.0,6.666666666666667,0,-0.01739191839579779,0.004168593407244181,-0.08628077185037719
1638921600000,0.0001,8.0,6.666666666666667,0,0.012629763400577865,0.029049846764434673,-0.09524946564602355
1638950400018,0.0001,8.0,6.666666666666667,0,0.010704848437664616,0.0013257983412637842,-0.08780265526037401
1638979200010,0.0001,8.0,6.666666666666667,0,0.006427378775830217,-0.05000985516308609,-0.0815939536875302
1639008000010,0.0001,8.0,6.666666666666667,0,-0.015606780271480991,-0.07221259257591783,-0.0798955496026833
1639036800000,0.0001,8.0,6.666666666666667,0,-0.042065206212074546,-0.07984732649959447,-0.0730181585473163
1639065600000,0.0001,8.0,6.666666666666667,0,-0.01736454083458583,-0.042969961587097205,-0.04026435712070242
1639094400000,0.0001,8.0,6.666666666666667,0,-0.022466808465177013,-0.05239017899633858,0.0017797655468470008
1639123200008,0.0001,8.0,6.666666666666667,0,-0.0048896118064784,-0.012226509035367816,-0.010433816674270457
1639152000012,-1.037e-05,8.0,1.8518518518518516,0,-0.02529327339957943,0.010081428841956397,-0.052375589287672164
1639180800009,0.0001,8.0,7.037037037037037,0,0.018385351026762642,0.04488203670423663,-0.036205746189104326
1639209600008,0.0001,8.0,7.037037037037037,0,0.017584023013607952,0.016780755723907026,-0.04879346742876656
1639238400000,8.719e-05,8.0,7.037037037037037,0,0.006572024908146901,-0.008765164078844645,-0.06798977849294385
1639267200001,0.0001,8.0,7.4074074074074066,0,-0.009003322421698101,0.010248618919699304,-0.05668178637660315
1639296000015,0.0001,8.0,7.4074074074074066,0,-0.008203763411659515,-0.014718879765366899,-0.0461909158688385
1639324800011,0.0001,8.0,7.4074074074074066,0,0.027859160889641243,-0.05332619761783264,-0.0869055471890674
1639353600006,0.0001,8.0,7.4074074074074066,0,-0.033495024544289986,-0.08696210226020595,-0.025035902229692097
1639382400019,-5.974e-05,8.0,1.1111111111111112,0,-0.047066369996191404,-0.050516667668931814,0.009133140898430314
1639411200000,4.163e-05,8.0,6.296296296296296,0,-0.009058660736088409,-0.006908213448304057,0.07228286127645722
1639440000004,-5.267e-05,8.0,1.4814814814814816,0,0.00508463786874902,0.02268326711191504,0.05193916470831628
1639468800000,0.0001,8.0,8.518518518518519,0,-0.0008031194851580992,0.02010440553307058,0.023935074130042144
1639497600015,0.0001,8.0,8.518518518518519,0,0.020428687498511122,-0.029188754297328923,0.01731634956636352
1639526400000,0.0001,8.0,8.518518518518519,0,0.0016576090481070782,0.04432742318318006,0.006991011556570115
1639555200008,0.0001,8.0,8.518518518518519,0,-0.050539927733545986,0.0424306583701739,0.007920320540031334
1639584000005,0.0001,8.0,8.518518518518519,0,0.09750505694860179,0.11190986363958544,0.07417494043432504
1639612800006,0.0001,8.0,8.518518518518519,0,0.00037755626706137413,-0.014876213706782826,-0.018882781198691467
1639641600009,0.0001,8.0,8.518518518518519,0,0.012742680779955329,-0.03573264207021387,-0.011275236442279235
1639670400000,3.234e-05,8.0,6.296296296296296,0,-0.030376120280131258,-0.06225329350115094,-0.04046721191047564
1639699200000,0.0001,8.0,8.88888888888889,0,-0.0211907317381147,-0.019660332091672394,-0.008255571690131913
1639728000005,0.0001,8.0,8.88888888888889,0,-0.010186687266640848,0.0027243465945667733,-0.01617870477661898
1639756800006,0.0001,8.0,8.88888888888889,0,0.00798139409043852,0.025070630655005033,-0.012135985473238464
1639785600014,0.0001,8.0,8.88888888888889,0,0.0050224280058430715,0.019421259375112854,0.018938631401272943
1639814400012,5.422e-05,8.0,7.777777777777778,0,0.011871867039197959,0.022577861779932595,0.025685142575396558
1639843200000,0.0001,8.0,9.25925925925926,0,0.0016146735038922166,-0.00672484898873793,0.0070721178584916
1639872000031,4.353e-05,8.0,7.4074074074074066,0,0.008134444931098939,-0.009033208687880823,0.01718284399233383
1639900800000,0.0001,8.0,9.62962962962963,0,-0.015855156253531844,-0.04031976532460002,0.017075749622645686
1639929600003,0.0001,8.0,9.62962962962963,0,-0.002461867808402407,-0.032254036214432236,0.020895294162621036
1639958400015,0.0001,8.0,9.62962962962963,0,-0.023892555036929775,0.00863780245721335,0.017648606736004213
1639987200007,0.0001,8.0,9.62962962962963,0,-0.0061193455598101965,0.04539256203754838,0.021407240091397606
1640016000005,0.0001,8.0,9.62962962962963,0,0.03968883071874951,0.04752073189037431,0.04219324834289728
1640044800003,0.0001,8.0,9.62962962962963,0,0.011676798378926101,0.017664640324214664,0.04269250253292811
1640073600012,0.0001,8.0,9.62962962962963,0,-0.004096041661450722,0.01404822112616122,0.02296887909666756
1640102400005,0.0001,8.0,9.62962962962963,0,0.010055961425331938,0.007064312901295722,0.030904483450401532
1640131200000,0.0001,8.0,9.62962962962963,0,0.0076312705430967576,-0.008688750158621805,0.005205287895715172
1640160000001,0.0001,8.0,9.62962962962963,0,-0.010954987519165682,-0.03647958994718792,0.00022961772352547705
1640188800006,0.0001,8.0,9.62962962962963,0,-0.0056342739600183656,-0.012064885267509373,0.019511513190741514
1640217600011,0.0001,8.0,9.62962962962963,0,-0.020287351849108903,0.03345994622508641,0.02520040067582663
1640246400000,0.0001,8.0,9.25925925925926,0,0.012587179487179467,0.047633333333333416,0.03349743589743581
1640275200000,3.383e-05,8.0,5.9259259259259265,0,0.04125000949585855,0.037211104330364675,0.02689986807087208
1640304000005,0.0001,8.0,8.88888888888889,0,-0.007460130449041036,-0.018967339155360752,-0.012048924463446409
1640332800000,0.0001,8.0,8.518518518518519,0,0.002513602087244271,-0.008182056258673409,-0.008796383545818798
1640361600011,0.0001,8.0,8.148148148148149,0,-0.015168252992803666,-0.004065189347106757,-0.0007827989084711051
1640390400000,0.0001,8.0,7.777777777777778,0,0.0030768012158688407,0.011990366122017537,-0.002453024943624982
1640419200001,0.0001,8.0,7.777777777777778,0,0.008111297066998535,-0.004677695660974424,-0.034452030786395804
1640448000005,0.0001,8.0,7.4074074074074066,0,-8.570029382959365e-05,-0.006721351616062687,-0.04655729676787457
1640476800004,0.0001,8.0,7.037037037037037,0,-0.012601471722601065,-0.0040894787751154515,-0.06994477979258751
1640505600002,0.0001,8.0,7.037037037037037,0,0.006041381978527882,0.004707119456176523,-0.058697630816008095
1640534400000,0.0001,8.0,7.037037037037037,0,0.002971405462454113,0.009888245563851816,-0.06462868528254251
1640563200002,0.0001,8.0,7.037037037037037,0,-0.003880057536974846,-0.010174700942967019,-0.10604998832048584
1640592000005,0.0001,8.0,6.666666666666667,0,0.011426328690230303,-0.03445918092797884,-0.0832623661806342
1640620800000,0.0001,8.0,6.296296296296296,0,-0.015973941622593024,-0.047689858427218734,-0.09411000581136975
1640649600000,0.0001,8.0,5.9259259259259265,0,-0.028868486352357392,-0.05801488833746904,-0.08051612903225802
1640678400012,2.254e-05,8.0,2.2222222222222223,0,-0.004527593779479866,-0.029670950539041896,-0.050304609146710866
1640707200000,4.226e-05,8.0,3.3333333333333335,0,-0.026642838278920444,-0.02740435526177465,-0.030173507926699594
1640736000006,8.064e-05,8.0,5.555555555555555,0,-0.0006608706641880735,-0.04275122300567136,-0.028280525115718103
1640764800003,0.0001,8.0,5.9259259259259265,0,-0.0022421229294614653,-0.021512260539426897,-0.02272685357172033
1640793600004,6.859e-05,8.0,4.814814814814815,0,-0.03996567203591228,-0.020071296540797534,-0.01646686031159228
1640822400003,9.232e-05,8.0,6.296296296296296,0,0.021511971724450962,0.02191630107408571,0.0346072916809923
1640851200001,-7.64e-06,8.0,1.1111111111111112,0,-0.0007727808802702185,0.00025310593291072436,0.00762010415039871
1640880000017,0.0001,8.0,6.296296296296296,0,0.0011694992441371177,0.018455991527867255,0.019089245726881643
1640908800006,6.849e-05,8.0,4.444444444444445,0,-0.0001426522004773778,-0.00665351395434588,0.027149674456912187
1640937600009,9.72e-06,8.0,1.4814814814814816,0,0.017411435339722114,-0.0014940239043824688,0.0261010013998062
1640966400000,0.0001,8.0,7.037037037037037,0,-0.026012378285916737,-0.014107333116541443,-0.0012320122249452892
1640995200006,0.0001,8.0,7.037037037037037,0,0.005050655582681474,0.019200078035880086,0.021161813358767212
1641024000009,0.0001,8.0,7.037037037037037,0,0.004149086742602837,0.008872413560692793,0.013129338815124347
1641052800000,0.0001,8.0,7.037037037037037,0,0.009704832572196231,0.013386715722686793,0.029213718165655322
1641081600028,3.876e-05,8.0,2.9629629629629632,0,-0.005133631266499572,0.014550162569421099,0.0037910710440334228
1641110400000,2.263e-05,8.0,2.2222222222222223,0,0.009442681454413293,0.01849002575033931,0.019873705805045327
1641139200000,6.714e-05,8.0,5.555555555555555,0,0.011381347926297858,-0.0003228375835870878,0.010256708803145775
1641168000010,6.973e-05,8.0,6.666666666666667,0,-0.0011634610345369056,-0.012444316335621819,-0.0758450814946805
1641196800013,5.084e-05,8.0,4.814814814814815,0,-0.005931643125485331,-0.014116838415849986,-0.09536014859277608
1641225600018,7.394e-05,8.0,7.777777777777778,0,-0.005394349656255404,0.014837100669015335,-0.10601850019133585
1641254400000,0.0001,8.0,9.25925925925926,0,-0.0018246916854528505,0.004834902532820484,-0.09470892454581614
1641283200010,0.0001,8.0,9.25925925925926,0,0.023262683111803018,0.014385502734203692,-0.15057145518168147
1641312000002,0.0001,8.0,9.25925925925926,0,-0.018110090836512494,-0.006566338219729184,-0.1810332945854365
1641340800001,0.0001,8.0,9.25925925925926,0,0.009608737912933485,-0.06593956665333589,-0.1500292658638197
1641369600017,0.0001,8.0,9.25925925925926,0,0.0021274865490907846,-0.09541947686391172,-0.15538259343495953
1641398400000,0.0001,8.0,9.25925925925926,0,-0.07451509396896083,-0.10998100975705594,-0.17258594722022125
1641427200002,5.376e-05,8.0,5.185185185185185,0,-0.022255554673411337,-0.034028400004536774,-0.1286223048917421
1641456000021,0.0001,8.0,9.62962962962963,0,-0.017643629994171017,-0.07428652628709465,-0.09164015578826479
1641484800006,4.332e-05,8.0,4.444444444444445,0,0.0057034388902501565,-0.07031879625556836,-0.08595306766486688
1641513600005,1.935e-05,8.0,1.8518518518518516,0,-0.06300432963968583,-0.05797020620826299,-0.07647464592353426
1641542400000,0.0001,8.0,10.37037037037037,1,-0.016139071252748494,0.006117833986506893,-0.009802296377153907
1641571200001,0.0001,8.0,10.37037037037037,1,0.01906180240884292,0.002117978045427016,-0.045490484975692524
1641600000014,0.0001,8.0,10.37037037037037,1,0.003249970398160329,-0.04241476228164753,-0.04074771131039567
1641628800013,0.0001,8.0,10.37037037037037,1,-0.019812466417574393,-0.027151682304818237,-0.025983868012137812
1641657600000,0.0001,8.0,10.37037037037037,1,-0.025908080763313412,-0.018636470118967075,-0.008021881311612411
1641686400003,0.0001,8.0,10.37037037037037,1,0.01924090669478118,0.023780237802377924,0.05513578945313258
1641715200000,-7.234e-05,8.0,0.0,0,-0.009413794756267135,0.011637827733307793,0.027755675917493505
1641744000000,5.47e-05,8.0,7.037037037037037,0,0.014793596108374496,-0.032938815931664145,0.08529059771160563
1641772800000,-0.00014593,8.0,0.0,0,0.006363939793696538,-0.019482810687095675,0.07026717739243771
1641801600010,-6.361e-05,8.0,0.7407407407407408,0,-0.05099904972675706,-0.009938405877171652,0.05432658460431061
1641830400007,1.599e-05,8.0,2.9629629629629632,0,0.024125323938695376,0.04093520560750785,0.09759911110223984
1641859200013,0.0001,8.0,12.222222222222221,1,0.01869098161761129,0.05330210590256912,0.0515382541440772
1641888000004,6.198e-05,8.0,8.518518518518519,0,-0.00223531024894541,0.024735095008657337,0.03886442412859559
1641916800000,2.718e-05,8.0,4.444444444444445,0,0.0343543363374097,0.07367752559421992,0.04643340396742324
1641945600012,-6.878e-05,8.0,0.7407407407407408,0,-0.008937327683511298,0.0395086628548873,0.023567652918355053
1641974400015,8.036e-05,8.0,12.222222222222221,1,0.04711538461538467,0.03920525267612662,0.03308127956186202
1642003200000,-0.00019812,8.0,0.0,0,0.0007460490608997006,-0.019218937162457372,0.0008560244204744993
1642032000007,-2.315e-05,8.0,2.5925925925925926,0,-0.009226597521575619,-0.03961800106209712,-0.012908336275362031
1642060800000,0.0001,8.0,14.444444444444443,1,-0.01099978120326206,-0.02148703854119527,-0.0010670087488723334
1642089600014,-1.444e-05,8.0,2.9629629629629632,0,-0.01885219816024364,-0.005858729749799174,0.017388273447800362
1642118400000,0.0001,8.0,14.814814814814813,1,0.006905485219053986,0.022079664440914915,0.03319197495643578
1642147200006,0.0001,8.0,14.814814814814813,1,0.006786559481385401,0.019030605510895082,0.0032198556743434636
1642176000014,-1.294e-05,8.0,3.3333333333333335,0,0.011884073877598267,0.024426680325119854,-0.012201145114968837
1642204800000,9.632e-05,8.0,15.185185185185185,1,0.00022028159833920036,0.002673554741486006,-0.030555773490165805
1642233600002,0.0001,8.0,15.555555555555555,1,0.012117798374052358,0.003741065269841748,-0.04074206830908056
1642262400000,0.0001,8.0,15.555555555555555,1,-0.013206544173766765,-0.0034330481369180266,-0.07435697167141342
1642291200000,2.224e-05,8.0,5.555555555555555,0,0.0030305766221259134,0.008176838810641573,-0.04728241242325748
1642320000017,9.785e-05,8.0,15.925925925925927,1,0.0073192030801270125,-0.019184774617159728,-0.08034918510471656
1642348800011,8.585e-05,8.0,14.814814814814813,1,-0.0026305441025763487,-0.03477203937176765,-0.06775066135989882
1642377600005,2.683e-05,8.0,6.666666666666667,0,-0.023743312952337114,-0.039185875282640725,-0.07793266803867505
1642406400006,4.25e-05,8.0,9.25925925925926,0,-0.008689266919593708,-0.02562415860971734,-0.04122200465059356
1642435200012,-5.944e-05,8.0,2.2222222222222223,0,-0.007191358024691397,-0.03874074074074074,0.006429012345678942
1642464000020,7.549e-05,8.0,15.185185185185185,1,-0.009963627319924062,-0.016715888954518587,-0.06799204153324834
1642492800000,3.626e-05,8.0,8.518518518518519,0,-0.02063740938926728,-0.038217541169558,-0.0961487100048074
1642521600013,0.0001,8.0,18.51851851851852,1,0.015556368960468525,0.004758418740849146,-0.09382946751945753
1642550400001,0.0001,8.0,18.51851851851852,1,-0.031094586348733633,-0.024012545329804902,-0.18015574166990722
1642579200000,-1.72e-05,8.0,3.3333333333333335,0,0.020608048507974708,0.02454801466216261,-0.1919410377204388
1642608000000,0.0001,8.0,18.88888888888889,1,-0.010659342769892666,0.044705219556852915,-0.23531219390400826
1642636800015,0.0001,8.0,18.88888888888889,1,0.01512481454366399,-0.028827527227257788,-0.21982325768226552
1642665600000,0.0001,8.0,18.88888888888889,1,0.040687737557715264,-0.08274980230096163,-0.2088307696232239
1642694400000,0.0001,8.0,18.88888888888889,1,-0.07971369742131573,-0.1349366359447004,-0.25534978919501905
1642723200007,-8.05e-06,8.0,4.814814814814815,0,-0.03975997251491825,-0.13505048382416207,-0.15561092598707804
1642752000015,-5.915e-05,8.0,2.5925925925925926,0,-0.01964019605459233,-0.1398400022231563,-0.16892166500508898
1642780800000,8.447e-05,8.0,17.77777777777778,1,-0.08653025371109602,-0.15385950433713858,-0.19731589741046796
1642809600017,7.145e-05,8.0,16.296296296296298,1,-0.04507714674657082,-0.07123492640111695,-0.06374970595154084
1642838400003,0.0001,8.0,20.37037037037037,2,-0.04059009296427607,0.002079782894896187,-0.03696763615510734
1642867200021,9.327e-05,8.0,19.62962962962963,1,0.013755887713567727,0.024872564412323106,0.016407726532278843
1642896000026,0.0001,8.0,20.74074074074074,2,0.030302401189176154,0.051104679889884874,0.016766387503684976
1642924800010,-5.208e-05,8.0,3.3333333333333335,0,-0.01876785807840009,-0.03581489257950243,-0.006996135199506592
1642953600009,-0.0001332,8.0,0.7407407407407408,0,0.03970346640381117,-0.06967718087727948,0.06796040742566123
1642982400010,0.0001,8.0,21.48148148148148,2,-0.05489695710397513,-0.0409524900551852,-0.03364448324491287
1643011200000,-0.00011775,8.0,1.1111111111111112,0,-0.0489697427504302,-0.0012631667296152393,0.006748080070502205
1643040000021,0.0001,8.0,21.85185185185185,2,0.07180539920093598,0.06601770302187493,0.09427631724168362
1643068800000,1.695e-05,8.0,7.777777777777778,0,-0.02282908162217867,0.007485146726120773,-0.006450447343244958
1643097600000,5.831e-05,8.0,15.185185185185185,1,0.01700498762547853,0.03546382395825032,0.004613658614473826
1643126400012,-7.88e-05,8.0,1.4814814814814816,0,0.014113612927539432,0.07685458588887184,0.008199810327619517
1643155200000,-4.048e-05,8.0,4.814814814814815,0,0.004307744974976879,0.0012267088339339427,0.03539523662031541
1643184000001,-7.941e-05,8.0,1.4814814814814816,0,0.055300100243099504,-0.02701693580789044,0.04436264463212414
1643212800005,-0.00020069,8.0,0.0,0,-0.059213081718436866,-0.04675283720536716,-0.02348986835982414
1643241600004,-8.756e-05,8.0,1.8518518518518516,0,-0.019973020479908454,-0.012169398683726462,0.059649266238809506
1643270400004,2.801e-05,8.0,12.222222222222221,1,0.033894487453283384,-0.0004755072076881861,0.09350807528029881
1643299200019,-0.00014218,8.0,1.1111111111111112,0,-0.025081696050348823,-0.017835962399645022,0.05408480251744874
1643328000000,-8.132e-05,8.0,2.5925925925925926,0,-0.011947367116018959,0.049917761118779325,0.07545727297522897
1643356800000,-2.97e-06,8.0,9.62962962962963,0,0.01903072939975825,0.07518602015166032,0.05562410335986501
1643385600025,-8.379e-05,8.0,2.5925925925925926,0,0.04330681169361972,0.04300695422860645,0.07371564475516434
1643414400017,-8.5e-06,8.0,9.25925925925926,0,0.013150020473085888,0.02059119972282586,0.05266701313427191
1643443200000,0.0001,8.0,26.666666666666668,2,-0.010561613301019679,0.019831714404640044,0.06368088756452694
1643472000013,-9.97e-06,8.0,9.25925925925926,0,0.020884612809596748,0.028973806607619057,0.09233259425249773
1643500800025,2.848e-05,8.0,14.814814814814813,1,0.0113416299542477,0.004486501917275509,0.07736226091921217
1643529600009,-6.536e-05,8.0,4.814814814814815,0,-0.00337958971933372,-0.03716404360662484,0.045368894042614905
1643558400000,2.989e-05,8.0,15.555555555555555,1,-0.00435389765662364,0.001105691056910496,0.0158813964610236
1643587200000,5.139e-05,8.0,19.62962962962963,1,-0.03016865395773838,0.030226293724566533,0.02907349838800788
1643616000000,-0.00010687,8.0,2.2222222222222223,0,0.03676115156942128,0.08339210574279066,0.056817731569897
1643644800000,-1.151e-05,8.0,9.62962962962963,0,0.02460789409318842,0.06000443316619797,0.006378408951938308
1643673600010,0.0001,8.0,29.259259259259256,2,0.023312351095302608,0.04453395868631005,0.00434979373076172
1643702400000,-0.00010276,8.0,2.5925925925925926,0,0.014380122370013959,0.003737661511229451,0.032936770616567745
1643731200004,-0.00020797,8.0,0.0,0,0.006893468510693612,-0.04095700956144266,0.03988621450512686
1643760000004,-6.256e-05,8.0,6.666666666666667,0,-0.01869118721264995,-0.036104069092940505,0.06825147882381577
1643788800000,-1.7e-07,8.0,13.333333333333334,1,-0.03253356652274508,-0.02816126505255867,0.09441256307955759
1643817600002,4.07e-06,8.0,13.703703703703704,1,0.011988541525691288,-0.00896978992797104,0.1462835145336161
1643846400002,-0.00038034,8.0,0.0,0,-0.007481620993116445,-0.0024554873269363453,0.12157819854156693
1643875200000,-5.85e-05,8.0,8.518518518518519,0,-0.012720919595390123,0.05891064238206978,0.12890381890029468
1643904000000,-7.881e-05,8.0,5.185185185185185,0,0.02079876050476015,0.09189125555855138,0.13378118200149625
1643932800018,0.0001,8.0,32.22222222222222,3,0.04947641249460011,0.11099235845262378,0.1371642858206843
1643961600005,8.786e-05,8.0,30.74074074074074,3,0.023451305452455218,0.0672242369188627,0.0922829627632018
1643990400010,0.0001,8.0,32.592592592592595,3,0.03435878055799213,0.05716871166707693,0.08477014981260433
1644019200014,0.0001,8.0,32.592592592592595,3,0.00813174363220126,0.012013260172221374,0.055490938100202225
1644048000000,7.456e-05,8.0,28.51851851851852,2,0.013739858240086278,0.0024669820586149527,0.057133440091621246
1644076800000,4.351e-05,8.0,22.59259259259259,2,-0.0090412290554166,-0.019481500456495104,0.012538834919571418
1644105600000,0.0001,8.0,33.33333333333333,3,-0.0020978256186596766,0.01397887592339142,0.03375411362724989
1644134400000,0.0001,8.0,33.33333333333333,3,-0.008455437915963704,0.021613507445833458,0.031068586686504585
1644163200000,0.0001,8.0,33.33333333333333,3,0.024775423530121188,0.0454913887232804,0.06377569817994266
1644192000003,-7.25e-06,8.0,14.074074074074074,1,0.008055933063710663,0.031198729389419144,0.06051119152489637
1644220800014,8.15e-05,8.0,30.74074074074074,3,0.016411922358482878,0.029536262486802523,0.03548119873304634
1644249600003,1.491e-05,8.0,15.925925925925927,1,0.006440230505917688,-0.01600309386755827,0.025476465192391995
1644278400001,0.0001,8.0,34.44444444444444,3,0.006430776266148408,-0.010895799194644451,-0.026177229018203185
1644307200003,1.62e-05,8.0,16.666666666666664,1,-0.028546906603306277,-0.019822224746542494,-0.023984197755248293
1644336000002,7.718e-05,8.0,30.74074074074074,3,0.011664014031896652,0.02928833598596814,0.010182869392925786
1644364800000,0.0001,8.0,35.18518518518518,3,-0.004690214986887931,0.039746606566942067,-0.06336759359591704
1644393600005,-1.62e-06,8.0,14.814814814814813,1,0.02012651504176932,0.02611424984306332,-0.05847055225586306
1644422400001,7.116e-05,8.0,29.629629629629626,2,0.021951042485176098,0.012499723876334468,-0.0891327192343011
1644451200012,-2.777e-05,8.0,10.37037037037037,1,-0.015736020232026027,-0.053093628702797324,-0.10103352550464273
1644480000000,-3.259e-05,8.0,10.37037037037037,1,0.005275006829249973,-0.028821004574812514,-0.08423683524709313
1644508800006,1.908e-05,8.0,18.51851851851852,1,-0.044254600309180714,-0.03067807809305334,-0.0913049169700294
1644537600000,-0.00011327,8.0,2.9629629629629632,0,0.008789696323330265,-0.047125165927940915,-0.0619225136900744
1644566400009,0.0001,8.0,37.407407407407405,3,0.005460435283011655,-0.054455637600382856,-0.06811157521757683
1644595200015,-4.783e-05,8.0,10.37037037037037,1,-0.05923698975900704,-0.07190559637304872,-0.05543640777479475
1644624000020,0.0001,8.0,37.77777777777778,3,-0.00037596297790032374,-0.004983218379804755,0.0012953633511290086
1644652800001,0.0001,8.0,37.77777777777778,3,-0.01309527065838767,-0.003398615935884308,0.04391189583960187
1644681600007,0.0001,8.0,37.77777777777778,3,0.008598887202832417,0.01008515739220206,0.0806777946383408
1644710400022,1.665e-05,8.0,18.88888888888889,1,0.001215976697215071,-0.01244486885313456,0.09053530454376846
1644739200001,6.235e-05,8.0,29.629629629629626,2,0.00025730929950107395,-0.011081453831850108,0.08194443491447045
1644768000007,-2.875e-05,8.0,11.481481481481481,1,-0.013897987672910284,0.00758352683731589,0.05047452778740058
1644796800005,9.155e-05,8.0,37.407407407407405,3,0.002598251832167442,0.01899123829134508,0.08938751517386012
1644825600013,6.358e-05,8.0,30.37037037037037,3,0.019136299297826787,0.05920943076794982,0.079174877189087
1644854400019,0.0001,8.0,39.62962962962963,3,-0.0027334867444614996,0.06183535082583291,0.017748941327051737
1644883200012,7.379e-05,8.0,33.7037037037037,3,0.04216943552213426,0.08369714740187262,-0.015851939336635312
1644912000005,4.572e-05,8.0,27.40740740740741,2,0.021662872770744857,0.032910272996740986,-0.04735764702029055
1644940800011,-5.099e-05,8.0,10.37037037037037,1,0.01779892219062673,-0.018145154826899712,-0.10566507121812974
1644969600009,0.0001,8.0,40.74074074074074,4,-0.006671265367061308,-0.013484271499711764,-0.12375858712804855
1644998400001,0.0001,8.0,40.74074074074074,4,-0.02883661050915931,-0.013612884200112307,-0.10893478309123139
1645027200014,0.0001,8.0,40.74074074074074,4,0.022630432724173755,-0.02380587000316714,-0.10421231009341458
1645056000018,0.0001,8.0,40.74074074074074,4,-0.006800766283524995,-0.07944763729246485,-0.11842592592592593
1645084800000,1.611e-05,8.0,19.25925925925926,1,-0.04071470133443922,-0.06548749947760446,-0.14828959677497133
1645113600010,4.771e-05,8.0,28.51851851851852,2,-0.0356581420706541,-0.06692465666370107,-0.11311534627965936
1645142400000,-3.865e-05,8.0,11.481481481481481,1,0.004145134993229549,-0.04031143780915791,-0.09404965871721893
1645171200002,-9.187e-05,8.0,4.074074074074074,0,-0.040869021096350044,-0.03385524108149729,-0.05585925681436854
1645200000000,3.508e-05,8.0,25.925925925925924,2,-0.006021273018042339,-0.016375143555305893,-0.02662526072505722
1645228800007,0.0001,8.0,42.592592592592595,4,0.010133362090657405,-0.007480498939573699,-0.07383802437183229
1645257600000,7.039e-05,8.0,35.18518518518518,3,-0.021761407304090374,-0.0573176112265521,-0.10470097634567765
1645286400023,4.883e-05,8.0,30.0,2,0.006404181489473526,-0.03350804805505325,-0.04170554615967814
1645315200001,-3.349e-05,8.0,12.222222222222221,1,-0.04054195987816411,-0.052135207472411405,-0.04593837940813239
1645344000003,5.414e-05,8.0,31.851851851851855,3,0.0009210501481606848,0.036592869410943196,0.017133797633203107
1645372800001,3.264e-05,8.0,25.925925925925924,2,-0.012992204677193753,0.02832640038618317,0.014957063497750278
1645401600000,7.012e-05,8.0,36.666666666666664,3,0.046970858164708806,-0.018946196462410803,-0.01918640784843051
1645430400001,-0.00014003,8.0,2.2222222222222223,0,-0.007060948475833051,-0.0830162157831682,-0.138557002865893
1645459200005,7.007e-05,8.0,37.03703703703704,3,-0.05508856859940592,-0.03579418344519014,-0.09931052187626066
1645488000005,8.65e-06,8.0,19.62962962962963,1,-0.022654852143808024,0.022418095936720173,0.005946073922274087
1645516800000,-3.63e-05,8.0,12.592592592592592,1,0.04411776394750855,0.07150408151910415,0.036765465658805674
1645545600000,5.962e-05,8.0,34.81481481481482,3,0.0037225518892523013,0.022765422136622915,0.040970908523425775
1645574400002,9.188e-05,8.0,45.18518518518518,4,0.022886969725728346,-0.024147290500142415,0.05091771851570659
1645603200005,-3.926e-05,8.0,12.222222222222221,1,-0.0012209876268305386,-0.12207649543150223,0.035282460085951595
1645632000010,-3.644e-05,8.0,12.962962962962962,1,-0.04481560613098012,-0.08744635392475619,0.03297724105898747
1645660800008,-1.113e-05,8.0,17.037037037037038,1,-0.07976223819749162,0.008235303270780925,0.08054803473065064
1645689600003,-3.56e-05,8.0,13.703703703703704,1,0.0381763611768684,0.10172894825837009,0.1572159283057153
1645718400001,-6.14e-05,8.0,8.88888888888889,0,0.055335904002996816,0.11202772088553736,0.14226905709085425
1645747200000,0.0001,8.0,48.888888888888886,4,0.0038866633572305354,0.06477643989332837,0.0058453877620130434
1645776000006,0.0001,8.0,48.888888888888886,4,0.04788105515587526,0.07035395683453238,0.011188489208633134
1645804800001,0.0001,8.0,48.888888888888886,4,0.013672447126369391,0.017927236510633326,0.032756752006561696
1645833600004,0.0001,8.0,48.888888888888886,4,0.007668744897737945,0.0033665898467694078,0.05748849507654308
1645862400004,0.0001,8.0,48.888888888888886,4,-0.0034449259932392007,-0.018676445811421583,0.04732561182387496
1645891200007,0.0001,8.0,48.888888888888886,4,-0.0008273381294964244,0.00910431654676258,0.059111510791366895
1645920000012,0.0001,8.0,48.888888888888886,4,-0.01446880512654336,-0.05891924973899265,0.06736148612161141
1645948800000,5.07e-06,8.0,21.85185185185185,2,0.024675115847329954,-0.03860968586004765,0.08556257217617547
1645977600000,0.0001,8.0,49.25925925925926,4,-0.06778464128279382,0.003801874545273032,0.05136810419846771
1646006400000,-0.00015064,8.0,1.4814814814814816,0,0.0064618068573965015,0.1173072361524512,0.1254409255419271
1646035200001,-9.02e-05,8.0,5.185185185185185,0,0.07023195631799228,0.10860549212456516,0.10296310630983418
1646064000002,5.573e-05,8.0,37.407407407407405,3,0.03794717248714763,0.04390356319801447,0.00131891508597759
1646092800002,0.0001,8.0,50.37037037037037,5,-0.0020153508247567897,0.012734284533377771,-0.03315081314282009
1646121600001,0.0001,8.0,50.37037037037037,5,0.007769635443228617,0.01697340183390761,-0.06369047415312679
1646150400000,0.0001,8.0,50.37037037037037,5,0.007527490599113618,-0.0004340174759850379,-0.09339852637503865
1646179200000,0.0001,8.0,50.37037037037037,5,-0.0003028885471110243,-0.009991956626360099,-0.11811643708836594
1646208000000,0.0001,8.0,50.37037037037037,5,-0.0076014394931476215,-0.021424074815939442,-0.11160784921006295
1646236800002,0.0001,8.0,50.37037037037037,5,0.0006581246162353782,-0.04191303934838886,-0.10347483012582392
1646265600000,0.0001,8.0,50.37037037037037,5,-0.011846891253356917,-0.03814461025937388,-0.09512526770234897
1646294400000,0.0001,8.0,50.37037037037037,5,-0.027359512874761238,-0.05957651753616455,-0.09158023289815442
1646323200005,0.0001,8.0,50.37037037037037,5,0.002216541204297151,-0.0529314288546926,-0.07090807373363262
1646352000018,0.0001,8.0,50.37037037037037,5,-0.03353848110567814,-0.0754183036092817,-0.09849566151324152
1646380800000,0.0001,8.0,50.37037037037037,5,-0.021922909495293963,-0.03464573265975779,-0.07723682814677701
1646409600000,0.0001,8.0,50.0,4,-0.0199421035702797,-0.010644266084211429,-0.020862163112344456
1646438400006,5.192e-05,8.0,35.92592592592593,3,0.007470357392596716,0.016637307461568662,-0.0483987451328044
1646467200004,1.52e-05,8.0,24.074074074074073,2,0.002347756167126791,0.0019115817580483974,-0.03868298085383981
1646496000000,3.064e-05,8.0,30.0,2,0.00627154781346384,-0.008721193975685049,-0.03318741305268269
1646524800004,-8.875e-05,8.0,5.555555555555555,0,-0.007122587434928995,-0.04091635188212972,-0.030847005318449305
1646553600000,5.669e-05,8.0,39.25925925925926,3,-0.006979368637905936,-0.0447277932622393,0.03788096825012133
1646582400013,7.5e-05,8.0,46.2962962962963,4,-0.027542340584460145,-0.002972606289730062,0.050069360813427055
1646611200008,3.909e-05,8.0,32.96296296296296,3,-0.010557708812590882,-0.024038970251088587,0.06758657987451455
1646640000006,-1e-05,8.0,19.62962962962963,1,0.03620556490741644,0.0038894940093079367,0.02497673036934356
1646668800000,8.669e-05,8.0,49.629629629629626,4,-0.04852633348103097,-0.02309813748109224,-0.009388989900533162
1646697600008,-0.00010024,8.0,4.814814814814815,0,0.01775654024534723,0.03538859999598465,0.04552372156524176
1646726400002,0.0001,8.0,53.333333333333336,5,0.010309441049171975,0.08203363884209147,0.026521263961934327
1646755200000,0.0001,8.0,53.333333333333336,5,0.006952128845078676,0.07587517448748593,0.008007851448099457
1646784000008,6.224e-05,8.0,41.85185185185185,4,0.06360724147559793,0.05649452390555676,-0.007198039154850844
1646812800000,0.0001,8.0,53.70370370370371,5,0.003966183451491689,-0.05534048243677647,-0.05631104802840181
1646841600004,0.0001,8.0,53.70370370370371,5,-0.011319837116290588,-0.058598938787953636,-0.06264925562725487
1646870400000,0.0001,8.0,53.70370370370371,5,-0.05111308210492371,-0.04421175315012871,-0.059824956202399915
1646899200017,5.56e-05,8.0,40.0,3,0.002345612699541366,0.005402251324478913,-0.0022721915442015517
1646928000000,-3.951e-05,8.0,14.074074074074074,1,0.005571879169269378,-0.0059420524566397015,-0.007472873238784983
1646956800008,2.542e-05,8.0,29.259259259259256,2,-0.0007412471387091557,-0.016822085324074698,-0.0343969397631082
1646985600000,-5.91e-05,8.0,11.851851851851853,1,-0.01034200797724305,-0.007128845142442386,-0.007551124606992254
1647014400001,8.211e-05,8.0,50.74074074074074,5,-0.0072057397711847715,0.0016366104324219144,-0.001369012992049723
1647043200010,0.0001,8.0,54.81481481481482,5,0.011074564830150901,0.0023047595237351004,0.012414450451576409
1647072000001,5.025e-05,8.0,38.148148148148145,3,-0.0021442894288463688,-0.002449512608808213,-0.02405854103319982
1647100800002,6.255e-05,8.0,44.074074074074076,4,-0.00654348903481583,-0.0025593173088834797,-0.005207688018832757
1647129600008,2.116e-05,8.0,28.51851851851852,2,0.006278694530403417,-0.020133914304199196,0.02149410324964318
1647158400000,0.0001,8.0,55.925925925925924,5,-0.0034766045420405733,0.0008749583814042783,0.023952953565261836
1647187200002,-2.698e-05,8.0,17.77777777777778,1,-0.02404788615392983,-0.0004425276870941852,0.049516519092740685
1647216000014,-0.00010352,8.0,4.444444444444445,0,0.02833153021287438,0.030841314793012442,0.10611496483915106
1647244800005,0.0001,8.0,55.55555555555556,5,-0.004030339716638576,-0.022971389229477945,0.06521646637451228
1647273600002,0.0001,8.0,55.55555555555556,5,0.006497163073744483,-0.0022136180227341207,0.0876709243214484
1647302400008,0.0001,8.0,55.55555555555556,5,-0.025350156268086566,0.01129374541806527,0.0841532584789908
1647331200000,-3.21e-06,8.0,22.59259259259259,2,0.0168166886066341,0.04554816317010779,0.10253278147397049
1647360000006,-4.856e-05,8.0,13.333333333333334,1,0.02012244723209311,0.052310578491166826,0.1255726334717644
1647388800013,0.0001,8.0,56.2962962962963,5,0.010225221959808906,0.06103847048993316,0.12163435674578493
1647417600000,9.131e-05,8.0,54.074074074074076,5,0.021082481048074753,0.0414541467380003,0.10490576025105391
1647446400008,5.316e-05,8.0,40.370370370370374,4,0.028583370011872722,0.03589565294581054,0.09665750627850289
1647475200004,0.0001,8.0,56.666666666666664,5,-0.0096909329545658,0.010374152717596674,0.061374710081087525
1647504000000,0.0001,8.0,56.666666666666664,5,0.017770984828407554,0.012528635064930516,0.06061739196729721
1647532800004,0.0001,8.0,56.666666666666664,5,0.0032420234796768366,0.03255591419349324,0.018020366191550785
1647561600000,0.0001,8.0,56.666666666666664,5,-0.008115739983356018,0.04468280330888885,0.016956988711937404
1647590400000,4.709e-05,8.0,37.77777777777778,3,0.03678020795984227,0.04779849408390091,0.037307278594478355
1647619200017,5.917e-05,8.0,43.333333333333336,4,0.016553131159445345,0.025277499221964872,0.022860403195131163
1647648000008,0.0001,8.0,57.03703703703704,5,-0.004952768413855502,0.004034329216231258,-0.01660674134371065
1647676800015,0.0001,8.0,56.666666666666664,5,0.013602442217823585,-0.0006905487127419896,0.023023988021372732
1647705600000,0.0001,8.0,56.666666666666664,5,-0.006308340353833097,-0.03858466722830667,0.011437236731255185
1647734400000,0.0001,8.0,56.666666666666664,5,-0.009264848513622637,-0.03027692808551341,0.005938048955839381
1647763200001,0.0001,8.0,56.666666666666664,5,-0.024630626131041722,-0.00918859191499699,0.007943376927260992
1647792000002,0.0001,8.0,56.666666666666664,5,0.0012626306910448193,0.037465058449279054,0.06653713011058549
1647820800013,0.0001,8.0,56.666666666666664,5,0.01455098273428157,0.012666430805768458,0.06433047614710707
1647849600004,0.0001,8.0,56.666666666666664,5,0.021295915865940707,0.03322480518449211,0.04787783160068093
1647878400010,0.0001,8.0,56.666666666666664,5,-0.022670646819990647,0.014655122869767112,0.05241361591069671
1647907200012,0.0001,8.0,56.666666666666664,5,0.03514761583562498,0.026773206039537145,0.07656998564485717
1647936000001,0.0001,8.0,56.666666666666664,5,0.002940626086026743,-0.015421578848878625,0.04298326516427409
1647964800022,0.0001,8.0,56.666666666666664,5,-0.010998347415838272,0.013174027774075725,0.03768958072340545
1647993600007,0.0001,8.0,56.666666666666664,5,-0.007391311671467338,0.023612444624117934,0.04543601664224228
1648022400000,8.504e-05,8.0,52.96296296296297,5,0.029051692280569696,0.0303840898842882,0.06232094847723557
1648051200006,-3.582e-05,8.0,16.296296296296298,1,-0.0008089710283140095,0.02372652833042843,0.02472952086553315
1648080000013,-1.813e-05,8.0,19.25925925925926,1,-0.001132159924171594,0.024311817906557343,0.03502784323534436
1648108800006,0.0001,8.0,57.407407407407405,5,0.025716639209225844,0.02839868204283369,0.03936738056013178
1648137600020,0.0001,8.0,57.407407407407405,5,-0.00023770899921304878,0.00045935657956008846,0.017651499333451115
1648166400010,0.0001,8.0,57.407407407407405,5,0.0028531862185965373,-0.0029206602170093188,0.05702195475386462
1648195200001,0.0001,8.0,57.407407407407405,5,-0.002149821061838586,0.00289953511320995,0.06360714983708138
1648224000014,0.0001,8.0,57.407407407407405,5,-0.0036153707842080385,0.0005201510364489792,0.08007436233335907
1648252800020,0.0001,8.0,57.407407407407405,5,0.008707084898911477,0.013421542784591622,0.07658496658309777
1648281600006,4.979e-05,8.0,38.88888888888889,3,-0.004517225516254331,0.007743815170721868,0.08358783991003893
1648310400000,0.0001,8.0,57.77777777777777,5,0.00967635265072353,0.01583082114157852,0.09374568593268928
1648339200004,7.576e-05,8.0,51.48148148148148,5,0.0030557701908187074,0.046078216269671124,0.07846111285999102
1648368000001,7.27e-06,8.0,25.925925925925924,2,0.004285967893281839,0.05238264309807006,0.07924919479597259
1648396800006,-1.708e-05,8.0,20.0,1,0.03844065656565654,0.06182765151515146,0.06833333333333336
1648425600012,0.0001,8.0,58.88888888888889,5,0.009100912523025695,0.015532953571363306,0.02711731483564228
1648454400007,0.0001,8.0,58.88888888888889,5,0.013299314400009754,0.02173978528309628,0.025225018977504288
1648483200000,0.0001,8.0,58.51851851851851,5,-0.006877288587329944,0.013391675268235037,-0.002534364133393252
1648512000000,0.0001,8.0,58.14814814814815,5,0.014571670755121113,0.017677698005493125,-0.017788520578553735
1648540800015,0.0001,8.0,57.77777777777777,5,0.001639204101548053,0.003708846690193335,-0.032928544262933124
1648569600000,8.269e-05,8.0,53.333333333333336,5,-0.002676991085502234,-0.0076728669928759485,0.008673803352696519
1648598400000,0.0001,8.0,57.77777777777777,5,0.0033346185202298706,-0.005159387701644369,0.015127925149145405
1648627200002,0.0001,8.0,57.407407407407405,5,-0.005871692216409485,-0.0002966687913242838,0.021254409643791883
1648656000028,0.0001,8.0,57.03703703703704,5,-0.001622110338959093,-0.012752328274949098,0.02420755921145923
1648684800017,0.0001,8.0,57.03703703703704,5,0.007241808942909156,-0.03121938804198876,0.020287127218488354
1648713600000,0.0001,8.0,56.666666666666664,5,-0.013683198079881387,-0.0362728286158851,0.028378223360854715
1648742400015,0.0001,8.0,56.2962962962963,5,-0.020297367507452146,0.027213795745393954,0.04632301006787731
1648771200000,0.0001,8.0,56.2962962962963,5,-0.0008568954160670383,0.05178270839940469,0.07260130272498833
1648800000000,0.0001,8.0,56.2962962962963,5,0.04879947016148489,0.062445253580835525,0.06875387230769703
1648828800018,0.0001,8.0,56.2962962962963,5,0.0034496321654891027,0.009952654963944818,-0.0024182387646588532
1648857600000,0.0001,8.0,56.2962962962963,5,0.009272010878231596,-0.0004928836301749673,0.019445708868136125
1648886400002,0.0001,8.0,55.925925925925924,5,-0.0029969828838338763,0.005067834780532854,0.013078004964292234
1648915200006,0.0001,8.0,55.55555555555556,5,-0.005443672271889355,0.00856505722058265,-0.00665818526948625
1648944000018,0.0001,8.0,55.18518518518518,5,0.01360680369190792,0.017061440911490644,-0.018036048892833723
1648972800018,0.0001,8.0,54.81481481481482,5,0.00047217730973403427,0.0006724949562879612,-0.04317703787434346
1649001600015,0.0001,8.0,54.44444444444444,5,0.002934698664226021,-0.020637281542290054,-0.06795000143016505
1649030400006,0.0001,8.0,54.074074074074076,5,-0.0027264741783501467,0.00180529095700388,-0.09542659624225691
1649059200000,2.896e-05,8.0,32.592592592592595,3,-0.02411087059576089,0.007339208507770589,-0.08008304442934078
1649088000016,0.0001,8.0,54.44444444444444,5,0.02591743454197637,0.005660129382730528,-0.06520247083047359
1649116800000,0.0001,8.0,54.44444444444444,5,0.0032080451401530485,-0.03401437932289764,-0.08307642428103379
1649145600010,0.0001,8.0,54.44444444444444,5,-0.02242000965278379,-0.0507424126281123,-0.06777957584532845
1649174400008,7.974e-05,8.0,48.888888888888886,4,-0.016835447081749333,-0.05366607324886086,-0.04673383033284639
1649203200001,9.47e-05,8.0,54.074074074074076,5,-0.012344329702011048,-0.06309520996289908,-0.054056289434506244
1649232000021,-0.00014471,8.0,2.2222222222222223,0,-0.025430901700876696,-0.03600941508627009,-0.039765878985635106
1649260800000,6.028e-05,8.0,42.96296296296296,4,-0.02535823266762338,-0.01735619220876594,-0.015878088729230466
1649289600009,8.854e-05,8.0,52.59259259259259,5,0.01620866648170094,0.015694756223673778,0.027713320049436163
1649318400000,-9.945e-05,8.0,5.9259259259259265,0,-0.007332420661159578,0.018961230058578638,0.005820613352952586
1649347200000,4.585e-05,8.0,36.666666666666664,3,0.008243450741003633,0.025111877636668778,0.018288201795671366
1649376000000,-9.963e-05,8.0,5.9259259259259265,0,0.018095252865184985,-0.009329880119725353,-0.006839223957444851
1649404800004,-3.214e-05,8.0,18.88888888888889,1,-0.00035022962881747777,-0.02221674036716237,-0.03173689532093216
1649433600008,0.0001,8.0,56.666666666666664,5,-0.024387568889931432,-0.023184184791052886,-0.08328027272644178
1649462400008,0.0001,8.0,56.666666666666664,5,0.002576225034037316,0.01789305387276885,-0.06776252513771097
1649491200000,0.0001,8.0,56.666666666666664,5,-0.002678209959203981,0.009018716327738208,-0.05987044937871755
1649520000001,0.0001,8.0,56.2962962962963,5,0.016639064844010676,0.015067164435129454,-0.04987976833182062
1649548800004,0.0001,8.0,55.925925925925924,5,-0.006037439487553864,-0.01681156930477401,-0.07172220415626174
1649577600007,0.0001,8.0,55.55555555555556,5,0.0045185464107802,-0.018713078475793066,-0.058327520540250255
1649606400016,5.98e-05,8.0,42.22222222222222,4,-0.015289035279080099,-0.07545274102660204,-0.05181250038406948
1649635200000,4.676e-05,8.0,36.2962962962963,3,-0.007495315427857641,-0.06786071205496569,-0.027267332916926956
1649664000000,0.0001,8.0,55.55555555555556,5,-0.054930774071743294,-0.050078665827564484,-0.021126494650723693
1649692800009,0.0001,8.0,55.18518518518518,5,-0.007872916701284427,0.01240590884166104,0.0028912779780994047
1649721600000,-3.306e-05,8.0,17.40740740740741,1,0.011438297188001378,0.014614485159362145,0.010677754287686136
1649750400006,-4.036e-05,8.0,14.074074074074074,1,0.008888771137325557,0.010418805513422669,0.004407956178755779
1649779200013,-0.00016064,8.0,1.4814814814814816,0,-0.0067325809649486645,0.013002317504710481,-0.006683342196311726
1649808000005,-2.262e-05,8.0,20.0,1,0.0083050494568504,0.028048131611734695,0.004445002594295255
1649836800008,-0.00016876,8.0,1.1111111111111112,0,0.011468371025893154,0.020127826941986227,-0.00742051786299569
1649865600013,3.222e-05,8.0,33.7037037037037,3,0.008020116721052295,-0.022112838991701134,-0.023467347593478793
1649894400007,-2.2e-05,8.0,20.37037037037037,2,0.0005368497527920013,-0.029304924230247442,-0.017089181352346938
1649923200000,5.593e-05,8.0,41.48148148148148,4,-0.03129681181409649,-0.02608281954186309,-0.024125161530895056
1649952000006,-3.051e-05,8.0,18.88888888888889,1,0.0006064120619666546,0.002740452323751086,0.017208184905972868
1649980800008,-0.00012221,8.0,3.7037037037037033,0,0.0043946509117160915,0.006537333006577217,-0.01244543943197396
1650009600002,-3.677e-05,8.0,16.296296296296298,1,-0.0022520071879584824,-0.0014804556770033894,-0.04488847123992279
1650038400000,-3.34e-06,8.0,25.555555555555554,2,0.0054117491487322145,-0.0030315051737247467,-0.03648385070580851
1650067200011,-2.9e-05,8.0,20.0,1,-0.0036060697787663187,0.0060079228248424155,0.005089954331889857
1650096000007,-0.00012314,8.0,3.7037037037037033,0,-0.004883831512765946,0.0028530293624271508,0.003794132797950045
1650124800007,-3.323e-05,8.0,18.88888888888889,1,0.014603941504594209,0.01861911287940865,0.03109932737583665
1650153600000,2.48e-05,8.0,32.96296296296296,3,-0.006970612864395265,-0.02382307531271255,0.012986078400586187
1650182400004,-6.458e-05,8.0,11.11111111111111,1,0.010760619031939367,-0.04619361211722095,0.016588738887059584
1650211200000,2.937e-05,8.0,35.18518518518518,3,-0.027829899795421054,-0.0505518418617984,-0.002000182427061681
1650240000008,-5.257e-05,8.0,13.333333333333334,1,-0.02860160965794767,0.02440979208584837,0.03150570087189797
1650268800012,-4.41e-05,8.0,15.185185185185185,1,0.005799683088745677,0.04941468079303757,0.07256508245561344
1650297600000,-0.00013169,8.0,3.7037037037037033,0,0.04840901137057663,0.06743088103096895,0.065011974445367
1650326400021,8.478e-05,8.0,53.70370370370371,5,-0.004890679883068905,0.013568854160187716,-0.025821742247421287
1650355200031,3.976e-05,8.0,38.51851851851852,3,0.022185305195980165,0.015635639916443234,-0.007118772307844079
1650384000000,2.251e-05,8.0,33.7037037037037,3,-0.0045804176698048815,-0.015264844571160507,-0.05097603075469215
1650412800025,0.0001,8.0,57.77777777777777,5,-0.0028615352815025696,-0.006553109578068872,-0.04409541895977043
1650441600003,6.595e-05,8.0,48.51851851851852,4,-0.007151694964662614,0.006325751932058754,-0.042605704513211884
1650470400000,-1.05e-06,8.0,28.888888888888886,2,0.002813701617062403,0.013200242853132593,-0.03248813479654511
1650499200000,-9.577e-05,8.0,7.777777777777778,0,0.009830089186902091,-0.02943167762515453,-0.04624373413189231
1650528000000,-0.00012991,8.0,4.074074074074074,0,0.0005221763795770773,-0.027775270758122805,-0.04981304796286745
1650556800024,-9.56e-06,8.0,26.666666666666668,2,-0.04134640783954968,-0.05166126548678274,-0.05067552331312464
1650585600008,-0.00011914,8.0,5.185185185185185,0,0.014214139540510429,-0.005443713015514495,-0.018115467201629043
1650614400008,-0.00017158,8.0,1.1111111111111112,0,-0.02462386646389758,-0.020664566083870906,-0.07048217320862371
1650643200008,-2.649e-05,8.0,24.444444444444443,2,0.005373842093284731,0.007089259449232221,-0.02567691048238885
1650672000000,3.778e-05,8.0,40.0,3,-0.0003820135834564642,-0.009425255492713003,0.01743739879175532
1650700800000,-0.00010115,8.0,7.777777777777778,0,0.002424853223668144,-0.0030505127025783896,0.01620965341846814
1650729600012,-8.574e-05,8.0,11.11111111111111,1,-0.0086212711990179,-0.006007231614026276,-0.036124340587433856
1650758400004,-9.091e-05,8.0,9.62962962962963,0,0.00267079477408827,-0.005851932498639023,-0.044467882416984184
1650787200003,-5.652e-05,8.0,15.555555555555555,1,-3.3932237322176206e-05,-0.048037868376851534,-0.02114996352284504
1650816000000,3.41e-06,8.0,31.48148148148148,3,-0.007643463497453373,-0.02734465195246183,-0.0270594227504245
1650844800008,3.21e-06,8.0,31.48148148148148,3,-0.039876796714579,0.029671457905544152,-0.013548939082820066
1650873600018,-8.588e-05,8.0,10.74074074074074,1,0.022391890157833938,0.07067239830617211,0.0352060966394343
1650902400000,-0.00024996,8.0,0.3703703703703704,0,0.050662077103268865,-0.0005166749869958132,0.007935150307037508
1650931200014,0.0001,8.0,60.0,5,-0.0016452288363744128,-0.0665403662711469,-0.023491873566656607
1650960000000,0.0001,8.0,59.62962962962963,5,-0.04719765975219736,-0.04059491282310701,-0.02685028337898232
1650988800017,4.991e-05,8.0,44.44444444444444,4,-0.017202886277583707,-2.4495566302351612e-05,-0.001088303017153791
1651017600012,-0.00014242,8.0,2.9629629629629632,0,0.02713904219334151,0.026316539077799517,0.0031404664411607275
1651046400000,-0.0002569,8.0,0.3703703703703704,0,-0.006077361481599652,0.006965377771148473,-0.019584921760908536
1651075200002,2.591e-05,8.0,37.03703703703704,3,0.008685640697230879,0.010018932037135997,-0.014652206929615663
1651104000000,-1.675e-05,8.0,25.925925925925924,2,0.007451135543339316,0.01905297351324342,-0.053726608917763374
1651132800004,-5.776e-05,8.0,14.444444444444443,1,-0.006208143238357611,0.0071137126624774005,-0.0480089523973487
1651161600030,0.0001,8.0,59.25925925925925,5,0.017947349820873093,-0.010972829514035554,-0.02721899231520808
1651190400000,0.0001,8.0,58.88888888888889,5,-0.004158237806248577,-0.04112943324001983,-0.037345811452352384
1651219200016,0.0001,8.0,58.51851851851851,5,-0.024055441022116764,-0.03370018222782911,-0.02678031118906221
1651248000010,4.578e-05,8.0,41.11111111111111,4,-0.01304233591984727,-0.013602844581457774,-0.0108038044525407
1651276800000,-8.896e-05,8.0,10.37037037037037,1,0.003835812997012855,-0.03158863036614257,0.013649101247704687
1651305600005,-5.202e-05,8.0,15.555555555555555,1,-0.003757509712207452,-0.021766666430790393,0.006372198673903373
1651334400015,-5.736e-05,8.0,14.444444444444443,1,-0.032009574815677566,-0.002862500532723411,0.003189237566235237
1651363200000,-7.153e-05,8.0,12.222222222222221,1,0.013753241180504805,0.03669364746958692,0.019723981618334552
1651392000000,-0.00016213,8.0,2.2222222222222223,0,0.014963116785389863,0.029658518231776343,0.02455383791645116
1651420800010,-4.432e-05,8.0,17.40740740740741,1,0.006578431861407719,0.005716504135116152,0.01187821887265561
1651449600018,4.92e-05,8.0,43.333333333333336,4,0.007236043635643119,0.010671837459706346,0.04080137856361876
1651478400007,-7.704e-05,8.0,12.222222222222221,1,-0.008034202446444483,-0.0007833962158098062,0.030956445980790948
1651507200000,-2.36e-06,8.0,29.629629629629626,2,0.009365097329108174,-0.001927484155726522,-0.03265759393390677
1651536000006,8.762e-05,8.0,56.666666666666664,5,-0.004180247803969528,-0.02610729302696857,-0.03919770051360327
1651564800000,6.446e-05,8.0,50.0,4,-0.008014425966740069,-0.0045239325522782314,-0.042385065046908976
1651593600021,8.725e-05,8.0,56.2962962962963,5,-0.015215775126562137,0.005774064502425125,-0.047187311926930264
1651622400007,9.221e-05,8.0,58.51851851851851,5,0.017830694678113046,0.0574177127820199,-0.031135412622406156
1651651200011,0.0001,8.0,58.88888888888889,5,0.003422431939872572,0.03651300453498707,-0.05562069988556573
1651680000000,0.0001,8.0,58.51851851851851,5,0.034206434637005234,-0.037836734981039455,-0.053589142869203577
1651708800005,0.0001,8.0,58.14814814814815,5,-0.0022913946910357863,-0.06701139577893822,-0.10282038729329857
1651737600019,0.0001,8.0,58.14814814814815,5,-0.06924387501277818,-0.07160868231846518,-0.1289501482263945
1651766400005,0.0001,8.0,57.77777777777777,5,0.004700731102804667,-0.014673310171371634,-0.07708247147161429
1651795200005,-5.032e-05,8.0,14.814814814814813,1,-0.00720758800873067,-0.01793516085893454,-0.08070093611191065
1651824000001,-4.64e-05,8.0,15.925925925925927,1,-0.012163476537410012,-0.018612247894147615,-0.10233983593620977
1651852800010,-2.46e-06,8.0,28.51851851851852,2,0.0013747440932450061,-3.3439721186967475e-05,-0.11755919759531241
1651881600004,5.836e-05,8.0,45.925925925925924,4,-0.007892071195609862,-0.0208191873430027,-0.17136220785051448
1651910400016,0.0001,8.0,58.51851851851851,5,0.006537414355384019,-0.043970469437213944,-0.11104254555246396
1651939200011,7.282e-05,8.0,51.48148148148148,5,-0.01944027466076137,-0.06330722470757844,-0.11956586359110022
1651968000000,9.867e-05,8.0,58.88888888888889,5,-0.030424886191198763,-0.04264795144157818,-0.1124317147192716
1651996800007,0.0001,8.0,58.88888888888889,5,-0.013820918760537815,-0.04324660540553238,-0.09858113579551453
1652025600015,0.0001,8.0,58.51851851851851,5,0.0007616206653073831,-0.05788713733765971,-0.09952240037446347
1652054400000,0.0001,8.0,58.14814814814815,5,-0.030650900704554562,-0.11402848334508908,-0.17271891519190985
1652083200001,9.424e-05,8.0,57.407407407407405,5,-0.028911731514645878,-0.02812668661989104,-0.2195917766547274
1652112000000,9.769e-05,8.0,57.77777777777777,5,-0.0596908842393018,-0.006077173798759272,-0.17185995163494905
1652140800000,9.833e-05,8.0,57.77777777777777,5,0.0613645105598839,0.046430392428728595,-0.12055532198477525
1652169600007,6.098e-05,8.0,46.666666666666664,4,-0.0031132595406678787,-0.030568843003369817,-0.13424038570761443
1652198400008,0.0001,8.0,58.51851851851851,5,-0.009065088857283965,-0.04198300928876186,-0.11684173654691021
1652227200004,7.598e-05,8.0,51.48148148148148,5,-0.018645258831796685,-0.10518089478503445,-0.1468665488383979
1652256000007,0.0001,8.0,58.14814814814815,5,-0.014850690240292952,-0.17168560975927294,-0.11624939785702193
1652284800008,7.639e-05,8.0,51.11111111111111,5,-0.0744344838219424,-0.13456531794453874,-0.13282967335521256
1652313600014,-0.00018602,8.0,0.7407407407407408,0,-0.09158147238563019,-0.06531878843261563,-0.024049536428884077
1652342400000,-0.00079682,8.0,0.0,0,0.025284423732784944,0.06940720106219578,0.05906120642524271
1652371200007,-0.00028645,8.0,0.3703703703703704,0,-0.00037667084058679023,0.06519968644697594,0.04683443789512265
1652400000014,-9.107e-05,8.0,9.25925925925926,0,0.04787049861495851,0.02004236597686182,0.08694190972788007
1652428800001,-0.00016008,8.0,3.3333333333333335,0,0.01692057244211198,-0.01042350025512051,-0.021114269747551928
1652457600000,-2.742e-05,8.0,24.074074074074073,2,-0.03687583700019137,-0.05999139085517524,-0.0380859001339201
1652486400000,5.029e-05,8.0,42.22222222222222,4,0.010219993047623666,0.020241346774594104,0.0047971395937824735
1652515200000,9.124e-05,8.0,55.925925925925924,5,-0.03387439290559813,-0.00014747232436040925,0.016747940303203146
1652544000001,6.884e-05,8.0,48.888888888888886,4,0.041670899965456476,0.04473919492816947,0.04711153556986991
1652572800000,0.0001,8.0,59.25925925925925,5,-0.009968556214285051,0.04120790864752766,0.01641793950721837
1652601600000,7.136e-05,8.0,50.0,4,0.012949979842476367,-0.011022723920589228,9.83293837686361e-06
1652630400000,7.168e-05,8.0,50.0,4,0.038246485982759815,-0.023855517589500663,-0.050564960782791046
1652659200021,0.0001,8.0,59.25925925925925,5,-0.05630147382623274,-0.0523850125083154,-0.098984343524253
1652688000013,0.0001,8.0,58.88888888888889,5,0.002864376489277287,0.026568705321683872,-0.0314287132644957
1652716800006,-3.34e-06,8.0,27.77777777777778,2,0.0012820703208145101,0.02033987238697743,-0.0006385601211779113
1652745600000,1.965e-05,8.0,32.22222222222222,3,0.022235291791870893,0.03204076387790611,-0.0017545073541040956
1652774400010,-0.00010278,8.0,7.4074074074074066,0,-0.0032206274904250654,-0.015068281171418674,-0.020803512708421956
1652803200023,8.48e-06,8.0,31.48148148148148,3,0.015703986881810073,-0.052826911694788814,-0.050823282846414464
1652832000003,7.107e-05,8.0,50.37037037037037,5,-0.02716334786948993,-0.08136108099329875,-0.06485386625143896
1652860800024,-1.537e-05,8.0,26.666666666666668,2,-0.04143345313144409,-0.042061902236886106,-0.028427502503976965
1652889600014,-7.218e-05,8.0,12.962962962962962,1,-0.014894717702074844,0.034066288664546196,0.012810071861378836
1652918400000,-5.373e-05,8.0,15.925925925925927,1,0.015606779943361682,0.0514586456771613,0.02852740296518408
1652947200008,4.9e-06,8.0,31.48148148148148,3,0.03474468117821328,0.037830135975275514,0.012259813745137293
1652976000015,3.757e-05,8.0,37.77777777777778,3,-0.0018970914566492914,-0.03089831986051672,-0.006300523062292007
1653004800001,0.0001,8.0,60.0,5,0.004888216173295934,-0.02838639239721097,0.01102702166199343
1653033600003,0.0001,8.0,60.0,5,-0.033779445898562965,-0.022736925280260833,0.021013383376956796
1653062400012,6.647e-05,8.0,48.888888888888886,4,0.0006900076667517574,0.010672118579095446,0.05527216969077431
1653091200008,9.991e-05,8.0,59.62962962962963,5,0.010731159179712346,0.008917945705748664,0.009520647649207126
1653120000001,-2.669e-05,8.0,24.074074074074073,2,-0.0007479053596514129,-0.0019455646180123187,0.0024913333939744486
1653148800007,-3.6e-06,8.0,28.14814814814815,2,-0.0010468397576591792,0.014554612669289702,-0.006215294986295139
1653177600003,4.308e-05,8.0,38.88888888888889,3,-0.00015187489558599054,0.03136722843503037,0.002121186041684542
1653206400016,5.296e-05,8.0,42.96296296296296,4,0.015772072040141527,0.04680482630467675,-0.0006177183912993156
1653235200000,0.0001,8.0,59.62962962962963,5,0.018152770843734345,0.030853719420868897,-0.020054917623564705
1653264000011,0.0001,8.0,59.25925925925925,5,0.01481394218733878,-0.02983404261585354,-0.044363290089187934
1653292800000,0.0001,8.0,58.88888888888889,5,-0.0013397369859303732,-0.040414592976295904,-0.06861194542385507
1653321600023,0.0001,8.0,58.51851851851851,5,-0.042695094544327294,-0.04821663825170486,-0.09688371822690633
1653350400011,-7.86e-05,8.0,11.851851851851853,1,0.0036934161063297832,0.001522901709596347,-0.08671432691286074
1653379200000,-4.871e-05,8.0,17.037037037037038,1,-0.00990922424786167,-0.003321555838932233,-0.11211133008402174
1653408000009,-4.04e-05,8.0,18.88888888888889,1,0.007332997470853808,-0.00043763898854498606,-0.10032619371122942
1653436800001,1.228e-05,8.0,32.592592592592595,3,-0.0028845668098004262,-0.01647385703460469,-0.12783531194746145
1653465600000,0.0001,8.0,58.14814814814815,5,-0.007378301018498901,-0.02615023616631773,-0.10622427203123275
1653494400015,6.424e-05,8.0,46.666666666666664,4,-0.008827886754606107,-0.05071707488430588,-0.08880324605570633
1653523200005,0.0001,8.0,57.77777777777777,5,-0.01181371315277191,-0.07282897338832717,-0.08069793362747768
1653552000001,3.287e-05,8.0,35.92592592592593,3,-0.030812572444370634,-0.08468259619832741,-0.07513423324618362
1653580800000,-0.00014343,8.0,4.444444444444445,0,-0.036093589516081326,-0.05283365867036638,-0.03377589924769164
1653609600007,0.0001,8.0,58.51851851851851,5,-0.02444739903606441,-0.043570993296770166,0.00257049470943449
1653638400008,-1.53e-06,8.0,29.259259259259256,2,0.003958045849730585,0.00298699012476078,0.08454999233377047
1653667200000,5.35e-05,8.0,43.333333333333336,4,-0.018939910069491694,0.01625448517055017,0.08474701367125426
1653696000018,0.0001,8.0,59.25925925925925,5,0.023041501346694027,0.03668220915751963,0.15556199136957338
1653724800016,6.376e-05,8.0,47.77777777777778,4,0.013344807867605057,0.0074225893569919155,0.11634385102732936
1653753600013,3.132e-05,8.0,35.92592592592593,3,-1.1174432897553821e-05,0.004670912951167727,0.11471114090959889
1653782400000,0.0001,8.0,59.62962962962963,5,-0.005784897842947778,0.011357608313278034,0.08490845231647204
1653811200025,1.764e-05,8.0,32.22222222222222,3,0.01057695550035409,0.0733530410152079,0.08504838872840503
1653840000002,1.83e-05,8.0,32.22222222222222,3,0.006439916358944586,0.06198558526493736,0.04191506873693096
1653868800000,6.492e-05,8.0,48.51851851851852,4,0.053124706687794454,0.10165027799095627,0.003290617874238899
1653897600013,1.622e-05,8.0,31.851851851851855,3,-0.0001256636612108064,0.03238980867707597,-0.0450608945158284
1653926400005,0.0001,8.0,60.0,5,0.04472093924445697,0.044768069039913705,-0.05075355306291296
1653955200016,7.761e-05,8.0,53.333333333333336,5,-0.01167908091146952,-0.025498491243195476,-0.0815129672885484
1653984000000,0.0001,8.0,60.370370370370374,6,0.009222714866935267,-0.020834812958472337,-0.08051359056827756
1654012800000,0.0001,8.0,60.370370370370374,6,-0.02335880164873838,-0.05683623202975785,-0.11229516437116727
1654041600000,0.0001,8.0,60.370370370370374,6,-0.006577694512926335,-0.06472698450278702,-0.08556664419201931
1654070400011,0.0001,8.0,60.370370370370374,6,-0.029595943377169642,-0.05535384089461182,-0.0832198148829163
1654099200000,0.0001,8.0,60.370370370370374,6,-0.031529634978921584,-0.03190803323509184,-0.05383381388135344
1654128000000,-8.505e-05,8.0,11.481481481481481,1,0.0030486965996576743,0.008755372364720904,-0.00741812818833687
1654156800006,4.628e-05,8.0,40.370370370370374,4,-0.006086193661585693,-0.006985415067441658,-0.020117337427349558
1654185600021,3.599e-05,8.0,37.77777777777778,3,0.010867766315441063,-0.026452253544436477,-0.0011309096927235585
1654214400016,5.262e-05,8.0,44.074074074074076,4,-0.01164592883649862,-0.030342719930146367,-0.015602488539620207
1654243200016,0.0001,8.0,61.48148148148148,6,-0.02557066027630228,-0.022671805461994654,0.04773999757048353
1654272000012,2.737e-05,8.0,35.18518518518518,3,0.0068281626292676645,0.006182178778863845,0.06690466071681533
1654300800005,0.0001,8.0,61.111111111111114,6,-0.003827104907699219,0.015201485817199378,0.04467582170193607
1654329600000,0.0001,8.0,60.74074074074074,6,0.004572101129444839,0.01080215477241353,-0.0028066363368869363
1654358400007,3e-05,8.0,35.92592592592593,3,0.015853260196208696,0.019705348996992722,0.0016669857968303337
1654387200005,3.407e-05,8.0,37.407407407407405,3,-0.00925818129403877,0.0,0.00895881495279438
1654416000015,5.246e-05,8.0,43.333333333333336,4,0.013172104682979802,0.061781311726754495,0.011885110597557036
1654444800000,5.865e-05,8.0,45.925925925925924,4,-0.0029313047894539146,0.04107138914037156,0.002605604257292393
1654473600000,0.0001,8.0,60.370370370370374,6,0.04835646699923046,0.02849122729311193,-0.00715879457636881
1654502400017,9.597e-05,8.0,58.51851851851851,5,-0.007746953918799315,-0.07173573928074539,-0.044837472068805506
1654531200000,0.0001,8.0,60.370370370370374,6,-0.014979744204297152,-0.05632383820815745,-0.04522026852185723
1654560000000,0.0001,8.0,60.370370370370374,6,-0.05132884374175706,-0.024897315396499864,-0.03812922917911543
1654588800011,-3.071e-05,8.0,20.74074074074074,2,0.009776314295446786,0.02665493357556481,0.015981605541046884
1654617600000,1.156e-05,8.0,30.74074074074074,3,0.017823629232549987,0.020532011732578015,-0.030326017329152744
1654646400008,0.0001,8.0,60.74074074074074,6,-0.006384720627263141,-0.014956290488304713,-0.08795199920877816
1654675200020,7.041e-05,8.0,51.11111111111111,5,0.0050709210053363485,0.002261730306633236,-0.07742970110874559
1654704000012,0.0001,8.0,60.74074074074074,6,-0.013628460759716576,-0.009067300497381026,-0.16574783221092482
1654732800000,0.0001,8.0,60.370370370370374,6,0.010768218420289521,-0.0035912649728983004,-0.1467176730387455
1654761600000,5.421e-05,8.0,44.44444444444444,4,-0.0065929215745772485,-0.013169291881603207,-0.19009130782599104
1654790400000,0.0001,8.0,60.0,5,-0.007664111962679132,-0.041602799066977614,-0.15597578584916139
1654819200009,0.0001,8.0,59.62962962962963,5,0.0024479324213804166,-0.0701777971969213,-0.19320180598034942
1654848000000,0.0001,8.0,59.62962962962963,5,-0.03521591341100705,-0.0674687479034819,-0.2856631706062571
1654876800006,-0.00010846,8.0,6.666666666666667,0,-0.03714187931064483,-0.12045732715365476,-0.2916939782937823
1654905600018,-0.00013495,8.0,4.814814814814815,0,0.0050786191939271585,-0.07813121272365808,-0.2720645822037473
1654934400014,-0.00018605,8.0,1.4814814814814816,0,-0.09114503725282164,-0.12103720486954006,-0.2558366749983516
1654963200000,-9.29e-05,8.0,10.0,0,0.006949288619223948,0.00011187301754445045,-0.18130667684491764
1654992000015,-6.025e-05,8.0,14.444444444444443,1,-0.041700158801733056,-0.05876971134680864,-0.21225844818685013
1655020800019,-9.914e-05,8.0,9.25925925925926,0,0.03772504091653017,-0.1290098199672668,-0.2604200763775233
1655049600010,-6.827e-05,8.0,14.074074074074074,1,-0.053518387088294817,-0.19757248376836745,-0.2625581578739846
1655078400009,1.579e-05,8.0,32.592592592592595,3,-0.11321409725886633,-0.1610659038520288,-0.1415696947815701
1655107200000,-2.19e-06,8.0,29.259259259259256,2,-0.042560185330119404,-0.030570077951350805,-0.08891619447140231
1655136000007,-5.144e-05,8.0,17.40740740740741,1,-0.010458040898556176,0.02499447206138883,-0.09121508185443905
1655164800013,-4.066e-05,8.0,19.62962962962963,1,0.027484896135065773,-0.002391790118348003,-0.11781014648679955
1655193600008,-5.061e-05,8.0,17.77777777777778,1,0.008119145234432246,-0.12645085420173818,-0.1182028336461245
1655222400006,-2.999e-05,8.0,23.703703703703706,2,-0.03689706693086381,-0.1033964796778497,-0.13684193705606473
1655251200000,-5.37e-05,8.0,16.666666666666664,1,-0.09865456018920504,0.02220347813143464,-0.10482357124546215
1655280000016,-0.0001643,8.0,2.9629629629629632,0,0.034725039648876965,0.07421716519750676,-0.07838490760889605
1655308800008,-9.52e-06,8.0,28.888888888888886,2,0.10176620506514111,-0.011130121727352171,-0.1205065141064714
1655337600009,-1.444e-05,8.0,28.51851851851852,2,-0.05772497128714482,-0.1378459696856954,-0.197067244698232
1655366400016,6.616e-05,8.0,52.59259259259259,5,-0.04748457094788883,-0.060299911588741706,-0.18135466648354948
1655395200000,-0.00010424,8.0,8.148148148148149,0,-0.0424059393481816,-0.025022919700156354,-0.04144421075338389
1655424000008,-0.00012406,8.0,6.666666666666667,0,0.027027534124489883,0.016192129086730178,0.0569445095923824
1655452800003,-5.634e-05,8.0,17.40740740740741,1,-0.013190105593920198,-0.08700537104022799,-0.0149439146479593
1655481600000,-0.00014982,8.0,4.444444444444445,0,-0.0020557921713959537,-0.08763390305510999,0.04505227059018746
1655510400020,-7.277e-05,8.0,14.814814814814813,1,-0.07727033539202932,-0.08352950951339078,0.04173705929598137
1655539200025,-0.00029164,8.0,0.3703703703703704,0,-0.012566157417134294,-0.04580244319716653,0.14669187902072034
1655568000014,-7.606e-05,8.0,15.185185185185185,1,0.005856426364050815,0.08506003343634427,0.1831197122447945
1655596800012,-0.00018722,8.0,1.8518518518518516,0,-0.03928560635822431,0.13490072829470257,0.13063975098969505
1655625600012,-0.0001769,8.0,2.9629629629629632,0,0.12285447663384819,0.13071833747496675,0.12611535759596526
1655654400008,0.0001,8.0,65.55555555555556,6,0.05205901578111871,0.05562610888038089,0.005331963768792525
1655683200016,0.0001,8.0,65.55555555555556,6,-0.04282607730883592,0.001571029157235948,-0.06842408911374442
1655712000000,-2.176e-05,8.0,30.37037037037037,3,0.04977497082955207,0.06213768451465951,0.011853388402200515
1655740800013,8.444e-05,8.0,60.74074074074074,6,-0.0018134050439196914,0.03291551301670981,-0.03454315461710611
1655769600012,6.015e-05,8.0,52.96296296296297,5,0.015694510909058712,-0.005317169139150368,0.013230889207918928
1655798400018,4.698e-05,8.0,48.148148148148145,4,0.018802404613787127,-0.06292479910655868,0.00429270676101301
1655827200010,5.33e-05,8.0,51.11111111111111,5,-0.038760619347766534,-0.07799225815291877,0.024441627843244662
1655856000000,-4.89e-05,8.0,22.59259259259259,2,-0.04472061845581754,-0.06481687409371129,0.0880000711686788
1655884800001,-2.551e-05,8.0,29.629629629629626,2,0.0024208340704461317,0.016945838493124032,0.14994273796333357
1655913600012,-8.679e-05,8.0,14.074074074074074,1,-0.02512516138620291,0.013756141964128332,0.0986708278763897
1655942400000,-4.408e-05,8.0,24.814814814814813,2,0.03941097571416341,0.0899993341133718,0.18078821951428314
1655971200000,-6.496e-05,8.0,18.14814814814815,1,0.0010158695294051334,0.05105888382479451,0.13259385353174813
1656000000016,-0.00010151,8.0,10.74074074074074,1,0.04758021659855949,0.09602169650546988,0.11836873064448139
1656028800005,4.046e-05,8.0,47.77777777777778,4,0.006734595705601976,0.06981239340534406,0.049704814798618324
1656057600004,8.003e-05,8.0,63.33333333333333,6,0.03924243082403023,0.07297684722644537,0.06691281873072419
1656086400018,0.0001,8.0,68.88888888888889,6,0.022529300630318883,-0.011185233485479396,-0.008760930263663869
1656115200001,-3.928e-05,8.0,27.037037037037038,2,0.009712468422214293,0.014462421413212967,-0.026652059811800632
1656144000010,3.156e-05,8.0,45.55555555555556,4,-0.042273592162260676,0.0027772154973484398,-0.02129468442573168
1656172800000,6.42e-06,8.0,39.25925925925926,3,0.0501167473181956,0.03227471151568473,0.0011759331325504885
1656201600002,0.0001,8.0,68.88888888888889,6,-0.0019180245958446696,-0.03278371452057427,-0.07764776042422183
1656230400016,2.837e-05,8.0,43.7037037037037,4,-0.014428977456236725,-0.008405464763258208,-0.0885197984626317
1656259200006,-8.522e-05,8.0,15.555555555555555,1,-0.01673753287290769,-0.028567683371428898,-0.0888654033638917
1656288000008,-0.00010252,8.0,10.74074074074074,1,0.023238180939525677,-0.008007132263493921,-0.08491226316052602
1656316800000,-4.323e-05,8.0,26.666666666666668,2,-0.03435356974149295,-0.015865517746901037,-0.13989021192031403
1656345600016,-3.606e-05,8.0,28.888888888888886,2,0.004073405636986216,-0.002091520906775557,-0.13019717644677598
1656374400016,9.02e-06,8.0,41.11111111111111,4,0.015269996724258217,-0.03868735143670676,-0.10640281545814179
1656403200001,-2.707e-05,8.0,32.22222222222222,3,-0.02108790072388833,-0.0661013443640125,-0.11831230610134436
1656432000005,6.622e-05,8.0,61.48148148148148,6,-0.03274850835826448,-0.060105133275864864,-0.10755032706252221
1656460800000,3.172e-05,8.0,48.148148148148145,4,-0.012369763189894134,-0.03899012343518993,-0.0725214546281634
1656489600013,1.728e-05,8.0,43.333333333333336,4,-0.014802675289010803,-0.0653585507374762,-0.07701643265269953
1656518400000,1.147e-05,8.0,41.85185185185185,4,-0.014718148795910158,-0.07533970133189827,-0.05599354231131448
1656547200000,3.467e-05,8.0,50.37037037037037,5,-0.03866950679993453,-0.030030768110401063,-0.029703060425655736
1656576000000,-6.766e-05,8.0,19.25925925925926,1,-0.023777058121697503,0.008976762683938322,0.007063992576179512
1656604800000,-0.00021692,8.0,1.8518518518518516,0,0.033561278432513664,0.024763567583296897,0.018410204180610235
1656633600001,-0.00013323,8.0,7.777777777777778,0,0.0017389015781705819,-0.007124796736504901,0.009634454689864569
1656662400017,4.122e-05,8.0,53.70370370370371,5,-0.00913918967102667,-0.02236005029369259,-0.013502355171054914
1656691200005,-9.037e-05,8.0,15.185185185185185,1,0.0002935606060605611,-0.00418560606060614,0.05123106060606042
1656720000000,-4.5e-06,8.0,38.148148148148145,3,-0.017298459739108374,0.005376293375840779,0.08512464511747675
1656748800000,-4.376e-05,8.0,28.14814814814815,2,0.010222004664689477,0.020779943754979158,0.11025367848196055
1656777600008,-4.429e-05,8.0,27.40740740740741,2,0.013512999486487098,-0.0020730709979267514,0.039093554460906565
1656806400015,8.102e-05,8.0,70.74074074074073,7,-0.002645924619296469,0.007834564032314084,0.062451327184529726
1656835200004,2.344e-05,8.0,48.148148148148145,4,-0.012766117576225033,-0.010931634947364599,0.07085806749014556
1656864000005,-9.636e-05,8.0,13.703703703703704,1,0.023575376405565063,0.05784257671050108,0.08018867924528283
1656892800021,8.487e-05,8.0,72.22222222222221,7,-0.02121697357886332,0.06965572457966362,0.10600107993371433
1656921600001,-0.00014236,8.0,7.4074074074074066,0,0.05588053455081554,0.0999096399866839,0.11988395871974156
1656950400000,6.349e-05,8.0,64.44444444444444,6,0.03551755175517557,-0.01699369936993711,0.09838883888388827
1656979200000,8.23e-06,8.0,44.44444444444444,4,0.00545868609078104,-0.015037463275559326,0.07670844705596025
1657008000000,1.762e-05,8.0,47.77777777777778,4,-0.0558638933554646,-0.015085498902086991,0.07151996127046711
1657036800015,4.28e-05,8.0,56.666666666666664,5,0.03629574719270767,0.037393954369491667,0.12876479147791242
1657065600006,0.0001,8.0,77.4074074074074,7,0.005245727910981657,0.04914558219631737,0.07294564401465986
1657094400000,0.0001,8.0,77.03703703703704,7,-0.005898410413503141,0.03324000035109598,0.07451131845272063
1657123200000,4.373e-05,8.0,57.03703703703704,5,0.04849148397008585,0.0774698252646635,0.07299328076851763
1657152000010,0.0001,8.0,76.66666666666667,7,-0.0089309764309764,0.04096801346801349,0.02381313131313134
1657180800010,0.0001,8.0,76.29629629629629,7,0.036224190794893696,0.05504548195585146,0.00977586016528087
1657209600011,6.891e-05,8.0,67.4074074074074,6,0.01363070063276628,0.010942264188059436,-0.04626077833513664
1657238400008,0.0001,8.0,76.29629629629629,7,0.004471686060145474,-0.01756329497764164,-0.057185829687790624
1657267200009,0.0001,8.0,76.29629629629629,7,-0.007092255675414494,-0.01471582675897598,-0.07982611495733383
1657296000000,5.505e-05,8.0,61.48148148148148,6,-0.016545741964249405,-0.014843338332455103,-0.07362490373312791
1657324800000,5.118e-05,8.0,59.25925925925925,5,0.009100351154854414,0.0023740046490923206,-0.0969385231712746
1657353600000,2.685e-05,8.0,49.25925925925926,4,-0.007302847620447972,-0.028909147347612407,-0.12800405169174467
1657382400009,3.206e-05,8.0,52.22222222222223,5,0.000707568514846546,-0.04264334433081307,-0.11453559645557543
1657411200001,4.544e-05,8.0,57.407407407407405,5,-0.02251930049576978,-0.0413881557852156,-0.14693864127798473
1657440000002,0.0001,8.0,77.4074074074074,7,-0.021280174951636144,-0.03857347127596944,-0.09916729750189257
1657468800001,6.604e-05,8.0,67.03703703703704,6,0.0020195943623240176,-0.018056033001031313,-0.09018563080096242
1657497600000,1.102e-05,8.0,44.074074074074076,4,-0.020072194737157822,-0.060662442445703846,-0.0456833206149414
1657526400003,4.204e-05,8.0,56.2962962962963,5,-0.0003936870100784695,-0.06743421052631571,-0.03857257838745798
1657555200001,5.881e-05,8.0,64.07407407407408,6,-0.041213383628423084,-0.0580873279128995,0.0005338747932330801
1657584000000,6.653e-05,8.0,68.51851851851852,6,-0.025612939737481022,-0.051773554594081506,0.08875988097194076
1657612800021,-2.208e-05,8.0,34.074074074074076,3,0.009625126646403137,0.004728132387706863,0.1355210326841534
1657641600000,-0.00010622,8.0,10.0,0,-0.03390744736254747,-0.01416375269697201,0.1359831857748679
1657670400012,-0.00017917,8.0,3.3333333333333335,0,0.032219512900334424,0.07486723787310745,0.18660909625374678
1657699200022,-0.00019746,8.0,2.2222222222222223,0,-0.011521942110177319,0.026097105508870344,0.1172922502334266
1657728000005,-0.00012686,8.0,8.88888888888889,0,0.05345436684110094,0.07985566659739662,0.2025296129068821
1657756800017,-0.00012921,8.0,8.88888888888889,0,-0.014615557049988737,0.06958081147724715,0.21666890831652097
1657785600001,1.264e-05,8.0,44.81481481481481,4,0.04026570817598607,0.10143318622321318,0.23964693571136064
1657814400000,-5.017e-05,8.0,26.296296296296294,2,0.04317786270891455,0.06829571194934436,0.1802503039154808
1657843200004,0.0001,8.0,77.77777777777779,7,0.014729429517542192,0.03214150982940023,0.12173366307582678
1657872000019,4.667e-05,8.0,57.77777777777777,5,0.00804679367492267,-0.01140100130533217,0.21077807703111295
1657900800017,-4.53e-06,8.0,36.666666666666664,3,0.00903979805927091,0.04336316548649344,0.24540224232887464
1657929600021,5.458e-05,8.0,61.85185185185185,6,-0.02807852565404212,0.10209634581177562,0.27157465541468007
1657958400014,7.053e-05,8.0,69.25925925925925,6,0.06388828533703261,0.13846500977754017,0.26328324781467827
1657987200005,3.638e-05,8.0,52.22222222222223,5,0.0658408414305578,0.06009881624733904,0.20943074614907276
1658016000000,0.0001,8.0,77.4074074074074,7,0.004828460642516852,-0.014654930927211818,0.13744526515989208
1658044800003,8e-08,8.0,38.88888888888889,3,-0.009344422341464154,0.07578304497507915,0.12258590188723573
1658073600007,-6.39e-06,8.0,35.18518518518518,3,-0.008535988974347597,0.12597252478548882,0.18155277938321546
1658102400001,-2.025e-05,8.0,32.96296296296296,3,0.09527973334529105,0.1700147975427111,0.13568898255683592
1658131200004,-8.57e-06,8.0,35.18518518518518,3,0.03687352870935823,0.03146941421309424,0.013339701818429806
1658160000019,7.25e-05,8.0,70.37037037037037,7,0.03024500029613253,0.013227252087734342,-0.0038497226225494563
1658188800000,0.0001,8.0,77.03703703703704,7,-0.03891945464479485,-0.019713853699444672,0.00015247582622834877
1658217600000,0.0001,8.0,77.03703703703704,7,0.015567571855416462,0.01006108040931819,0.06081599196171239
1658246400001,4.242e-05,8.0,54.074074074074076,5,-0.0004611317862687203,0.03566302307607372,0.01799712929226005
1658275200004,5.437e-05,8.0,60.74074074074074,6,-0.006283382500097523,-0.012579760620670899,-0.0016114569390115463
1658304000000,-4.179e-05,8.0,27.77777777777778,2,0.04413670335999176,-0.02761161795311462,0.033069804578593986
1658332800003,2.871e-05,8.0,47.77777777777778,4,-0.04702119653831682,-0.05070864166562139,-0.04318324344663227
1658361600000,0.0001,8.0,76.66666666666667,7,-0.02352802003167731,0.03461510656615774,0.01842151959463445
1658390400018,0.0001,8.0,76.29629629629629,7,0.019284896639957028,0.07750319843781583,0.0798868763046261
1658419200011,0.0001,8.0,75.92592592592592,7,0.040304147343665386,0.0354486239380607,0.06493189054923554
1658448000014,0.0001,8.0,75.55555555555556,7,0.016161295443721357,-0.024289569772979802,0.017424988093348137
1658476800000,0.0001,8.0,75.18518518518519,7,-0.02122435753632934,-0.01635758618111116,-0.05132854757097627
1658505600000,9.317e-05,8.0,72.5925925925926,7,-0.02212389380530977,-0.030521423569109363,-0.02884064429872024
1658534400004,5.463e-05,8.0,58.88888888888889,5,0.028571428571428692,0.015157826228441307,-0.05916042954767331
1658563200002,6.541e-05,8.0,62.96296296296296,6,-0.03458618071374342,0.014768413059984775,-0.11037711971652753
1658592000001,0.0001,8.0,74.81481481481481,7,0.022317039600456168,0.056556162911111985,-0.10179322820401904
1658620800000,0.0001,8.0,74.44444444444444,7,0.03708651153185949,0.032517649488261746,-0.061505401324195574
1658649600011,0.0001,8.0,74.07407407407408,7,0.0051691670719693494,-0.05028246473867337,-0.08751418559118052
1658678400000,0.0001,8.0,73.70370370370371,7,-0.006821849782743694,-0.053134698944754755,-0.07564866542520166
1658707200000,0.0001,8.0,73.33333333333333,7,-0.048512196798769947,-0.10268685820713619,0.02245610964931477
1658736000014,-1.134e-05,8.0,30.74074074074074,3,0.001359070317116462,-0.07690893572319601,0.06185411332151536
1658764800006,7.434e-05,8.0,67.03703703703704,6,-0.05217123337070628,-0.10145754243789218,0.1349161077125829
1658793600010,6.69e-05,8.0,63.33333333333333,6,-0.02742114001106799,0.0006779192030990089,0.19252905368013296
1658822400000,7.151e-05,8.0,65.55555555555556,6,-0.03014608327953061,0.03841869638942286,0.21662043179351098
1658851200000,0.0001,8.0,73.70370370370371,7,0.0638853531141641,0.08935756192482702,0.2586285095612224
1658880000008,7.41e-06,8.0,35.55555555555556,3,0.011620511827897584,0.12907685713890693,0.19067040882633535
1658908800000,8.204e-05,8.0,68.51851851851852,6,0.017429387409300334,0.10617510009428677,0.17199136387860237
1658937600003,3.325e-05,8.0,44.81481481481481,4,0.09664553902347328,0.16220389966159976,0.16369447279368332
1658966400009,0.0001,8.0,73.70370370370371,7,-0.009789995714198252,0.055482764954386976,0.03825996448907132
1658995200008,0.0001,8.0,73.70370370370371,7,0.07025863934557997,0.05911049829655424,0.048914555651050184
1659024000013,0.0001,8.0,73.70370370370371,7,-0.004055599847481717,-0.013085375576276537,-0.010895813835257173
1659052800000,0.0001,8.0,73.33333333333333,7,-0.00633358829937658,7.533087638766922e-05,-0.02908351296850009
1659081600000,0.0001,8.0,72.96296296296296,7,0.0033415170370716396,0.0003265706004815794,-0.01274208503665164
1659110400000,0.0001,8.0,72.5925925925926,7,0.0030979006346918414,0.008154511426778033,-0.027904354497477524
1659139200005,0.0001,8.0,72.22222222222221,7,-0.004586623316302885,-0.015449372967951791,-0.0544472828611241
1659168000009,0.0001,8.0,71.85185185185186,7,0.010883639545056889,-0.010545348498104401,-0.07325167687372403
1659196800000,5.049e-05,8.0,50.0,4,-0.02211524602922943,-0.013035081144965543,-0.062050675967830204
1659225600022,4.431e-05,8.0,47.40740740740741,4,0.0003715082645847634,-0.009163870526421314,-0.03844225994964001
1659254400011,0.0001,8.0,71.48148148148148,7,0.009231204536612303,-0.000901899293806907,-0.03939472536282296
1659283200019,5.528e-05,8.0,53.70370370370371,5,-0.01859142096163724,-0.024111022849399588,-0.034478529040699035
1659312000010,9.823e-05,8.0,70.0,6,0.008712989138521143,-0.03072757030203843,-0.03785151019193567
1659340800019,0.0001,8.0,71.11111111111111,7,-0.014213311778345616,-0.06252913168406204,-0.04207942698346212
1659369600017,6.285e-05,8.0,55.55555555555556,5,-0.025245391429255526,-0.021774000478812505,-0.03254129758199653
1659398400000,0.0001,8.0,70.74074074074073,7,-0.021191280319312278,0.002112373349708374,-0.013257599017500676
1659427200007,1.617e-05,8.0,35.55555555555556,3,0.02864227678093778,0.02560245703029107,0.04686860803947357
1659456000014,1.593e-05,8.0,35.55555555555556,3,-0.0023372205430673976,0.011398538931241653,0.023231482727817943
1659484800001,6.888e-05,8.0,61.111111111111114,6,-0.0006194039004047136,-0.008555133079847788,0.06473077394824012
1659513600020,3.68e-06,8.0,31.11111111111111,3,0.014396259181757465,-0.003694180744849951,0.057419350879669206
1659542400008,-3.047e-05,8.0,22.962962962962962,2,-0.022019902604276886,-0.02215298992770931,0.03667765645322296
1659571200001,1.183e-05,8.0,35.18518518518518,3,0.004280456499551555,-0.006859864534686011,0.044808709368137745
1659600000009,7.702e-05,8.0,66.66666666666666,6,-0.004397716144052821,0.024520039172933883,0.036758501327321946
1659628800015,7.119e-05,8.0,63.33333333333333,6,-0.006724695780207068,0.03461950099911526,0.05121780714290125
1659657600005,7.649e-05,8.0,66.2962962962963,6,0.036012357059219235,0.08133610702807759,0.05776800617852951
1659686400000,0.0001,8.0,72.22222222222221,7,0.005233208618553364,0.03638583785474547,0.04245515681580314
1659715200000,0.0001,8.0,72.22222222222221,7,0.0380514133895018,0.025808420498336426,0.06315373752363618
1659744000021,0.0001,8.0,71.85185185185186,7,-0.007482072401578166,-0.027105952826656732,0.022653572559974577
1659772800000,0.0001,8.0,71.48148148148148,7,-0.005026263095272654,-0.022020372036333113,0.03358774195420633
1659801600015,0.0001,8.0,71.48148148148148,7,-0.01434923673031141,-0.00843798142010177,-0.016578357686382605
1659830400013,0.0001,8.0,71.48148148148148,7,-0.003457483023403096,0.00545856052667415,0.006103878419740916
1659859200000,-2.278e-05,8.0,24.444444444444443,2,0.008919828368971094,0.028504281873698023,0.0005875336051417435
1659888000014,2.801e-05,8.0,40.0,3,-0.0005355398359248031,0.04492649568625606,0.07896564305975695
1659916800009,-1.33e-05,8.0,26.666666666666668,2,0.020320200670078004,0.04543928964676658,0.09046640483775059
1659945600006,2.805e-05,8.0,40.74074074074074,4,0.024664996941401895,0.02794289077919232,0.08198774252374741
1659974400000,0.0001,8.0,71.48148148148148,7,0.0004502729779929382,-0.05175325040805989,0.06503630325885057
1660003200020,5.993e-05,8.0,56.666666666666664,5,0.0032441931196069973,-0.042850384121477014,0.060107689188275915
1660032000000,-3.21e-06,8.0,30.0,2,-0.05394705809683176,-0.05324513426399069,0.05954560258757202
1660060800000,-0.00014349,8.0,4.814814814814815,0,0.009140822080427435,0.09074343374387905,0.12760943760201804
1660089600000,-0.00010375,8.0,8.88888888888889,0,-0.00832279504749589,0.08992147751668966,0.1501161662206274
1660118400016,-3.238e-05,8.0,22.22222222222222,2,0.08809704681416775,0.11272077675434433,0.1878738961162283
1660147200018,0.0001,8.0,71.85185185185186,7,0.01011781389767652,0.03196792843896579,0.08598778226246306
1660176000012,0.0001,8.0,71.48148148148148,7,0.012386943491994984,0.016334134290882485,0.0703528712978212
1660204800000,4.392e-05,8.0,48.888888888888886,4,0.008645917176164586,0.005772828792716567,0.07331972303214762
1660233600000,1.783e-05,8.0,38.148148148148145,3,-0.006151407055093205,0.003958250759677595,0.046959968291716114
1660262400006,2.566e-05,8.0,39.25925925925926,3,0.000903198384868853,0.0394963340771437,0.02742004037828072
1660291200000,5.216e-05,8.0,51.85185185185185,5,0.006826155623628649,0.05901868713100078,0.007022248603500092
1660320000005,8.336e-05,8.0,68.88888888888889,6,0.03147883574173749,0.04967234807547327,0.011376876156534932
1660348800012,7.636e-05,8.0,66.2962962962963,6,0.02298956320852108,0.013135432958181203,-0.030308606008566108
1660377600006,4.086e-05,8.0,46.666666666666664,4,-0.005231024421439745,0.0033674407450337007,-0.058835285183260755
1660406400018,2.735e-05,8.0,40.0,3,-0.0044248009844052305,-0.004193767107807389,-0.051862082820622324
1660435200000,3.144e-05,8.0,42.96296296296296,4,0.016266686854922163,-0.024059353471118095,-0.052625734978676175
1660464000000,8.292e-05,8.0,69.25925925925925,6,-0.016125507802024264,-0.056352367425183014,-0.061994060330356815
1660492800000,2.19e-06,8.0,30.37037037037037,3,-0.023941123915380724,-0.031916450878547775,-0.07690133309104485
1660521600010,-6.757e-05,8.0,13.703703703703704,1,-0.01630977190106575,-0.01891085473753884,-0.0513494086802736
1660550400002,3.991e-05,8.0,47.03703703703704,4,0.008484599977921059,-0.009730479900329603,-0.02949108170764403
1660579200010,-4.854e-05,8.0,17.40740740740741,1,-0.011035180175249293,-0.01596113448115899,-0.023926063771560924
1660608000010,-6.945e-05,8.0,12.592592592592592,1,-0.007105057873542653,-0.011527271193944921,-0.02731336046045829
1660636800002,3.333e-05,8.0,45.18518518518518,4,0.0021393383445873493,0.0003715972310698312,-0.07572089862827547
1660665600000,3.842e-05,8.0,47.03703703703704,4,-0.0049775506634084365,-0.030591528092150932,-0.09925416253637742
1660694400020,5.927e-05,8.0,58.51851851851851,5,0.00484704351674603,-0.021787700560422674,-0.13966843876141766
1660723200016,6.626e-05,8.0,62.59259259259259,6,-0.02964775054922897,-0.020318818122963545,-0.1270549653481634
1660752000001,4.034e-05,8.0,46.666666666666664,4,0.0032374671194745908,0.024018506062047917,-0.10589579949578631
1660780800005,2.314e-05,8.0,37.407407407407405,3,0.0063559206545618085,0.005947092139045429,-0.14106219099378037
1660809600012,9.463e-05,8.0,71.48148148148148,7,0.014267375160467388,-0.05690158544446078,-0.14022543969406942
1660838400013,3.449e-05,8.0,44.81481481481481,4,-0.014467212458144418,-0.09375650864347851,-0.13358006098765818
1660867200000,5.275e-05,8.0,54.44444444444444,5,-0.0549575101547205,-0.12651507345564184,-0.12249114681909146
1660896000000,0.0001,8.0,72.96296296296296,7,-0.024904885144867328,-0.055829407275210574,-0.1064023917871264
1660924800009,1.435e-05,8.0,33.7037037037037,3,-0.049211821208638984,-0.03653613836589176,-0.05912961489731583
1660953600000,4.557e-05,8.0,51.11111111111111,5,0.021518861598827765,-0.021388481883428123,0.008040082449648711
1660982400005,-3.743e-05,8.0,20.37037037037037,2,-0.0061275478258754346,-0.035099663835917894,-0.024473717804538553
1661011200000,9.91e-06,8.0,31.48148148148148,3,-0.03597443503256781,-0.008030335463747207,0.002061099048958903
1661040000010,-1.408e-05,8.0,25.185185185185183,2,0.00733628223109295,0.02530890444428935,0.054615955779226066
1661068800013,1.912e-05,8.0,38.148148148148145,3,0.022106861380088105,-0.01906393916675586,0.024173276464918292
1661097600000,-5.859e-05,8.0,14.444444444444443,1,-0.0023552333037388795,-0.017343642103186396,0.03919428825096172
1661126400011,-5.605e-05,8.0,15.185185185185185,1,-0.0362587505648021,0.004691726344848268,0.025563100005570716
1661155200005,6.886e-05,8.0,65.55555555555556,6,0.02542019100466919,0.03066093781108914,0.09661984675953583
1661184000005,7.481e-05,8.0,68.51851851851852,6,0.0166477724679166,0.026130363708106508,0.06309618504205794
1661212800000,6.559e-05,8.0,62.59259259259259,6,-0.013402068205194628,0.024931788646427977,0.04180139563816865
1661241600021,-1.8e-05,8.0,24.444444444444443,2,0.020912654149815912,0.013017441751777659,0.032777282725873436
1661270400005,-9.315e-05,8.0,9.25925925925926,0,0.014319459449561478,0.02786984307190865,-0.027515824040333703
1661299200017,-8.879e-05,8.0,10.37037037037037,1,-0.021741615968323247,-0.002936592469565902,-0.09539111440073655
1661328000021,-2.313e-05,8.0,23.703703703703706,2,0.03588081148579647,0.05032417602696748,-0.07480038876517858
1661356800000,5.38e-06,8.0,31.48148148148148,3,-0.01801849907148667,0.008401117775839628,-0.12711437030181139
1661385600003,-9.281e-05,8.0,9.62962962962963,0,0.03051463265958909,0.02119004653240064,-0.10209969159459475
1661414400000,-1.814e-05,8.0,25.555555555555554,2,-0.005179982440737474,-0.029089844893181227,-0.12428446005267779
1661443200004,2.635e-05,8.0,40.74074074074074,4,-0.003140189118331471,-0.06133089816478621,-0.12094146758181867
1661472000001,4.613e-05,8.0,53.70370370370371,5,-0.02047848134182817,-0.11155305492842871,-0.15369203673715437
1661500800004,2.49e-05,8.0,40.370370370370374,4,-0.038687800551476026,-0.09250197602225207,-0.12297193746719193
1661529600000,8.902e-05,8.0,74.07407407407408,7,-0.05379211451500299,-0.07469764341104768,-0.044050037421148325
1661558400010,-0.0002075,8.0,0.7407407407407408,0,0.0005255210308194869,-0.010330812162818392,0.029888177107239677
1661587200007,-7.754e-05,8.0,12.222222222222221,1,-0.02422775687140144,-0.005252450035237888,0.05813597861787434
1661616000008,-0.000272,8.0,0.3703703703703704,0,0.013709270792166883,0.016659625788691956,0.040793938485438996
1661644800019,-0.0002537,8.0,0.7407407407407408,0,0.005659591057577407,-0.03748638875072252,0.025454716549934808
1661673600000,-0.0002688,8.0,0.7407407407407408,0,-0.004531600898299626,-0.027744358892097143,0.06038124264784517
1661702400000,1.893e-05,8.0,40.0,3,-0.040547073278814016,0.020538747666814405,0.048134122923632505
1661731200000,-0.00024797,8.0,1.4814814814814816,0,0.01795673867556813,0.0850320855989195,0.08604678829103074
1661760000000,-0.00017053,8.0,4.444444444444445,0,0.04490427250541362,0.09130718729591303,0.06169869040662701
1661788800001,-6.657e-05,8.0,16.666666666666664,1,0.016419488048109443,0.002823022735180647,0.008672588449241347
1661817600001,-9.478e-05,8.0,11.11111111111111,1,0.02796796279550451,-0.014591138095853329,0.021153597726391915
1661846400005,-6.689e-05,8.0,17.037037037037038,1,-0.04021991831605398,-0.0027332704995286505,0.0014891611687086748
1661875200010,-5.782e-05,8.0,18.88888888888889,1,-0.0012307772882310664,0.022625352702799972,0.0713196158403655
1661904000000,-0.00011151,8.0,8.148148148148149,0,0.038734008144879484,0.016112980737753357,0.029613576544842646
1661932800005,-2.5e-07,8.0,34.44444444444444,3,-0.01581451028573233,-0.028863056421888356,-0.028031376996503155
1661961600013,7.105e-05,8.0,70.74074074074073,7,-0.005806472264011986,-0.016420729170000925,-0.010210940750936315
1661990400012,-1.273e-05,8.0,31.48148148148148,3,-0.007495267163775465,0.018010534585120253,0.000991641875619731
1662019200000,9.18e-06,8.0,38.148148148148145,3,-0.005277130277130282,0.03136493136493135,-1.942501942520103e-05
1662048000013,-7.998e-05,8.0,14.444444444444443,1,0.028996355115855188,0.06510674303566777,0.014410309815152234
1662076800002,5.469e-05,8.0,62.59259259259259,6,0.008172301464309362,-0.0045858502798949985,-0.0007210854233214992
1662105600013,3.291e-05,8.0,50.37037037037037,5,0.026702303199131805,-0.03212934555515812,-0.021507400227120166
1662134400000,-1.84e-05,8.0,30.0,2,-0.0396284489392108,-0.05457232543085033,-0.0231700316343606
1662163200000,-0.00012553,8.0,7.777777777777778,0,-0.01875274232625579,-0.010740380396421112,0.0290670685565666
1662192000002,-0.00010187,8.0,10.74074074074074,1,0.0022299145631570205,-0.0002139162226285629,0.0757328251202467
1662220800007,-9.441e-05,8.0,12.592592592592592,1,0.005445960804605132,0.008046051355022454,0.07993014682103361
1662249600008,1.789e-05,8.0,45.18518518518518,4,-0.007841648869104323,0.016268687440496032,0.0008877338342383467
1662278400009,-4.425e-05,8.0,24.074074074074073,2,0.010510072422892591,0.011190860581068884,-0.016196274467850658
1662307200000,-9.236e-05,8.0,14.074074074074074,1,0.012368318126735112,0.025576579060418103,-0.009989548803241877
1662336000015,8.77e-06,8.0,40.370370370370374,4,-0.012799007475582491,0.02195200688690413,0.03334578208771943
1662364800013,-0.00010286,8.0,10.37037037037037,1,0.027193044325752425,0.06405529658435882,0.031655755679377284
1662393600007,-5.01e-05,8.0,23.703703703703706,2,0.007796504369538049,0.042247191011236085,0.01149188514357058
1662422400018,-0.00016568,8.0,4.814814814814815,0,0.02787257895682238,-0.036290097801782606,0.010579192190722786
1662451200020,-0.00013291,8.0,7.4074074074074066,0,0.0061404407378171655,-0.08565282104743033,0.02746024380984524
1662480000028,-2.352e-05,8.0,31.11111111111111,3,-0.06814479421206454,-0.07519404915912031,0.024118393943749705
1662508800013,-0.0001677,8.0,4.814814814814815,0,-0.02477665659746786,0.04922552863294549,0.10160035992030325
1662537600022,-0.00027449,8.0,0.3703703703703704,0,0.017649191023824562,0.06037499588097672,0.12748541865752805
1662566400021,-0.00018414,8.0,4.074074074074074,0,0.05722316126232885,0.049399985752494935,0.11145434646046626
1662595200010,1.215e-05,8.0,45.55555555555556,4,-0.014413564554759839,-0.0005635562851840081,0.08744923399224502
1662624000000,-1.24e-05,8.0,37.03703703703704,3,0.009654222481432884,0.057751608520037356,0.09167788649463615
1662652800003,-6.039e-05,8.0,22.22222222222222,2,0.00688714584580441,0.0552576199850654,0.09055115680599357
1662681600011,-8.28e-05,8.0,17.77777777777778,1,0.045042505071801964,0.05050963182701329,0.07889946493254962
1662710400000,-3.837e-05,8.0,29.629629629629626,2,0.00659897583894975,0.002047148949149813,0.029563411758495084
1662739200000,-0.00012468,8.0,9.25925925925926,0,-0.00041956574944934655,-0.0002447466871786652,-0.005122198524527111
1662768000003,-7.115e-05,8.0,18.88888888888889,1,-0.0018611652411346657,0.035747208252138396,-7.584685935668745e-05
1662796800000,-0.00020439,8.0,2.9629629629629632,0,0.0042966692033015175,0.029965462740736415,0.003916173974126247
1662825600012,-0.00014116,8.0,7.777777777777778,0,0.034389330101443294,0.029663856243044462,-0.0738187772035217
1662854400009,-0.00011556,8.0,10.74074074074074,1,-0.008933952964371161,-0.008421349105759757,-0.11732995352767217
1662883200012,-0.00016606,8.0,5.9259259259259265,0,0.0044049358016131634,-0.0021939422186099122,-0.0866209311181717
1662912000005,-0.00031696,8.0,0.0,0,-0.003870661068166692,-0.03231775637470724,-0.09818124200685852
1662940800007,-0.00034442,8.0,0.0,0,-0.0027097653809009525,-0.026387547577117587,-0.07242515480315859
1662969600013,-0.0002761,8.0,1.1111111111111112,0,-0.02591809880776741,-0.02289906751807147,-0.07064533217888613
1662998400000,-0.00038902,8.0,0.0,0,0.0051837143509814165,-0.0699479285643162,-0.12926484973085695
1663027200004,-0.00028397,8.0,1.4814814814814816,0,0.0008635528196749842,-0.08570761735274379,-0.13929457070338713
1663056000000,-0.00047985,8.0,0.0,0,-0.07413454305856015,-0.06284001655986327,-0.1429046233505734
1663084800000,-0.0004662,8.0,0.3703703703703704,0,-0.011109361715527233,0.0014107125987972147,-0.0875901376074566
1663113600000,-0.00111142,8.0,0.0,0,0.023570095719680717,0.03623082262882016,-0.08838945109252905
1663142400000,-0.00182506,8.0,0.0,0,-0.010658155075223164,0.013731785318749079,-0.10870322668956334
1663171200000,-0.00172134,8.0,0.3703703703703704,0,0.02327541208359274,-0.06509694419812717,-0.09312051519096398
1663200000019,-0.00301937,8.0,0.0,0,-0.0007961734678253451,-0.09657584164722166,-0.10335556494631948
1663228800012,-0.00216987,8.0,0.3703703703703704,0,-0.08714626327757724,-0.0989574075549644,-0.10926074617991921
1663257600007,-0.00010393,8.0,15.925925925925927,1,-0.009541203091323003,-0.028744468989411298,-0.046900284020331195
1663286400000,-7.76e-06,8.0,39.62962962962963,3,-0.0014130530778061479,-0.027561328541634067,-0.09362835345348808
1663315200000,-2.35e-06,8.0,41.11111111111111,4,-0.014381832901334213,-0.025443734650420824,-0.11489138790810327
1663344000000,0.0001,8.0,82.5925925925926,8,-0.011975675918192596,-0.004659124636760881,-0.0739661920111544
1663372800000,7.4e-05,8.0,76.29629629629629,7,0.0007614816056782381,0.025240670103812812,-0.0377946374928394
1663401600012,7.913e-05,8.0,78.14814814814814,7,0.007372396796917036,0.014577239121176921,-0.05129959437854725
1663430400017,4.111e-05,8.0,59.25925925925925,5,0.014636884672160067,-0.01625165461942024,-0.04589966249229005
1663459200000,8.41e-06,8.0,42.96296296296296,4,-0.0099485537119689,-0.09088617082893247,-0.1002827842322237
1663488000004,8.234e-05,8.0,80.0,7,-0.0232375709616377,-0.10554274901083782,-0.08377085842078102
1663516800000,6.342e-05,8.0,70.0,6,-0.05758988486261207,-0.05233453415271605,-0.05175531539167899
1663545600018,-0.00010281,8.0,15.555555555555555,1,-0.028722792178194956,0.02908892558525311,-0.06716679991930108
1663574400006,-4.91e-06,8.0,38.51851851851852,3,0.032672498019032714,0.04540454045404552,-0.01679398709101676
1663603200010,-9.737e-05,8.0,17.037037037037038,1,0.025999374227096084,0.025597091645931824,-0.05319814652025556
1663632000007,-0.00010865,8.0,14.074074074074074,1,-0.013323748947169589,-0.043797740408352936,-0.03740088873398972
1663660800001,-0.00012011,8.0,13.333333333333334,1,0.0131062852769539,-0.02014879791594615,-0.019670466336495274
1663689600000,2.77e-06,8.0,41.85185185185185,4,-0.040923354058922556,-0.024907025393689275,-0.05935847521645654
1663718400001,-3.849e-05,8.0,30.37037037037037,3,0.011078881025422982,-0.05201530844698232,0.008132612459375022
1663747200005,-2.285e-05,8.0,33.33333333333333,3,0.008787016244714785,-0.04015741526537542,-0.0074652086728601574
1663776000000,-7.656e-05,8.0,22.59259259259259,2,-0.07076719084049077,-0.053343563537763705,-0.0020187272334498685
1663804800000,-0.00024234,8.0,6.296296296296296,0,0.0244663027183889,0.06231211370577916,0.05641999951901089
1663833600000,-0.00023437,8.0,6.666666666666667,0,-0.0055792480143981305,0.04177784733362011,0.04266207598106342
1663862400011,-0.00013047,8.0,12.592592592592592,1,0.04311803167759032,0.01656267457688454,0.03235426026610422
1663891200023,-1.456e-05,8.0,36.666666666666664,3,0.004850158026144191,0.0014331726671343858,-0.02480897316949915
1663920000004,-4.759e-05,8.0,28.51851851851852,2,-0.03016154215709832,-0.007949495556089481,-0.027008767715589688
1663948800005,-5.042e-05,8.0,27.40740740740741,2,0.027593306397931894,0.03572810724624231,0.02325113391848177
1663977600000,1.491e-05,8.0,49.25925925925926,4,-0.004171498275680308,-0.007718024788036737,0.005504269385419258
1664006400005,4.468e-05,8.0,64.44444444444444,6,0.012538117542014504,0.007672692328064334,0.046316124004025516
1664035200000,-8.115e-05,8.0,22.59259259259259,2,-0.01635416355656416,-0.021362672797300974,0.019772788343833003
1664064000010,1.22e-06,8.0,42.96296296296296,4,0.010218169680786593,-0.019268115062507696,0.008738924626775058
1664092800000,-4.292e-05,8.0,30.37037037037037,3,-0.01603788453023336,-0.027340202781300893,-0.03712653943428368
1664121600003,4.49e-06,8.0,44.074074074074076,4,-0.014641210319728648,0.0075987957776000314,0.01972485804656854
1664150400001,4.23e-06,8.0,43.7037037037037,4,0.0025834596701834744,0.03104019058816254,0.03554964264719529
1664179200006,0.0001,8.0,83.7037037037037,8,0.019935502785106918,0.06681170825039717,0.017520714715548724
1664208000000,-1.379e-05,8.0,36.666666666666664,3,0.00925079168335663,0.03255915896397177,0.0034388155358884287
1664236800026,2.194e-05,8.0,52.59259259259259,5,0.037367682693533855,-0.0024081562225706232,0.0015304170386429838
1664265600004,1.777e-05,8.0,51.11111111111111,5,-0.011216534806693712,-0.0721300568420139,-0.03076411287406522
1664294400006,1.303e-05,8.0,48.888888888888886,4,-0.027434230254448688,-0.02145881939924077,-0.017926232565623423
1664323200011,-1.018e-05,8.0,38.51851851851852,3,-0.035134159547587585,0.006798219227529767,-0.0017822765010226949
1664352000000,-2.348e-05,8.0,32.96296296296296,3,0.03849571317225253,0.027622759158222987,0.035611847233047556
1664380800000,-7.573e-05,8.0,23.333333333333332,2,0.003677601903346428,-0.0035350010132169096,-0.007790511787089449
1664409600010,6.004e-05,8.0,70.74074074074073,7,-0.014871526740364405,-0.0028308933373170087,-0.021310128473259637
1664438400000,0.0001,8.0,83.33333333333334,8,0.007008282515700293,0.016496768908710324,-0.006029853463183743
1664467200000,2.149e-05,8.0,52.59259259259259,5,0.005716738973246427,0.015681489515545932,-0.026271390696553487
1664496000006,1.17e-05,8.0,47.03703703703704,4,0.0039175736511336545,-0.005707822413315133,-0.04674871349278287
1664524800002,7.176e-05,8.0,76.29629629629629,7,0.0018802602518952494,-0.008401480331880817,-0.03723213752760701
1664553600007,0.0001,8.0,82.96296296296296,8,-0.011446572730793192,-0.015393666775894488,-0.017255503589621468
1664582400008,8.185e-05,8.0,79.25925925925927,7,0.001197839368987097,-0.012897490564189984,-0.00436947694347567
1664611200011,6.857e-05,8.0,72.96296296296296,7,-0.005184427154660054,-0.014040843353549382,0.01753976734036633
1664640000000,5.117e-05,8.0,64.44444444444444,6,-0.008600540086686093,-0.02209514300194404,0.024129923374256013
1664668800000,1.239e-05,8.0,46.666666666666664,4,-0.00011444790331449628,-0.026300128181651727,0.03875968992248069
1664697600000,4.395e-05,8.0,61.85185185185185,6,-0.013498767636532905,-0.014727315736861701,0.03172859006936335
1664726400006,-2.183e-05,8.0,32.22222222222222,3,-0.015754425856748466,0.020588258041563057,0.027873809910516023
1664755200000,-2.23e-05,8.0,31.851851851851855,3,0.011769591825540493,0.03662521450903866,0.05867556830202858
1664784000014,2.229e-05,8.0,52.22222222222223,5,0.022668443976006314,0.04801060185687489,0.060224436970100825
1664812800010,-9.98e-06,8.0,37.407407407407405,3,0.0015156222766161687,0.025833781704923675,0.03204783303905012
1664841600006,7.858e-05,8.0,78.88888888888889,7,0.023229594654923247,0.030062273473618895,0.022775596062319048
1664870400004,0.0001,8.0,82.96296296296296,8,0.0010278860303634119,7.394863527809825e-05,0.0022258539218658058
1664899200013,3.575e-05,8.0,58.14814814814815,5,0.00564387447550363,-0.018224395721293085,-0.015705336564032835
1664928000000,1.819e-05,8.0,50.74074074074074,5,-0.006882418615583585,-0.0076316253378776455,-0.023027088964625797
1664956800000,3.45e-06,8.0,42.22222222222222,4,-0.016759487304651266,0.011456507429349116,-0.016478436767327076
1664985600012,-3.017e-05,8.0,30.0,2,0.017080383142339173,0.02473269576602144,-0.004853236619739576
1665014400008,2.418e-05,8.0,54.074074074074076,5,0.012088391740831872,-1.4796073122158582e-05,-0.028978109209815806
1665043200002,5.188e-05,8.0,67.03703703703704,6,-0.004510069076422485,-0.009319834801359561,-0.039092138445232294
1665072000006,-1.15e-05,8.0,37.03703703703704,3,-0.007482303874056462,-0.02163186183804744,-0.027028813111287464
1665100800000,2.157e-05,8.0,53.333333333333336,5,0.0033378973467046436,-0.015586722421640942,-0.0213965880916257
1665129600000,3.248e-05,8.0,58.88888888888889,5,-0.016921647020639474,-0.019082955903397703,-0.02851747488308287
1665158400007,3.9e-06,8.0,43.7037037037037,4,-0.0014935230632984187,-0.007400069047297508,-0.018004833310817925
1665187200010,5.904e-05,8.0,70.74074074074073,7,-0.000413400178889467,-0.013446780364243183,-0.0357027427222778
1665216000004,6.993e-05,8.0,75.92592592592592,7,-0.005504256023099896,-0.011512316900773145,-0.03510091136042359
1665244800018,8.939e-05,8.0,83.7037037037037,8,-0.007576215823856702,0.0018978345027824695,-0.022940358093394564
1665273600000,3.902e-05,8.0,61.48148148148148,6,0.0008450575552714223,0.006638650344113595,-0.02568670442779708
1665302400007,1.819e-05,8.0,51.85185185185185,5,0.007987402724845438,0.0011790927831913933,-0.015274956829990027
1665331200011,-5.165e-05,8.0,25.185185185185183,2,-0.002747024685488264,-0.012557827133660715,-0.020029130536499906
1665360000018,4.749e-05,8.0,66.66666666666666,6,-0.004018374034190364,-0.029135103637725757,-0.022097273408353102
1665388800000,2.784e-05,8.0,57.407407407407405,5,-0.006674259681093364,-0.025884586180713653,-0.030964312832194363
1665417600026,2.352e-05,8.0,55.18518518518518,5,-0.01948900590784375,-0.012388893559456826,-0.04072820097368601
1665446400020,7.133e-05,8.0,77.03703703703704,7,0.00021045575362643731,-0.002665772879268613,0.002619004934018232
1665475200027,3.552e-05,8.0,60.370370370370374,6,0.007029301745635985,0.008798316708229503,0.029169264339152123
1665504000000,4.405e-05,8.0,64.44444444444444,6,-0.009028681162113639,0.005435792603605272,0.013519791860248986
1665532800014,8.85e-05,8.0,82.96296296296296,8,0.011707606818235128,0.009941305656071542,0.012629834858656874
1665561600000,-1.598e-05,8.0,32.96296296296296,3,0.0032606008159228317,-0.013923229076523658,0.0
1665590400000,7.18e-06,8.0,43.7037037037037,4,-0.003373226745529423,-0.03202254978975083,-0.010219798838624228
1665619200013,-0.00018211,8.0,8.148148148148149,0,-0.012025722975012143,-0.004596704920950656,-0.012884703187513113
1665648000016,8.18e-05,8.0,81.11111111111111,8,-0.016879587057155532,0.03441712553556475,0.004636990968833299
1665676800009,-0.00010154,8.0,15.555555555555555,1,0.024817948595375672,0.04358876300651704,0.02492152269866299
1665705600020,2e-06,8.0,40.74074074074074,4,0.02669693459484268,0.0072922902300416315,0.014094799772990552
1665734400000,0.0001,8.0,85.18518518518519,8,-0.008904638589795955,-0.020005148940681283,-0.00673905471506675
1665763200009,0.0001,8.0,84.81481481481481,8,-0.010825667061113764,-0.018429591174561888,0.015108600221399593
1665792000001,5.95e-05,8.0,70.37037037037037,7,-0.0009801878564758004,-0.015505491367400759,0.02886537467101946
1665820800005,-5.48e-06,8.0,38.51851851851852,3,-0.0067135352286774586,-0.009108467243510665,0.031582200247218806
1665849600004,-8.01e-06,8.0,37.77777777777778,3,-0.007878915151939503,0.0005522240629691755,0.01606116464832641
1665878400012,2.73e-06,8.0,41.48148148148148,4,0.005511218426127673,0.022609322817855437,0.02777560011916158
1665907200000,-1.934e-05,8.0,31.851851851851855,3,0.0028068205739948393,0.022743043373174565,0.012451367935193636
1665936000010,1.261e-05,8.0,47.77777777777778,4,0.013992319771147788,0.03359711447272273,0.012701916947808645
1665964800012,7.5e-06,8.0,44.81481481481481,4,0.005703684396130004,0.021963784670581354,-0.01635209518406655
1665993600010,3.595e-05,8.0,61.48148148148148,6,0.013553275501959172,0.017852514750049675,-0.015390361776408956
1666022400017,5.61e-05,8.0,70.74074074074073,7,0.002579645618362658,-0.017508498540958595,-0.025239914563340626
1666051200010,6.43e-05,8.0,73.33333333333333,7,0.0016578274209155808,-0.016548268282985834,-0.038835169946064285
1666080000008,5.818e-05,8.0,70.37037037037037,7,-0.021658378767000275,-0.027215265712060344,-0.03871098196632916
1666108800000,8.2e-05,8.0,81.85185185185185,8,0.0034513369147650685,-0.0029156526929610127,-0.008004652800097989
1666137600007,6.911e-05,8.0,75.55555555555556,7,-0.00920664220715317,-0.021296557615884004,-0.008748979794204526
1666166400022,0.0001,8.0,85.92592592592592,8,0.002940859470029311,-0.005596871295055927,0.0008160500100080625
1666195200016,3.885e-05,8.0,61.48148148148148,6,-0.015098713500568128,-0.005127575301667298,0.011022751696398325
1666224000000,1.115e-05,8.0,46.2962962962963,4,0.005731149889815379,-0.0019467221093123488,0.02296353400144846
1666252800013,6.032e-05,8.0,72.5925925925926,7,0.0034141847375877,-0.00625546772782537,0.013161256358048101
1666281600000,-5.194e-05,8.0,24.074074074074073,2,-0.01256529175205312,-0.0013405032279933948,0.012002896719619072
1666310400005,0.0001,8.0,87.03703703703704,8,0.0017872473269335831,0.014235542027628112,0.06519940685241554
1666339200018,1.939e-05,8.0,53.333333333333336,5,0.010992606673470684,0.012784456095793928,0.040682772536401846
1666368000000,2.595e-05,8.0,57.03703703703704,5,0.0027694633875396946,0.016261918721263813,0.03547073163205483
1666396800000,2.568e-05,8.0,57.03703703703704,5,0.0006154461600007544,0.01063952549101077,0.03394954880103396
1666425600015,-7.96e-06,8.0,37.77777777777778,3,0.0131692307692306,0.006669230769230872,0.03610000000000002
1666454400000,-3.726e-05,8.0,28.14814814814815,2,-0.0027782838404080135,-0.002854193234954727,0.06627649237869693
1666483200025,1.025e-05,8.0,47.40740740740741,4,-0.0037227077560216815,0.03903894759280124,0.11279271597795315
1666512000000,2.352e-05,8.0,56.666666666666664,5,0.003590801436320401,0.020666208266483244,0.15746046298418515
1666540800004,0.0001,8.0,88.51851851851852,8,0.03953752294486357,0.020625623605218912,0.1949151896902348
1666569600009,9.274e-05,8.0,87.4074074074074,8,-0.02126989244160482,-0.014756308431757459,0.1476436798452565
1666598400012,0.0001,8.0,88.14814814814815,8,0.003144159723313944,0.008324537172202717,0.16406524880035334
1666627200002,-2.685e-05,8.0,29.629629629629626,2,0.003499973880791929,0.05140260147312348,0.15339437765389796
1666656000013,-5.643e-05,8.0,23.703703703703706,2,0.001658362460028373,0.08702312783520494,0.12313527180783823
1666684800013,3.537e-05,8.0,63.33333333333333,6,0.04600090576347693,0.1263614293244637,0.11007995961185801
1666713600000,1.973e-05,8.0,54.81481481481482,5,0.04060740245039751,0.11479564595243019,0.09375155730527451
1666742400006,0.0001,8.0,88.14814814814815,8,0.037907396765454404,0.07158005637194531,0.06176969597460524
1666771200013,-2.452e-05,8.0,30.37037037037037,3,0.03408409299137172,0.02494183095713609,0.04943544719305537
1666800000000,0.0001,8.0,88.51851851851852,8,-0.0011047818534790643,-0.012414427301522424,0.04191146418718694
1666828800009,8.299e-05,8.0,85.92592592592592,8,-0.007265298304976464,-0.035796597184537315,0.0337727838605677
1666857600006,5.005e-05,8.0,70.74074074074073,7,-0.006051563695762652,-0.038438040605284995,0.04632243708881845
1666886400009,-3.37e-05,8.0,28.888888888888886,2,-0.022826677709050447,-0.004173244649188668,0.025524728900851557
1666915200000,2.272e-05,8.0,57.407407407407405,5,-0.01126954313377948,0.02734716012803906,0.05153964180841775
1666944000000,4.042e-05,8.0,67.77777777777779,6,0.02766555183946484,0.06488294314381271,0.06365217391304356
1666972800007,1.87e-05,8.0,54.44444444444444,5,0.008381467211570293,0.06376412342197768,0.017984419567152576
1667001600000,6.207e-05,8.0,77.77777777777779,7,0.024855316436954045,0.042745221740837724,0.010950244304392287
1667030400003,8.203e-05,8.0,86.66666666666667,8,0.028339394396186268,0.021901477894392896,-0.0010991564759159633
1667059200010,0.0001,8.0,90.74074074074075,9,-0.010994044892350008,-0.03190716139868688,-0.03936478851733094
1667088000000,7.735e-05,8.0,84.44444444444444,8,0.005259941103476384,-0.018409793862167234,-0.025737904296236014
1667116800013,9.296e-05,8.0,90.0,8,-0.025808236017209607,-0.02320835894283957,-0.03956976029502157
1667145600009,0.0001,8.0,90.74074074074075,9,0.003602500930593555,-0.011495195613907772,-0.017318502722380336
1667174400012,6.308e-05,8.0,77.4074074074074,7,-0.0009303962985315328,-0.013025548179440793,-0.045954033393683424
1667203200000,0.0001,8.0,90.74074074074075,9,-0.015419831966594577,-0.0002767017155507201,-0.02920460834129901
1667232000010,-2.88e-06,8.0,41.11111111111111,4,0.002048774883679494,0.003835868240159801,-0.01582215868112513
1667260800000,7.95e-06,8.0,47.03703703703704,4,0.01230259806418732,0.004903209373407824,-0.025604941416199734
1667289600000,-5.701e-05,8.0,23.703703703703706,2,-0.009630626777042517,-0.017116221724580494,-0.0015788943964974989
1667318400000,1.321e-05,8.0,51.85185185185185,5,0.0023437351134709683,-0.010187943420074896,0.034298562636162044
1667347200000,7.678e-05,8.0,83.7037037037037,8,-0.00987896837969704,-0.03833090425194852,0.04191115898865738
1667376000000,2.913e-05,8.0,62.59259259259259,6,-0.002649583042668602,-0.012025523036652497,0.05651803828455493
1667404800019,5.813e-05,8.0,74.44444444444444,7,-0.025642671871388578,-0.009989984334471846,0.05035440047253403
1667433600011,-8.892e-05,8.0,18.14814814814815,1,0.01628207324626718,0.008816436262041982,0.07115088098469968
1667462400016,-7.732e-05,8.0,20.37037037037037,2,-0.00021396199256962234,0.027717803582890888,0.05169451414418447
1667491200005,2.55e-06,8.0,44.074074074074076,4,-0.007133592736705552,0.05629701686121913,0.04902075226977942
1667520000000,1.398e-05,8.0,52.59259259259259,5,0.03726334638182194,0.07453322789980321,0.025199485031270674
1667548800004,9.293e-05,8.0,90.74074074074075,9,0.027588512882630534,0.04159411512352684,-0.021103035808918036
1667577600020,0.0001,8.0,91.85185185185185,9,0.010338836328362522,0.004408126178007343,-0.0211504104223329
1667606400009,9.19e-05,8.0,90.37037037037037,9,0.003257071673806733,-0.012183635645489743,-0.0476468264819373
1667635200007,1.474e-05,8.0,53.333333333333336,5,-0.009097461553836728,-0.017534721170677336,-0.09830951962737955
1667664000018,5.826e-05,8.0,76.66666666666667,7,-0.006350894565370302,-0.011247012512301424,-0.1097622846105416
1667692800009,8.014e-05,8.0,86.29629629629629,8,-0.002177657480314954,-0.03514394685039368,-0.18346456692913382
1667721600000,0.0001,8.0,92.22222222222223,9,-0.00030818540433930064,-0.045851824457593726,-0.21412105522682445
1667750400010,4.026e-05,8.0,68.14814814814815,6,-0.0303661620064416,-0.014360870183421026,-0.27288744366619466
1667779200012,2.594e-05,8.0,61.48148148148148,6,-0.01073657768398495,-0.0007842037144478731,-0.3004584085127544
1667808000014,-2.72e-06,8.0,41.48148148148148,4,0.02753878179720659,-0.04055734936808397,-0.2320076306851504
1667836800006,0.0001,8.0,92.22222222222223,9,-0.01700996010938549,-0.08651747409618893,-0.17494166938458056
1667865600000,-5.728e-05,8.0,24.074074074074073,2,-0.04858845090388941,-0.14781514805141727,-0.17071410782817475
1667894400001,-0.00011539,8.0,12.592592592592592,1,-0.021683347887418547,-0.14610734197622088,-0.14382347014173447
1667923200005,7.883e-05,8.0,85.18518518518519,8,-0.08861454800126345,-0.19242388871342053,-0.13901209815849824
1667952000000,-0.00038496,8.0,2.9629629629629632,0,-0.04459997152555584,-0.17798775598899985,-0.03628243651322938
1667980800013,-0.00012169,8.0,12.222222222222221,1,-0.07474885736986603,-0.06257915811169057,-0.004129988436032406
1668009600004,-0.00054682,8.0,1.8518518518518516,0,-0.06713315252046903,0.1184097536920683,0.08267512349405282
1668038400006,-0.00060149,8.0,1.8518518518518516,0,0.08606374349486434,0.18588055158082772,0.144648699884252
1668067200000,-0.000543,8.0,2.5925925925925926,0,0.10896999352620207,0.07243086908635354,0.049831429027837215
1668096000015,-0.00015464,8.0,11.481481481481481,1,-0.01085568326947639,-0.04673721340388004,-0.06401660280970634
1668124800000,-0.00016788,8.0,10.37037037037037,1,-0.017795128862605702,-0.009671433081537395,-0.060307853419267476
1668153600015,-0.00013634,8.0,12.592592592592592,1,-0.016185596937054125,-0.006786496049710045,-0.006872798311613915
1668182400027,2.873e-05,8.0,65.18518518518519,6,0.027528788797090753,0.015510861590481317,-0.010598424192159173
1668211200007,9.985e-05,8.0,92.5925925925926,9,-0.01749348069042589,-0.025270085682354337,-0.036818576927853064
1668240000016,4.863e-05,8.0,73.70370370370371,7,0.005900753590217578,-0.012212269143877297,0.000916315149217084
1668268800000,9.984e-05,8.0,92.22222222222223,9,-0.014187402402755844,-0.03513108437894796,-0.007933331763930296
1668297600004,-9.28e-06,8.0,41.48148148148148,4,-0.004331486081916136,-0.02520064972291236,-0.0031530670743359357
1668326400000,-8.449e-05,8.0,21.48148148148148,2,-0.015280135823429686,0.010098664189383877,-0.009698241342858127
1668355200017,-1.748e-05,8.0,38.148148148148145,3,-0.005652883701664169,0.0076671296183492554,-0.034648278550717615
1668384000000,2.81e-05,8.0,64.81481481481481,6,0.033547752693899424,0.018003031917072976,-0.0029827508501658606
1668412800000,2.254e-05,8.0,60.370370370370374,6,-0.01458031063435039,0.0038849114795169726,-0.04537418040260366
1668441600000,5.237e-05,8.0,74.81481481481481,7,-0.0004666505752676242,0.017185614289162432,-0.03946415640839984
1668470400014,-8.644e-05,8.0,21.48148148148148,2,0.020998517372526226,0.008799071746277365,-0.0326742087281634
1668499200009,4.951e-05,8.0,73.70370370370371,7,-0.004024938836713732,-0.021860942309209874,-0.04294057296188136
1668528000010,-4.197e-05,8.0,31.11111111111111,3,-0.007955625990491266,-0.058185419968304286,-0.040792393026941376
1668556800011,-9.137e-05,8.0,20.74074074074074,2,-0.010032269401578309,-0.02856321288220065,-0.031694303332374885
1668585600004,1.19e-06,8.0,45.925925925925924,4,-0.041011779893497025,-0.027795707600451913,-0.02607713409714396
1668614400008,-4.556e-05,8.0,30.74074074074074,3,0.02324642217118056,0.0004711544124453848,0.017171895639297663
1668643200000,-9.394e-05,8.0,19.62962962962963,1,-0.010396889973781853,-0.014457019339037314,-0.00011506439496689058
1668672000000,2.558e-05,8.0,64.81481481481481,6,-0.008479643871567855,0.007715562347391236,0.012972775443084394
1668700800006,-0.00010849,8.0,16.666666666666664,1,0.009553202761682922,0.017987940763415144,-0.0107809911447867
1668729600004,-8.46e-05,8.0,22.962962962962962,2,0.010162516972236357,0.009820989762513666,-0.04899665969729017
1668758400016,-6.951e-05,8.0,26.666666666666668,2,-0.0017894103192077626,-0.0046260792123297145,-0.07222785707806623
1668787200000,-5.327e-05,8.0,30.37037037037037,3,0.0016694214876031843,-0.00032231404958682486,-0.06522314049586786
1668816000000,6.481e-05,8.0,81.48148148148148,8,-0.004661639246877236,0.0037540634642991844,-0.0869127572152274
1668844800004,4.413e-05,8.0,72.96296296296296,7,0.0015740464592239878,0.010032475063790347,-0.09595055837227018
1668873600024,5.99e-05,8.0,78.88888888888889,7,0.007460834753262979,-0.027022779533160235,-0.0604062929080712
1668902400015,3.77e-06,8.0,49.629629629629626,4,0.0009770114942528885,-0.06266830870279139,-0.06402298850574717
1668931200004,5.73e-05,8.0,76.66666666666667,7,-0.035170892149706035,-0.07717418942084509,-0.0402890443655215
1668960000000,-2.008e-05,8.0,38.148148148148145,3,-0.027966915733727782,-0.038516138355477514,-0.013413918853441675
1668988800006,-0.00020459,8.0,8.88888888888889,0,-0.014513826237003813,-0.032969246805118924,0.03754149622920799
1669017600015,-2.17e-05,8.0,38.51851851851852,3,0.004772909074749032,-0.030077326459870157,0.07177139809794686
1669046400000,4.666e-05,8.0,74.07407407407408,7,-0.02157230257806686,0.0017063337694946945,0.056415107684690824
1669075200000,-6.623e-05,8.0,27.77777777777778,2,-0.01327393645859698,0.029692413344417412,0.08691762749846377
1669104000000,-2.821e-05,8.0,35.18518518518518,3,0.037564446560865994,0.06935045192721545,0.08444216522129322
1669132800000,6.368e-05,8.0,81.85185185185185,8,0.00576340897255978,0.02435989091005375,0.049302300950565314
1669161600000,6.088e-05,8.0,80.37037037037037,8,0.02472927672569636,0.0399283921582394,0.05182793056847501
1669190400011,-4.079e-05,8.0,32.96296296296296,3,-0.008435392754279514,0.03057936704641606,0.04127958156349609
1669219200014,-9.414e-05,8.0,20.37037037037037,2,0.020970522323737306,0.03016721254956045,0.042009998276159255
1669248000007,4.96e-05,8.0,74.44444444444444,7,0.017998699906291993,0.014866655973255316,0.017095388044203297
1669276800014,-6.135e-05,8.0,27.77777777777778,2,-0.00883194427167544,-0.016851183812248594,0.008666086163287456
1669305600013,3.796e-05,8.0,69.25925925925925,6,0.005806559571619907,-0.005162315930388295,0.017670682730923648
1669334400004,5.572e-05,8.0,76.66666666666667,7,-0.013817026303092894,-0.0033190809722661863,-0.0060891410318266725
1669363200015,5.499e-05,8.0,76.29629629629629,7,0.002952266075088694,0.0277006908302615,-0.011066780258618403
1669392000000,-3.074e-05,8.0,34.81481481481482,3,0.008184242179548606,0.01826103779218924,-0.021827449594993387
1669420800011,-4.472e-05,8.0,31.48148148148148,3,0.016876017193172554,0.005533530860075908,-0.02533906439093614
1669449600000,-5.666e-05,8.0,28.14814814814815,2,-0.0066139302829385516,-0.0017396441935273455,-0.009420337425326553
1669478400000,-6.554e-05,8.0,25.925925925925924,2,-0.0042541591633761255,0.005468453138165241,-0.0016107981298218998
1669507200012,-4.687e-05,8.0,31.11111111111111,3,0.009561911718322103,-0.00826706950646594,0.009561911718322103
1669536000000,-0.00011497,8.0,14.444444444444443,1,0.0005589714924538747,-0.03629204616446924,0.04600828593035877
1669564800003,3.854e-05,8.0,68.88888888888889,6,-0.01767626940278877,-0.04484839515916861,0.041099381741646956
1669593600015,3.42e-06,8.0,48.888888888888886,4,-0.01875596324132489,-0.02262265445841216,0.08411308816390761
1669622400004,-2.557e-05,8.0,35.55555555555556,3,-0.009075323478987762,0.030970394315981586,0.09120529507595454
1669651200011,-0.00012317,8.0,12.592592592592592,1,0.005181748538867437,0.040162854954078675,0.09386539504376934
1669680000000,3.832e-05,8.0,68.51851851851852,6,0.03461693392870924,0.042133411040736535,0.09345457973722326
1669708800015,2.946e-05,8.0,65.55555555555556,6,-0.0002399232245681171,0.05275828976106944,0.05395790588391036
1669737600000,0.0001,8.0,92.96296296296296,9,0.006039896411639489,0.04861702919834854,0.056609549655394886
1669766400007,9.218e-05,8.0,90.74074074074075,9,0.0461974841733126,0.06496752445942611,0.0638576009208256
1669795200000,0.0001,8.0,92.5925925925926,9,-0.004007890042357798,0.0052809845264010224,0.0020746724925146953
1669824000015,0.0001,8.0,92.22222222222223,9,0.022909082294224836,0.0035615291674233607,0.003198268986267072
1669852800001,-1.967e-05,8.0,37.77777777777778,3,-0.012336719883889735,-0.015278078003890916,-0.04241422968841668
1669881600006,3.623e-05,8.0,67.03703703703704,6,-0.00665968389951066,-0.00422092641518268,-0.01763409257898596
1669910400000,0.0001,8.0,91.85185185185185,9,0.003910799156463529,0.004886531742784417,-0.007742910201126718
1669939200001,0.0001,8.0,91.48148148148148,9,-0.00124654065368901,0.014456735631463102,0.0012779001669895873
1669968000016,-2.44e-06,8.0,44.074074074074076,4,0.003108466646780883,0.0006672213762028978,0.01821121873871623
1669996800017,4.87e-05,8.0,71.85185185185186,7,0.012575318882541708,-0.005900305188199506,-0.010900696455121706
1670025600006,-4.81e-06,8.0,42.592592592592595,4,-0.014822600214842718,-0.04141517964094987,-0.027110365773549527
1670054400000,-2.779e-05,8.0,32.96296296296296,3,-0.004195650639542747,-0.014351477888529196,-0.012218362049359777
1670083200011,-2.251e-05,8.0,35.18518518518518,3,-0.023599609559494805,-0.006195094303976689,-0.011957240467268981
1670112000006,-4.991e-05,8.0,27.037037037037038,2,0.013221754623582882,0.029652203357035667,0.024750479691707294
1670140800000,-1.49e-06,8.0,44.81481481481481,4,0.00331787115202542,0.03230349371036656,-0.02694875201896829
1670169600006,3.593e-05,8.0,65.18518518518519,6,0.011619894018962684,0.001172286513160481,-0.023033845812640008
1670198400002,5.566e-05,8.0,74.44444444444444,7,0.01564408531429118,-0.014305177111716638,-0.03663597356635051
1670227200011,-2.459e-05,8.0,32.592592592592595,3,-0.025571642228286895,-0.02907935920563709,-0.049948347903850165
1670256000008,5.578e-05,8.0,74.81481481481481,7,-0.0040190827313938415,-0.006962190558320147,-0.011693315505906021
1670284800014,4.181e-05,8.0,68.14814814814815,6,0.00042100580670267895,0.009683133554162726,0.016697249163946104
1670313600027,1.389e-05,8.0,52.22222222222223,5,-0.0033745692461609744,-0.030442584681837803,0.017857426434390478
1670342400009,4.364e-05,8.0,68.14814814814815,6,0.012675573826652853,-0.017336297075296603,0.016667065019080995
1670371200000,8.029e-05,8.0,85.55555555555556,8,-0.037910553435865246,-0.0312787633245486,-0.00677339417063294
1670400000000,5.95e-06,8.0,47.03703703703704,4,0.008888271080002452,0.0074573166742983865,0.03346797932884149
1670428800000,-2.33e-06,8.0,41.85185185185185,4,-0.0019775820007617018,0.012878597537748337,0.036131395735231164
1670457600006,6.3e-07,8.0,42.22222222222222,4,0.0016092720076075206,0.04026431073579517,0.028918130318522195
1670486400000,1.744e-05,8.0,52.59259259259259,5,0.01431725212648538,0.040102915395104244,0.03552529056554765
1670515200014,-9.2e-07,8.0,41.48148148148148,4,0.0245919355742521,0.021533954002193267,0.01906835629487902
1670544000017,0.0001,8.0,91.11111111111111,9,0.0015626098710066483,-0.013524388433561851,-0.01524325929166892
1670572800005,6.855e-05,8.0,80.37037037037037,8,-0.0045401003190552736,-0.013916733624045441,-0.027903674984983362
1670601600000,4.9e-05,8.0,70.0,6,-0.010618373312227147,0.001818053585562307,-0.021816643026745686
1670630400009,-1.674e-05,8.0,32.96296296296296,3,0.0011642642166957984,0.0026532551877080923,0.010747663551402109
1670659200010,6.407e-05,8.0,79.25925925925927,7,0.012958143140807232,0.009374480843624244,0.00151890322529602
1670688000001,6.841e-05,8.0,80.0,7,-0.011324143855675706,-0.005810457261119173,0.03634659689952757
1670716800011,-2.288e-05,8.0,28.51851851851852,2,0.007875508511394624,-0.004384059402030016,0.04414866305936238
1670745600007,1.946e-05,8.0,52.59259259259259,5,-0.0022807072543733486,-0.023340021317950987,0.03673427801116058
1670774400011,1.359e-05,8.0,48.51851851851852,4,-0.009905656671982066,-0.019669916182905034,0.051539265206086204
1670803200000,3.843e-05,8.0,62.96296296296296,6,-0.012846828711592262,0.01049302974345978,0.036979212071739376
1670832000004,-2.359e-05,8.0,26.666666666666668,2,0.0014685348355722994,0.015929189336671534,0.03327074004525965
1670860800000,-2.692e-05,8.0,24.814814814814813,2,0.021454035649909775,0.06216703384738631,0.017135990386541344
1670889600000,8.949e-05,8.0,88.14814814814815,8,-0.0067057245711865665,0.035481518081927454,-0.007270417166654886
1670918400018,0.0001,8.0,90.74074074074075,9,0.048183634941824094,0.044866073191731415,0.009810504032417455
1670947200011,0.0001,8.0,90.37037037037037,9,-0.003880963684730121,0.0087641956608564,-0.09313559258170745
1670976000010,0.0001,8.0,90.0,8,0.0007186951522120122,-0.009743993221569824,-0.11911426496398947
1671004800015,0.0001,8.0,89.62962962962962,8,0.011967130081116384,-0.026602862132311333,-0.10562523151823044
1671033600004,0.0001,8.0,89.25925925925927,8,-0.02215714691249182,-0.05135886211172702,-0.1190255636401667
1671062400000,0.0001,8.0,88.88888888888889,8,-0.016018953723871743,-0.032626390003439254,-0.0923153349382857
1671091200023,0.0001,8.0,88.51851851851852,8,-0.013769804287045662,-0.0071373097235164495,-0.07872786579683122
1671120000010,0.0001,8.0,88.14814814814815,8,-0.0026616897792686167,-0.05234394071834114,-0.07555104065770502
1671148800016,0.0001,8.0,88.14814814814815,8,0.009411839019652701,-0.08061650703913958,-0.06592235232808785
1671177600011,0.0001,8.0,87.77777777777777,8,-0.058674447164837606,-0.07457701363412372,-0.07677505651551542
1671206400001,-3.78e-05,8.0,20.0,1,-0.03241648662123986,-0.020034901113511805,-0.020051520691374503
1671235200001,8.697e-05,8.0,83.7037037037037,8,0.01604273482252494,0.020027653964736825,0.002533515402914688
1671264000011,-6.429e-05,8.0,13.333333333333334,1,-0.00319507721436596,0.0026710169305281806,0.020598950188915444
1671292800011,3.413e-05,8.0,57.03703703703704,5,0.007139889255399545,-0.004545107649517877,0.031807273868174946
1671321600008,5.955e-05,8.0,72.96296296296296,7,-0.0012460954273350033,-0.003965614501856507,0.023743169628949845
1671350400001,7.9e-05,8.0,80.74074074074075,8,-0.010368984092460898,-0.005032750815609166,0.019785370459354468
1671379200012,4.105e-05,8.0,61.85185185185185,6,0.007726184695850735,0.004548823183665007,0.03532578603494252
1671408000000,-3.395e-05,8.0,20.37037037037037,2,-0.003135405574430039,-0.012752902996805315,0.025133951963220325
1671436800000,5.7e-06,8.0,40.0,3,-0.0004662795133737463,0.022788351489975156,0.028629562121147867
1671465600000,-6.01e-06,8.0,31.851851851851855,3,-0.00918575063613225,0.031357082273112846,0.005606446140797194
1671494400005,8.479e-05,8.0,83.33333333333334,8,0.034351602789247426,0.04160741514897137,0.04249832953552524
1671523200016,4.111e-05,8.0,61.48148148148148,6,0.007751937984496138,0.0018717286159146695,0.011735572782084258
1671552000000,9.832e-05,8.0,86.66666666666667,8,0.00017270162915217213,-0.0005181048874561833,0.0017763596141353588
1671580800007,4.626e-05,8.0,63.33333333333333,6,-0.00510728590109466,-0.0018915873707759934,0.0030183155003247197
1671609600012,8.575e-05,8.0,82.96296296296296,8,0.004711912044308653,0.0021988922873439343,0.008621972389848853
1671638400017,6.565e-05,8.0,75.18518518518519,7,-0.0014727661675170145,-0.023506664472601746,0.002517689649498056
1671667200004,8.923e-05,8.0,83.7037037037037,8,-0.001029984921020799,0.002752119708967493,0.005084005570158423
1671696000000,9.813e-05,8.0,86.29629629629629,8,-0.022838163056736915,0.006741832327827879,0.0048544489499886545
1671724800001,7.887e-05,8.0,78.51851851851852,7,0.025378529359723068,0.026128426143592565,0.01931194863628316
1671753600018,7.468e-05,8.0,76.66666666666667,7,0.003829245244258095,0.0021611405563086716,0.00080529191832035
1671782400000,0.0001,8.0,87.4074074074074,8,-0.002758902988129308,-0.0015390912812117685,-0.0012279983626688473
1671811200000,-7.28e-06,8.0,28.51851851851852,2,0.001009744444353089,0.00034479078587668077,-0.0035053729897467356
1671840000001,6.767e-05,8.0,73.33333333333333,7,0.0004509749257943785,0.0001639908821069458,0.010634808704635956
1671868800007,0.0001,8.0,87.03703703703704,8,-0.001368706613229742,-0.0007868014064075224,0.0001967003516016863
1671897600008,5.27e-06,8.0,35.55555555555556,3,0.0010833347011800498,-0.007148367611575335,-0.006852912693071644
1671926400000,-3.84e-06,8.0,29.259259259259256,2,-0.0004181287508608911,-0.0009346407372184951,-0.007058997146886292
1671955200013,4.1e-07,8.0,31.851851851851855,3,-0.007726568075001938,0.0009022531722400196,-0.019628107647005844
1671984000000,1.343e-05,8.0,40.370370370370374,4,0.006932795676711789,0.0030325816607308376,-0.01801370032804761
1672012800001,6.962e-05,8.0,74.81481481481481,7,0.0019212926851295276,0.01200397395581021,-0.023293621144072407
1672041600000,1.023e-05,8.0,37.407407407407405,3,-0.005032786885245999,0.0012213114754098253,-0.020860655737704903
1672070400005,2.594e-05,8.0,48.51851851851852,4,0.015681653372008775,-0.0028100072516317187,-0.010630232711451026
1672099200005,0.0001,8.0,87.03703703703704,8,-0.009881952050626808,-0.01720822684678114,-0.02684678106364846
1672128000010,2.226e-05,8.0,44.81481481481481,4,-0.00840728631480614,-0.020592115505952968,-0.026516548259953865
1672156800006,7.546e-05,8.0,75.92592592592592,7,0.0010164365222995464,-0.01794878151572976,-0.012073282594144197
1672185600010,0.0001,8.0,86.66666666666667,8,-0.013291066092096293,-0.017980088166823505,-0.009708256971618257
1672214400010,6.253e-05,8.0,69.25925925925925,6,-0.005731066564037324,-0.0005605568756066326,0.0012549780797161958
1672243200010,-2.352e-05,8.0,20.37037037037037,2,0.0009845252821041317,0.010291234359090629,0.01222662593929602
1672272000011,0.0001,8.0,86.66666666666667,8,0.004211641279128431,0.008322404922828763,0.005438985843505106
1672300800000,5.835e-05,8.0,66.2962962962963,6,0.005190239002134778,-0.005558578544221593,0.00045205307437945486
1672329600008,0.0001,8.0,86.29629629629629,8,-0.0009661674801351161,-0.004264463360596937,-0.003314953940463883
1672358400000,0.0001,8.0,86.29629629629629,8,-0.010132742256701577,-0.00017498979226215905,0.00024165257026664833
1672387200000,0.0001,8.0,85.92592592592592,8,0.005867447870629983,0.007593167832579795,0.021163219435815783
1672416000000,0.0001,8.0,85.55555555555556,8,0.00416778253883221,0.0067621853240491525,0.02026981788966231
1672444800014,0.0001,8.0,85.18518518518519,8,-0.002367495290018118,-0.002959369112522703,0.011078877607162418
1672473600000,0.0001,8.0,84.81481481481481,8,0.005037888598330653,-0.0015372661726250625,0.016249906009541126
1672502400000,0.0001,8.0,84.44444444444444,8,-0.00576079005120711,-0.005278646006517396,0.006725078140586538
1672531200000,0.0001,8.0,84.07407407407408,8,-0.0007859334632075443,0.003620310527327808,0.01540931247543953
1672560000008,0.0001,8.0,83.7037037037037,8,0.0006940901982757097,0.01394034169307834,0.04703924536506632
1672588800000,0.0001,8.0,83.33333333333334,8,0.0031338531351066123,0.018794761868946352,0.048428477114515145
1672617600000,0.0001,8.0,82.96296296296296,8,0.010571828451464649,0.010821753473957862,0.04677763337665386
1672646400008,8.878e-05,8.0,78.14814814814814,7,0.0055671021377672325,0.003051596727368766,0.03125824755872264
1672675200015,7.464e-05,8.0,71.85185185185186,7,-0.005216407076597651,-0.006873190456271661,0.023531245130123057
1672704000003,8.9e-06,8.0,35.55555555555556,3,0.002729064120639668,0.0009234295513946833,0.03173464592248143
1672732800018,5.228e-05,8.0,59.62962962962963,5,-0.004382574947787488,0.029502211843641435,0.02576921179430669
1672761600000,2.948e-05,8.0,47.77777777777778,4,0.0028157384088187687,0.03592750092894592,0.04312786425003101
1672790400000,7.609e-05,8.0,72.5925925925926,7,0.031240221991667205,0.03462444213889304,0.044307758180590406
1672819200016,0.0001,8.0,82.96296296296296,8,0.0020206699359455182,-0.00134178873216928,0.01135728319729079
1672848000011,0.0001,8.0,82.5925925925926,8,0.0019448584796626367,-0.00531647789317613,0.0073888680764233605
1672876800009,0.0001,8.0,82.22222222222221,8,-0.005290247647231849,-0.004510632204482001,0.005298202906852012
1672905600011,0.0001,8.0,81.85185185185185,8,-0.0019674019098194773,-0.002287304659383649,0.00998096578640073
1672934400000,0.0001,8.0,81.48148148148148,8,0.0028046220170840908,0.01229225764059172,0.02199624981970283
1672963200005,0.0001,8.0,81.11111111111111,8,-0.0030686612965092896,0.013537271448663901,0.029647743255338366
1672992000001,0.0001,8.0,80.74074074074075,8,0.01321822495831726,0.015037835064768412,0.05082082852379122
1673020800000,0.0001,8.0,80.37037037037037,8,0.003950034829966365,0.0005699449053258032,0.05827686656956499
1673049600006,5.444e-05,8.0,57.77777777777777,5,-0.0015926831191358515,-0.0036347867223842645,0.04168572104391721
1673078400017,4.199e-05,8.0,52.22222222222223,5,-0.001911109707173786,-0.002700824462204321,0.044626780806772626
1673107200000,7.19e-05,8.0,68.51851851851852,6,-0.0002294303797467645,0.00901107594936712,0.05527689873417718
1673136000015,2.131e-05,8.0,39.62962962962963,3,-0.0006568066535306283,0.019601326274640174,0.056770252197928306
1673164800000,8.826e-05,8.0,75.18518518518519,7,0.009849954471673472,0.03815669662298582,0.0571835781305674
1673193600010,8.657e-05,8.0,74.44444444444444,7,0.00975697682620047,0.04901215507715451,0.036198775871662425
1673222400003,4.312e-05,8.0,51.48148148148148,5,0.0174316626049702,0.025386895984353508,0.07648665849153247
1673251200000,7.617e-05,8.0,69.25925925925925,6,0.01964702472657387,0.008908278292173,0.0660570190826304
1673280000006,0.0001,8.0,80.0,7,-0.012984199320159817,-0.004026745358783668,0.03447013559448675
1673308800003,0.0001,8.0,79.62962962962963,7,0.001226185880696562,0.010793463369588974,0.07230712171787124
1673337600021,0.0001,8.0,79.25925925925927,7,0.007839490773289937,0.00935144656370257,0.06382721369227173
1673366400000,0.0001,8.0,78.88888888888889,7,0.0010570745275026994,-0.00892140913282391,0.06511129270468641
1673395200011,0.0001,8.0,78.51851851851852,7,-0.00020218206869693223,0.03862426334588864,0.08499883932516128
1673424000006,0.0001,8.0,78.14814814814814,7,-0.009706701818508634,0.046623625632882915,0.16465442343988723
1673452800004,2.778e-05,8.0,42.22222222222222,4,0.049016790198154636,0.04726213885947672,0.155188322492815
1673481600000,0.0001,8.0,77.77777777777779,7,0.006995475634707926,0.020035445664390084,0.11691305726059764
1673510400000,0.0001,8.0,77.4074074074074,7,-0.009286353067429864,0.007204435700232548,0.0946163477016635
1673539200000,0.0001,8.0,77.4074074074074,7,0.02244416040208841,0.025960989911682164,0.12513269351589074
1673568000004,0.0001,8.0,77.4074074074074,7,-0.006691607256299914,0.022757111597374147,0.09632949812945579
1673596800000,0.0001,8.0,77.03703703703704,7,0.00916310323762981,0.10458013098265395,0.11260672529158566
1673625600018,0.0001,8.0,76.66666666666667,7,0.020941080311720484,0.07621792252082127,0.09168416454108597
1673654400000,0.0001,8.0,76.29629629629629,7,0.0728404175319255,0.06957715578797763,0.08703181162769824
1673683200001,0.00061643,8.0,100.0,9,-0.01775562700964628,-0.01551768488745986,0.005652733118971076
1673712000000,0.00045951,8.0,99.62962962962963,9,0.014819857561793048,0.01987981776288228,0.027492668621700966
1673740800010,0.00012412,8.0,99.25925925925925,9,-0.013303169170678975,0.0010699254274868508,0.009983822211909743
1673769600002,0.00030426,8.0,99.25925925925925,9,0.0166833238615951,0.022915074434798566,0.03386309745438876
1673798400000,0.00018878,8.0,98.88888888888889,9,-0.003003754693366778,-0.004691762138570588,-0.007458040499342067
1673827200010,0.00014183,8.0,98.51851851851852,9,0.008228333022141765,0.009619037194898095,-0.02505199044534734
1673856000007,0.0001,8.0,73.70370370370371,7,-0.010606979788626791,-0.00137935438551684,-0.02359590025224312
1673884800000,0.0001,8.0,73.33333333333333,7,0.016043953209435413,0.012213523866025255,-0.010839986071165986
1673913600004,0.0001,8.0,72.96296296296296,7,-0.0027549087755323054,-0.0007078585048242436,-0.012039971685659734
1673942400005,0.0001,8.0,72.5925925925926,7,0.003286886346632212,0.012098811221455508,-0.009381055000991179
1673971200001,0.0001,8.0,72.5925925925926,7,-0.001230137737183945,-0.013078977392235513,-0.003225127953446094
1674000000008,0.0001,8.0,72.22222222222221,7,0.010025526483726788,-0.033656668793873634,0.05782386726228461
1674028800009,0.0001,8.0,71.85185185185186,7,-0.0216716896967859,-0.03393546511995249,0.043791977052018316
1674057600017,0.0001,8.0,71.48148148148148,7,-0.022054882104868945,-0.008460291524854613,0.06420134202181593
1674086400000,0.0001,8.0,71.11111111111111,7,0.009936748141398999,0.02408588519589583,0.07374321594105293
1674115200015,0.0001,8.0,71.11111111111111,7,0.004126880313930714,0.01315892740353175,0.06431000654022223
1674144000012,0.0001,8.0,70.74074074074073,7,0.009066572874533607,0.01860210641499105,0.06642958099667173
1674172800000,0.0001,8.0,70.37037037037037,7,-0.0009477389656106228,0.06991992572821171,0.04953386716181196
1674201600000,0.0001,8.0,70.0,6,0.0089701146754948,0.06627559548009487,0.05417562064804238
1674230400000,0.0001,8.0,69.62962962962963,6,0.06141388816046156,0.05484525004956864,0.037563399829867894
1674259200013,0.0001,8.0,69.25925925925925,6,-0.0033723252152194627,-0.019455722395497088,-0.019075657120794287
1674288000001,0.0001,8.0,68.88888888888889,6,-0.0025423421023959003,-0.014945339644798494,-0.009418772169828449
1674316800016,0.0001,8.0,68.51851851851852,6,-0.013630129504436206,-0.006384192448204318,-0.016233569200519438
1674345600000,0.0001,8.0,68.51851851851852,6,0.0008301204597020995,0.0009961445516428746,-0.044642033610654996
1674374400000,0.0001,8.0,68.14814814814815,6,0.006051781128273204,0.0036372126171957397,-0.0452931273884567
1674403200023,0.0001,8.0,68.14814814814815,6,-0.00641910462346551,-0.009668356440481252,-0.05740548463934525
1674432000014,0.00010356,8.0,97.77777777777777,9,0.004266069990594978,-0.000491765993152149,-0.008329286509014655
1674460800014,0.0001,8.0,67.4074074074074,6,-0.007504299976128226,0.001671022751617457,-0.017150936813304485
1674489600016,0.0001,8.0,67.03703703703704,6,0.0027875939733699173,-0.00024668973215669077,-0.017983681474217916
1674518400008,0.0001,8.0,66.66666666666666,6,0.006439153992336966,-0.0425709875214485,-0.014864790066359657
1674547200008,0.0001,8.0,66.66666666666666,6,-0.009404446182613713,-0.04984539799322929,-0.031989782823900414
1674576000000,0.0001,8.0,66.2962962962963,6,-0.041151603048723895,-0.04768722806800996,-0.027561946493041556
1674604800012,0.0001,8.0,66.2962962962963,6,-0.001207628615659262,0.036273823365044366,0.026651335778567153
1674633600000,0.0001,8.0,65.92592592592592,6,-0.006963125040221452,0.03310380333354779,0.02401698951026443
1674662400010,0.0001,8.0,65.55555555555556,6,0.045311700176892566,0.03174994006388876,0.022328631318400127
1674691200010,0.0001,8.0,65.18518518518519,6,-0.004667625399816466,-0.007078921921102932,-0.025960179514517456
1674720000003,0.0001,8.0,64.81481481481481,6,-0.008345218003250943,-0.013451993199270151,-0.007959095976234787
1674748800020,0.0001,8.0,64.44444444444444,6,0.005972455112383868,-0.008924141655833329,0.012070513907467717
1674777600008,0.0001,8.0,64.07407407407408,6,-0.011056173602527197,-0.0022224719381702673,0.026807007029503893
1674806400000,0.0001,8.0,63.70370370370371,6,-0.005478518275402688,0.004323485044528841,0.02713381344004251
1674835200000,0.0001,8.0,63.33333333333333,6,0.013283069639332457,0.0018087314129047183,0.005210415754367981
1674864000009,0.0001,8.0,63.33333333333333,6,-0.004304681340958183,-0.016830803498805058,-0.02044097956527724
1674892800018,0.0001,8.0,62.96296296296296,6,-0.00855232565446351,0.0009739974110520855,-0.005661752692631694
1674921600005,0.0001,8.0,62.59259259259259,6,-0.004062696083713124,0.021397288578183016,0.006800737750115582
1674950400011,0.0001,8.0,62.59259259259259,6,0.01372696263109674,0.04671112921291121,0.008871296202016099
1674979200000,0.0001,8.0,62.22222222222222,6,0.012095026972035683,0.02196070058214361,-0.012591136593422592
1675008000008,0.0001,8.0,62.22222222222222,6,0.020620156000819012,-0.016661185333192607,-0.022748568130906754
1675036800001,0.0001,8.0,61.85185185185185,6,-0.01085264719472745,-0.04813468226367379,-0.0002188769182129846
1675065600000,0.0001,8.0,61.48148148148148,6,-0.026705830301838485,-0.028653770524038835,0.02326467407334576
1675094400000,0.0001,8.0,61.111111111111114,6,-0.011408548519477368,0.0036239661594796857,0.05950501925626628
1675123200005,0.0001,8.0,60.74074074074074,6,0.010718004075140897,0.012589502998869406,0.051724908820316884
1675152000000,0.0001,8.0,60.370370370370374,6,0.00563663623768762,-0.005307674302379328,0.03610357240009354
1675180800007,0.0001,8.0,60.0,5,-0.002014479068303432,-0.008580421781555048,0.04858042178155486
1675209600013,0.0001,8.0,59.62962962962963,5,-0.0066422759099223905,0.03728001009272708,0.04887403015202163
1675238400000,0.0001,8.0,59.25925925925925,5,0.0014119083658750142,0.059071193253367626,0.054625589885139325
1675267200012,0.0001,8.0,58.88888888888889,5,0.044149675846260505,0.06599909833827566,0.06662137192276196
1675296000004,0.0001,8.0,58.51851851851851,5,0.01179761615178787,0.0013196302602771492,0.012916565312576012
1675324800023,0.0001,8.0,58.14814814814815,5,0.00902151700925602,-0.015614857554994588,0.0023500420723645554
1675353600003,0.0001,8.0,57.77777777777777,5,-0.019204079079824354,-0.007826972677074773,-0.021509283361428544
1675382400010,0.0001,8.0,57.77777777777777,5,-0.005314077142180462,0.009844707482828063,-0.00974146255549413
1675411200000,0.0001,8.0,57.407407407407405,5,0.016778605446330364,0.01247405055562334,-0.0017401392111368041
1675440000000,0.0001,8.0,57.03703703703704,5,-0.00084069946195231,0.008947444273635696,-0.011133262874711725
1675468800010,0.0001,8.0,56.666666666666664,5,-0.0023153995116611537,0.001720011065805549,-0.02887934663635594
1675497600000,0.0001,8.0,56.2962962962963,5,0.013237005722969597,0.005921977047816052,-0.01598089529196789
1675526400000,0.0001,8.0,56.2962962962963,5,-0.00912402242616872,-0.021979787879870094,-0.029282576866764276
1675555200016,0.0001,8.0,55.925925925925924,5,0.0012427655435747198,-0.021078984654547273,0.0032840229581421188
1675584000009,0.0001,8.0,55.55555555555556,5,-0.01499661212081238,-0.020015470315582484,0.005576509105300165
1675612800018,0.0001,8.0,55.18518518518518,5,-0.007408534729408944,0.0030742070980702696,0.007773787057892445
1675641600001,0.0001,8.0,55.18518518518518,5,0.0023305305636818208,-0.009671701839279234,0.012124891906312607
1675670400000,0.0001,8.0,54.81481481481482,5,0.007211229701214128,-0.0019694791889660612,-0.002042875928927601
1675699200012,0.0001,8.0,54.44444444444444,5,-0.020021241086329855,-0.010274616901835842,-0.009789106357153798
1675728000004,0.0001,8.0,54.074074074074076,5,0.010695087814907467,0.03489682677301875,-0.04418613292377804
1675756800011,0.0001,8.0,53.70370370370371,5,-0.0007414079398050388,0.027560767878041403,-0.049557912538372384
1675785600018,0.0001,8.0,53.333333333333336,5,0.024705362946247922,0.015115095473442919,-0.06442771121276414
1675814400009,0.0001,8.0,52.96296296296297,5,0.003530587453848044,-0.012452800832979283,-0.09435644571572177
1675843200010,0.0001,8.0,52.59259259259259,5,-0.012844288346521515,-0.02598076338244848,-0.09313599799643413
1675872000000,0.0001,8.0,52.22222222222223,5,-0.0002664696406293743,-0.011845786751613963,-0.0784389723961677
1675900800014,0.0001,8.0,51.85185185185185,5,-0.010216324304671787,-0.06477004181057977,-0.06793916257650123
1675929600006,0.0001,8.0,51.48148148148148,5,-0.0011142129493585395,-0.050378342638848106,-0.06305098442550694
1675958400001,0.0001,8.0,51.11111111111111,5,-0.05406283325774375,-0.06488643188977816,-0.05864723403733707
1675987200012,0.0001,8.0,50.74074074074074,5,0.00501486967170095,-0.019424521028113095,-0.01922366707485379
1676016000005,6.828e-05,8.0,41.48148148148148,4,-0.016374947619508196,-0.019553234696837896,-0.02028817329078425
1676044800020,0.0001,8.0,50.37037037037037,5,-0.00807471735212184,-0.0024512534818941223,-0.03310503031296086
1676073600007,6.47e-05,8.0,40.0,3,0.004882948005523691,0.01635358093866257,-0.0058013915410689565
1676102400002,3.345e-05,8.0,26.666666666666668,2,0.0007824726134586513,0.006332110308912453,-0.01035625517812755
1676131200021,-2.491e-05,8.0,10.74074074074074,1,0.010624108908614316,0.009145800618918454,0.019388834501744334
1676160000004,8.869e-05,8.0,47.77777777777778,4,-0.005025419651796259,-0.015888907670103647,0.01161762602556271
1676188800000,3.225e-05,8.0,25.925925925925924,2,0.0031288579994903643,-0.006211991560575059,0.010738710962760578
1676217600002,4.579e-05,8.0,31.48148148148148,3,-0.01444727298770132,-0.039513519496331195,0.027703085427070118
1676246400006,2.555e-05,8.0,23.703703703703706,2,0.003924055650243785,-0.006004994252645668,0.10616750564826205
1676275200008,5.994e-05,8.0,37.77777777777778,3,-0.029242998526005537,-0.009613866077068933,0.10767398399663075
1676304000002,0.0001,8.0,50.0,4,0.01993573926954273,0.051706840920799246,0.1735920934898727
1676332800013,-4.54e-06,8.0,14.814814814814813,1,0.0002791346824841945,0.034160768284983156,0.08703020636028302
1676361600014,4.405e-05,8.0,30.74074074074074,3,0.03086235191718667,0.02698213372135516,0.09866650720564496
1676390400016,5.311e-05,8.0,33.7037037037037,3,0.0029197174383830404,0.017376508198411855,0.08059193565020117
1676419200011,2.91e-05,8.0,23.703703703703706,2,-0.006664310272806118,0.07609009993252158,0.08840332894187197
1676448000000,2.81e-05,8.0,23.333333333333332,2,0.020383235854848802,0.08723947393931564,0.09246776747342245
1676476800005,5.715e-05,8.0,35.55555555555556,3,0.06079899650296494,0.09683366276417815,0.07425497947392423
1676505600019,0.0001,8.0,49.629629629629626,4,0.005291289677207489,-0.02320164830242777,0.010003284660634826
1676534400000,0.0001,8.0,49.25925925925926,4,0.027616296349132874,-0.01714873331193456,0.006265083157982465
1676563200001,0.00014101,8.0,98.14814814814815,9,-0.055292751815078645,-0.03163463926576682,-0.009426279218866407
1676592000003,0.0001,8.0,48.51851851851852,4,0.010986793837123976,0.035467106872095755,0.0284788456835412
1676620800016,0.0001,8.0,48.148148148148145,4,0.013903251752269252,0.022623777644732446,0.02565963339925137
1676649600000,0.0001,8.0,47.77777777777778,4,0.010276137651338946,0.011290033995348114,0.018536410806942127
1676678400011,0.0001,8.0,47.40740740740741,4,-0.0015528958851210861,-0.0014229958491033257,0.0058100743382478726
1676707200000,0.0001,8.0,47.03703703703704,4,0.0030761403903150075,0.0014493353762061734,0.007406399555142773
1676736000007,0.0001,8.0,46.666666666666664,4,-0.002647889649641133,0.011393591989101726,-0.013221756335179191
1676764800019,0.0001,8.0,46.2962962962963,4,0.0010820719016082503,-0.005333491012298963,-0.019157994323557248
1676793600005,0.0001,8.0,45.925925925925924,4,0.012982640591129524,0.0017542512536694588,-0.02974548590397097
1676822400003,0.0001,8.0,45.55555555555556,4,-0.019142745523349713,-0.00489793062431132,-0.06057690625710643
1676851200006,0.0001,8.0,45.18518518518518,4,0.008215529848173198,0.012644306792376492,-0.02373705548752214
1676880000008,0.0001,8.0,44.81481481481481,4,0.006255896226414981,0.0036615566037736524,-0.01752948113207553
1676908800006,0.0001,8.0,44.44444444444444,4,-0.0018516239797023992,-0.019535804899772025,-0.029180656388981596
1676937600001,0.0001,8.0,44.074074074074076,4,-0.0007279344858962533,-0.026211511931668152,-0.033109278229475514
1676966400004,0.0001,8.0,43.7037037037037,4,-0.017001427555942028,-0.03497805793644726,-0.02978480915985693
1676995200011,0.0001,8.0,43.333333333333336,4,-0.008647737663377675,-0.037142840067652005,-0.05154577563692653
1677024000009,0.0001,8.0,42.96296296296296,4,-0.00972389679286223,-0.009977091873643595,-0.03084760067518677
1677052800010,0.0001,8.0,42.592592592592595,4,-0.019206535701023486,0.014366853963364568,-0.02404012978869763
1677081600000,0.0001,8.0,42.22222222222222,4,0.01834191108079608,0.027122217399392357,-0.01005146648477706
1677110400006,7.072e-05,8.0,34.074074074074076,3,0.014626274927690641,0.0029228193027857063,-0.030190287715025077
1677139200005,9.829e-05,8.0,41.48148148148148,4,-0.0056773512095879,-0.008858108229758632,-0.04038361129948931
1677168000002,4.374e-05,8.0,24.814814814814813,2,-0.00589083841840643,-0.04212311610866659,-0.03174172053524538
1677196800015,3.804e-05,8.0,21.11111111111111,2,0.002707871649312521,-0.023933699644819395,-0.0046143104338058905
1677225600011,6.414e-05,8.0,30.74074074074074,3,-0.039049112630259564,-0.029264127979848675,-0.009282414275420647
1677254400014,8.38e-05,8.0,37.03703703703704,3,0.012986603823518461,0.005853738453201585,0.03596678050686197
1677283200015,7.921e-05,8.0,36.2962962962963,3,-0.002768049862219568,-0.009305623806472929,0.01593028246549255
1677312000015,9.641e-05,8.0,40.74074074074074,4,-0.0042852330992153576,-0.0026197931610923986,0.00784066667498351
1677340800015,5.498e-05,8.0,26.296296296296294,2,-0.0022802588469656992,0.004955177878983363,0.028935482456415196
1677369600007,1.266e-05,8.0,12.222222222222221,1,0.003961900456466161,0.0293720607533261,0.007289645689314117
1677398400012,4.684e-05,8.0,24.074074074074073,2,0.003277089144329448,0.023264831329972813,0.0332149245143778
1677427200000,1.098e-05,8.0,11.481481481481481,1,0.021801438059989797,0.02358966690343567,0.03182050419330307
1677456000011,0.0001,8.0,41.85185185185185,4,-0.001994571350147911,-0.0037878556833084165,0.015169721552959814
1677484800003,8.633e-05,8.0,37.03703703703704,3,0.004840543216516391,-0.012486401251696089,0.004785537043601407
1677513600000,6.025e-05,8.0,27.77777777777778,2,-0.0062393474555636486,-0.0007852447041636346,-0.009508156805454027
1677542400011,3.555e-05,8.0,17.77777777777778,1,-0.010708775195317322,-0.01773162548063978,0.008939286326565599
1677571200018,3.626e-05,8.0,18.88888888888889,1,0.01655577904997685,0.022491103202846974,-0.02942905771313631
1677600000005,8.565e-05,8.0,37.407407407407405,3,-0.023269406392694036,0.008353120243531187,-0.045917808219178124
1677628800016,3.42e-06,8.0,9.25925925925926,0,0.02980153090482962,0.03742488842346714,-0.02209714015009856
1677657600000,0.0001,8.0,42.592592592592595,4,0.002834079196768702,-0.004747688227065394,-0.050353351540879054
1677686400008,0.0001,8.0,42.22222222222222,4,0.004890654623177948,-0.017443334822668577,-0.05725084831725247
1677715200009,0.0001,8.0,42.22222222222222,4,-0.01220318208036908,-0.00990194193424343,-0.05790953662757159
1677744000013,0.0001,8.0,42.22222222222222,4,-0.010145923686595615,-0.04611285819429323,-0.04566273927774156
1677772800000,7.746e-05,8.0,34.44444444444444,3,0.012549318452783176,-0.03760493614719951,-0.036068535748964514
1677801600000,3.967e-05,8.0,19.25925925925926,1,-0.0490531682447195,-0.04829448895362953,-0.051043942704539935
1677830400013,-9.17e-06,8.0,4.814814814814815,0,-0.0007141946180334591,-0.000382604259660857,-0.004782553245759491
1677859200000,2.284e-05,8.0,13.703703703703704,1,0.0013026903109214505,-0.002707552410934899,0.008001328233258276
1677888000001,8.491e-05,8.0,36.666666666666664,3,-0.0007840237629316293,-0.0005673017471617969,-0.0021289750960906684
1677916800008,1.26e-06,8.0,7.4074074074074066,0,-0.003955090584332632,0.0008548099004848098,0.0019009951518245138
1677945600012,2.121e-05,8.0,12.222222222222221,1,0.004188548738311759,0.004592032791084888,0.00024337133341867379
1677974400000,5.372e-05,8.0,24.074074074074073,2,0.0013667309583722531,-0.0014561432640600724,-0.0027717814763248416
1678003200000,3.555e-05,8.0,17.037037037037038,1,0.0003635389560692204,-0.004643094035409967,-0.011040104086943336
1678032000015,4.841e-05,8.0,22.962962962962962,2,-0.0025819695646353003,0.006317856391490295,-0.005444449402959406
1678060800007,4.583e-05,8.0,22.22222222222222,2,-0.0024416434433564005,0.0006199984659831514,-0.021111906527241597
1678089600017,7.122e-05,8.0,31.48148148148148,3,0.011392323957198691,0.006330492727622206,-0.016255526366374173
1678118400000,3.604e-05,8.0,17.037037037037038,1,-0.008286242809720457,-0.012068266477459844,-0.028476040848389617
1678147200009,5.296e-05,8.0,23.703703703703706,2,0.0032513781627476757,-0.0007345942803851369,-0.08276641818216657
1678176000016,7.563e-05,8.0,33.33333333333333,3,-0.005603025633842296,-0.012931528479924626,-0.10200053483426497
1678204800017,1.011e-05,8.0,8.518518518518519,0,0.0016391553227725897,-0.0011205163339266244,-0.0927339317957715
1678233600000,8.208e-05,8.0,35.55555555555556,3,-0.006935905318167901,-0.01801542166205561,-0.08717594015780317
1678262400014,6.665e-05,8.0,28.51851851851852,2,0.006295677527140331,-0.009637030968798976,-0.08508840395544004
1678291200021,8.786e-05,8.0,38.51851851851852,3,-0.0182945199771799,-0.01711505547970238,-0.08458811689518797
1678320000010,9.084e-05,8.0,40.370370370370374,4,0.002507362111407785,-0.06240328046542909,-0.04067280883322777
1678348800013,7.599e-05,8.0,32.592592592592595,3,-0.0013026515472244204,-0.08138315541284269,-0.050041359186624335
1678377600002,3.643e-05,8.0,16.296296296296298,1,-0.06352839897478024,-0.07590016500035868,-0.05201750438587904
1678406400000,-8.306e-05,8.0,0.0,0,-0.01688360555214885,-0.0068286972517976885,0.10132253748815434
1678435200000,-9.7e-07,8.0,5.185185185185185,0,0.0027075108619381005,0.005634741191729908,0.13871386146333142
1678464000005,-5.12e-06,8.0,4.444444444444445,0,0.006450474610960155,0.007847842196266441,0.17927943823000114
1678492800011,2.796e-05,8.0,13.333333333333334,1,-0.005420415261308875,0.030229508656536508,0.17332706911905982
1678521600003,-5.766e-05,8.0,0.7407407407407408,0,0.006845934741532611,0.028300290476324763,0.17525874954172438
1678550400011,4.677e-05,8.0,21.85185185185185,2,0.028801109189325436,0.0178562675499101,0.23812558207931
1678579200001,-1.066e-05,8.0,3.3333333333333335,0,-0.007282875034032132,0.07345494146474252,0.15774571195208265
1678608000000,8.67e-05,8.0,37.77777777777778,3,-0.0024762153004039833,0.10201869851221312,0.16951442858416743
1678636800005,-4.286e-05,8.0,1.1111111111111112,0,0.0849976265332939,0.14956968016676186,0.12011805417007793
1678665600010,0.0001,8.0,42.22222222222222,4,0.017544638328091722,0.06096555747184751,0.04640103479760582
1678694400018,0.0001,8.0,41.85185185185185,4,0.041245271967048636,0.038727808622935234,0.030458813925809736
1678723200003,0.0001,8.0,41.85185185185185,4,0.0013704532669451819,0.058139534883721034,-0.00514069587906496
1678752000010,0.0001,8.0,41.85185185185185,4,-0.0037830117076144143,0.016548435100133263,-0.000764969192061038
1678780800009,0.0001,8.0,41.85185185185185,4,0.06070404453669598,0.02324018860906807,0.027601473358369155
1678809600010,0.0001,8.0,41.85185185185185,4,-0.03798928811795521,-0.07915707555439933,-0.029189030218366385
1678838400011,0.00031728,8.0,99.25925925925925,9,0.002774903583858457,-0.029783181262346026,0.050212820995202634
1678867200000,0.00018366,8.0,98.14814814814815,9,-0.04252785923753666,-0.029014662756598253,0.06422873900293258
1678896000012,0.0001,8.0,41.85185185185185,4,0.013591946786883469,0.021017461321606534,0.09589907687772148
1678924800004,0.0001,8.0,41.85185185185185,4,0.002042052960067986,0.013143064897291445,0.06627885838938385
1678953600018,0.0001,8.0,41.85185185185185,4,0.0052731197881077385,0.03584753910997951,0.07317058421571421
1678982400005,0.0001,8.0,41.85185185185185,4,0.0057748181834587076,0.03256155294485641,0.07810441593127959
1679011200017,5.964e-05,8.0,25.185185185185183,2,0.024497754173171016,0.06840950005681834,0.06663317364338317
1679040000010,5.941e-05,8.0,24.814814814814813,2,0.0020841238798563477,0.058921743191570064,0.04924837269038784
1679068800003,0.0001,8.0,41.48148148148148,4,0.04069279705450568,0.03949269452147375,0.027602358259734894
1679097600012,0.0001,8.0,41.11111111111111,4,0.015399945140144755,-0.014940913696490532,-0.030464013614200813
1679126400000,0.0001,8.0,40.74074074074074,4,-0.017073479892643184,-0.02213269698155429,-0.04743429355583595
1679155200016,0.0001,8.0,40.370370370370374,4,-0.01380365519444482,0.004438690586276994,0.016207945928678358
1679184000013,0.0001,8.0,40.0,3,0.008518594289870896,0.013479723586106607,0.02308942535006353
1679212800024,0.0001,8.0,39.62962962962963,3,0.009894797342604456,0.012757301357435358,0.00831140437377087
1679241600000,0.0001,8.0,39.25925925925926,3,-0.006827651990561789,-0.01592560983092639,0.007273903754650757
1679270400005,0.0001,8.0,38.88888888888889,3,0.007799708422115081,-0.028849388807895004,-0.028131658629584
1679299200012,0.0001,8.0,38.51851851851852,3,-0.018588891176257727,-0.03919190345571999,-0.025449143442144107
1679328000015,8.194e-05,8.0,31.48148148148148,3,-0.018113271727422164,0.027966438006689742,0.04172005215715169
1679356800006,7.106e-05,8.0,27.037037037037038,2,-0.002933110078235601,0.039469961603972425,0.047501371286699845
1679385600004,4.611e-05,8.0,17.77777777777778,1,0.050009554859369976,0.03622160324749424,0.05057126477383944
1679414400003,8.99e-05,8.0,36.666666666666664,3,-0.007125406043359095,-0.005355084572834179,-0.024845165809081027
1679443200000,5.146e-05,8.0,19.25925925925926,1,-0.006270584902830945,-0.037173626886313094,-0.028498114381244832
1679472000003,1.267e-05,8.0,7.777777777777778,0,0.007879648154150543,-0.021152105151389877,-0.024158665936448664
1679500800000,5.54e-05,8.0,22.22222222222222,2,-0.039988924269694026,0.019338225114218455,-0.02819327149383921
1679529600016,1.123e-05,8.0,7.4074074074074066,0,0.010581400045002631,0.046727785694916424,0.0065542368871989165
1679558400001,6.86e-05,8.0,27.40740740740741,2,0.049053135187289154,0.035756492746507496,0.00033684066294825676
1679587200013,0.0001,8.0,38.51851851851852,3,-0.012664014498038112,-0.037719933169704345,-0.04073491556416631
1679616000013,0.0001,8.0,38.148148148148145,3,-1.1024021342453949e-05,-0.036020989736636255,-0.022731532008245958
1679644800012,0.0001,8.0,37.77777777777778,3,-0.025366552750523685,-0.03748759783926803,-0.03520008819314302
1679673600027,0.0001,8.0,37.77777777777778,3,-0.010920833851757239,-0.008240111300885755,-0.03319797758146803
1679702400015,1.992e-05,8.0,8.148148148148149,0,-0.0015324180756716155,-0.002447294538759248,-0.018051656212297096
1679731200011,1.46e-05,8.0,7.777777777777778,0,0.004249251226956963,0.003418871944061097,-0.012169351559681352
1679760000011,-7.95e-06,8.0,2.5925925925925926,0,-0.005143675047473484,0.005149377569699132,-0.006449552637131317
1679788800000,8.29e-06,8.0,4.814814814814815,0,0.006544096523987353,0.018776213731686253,0.018224648089629536
1679817600015,9.97e-06,8.0,5.555555555555555,0,0.005981188932517645,-0.0010387179253037448,0.029854579490457445
1679846400000,4.383e-05,8.0,17.037037037037038,1,0.00613378575441037,-0.029732689503339182,0.025425988867264104
1679875200019,1.635e-05,8.0,8.148148148148149,0,-0.012769461584451136,-0.031404753578720634,0.010964590689122256
1679904000009,-3.85e-06,8.0,3.7037037037037033,0,-0.02334403601585977,-0.014511466343681723,0.03152530365528983
1679932800000,-1.71e-06,8.0,4.074074074074074,0,0.002444487330187206,0.01902372556243681,0.04545693784101479
1679961600007,-1.478e-05,8.0,1.8518518518518516,0,0.004448844115763073,0.03224829674489027,0.04420310953240558
1679990400000,3.473e-05,8.0,14.074074074074074,1,0.010273774046545059,0.04659724718514835,0.040428344484513934
1680019200013,6.578e-05,8.0,27.037037037037038,2,0.017436721574929814,0.036813407564713296,0.05033002353211269
1680048000010,0.0001,8.0,38.148148148148145,3,0.017933298734120084,0.011135681566893041,0.027139698084256647
1680076800006,7.584e-05,8.0,30.37037037037037,3,0.001091733306732845,0.0005818883106951667,0.00990872666212228
1680105600014,0.0001,8.0,38.148148148148145,3,-0.007761121321494202,-0.010617568255795962,0.00740683332964287
1680134400000,5.756e-05,8.0,24.074074074074073,2,0.007248196320661648,0.0008258145153641205,0.015456123024043311
1680163200000,2.86e-06,8.0,5.185185185185185,0,-0.009672272817921934,-0.005899754038423244,0.008104544749495846
1680192000006,5.025e-05,8.0,21.11111111111111,2,0.0033291183151864523,0.023908105144187175,0.004459339995300127
1680220800003,7.203e-05,8.0,30.37037037037037,3,0.0013104990491910051,0.015380239904974946,-0.00046843370268967455
1680249600006,6.982e-05,8.0,28.888888888888886,2,0.01917507629931614,0.014920136336296075,0.0005346521419502537
1680278400011,0.0001,8.0,40.0,3,-0.0050273498762288815,-0.005557407417526861,-0.018852562035858167
1680307200000,0.0001,8.0,40.0,3,0.0005325105953140064,-0.0009277761918355942,-0.006324249544346627
1680336000000,0.0001,8.0,40.0,3,-0.0015527865110587236,-0.0015034046078802321,-0.005892907112640122
1680364800018,6.306e-05,8.0,26.666666666666668,2,-3.29702937652554e-05,-0.013512325394819169,0.022595641327164184
1680393600013,3.987e-05,8.0,17.037037037037038,1,-0.0002802567371521514,-0.015051435354112686,0.02692662768716758
1680422400014,5.018e-05,8.0,21.48148148148148,2,-0.013203243094681905,-0.012494159681187278,0.04945444551326106
1680451200001,3.503e-05,8.0,14.444444444444443,1,-0.00159311063206391,0.0001448282392786382,0.05724057641639235
1680480000000,-2.938e-05,8.0,1.1111111111111112,0,0.0008476986654322172,0.009452955512550876,0.06447529125699214
1680508800013,-1.96e-05,8.0,1.8518518518518516,0,-0.0005733306615011147,0.008449669360764078,0.04673479838799466
1680537600011,-4.71e-06,8.0,4.074074074074074,0,0.007619090053411659,0.03645244473653442,0.04367609956056562
1680566400002,6.36e-05,8.0,28.14814814814815,2,0.0013984313248616154,0.03293775598755233,0.03436382429511875
1680595200017,3.238e-05,8.0,14.074074074074074,1,0.027178892752663275,0.05382789645084718,0.020439366341005627
1680624000008,0.0001,8.0,41.11111111111111,4,0.004202177394220019,0.01990929315292278,-0.0010048685073135166
1680652800000,6.853e-05,8.0,30.74074074074074,3,0.021666675582994177,0.021115646549648703,-0.0036646105615680824
1680681600016,0.0001,8.0,41.48148148148148,4,-0.005881983218277598,-0.015053267826651728,-0.020107687956338216
1680710400004,0.0001,8.0,41.48148148148148,4,0.004662827517531554,-0.012687105833012802,-0.016801985258088847
1680739200000,5.011e-05,8.0,22.59259259259259,2,-0.01900246240896941,-0.01951590087494104,-0.031796510714098614
1680768000011,6.251e-05,8.0,28.51851851851852,2,-0.0034937888198757205,-0.01688398706713179,-0.02424912788224276
1680796800000,2.17e-06,8.0,6.296296296296296,0,-0.001429996851872617,-0.007843639448704254,-0.02028141057450672
1680825600006,2.088e-05,8.0,11.11111111111111,1,-0.012082251221050111,-0.004633043701304906,-0.007983583955881834
1680854400005,7.093e-05,8.0,33.33333333333333,3,0.005593028727829408,0.011954152309963995,0.0058093934755210075
1680883200000,3.638e-05,8.0,17.77777777777778,1,0.0015865076932177757,0.0035548528312439043,0.00047864130405539385
1680912000000,3.725e-05,8.0,18.51851851851852,1,0.00456405244901692,-0.007715933375573303,0.025134505310409283
1680940800014,1.046e-05,8.0,8.518518518518519,0,-0.002528289582698573,-0.019216069872730168,0.027052164012764557
1680969600018,2.21e-05,8.0,12.222222222222221,1,-0.010556776164192594,-0.015915545790686325,0.02516478216601481
1680998400013,8.21e-06,8.0,7.4074074074074066,0,-0.006239168110918514,0.005415944540727802,0.023407712305025807
1681027200024,-1.908e-05,8.0,2.2222222222222223,0,0.0008283920474363438,0.013401421346355136,0.018715120334844793
1681056000010,3.067e-05,8.0,15.555555555555555,1,0.01089087344805062,0.013384883467653985,0.0422947070355042
1681084800000,3.359e-05,8.0,17.037037037037038,1,0.0021175139416471644,0.028686117621703255,0.03262480131469059
1681113600010,-4.969e-05,8.0,0.7407407407407408,0,0.0008120593502449758,0.033326700618993677,0.03427320688153079
1681142400006,2.062e-05,8.0,12.592592592592592,1,0.025556427258756065,0.0279852550806563,0.07408999559371932
1681171200008,2.648e-05,8.0,14.814814814814813,1,0.006759093338363442,-0.009913336896266278,0.05350162951785142
1681200000007,8.648e-05,8.0,41.85185185185185,4,-0.0043613123490715555,-0.027177533516529295,0.09845740694479121
1681228800016,6.716e-05,8.0,34.44444444444444,3,-0.012252621454632906,0.0005279499858865666,0.07883704640732647
1681257600006,1.041e-05,8.0,9.62962962962963,0,-0.010795821382076798,0.014696076459817409,0.11100644574041363
1681286400008,1.29e-05,8.0,11.851851851851853,1,0.023993965397331563,0.02887835567776942,0.12373610382940492
1681315200014,3.624e-05,8.0,20.74074074074074,2,0.0017345238157435716,0.044298275402675946,0.09643847926146898
1681344000027,0.0001,8.0,45.925925925925924,4,0.003030160791492653,0.048639035355352744,0.09012251028742191
1681372800010,0.0001,8.0,45.925925925925924,4,0.03934068219633935,0.0974521630615639,0.09129055740432612
1681401600000,0.0001,8.0,45.925925925925924,4,0.007275950305209333,0.03187797635441347,0.048523027155869425
1681430400001,0.0001,8.0,45.925925925925924,4,0.04972023972347239,0.044130007708949925,0.053515032452192024
1681459200008,0.0001,8.0,45.925925925925924,4,-0.022145151661596918,-0.004790061688034641,-0.009466412712852201
1681488000007,0.0001,8.0,45.925925925925924,4,0.01720061243870763,0.01685175494699287,0.003885884838265685
1681516800007,0.0001,8.0,45.925925925925924,4,0.0005382541512255479,-0.004377482875896677,-0.01181301146052649
1681545600007,0.0001,8.0,45.925925925925924,4,-0.0008807384873199542,-0.0008283702529386927,0.00022851593184491925
1681574400011,0.0001,8.0,45.925925925925924,4,-0.004035908627409768,-0.0022919386656247154,-0.0006575624446073514
1681603200014,0.0001,8.0,45.925925925925924,4,0.004104889986077831,0.013424616900855835,0.005654988302498998
1681632000007,0.0001,8.0,45.925925925925924,4,-0.0023442301919696096,-0.003873697451364455,-0.013736617161480225
1681660800002,0.0001,8.0,45.925925925925924,4,0.01165317477374228,-0.010483081405067152,-0.05259689089476316
1681689600017,0.0001,8.0,45.925925925925924,4,-0.013034344388056285,-0.0206160745898738,-0.08896966835831466
1681718400006,0.0001,8.0,45.925925925925924,4,-0.008963762292886313,0.0049506371254735,-0.06848142195691265
1681747200000,0.0001,8.0,45.925925925925924,4,0.0015983466045998984,0.011772716078594314,-0.060215656070578216
1681776000013,0.0001,8.0,45.925925925925924,4,0.012730287576280475,0.013221953359234373,-0.06301998476800119
1681804800017,0.0001,8.0,45.925925925925924,4,-0.0017658342019712947,-0.014778747162052075,-0.08208035259568103
1681833600000,0.0001,8.0,45.925925925925924,4,0.0035031284750892677,-0.05335827840803331,-0.09146315272017447
1681862400022,0.0001,8.0,45.925925925925924,4,-0.015256825609773594,-0.08193110403851567,-0.12047516424755367
1681891200014,0.0001,8.0,45.925925925925924,4,-0.04165338125742779,-0.05916596616327041,-0.10624945650598572
1681920000000,-1.015e-05,8.0,3.7037037037037033,0,-0.02544530544954049,-0.018795343514144358,-0.05950178223013203
1681948800010,6.419e-05,8.0,34.44444444444444,3,0.009161618621715384,0.007280584934111989,-0.029728623321708558
1681977600012,3.2e-07,8.0,7.037037037037037,0,-0.001340200362521693,-0.009720303778748884,-0.03811098502159216
1682006400012,2.269e-05,8.0,15.555555555555555,1,-0.0005244593441172674,-0.02117890233744324,-0.046203839865080254
1682035200009,8.62e-05,8.0,44.074074074074076,4,-0.007871018190797607,-0.04890834636595598,-0.042508642686640785
1682064000009,6.903e-05,8.0,38.148148148148145,3,-0.012895765708774487,-0.04071992284318704,-0.04325033444989468
1682092800003,8.488e-05,8.0,43.7037037037037,4,-0.028839031975079754,-0.02020833442771075,-0.03608818755351506
1682121600000,5.467e-05,8.0,30.74074074074074,3,0.0009738099231231256,0.013211354623703597,-0.003992620684804882
1682150400000,-5.62e-06,8.0,4.814814814814815,0,0.008236902838056226,0.012220234459872081,-0.01915458245280266
1682179200016,2.848e-05,8.0,18.14814814814815,1,0.0038708985631568105,-0.005468582457645366,-0.027342912288226495
1682208000009,-6.991e-05,8.0,0.3703703703703704,0,0.00044327661528931195,-0.005986904647461544,-0.004544920477243308
1682236800020,1.032e-05,8.0,11.11111111111111,1,-0.009742426264513493,-0.015011343920992903,-0.006373949019084502
1682265600007,4.969e-05,8.0,29.629629629629626,2,0.003347708894878787,-0.010797843665768192,0.05299191374663059
1682294400000,9.041e-05,8.0,49.629629629629626,4,-0.008376361360205142,-0.010831779667846986,0.0005641551910335885
1682323200008,1.238e-05,8.0,12.962962962962962,1,-0.005506387083836994,-0.016036810414442382,0.020470102377610155
1682352000006,5.112e-05,8.0,31.48148148148148,3,0.003727581377352074,-0.011318986141462761,0.036153179616015496
1682380800014,8.411e-05,8.0,46.666666666666664,4,-0.014263143320972338,0.011999066136029413,0.03536738317198851
1682409600009,8.034e-05,8.0,45.55555555555556,4,-0.0007380724192250776,0.02521013031935393,0.05584013571719715
1682438400015,6.892e-05,8.0,41.11111111111111,4,0.02740050711057207,0.07667291368096119,0.03981369198544815
1682467200015,3.84e-05,8.0,25.925925925925924,2,-0.00139491713655715,-0.0012071398297127667,0.014212059595152038
1682496000013,1.253e-05,8.0,13.333333333333334,1,0.04942218115198438,0.01159935744180185,0.02179647667503004
1682524800001,8.7e-05,8.0,51.11111111111111,5,-0.04691547637331683,-0.02661649516203346,-0.024527722316080358
1682553600014,-2.203e-05,8.0,2.5925925925925926,0,0.011409172458988204,0.024327750502239898,0.024091402296874787
1682582400008,5.85e-05,8.0,36.2962962962963,3,0.009777470922513132,0.018067874024111807,0.010446651441924582
1682611200005,3.408e-05,8.0,22.59259259259259,2,0.0029663758145699326,-0.007826183000141929,0.012801699880608641
1682640000011,8.67e-05,8.0,51.85185185185185,5,0.005228244054642284,-0.008678780251186402,-0.0164241327774719
1682668800007,8.037e-05,8.0,48.148148148148145,4,-0.015905723765206714,-0.00784591949585789,-0.036089143000229584
1682697600006,8.463e-05,8.0,50.0,4,0.0021045042752712018,0.010050730745376102,-0.027745529916296974
1682726400004,4.382e-05,8.0,28.51851851851852,2,0.006072788827761411,0.008522005924672005,-0.03242170969107072
1682755200016,7.125e-05,8.0,45.925925925925924,4,0.0018455423055081521,0.00036279891475787807,-0.03520201064210149
1682784000001,5.044e-05,8.0,33.33333333333333,3,0.0005878061709150284,0.010632993770304244,-0.025291410157500582
1682812800008,6.303e-05,8.0,39.62962962962963,3,-0.00206660337475284,-0.01619713507928089,-0.020052346958578826
1682841600000,-2.13e-06,8.0,7.4074074074074066,0,0.010385897045065207,-0.028755689642485538,-0.020067487306709708
1682870400010,8.291e-05,8.0,51.11111111111111,5,-0.02597564458754187,-0.04754758133617232,-0.03821566743696936
1682899200004,-2.629e-05,8.0,2.2222222222222223,0,-0.01486967045739307,-0.024802333082750927,0.014720387283206016
1682928000008,2.338e-05,8.0,19.25925925925926,1,-0.0073874029895981685,-0.006932793574853546,0.02723326874993237
1682956800014,8.46e-06,8.0,11.481481481481481,1,-0.002715242981533139,0.012600254076953865,0.02648724980780659
1682985600015,9.917e-05,8.0,59.62962962962963,5,0.003181875338279294,0.02141478642618555,0.025476871265260215
1683014400018,2.555e-05,8.0,20.0,1,0.012136702762503226,0.015880714795659667,0.03297128500814739
1683043200000,8.146e-05,8.0,51.85185185185185,5,0.006240543611115479,-0.0027137480414169968,0.05238502915663812
1683072000009,9.799e-05,8.0,60.0,5,-0.002253409553171881,0.018712398569807442,0.06767722182970437
1683100800003,6.273e-05,8.0,41.48148148148148,4,-0.006442891093145664,0.018234293776521193,0.039268911575209176
1683129600011,0.0001,8.0,61.48148148148148,6,0.02763409392784255,0.016527542304245024,0.013082729501204149
1683158400000,0.0001,8.0,61.48148148148148,6,-0.003113776228182541,-0.014860011341916723,-0.004379240091575531
1683187200000,0.0001,8.0,61.48148148148148,6,-0.008590947637884372,-0.002112182711705546,0.005525385697204621
1683216000011,9.9e-05,8.0,61.111111111111114,6,-0.0036968773072285632,0.03814794945476363,0.01839940085091918
1683244800002,3.555e-05,8.0,25.555555555555554,2,0.010513352277271126,0.06344797436703975,-0.004504960788181522
1683273600000,5.68e-05,8.0,38.88888888888889,3,0.031670625494853555,0.03279493269992084,-0.023415149115861622
1683302400000,0.0001,8.0,62.59259259259259,6,0.01961627014581735,-0.04047582501918645,-0.04616525965720131
1683331200009,0.0001,8.0,62.59259259259259,6,-0.02880103473169171,-0.04955081414935425,-0.07453677709152162
1683360000000,0.0001,8.0,62.59259259259259,6,-0.04152036920623725,-0.02434287524979184,-0.056152670663334514
1683388800000,6.94e-06,8.0,10.74074074074074,1,0.011043036381765736,0.022523315150448697,-0.019707900756642638
1683417600000,1.519e-05,8.0,17.037037037037038,1,0.0068034386372026745,-0.016665787669426724,-0.02650704076789201
1683446400000,2.257e-05,8.0,19.62962962962963,1,0.004520691461498139,-0.030832896804609655,-0.03698271346254578
1683475200006,4.724e-05,8.0,34.81481481481482,3,-0.026104281519420458,-0.02711611580808526,-0.023825046549592832
1683504000000,5.356e-05,8.0,38.88888888888889,3,-0.007701796728345367,-0.009949048002145355,-0.01351032448377587
1683532800007,1.131e-05,8.0,14.814814814814813,1,0.007496867303288246,-0.002700600613576465,-0.015085555027438136
1683561600015,3.803e-05,8.0,30.37037037037037,3,-0.010336028134582786,-0.014742778718932925,-0.0323322539832307
1683590400015,9.627e-05,8.0,63.33333333333333,6,0.00021668002860186775,4.333600572037355e-05,-0.02773504366102575
1683619200000,0.0001,8.0,65.55555555555556,6,-0.004510602352227666,-0.004526847018562208,-0.04719075570187792
1683648000000,5.218e-05,8.0,38.88888888888889,3,0.004030613077462775,0.018477722839596922,-0.04012119036351669
1683676800007,2.199e-05,8.0,19.62962962962963,1,-0.004355079843130438,-0.004279245119493735,-0.021623729768379008
1683705600003,6.916e-05,8.0,51.11111111111111,5,0.018252741991643617,-0.007926749651810505,-0.01984679665738165
1683734400000,4.334e-05,8.0,32.592592592592595,3,-0.01767250587481317,-0.03489638966032904,-0.04251228370006421
1683763200011,-3.99e-06,8.0,7.4074074074074066,0,-0.008002306579190765,-0.023598916342984055,-0.023228993265223985
1683792000000,2.198e-05,8.0,20.0,1,-0.009634777271133044,-0.03563990705015796,-0.011432392143107761
1683820800005,5.429e-05,8.0,42.22222222222222,4,-0.005634317815413792,-0.023041423593221033,0.00798333527238082
1683849600020,1.83e-05,8.0,18.51851851851852,1,-0.01960620445276451,0.006329254975373955,0.002156181052350048
1683878400001,4.54e-06,8.0,11.11111111111111,1,0.0021424715142215334,0.02383996817548928,0.03857585315261547
1683907200010,-9.17e-06,8.0,5.185185185185185,0,0.024259677218132936,0.016887638792800308,0.03552188361252551
1683936000000,2.858e-05,8.0,25.555555555555554,2,-0.0023859214029883224,-0.006880975183095939,0.005884534689968524
1683964800000,2.366e-05,8.0,23.333333333333332,2,-0.005171686680132237,0.0009211373271480472,0.01054313808181484
1683993600026,8.57e-06,8.0,12.962962962962962,1,0.0012937764889582315,0.014621904974347455,0.01494534909658718
1684022400029,-4.8e-06,8.0,6.666666666666667,0,0.004572491534485801,0.0017766440919622095,0.015065273569773607
1684051200010,5.487e-05,8.0,43.7037037037037,4,0.008698641149174291,0.013194879499703438,0.000598759237801616
1684080000008,3.797e-05,8.0,32.592592592592595,3,-0.011382748348374827,0.0036495146805024525,-0.013163535632234491
1684108800006,-1.849e-05,8.0,3.7037037037037033,0,0.016022593970123067,0.009112085883772103,0.011930772609258788
1684137600005,-2.95e-06,8.0,8.518518518518519,0,-0.0008043643606397977,-0.003852193944832605,-0.00022981838875424376
1684166400008,-1.988e-05,8.0,2.9629629629629632,0,-0.006001993362759195,-0.0033186204177299006,-0.010607537539839784
1684195200021,-1.56e-05,8.0,4.444444444444445,0,0.002969533359043597,0.004115475731364615,-0.008346647567627041
1684224000000,1.255e-05,8.0,18.51851851851852,1,-0.001169609910384728,-0.009301968019680085,-0.008659506237919556
1684252800000,6.009e-05,8.0,47.40740740740741,4,0.002127554302112644,-0.01251243822121062,-0.001616281562845323
1684281600010,8.76e-05,8.0,64.44444444444444,6,-0.009744481693432894,-0.0013168218504637785,-0.006123221604657059
1684310400000,-1.53e-05,8.0,4.814814814814815,0,-0.0044064339478322445,0.013734771475129914,0.003480805684576982
1684339200001,3.984e-05,8.0,35.55555555555556,3,0.013756843611979042,0.006249060134672302,0.012019137050465867
1684368000000,7.696e-05,8.0,57.77777777777777,5,0.003753869119487163,-0.012183610300089853,-0.001712291177309866
1684396800026,6.739e-05,8.0,52.22222222222223,5,-0.011176119664387918,-0.011821948322761067,-0.007640481416006595
1684425600019,5.135e-05,8.0,42.22222222222222,4,-0.003730579125361899,0.004040538221831147,7.748977411714542e-05
1684454400000,4.796e-05,8.0,39.62962962962963,3,0.0030168007466997437,0.006328059024845567,0.002138983954842466
1684483200002,2.782e-05,8.0,27.037037037037038,2,0.004696733886824234,0.002736069033126398,0.004242568581730444
1684512000000,0.0001,8.0,71.11111111111111,7,-0.002610060295696659,0.00013215495168084068,5.5064563200257766e-06
1684540800005,7.933e-05,8.0,60.370370370370374,6,-0.0005299738877448945,0.002721636736023214,0.003224007817114849
1684569600014,7.88e-06,8.0,13.703703703703704,1,0.00364550249937845,0.001491341931564083,0.02356320251871069
1684598400020,-1.76e-06,8.0,10.37037037037037,1,-0.0003907432376654141,-0.005624501252029401,0.02123221705511691
1684627200014,4.22e-05,8.0,37.407407407407405,3,-0.0017562791107390563,-0.006248830064855659,0.019627382538511595
1684656000001,-1.59e-06,8.0,11.11111111111111,1,-0.0034856465267628645,1.1030526983368816e-05,0.0008989879491492214
1684684800015,2.497e-05,8.0,27.40740740740741,2,-0.0010183581189153745,0.00520248169445936,-0.007986362856494456
1684713600028,2.428e-05,8.0,27.40740740740741,2,0.004531881063053023,0.006792281397680844,-0.002964005340749809
1684742400000,5.518e-05,8.0,48.888888888888886,4,0.0035199398792058467,0.02398200796821537,-0.01710237665014458
1684771200012,9.003e-05,8.0,71.11111111111111,7,0.0005616028806925133,0.021693287744393608,-0.013164632232701812
1684800000006,2.79e-05,8.0,29.259259259259256,2,0.0197331132205254,0.019116797358646354,-0.006526344751685231
1684828800014,0.0001,8.0,74.81481481481481,7,0.001359876100177626,-0.020684147190398794,-0.020074361478811253
1684857600008,7.379e-05,8.0,61.111111111111114,6,-0.0019615979478667667,-0.034074680836158056,-0.013957523859821186
1684886400000,9.078e-05,8.0,72.5925925925926,7,-0.020809716599190287,-0.028971659919028392,-0.013581646423751703
1684915200025,1.006e-05,8.0,16.666666666666664,1,-0.012332073309161418,-0.01996936267756977,0.00765382029777717
1684944000008,4.917e-05,8.0,43.7037037037037,4,0.004039276947110038,-4.463289444334162e-05,0.016648069627315243
1684972800000,1.449e-05,8.0,21.85185185185185,2,-0.011168370551969842,0.003652374043128015,0.016849841285724754
1685001600025,1.48e-06,8.0,12.592592592592592,1,0.0077479280758374625,0.021011616269524414,0.037907497160592385
1685030400016,6.605e-05,8.0,55.925925925925924,5,0.007292224602749586,0.02087238885913245,0.027891224781289026
1685059200000,0.0001,8.0,75.18518518518519,7,0.0056995679627782625,0.012152431594106394,0.05818655145674079
1685088000024,6.574e-05,8.0,55.55555555555556,5,0.0076105093314096095,0.00702677996156198,0.046747911515438556
1685116800012,3.794e-05,8.0,37.407407407407405,3,-0.0017926142108398713,-0.00409350013389953,0.031764249370125563
1685145600012,6.425e-05,8.0,55.55555555555556,5,0.0012154726381778946,0.000766514276328234,0.035615538339401454
1685174400018,4.565e-05,8.0,41.11111111111111,4,-0.003516216703943309,0.0094549590686126,0.0380549798487424
1685203200008,-3.23e-05,8.0,1.8518518518518516,0,0.003078628501185232,0.011013916937395729,0.041361181842128225
1685232000017,-1.2e-06,8.0,11.851851851851853,1,0.009907815192712777,0.04495445468720094,0.039374128073966785
1685260800015,-1.086e-05,8.0,5.9259259259259265,0,-0.0019772909488829926,0.029708119352531925,0.012150859173546635
1685289600000,2.481e-05,8.0,29.259259259259256,2,0.036828594532695824,0.02444928063215368,0.008363227847757893
1685318400000,0.0001,8.0,75.18518518518519,7,-0.005255306341437893,-0.009458504540814983,-0.01906880577874326
1685347200020,0.0001,8.0,74.81481481481481,7,-0.006812920875420847,-0.0013362794612794548,-0.02471590909090915
1685376000011,0.0001,8.0,74.44444444444444,7,0.0019334163201525367,0.00516990226977776,-0.013152528008051445
1685404800003,0.0001,8.0,74.07407407407408,7,0.0035738831615119704,0.00439862542955316,-0.016108908273856692
1685433600000,0.0001,8.0,73.70370370370371,7,0.00012638297200084914,-0.01640872253145098,-0.006919467717049654
1685462400003,4.386e-05,8.0,41.11111111111111,4,0.0011646228677124615,-0.02092105332497185,-0.0038047860203096473
1685491200013,7.951e-05,8.0,64.44444444444444,6,-0.016543672558452793,-0.013222305271025636,0.003184512216946933
1685520000000,5.35e-06,8.0,15.185185185185185,1,-0.005262791581674975,-0.007784434343596547,0.018101219061692042
1685548800000,4.873e-05,8.0,44.44444444444444,4,0.008622174381054837,0.002362755651238002,0.02386437029063515
1685577600008,6.731e-05,8.0,58.14814814814815,5,-0.011137782045127276,-0.007291833360004274,0.008870752653757918
1685606400012,9.125e-05,8.0,73.33333333333333,7,0.004962725615216268,0.01736414538628339,0.02479744527516159
1685635200000,0.0001,8.0,74.81481481481481,7,-0.0008966972546029517,0.015533803338720675,0.020591820188037957
1685664000000,4.67e-05,8.0,41.85185185185185,4,0.013505524743110175,0.024415280106625525,0.014236424609828546
1685692800006,0.0001,8.0,74.44444444444444,7,0.0023223630839710463,0.008202501577404098,-0.007306429976511208
1685721600012,8.252e-05,8.0,66.2962962962963,6,0.008188786440892937,0.0059299932818095424,-0.052401885325250475
1685750400000,0.0001,8.0,74.07407407407408,7,-0.0023660257587283517,-0.00808435852372591,-0.05033182068567532
1685779200011,7.857e-05,8.0,62.96296296296296,6,6.310873635273495e-05,-0.0008887813703010172,-0.04635336685108449
1685808000003,9.5e-06,8.0,17.037037037037038,1,-0.005400715187210747,-0.0006205300799325686,-0.029953723180479508
1685836800000,2.827e-05,8.0,30.74074074074074,3,0.004923998011360675,-0.0018669938754138915,-0.004014301278864263
1685865600000,4.801e-05,8.0,42.592592592592595,4,0.0003631483382016132,-0.01485224073050706,-0.0131891266019315
1685894400000,8.077e-05,8.0,64.44444444444444,6,-0.007118280248745168,-0.04913875648431665,-0.03406567968264995
1685923200005,2.94e-06,8.0,14.074074074074074,1,-0.007774656844559913,-0.040494991785468226,-0.029551115586411547
1685952000000,2.308e-05,8.0,27.40740740740741,2,-0.03445291506173109,-0.03138105490349019,-0.01627284529043771
1685980800000,7.505e-05,8.0,61.111111111111114,6,0.0015879690595019813,0.019780450828289053,0.026065931147432275
1686009600000,-4.896e-05,8.0,1.4814814814814816,0,0.0015909756326613067,0.04029366758552877,0.019367918639273896
1686038400009,1.99e-06,8.0,13.703703703703704,1,0.017260965952331064,0.034097301112863576,0.012159881765140712
1686067200013,8.581e-05,8.0,67.4074074074074,6,0.019890059849076103,-0.004504944054124493,-0.0023907103825137055
1686096000000,0.0001,8.0,73.70370370370371,7,-0.004333165175371079,-0.027193797626317573,-0.023290762817619437
1686124800016,0.0001,8.0,73.33333333333333,7,-0.020712788707157315,-0.018536985979937803,-0.07881418751366542
1686153600000,2.658e-05,8.0,30.74074074074074,3,-0.0022058943676163123,0.010054520994123184,-0.05391641566675198
1686182400006,6.055e-05,8.0,52.22222222222223,5,0.0050624201317213124,0.007705582314841974,-0.04383061917712461
1686211200000,5.971e-05,8.0,51.48148148148148,5,0.007103406702618331,-0.003361627483884133,-0.048425900280769096
1686240000000,6.27e-05,8.0,52.59259259259259,5,-0.004950254792526088,-0.00822885491655212,-0.061586993448192184
1686268800000,7.287e-05,8.0,60.74074074074074,6,-0.0054680344881777865,-0.003240718160485989,-0.050372032277119394
1686297600000,9.72e-06,8.0,17.40740740740741,1,0.002185071764077673,-0.05828856025022067,-0.05399470351682134
1686326400000,7.382e-05,8.0,61.111111111111114,6,5.437176148181955e-05,-0.055562503058411594,-0.05879762286658807
1686355200000,6.01e-05,8.0,50.74074074074074,5,-0.060392868987489745,-0.048921051057745135,-0.05309657530895062
1686384000000,5.325e-05,8.0,45.55555555555556,4,0.0050861874424983355,0.013881414874349796,0.011202342307937041
1686412800000,1.875e-05,8.0,23.333333333333332,2,0.007086931491076642,0.0018652849740932176,-0.003874496257915916
1686441600001,1.783e-05,8.0,22.59259259259259,2,0.00045120168144019424,0.0003084163392121919,-0.006710911084711668
1686470400000,6.332e-05,8.0,53.70370370370371,5,-0.006825704828215984,-0.009194155918274216,-0.0068542403835178956
1686499200000,2.351e-05,8.0,27.40740740740741,2,0.006941571277524927,-0.005280880798050891,-0.00045396037328182537
1686528000000,7.802e-05,8.0,63.70370370370371,6,-0.009262006939371847,-0.006100483929875722,-0.05886481921110287
1686556800000,9.417e-05,8.0,72.96296296296296,7,-0.0029030753013956634,0.006612560408734591,-0.05588995962190901
1686585600001,2.839e-05,8.0,31.48148148148148,3,0.006132983427649785,8.092532326786639e-05,-0.051618795484366986
1686614400000,7.468e-05,8.0,62.96296296296296,6,0.003410598117854935,-0.0016249145915034902,-0.044418159999540685
1686643200000,4.944e-05,8.0,43.333333333333336,4,-0.009899460393575032,-0.004223006803733109,-0.04381512614659211
1686672000000,5.417e-05,8.0,47.77777777777778,4,0.004929866437030084,0.005305530350754539,-0.02935380027394563
1686700800000,9.312e-05,8.0,74.44444444444444,7,0.0007994018863584085,-0.05154704393834819,-0.01176673567977915
1686729600000,1.378e-05,8.0,21.11111111111111,2,-0.0004252409219682729,-0.05811434383601799,0.0023790505634442294
1686758400000,2.759e-05,8.0,30.74074074074074,3,-0.05190146310615418,-0.05655235850412499,-0.006760757710770671
1686787200000,-7.479e-05,8.0,0.0,0,-0.006130356482351829,0.00915612095781504,0.04720556401098719
1686816000000,-8.236e-05,8.0,0.0,0,0.0012324137005357283,0.01948677900747997,0.05566605249350243
1686844800000,3.041e-05,8.0,34.074074074074076,3,0.014130938162673301,0.023399224900675142,0.05861993321471237
1686873600000,-8.034e-05,8.0,0.3703703703703704,0,0.004043815005978502,0.03248871877760218,0.03323379019029371
1686902400000,-5.17e-05,8.0,1.4814814814814816,0,0.005074805505685287,0.04388390185517643,0.031178934769598987
1686931200000,-1.294e-05,8.0,6.666666666666667,0,0.02313811417819789,0.028705313549431954,0.023995522423607252
1686960000000,6.711e-05,8.0,60.0,5,0.015125062560378044,0.00505138680354289,0.010347195549192723
1686988800000,0.0001,8.0,79.25925925925927,7,-0.009539479341638235,-0.008043202834326024,-0.008777008937528974
1687017600000,-1.45e-06,8.0,12.222222222222221,1,-0.0003878010522720965,0.005550764315357393,0.002048978694094483
1687046400000,-7.19e-06,8.0,8.518518518518519,0,0.0018992252550635857,-0.004307998749290665,0.036328473323991695
1687075200000,-8.65e-06,8.0,8.148148148148149,0,0.004033982546379322,-0.004161128128070346,0.047361729179911105
1687104000000,5.296e-05,8.0,51.11111111111111,5,-0.010188340394179485,-0.01007321790384974,0.06368576165039608
1687132800000,3.436e-05,8.0,38.148148148148145,3,0.0020470114795472227,0.009618627804463875,0.09840193535630792
1687161600000,5.597e-05,8.0,54.81481481481482,5,-0.0019267599094654475,0.0034356682723000187,0.10881550693517505
1687190400000,2.962e-05,8.0,36.2962962962963,3,0.009501215271720653,0.006657828326879001,0.09063950040121416
1687219200001,3.35e-05,8.0,37.77777777777778,3,-0.003722313135270938,0.031403415769700516,0.07939590199829438
1687248000000,-2.167e-05,8.0,4.074074074074074,0,0.0012781807035200377,0.04813709500179297,0.08718811812471805
1687276800000,2.359e-05,8.0,31.11111111111111,3,0.03380833280384454,0.06740294472715935,0.109101621390572
1687305600000,0.0001,8.0,80.37037037037037,8,0.012565930627570276,0.05533144108707311,0.05648243339889136
1687334400000,1.018e-05,8.0,20.74074074074074,2,0.019682714857221617,0.05426955442129944,0.03866464339908959
1687363200000,-2.36e-06,8.0,11.851851851851853,1,0.02211675830122517,0.015011472358110733,0.01335555651759801
1687392000000,0.0001,8.0,80.37037037037037,8,0.011547075111579375,-0.009323429285415519,-0.007073311485130684
1687420800001,0.0001,8.0,80.37037037037037,8,-0.01805851356089183,-0.016881125687463694,-0.00016745071977641857
1687449600000,0.0001,8.0,80.37037037037037,8,-0.002388492583943802,0.023698324856317177,0.005352782487231034
1687478400000,0.0001,8.0,80.37037037037037,8,0.004590686091129559,0.010512083284344609,0.0144561185989589
1687507200000,0.0001,8.0,80.0,7,0.021460072242880823,0.0013565489394979924,0.006745506099150367
1687536000000,4.288e-05,8.0,44.074074074074076,4,-0.015238710282223455,-0.024743374077526803,-0.01630114941331484
1687564800000,0.0001,8.0,79.62962962962963,7,-0.004511198667266014,-0.008155062538011904,-0.017262077901472828
1687593600000,0.0001,8.0,79.25925925925927,7,-0.005163840367206407,0.015119639593693002,-0.004149135109864366
1687622400000,3.414e-05,8.0,37.77777777777778,3,0.001511267756061141,0.006995621061625545,-0.001463206237317105
1687651200000,0.0001,8.0,78.88888888888889,7,0.018849010626896145,0.012157211946060453,0.0072410060626095785
1687680000000,0.0001,8.0,78.51851851851852,7,-0.013125529888317833,-0.00959294110258635,-0.031735730958038055
1687708800000,0.0001,8.0,78.14814814814814,7,0.00664474730869169,0.0016492549185977978,-0.014270562655777752
1687737600000,0.0001,8.0,77.77777777777779,7,-0.0030449418668970774,-0.021082798185678264,-0.036217950406431276
1687766400000,7.153e-05,8.0,63.70370370370371,6,-0.0019234325873868086,-0.009479774894977422,-0.023525060107268292
1687795200000,7.038e-05,8.0,62.59259259259259,6,-0.016200676616493936,-0.010032771956946407,-0.01935080818081225
1687824000000,4.477e-05,8.0,42.96296296296296,4,0.008771882618218596,0.01657509108227817,-0.003993090124366994
1687852800000,6.237e-05,8.0,55.18518518518518,5,-0.002480648276082853,-0.013000730857664067,0.006615062069554201
1687881600000,1.184e-05,8.0,20.74074074074074,2,0.010241408447691391,-0.0059202293219813296,-0.010129100574374439
1687910400000,0.0001,8.0,78.14814814814814,7,-0.020576915950683117,-0.03151386175827553,0.024324910932181476
1687939200000,2.202e-05,8.0,26.296296296296294,2,0.004675321867534166,-0.0011945041996822559,0.03757012982801311
1687968000000,3.873e-05,8.0,40.74074074074074,4,-0.015768322403283852,-0.0035130380516357196,0.03426422565217169
1687996800000,1.497e-05,8.0,22.962962962962962,2,0.010084832848678227,0.011648118591075063,0.05153923519251369
1688025600000,1.188e-05,8.0,20.74074074074074,2,0.00234316234922316,0.021093872603399566,0.03575351880211919
1688054400000,0.0001,8.0,77.77777777777779,7,-0.0007936250850312243,-0.0007234405537018818,0.03549717642231642
1688083200000,3.965e-05,8.0,41.85185185185185,4,0.01951599046893504,0.0454778770146802,0.04722848081089692
1688112000000,0.0001,8.0,78.14814814814814,7,-0.01907351172021987,0.017351119025284634,0.04371697643236816
1688140800001,0.0001,8.0,78.14814814814814,7,0.04441743639604612,0.03873494301301794,0.06362556041700418
1688169600000,0.0001,8.0,77.77777777777779,7,-0.007912308264770296,-0.005783065283003319,0.009865837019886747
1688198400000,0.0001,8.0,77.4074074074074,7,0.0014742270726433304,-0.0029432448623447627,0.01564347667543564
1688227200000,0.0001,8.0,77.03703703703704,7,0.0006710082809704421,-0.002325121717781209,0.016577545670175997
1688256000000,0.0001,8.0,76.66666666666667,7,-0.005078569683486078,0.007500896676837732,0.006206563154639078
1688284800000,0.0001,8.0,76.29629629629629,7,0.0020950888192268202,0.028944618599791028,0.011112852664576733
1688313600001,0.0001,8.0,75.92592592592592,7,0.009539447963093473,0.026449813641931774,-0.00933093543930974
1688342400000,0.0001,8.0,75.55555555555556,7,0.016097409968011567,0.00817769064080065,-0.015168713239087861
1688371200000,0.0001,8.0,75.18518518518519,7,-0.0008682847567786922,-0.010013201990453968,-0.022798821976236505
1688400000000,0.0001,8.0,74.81481481481481,7,-0.006931986237669552,-0.0067795231972517245,-0.04136830496673771
1688428800001,0.0001,8.0,74.81481481481481,7,-0.0018478611391218314,-0.007821417785535467,-0.057462850824883116
1688457600000,0.0001,8.0,74.44444444444444,7,0.0023952648639775642,-0.0073909564646506,-0.04825407246317348
1688486400000,0.0001,8.0,74.44444444444444,7,-0.009537697955842028,-0.02739529766930182,-0.04264333410085186
1688515200000,0.0001,8.0,74.44444444444444,7,-0.00022730677632498697,-0.01390187579751101,-0.035015575680241384
1688544000000,0.0001,8.0,74.07407407407408,7,-0.017806300929586016,-0.005565114945201399,-0.038521756654110284
1688572800000,0.0001,8.0,73.70370370370371,7,0.00420347115177222,-0.007638848701343126,-0.022232627143165318
1688601600000,0.0001,8.0,73.33333333333333,7,0.008225062866722643,-0.032014878457669704,-0.02298826487845762
1688630400000,0.0001,8.0,72.96296296296296,7,-0.01985450766432839,-0.03580150688490524,-0.030179267342166805
1688659200000,2.778e-05,8.0,30.74074074074074,3,-0.020463449416579627,-0.008100557178376544,-0.011726722826288616
1688688000000,7.449e-05,8.0,60.74074074074074,6,0.0042810211669706,0.010954218510681013,0.007620325920473681
1688716800000,3.362e-05,8.0,35.18518518518518,3,0.008304591506790304,0.002759215348135502,-0.00036645828842418737
1688745600000,2.585e-05,8.0,29.259259259259256,2,-0.0016461697158218769,-0.006659504759461532,-0.00010689413739106701
1688774400000,3.796e-05,8.0,37.407407407407405,3,-0.0038598876831572593,-0.0016114094211239216,0.006461698243510172
1688803200000,1.339e-05,8.0,20.37037037037037,2,-0.0011662152285136784,0.0030633303237457277,0.011404187626295137
1688832000000,-4.17e-06,8.0,8.518518518518519,0,0.0034274030830487856,0.0030238626886551767,0.006553496004950032
1688860800000,3.226e-05,8.0,33.7037037037037,3,0.0008043240460717804,-0.001689080496750539,0.007244278574952245
1688889600000,2.878e-05,8.0,32.96296296296296,3,-0.0012055164432442922,-0.006161528487693024,0.012762400745812696
1688918400000,3.18e-05,8.0,33.7037037037037,3,-0.001287436231674155,0.0035619069076318066,0.010154653277329784
1688947200000,2.726e-05,8.0,29.259259259259256,2,-0.0036792944348656986,0.009791757306219395,0.004855594407472408
1688976000000,4.524e-05,8.0,41.85185185185185,4,0.008566407176589852,0.014566665947857604,0.008011127164513798
1689004800000,7.179e-05,8.0,59.62962962962963,5,0.004912310710334156,-4.276222598764701e-05,0.03377681325201376
1689033600000,9.527e-05,8.0,71.11111111111111,7,0.0010319148936170919,-0.0008351063829786787,0.0659202127659575
1689062400000,7.653e-05,8.0,61.48148148148148,6,-0.00595661923334434,0.004410342518890165,0.05897637544236267
1689091200000,2.549e-05,8.0,27.037037037037038,2,0.004116040262357457,0.006612391953943142,0.06807502953392519
1689120000000,8.29e-05,8.0,65.18518518518519,6,0.0062871653455278675,-0.004056579164515073,0.030695847063771264
1689148800000,0.0001,8.0,72.96296296296296,7,-0.0037772981208735734,-0.0108240223463687,0.02680082952429319
1689177600000,7.32e-05,8.0,59.25925925925925,5,-0.0065264723063034324,0.027029897509426082,0.026897137698475904
1689206400000,-8.22e-06,8.0,7.037037037037037,0,-0.0005505636595912744,0.07115634404348925,0.03191665642155006
1689235200000,5.591e-05,8.0,49.629629629629626,4,0.03434628672891993,0.06586336360427425,0.029543582667479695
1689264000000,-4.55e-05,8.0,2.2222222222222223,0,0.03615822130299895,0.03313340227507755,0.0011168562564634055
1689292800000,0.0001,8.0,74.44444444444444,7,-0.005489213695089146,-0.033853477915895325,-0.042132210206943355
1689321600000,0.0001,8.0,74.44444444444444,7,0.0025841349169313244,-0.026107289267560785,-0.03263034828117395
1689350400000,0.0001,8.0,74.44444444444444,7,-0.03102478379244078,-0.03219590807174888,-0.045468649903907754
1689379200000,-1.31e-06,8.0,11.851851851851853,1,0.002484388638958057,-0.0028769323740115427,-0.01269569079949795
1689408000000,8.11e-05,8.0,66.2962962962963,6,-0.003683858004018825,-0.008181771343191313,-0.022149518264722556
1689436800000,8.792e-05,8.0,71.11111111111111,7,-0.001670329670329651,0.001246283128636172,-0.019775048480930812
1689465600001,5.641e-05,8.0,51.11111111111111,5,-0.0030970495165391076,-0.005873000253771576,-0.018230124244511425
1689494400000,4.632e-05,8.0,42.96296296296296,4,0.005786952862827377,0.0014960883523289503,-0.009168735909237391
1689523200000,4.081e-05,8.0,40.0,3,-0.00860466077183708,-0.014941946946533391,-0.015577225022725405
1689552000000,2.809e-05,8.0,31.48148148148148,3,0.004376139619692632,-0.004162542328731478,-0.016040635582182827
1689580800000,2.313e-05,8.0,25.555555555555554,2,-0.01072151045178693,-0.015555786088490065,-0.008293998651382362
1689609600000,3.963e-05,8.0,40.0,3,0.002244092217509097,-0.006145037567571787,-0.011262406736471275
1689638400000,6.696e-05,8.0,58.88888888888889,5,-0.007114794063332042,-0.00770594974653549,-0.010855292412804585
1689667200000,8.539e-05,8.0,71.85185185185186,7,-0.0012645488985252307,0.004984430241686821,-0.005058195594100923
1689696000000,7.161e-05,8.0,62.59259259259259,6,0.0006700043787688514,0.005534130656129399,-0.0029279718914698716
1689724800000,6.538e-05,8.0,57.77777777777777,5,0.005583146174042319,-0.004254578812513787,-0.003168527715391334
1689753600000,0.0001,8.0,78.51851851851852,7,-0.0007182665135762045,0.002380240855209159,-0.008451427882371965
1689782400001,9.161e-05,8.0,75.55555555555556,7,-0.009108079748163633,-0.010849947534102844,-0.009443861490031513
1689811200000,-2.41e-06,8.0,9.62962962962963,0,0.012283516262422634,0.0010853969111193074,-0.012193507738085807
1689840000000,9.217e-05,8.0,75.55555555555556,7,-0.013682652426108,-0.012343677265143294,-0.019226846451977364
1689868800000,0.0001,8.0,78.14814814814814,7,0.0026567678642450687,0.0022325334747448355,-0.00657563303725317
1689897600001,1.798e-05,8.0,22.22222222222222,2,-0.0015862692533430423,-0.00037012949244674687,-0.0017871966920999238
1689926400000,4.73e-06,8.0,14.074074074074074,1,0.000873797204908211,0.001556947746927273,-0.007641753737468893
1689955200000,7.376e-05,8.0,62.96296296296296,6,0.0004285804990582509,-0.001000021164469178,-0.02483121335901295
1689984000000,5.769e-05,8.0,52.59259259259259,5,0.00025386482755695994,-0.013269726090428757,-0.021991040687127428
1690012800000,-4.15e-06,8.0,8.148148148148149,0,-0.0016814276272306694,-0.008512888301387966,-0.021731658955717048
1690041600000,1.649e-05,8.0,21.48148148148148,2,-0.011858670494208301,-0.0077963211109757236,-0.016387104291683996
1690070400000,1.578e-05,8.0,21.48148148148148,2,0.005075897259980255,0.011850906907937109,-0.005006217572145366
1690099200000,3.411e-05,8.0,36.2962962962963,3,-0.0009599232061435758,-0.0006772791510012421,-0.0120737007706051
1690128000000,5.404e-05,8.0,49.629629629629626,4,0.0077081164758321385,-0.016184909386927182,-0.006992820348573403
1690156800000,0.0001,8.0,77.77777777777779,7,-0.007368404324633482,-0.02044718957087388,-0.008893997743393056
1690185600000,-8e-07,8.0,12.222222222222221,1,-0.016463167331953077,-0.012663564369116531,-0.0018624458343117212
1690214400000,7.167e-05,8.0,62.22222222222222,6,0.003342322154278543,0.007650445190799937,0.01343982463660387
1690243200000,8.389e-05,8.0,70.37037037037037,7,0.0005191462207778663,0.003866557790167535,0.005894472715080479
1690272000000,0.0001,8.0,77.4074074074074,7,0.0037726670810473983,0.0012755722508985823,0.004675296597573153
1690300800000,7.49e-05,8.0,64.44444444444444,6,-0.00042538756037546754,0.0016800116308497426,0.009143140221739898
1690329600000,9.056e-05,8.0,72.96296296296296,7,-0.0020631996293781762,0.007897260200179002,0.009055453203615782
1690358400001,6.753e-05,8.0,58.88888888888889,5,0.003863837502968037,0.008752995013706855,0.009745936494916618
1690387200000,9.889e-05,8.0,76.29629629629629,7,0.005778793172960706,0.004058594274962912,0.006402365273484811
1690416000000,0.0001,8.0,77.03703703703704,7,-0.0003260288615712925,-0.005831106360235205,0.004911811865312643
1690444800000,8.145e-05,8.0,67.77777777777779,6,-0.001384737942354386,-0.006196568630071897,0.0018071097471650255
1690473600001,3.967e-05,8.0,39.25925925925926,3,-0.003983402489626586,0.0033302101458974054,0.004738321509837995
1690502400000,4.95e-05,8.0,46.2962962962963,4,-0.0006935148299275218,0.007021165642522753,0.00015590643463503362
1690531200000,5.36e-05,8.0,48.51851851851852,4,0.008236496664514759,0.006622552184204933,0.0028728211749515786
1690560000000,9.408e-05,8.0,74.07407407407408,7,-0.0005122431447459608,-0.0010404938877652814,-0.009647245892717038
1690588800000,0.0001,8.0,76.66666666666667,7,-0.0010890745535596658,0.003758374929930808,-0.00958278835117321
1690617600000,1.485e-05,8.0,20.0,1,0.0005611642287199903,0.0014216160460902572,-0.02036758929191762
1690646400001,0.0001,8.0,76.29629629629629,7,0.004289163319374456,0.0023715921716092048,-0.020211947696778143
1690675200000,0.0001,8.0,75.92592592592592,7,-0.0034145485296699363,-0.010536169216940783,-0.0035421952036762683
1690704000000,1.949e-05,8.0,22.59259259259259,2,0.001302187568378299,-0.005139371427656525,-0.009590291231047599
1690732800000,3.686e-05,8.0,36.2962962962963,3,-0.008437221846168574,-0.010755725638388114,-0.01886782396426845
1690761600000,4.9e-07,8.0,11.481481481481481,1,0.0020210924649801676,-0.0027843773852653797,-0.011615906427719147
1690790400000,1.7e-06,8.0,12.222222222222221,1,-0.0043505316124325955,-0.016704753934790317,-0.017525507740834945
1690819200001,4.221e-05,8.0,40.74074074074074,4,-0.00014011564930127562,-0.011473316052403204,-0.008724893700723713
1690848000000,8.008e-05,8.0,66.66666666666666,6,-0.011966364812419195,0.009880336351875796,-0.011044631306597719
1690876800000,3.03e-05,8.0,32.96296296296296,3,0.0005673758865247791,0.01243862520458272,0.002209492635024457
1690905600000,0.0001,8.0,75.55555555555556,7,0.02153170050816766,0.0036913044426512,0.007066367145754704
1690934400000,0.0001,8.0,75.55555555555556,7,-0.009463419320747457,-0.0185532123851766,-0.023703917204421665
1690963200000,0.0001,8.0,75.55555555555556,7,-0.008077379027912501,-0.013110248949240177,-0.01381614398103237
1690992000000,0.0001,8.0,75.55555555555556,7,-0.0011082077998272322,-0.00065731933225055,-0.0043404805493234555
1691020800000,0.0001,8.0,75.18518518518519,7,-0.003970045193254168,-0.0022079977376180393,-0.001723978529125536
1691049600000,0.0001,8.0,74.81481481481481,7,0.004439057150813275,0.003046732952218578,0.001179380497632998
1691078400001,0.0001,8.0,74.44444444444444,7,-0.0018212262561025927,0.004044753237433474,-0.006083439345010988
1691107200000,0.0001,8.0,74.44444444444444,7,0.0012754059224617809,-0.0030468030369923405,-0.002959595794430725
1691136000000,4.83e-05,8.0,45.18518518518518,4,0.005416292425355795,-0.0037505783729347986,-0.0006695517269535989
1691164800000,0.0001,8.0,74.81481481481481,7,-0.00968056307525722,-0.0076773145641581,-0.01801299404439627
1691193600000,6.861e-05,8.0,58.14814814814815,5,0.0005685794261722776,0.0035426871938417648,-0.0007216585024492073
1691222400000,9.22e-05,8.0,72.22222222222221,7,0.001453424837172701,0.0018960090921011918,-0.00029505616995251227
1691251200001,0.0001,8.0,74.44444444444444,7,0.001462219627570427,-0.0025097799577701307,0.005286906041476858
1691280000000,0.0001,8.0,74.07407407407408,7,-0.0010732185661362914,-0.003443015907605096,0.010960993680540598
1691308800001,6.951e-05,8.0,57.407407407407405,5,-0.0030210986110580373,0.0010906493180715682,0.015356342398446854
1691337600005,4.934e-05,8.0,44.44444444444444,4,0.0006344934718280903,-0.006333995175661689,0.012684399665249924
1691366400000,0.0001,8.0,73.70370370370371,7,0.003575177118866346,-0.0008090614886731018,0.01377044520248405
1691395200000,9.331e-05,8.0,71.85185185185186,7,-0.012032770097286205,-0.0033772374197906796,0.007969190879280053
1691424000000,0.0001,8.0,73.70370370370371,7,0.0077574942246090295,0.015983635932580897,0.02140891973998338
1691452800000,6.695e-05,8.0,54.074074074074076,5,0.0009957325746798862,0.015275194222562627,0.012889812889812946
1691481600000,0.0001,8.0,73.33333333333333,7,0.007159956712322835,0.017555557984718195,0.0103737388091516
1691510400000,4.942e-05,8.0,44.074074074074076,4,0.007054788573413129,0.004878657636537387,0.0012698619432143232
1691539200000,0.0001,8.0,72.96296296296296,7,0.0032440238829134493,-0.0006735929989437617,-0.004003836785722026
1691568000000,1.575e-05,8.0,19.25925925925926,1,-0.005387433261357599,-0.006064219493592038,-0.00632204282015747
1691596800000,6.699e-05,8.0,54.074074074074076,5,0.0014905141733856375,0.0004590351620934463,-0.0007452570866929298
1691625600001,8.799e-05,8.0,67.77777777777779,6,-0.002506373735359335,-0.002107509958119369,-0.0033041012898391564
1691654400000,9.807e-05,8.0,72.22222222222221,7,0.0011402631792265527,-0.0009997568159096915,-0.000778189089140513
1691683200000,8.989e-05,8.0,67.4074074074074,6,-0.000647752299520743,-0.0040484518720041995,-0.0032171697542859867
1691712000000,3.796e-05,8.0,33.7037037037037,3,-0.0014907959554057992,-0.001658240428657809,-0.006416904329789919
1691740800000,7.02e-06,8.0,13.333333333333334,1,-0.0019149626744563442,0.0007411013740128425,0.0003948934328681375
1691769600000,4.072e-05,8.0,36.2962962962963,3,0.0017506205760247084,0.0028562756766716824,0.004460559548199017
1691798400000,6.253e-05,8.0,49.629629629629626,4,0.0009089482711046593,0.0004652949483037183,-0.0021425209247466492
1691827200000,4.437e-05,8.0,37.77777777777778,3,0.00019459775023378256,-0.0005189273339567535,-0.0039027659907998613
1691856000000,6.868e-05,8.0,54.81481481481482,5,-0.0006377240816501928,-0.0020158566309793624,-0.005739516734852623
1691884800000,5.65e-05,8.0,46.666666666666664,4,-7.571046156351624e-05,-0.00522942973798779,-0.011497174377416597
1691913600000,3.083e-05,8.0,28.888888888888886,2,-0.001303400197943838,0.00017306558644891723,-0.01222816534253457
1691942400000,9.458e-05,8.0,71.48148148148148,7,-0.0038557348640744227,0.003622874472002602,-0.01453482075165169
1691971200001,0.0001,8.0,72.5925925925926,7,0.005518253730937506,0.0026096175279310962,-0.017946557207709213
1692000000000,0.0001,8.0,72.22222222222221,7,0.00214131604418899,-0.0035580453461523387,-0.027123336559726985
1692028800000,9.882e-05,8.0,71.48148148148148,7,-0.004834645414371175,-0.007327509456156345,-0.0614420840775054
1692057600001,7.579e-05,8.0,58.88888888888889,5,-0.0010031721931513804,-0.008611013203915108,-0.08876718271290296
1692086400000,9.894e-05,8.0,71.85185185185186,7,-0.0016497083163750093,-0.008872608872608878,-0.08343508343508343
1692115200000,8.909e-05,8.0,65.18518518518519,6,-0.0064249256676323085,-0.010844100428871961,-0.09787412146479602
1692144000000,7.286e-05,8.0,54.81481481481482,5,-0.000815147519817927,-0.011220587672124638,-0.09173418531749722
1692172800001,9.487e-05,8.0,70.0,6,-0.0030881265912885425,-0.014882141977167529,-0.09050839105319353
1692201600000,0.0001,8.0,71.85185185185186,7,-0.006803094913614971,-0.04414867894667429,-0.07625181342594622
1692230400000,0.0001,8.0,71.48148148148148,7,-0.004542486914760557,-0.07076541734444342,-0.07674645066339125
1692259200000,7.426e-05,8.0,55.925925925925924,5,-0.033209757832778464,-0.06123379113702432,-0.0746288566394504
1692288000000,7.146e-05,8.0,51.85185185185185,5,-0.03445976244955218,-0.04586011429097059,-0.03969714042611916
1692316800000,-0.00017498,8.0,0.0,0,0.005668421177983607,-0.011473789506275756,0.0027270345583156885
1692345600000,8.602e-05,8.0,63.33333333333333,6,-0.017377146240378893,-0.016802841918294953,-0.010899940793368867
1692374400000,2.951e-05,8.0,25.555555555555554,2,0.00033742054047536385,0.012864158105624579,-0.0014701894977856567
1692403200000,-4.58e-05,8.0,2.2222222222222223,0,0.0002469567102956205,0.0050957409002476695,0.004192240740629183
1692432000000,-7.861e-05,8.0,1.1111111111111112,0,0.012272524719683098,0.002577350628078845,0.0034324529392637526
1692460800000,-8.349e-05,8.0,0.3703703703703704,0,-0.0073349196906602465,-0.006323616894705619,-0.019060083283759632
1692489600000,-0.00011445,8.0,0.3703703703703704,0,-0.0022592843402230445,0.009222914057303022,-0.020525328555076827
1692518400000,-9.092e-05,8.0,0.7407407407407408,0,0.0032854826115682467,0.003417622680040644,-0.01227701363445255
1692547200000,-1.625e-05,8.0,5.185185185185185,0,0.008195788956937733,-0.0078784939863622,-0.008123948586241325
1692576000000,-4.01e-05,8.0,4.444444444444445,0,-0.007998527368383579,-0.010029333871714674,-0.002992767478593339
1692604800000,-4.365e-05,8.0,4.444444444444445,0,-0.008009146469211359,-0.0025559832155106488,0.0020411950269068058
1692633600000,5.92e-06,8.0,13.703703703703704,1,0.006010101314860572,-0.004978246571044065,-0.009075494354970126
1692662400000,3.645e-05,8.0,31.48148148148148,3,-0.0005098460265000604,-0.019644067491617512,-0.003922815309776451
1692691200000,-6.552e-05,8.0,2.9629629629629632,0,-0.010418166978731547,-0.013118728695568627,-0.00931393729895813
1692720000000,-3.757e-05,8.0,5.555555555555555,0,-0.008817679021928981,0.004754511934795147,-0.0018435862604307962
1692748800000,-2.059e-05,8.0,6.666666666666667,0,0.006142851898532697,0.027287967597068086,0.011551498390866444
1692777600000,-1.6e-06,8.0,10.74074074074074,1,0.007503983070430431,0.017963343589993075,0.004135096019362017
1692806400000,3.34e-06,8.0,14.074074074074074,1,0.013411395461129905,-0.008830275229357754,-0.0037361178174795118
1692835200000,2.659e-05,8.0,25.185185185185183,2,-0.0029898393110266985,-0.010952817715095597,-0.019648366308918308
1692864000000,-9.57e-06,8.0,8.148148148148149,0,-0.019014336917562713,-0.013859020310633241,-0.015710872162485012
1692892800000,-1.897e-05,8.0,7.037037037037037,0,0.011241223503047904,0.0022835638210416676,0.007788475005632733
1692921600000,-2.692e-05,8.0,6.296296296296296,0,-0.0059194402124496115,-0.004413987462589586,-0.0021016120388045456
1692950400000,-1.529e-05,8.0,8.148148148148149,0,-0.00295614247637499,0.00027865277441252445,-0.0062030530651805416
1692979200000,4.98e-06,8.0,16.296296296296298,1,0.004483814523184471,0.0028494702051131693,0.0009356469330221717
1693008000000,3.56e-05,8.0,34.074074074074076,3,-0.0012338958446742598,-0.004397266073912776,-0.00030847396116862047
1693036800000,-5.5e-07,8.0,13.333333333333334,1,-0.000393638797039908,-0.0021559294114796845,-0.003130942431839978
1693065600000,-6.303e-05,8.0,3.3333333333333335,0,-0.0027747317658319837,0.0026353893409103435,0.03874931086083322
1693094400000,3.99e-06,8.0,15.555555555555555,1,0.001014562310529099,0.006749573215555138,0.05010844273798165
1693123200000,1.535e-05,8.0,21.11111111111111,2,0.004406141894762294,-0.0043333131031134675,0.04164593069126665
1693152000000,2.696e-05,8.0,27.40740740740741,2,0.0013172523807223335,-0.004531831585053436,0.02874389713346548
1693180800000,-1.76e-06,8.0,11.851851851851853,1,-0.010005189664120229,-0.0026250045258700005,0.028169014084507005
1693209600001,-4.85e-05,8.0,4.444444444444445,0,0.004221516943938575,0.002637686633081504,0.03933381660463331
1693238400001,5.739e-05,8.0,48.51851851851852,4,0.002584136073568999,0.03969014631305656,0.02332395118045283
1693267200000,3.145e-05,8.0,32.96296296296296,3,-0.004053751535282757,0.04581344272412102,-0.004676940204139668
1693296000000,1.139e-05,8.0,19.62962962962963,1,0.04160161352052438,0.042664738866040164,-6.682502171806437e-05
1693324800000,-0.0001273,8.0,0.3703703703703704,0,0.008130318388867241,-0.007022168823670016,-0.04702053576115284
1693353600000,7.488e-05,8.0,60.74074074074074,6,-0.0070523167352228855,-0.014283978686845944,-0.05783593962430067
1693382400000,7.249e-05,8.0,57.407407407407405,5,-0.008034632236412764,-0.00589050992821849,-0.04956534911904531
1693411200000,4.644e-05,8.0,42.592592592592595,4,0.0007576958996315941,-0.008499116021450481,-0.037796690807210376
1693440000000,3.628e-05,8.0,36.666666666666664,3,0.0014027303353640885,-0.03448721109037334,-0.03967555258184541
1693468800000,5.955e-05,8.0,49.629629629629626,4,-0.010637612017278086,-0.03530046125623454,-0.04160683620421868
1693497600000,2.375e-05,8.0,27.037037037037038,2,-0.02547302820989772,-0.03205454782412942,-0.033002381431939676
1693526400000,3.532e-05,8.0,36.666666666666664,3,0.0005592501185367471,-0.010042186911115691,-0.006011938774269532
1693555200000,-1.812e-05,8.0,8.518518518518519,0,-0.007308715780264596,-0.008949075930448691,-0.004544405156806319
1693584000001,2.457e-05,8.0,27.77777777777778,2,-0.0027198882640496747,0.0034427414513420462,-0.0042574827556634
1693612800000,8.05e-06,8.0,18.88888888888889,1,0.0016640672012968594,0.004715880481904078,0.00036842816264881506
1693641600000,-1.621e-05,8.0,9.25925925925926,0,0.004248275862068995,0.0024337164750958262,-0.004236015325670528
1693670400000,6.05e-06,8.0,18.88888888888889,1,-0.0011964497185901202,-0.003558827479275828,-0.0009095459595405142
1693699200000,1.39e-05,8.0,22.59259259259259,2,-0.0006111647577954349,-0.0006417229956851012,-0.0019251689870556365
1693728000000,-2.475e-05,8.0,7.4074074074074066,0,-0.0017551155196243728,0.0020058463081420452,-0.004219615709201263
1693756800000,-6.21e-06,8.0,12.222222222222221,1,0.0017275706803077107,-0.003957484608080208,-0.006444696296750041
1693785600000,-7.5e-07,8.0,15.925925925925927,1,0.002036485503036367,-0.003687689964957719,-0.0018346716243571315
1693814400000,-7.752e-05,8.0,2.9629629629629632,0,-0.007696063472688364,-0.008642050656087918,-0.0020994812328349877
1693843200000,9.8e-06,8.0,20.74074074074074,2,0.001998905214990021,0.006642515791351222,0.0024048367355724576
1693872000000,3.126e-05,8.0,35.55555555555556,3,-0.002946339786636054,0.0024123157003079765,0.010655928894999667
1693900800000,2.9e-06,8.0,17.40740740740741,1,0.0076030880234434495,0.002450225937919326,0.013039142051540997
1693929600000,9.77e-06,8.0,21.11111111111111,2,-0.002211781094770604,-0.00907930029510784,-0.0058960462885457865
1693958400000,2.88e-05,8.0,34.074074074074076,3,-0.0029086322080498217,-0.0005511092604725265,0.0018554011769245093
1693987200000,-3.144e-05,8.0,7.037037037037037,0,-0.0039857030559103945,0.004139235531099628,0.0034391274442371333
1694016000001,5.701e-05,8.0,52.59259259259259,5,0.006127707842726204,0.0044262517415265545,0.007360647046493973
1694044800000,4.502e-05,8.0,46.2962962962963,4,0.0017706488907405227,0.008779722700454018,0.0017032539502626065
1694073600000,7.831e-05,8.0,66.2962962962963,6,-0.0032170073269482957,0.0063973187528285624,-0.006843785549154213
1694102400000,4.354e-05,8.0,45.18518518518518,4,0.010246656031414947,-0.0016934593201619608,-0.006497729782795392
1694131200000,5.596e-05,8.0,51.85185185185185,5,-0.0005952019435165878,-0.006316428788338935,-0.01789249924081382
1694160000000,2.685e-05,8.0,31.48148148148148,3,-0.011230492488696564,-0.00704944333706059,-0.020528465166026577
1694188800000,2.497e-05,8.0,30.37037037037037,3,0.005568394139050081,0.004480529058904503,-0.03996828596715507
1694217600000,5.008e-05,8.0,50.0,4,-0.0013324368926104224,-0.0007028910213311423,-0.05197726300348382
1694246400000,2.832e-05,8.0,33.33333333333333,3,0.0002509302781041889,-0.00615085193889553,-0.03344104974539763
1694275200000,4.629e-05,8.0,47.40740740740741,4,0.0003793603495010345,-0.009251497555573196,-0.019377971401124516
1694304000000,3.947e-05,8.0,42.592592592592595,4,-0.0067769656564421465,-0.010954463439248996,-0.025780604911465277
1694332800000,1.527e-05,8.0,25.185185185185183,2,-0.00286968784447017,-0.0074698097754130055,-0.025186745244385245
1694361600000,7.75e-06,8.0,20.74074074074074,2,-0.0013401597075117788,-0.0353258687878657,-0.006886074073159221
1694390400000,4.838e-05,8.0,49.25925925925926,4,-0.0032775936278631734,-0.04080294859743727,-0.006753079701182441
1694419200000,5.747e-05,8.0,55.55555555555556,5,-0.030854852519637155,-0.020139724769503764,0.004864308139029827
1694448000001,-6.25e-06,8.0,12.592592592592592,1,-0.006982042519422915,0.025329903108960883,0.04619923459918862
1694476800000,-4.991e-05,8.0,4.814814814814815,0,0.018194009258184707,0.026910628860263408,0.04799298544221364
1694505600000,-2.671e-05,8.0,8.148148148148149,0,0.014804214578795438,0.0023365077756953845,0.02978572514057043
1694534400000,-1.44e-06,8.0,16.666666666666664,1,-0.006152271848052671,0.003369398375201227,0.010220508404777062
1694563200000,2.004e-05,8.0,29.259259259259256,2,-0.006171521848317374,0.008362631843294777,0.030706931190356723
1694592000000,-3.26e-05,8.0,7.037037037037037,0,0.015849952936568545,0.02312741239568661,0.03356349141171333
1694620800000,3.87e-05,8.0,43.333333333333336,4,-0.0012064226459211902,0.016193425618447055,0.015969553374874046
1694649600000,-3.64e-05,8.0,6.666666666666667,0,0.008380444798645303,0.01206634622568692,0.017090877393968196
1694678400001,3.172e-05,8.0,37.77777777777778,3,0.009460001852480637,0.004198956435826906,0.004618852079409708
1694707200000,-5.6e-06,8.0,13.333333333333334,1,-0.00526283581176179,-0.00921608224710846,-0.0034453215837463302
1694736000000,7.26e-06,8.0,21.48148148148148,2,0.000504460166102616,0.009972316210396848,-0.002110119963088297
1694764800000,-2.473e-05,8.0,8.148148148148149,0,-0.004476363815239304,0.006013576663879139,0.004334940233164497
1694793600000,3.877e-05,8.0,44.44444444444444,4,0.014002124715881026,0.009079454491550676,0.02283451922126689
1694822400000,0.0001,8.0,76.29629629629629,7,-0.003417168683872429,-0.004958244756991248,-0.0036790907042046905
1694851200000,9.3e-06,8.0,22.22222222222222,2,-0.0014424546176883268,-0.005580343499785978,-6.723305421418857e-05
1694880000000,2.24e-06,8.0,17.77777777777778,1,-0.00010405572490124193,-0.0032257274719355022,0.012590742713038727
1694908800000,2.272e-05,8.0,29.629629629629626,2,-0.004040230905317799,-0.00703979627441742,0.005093139565491622
1694937600000,-9.41e-06,8.0,11.481481481481481,1,0.0009219592248166375,0.003933692692551061,0.003939839087383268
1694966400000,4.182e-05,8.0,47.03703703703704,4,-0.003930069328879293,0.016911579580833447,-0.00013509613318019031
1694995200000,6.22e-06,8.0,21.11111111111111,2,0.006966407121764107,0.008384348394335772,-0.00046853711615402194
1695024000000,1.365e-05,8.0,25.925925925925924,2,0.013860913326435575,0.0016040456234656109,-0.009734475348512461
1695052800000,2.976e-05,8.0,37.03703703703704,3,-0.012282534525757671,-0.001026563849252149,-0.044166399961352965
1695081600000,-1.298e-05,8.0,10.74074074074074,1,0.00019563848453540977,0.0038027230431565417,-0.03207248405852037
1695110400001,-1.248e-05,8.0,11.11111111111111,1,0.011332795422871023,-0.0015953935304042766,-0.025043399594122162
1695139200000,1.153e-05,8.0,24.814814814814813,2,-0.00750766180461937,-0.015752791193911597,-0.03732674045372386
1695168000000,4.614e-05,8.0,50.0,4,-0.005183051239729841,-0.01253433543051008,-0.030099458550816527
1695196800000,2.387e-05,8.0,31.851851851851855,3,-0.0031407265914852323,-0.009740538025444168,-0.023968702935018182
1695225600000,2.909e-05,8.0,37.03703703703704,3,-0.004262244741286669,-0.027870413020113727,-0.023841547673882912
1695254400001,3.804e-05,8.0,44.44444444444444,4,-0.002356715405022025,-0.022524523412918773,-0.01731137022641749
1695283200000,7.655e-05,8.0,68.51851851851852,6,-0.021391432298589863,-0.014114635820138832,-0.016235231565345898
1695312000000,-6.38e-06,8.0,12.592592592592592,1,0.00021479969928051013,0.006121791429491985,0.004352852729535561
1695340800000,2.241e-05,8.0,31.11111111111111,3,0.007219509730231666,0.005848876649338974,-0.0021538519842598802
1695369600000,2.865e-05,8.0,37.03703703703704,3,-0.001304369638288394,-0.0002571113229318245,-0.00855992575126685
1695398400000,3.523e-05,8.0,42.96296296296296,4,-5.651278444762653e-05,-0.0019653890591249112,-0.004910333048676274
1695427200000,2.817e-05,8.0,36.666666666666664,3,0.0011052013538717098,0.00027002078532101237,-0.0029513899790891696
1695456000000,2.963e-05,8.0,39.25925925925926,3,-0.0030108579063246044,-0.0018943314327293237,-0.004045840311623805
1695484800000,2.321e-05,8.0,32.22222222222222,3,0.0021831725838823424,0.00020762160019627274,-0.005165373750338209
1695513600000,2.991e-05,8.0,40.370370370370374,4,-0.0010609580011300412,-0.00822399397325646,-0.00013811287588672005
1695542400000,-5.58e-06,8.0,14.074074074074074,1,-0.0009112562138247071,-0.0064227851760609855,-5.027620490061224e-05
1695571200000,4.671e-05,8.0,55.18518518518518,5,-0.006265096618357502,-0.0031577093397745504,0.006353160225442744
1695600000000,2.857e-05,8.0,38.148148148148145,3,0.0007532599063173606,0.005044942397771868,0.011090011393847243
1695628800000,4.305e-05,8.0,52.22222222222223,5,0.0023719315112682438,0.0042947773230697095,0.02379521692104314
1695657600000,5.13e-05,8.0,58.14814814814815,5,0.0019119855623004334,-0.0022211845476229897,0.043843154082057634
1695686400000,6.471e-05,8.0,62.59259259259259,6,6.298141418392689e-06,0.0030923874364674475,0.04055373259351169
1695715200000,1.558e-05,8.0,28.51851851851852,2,-0.004131554749398525,0.0021098640869643415,0.060770383806320716
1695744000000,5.673e-05,8.0,60.370370370370374,6,0.007247568333312193,0.011788365945282653,0.05748725667522536
1695772800000,0.0001,8.0,80.74074074074075,8,-0.0009732024009845297,0.0029133284777858037,0.04605444910465373
1695801600001,6.67e-06,8.0,22.22222222222222,2,0.0052247720842502066,0.018447029236089207,0.05091480666457082
1695830400000,4.982e-05,8.0,56.666666666666664,5,-0.0015876389184052986,0.03397797307264394,0.05144200117510289
1695859200000,8.17e-06,8.0,24.074074074074073,2,0.013328575363734219,0.03433250694913981,0.04547617258908687
1695888000000,4.301e-05,8.0,51.11111111111111,5,0.022000358332149306,0.04056567054447968,0.036772292275470964
1695916800000,2.239e-05,8.0,31.11111111111111,3,-0.0012452998996506093,0.010820809807643439,0.017482559756259786
1695945600000,-3.93e-06,8.0,15.185185185185185,1,0.019435163664536015,0.008395070695332185,0.04917804570985851
1695974400000,4.429e-05,8.0,52.96296296296297,5,-0.007213807762413427,-0.007403801053275316,0.0260706418804586
1696003200000,1.2e-07,8.0,18.51851851851852,1,-0.0036420831040834267,0.006004353754515357,0.01089634715211818
1696032000000,9.07e-06,8.0,25.185185185185183,2,0.0034633229893819006,0.002358901100220301,-0.00247294466486192
1696060800000,-2.413e-05,8.0,8.518518518518519,0,0.006196913506400392,0.0037863380787175327,-0.005742313673884336
1696089600000,1.168e-05,8.0,27.77777777777778,2,-0.007252580016169685,0.0005825842963809169,-0.020996813620583143
1696118400000,-1.276e-05,8.0,11.481481481481481,1,0.004892332750485062,0.03799492203406074,-0.008054085127787491
1696147200000,8.22e-06,8.0,25.925925925925924,2,0.0029854659650920823,0.029824864581408983,-0.020487089796380586
1696176000000,3.599e-05,8.0,48.51851851851852,4,0.029866796582577848,0.00427771902515528,-0.030775811875423442
1696204800000,0.0001,8.0,84.81481481481481,8,-0.0030171742403701796,-0.04124817556146554,-0.05059391603832908
1696233600000,6.308e-05,8.0,66.66666666666666,6,-0.0218958673286348,-0.03817889340230762,-0.053935353956185095
1696262400000,6.372e-05,8.0,67.03703703703704,6,-0.016819101482541843,-0.02573446762189857,-0.04280203982630704
1696291200000,3.9e-07,8.0,19.62962962962963,1,0.0001744980173414845,-0.003249273426358834,-0.030200191346101857
1696320000000,1.728e-05,8.0,32.96296296296296,3,-0.009240765250872363,-0.011099747322825149,-0.019317771627963
1696348800000,7.087e-05,8.0,71.48148148148148,7,0.005871851545991236,-0.009411964732457312,-0.003084695538121407
1696377600000,4.62e-05,8.0,58.14814814814815,5,-0.007702941726883572,-0.006519731242189852,-0.007177741154596129
1696406400000,7.38e-06,8.0,25.185185185185183,2,-0.007549809885931569,-0.00534144486692012,-0.004739163498098886
1696435200000,2.618e-05,8.0,38.88888888888889,3,0.008808709404538595,-0.008183456544926249,0.003745387227678032
1696464000000,2.065e-05,8.0,34.81481481481482,3,-0.006526058661611156,-0.020653699619009425,-0.0077656452230344675
1696492800000,2.685e-05,8.0,40.0,3,-0.010385511660764402,-0.002984764246438787,-0.0045566585319608555
1696521600001,2.072e-05,8.0,35.18518518518518,3,-0.0032261054973579117,0.01517258428355106,0.008071444022125451
1696550400000,0.0001,8.0,87.4074074074074,8,0.011397761397761386,0.02041297495842942,0.012855831037649201
1696579200000,8.473e-05,8.0,80.0,7,0.007159113913955739,0.0036010281640892483,-0.005852437595470161
1696608000000,5.905e-05,8.0,67.03703703703704,6,0.0017420329402590973,-0.002625231458922128,-0.03434119481532005
1696636800000,8.468e-05,8.0,79.62962962962963,7,-0.00526565407206514,-0.007108024954092684,-0.03995451836898478
1696665600000,3.736e-05,8.0,50.37037037037037,5,0.0009107802146752775,-0.005159050343529259,-0.028008019755984215
1696694400000,3.615e-05,8.0,48.888888888888886,4,-0.002760389630217741,-0.004360438486671447,-0.043311246144920545
1696723200000,9.048e-05,8.0,82.22222222222221,8,-0.003313063021684992,-0.0003000740999308249,-0.040516127451881045
1696752000001,9.246e-05,8.0,83.7037037037037,8,0.0024891522131942345,-0.004271508118938505,-0.043262080070802456
1696780800000,9.791e-05,8.0,85.55555555555556,8,0.001306499990799459,-0.0275591758622592,-0.04351933067944136
1696809600000,0.0001,8.0,87.03703703703704,8,-0.0072835755066036345,-0.03279140427825833,-0.04150229104898184
1696838400000,6.572e-05,8.0,68.14814814814815,6,-0.02170250840763932,-0.018765234025485134,-0.03738237018296253
1696867200000,3.935e-05,8.0,51.48148148148148,5,-0.004081040507638578,-0.011889893905562166,-0.028327593384551375
1696896000000,6.268e-05,8.0,66.66666666666666,6,0.0071125016625392945,-0.007688848636084433,-0.025251597621143818
1696924800000,8.857e-05,8.0,80.37037037037037,8,-0.014847749254782716,-0.02135032135535242,-0.025827914523249618
1696953600000,5.511e-05,8.0,62.22222222222222,6,0.00015320485404046735,-0.00457699501445874,-0.017701544177258
1696982400000,2.257e-05,8.0,35.55555555555556,3,-0.0067527460954702745,-0.0013275720112077005,-0.010026998219266448
1697011200000,5.392e-05,8.0,61.85185185185185,6,0.00203702632711944,0.002429009311202268,-0.005397798469338633
1697040000000,4.725e-05,8.0,58.51851851851851,5,0.003418068951364761,-0.012113944182228553,-0.0022958136671454854
1697068800000,4.026e-05,8.0,52.22222222222223,5,-0.003016571972723092,-0.01639302353820893,-0.006454952738242148
1697097600000,2.69e-05,8.0,39.25925925925926,3,-0.012500240389238249,-0.006987313858599853,-0.003429553132432095
1697126400000,7.112e-05,8.0,72.96296296296296,7,-0.000928288119859566,-0.0010840847273884124,0.00835459307873565
1697155200000,3.69e-05,8.0,49.25925925925926,4,0.006517049589354285,0.007810063416155533,0.011331739266035923
1697184000000,3.476e-05,8.0,45.925925925925924,4,-0.006629784322206178,-0.0008263022329526581,0.019747332270330098
1697212800000,2.693e-05,8.0,39.25925925925926,3,0.007967247205614703,0.011034572394073239,0.02485703145308027
1697241600000,1.068e-05,8.0,27.037037037037038,2,-0.002108235658195068,0.0022758629582348977,0.031004603303547373
1697270400000,3.108e-05,8.0,45.18518518518518,4,0.0051621990063250855,0.004412743330813651,0.027458505352793372
1697299200000,6.65e-05,8.0,70.74074074074073,7,-0.0007648896373523284,-0.0015683451387729086,0.011961845505148672
1697328000000,7.083e-05,8.0,73.33333333333333,7,1.929769263919745e-05,0.0012157546362707716,0.006387536263580795
1697356800000,5.253e-05,8.0,62.59259259259259,6,-0.0008233523304730372,0.016106829964879,0.010562066614349552
1697385600000,2.062e-05,8.0,33.33333333333333,3,0.002021450551714432,0.015263882987626598,0.01021025660834085
1697414400000,5.18e-05,8.0,62.22222222222222,6,0.014892578125,0.027414422286184292,0.003077456825657965
1697443200000,4.393e-05,8.0,55.925925925925924,5,-0.0016522542825672115,0.006729296177658384,-0.018111492346454372
1697472000000,8.412e-05,8.0,80.0,7,0.014013506229986428,-0.001686693510034476,-0.009657271487904628
1697500800000,1.957e-05,8.0,32.96296296296296,3,-0.005540443360535385,-0.021655254353875608,-0.020592189600725397
1697529600000,2.557e-05,8.0,38.148148148148145,3,-0.009998176433229089,-0.012104710461613877,-0.004672103830119068
1697558400000,6.742e-05,8.0,72.22222222222221,7,-0.006269094696993882,-0.0032965148406685074,0.01944245072694817
1697587200000,5.947e-05,8.0,68.51851851851852,6,0.00416741236928897,-0.0020773144478817285,0.024870247743717044
1697616000000,1.385e-05,8.0,28.51851851851852,2,-0.0011711986964049181,-0.012724055402790535,0.022042723291577637
1697644800000,6.495e-05,8.0,71.11111111111111,7,-0.005053530461381683,-0.00470303339281164,0.03706984450675499
1697673600000,4.251e-05,8.0,55.55555555555556,5,-0.006545952974181257,0.0031704958143050632,0.04302266744381189
1697702400001,2.988e-05,8.0,44.074074074074076,4,0.009631687866265226,0.020539864485890957,0.05120138221812476
1697731200000,5.842e-05,8.0,68.14814814814815,6,0.002817226056780031,0.02764723207539932,0.03985734591694312
1697760000000,3.868e-05,8.0,51.85185185185185,5,0.010624305653101018,0.0237578373408589,0.06121745348673868
1697788800005,5.912e-05,8.0,68.88888888888889,6,0.013417646352788193,0.014321000132660355,0.05839582056740733
1697817600000,7.072e-05,8.0,75.18518518518519,7,-0.0009781931464174498,0.013937694704049708,0.04404361370716514
1697846400000,4.902e-05,8.0,60.74074074074074,6,0.0013970051701663877,0.015597812190117466,0.10207492687551056
1697875200000,1.735e-05,8.0,30.74074074074074,3,0.013514607609284468,0.014747737704509545,0.12583532108091955
1697904000000,3.771e-05,8.0,50.0,4,0.000657502596213666,-0.002027811745331398,0.09385695938846106
1697932800000,7.554e-05,8.0,78.88888888888889,7,0.0005588170273389537,0.02067008916509039,0.0953919088207118
1697961600000,2.649e-05,8.0,37.407407407407405,3,-0.003240556049958543,0.02892564519593699,0.08751342559916542
1697990400000,6.03e-06,8.0,20.37037037037037,2,0.02341647835376559,0.031784344270875176,0.11195945987549805
1698019200000,9.262e-05,8.0,85.92592592592592,8,0.008651705673545562,0.06317309427832263,0.07479694362553402
1698048000001,1.593e-05,8.0,30.37037037037037,3,0.0014324680828203817,0.07877380732110573,0.1070173030207171
1698076800001,1.883e-05,8.0,31.48148148148148,3,0.05294934528527939,0.05710352061889479,0.0608762508716616
1698105600000,0.0001,8.0,89.62962962962962,8,0.022986814554920576,0.009439194159923003,0.020315771603191646
1698134400000,0.0001,8.0,89.25925925925927,8,-0.015273383046046973,-0.01979288827915826,-0.01692740026110251
1698163200000,0.0001,8.0,88.88888888888889,8,0.002061670346214628,0.014487868727213637,0.0009437619023544563
1698192000000,0.0001,8.0,88.51851851851852,8,-0.006637589837311775,0.0014800031394006652,-0.002074246824159909
1698220800000,0.0001,8.0,88.51851851851852,8,0.01916543449552477,0.044561328261679245,0.009136878223867662
1698249600001,0.0001,8.0,88.14814814814815,8,-0.01220132743362834,-0.015503318584070835,-0.010232300884955747
1698278400001,0.0001,8.0,87.77777777777777,8,0.03851753138403313,0.009804360728803863,-0.0061256257209089116
1698307200000,0.0001,8.0,87.4074074074074,8,-0.039829272245934466,-0.039861688908098825,-0.03606353665784212
1698336000000,0.0001,8.0,87.03703703703704,8,0.014528635253604039,0.0025939972315691673,0.008496606984098376
1698364800000,0.0001,8.0,86.66666666666667,8,-0.014353854686633416,-0.012712146422628967,-0.0035718247365502664
1698393600000,0.0001,8.0,86.66666666666667,8,0.0026278473035024064,0.006195417304402762,0.006071621499954993
1698422400000,0.0001,8.0,86.29629629629629,8,-0.0009597090566229038,0.0052250826416131435,0.021815140953760137
1698451200000,0.0001,8.0,86.29629629629629,8,0.004522268662082718,-0.002387533144577736,0.016611612961215272
1698480000001,0.0001,8.0,86.29629629629629,8,0.0005031868500504633,-0.002364978195236511,0.0008665995750867239
1698508800000,0.0001,8.0,85.92592592592592,8,-0.00852548713081347,0.0006588130199318698,-0.00010049690134550371
1698537600000,0.0001,8.0,85.55555555555556,8,0.004685133149006537,0.01167341468496419,0.022823130592455332
1698566400000,0.0001,8.0,85.18518518518519,8,0.004556791749572575,0.002107446122803669,0.01241487543087727
1698595200000,0.0001,8.0,84.81481481481481,8,0.00238801972906022,0.0158345794183945,0.0008201843461959069
1698624000000,0.0001,8.0,84.44444444444444,8,-0.0048147570913300575,0.007286146858440645,0.029467426637574068
1698652800000,0.0001,8.0,84.07407407407408,8,0.018317476830489232,0.0014653981464389787,0.02595208931098303
1698681600000,0.0001,8.0,83.7037037037037,8,-0.006047257587907695,-0.016334735755165752,-0.008343128316105175
1698710400001,0.0001,8.0,83.7037037037037,8,-0.011005099250305128,0.0017457888368959118,-0.005596468644858965
1698739200000,0.0001,8.0,83.7037037037037,8,0.00021781260297237814,0.008807448074033886,0.0036413799266139524
1698768000000,0.0001,8.0,83.7037037037037,8,0.014204989614276409,0.0015801934201415957,0.01264713108346549
1698796800000,0.0001,8.0,83.7037037037037,8,-0.005538549626725953,0.018245281772335975,0.009612631857120801
1698825600000,0.0001,8.0,83.7037037037037,8,-0.006947904556275253,0.015506837180977673,0.014693018878370045
1698854400000,0.0001,8.0,83.7037037037037,8,0.03108013937282239,0.006533797909407779,0.02136864111498249
1698883200001,0.00026784,8.0,100.0,9,-0.008963615721468421,-0.026901659728604588,0.003946585932854019
1698912000000,0.00020558,8.0,99.62962962962963,9,-0.01572253326864048,-0.02031281517300787,0.02761801440323608
1698940800000,0.0001,8.0,83.33333333333334,8,-0.002365035143203742,0.004486366430901612,0.03808980487075386
1698969600000,0.0001,8.0,83.33333333333334,8,-0.002304019542527236,0.018110148789695746,0.05028869642460587
1698998400000,0.0001,8.0,82.96296296296296,8,0.009192843827383834,0.019915973400851383,0.045274199382321134
1699027200000,0.0001,8.0,82.5925925925926,8,0.01116582210777639,0.010206388504441444,0.0486223305414184
1699056000000,0.0001,8.0,82.5925925925926,8,-0.0005344035946821535,0.012912935838850004,0.03713014363459899
1699084800000,0.0001,8.0,82.5925925925926,8,-0.00041465703498400064,0.02844219899172873,0.032326880687894244
1699113600000,0.0001,8.0,82.22222222222221,8,0.013874939958953725,0.02301209554167949,0.016598620147591836
1699142400000,0.0001,8.0,81.85185185185185,8,0.014788694481830511,0.01845491251682363,0.015472409152086142
1699171200000,0.0001,8.0,81.85185185185185,8,-0.005692398287505895,-0.003480161487981248,-0.005655262417969542
1699200000000,0.0001,8.0,81.48148148148148,8,0.009358459962438115,0.014677949462182038,0.007715127198224314
1699228800000,0.0001,8.0,81.48148148148148,8,-0.007067417987292379,0.005354745266362926,-0.0018976836630051341
1699257600001,0.0001,8.0,81.11111111111111,8,0.012518820794117813,0.006767505333666657,0.018972424543911792
1699286400000,0.0001,8.0,81.11111111111111,8,8.413303536225492e-05,-0.020644143551991623,0.07704482713290384
1699315200001,0.0001,8.0,80.74074074074075,8,-0.004351349076061828,-0.008081828513701206,0.11531864292629534
1699344000000,0.0001,8.0,80.74074074074075,8,-0.015644076127456885,-0.009397015998181879,0.11344597772833209
1699372800000,0.0001,8.0,80.37037037037037,8,0.012751746318101054,0.014072558778839062,0.12265300753292618
1699401600000,0.0001,8.0,80.0,7,-0.006324751887352598,0.0010338026974299197,0.10168377300873699
1699430400000,0.0001,8.0,79.62962962962963,7,0.007677491983716811,0.02125582214254851,0.09783333600098154
1699459200000,0.0001,8.0,79.25925925925927,7,-0.00027002700270029045,0.0844866839625138,0.09652671149467906
1699488000000,0.0001,8.0,78.88888888888889,7,0.013748616399832603,0.12442603763392457,0.08883110280215445
1699516800000,0.0001,8.0,78.51851851851852,7,0.0700676540501004,0.10061384948932939,0.0760024031554476
1699545600000,0.00071131,8.0,100.0,9,0.03654791604622454,0.020827332334115933,0.0054826756238191
1699574400000,0.00027525,8.0,99.62962962962963,9,-0.0077197345428684505,-0.02123751254044748,-0.035970477549655544
1699603200000,0.00041432,8.0,99.62962962962963,9,-0.007504485603349265,-0.023287164054415777,-0.02653863314884597
1699632000000,0.00012656,8.0,98.14814814814815,9,-0.006164720961486014,-0.009526861253126406,0.008049049944283349
1699660800000,0.00013604,8.0,98.14814814814815,9,-0.009797693980866606,-0.010644645916344175,-0.0094656503243441
1699689600000,0.00013371,8.0,97.77777777777777,9,0.0064781695890518964,0.000947669219703906,0.0023375840752692945
1699718400000,0.00027449,8.0,98.88888888888889,9,-0.007286299921294481,-0.00555767475772706,-0.015074770281167327
1699747200000,0.00016325,8.0,97.77777777777777,9,0.0018045449239270095,-0.004455426281178343,-0.036392466632943044
1699776000000,0.0001,8.0,75.55555555555556,7,-6.311813286852264e-05,-0.00427261207110019,-0.03536072012934366
1699804800001,0.00024299,8.0,98.14814814814815,9,-0.007523176236470475,0.02132699121487147,-0.019060331019754462
1699833600000,0.0003299,8.0,99.25925925925925,9,0.001988508667357225,0.00567237976118351,0.005442748539154607
1699862400000,0.00022787,8.0,97.4074074074074,9,0.027759492498159455,0.005685502942710974,0.0023648961639921584
1699891200000,0.00022833,8.0,97.4074074074074,9,-0.023432459103503445,-0.03224750445971092,-0.05230671423691513
1699920000000,0.00018828,8.0,96.29629629629629,9,0.0020015837774549627,-0.037539412253384974,-0.047071226261556465
1699948800000,0.00013623,8.0,95.55555555555556,9,-0.01100611396903739,-0.03669835974962299,-0.04412627455163409
1699977600001,0.0001,8.0,73.33333333333333,7,-0.030154889147962716,-0.010007543620742076,-0.05874227268719445
1700006400000,0.0001,8.0,73.33333333333333,7,0.002877189440209982,0.0387663419312505,-0.010509313007924903
1700035200000,0.0001,8.0,73.33333333333333,7,0.017565935172136227,0.03466881417354539,-0.025216428427622284
1700064000000,0.0001,8.0,72.96296296296296,7,0.01790572290646497,-0.011965177820645989,-0.03348172330217147
1700092800000,0.0001,8.0,72.5925925925926,7,-0.0010787696195151408,-0.046853588609747865,-0.046523154672238665
1700121600000,0.0001,8.0,72.22222222222221,7,-0.02829720579078443,-0.04095968244084669,-0.045683180261519185
1700150400001,0.0001,8.0,71.85185185185186,7,-0.019202681072429062,-0.038845538215286135,-0.01600640256102437
1700179200000,0.0001,8.0,71.48148148148148,7,0.005098191161775789,-0.000611782939413108,0.025807043660909024
1700208000001,0.0001,8.0,71.11111111111111,7,-0.026348591870446025,-0.019508092057926363,0.023997486749698593
1700236800001,0.0001,8.0,70.74074074074073,7,0.019390697045078342,0.017345462493624897,0.0650259687542285
1700265600000,0.0001,8.0,70.37037037037037,7,-0.012028893831493415,0.0009590466668027986,0.03162303344420181
1700294400000,0.0001,8.0,70.0,6,0.00893788402953466,0.012944699746992194,0.034558785563071126
1700323200000,0.0001,8.0,69.62962962962963,6,0.004170910077225809,0.006622279312797907,0.017799294783547692
1700352000000,0.0001,8.0,69.25925925925925,6,-0.00019876054959844236,0.025451543197292592,-0.012817507236922654
1700380800000,0.0001,8.0,68.88888888888889,6,0.0026404726344066987,0.02909107591613691,0.016490210371246317
1700409600000,0.0001,8.0,68.51851851851852,6,0.022954320140318618,0.03957904369709442,0.034210325631053085
1700438400000,0.0001,8.0,68.14814814814815,6,0.00334973410864281,0.005054420754435629,0.025982804035584728
1700467200000,0.0001,8.0,67.77777777777779,6,0.012858869449783095,-0.007534029442650136,0.023974163380951374
1700496000000,0.0001,8.0,67.4074074074074,6,-0.011018192488262857,-0.02739143192488258,-0.0015111502347417982
1700524800000,0.0001,8.0,67.03703703703704,6,-0.00921736464468137,-0.04216054236081235,0.019759972703941697
1700553600000,0.0001,8.0,66.66666666666666,6,-0.007406557098865618,-0.004746385310661294,0.03926373631858171
1700582400000,0.0001,8.0,66.2962962962963,6,-0.026035931395471557,0.022853091578296292,0.06542168856440345
1700611200000,0.0001,8.0,65.92592592592592,6,0.02948358552614594,0.0657559847393665,0.0740626016386079
1700640000000,0.0001,8.0,65.55555555555556,6,0.0201191503018876,0.036667803341824845,0.04753475217138381
1700668800000,0.0001,8.0,65.18518518518519,6,0.014816344187509989,0.0036721330816422704,0.02197872424099412
1700697600000,0.0001,8.0,64.81481481481481,6,0.0013854038500662469,-0.0010414749222527053,0.008791985971575045
1700726400000,0.0001,8.0,64.44444444444444,6,-0.012349799732977229,0.007285075753178383,0.010913101526673463
1700755200001,0.0001,8.0,64.07407407407408,6,0.009389970004942017,0.037099923177420946,0.011092788953206867
1700784000000,0.0001,8.0,63.70370370370371,6,0.009732183122154181,0.008844794227607977,-0.00034428749460535535
1700812800000,0.0001,8.0,63.33333333333333,6,0.017576718052153772,0.0031743744897467785,-0.01825385391154022
1700841600000,0.0001,8.0,62.96296296296296,6,-0.018136769078295534,-0.018854122422011566,-0.054131860871206805
1700870400000,0.0001,8.0,62.59259259259259,6,0.0040567756324292326,0.0009901608771096804,-0.0254125269770773
1700899200000,0.0001,8.0,62.22222222222222,6,-0.004768036918775809,0.00042605952386676194,-0.03625335701394494
1700928000000,0.0001,8.0,61.85185185185185,6,0.0017220231366796845,-0.006575434714639394,-0.020495923422881646
1700956800000,0.0001,8.0,61.48148148148148,6,0.0034909461088195037,-0.010088690198940764,-0.016600000960370398
1700985600000,0.0001,8.0,61.111111111111114,6,-0.011733180208632343,-0.02177720356014945,-0.015216767154751731
1701014400000,0.0001,8.0,60.74074074074074,6,-0.0018205763867370495,-0.02957468236752414,-0.01740684071893417
1701043200000,0.0001,8.0,60.370370370370374,6,-0.008357910667856738,-0.016453878691450985,-0.01633745973844547
1701072000001,0.0001,8.0,60.0,5,-0.021078989969139594,-0.01590461145699351,-0.004010387882759758
1701100800000,0.0001,8.0,59.62962962962963,5,0.011675481488873318,0.016036323720187484,0.013711206466420434
1701129600000,0.0001,8.0,59.25925925925925,5,-0.007111856381929349,0.010041428289603527,0.012408759124087787
1701158400000,0.0001,8.0,58.88888888888889,5,0.011504187405001032,0.02226328495216512,0.039907012785741935
1701187200000,0.0001,8.0,58.51851851851851,5,0.005706316234027842,-0.003442450671302444,0.021396230491961044
1701216000001,0.0001,8.0,58.14814814814815,5,0.005543453840368029,-0.009787737000967023,0.019658503707032038
1701244800000,0.0001,8.0,57.77777777777777,5,-0.01393100097181732,-0.010762876579203162,0.018960155490767683
1701273600000,0.0001,8.0,57.407407407407405,5,-0.0007342324806709488,0.0011580176708569923,0.03646523729506779
1701302400000,0.0001,8.0,57.03703703703704,5,0.003950015780337601,0.012288937983272907,0.0674560123086636
1701331200000,0.0001,8.0,56.666666666666664,5,-0.0020482845003314543,0.028327234324729167,0.06345752388437265
1701360000000,0.0001,8.0,56.2962962962963,5,0.010375649708615597,0.023738974641675847,0.06295282721688444
1701388800000,0.0001,8.0,55.925925925925924,5,0.019856193612502127,0.016855355716206333,0.06895107075352214
1701417600000,0.0001,8.0,55.55555555555556,5,-0.006501012648553739,0.001671825442317143,0.07432935916542482
1701446400000,0.0001,8.0,55.18518518518518,5,0.0035818857546721095,0.011260102600593402,0.06455567788990879
1701475200000,0.0001,8.0,54.81481481481482,5,0.004627855281312154,0.03701805151004134,0.07325042158516015
1701504000000,0.0001,8.0,54.44444444444444,5,0.0030090318642645997,0.032436505135859495,0.04951788728767492
1701532800000,0.0001,8.0,54.074074074074076,5,0.02914426171832285,0.026743307041691144,0.060000095087314076
1701561600000,0.0001,8.0,53.70370370370371,5,0.00018940881351547922,0.013706730480497864,0.059557522532719176
1701590400000,0.0001,8.0,53.333333333333336,5,-0.00252189335993791,0.03883992905442857,0.04641946569116495
1701619200000,0.0001,8.0,52.96296296296297,5,0.016077200196334518,0.025282693857138883,0.04387427184915582
1701648000000,0.0001,8.0,52.59259259259259,5,0.02498746752950831,0.020945176138176258,0.018074101080071125
1701676800000,0.0001,8.0,52.22222222222223,5,-0.015539341878859969,-0.021461631830974603,0.005957859261136678
1701705600000,0.0001,8.0,51.85185185185185,5,0.011778626850572405,0.006932589039734927,0.05023530155633238
1701734400000,0.0001,8.0,51.48148148148148,5,-0.01758724433771086,0.023787417531893507,0.0530027764634462
1701763200000,0.0001,8.0,51.11111111111111,5,0.013026725916232884,0.029388511763583258,0.07135392528375273
1701792000000,0.0001,8.0,50.74074074074074,5,0.028714572129551863,0.011123420631254044,0.05396653106260052
1701820800000,0.0001,8.0,50.37037037037037,5,-0.012212508992609838,-0.025981556974995157,0.029425998997187675
1701849600000,0.0001,8.0,50.0,4,-0.004948047706065717,-0.0013286015696035713,0.052729150666066316
1701878400000,0.0001,8.0,49.629629629629626,4,-0.009035944160792786,0.03153043254536825,0.04891475516006971
1701907200000,0.0001,8.0,49.25925925925926,4,0.012788948772583186,0.0559723540260344,0.0496383104442335
1701936000000,0.0001,8.0,48.888888888888886,4,0.027791896682032746,0.0421519272672628,0.041113267006404275
1701964800000,0.0001,8.0,48.51851851851852,4,0.01444476457914945,0.010509974585126924,0.012694535587272737
1701993600000,0.00022693,8.0,96.66666666666667,9,-0.00046629927935559756,0.0008647732089868132,-0.002382365409071552
1702022400000,0.00012399,8.0,93.7037037037037,9,-0.003414054879341877,0.011493277916790223,-0.05146528690784169
1702051200000,0.00010417,8.0,93.33333333333333,9,0.00476200608549493,0.006276996404025681,-0.054909887865182805
1702080000000,0.00022528,8.0,96.29629629629629,9,0.010148070341883253,-0.006857147697624799,-0.05774997458746989
1702108800000,0.00031293,8.0,98.88888888888889,9,-0.008553459119496898,-0.012348008385744125,-0.06356394129979037
1702137600000,0.00033485,8.0,99.25925925925925,9,-0.008352364036200655,-0.004089486593927161,-0.07163156559248929
1702166400000,0.00016658,8.0,94.44444444444444,9,0.00456319167537389,0.0036377593449474777,-0.060234130114932616
1702195200000,0.00015944,8.0,93.7037037037037,9,-0.0002632081679438958,-0.050518987073082666,-0.07651716159707933
1702224000000,0.00022842,8.0,96.66666666666667,9,-0.0006581936618071937,-0.05694861418386099,-0.057122717023435965
1702252800000,0.00024112,8.0,96.66666666666667,9,-0.04964349148883729,-0.05468305161087461,-0.03842558362865334
1702281600000,0.0001,8.0,44.44444444444444,4,-0.00703315374125324,-0.0014084192170977783,0.02123359638729272
1702310400000,0.0001,8.0,44.074074074074076,4,0.0017425995803350691,-0.011527273709710961,0.02516637998577087
1702339200000,0.0001,8.0,43.7037037037037,4,0.003915152223455953,-0.009475477482255967,0.04103493070944708
1702368000000,0.0001,8.0,43.333333333333336,4,-0.017095012089191508,-0.026009671353093955,0.01763230948329908
1702396800000,0.0001,8.0,42.96296296296296,4,0.0038219403977735045,0.011474931897486274,0.016736363553539135
1702425600000,0.00012813,8.0,91.48148148148148,9,-0.012842562885447162,0.026928539986658118,0.00889903385807811
1702454400000,0.00015058,8.0,92.5925925925926,9,0.020732677181642956,0.049983680486919146,0.030910536888995255
1702483200001,0.00010581,8.0,90.0,8,0.018657725379914503,0.027058208497827696,0.016530564418726135
1702512000000,0.0001,8.0,41.48148148148148,4,0.009319693320665623,0.023434013124461472,-0.014255728142468782
1702540800000,0.0001,8.0,41.11111111111111,4,-0.0032092257578676398,-0.00492986112327265,-0.03234619358680235
1702569600000,0.0001,8.0,40.74074074074074,4,0.01724857359962395,-0.019655555604358943,-0.02423672755862616
1702598400000,0.0001,8.0,40.370370370370374,4,-0.018653010820473326,-0.040052159345072114,-0.0496377343500376
1702627200000,0.0001,8.0,40.370370370370374,4,-0.0179603833191071,-0.013300891419319116,-0.044865759114388615
1702656000000,0.00010419,8.0,89.62962962962962,8,-0.003915840785677305,0.011586229143891513,-0.03341457732217423
1702684800000,0.0001,8.0,39.62962962962963,3,0.008694596126339382,0.003359991363877768,-0.0024064195176365377
1702713600000,0.0001,8.0,39.25925925925926,3,0.0068092127265835245,-0.014443379188869954,0.002622015116719556
1702742400001,0.0001,8.0,38.88888888888889,3,-0.011070225217236995,-0.01587604185139202,-0.02905657031388542
1702771200000,0.0001,8.0,38.51851851851852,3,-0.009203430328732498,-0.01330081723592258,-0.023468074900591218
1702800000000,0.0001,8.0,38.148148148148145,3,0.005144423933109099,-0.017804140876678587,0.0038413508524270945
1702828800000,0.00011402,8.0,90.0,8,-0.009232375885088295,-0.028876495028201332,0.0129280270804355
1702857600000,0.00015083,8.0,92.5925925925926,9,-0.013725454561975825,0.007655541521658149,0.0001590171829424225
1702886400001,0.0001,8.0,37.03703703703704,3,-0.006565458775829924,0.03563316362966207,0.022373240572231667
1702915200000,0.0001,8.0,36.666666666666664,3,0.028038639460827408,0.01630681660161848,0.035992731924834764
1702944000000,0.0001,8.0,36.2962962962963,3,0.013778986144363792,-0.017823407142889214,0.011240514547741887
1702972800000,0.0001,8.0,35.92592592592593,3,-0.024848449807198802,-0.013244797480908788,0.014298866320054504
1703001600000,0.0001,8.0,35.55555555555556,3,-0.006485569380085265,0.026311708687561497,0.05937351771445254
1703030400000,0.0001,8.0,35.18518518518518,3,0.018504916587860354,0.01057227062809285,0.06824462664230557
1703059200000,0.0001,8.0,34.81481481481482,3,0.014242895454442905,-0.0003109999323913648,0.030383341221012605
1703088000000,0.00023154,8.0,96.29629629629629,9,-0.02172203088545721,-0.006763692923008491,0.01666481502055328
1703116800000,0.00026163,8.0,97.03703703703704,9,0.0075362160836207615,0.018820098393273366,0.0501551306686292
1703145600000,0.0002655,8.0,97.03703703703704,9,0.0076962614294218135,0.02823315118397085,0.03533877977961741
1703174400000,0.00042074,8.0,99.62962962962963,9,0.0034764634031758668,0.039243321118731966,0.026259155358093533
1703203200000,0.00044152,8.0,99.62962962962963,9,0.01684501515962178,0.03754235776707682,0.010139111824504887
1703232000000,0.00043341,8.0,99.25925925925925,9,0.018486525357584327,0.002402897508528623,0.0006664971191538971
1703260800000,0.00051141,8.0,99.62962962962963,9,0.0018340408310875134,-0.01506410532388458,-0.01519326312889091
1703289600000,0.0001854,8.0,91.11111111111111,9,-0.01759346798452943,-0.006540610227760979,-0.023064030941125968
1703318400001,0.00012586,8.0,87.03703703703704,8,0.00023621530587703,0.004317490868528617,-0.01929091664661764
1703347200000,0.00017945,8.0,90.74074074074075,9,0.010503770079772767,0.00260955086875736,-0.023490328925800386
1703376000000,0.00013318,8.0,87.4074074074074,8,-0.006678836221439832,-0.020001903295296386,-0.03455778664059739
1703404800000,0.00021857,8.0,91.85185185185185,9,-0.0011409460271564198,-0.006201172300269175,-0.02902880235505212
1703433600000,0.00019769,8.0,91.11111111111111,9,-0.012285719268262829,-0.002733550738538315,0.023599218736375827
1703462400000,0.00013827,8.0,87.77777777777777,8,0.007309515612171857,0.0034384738296389106,0.050667831951764164
1703491200000,0.00021479,8.0,91.48148148148148,9,0.002344331974935221,-0.017781867578107846,0.044288155646115435
1703520000000,0.0004388,8.0,98.88888888888889,9,-0.006172812520492177,-0.023362259284355757,0.03150232791973617
1703548800000,0.00050051,8.0,99.25925925925925,9,-0.01399268913884033,-0.018228765731328034,0.03326837722635956
1703577600000,0.00029501,8.0,95.92592592592592,9,-0.003350405082265473,-0.005282129983225747,0.04264070809093834
1703606400000,0.00036888,8.0,97.03703703703704,9,-0.0009489662087458495,0.05095769490736379,0.04356739674397159
1703635200000,0.0003153,8.0,95.92592592592592,9,-0.0009901921689688953,0.06650865410033657,0.02996115399952526
1703664000000,0.00040955,8.0,97.03703703703704,9,0.05299863657565207,0.06883947472283025,0.029596175235908406
1703692800000,0.00049072,8.0,98.88888888888889,9,0.013833933172902935,0.0049662457141641525,-0.013067274314798594
1703721600000,0.00027263,8.0,93.33333333333333,9,0.0011931118794452633,-0.013178844950069935,-0.03602021568437985
1703750400000,0.00057135,8.0,99.62962962962963,9,-0.00992795310447847,-0.01933139473894019,-0.035968898567874
1703779200000,0.00049862,8.0,98.51851851851852,9,-0.004471267339405283,-0.011938919521426117,-0.024288941347991866
1703808000001,0.00044508,8.0,97.77777777777777,9,-0.004802988147807774,-0.02255575124860676,-0.027626753792616476
1703836800000,0.00049499,8.0,98.14814814814815,9,-0.002464592871507354,-0.01772709768516534,-0.02137692011467207
1703865600000,0.00047123,8.0,97.4074074074074,9,-0.013974795611107704,-0.006078049533744578,-0.006099496426947737
1703894400001,0.00027255,8.0,91.11111111111111,9,-0.0003307799442895387,-0.0008661211699163562,0.02452559192200554
1703923200000,0.00031443,8.0,92.96296296296296,9,0.009365457578833114,0.0007753727669916888,0.04126899772179793
1703952000000,0.00026513,8.0,89.62962962962962,8,-0.009744645407976038,-0.006460466862595382,0.019433187897305748
1703980800000,0.00021714,8.0,85.55555555555556,8,0.0012464100340363604,-0.004663142435032075,0.02772608614175076
1704009600001,0.00027824,8.0,91.85185185185185,9,0.0008615475656930105,-0.003959637801922322,0.02878787219507517
1704038400000,0.00031621,8.0,93.33333333333333,9,-0.007953262097124436,0.0064807575362697545,-0.02798627399878373
1704067200000,0.00027858,8.0,91.48148148148148,9,0.0014230107404471504,0.029642408347162252,-0.03264605563315215
1704096000000,0.00031096,8.0,91.85185185185185,9,0.013108073838942857,0.04515246115235616,-0.026596535411037348
1704124800000,0.00043011,8.0,95.55555555555556,9,0.014876225659439468,0.0194551857478249,-0.01624861897527974
1704153600000,0.00053505,8.0,99.25925925925925,9,0.016507979707346854,0.0028151165806964418,-0.035308025633720264
1704182400000,0.0005124,8.0,98.88888888888889,9,-0.011801322785630952,-0.010537941190005062,-0.05758426378738357
1704211200000,0.00063801,8.0,99.62962962962963,9,-0.0016891033782067133,-0.05267547201761069,-0.05666327999322662
1704240000000,0.00028538,8.0,89.62962962962962,8,0.0029725936197368963,-0.06313263025769555,-0.038291755187197185
1704268800000,0.00024384,8.0,85.55555555555556,8,-0.05388505086207618,-0.058730266106324036,-0.0561131734045881
1704297600000,0.0001,8.0,19.62962962962963,1,-0.012709080915375592,0.018634622861151806,0.004021861049169573
1704326400000,0.0001,8.0,19.25925925925926,1,0.007685587938424776,0.026809032602644223,0.013596882312737257
1704355200000,0.0001,8.0,19.25925925925926,1,0.023878076278685212,0.01188064555250623,0.010021066248635524
1704384000000,0.0001,8.0,18.88888888888889,1,-0.004786200300947119,-0.0224262657547587,-0.02108384843845279
1704412800001,0.0001,8.0,18.51851851851852,1,-0.006964113452059495,-0.0012906295012354851,-0.022416428436135782
1704441600000,0.0001,8.0,18.14814814814815,1,-0.010835597222962234,-0.008993412525080458,-0.013192705836396312
1704470400000,0.0001,8.0,17.77777777777778,1,0.017753045975722026,0.008266205937128346,0.020445621199542297
1704499200000,0.0001,8.0,17.40740740740741,1,-0.015613494362651026,-0.012584273626378484,0.027756833384041002
1704528000000,0.0001,8.0,17.037037037037038,1,0.006391937290033622,0.00722060470324748,0.032645016797312465
1704556800000,0.0001,8.0,16.666666666666664,1,-0.0032936170591560954,-0.00683648081468069,0.00463776888600087
1704585600000,0.0001,8.0,16.296296296296298,1,0.004130626024283712,-0.009105239420015399,0.04687479067773537
1704614400001,0.0001,8.0,16.296296296296298,1,-0.007908705355158197,-0.011056183371713546,0.055378719847782865
1704643200001,0.0001,8.0,15.925925925925927,1,-0.005516147390024262,0.018340853994613715,0.09466174948356132
1704672000000,0.0001,8.0,15.555555555555555,1,0.0018296694877826258,0.050419562141164054,0.16321012357028897
1704700800000,0.0001,8.0,15.185185185185185,1,0.022883079026918107,0.03703936951201969,0.1664612422628473
1704729600000,0.0001,8.0,14.814814814814813,1,0.025044966599381713,-0.007352973512584016,0.148607464675383
1704758400001,0.0001,8.0,14.444444444444443,1,-0.010589826723638285,0.004882657333648233,0.1268116719987975
1704787200000,0.0001,8.0,14.074074074074074,1,-0.020903278418308524,0.029231623420000075,0.12467358960344943
1704816000000,0.0001,8.0,13.703703703703704,1,0.03860995308325843,0.08391850043638338,0.1729141100217526
1704844800000,0.0001,8.0,13.333333333333334,1,0.012127080542924551,0.1010092392741666,0.07748022897702556
1704873600000,0.0001,8.0,12.962962962962962,1,0.03111974611951429,0.09285350033926609,0.07479022408408742
1704902400000,0.0001,8.0,12.592592592592592,1,0.05498628714833975,0.0675301744045842,0.048606030384899857
1704931200000,0.0001,8.0,12.222222222222221,1,0.004629737247882737,0.015675244271910804,-0.0011235345622476745
1704960000000,0.0001,8.0,11.851851851851853,1,0.007226899182056767,-0.00011183568638184482,-0.01623160013728797
1704988800000,0.0001,8.0,11.481481481481481,1,0.0037406722489594646,0.013653262272046662,-0.02749030373339756
1705017600001,0.0001,8.0,11.11111111111111,1,-0.011852359991615713,-0.03373539892147337,-0.05747822938699276
1705046400000,0.0001,8.0,10.74074074074074,1,0.02109302684356673,-0.01641854365936446,-0.029882752236963905
1705075200000,0.0001,8.0,10.37037037037037,1,-0.04589630178017656,-0.03095762401368829,-0.04943172589887024
1705104000000,0.0001,8.0,10.0,0,0.009600234364484317,0.02068899991290496,-0.0052890363344128
1705132800000,0.0001,8.0,9.62962962962963,0,0.0059994588723371045,0.0003019335510914267,-0.009034479243048676
1705161600001,0.0001,8.0,9.25925925925926,0,0.005330927581399081,-0.007346135370411733,0.001655907175467597
1705190400000,0.0001,8.0,8.88888888888889,0,-0.010565346903313788,-0.039026622812461165,0.003929036862355684
1705219200000,0.0001,8.0,8.518518518518519,0,-0.004300274402195159,-0.013986671893375102,0.00019208153665228878
1705248000001,0.0001,8.0,8.148148148148149,0,-0.02698566325165619,-0.00908439954046858,-0.001471444533622801
1705276800000,0.0001,8.0,7.777777777777778,0,0.015216215561708601,0.014126460070551516,0.020878907984275275
1705305600000,0.0001,8.0,7.4074074074074066,0,0.000516832848305393,0.004719081468759434,0.00921950288631268
1705334400000,0.0001,8.0,7.037037037037037,0,-0.0015894334464480186,0.017217537808648098,0.003182840476512183
1705363200000,0.0001,8.0,6.666666666666667,0,0.005798728020950383,0.030147813835757153,-0.017790195095159556
1705392000000,0.0001,8.0,6.296296296296296,0,0.012963014256941463,0.009615422663115769,-0.02422057700449909
1705420800001,0.0001,8.0,5.9259259259259265,0,0.009829341422427751,-0.01044538106730819,-0.03921599207726223
1705449600000,0.0001,8.0,5.555555555555555,0,-0.014248349347272704,-0.022801995077983417,-0.0375332738364299
1705478400000,0.0001,8.0,5.185185185185185,0,-0.004369995571215091,-0.005087223543889907,-0.028446123637560716
1705507200000,0.0001,8.0,4.814814814814815,0,-0.00432619255690192,-0.006184211562231812,-0.030240046607934445
1705536000001,0.0001,8.0,4.444444444444445,0,0.0038854215662638136,-0.024842191804645863,-0.023660359609007142
1705564800000,0.0001,8.0,4.074074074074074,0,-0.005467774403094761,-0.02857187877928402,-0.024774375519497793
1705593600000,0.0001,8.0,3.7037037037037033,0,-0.022462697504188722,-0.02392033684143824,-0.02230425844579198
1705622400000,0.0001,8.0,3.3333333333333335,0,-0.0007860870692729671,0.009441148821679679,-0.004205971020130317
1705651200000,0.0001,8.0,2.9629629629629632,0,-0.0007056018296985878,0.00524335152758737,-0.019497319524083734
1705680000002,0.0001,8.0,2.5925925925925926,0,0.010705343337973128,0.0005600217515695505,-0.03572370637004463
1705708800000,0.0001,8.0,2.2222222222222223,0,-0.004941354035372214,-0.0077070672200768575,-0.06988543765705157
1705737600003,0.0001,8.0,1.8518518518518516,0,-0.005417507059297999,-0.001391690197660278,-0.06295683743444946
1705766400000,0.0001,8.0,1.4814814814814816,0,0.0034503474702864967,0.0019484315126323537,-0.09919546015457548
1705795200000,0.0001,8.0,1.1111111111111112,0,0.0014562988972581792,-0.005857557786749346,-0.09348629865454161
1705824000000,0.0001,8.0,0.7407407407407408,0,-0.0029487562711562054,-0.0233153715028962,-0.0969332934779974
1705852800000,0.0001,8.0,0.3703703703703704,0,-0.004367342970117427,-0.036255428793673494,-0.09515784015038575
1705881600000,0.0001,8.0,0.0,0,-0.016129951089300598,-0.057138439252260476,-0.09135151411574172
1705910400000,0.0001,8.0,0.0,0,-0.01615865006824113,-0.03876917986682671,-0.07854336407626461
1705939200000,0.0001,8.0,0.0,0,-0.025941324096299456,-0.06712543561330564,-0.07992164215181408
1705968000000,0.0001,8.0,0.0,0,0.0030382543847535803,-0.03288565115315556,-0.04273408369009801
1705996800000,0.0001,8.0,0.0,0,-0.045181915186561894,-0.038082576070494145,-0.05448850337326172
1706025600000,0.0001,8.0,0.0,0,0.009810062411283571,0.006439402473920275,0.01660545704436389
1706054400000,0.0001,8.0,0.0,0,-0.002351712689431129,-0.0035164129018439017,0.010888385127536981
1706083200000,0.0001,8.0,0.0,0,-0.0009885268266499603,-0.003426296602777823,0.009241160288953942
1706112000000,0.0001,8.0,0.0,0,-0.0001790959237768508,-0.020027401676337875,0.016235045490364586
1706140800000,0.0001,8.0,0.0,0,-0.0022614910615126327,-0.006690430981979745,0.014379500591122474
1706169600001,0.0001,8.0,0.0,0,-0.01817880007357653,-0.013620640923834637,0.023163165049327805
1706198400000,0.0001,8.0,0.0,0,0.013428000968606968,0.03074413695738576,0.036765948892269806
1706227200001,0.0001,8.0,0.0,0,-0.008308412606054083,0.02182649761166955,0.015719227976166206
1706256000000,0.0001,8.0,0.0,0,0.026611816957297307,0.026752885070443044,0.028222723797735716
1706284800000,0.0001,8.0,0.0,0,0.00413120567375902,0.006072695035460818,0.008679078014184327
1706313600000,6.877e-05,8.0,0.0,0,-0.003977363021559932,-7.504458531248925e-05,0.0215422103720444
1706342400000,0.0001,8.0,0.3703703703703704,0,0.005934468224667588,0.011922120630587063,0.023303535418448762
1706371200000,0.0001,8.0,0.3703703703703704,0,-0.0020046702207339173,-0.00022910516808383186,0.033123320262589795
1706400000000,6.557e-05,8.0,0.0,0,0.007972981921726907,-0.004887093569962309,0.03549875284197501
1706428800000,6.135e-05,8.0,0.0,0,-0.006144857459454145,-0.010366983326106749,0.024991130907800807
1706457600000,8.266e-05,8.0,1.1111111111111112,0,-0.006654386165927728,0.002820402083572038,0.025965326681885115
1706486400000,0.0001,8.0,1.4814814814814816,0,0.00242227427597963,0.02663614423622951,0.013943604486087668
1706515200001,0.0001,8.0,1.4814814814814816,0,0.009364406404616776,0.021813402253476166,0.004337012418017316
1706544000000,0.0001,8.0,1.4814814814814816,0,0.016936341504143915,0.030453774422345203,0.006161066629167156
1706572800000,0.0001,8.0,1.4814814814814816,0,-0.0022600383731180562,0.013586158021191563,-0.0042175859505988456
1706601600000,6.195e-05,8.0,0.3703703703703704,0,0.01558757671435207,0.013590946298871032,0.0018926843634821111
1706630400001,0.0001,8.0,1.8518518518518516,0,0.0008517307168165456,-0.008679136004360766,-0.01300592804578904
1706659200000,0.0001,8.0,1.8518518518518516,0,-0.0022553249543818543,-0.025601562100308506,-0.016102764371834444
1706688000000,0.0001,8.0,1.8518518518518516,0,-0.005200254671469562,-0.029846983467719523,-0.011165378353779731
1706716800000,0.0001,8.0,1.8518518518518516,0,-0.0182938877195995,-0.016537090331171345,-0.01038185644946521
1706745600000,5.527e-05,8.0,0.0,0,-0.006602465095317922,0.008247612130334092,0.004090990632287683
1706774400000,7.871e-05,8.0,1.8518518518518516,0,0.00844777618238024,0.018868755560645267,0.008302428625540648
1706803200002,0.0001,8.0,2.5925925925925926,0,0.005243831621047024,0.011924150005894418,0.004230868310403313
1706832000000,0.0001,8.0,2.5925925925925926,0,0.0038622437466369064,0.0014884827023553537,-0.007134301931989828
1706860800000,3.678e-05,8.0,0.0,0,0.000873226528794957,0.00038041551749468105,-0.0005706232762422436
1706889600000,0.0001,8.0,2.9629629629629632,0,-0.003235029888393748,-0.004902214850903697,-0.009316367782730484
1706918400000,8.15e-05,8.0,2.5925925925925926,0,0.002751550184375562,-0.005602762816374063,-0.003340858570320515
1706947200000,0.0001,8.0,3.3333333333333335,0,-0.004412006188043938,-0.010746972957556555,0.005881234497480792
1706976000001,4.476e-05,8.0,0.3703703703703704,0,-0.003920070500492812,-0.00153243066076858,0.017959392758071235
1707004800000,3.18e-05,8.0,0.0,0,-0.0024358784413864853,-0.0030241496213276875,0.03366654174982342
1707033600004,9.094e-05,8.0,4.074074074074074,0,0.003880215266835574,0.009816202626674375,0.030583428992933426
1707062400000,0.0001,8.0,4.444444444444445,0,-0.00533001765079244,-0.002812823344259918,0.029336834508603582
1707091200000,0.0001,8.0,4.444444444444445,0,0.010498618832826212,0.005314871149340927,0.05971799713276682
1707120000000,0.0001,8.0,4.444444444444445,0,-0.00788515272887702,0.0068384127615768175,0.047289289514433674
1707148800000,0.0001,8.0,4.444444444444445,0,0.002777160146661961,0.022029811964023205,0.06942464391749592
1707177600000,5.691e-05,8.0,1.4814814814814816,0,0.012030016347257533,0.03132064971653148,0.05238078675524327
1707206400001,0.0001,8.0,4.814814814814815,0,0.008737024593584275,0.015740410136841243,0.05555818445403249
1707235200000,0.0001,8.0,4.814814814814815,0,0.011892980240931106,0.009990444664368825,0.06378613111285536
1707264000000,7.659e-05,8.0,3.3333333333333335,0,-0.004670927271807512,0.022102591774446623,0.04846719390250076
1707292800000,4.883e-05,8.0,1.1111111111111112,0,0.002803849151221449,0.025509944770101267,0.05680124013146748
1707321600000,4.309e-05,8.0,0.7407407407407408,0,0.024027943201304414,0.03602290869466063,0.05111375788753447
1707350400000,0.0001,8.0,5.9259259259259265,0,-0.0013528283599019142,-0.0016456662061001825,0.031181043905054606
1707379200000,7.523e-05,8.0,4.074074074074074,0,0.013084042671820839,0.013195554399137555,0.04400996171430682
1707408000000,9.802e-05,8.0,6.296296296296296,0,-0.013204508856682673,0.01664118714201268,0.02203876964471374
1707436800000,7.752e-05,8.0,4.814814814814815,0,0.013492745480384594,0.027485375285058122,0.035491787024490185
1707465600000,0.0001,8.0,7.037037037037037,0,0.01652929619031318,0.017091822176568128,0.0193623074979008
1707494400001,0.0001,8.0,7.037037037037037,0,-0.002096839505578929,-0.00267417198895048,0.023666622564879836
1707523200001,7.838e-05,8.0,5.185185185185185,0,0.0024949779027723107,0.0033547609481718865,0.07235034150261144
1707552000000,9.615e-05,8.0,7.037037037037037,0,-0.002593030479129621,0.013097408973408387,0.06214456044726768
1707580800000,9.995e-05,8.0,7.777777777777778,0,0.004608868958644763,0.007365350306186569,0.0585571467605317
1707609600000,0.0001,8.0,8.148148148148149,0,0.011071335719856634,0.0025278483291002463,0.055696658200508065
1707638400001,0.0001,8.0,8.148148148148149,0,-0.007604863630788161,-0.011134280050487999,0.050472237499653794
1707667200000,4.792e-05,8.0,1.4814814814814816,0,-0.00021539602953335457,0.019800479455606368,0.09753850204027903
1707696000000,5.076e-05,8.0,2.2222222222222223,0,-0.0022940629650464173,0.06379888847662274,0.10719458042585805
1707724800000,9.971e-05,8.0,8.518518518518519,0,0.022365558719088963,0.05977878371029144,0.11001231645286169
1707753600000,0.0001,8.0,9.25925925925926,0,0.042919445367961995,0.030414800617996063,0.10558738974830328
1707782400000,0.0001,8.0,9.25925925925926,0,-0.006064401923206786,-0.010118587748182972,0.05918511239958302
1707811200000,0.0001,8.0,9.25925925925926,0,-0.005961791707072339,0.0012187713426483615,0.06261390606782102
1707840000000,0.0001,8.0,9.25925925925926,0,0.0018941622602404173,0.04446156824488212,0.05370462456489311
1707868800000,0.0001,8.0,9.25925925925926,0,0.005319390770629706,0.05143214366901572,0.06190800939607488
1707897600000,0.0001,8.0,9.25925925925926,0,0.03697087554269163,0.046125030149541724,0.05357573564881801
1707926400000,0.00013082,8.0,81.11111111111111,8,0.008580649381800809,0.027279269063869682,0.0006469104574167162
1707955200000,0.0001,8.0,9.25925925925926,0,0.00024503180008284,0.017671116876565307,0.004662811019224167
1707984000000,0.00012136,8.0,79.62962962962963,7,0.018290024965505802,0.014525385200102381,0.01018794378618293
1708012800000,0.00015412,8.0,82.5925925925926,8,-0.0008526144484539699,-0.017940281610415387,-0.006838604684072713
1708041600000,0.00011125,8.0,78.51851851851852,7,-0.0028468339594716063,-0.007573853033967182,0.020827210633845405
1708070400000,0.00011597,8.0,78.88888888888889,7,-0.014296113488273088,-0.007297196527173644,0.03977415975711507
1708099200000,0.0001,8.0,9.25925925925926,0,0.00969418817028056,-0.008130725641145586,0.048517772678312365
1708128000000,0.0001,8.0,9.25925925925926,0,-0.002568859711716942,-0.0052483231054659685,0.052065791351505686
1708156800000,0.0001,8.0,9.25925925925926,0,-0.015123765917870902,0.003044069251681325,0.046126055229646745
1708185600000,0.00013519,8.0,81.11111111111111,8,0.012628390452253946,0.01959452588148114,0.06235381285139385
1708214400000,0.0001,8.0,9.25925925925926,0,0.00574586903579144,0.0340448120397836,0.08230724259259925
1708243200000,0.0001114,8.0,77.77777777777779,7,0.0011269172749999168,0.04423863543156292,0.047772733594616534
1708272000000,0.0001,8.0,9.25925925925926,0,0.026979948490882588,0.03679731554143362,0.037659363011039115
1708300800000,0.0001,8.0,9.25925925925926,0,0.015660715710316575,0.02279561985563694,0.02916743264851651
1708329600000,0.0001,8.0,9.25925925925926,0,-0.006007185399704795,-0.0012328561280803285,0.022341675318288567
1708358400000,0.0001,8.0,9.25925925925926,0,0.013110833960358281,0.004957791772745468,0.025637589887891332
1708387200000,0.000265,8.0,88.14814814814815,8,-0.008200140399426181,0.0233456437178039,0.008176401366011943
1708416000000,0.0001,8.0,9.25925925925926,0,0.0001538698261269733,0.0046229334427518864,0.0032278470191993147
1708444800000,0.00025431,8.0,87.4074074074074,8,0.031647863247863395,-0.004105982905982963,-0.003299145299145323
1708473600000,0.00020319,8.0,83.7037037037037,8,-0.026345702005255878,-0.016725378367361876,-0.03037212061360639
1708502400000,0.00011802,8.0,77.4074074074074,7,-0.00853621595128784,0.018893355161721637,0.009165881003515786
1708531200000,0.0001,8.0,9.25925925925926,0,0.0185754156382274,0.024785529644798077,0.015259235356111844
1708560000001,0.0001,8.0,9.25925925925926,0,0.008769092905894782,0.0018899197542092683,0.00913292772488683
1708588800001,0.0001,8.0,9.25925925925926,0,-0.0023143123353180917,-0.019836962874155373,0.012296245337144907
1708617600000,0.0001,8.0,9.25925925925926,0,-0.0041370901014675665,-0.023395495764088725,0.019750836630164192
1708646400000,0.0001,8.0,9.25925925925926,0,-0.013068311782672537,-0.015782887743706397,0.047466395769701686
1708675200000,0.0001,8.0,9.25925925925926,0,-0.006353123221278789,0.010569224843983926,0.05357209806441077
1708704000000,0.0001,8.0,9.25925925925926,0,0.0036256367160032443,0.014437374586241836,0.07793918397448008
1708732800000,0.0001,8.0,9.25925925925926,0,0.01335648274730672,0.023151692459123963,0.08659498550883127
1708761600001,0.0001,8.0,9.25925925925926,0,-0.0015688788420662458,0.022716690846519727,0.08780323222780795
1708790400000,0.0001,8.0,9.25925925925926,0,0.012247078554425306,0.029319276130707728,0.0935538844405972
1708819200001,0.0001,8.0,9.25925925925926,0,0.011931270009247319,0.03947935062377117,0.083588995456503
1708848000000,0.00025856,8.0,87.4074074074074,8,0.0036464463632797095,0.01914878885888638,0.08931156015812247
1708876800000,0.0002111,8.0,83.33333333333334,8,0.02292922490678828,0.032330864116419944,0.10184123646995058
1708905600000,0.00059496,8.0,99.62962962962963,9,-0.007315467493055339,0.02098299587340846,0.08767000112397438
1708934400000,0.00018258,8.0,81.48148148148148,8,0.016628008165193053,0.04258258199969589,0.12449331482901305
1708963200000,0.00020172,8.0,82.22222222222221,8,0.01168470392067622,0.029132207078919503,0.10519733848410695
1708992000000,0.00028561,8.0,90.37037037037037,9,0.013685445492547244,0.02067128195288892,0.052348165785442546
1709020800000,0.00066751,8.0,100.0,9,0.0035124736254188438,0.025189276405610084,0.04548839518431169
1709049600000,0.00029666,8.0,90.37037037037037,9,0.0033672219954734572,0.03711983476185177,0.05045885743262457
1709078400000,0.00033546,8.0,92.5925925925926,9,0.01817251718792856,0.04374100542063042,0.05974711942336075
1709107200000,0.00032021,8.0,91.85185185185185,9,0.015190769919914748,0.052064479809199815,0.039918522509216015
1709136000000,0.00043581,8.0,94.44444444444444,9,0.009772909542450137,0.035475244248204474,0.020049669515856294
1709164800000,0.00062574,8.0,99.25925925925925,9,0.0262920917049263,-0.012173194171747448,0.01161516999069967
1709193600000,0.00073381,8.0,100.0,9,-0.0008170310701957062,-0.030667433831990776,-0.021004027617951726
1709222400000,0.00075727,8.0,100.0,9,-0.036692810005873655,-0.021838901749415496,-0.013195476165797082
1709251200000,0.0005304,8.0,97.03703703703704,9,0.007077699269514515,0.027847518620805145,0.044113075810289004
1709280000000,0.00039096,8.0,91.11111111111111,9,0.008283373894461876,0.019727547931382317,0.033911082091766964
1709308800000,0.00052446,8.0,96.66666666666667,9,0.012239095048729665,0.007096791284869619,0.0501278953054034
1709337600000,0.00048856,8.0,94.07407407407408,9,-0.0008781903463036533,-0.003663972968021678,0.05568366536876734
1709366400001,0.00057488,8.0,97.77777777777777,9,-0.00425486124440877,-0.011383135277249434,0.07221921696593192
1709395200000,0.00055344,8.0,97.03703703703704,9,0.0014233856118219812,0.0017273529704040502,0.11056812668424221
1709424000000,0.00039105,8.0,89.62962962962962,8,-0.006800358405155471,0.019560515893283892,0.04010460293787155
1709452800000,0.00038668,8.0,88.88888888888889,8,0.007152533507297942,0.023705623583965885,0.11309759946400089
1709481600000,0.00037021,8.0,88.51851851851852,8,0.019251137182588307,0.04092982000566048,0.10815999626531458
1709510400000,0.00041907,8.0,90.0,8,-0.0027624230314515774,0.03923785750477338,0.09529357543418704
1709539200000,0.00028996,8.0,83.7037037037037,8,0.024098218540270944,0.05921645625577687,0.08890362434910415
1709568000000,0.00050061,8.0,94.81481481481482,9,0.017594411945251798,0.06506036253962733,0.07879504766496326
1709596800000,0.00038776,8.0,88.14814814814815,8,0.016408750599110844,-0.018367223265884136,0.06710867732854409
1709625600000,0.00101724,8.0,100.0,9,0.029748370574127048,0.026534234881231633,0.06089784414422961
1709654400000,0.00082409,8.0,99.62962962962963,9,-0.06211510321813185,-0.00044476961460304665,0.02962849894202746
1709683200000,0.0002058,8.0,73.70370370370371,7,0.06290091758565541,0.07365939893930462,0.09056598479108802
1709712000001,0.00038362,8.0,86.66666666666667,8,-0.001162144142767163,0.0010461932532392915,0.037038403461661096
1709740800000,0.00040511,8.0,88.14814814814815,8,0.0074170030252525,0.013346392735181123,0.033219853450341175
1709769600000,0.00035699,8.0,85.18518518518519,8,-0.008580314672521072,0.01249542627149669,0.021546181590089475
1709798400000,0.00039169,8.0,87.77777777777777,8,0.014591247360526305,0.03197420763068193,0.041973232244679526
1709827200000,0.00044218,8.0,91.11111111111111,9,0.006571015818246151,0.016519778004115748,0.011006256625579525
1709856000000,0.00042931,8.0,88.88888888888889,8,0.01049300337376513,0.0032111429758827637,0.002090856760823989
1709884800000,0.00057985,8.0,97.03703703703704,9,-0.0006028620620947001,0.004511247464658474,0.02807140339135472
1709913600000,0.00048823,8.0,91.48148148148148,9,-0.006607366510748225,0.0030416890320270618,0.02780206016920994
1709942400000,0.00033201,8.0,82.5925925925926,8,0.011802544738771958,0.005709580722767615,0.04900101635168341
1709971200001,0.0003653,8.0,83.33333333333334,8,-0.0029045094860314924,0.004126792130634271,0.024458358532854163
1710000000000,0.00035498,8.0,82.5925925925926,8,-0.003965139391468364,-0.008439936802405512,0.018342592120687007
1710028800000,0.00034688,8.0,82.22222222222221,8,0.01124432027508293,-0.006787527119407222,0.019891829383110293
1710057600000,0.00049375,8.0,92.22222222222223,9,-0.015561947988534164,0.018205784055518093,0.023875484176198336
1710086400000,0.00029818,8.0,78.88888888888889,7,-0.0023052725721393053,0.0334071774417386,0.01947274278606459
1710115200000,0.00029368,8.0,77.77777777777779,7,0.03669138690042262,0.05017374572075495,0.03282493283291821
1710144000000,0.00067235,8.0,98.51851851851852,9,-0.0008646929470376152,0.0025369295946131576,-0.01285858046241195
1710172800000,0.00064296,8.0,97.77777777777777,9,0.013881877211786797,-0.0061898947295123685,-0.0404718147159836
1710201600000,0.00068106,8.0,98.51851851851852,9,-0.01033385742563564,-0.022198293306907924,-0.04584131531633173
1710230400000,0.00037542,8.0,82.5925925925926,8,-0.009561907027927363,0.003023723839831849,-0.06824693414230343
1710259200000,0.00048306,8.0,89.62962962962962,8,-0.0024498395968149955,-0.007339509231315877,-0.07511923887312388
1710288000000,0.00046983,8.0,88.88888888888889,8,0.01519419825957824,0.00580725919942604,-0.06052844804447133
1710316800001,0.00060121,8.0,96.29629629629629,9,-0.018627417067349383,-0.018988154949274416,-0.07702989182805164
1710345600000,0.00044242,8.0,87.77777777777777,8,0.010761687485032256,-0.02735671880711399,-0.07281848317934891
1710374400001,0.00040995,8.0,84.07407407407408,8,-0.010568627548706466,-0.03051470038526527,-0.11862231547889024
1710403200000,0.00050365,8.0,92.22222222222223,9,-0.02881343133306491,-0.053715263793797874,-0.12457460732984305
1710432000000,0.00035217,8.0,78.14814814814814,7,0.008208214434742622,-0.04207519833710438,-0.05997154209204503
1710460800000,0.00040271,8.0,82.5925925925926,8,-0.03357326478149103,-0.03724935732647816,-0.06333419023136244
1710489600000,0.00023171,8.0,67.77777777777779,6,-0.016867053253178832,-0.00541841783263286,-0.035330105867957706
1710518400000,0.00033557,8.0,77.03703703703704,7,0.0132873736130239,-0.004870143046923792,-0.04540867264251258
1710547200000,0.00018856,8.0,63.70370370370371,6,-0.0016207844917357495,-0.05443913380150067,-0.05966195829216847
1710576000000,0.0002749,8.0,70.74074074074073,7,-0.01632508966229218,-0.06984164342088728,-0.1025025207072423
1710604800000,0.00028914,8.0,72.22222222222221,7,-0.03718607174027122,-0.013879863729917674,-0.10098178624737963
1710633600000,0.00013396,8.0,60.0,5,-0.01788366721073531,0.028919411954072327,-0.10534505057579024
1710662400000,0.00011824,8.0,58.51851851851851,5,0.0428564445684021,0.04275293353153775,-0.07520364358849752
1710691200000,0.00030376,8.0,74.07407407407408,7,0.0046016752413879924,-0.027235079709066135,-0.0938394348955317
1710720000000,0.00017304,8.0,61.111111111111114,6,-0.004679399390168593,-0.0334748588632765,-0.03486632835935588
1710748800000,0.00026393,8.0,67.77777777777779,6,-0.027138516177776295,-0.07467365948083315,-0.028671641050245666
1710777600001,0.00029608,8.0,72.96296296296296,7,0.00011626423173449751,-0.06093096456776648,-0.009488295594719864
1710806400000,0.00028148,8.0,70.37037037037037,7,-0.047105626323949434,-0.10037595906475916,-0.005295798004350094
1710835200000,0.00023311,8.0,65.18518518518519,6,-0.014658334748805846,-0.04154933145000994,0.0476313930930905
1710864000001,0.00013469,8.0,58.14814814814815,5,-0.04085059095658261,-0.008246818739091277,0.007585502992529136
1710892800000,0.00016096,8.0,59.62962962962963,5,0.01520436087709931,0.10997515916128231,0.05143032097393774
1710921600004,0.0001,8.0,9.25925925925926,0,0.022570039043769974,0.09704898841141052,0.04908493109739753
1710950400000,0.0001,8.0,9.25925925925926,0,0.06998134844930459,0.0630258109469084,0.03454340212804152
1710979200000,0.00019507,8.0,62.59259259259259,6,0.0017090419980718696,-0.0038616955630311756,-0.05171487150904719
1711008000000,0.00013771,8.0,59.62962962962963,5,-0.008195650939646804,-0.0019843297564298146,-0.051359791063419036
1711036800000,0.00017743,8.0,61.48148148148148,6,0.0026561869406049876,-0.04266214046305816,-0.02626133101298611
1711065600000,0.00022775,8.0,66.66666666666666,6,0.0035969066602721256,-0.049072083722284554,-0.011812698222385953
1711094400000,0.00023317,8.0,67.4074074074074,6,-0.0486202963354867,-0.04084924095676146,-0.019538572253463893
1711123200000,0.00016092,8.0,60.370370370370374,6,-0.004057189327528965,0.01657557673678789,0.07146573065285766
1711152000000,0.00010552,8.0,55.18518518518518,5,0.012275187550095934,0.001086724845471787,0.07872150724533267
1711180800000,0.00012459,8.0,57.77777777777777,5,0.008339264531435298,-0.008991696322657172,0.0783066429418744
1711209600000,0.00013906,8.0,60.370370370370374,6,-0.019231674176205527,0.0005470395162523456,0.05832441207957362
1711238400000,0.00012767,8.0,58.14814814814815,5,0.002084126750891313,0.03805405535080797,0.0761920755203569
1711267200000,0.00017907,8.0,62.59259259259259,6,0.018044815781283807,0.031493141174499195,0.06870795527997897
1711296000000,0.00017171,8.0,61.85185185185185,6,0.017533906724907178,0.053418891351507014,0.036746247773355556
1711324800000,0.00020242,8.0,64.81481481481481,6,-0.004249443181391421,0.03804854938280533,0.011789243795552906
1711353600001,0.00011009,8.0,55.55555555555556,5,0.03704852005853132,0.056276893209509904,0.03686597221216115
1711382400000,0.00022958,8.0,67.4074074074074,6,0.0026871593962680684,0.004107475214233158,-0.0005636616802140448
1711411200000,0.00039028,8.0,83.33333333333334,8,0.011885877762749963,-0.0012606655646280052,-0.008421134654666762
1711440000000,0.00018,8.0,63.70370370370371,6,-0.010346392376342606,-0.0178132863959517,-0.029166265590407248
1711468800000,0.00026242,8.0,70.37037037037037,7,-0.002673388116484099,-0.01985310260307971,-0.02907934849364857
1711497600000,0.00024667,8.0,69.62962962962963,6,-0.004884627494907701,-0.02406647328780287,-0.020569492394414857
1711526400001,0.00021635,8.0,67.03703703703704,6,-0.01202315570728818,0.0021760987618362204,-0.020562312882112632
1711555200000,0.00035332,8.0,81.11111111111111,8,-0.00696060947153232,0.015508975075064102,0.0033229467619699804
1711584000000,0.00038952,8.0,84.44444444444444,8,0.021519283699363845,0.017313644202327394,0.0022441497927159215
1711612800000,0.00035672,8.0,81.85185185185185,8,0.0010844622827932415,-0.013362923128953152,0.015056696694346616
1711641600000,0.00036879,8.0,82.96296296296296,8,-0.005195871222802628,-0.02454148739840689,0.011717932037669243
1711670400000,0.00034117,8.0,80.37037037037037,8,-0.009284102518046122,-0.01349675000280659,0.02327200062866952
1711699200000,0.00030332,8.0,77.03703703703704,7,-0.010257790368272013,-0.00912464589235129,0.00492917847025498
1711728000000,0.00037327,8.0,83.7037037037037,8,0.006067909061506116,0.012857097879380275,-0.011225631763786548
1711756800000,0.00024188,8.0,69.62962962962963,6,-0.004893328288273935,-0.0013342854460466347,-0.002273121687401569
1711785600000,0.00024854,8.0,70.37037037037037,7,0.011698815537811047,0.03827845582496381,-0.0370233776184391
1711814400000,0.00045204,8.0,90.37037037037037,9,-0.008028349313732974,0.024005923062358825,-0.08391475989838104
1711843200000,0.00026461,8.0,72.22222222222221,7,0.03457824117596786,0.038657664587072205,-0.06437056661823781
1711872000000,0.00065366,8.0,97.4074074074074,9,-0.0022083443475195974,-0.02320689047493163,-0.08913230240549819
1711900800001,0.00058292,8.0,95.18518518518519,9,0.005235385468357334,-0.04733362204268299,-0.08021890421009936
1711929600000,0.00060909,8.0,95.92592592592592,9,-0.027043335161821114,-0.03812397147558966,-0.09200493691716949
1711958400000,0.00035798,8.0,81.48148148148148,8,-0.02616846140835538,-0.05049050008456901,-0.06354231267970922
1711987200000,0.00019362,8.0,64.81481481481481,6,0.015176997426597172,-0.06160245703517364,-0.02572534353045397
1712016000007,0.00015034,8.0,61.111111111111114,6,-0.038905556632938265,-0.06354878452219348,-0.05175334527326869
1712044800015,0.0001,8.0,9.25925925925926,0,-0.038795021988,-0.01983371018569624,-0.02470015014747684
1712073600000,0.00012642,8.0,58.88888888888889,5,0.01313484033364598,0.028404323577315926,0.02624500271457486
1712102400000,0.0001,8.0,9.25925925925926,0,0.007197793163923327,0.007980294366600305,0.010747973717702752
1712131200000,0.0001,8.0,9.25925925925926,0,0.007817459597700083,0.004235213030308493,0.006762435081227869
1712160000000,0.0001,8.0,9.25925925925926,0,-0.006985938137403114,0.00955654740479428,0.00194070501283794
1712188800000,0.0001,8.0,9.25925925925926,0,0.003455619156937484,0.004395040099077097,0.013508329431665356
1712217600000,0.0001,8.0,9.25925925925926,0,0.013157775911426528,-0.009328745721690845,0.01971107679433115
1712246400000,0.0001,8.0,9.25925925925926,0,-0.012062869536797693,-0.011545889413791977,0.008815402442285514
1712275200000,0.0001,8.0,9.25925925925926,0,-0.010255330666746887,-0.001642055878018689,0.03821839944663319
1712304000000,0.0001,8.0,9.25925925925926,0,0.010890306897599622,0.011956852020662323,0.05677909450015206
1712332800000,0.0001,8.0,9.25925925925926,0,-0.002164215892558774,0.004048887232328546,0.09306428923543053
1712361600000,0.00016732,8.0,62.96296296296296,6,0.0032262534491691586,0.010733091540046535,0.11538600571146262
1712390400000,0.0001,8.0,9.25925925925926,0,0.0029906766556067055,0.017151350458660453,0.09099043644061444
1712419200000,0.0001,8.0,9.25925925925926,0,0.004478626235289607,0.01648350003442789,0.057913786444970805
1712448000000,0.0001,8.0,9.25925925925926,0,0.009596843175064818,0.02888292149365035,0.044869712422547225
1712476800000,0.0001,8.0,9.25925925925926,0,0.002332123974529754,0.026683631146549036,0.04405647872896301
1712505600000,0.0001,8.0,9.25925925925926,0,0.016731608042716895,0.07100257114835795,0.02577333250868108
1712534400001,0.0001,8.0,9.25925925925926,0,0.008540690039050558,0.07358445165349048,0.026283060384939994
1712563200000,0.0001,8.0,9.25925925925926,0,0.04559988038621432,0.044717153651958386,0.031668899840706644
1712592000006,0.00031896,8.0,77.77777777777779,7,0.017935974754943684,-0.03035234225963046,-0.03504180937563561
1712620800000,0.00024848,8.0,70.74074074074073,7,-0.01871617315025864,-0.05316689532986907,-0.0537259498525392
1712649600001,0.00010159,8.0,54.074074074074076,5,-0.026735312132699862,-0.024514267110323784,-0.029521964893693298
1712678400001,0.00015222,8.0,60.74074074074074,6,-0.006026897083503346,-0.013975824375198509,-0.023413049394475527
1712707200000,0.00018733,8.0,64.44444444444444,6,0.008811062747088982,0.010305720202406166,-0.07802454204722431
1712736000001,0.00015363,8.0,60.370370370370374,6,-0.01622086396252953,0.01549396561233407,-0.07825046597861174
1712764800000,0.00013253,8.0,57.407407407407405,5,0.016960101984564435,0.007499540610069744,-0.059890090959206166
1712793600000,0.0001,8.0,9.25925925925926,0,0.013001312836149692,-0.010785019551377006,-0.15096768729089904
1712822400000,0.00015483,8.0,60.74074074074074,6,-0.022017837235228543,-0.019138795986622048,-0.14138517279821627
1712851200000,0.0001,8.0,9.25925925925926,0,-0.0014961527500712002,-0.019304645198062076,-0.1286976346537475
1712880000000,0.0001,8.0,9.25925925925926,0,0.0044466642882625695,-0.07747984302532995,-0.10279843025330004
1712908800001,0.0001,8.0,9.25925925925926,0,-0.020608855354208533,-0.07349420882351276,-0.07703942093921112
1712937600000,0.0001,8.0,9.25925925925926,0,-0.060727756693769175,-0.048520018830312206,-0.08081051707804698
1712966400000,0.0001,8.0,9.25925925925926,0,0.008263516774536628,-0.06962577499474065,-0.042651007957231424
1712995200000,0.0001,8.0,9.25925925925926,0,0.004694706028554929,-0.054704064756258775,-0.047680416325303177
1713024000001,0.0001,8.0,9.25925925925926,0,-0.07984622660218765,-0.06593644643102325,-0.08128632667693858
1713052800000,0.0001,8.0,9.25925925925926,0,0.024434446317707748,0.04533740352417337,0.024999750601051307
1713081600000,0.0001,8.0,9.25925925925926,0,-0.007566437606915222,0.05324746568161243,0.0012789259618724014
1713110400000,0.0001,8.0,9.25925925925926,0,0.028184077974749755,0.03459475371230458,-0.036308628246222385
1713139200000,0.0001,8.0,9.25925925925926,0,0.03218633591744413,-0.01563509004094077,-0.050569893465073235
1713168000001,5.422e-05,8.0,2.5925925925925926,0,-0.024780990869999187,-0.044039008883577146,-0.08411059499020468
1713196800000,8.871e-05,8.0,7.777777777777778,0,-0.021734525807971083,-0.04784440924768507,-0.030282912394844375
1713225600001,7.898e-05,8.0,7.037037037037037,0,0.002921378089018045,-0.005412951658302134,-0.011239549771686508
1713254400000,8.536e-05,8.0,8.148148148148149,0,-0.029568887743265826,-0.006105812604717098,-0.007014434849851758
1713283200000,5.787e-05,8.0,3.7037037037037033,0,0.023434257577618967,-0.0217276539512522,0.023503982628501507
1713312000000,9.805e-05,8.0,10.37037037037037,1,0.0007267041049050516,-0.03173166450926379,-0.009038382304754955
1713340800000,5.11e-06,8.0,0.0,0,-0.04482194090091263,-0.0349180620167604,-0.008088437910297896
1713369600000,4.92e-06,8.0,0.0,0,0.012968412192547518,0.041063810289880154,0.05580048805487414
1713398400000,3.509e-05,8.0,1.1111111111111112,0,-0.0025665080747838687,0.025058634322857376,0.05596394826777473
1713427200000,2.246e-05,8.0,0.7407407407407408,0,0.030380189053188955,0.03523416662747647,0.06681693282363765
1713456000000,6.353e-05,8.0,6.296296296296296,0,-0.002604828876761389,0.004968409522132733,0.03021471092593675
1713484800001,3.973e-05,8.0,2.2222222222222223,0,0.008278724690732542,-0.0027780955338029267,0.02841501478927322
1713513600000,8.503e-05,8.0,10.74074074074074,1,0.0002563411998715015,-0.007180798421717038,0.04105028505790398
1713542400000,5.417e-05,8.0,4.444444444444445,0,-0.009105890443843134,0.009141574375044703,0.03200524229389301
1713571200000,0.0001,8.0,14.444444444444443,1,0.00168600939581931,0.03178209556235778,0.04667463292465324
1713600000000,2.386e-05,8.0,1.1111111111111112,0,0.01670098375657747,0.03796123802987217,0.032611040298068605
1713628800000,5.114e-05,8.0,4.814814814814815,0,0.013125241095538032,0.015835154944065843,0.036633663366336666
1713657600000,5.559e-05,8.0,6.296296296296296,0,0.0076849122517552715,-0.0015706158400574655,0.021649114902447364
1713686400000,-6.27e-06,8.0,0.0,0,-0.004971897287340377,0.010230332037092449,0.022667947163751423
1713715200000,4.395e-05,8.0,3.7037037037037033,0,-0.0042340968209464425,0.006715062372233627,0.006183426896957611
1713744000000,3.417e-05,8.0,2.2222222222222223,0,0.01959525595230538,0.01602959309494456,-0.00363557781534829
1713772800000,4.908e-05,8.0,5.555555555555555,0,-0.008434268188533656,-0.015229059264292522,-0.02253813498569357
1713801600000,-1.974e-05,8.0,0.0,0,0.004979127898204316,0.01366745460946528,-0.006751999195292457
1713830400000,6.74e-06,8.0,1.4814814814814816,0,-0.011773095786207555,0.007112651386247615,-0.012899109198278413
1713859200000,1.147e-05,8.0,1.8518518518518516,0,0.020661627862812892,0.027966627419701906,-0.008764100421588372
1713888000001,6.979e-05,8.0,11.851851851851853,1,0.0015077517090442694,-0.01220812569364349,-0.03083585402476441
1713916800000,4.713e-05,8.0,5.9259259259259265,0,0.008689818811998151,-0.026280645742361552,-0.027696856385060364
1713945600000,1.937e-05,8.0,2.2222222222222223,0,-0.02101088723582445,-0.03442595694369177,-0.03905364796295385
1713974400000,4.804e-05,8.0,7.037037037037037,0,-0.013951440432758866,-0.006227198389734512,-0.011086300163542617
1714003200000,4.66e-06,8.0,0.7407407407407408,0,0.00025197433051382667,0.006583228078233416,0.03864137992625771
1714032000000,1.706e-05,8.0,2.5925925925925926,0,0.007579646878377977,-0.0013520278823864196,0.05826793748784298
1714060800010,0.0001,8.0,20.37037037037037,2,-0.002969993586077524,-0.014998467609692256,0.04846776767067196
1714089600001,1.631e-05,8.0,2.5925925925925926,0,-0.006879854480461689,-0.007973152405730932,0.034557721376984984
1714118400000,3.847e-05,8.0,5.9259259259259265,0,-0.005045038141127001,-0.0034453140216936795,0.016840209592597244
1714147200000,4.582e-05,8.0,7.777777777777778,0,0.004714392536561363,0.009101441275485511,0.020115597290107035
1714176000000,0.0001,8.0,21.11111111111111,2,-0.0030919800171208545,0.04015421569754807,0.02632974305901592
1714204800001,7.026e-05,8.0,14.444444444444443,1,0.007593882616702796,0.06365922011370007,0.010534069981583682
1714233600000,2.355e-05,8.0,4.074074074074074,0,0.03563216563041638,0.05592888832350096,-0.04786362841286751
1714262400000,9.322e-05,8.0,18.88888888888889,1,0.01915311126738506,0.0004944125242984931,-0.07396227110389109
1714291200000,8.3e-05,8.0,17.40740740740741,1,0.0004369101712686785,-0.04044582916510986,-0.13566814111294578
1714320000000,8.272e-05,8.0,17.40740740740741,1,-0.018736766650302217,-0.04262983365510009,-0.1328078645627836
1714348800000,8.816e-05,8.0,18.88888888888889,1,-0.022550644567219114,-0.013778391651319777,-0.0880049109883363
1714377600000,0.0001,8.0,22.22222222222222,2,-0.001840145955604111,-0.009345178095354845,-0.08308918427523071
1714406400000,5.981e-05,8.0,13.333333333333334,1,0.010834720181711166,-0.05814381486596598,-0.0603648695838197
1714435200000,7.518e-05,8.0,14.814814814814813,1,-0.01815686359944113,-0.0614887134271781,-0.07074765569806207
1714464000000,7.389e-05,8.0,14.814814814814813,1,-0.05100847288391863,-0.09073878602877539,-0.05938626270694847
1714492800000,3.887e-05,8.0,6.666666666666667,0,0.007244851946490272,-0.03827513068456989,0.027108906591846615
1714521600000,1.865e-05,8.0,3.3333333333333335,0,-0.04875743647903852,-0.014677304893982446,0.027301909442421612
1714550400000,4.89e-05,8.0,10.74074074074074,1,0.0037475902123402793,0.017925682671491305,0.07977660876204018
1714579200000,7.347e-05,8.0,15.555555555555555,1,0.03195960073074322,0.03734640150594237,0.08649097337510314
1714608000000,-8.6e-07,8.0,0.7407407407407408,0,-0.01728211410570546,0.004883417247785404,0.04961498074903736
1714636800000,9.579e-05,8.0,22.22222222222222,2,0.02289780919405615,0.01626408852267014,0.06317617203152137
1714665600002,7.757e-05,8.0,17.77777777777778,1,0.0008613379896975637,0.031152282545672705,0.05844362593130081
1714694400000,4.044e-05,8.0,7.777777777777778,0,-0.006152475559232151,0.03753780406525564,0.05040542034101536
1714723200000,2.157e-05,8.0,4.444444444444445,0,0.03625708527946836,0.043785510645611314,0.072092929211234
1714752000000,3.457e-05,8.0,6.666666666666667,0,0.007434122165456358,0.01732677292106355,0.0034081189979868753
1714780800000,4.29e-05,8.0,8.88888888888889,0,-0.000167857269672389,0.006723974860145754,-0.011704816535232143
1714809600000,8.465e-05,8.0,20.37037037037037,2,0.009989184302710452,0.0022761392803525293,-0.007202931538250468
1714838400000,7.001e-05,8.0,15.925925925925927,1,-0.003065572565203345,0.01060643354676194,-0.018661952696201523
1714867200000,8.848e-05,8.0,22.22222222222222,2,-0.004585243851604748,0.005640170583897097,-0.03465225895405133
1714896000000,9.394e-05,8.0,23.333333333333332,2,0.018383584589614754,0.02478739853111711,-0.03522419791264009
1714924800000,5.578e-05,8.0,14.074074074074074,1,-0.00796464935615393,-0.02403312383163525,-0.04915118599891821
1714953600000,5.569e-05,8.0,14.074074074074074,1,0.014367293840811923,-0.02381157354708907,-0.05102525595528462
1714982400000,0.0001,8.0,26.296296296296294,2,-0.030131862259732523,-0.03341663130432049,-0.06154305562104134
1715011200000,9.025e-05,8.0,23.333333333333332,2,-0.007739451432349331,-0.005049441093635032,-0.02616440176438739
1715040000000,7.342e-05,8.0,17.037037037037038,1,0.004386580916576621,-0.016651369704175245,-0.008293022298725305
1715068800000,4.028e-05,8.0,8.148148148148149,0,-0.0016682709818409691,-0.026012669753889273,-0.01091042718143509
1715097600000,6.978e-05,8.0,15.925925925925927,1,-0.019310012345638672,-0.020792140486203148,-0.05047704981579271
1715126400000,7.764e-05,8.0,19.62962962962963,1,-0.005174996595396997,-0.011416215210769853,-0.03385005796129059
1715155200000,7.236e-05,8.0,17.037037037037038,1,0.003682743192934934,-0.003168561459741981,-0.023725814260196154
1715184000000,0.0001,8.0,27.037037037037038,2,-0.009919895678092261,-0.00043911007025754234,-0.026812327017245008
1715212800000,0.0001,8.0,26.666666666666668,2,0.003124727006377004,0.02014608938735174,-0.022121723236545265
1715241600000,0.0001,8.0,26.296296296296294,2,0.00643095432682661,0.018733503932260476,-0.026490842588995034
1715270400000,0.0001,8.0,26.296296296296294,2,0.010470054180699906,-0.029889242402055483,-0.023139951277306725
1715299200000,9.04e-05,8.0,23.703703703703706,2,0.0017357108509923336,-0.04199300445949239,-0.03524118805620147
1715328000000,0.0001,8.0,26.296296296296294,2,-0.04160460826765833,-0.03863238083965426,-0.025115979339073946
1715356800000,5.137e-05,8.0,12.592592592592592,1,-0.002137257928952474,0.003612411876704691,0.015609187121562895
1715385600000,7.578e-05,8.0,19.25925925925926,1,0.00524973184080979,0.0005844495173135122,0.014047416045545935
1715414400000,6.69e-05,8.0,15.925925925925927,1,0.0005095776661343532,-0.005991812557498477,-0.0018638914633770653
1715443200000,8.517e-05,8.0,22.59259259259259,2,-0.005147873169531136,0.003332786414537159,-0.010531605069937222
1715472000000,8.01e-05,8.0,20.74074074074074,2,-0.001357192432707377,0.006459548793644743,-0.009273575635131759
1715500800000,7.264e-05,8.0,17.40740740740741,1,0.009895164925149746,0.020172236424253587,0.003199757781776613
1715529600000,6.269e-05,8.0,14.814814814814813,1,-0.0020475397157975195,0.008592171652647362,0.013753607042718885
1715558400001,5.829e-05,8.0,14.444444444444443,1,0.013123556562290029,0.0048202717500691605,0.03425360838106428
1715587200001,0.0001,8.0,27.40740740740741,2,-0.0036399267300595284,-0.01836799288850588,0.015081620558683229
1715616000000,0.0001,8.0,27.40740740740741,2,-0.003671739093718873,-0.022219594994004166,-0.0018544478035432688
1715644800000,0.0001,8.0,27.40740740740741,2,-0.010523532163901339,-0.022426921799035826,-0.002159629506573779
1715673600000,8.14e-05,8.0,21.85185185185185,2,-0.008178746907700374,-0.0009491046893309596,0.03668272492410596
1715702400000,9.124e-05,8.0,26.296296296296294,2,-0.00388299875288034,0.027958281945783092,0.07545937878929188
1715731200000,0.0001,8.0,28.14814814814815,2,0.011215808949757822,0.051157822454507285,0.07024966793020804
1715760000000,8.171e-05,8.0,22.22222222222222,2,0.02051945112268805,0.03376123631150607,0.06302280358190115
1715788800000,9.162e-05,8.0,27.037037037037038,2,0.018597929829278215,-0.006936416184971095,0.045167361204462964
1715817600004,0.0001,8.0,28.888888888888886,2,-0.005656742903508816,-0.029388675959337585,0.030124217456411806
1715846400000,6.453e-05,8.0,15.925925925925927,1,-0.019656891855577396,0.003778767902700819,0.03312974212148467
1715875200000,5.401e-05,8.0,12.222222222222221,1,-0.003976365162303375,0.05351679887375793,0.040596150201694714
1715904000000,5.324e-05,8.0,12.222222222222221,1,0.027993245470081973,0.04851165903894028,0.043061827052775614
1715932800000,8.531e-05,8.0,25.555555555555554,2,0.028919883659439538,0.024434822845055715,0.022785563194077207
1715961600000,4.333e-05,8.0,9.25925925925926,0,-0.008708361440364909,-0.0009957919758439848,0.0017378176094569042
1715990400000,7.513e-05,8.0,21.11111111111111,2,0.004387570925375783,0.012255386440007898,0.19145233782351867
1716019200000,3.431e-05,8.0,6.296296296296296,0,0.00337793149283927,0.004691033801899058,0.18137588602142896
1716048000000,7.815e-05,8.0,23.333333333333332,2,0.0044405144694532606,-0.011279742765273326,0.21358520900321554
1716076800000,7.388e-05,8.0,21.11111111111111,2,-0.0031179873295750227,-0.017241765664365083,0.21470575995339036
1716105600000,3.451e-05,8.0,6.666666666666667,0,-0.012571971728317033,-0.006271535321942134,0.2027764308445219
1716134400000,8.825e-05,8.0,28.888888888888886,2,-0.0016163022127405613,0.01417597856204389,0.22460421734549185
1716163200000,9.672e-05,8.0,32.592592592592595,3,0.008009902441407979,0.1976774866040163,0.2188276682030652
1716192000000,1.916e-05,8.0,4.074074074074074,0,0.007745900844713605,0.18328087534819404,0.23261292469963224
1716220800003,4.643e-05,8.0,11.481481481481481,1,0.17500447868147617,0.2057250345498285,0.22110290730408977
1716249600000,0.0001,8.0,34.074074074074076,3,-0.004106820858298388,0.032011444703424985,0.02828538869291597
1716278400001,0.00019404,8.0,66.2962962962963,6,0.029030734409597247,0.02334908686832282,0.00449398935749068
1716307200000,0.0001,8.0,34.074074074074076,3,0.005367953898125499,-0.002302444194210773,-0.021061137974431987
1716336000000,0.00012452,8.0,57.03703703703704,5,-0.012908122524383892,-0.013906933965123436,-0.01678214051353144
1716364800000,0.00015189,8.0,60.370370370370374,6,0.005347707801031998,0.0183792413890691,0.0013269150160324372
1716393600000,0.0001,8.0,34.074074074074076,3,-0.006325752344936819,0.014114766462358874,-0.004748297729952555
1716422400000,0.0001,8.0,34.074074074074076,3,0.0194107554239471,0.010441666176698616,0.0024106431767039194
1716451200000,0.0001,8.0,34.074074074074076,3,0.0011378025729020802,-0.034330702055647366,-0.007023440306000772
1716480000000,0.0001,8.0,34.074074074074076,3,-0.009924817543097042,-0.03245860513105203,0.005931322357550117
1716508800000,0.0001,8.0,34.074074074074076,3,-0.02575903047230621,-0.013219389495901623,0.01163771784353096
1716537600000,0.0001,8.0,34.074074074074076,3,0.0030786605926014232,0.018211336203854067,0.06406817577142965
1716566400000,0.0001,8.0,34.074074074074076,3,0.009762474423237189,0.014322987149368194,0.07411848130866416
1716595200000,0.0001,8.0,34.074074074074076,3,0.005272285255559783,0.005341974842059338,0.04449680097994291
1716624000000,0.0001,8.0,34.074074074074076,3,-0.0007518997467005351,0.00988668177576324,0.0255565924543395
1716652800000,0.0001,8.0,34.074074074074076,3,0.0008218417794476629,0.02499679801904109,0.031862378858387164
1716681600000,0.0001,8.0,34.074074074074076,3,0.009816677153430264,0.01974266548646142,0.02573345135385896
1716710400000,0.0001,8.0,34.074074074074076,3,0.014199040020276943,0.03480586548666964,0.010505388665057902
1716739200000,0.0001,8.0,34.074074074074076,3,-0.004308369952308655,0.03312628860611877,-0.022122373326113665
1716768000000,0.0001,8.0,34.074074074074076,3,0.024733254723763975,0.018832308010071186,-0.014003309968338318
1716796800000,0.0001,8.0,34.074074074074076,3,0.012552909749171448,-0.018640560696635444,-0.04974218058330204
1716825600000,0.0001,8.0,34.074074074074076,3,-0.018084417466064928,-0.02558074489556794,-0.047558213077122824
1716854400000,0.0001,8.0,34.074074074074076,3,-0.012956652056538176,-0.012717997146405757,-0.0374919165272376
1716883200000,0.0001,8.0,34.074074074074076,3,0.005392125001624892,-0.00493454833803475,-0.030103864702900163
1716912000000,0.0001219,8.0,60.0,5,-0.0051227150130976895,-0.028628762195863078,-0.029016650763235452
1716940800001,0.00017485,8.0,67.4074074074074,6,-0.0080782965353835,-0.018645623909260944,-0.020739322785945924
1716969600000,0.0001,8.0,34.074074074074076,3,-0.018547984647421023,-0.026890527960453325,-0.013191826240995685
1716998400000,0.000177,8.0,68.14814814814815,6,0.003958598437857619,0.0062533609485728725,0.012858124044958119
1717027200000,0.00025357,8.0,75.92592592592592,7,-0.01240967848856489,-0.005438515081206519,0.012208153795160825
1717056000000,0.00014202,8.0,64.07407407407408,6,0.014880049403267703,0.0016405106794292745,0.018673898159459856
1717084800000,0.00018706,8.0,70.0,6,-0.007706614248638166,-0.006611338485185914,0.005725064618624431
1717113600000,0.0001,8.0,34.074074074074076,3,-0.00538027162639898,0.004551101915888589,0.008598303268155139
1717142400000,0.00010793,8.0,60.0,5,0.006519128495453774,0.012416366443643856,0.024312703722765505
1717171200000,0.00012319,8.0,61.48148148148148,6,0.0034435188341570555,0.013262740753366309,0.011997720299982806
1717200000000,0.00017131,8.0,68.51851851851852,6,0.0024072339104148632,0.013132297010730376,-0.00028929271911271037
1717228800000,0.00013009,8.0,63.33333333333333,6,0.007360572747876493,0.004532841922433306,0.00043686852640267837
1717257600001,0.00011557,8.0,60.74074074074074,6,0.0032214835641275474,-0.00029429539900671653,0.002832593215440049
1717286400000,0.00015695,8.0,68.14814814814815,6,-0.0061011869677178865,-0.00898543207353908,-0.0005527481537950241
1717315200000,0.0001,8.0,34.074074074074076,3,0.0019794412229836578,0.007185028993147213,0.005023721665788017
1717344000000,0.0001,8.0,34.074074074074076,3,-0.004871748331584103,-0.00041562431770547636,0.00412467677317685
1717372800000,0.00012702,8.0,64.07407407407408,6,0.010116336548603222,-0.00430083082429511,0.02298446466948101
1717401600000,0.00015803,8.0,69.62962962962963,6,-0.005581928473854303,-0.011182175512788994,0.008539068265441152
1717430400000,0.00012815,8.0,64.81481481481481,6,-0.008739634677480956,0.004371133152452744,0.012794972538967997
1717459200000,0.0001,8.0,34.074074074074076,3,0.0031353538356979627,0.012865304562059254,0.012944949452043275
1717488000000,0.0001,8.0,34.074074074074076,3,0.010059467570721958,0.009138474486109605,0.010914297359025715
1717516800000,0.000108,8.0,61.85185185185185,6,-0.00035634370398318627,0.000170311329109607,-0.004228961310506318
1717545600000,0.00016969,8.0,72.5925925925926,7,-0.000555674961600694,0.01435318910248018,-0.035835792806630296
1717574400000,0.0001,8.0,34.074074074074076,3,0.0010831195942366811,0.01070793535900294,-0.02737171720350584
1717603200000,0.00010659,8.0,61.85185185185185,6,0.01381906585734538,0.008215467398793308,-0.03321815262012118
1717632000000,0.00019461,8.0,78.51851851851852,7,-0.00414735112172282,-0.014072569600562246,-0.0487268536463098
1717660800008,0.00020328,8.0,79.62962962962963,7,-0.001477074198966366,-0.008379605473221918,-0.043234922291360056
1717689600000,0.00014989,8.0,69.62962962962963,6,-0.008592846656533037,-0.012511205518961677,-0.040386639123825896
1717718400000,0.00016105,8.0,73.33333333333333,7,0.0011243670521139393,-0.035911602209944715,-0.028520657951293216
1717747200000,0.00013228,8.0,67.4074074074074,6,-0.005070985949415796,-0.029080284938621914,-0.04292666835961323
1717776000000,0.00017029,8.0,74.81481481481481,7,-0.03208609620039993,-0.02894695295232086,-0.025855173139669563
1717804800000,0.0001,8.0,34.074074074074076,3,0.008218113014685446,0.0007910919243379055,-0.002857173926045231
1717833600000,0.0001,8.0,34.074074074074076,3,-0.00493435687533883,-0.0058807827022479,-0.04616994140788255
1717862400000,0.0001,8.0,34.074074074074076,3,-0.0024441861158305267,0.0007397592124409602,-0.062405328434122054
1717891200000,0.0001,8.0,34.074074074074076,3,0.0014967254038578126,0.006869725129503346,-0.04939193832730748
1717920000000,0.0001,8.0,34.074074074074076,3,0.0016924879572972618,-0.008429891941153511,-0.0432018400381895
1717948800001,0.0001,8.0,34.074074074074076,3,0.0033139478215666873,0.0023555021280743382,-0.01953983776817525
1717977600000,0.0001,8.0,34.074074074074076,3,-0.013721247700085759,-0.010443364106769937,-0.039402049284261276
1718006400000,0.0001,8.0,34.074074074074076,3,0.01267574812626493,-0.0323704797855463,-0.04091580502215664
1718035200001,0.0001,8.0,34.074074074074076,3,-0.008859644857894478,-0.06506706859201872,-0.07113376443068675
1718064000001,0.0001,8.0,34.074074074074076,3,-0.034526268742948396,-0.04598869563795516,-0.05297352686284884
1718092800000,0.0001,8.0,34.074074074074076,3,-0.021871625403538153,-0.0027873106692373195,-0.0056792161607481795
1718121600000,0.0001,8.0,34.074074074074076,3,0.01140143753486167,0.04651902118153006,0.001705157958318937
1718150400000,0.0001,8.0,34.074074074074076,3,0.008018196677277656,0.01745086497082471,-0.004923504231984732
1718179200000,0.0001,8.0,34.074074074074076,3,0.026491098764032328,-0.006060777865971256,0.0009666628869486882
1718208000000,0.0001,8.0,34.074074074074076,3,-0.016691291200066294,-0.04821805829800763,-0.015489982187487095
1718236800000,0.0001,8.0,34.074074074074076,3,-0.015275472461179551,-0.02519792956824818,0.0019659552717090634
1718265600001,0.0001,8.0,34.074074074074076,3,-0.019438266324493858,0.003051040775591707,0.014847447961220395
1718294400000,0.0001,8.0,34.074074074074076,3,0.007091354872404976,0.005669602054287681,0.04187207126173331
1718323200000,0.0001,8.0,34.074074074074076,3,0.013391378003912546,0.00329022239252752,0.04421344381412262
1718352000000,0.0001,8.0,34.074074074074076,3,-0.014607505039276547,0.0038778974063007343,0.009720330815353506
1718380800000,0.0001,8.0,34.074074074074076,3,0.004708611392415962,0.02855461210217003,0.009385485820790018
1718409600000,0.0001,8.0,34.074074074074076,3,0.01398496974709329,0.024495234485155004,0.008365136934965545
1718438400000,0.0001,8.0,34.074074074074076,3,0.009614812758955704,0.008306405249489446,-0.02493904010467274
1718467200000,0.0001,8.0,34.074074074074076,3,0.00074334634890727,0.007237107849737523,-0.04089246443157857
1718496000001,0.0001,8.0,34.074074074074076,3,-0.0012627786180712253,0.01671918890326274,-0.023931057899802766
1718524800000,0.0001,8.0,34.074074074074076,3,0.008544127808018276,-0.0024660566125707106,-0.003749641888134425
1718553600000,0.0001,8.0,34.074074074074076,3,0.009354565607280874,-0.025688155153783643,-0.017400216110238453
1718582400000,0.0001,8.0,34.074074074074076,3,-0.020083601197456113,-0.031153172292962883,-0.01894960475671492
1718611200000,0.0001,8.0,34.074074074074076,3,-0.014934282399846843,-0.030580927817635106,0.015883161202401075
1718640000000,9.137e-05,8.0,31.851851851851855,3,0.0036929901787041697,-0.022678161050958767,0.0026211083543898894
1718668800000,6.649e-05,8.0,18.88888888888889,1,-0.01950481853598529,-0.008557742692456682,-2.8478345066584865e-06
1718697600000,7.836e-05,8.0,25.555555555555554,2,-0.006903963171117744,0.030218272121291356,0.009172366720399783
1718726400000,6.211e-05,8.0,17.77777777777778,1,0.018194420884539486,0.031908235307881005,0.019504676559876977
1718755200001,0.0001,8.0,35.55555555555556,3,0.019751084584666456,0.021720443091289177,0.010968033142722433
1718784000001,0.0001,8.0,35.55555555555556,3,-0.004358625200521993,0.01639418210933785,-0.01556531030535735
1718812800000,6.122e-05,8.0,17.77777777777778,1,0.00776298933191244,-0.0058357046492909515,-0.006975070005781903
1718841600000,0.0001,8.0,35.92592592592593,3,0.014708901557231036,-0.012442099519921812,-0.01690258094817565
1718870400000,6.409e-05,8.0,19.25925925925926,1,-0.02779402267757214,-0.03698478645886738,-0.02684057794272121
1718899200000,3.148e-05,8.0,6.296296296296296,0,0.0010662287716416419,-0.006220618127599664,-0.0095219360889931
1718928000000,7.46e-06,8.0,2.5925925925925926,0,-0.010508539256086413,0.0023921877981336603,-0.025342951447131168
1718956800000,2.103e-05,8.0,5.185185185185185,0,0.003263750780680974,0.005028018177998028,-0.03001844853836355
1718985600000,0.0001,8.0,37.407407407407405,3,0.009742187746530906,0.005106329266438614,-0.06055303267190115
1719014400000,4.564e-05,8.0,12.222222222222221,1,-0.007906631854379342,-0.006892378325089488,-0.04836881326654985
1719043200000,5.837e-05,8.0,18.88888888888889,1,0.003341924398625462,0.005478235967926626,-0.037648911798396245
1719072000000,3.914e-05,8.0,10.0,0,-0.0023118615623046734,-0.008385492925989113,-0.024825397369044433
1719100800000,6.71e-05,8.0,22.962962962962962,2,0.0044513484210013665,-0.020920765425953447,-0.028919460917675832
1719129600000,4.594e-05,8.0,13.333333333333334,1,-0.010492348617111902,-0.040129530948725955,-0.03153685565615627
1719158400000,3.591e-05,8.0,9.25925925925926,0,-0.014923912511621062,-0.057421804167182344,-0.03268869322940804
1719187200002,7.672e-05,8.0,28.888888888888886,2,-0.016213676111753172,-0.021876058048171054,-0.01715059600947999
1719216000000,0.0001,8.0,40.0,3,-0.028318542057960472,-0.002878141847885707,0.0018515056835883836
1719244800000,7.41e-05,8.0,27.77777777777778,2,0.0228381056495226,0.04333102275260403,0.05352098913212755
1719273600000,0.0001,8.0,40.370370370370374,4,0.003269066569540069,0.01340466565957521,0.0301291505203638
1719302400000,0.0001,8.0,40.370370370370374,4,0.016711649650501537,0.01186419999226307,0.02104727528098249
1719331200000,0.0001,8.0,40.370370370370374,4,-0.006500443411605938,-0.016381351541989497,-0.0005151184333376246
1719360000002,0.0001,8.0,40.370370370370374,4,0.001440642013716964,-0.007942680713662886,-0.00424827358646207
1719388800000,0.0001,8.0,40.370370370370374,4,-0.01166921538642518,-0.007037407363839621,-0.0005616986236913757
1719417600000,0.0001,8.0,40.370370370370374,4,0.0027642886048229176,0.026583589230879223,0.009667571234735384
1719446400000,0.0001,8.0,40.370370370370374,4,0.0019169082584322705,0.023884202124029308,0.002359043444974951
1719475200001,0.0001,8.0,40.370370370370374,4,0.022686079158423356,0.017441033963962793,0.005094002108679829
1719504000000,0.0001,8.0,40.370370370370374,4,0.00012753401390130925,-0.010182431609885079,-0.014385257067993096
1719532800000,0.0001,8.0,40.370370370370374,4,-0.005576003477756775,-0.020428923344442795,-0.0037907549630488147
1719561600000,0.0001,8.0,40.370370370370374,4,-0.00475918467268599,-0.009550427539737671,0.017014158064384333
1719590400000,0.0001,8.0,40.370370370370374,4,-0.010225685445968025,-0.006360306067767052,0.017364924024797057
1719619200001,0.0001,8.0,40.370370370370374,4,0.005707269445841545,-3.254534157814959e-05,0.018672150063611337
1719648000000,0.0001,8.0,40.370370370370374,4,-0.0015536311714907658,-0.00160953835379829,0.012008274262981677
1719676800000,0.0001,8.0,40.370370370370374,4,-0.004494269438083731,0.0021277787110141055,0.005900017977077843
1719705600000,0.0001,8.0,40.370370370370374,4,0.004458312117372687,0.017602339873769912,0.012993049059195405
1719734400000,0.0001,8.0,40.370370370370374,4,0.002183895173031747,0.028476106831082593,-0.012039422107738784
1719763200000,0.0001,8.0,40.370370370370374,4,0.010878036013092451,0.021703137544369477,-0.028658140294021583
1719792000000,0.0001,8.0,40.370370370370374,4,0.015191626277847758,0.0016756753611719688,-0.040105660640829544
1719820800000,0.0001,8.0,40.370370370370374,4,-0.004415928290597226,-0.01442555679095825,-0.08793743767265394
1719849600001,0.0001,8.0,40.370370370370374,4,-0.008857786042869686,-0.01740755027664398,-0.09823592743351617
1719878400000,0.0001,8.0,40.370370370370374,4,-0.0011268652815129565,-0.006194854756358947,-0.10984903490378084
1719907200000,0.0001,8.0,40.370370370370374,4,-0.00758003082022507,-0.02533364347396272,-0.16247492222254534
1719936000000,0.0001,8.0,40.370370370370374,4,0.0025254670795697987,-0.03230078254322155,-0.12576650269685896
1719964800000,0.0001,8.0,40.370370370370374,4,-0.020363253795461445,-0.03573797799435974,-0.12841007057585807
1719993600001,0.0001,8.0,40.370370370370374,4,-0.01486345837843972,-0.0493679153283888,-0.10436927224523518
1720022400000,0.0001,8.0,40.370370370370374,4,-0.0010354286129495849,-0.051883450702093215,-0.08657030923590214
1720051200000,0.0001,8.0,40.370370370370374,4,-0.03539562850804345,-0.07110341984991941,-0.07102765217180473
1720080000000,0.0001,8.0,40.370370370370374,4,-0.016074048706001376,-0.09497073304071613,-0.05613663569783556
1720108800000,0.0001,8.0,40.370370370370374,4,-0.021286175481621372,-0.04714827197511828,-0.05149747254607051
1720137600000,0.0001,8.0,40.370370370370374,4,-0.060180427086901855,-0.02691724171683063,-0.042111616828985676
1720166400000,9.55e-05,8.0,39.25925925925926,3,0.0359173754556501,0.04252733900364514,0.015164034021871053
1720195200000,4.923e-05,8.0,15.925925925925927,1,-0.0005060389549458311,0.011085939489805519,-0.003579136449550213
1720224000000,9.007e-05,8.0,37.03703703703704,3,0.006890308303576065,0.027745645358681514,0.011182081845462655
1720252800000,6.597e-05,8.0,23.333333333333332,2,0.00467532467532461,0.000366300366300365,0.020479520479520508
1720281600000,5.847e-05,8.0,20.74074074074074,2,0.015962665393896014,-0.015478747381539426,0.016310688621960612
1720310400001,3.941e-05,8.0,10.74074074074074,1,-0.018791959457694518,-0.042664768422977395,0.0009861288890049558
1720339200000,8.938e-05,8.0,38.148148148148145,3,-0.011237974767817183,-0.02660364168969076,0.030841183715588638
1720368000000,5.389e-05,8.0,17.77777777777778,1,-0.01160136550024582,0.0009897856811005301,0.05024677309668246
1720396800000,0.0001,8.0,43.333333333333336,4,-0.00398517650585184,0.027221821055356532,0.05523045901058632
1720425600000,3.423e-05,8.0,7.777777777777778,0,0.016791032015813112,0.047986102086738924,0.06640494087231308
1720454400000,9.357e-05,8.0,41.85185185185185,4,0.014300704945380271,0.03126849808965182,0.047721708012699704
1720483200000,5.681e-05,8.0,20.74074074074074,2,0.016148285695337883,0.01610186351880105,0.028403740301080838
1720512000001,1.078e-05,8.0,2.9629629629629632,0,0.0013017392410761275,0.010684701790788731,0.0012821642148945767
1720540800000,7.754e-05,8.0,32.592592592592595,3,-0.0006163880962086754,0.017395841826335134,0.020304932735426107
1720569600000,3.746e-05,8.0,10.37037037037037,1,0.010569906929995154,0.010987612421517134,0.02238640368625089
1720598400000,1.713e-05,8.0,4.444444444444445,0,0.00737547428755958,0.006978283684508035,0.0130685395979655
1720627200000,0.0001,8.0,45.925925925925924,4,-0.006911164608169651,-0.0014168528556637305,0.011235450812446368
1720656000002,4.282e-05,8.0,13.703703703703704,1,0.006692493946731215,0.0007974172719935613,0.025359160613398046
1720684800002,8.656e-05,8.0,39.62962962962963,3,-0.001908133781023169,-0.015768561010573334,0.025399024446560947
1720713600004,5.603e-05,8.0,22.22222222222222,2,-0.003955299651702382,0.004941714755741566,0.023712519439125
1720742400000,0.0001,8.0,47.03703703703704,4,-0.010395104241228359,0.010156506935443232,0.04563657116325848
1720771200000,4.73e-05,8.0,17.037037037037038,1,0.01931761164074275,0.022155466209655916,0.09342764611204157
1720800000000,7.154e-05,8.0,30.37037037037037,3,0.0014224023576718814,0.008352218787857302,0.07634305148457243
1720828800000,0.0001,8.0,47.77777777777778,4,0.0013597364792399258,0.01353352739900937,0.11236977171748119
1720857600000,0.0001,8.0,47.77777777777778,4,0.005552686773640403,0.018758646189938943,0.07719254626707728
1720886400000,7.584e-05,8.0,34.44444444444444,3,0.006568102858012459,0.010391043035021585,0.10252516927446576
1720915200000,0.0001,8.0,48.148148148148145,4,0.006522095132520445,0.02130152171722255,0.0838865514461351
1720944000000,6.352e-05,8.0,26.296296296296294,2,-0.002706448857503152,0.050030193331184636,0.09059250892502346
1720972800000,3.194e-05,8.0,8.148148148148149,0,0.01743730038714686,0.05645004423640421,0.07736978496715219
1721001600000,9.653e-05,8.0,47.40740740740741,4,0.03483502929386373,0.07462534690101763,0.04544865864939873
1721030400000,4.043e-05,8.0,13.703703703703704,1,0.003390971909760898,0.006978608271230202,0.023161708835299555
1721059200000,4.69e-05,8.0,17.40740740740741,1,0.03494142278052492,0.032880454957162186,0.006129448973228202
1721088000000,2.643e-05,8.0,7.777777777777778,0,-0.03030694316515603,-0.012418902671728405,-0.016843567163365436
1721116800000,9.799e-05,8.0,48.148148148148145,4,0.029200536191442916,0.031431708089329824,0.0032283932899133116
1721145600000,6.395e-05,8.0,27.40740740740741,2,-0.010448323351743949,-0.012662194837941732,-0.003522068273496548
1721174400000,5.824e-05,8.0,23.703703703703706,2,0.012749402190177728,-0.014916916783129452,0.017985141193527676
1721203200001,8.064e-05,8.0,38.148148148148145,3,-0.015007427715991617,-0.015394586657642484,-0.0004273087578221535
1721232000000,6.113e-05,8.0,24.814814814814813,2,-0.012708100977568693,-0.013406988290725619,0.020165811015046442
1721260800000,0.0001,8.0,48.148148148148145,4,0.012774341594919747,0.010594651352794138,0.03787174926778336
1721289600000,6.727e-05,8.0,28.888888888888886,2,-0.01331217054489331,-0.012639426857325775,0.014401374610478523
1721318400000,3.237e-05,8.0,7.777777777777778,0,0.011310541058267676,0.022972322822676583,0.032154758426087504
1721347200000,4.387e-05,8.0,14.444444444444443,1,-0.010509848787762843,0.022566551187720885,0.03180389398507444
1721376000000,8.153e-05,8.0,38.88888888888889,3,0.02227531486889056,0.028419313925021283,0.025570008553815082
1721404800000,0.0001,8.0,48.148148148148145,4,0.010909395179207193,0.010808408976807904,-0.0031709667553422305
1721433600001,5.271e-05,8.0,19.25925925925926,1,-0.005577746077032875,0.003994293865905885,-0.02018544935805988
1721462400000,8.573e-05,8.0,40.74074074074074,4,0.004769621269700153,-0.0010038288901954573,-0.01002681657178095
1721491200000,2.468e-05,8.0,5.9259259259259265,0,0.00442727957799538,-0.0018125870612684114,-0.013895549313786004
1721520000000,0.0001,8.0,47.77777777777778,4,-0.010128481665572453,0.00468626999622046,-0.011702886503599186
1721548800000,1.524e-05,8.0,2.5925925925925926,0,0.003956189081721906,-0.0017685141323228182,-0.0102751819473752
1721577600000,6.721e-05,8.0,27.77777777777778,2,0.010966762274337905,-0.012039131466743624,-0.02356638537231226
1721606400000,9.867e-05,8.0,47.40740740740741,4,-0.016488085809327813,-0.02743205630105683,-0.056298228146002605
1721635200000,7.749e-05,8.0,34.074074074074076,3,-0.006373328654957211,-0.0072764086177986576,-0.088754928832122
1721664000000,2.82e-05,8.0,5.9259259259259265,0,-0.004784605899566641,-6.657346381733209e-05,-0.09108118199737758
1721692800000,7.792e-05,8.0,35.18518518518518,3,0.003894366402001026,0.01143297559840617,-0.07730855364569711
1721721600000,0.0001,8.0,47.40740740740741,4,0.0008430652810651473,-0.001254457961172628,-0.05820047570900044
1721750400000,9.013e-05,8.0,41.85185185185185,4,0.0066606843049847875,-0.011601922074914617,-0.05830486887049158
1721779200000,7.865e-05,8.0,35.18518518518518,3,-0.008698502707319089,-0.04064860637046708,-0.05926483993317244
1721808000000,8.396e-05,8.0,37.77777777777778,3,-0.009526130140165234,-0.08092279309384576,-0.05099844518704166
1721836800000,6.706e-05,8.0,24.814814814814813,2,-0.022922694844370484,-0.08035097173248362,-0.039680540749505
1721865600000,9.46e-05,8.0,45.18518518518518,4,-0.05031397527163739,-0.04908505058074186,-0.02848707381041593
1721894400000,2.04e-06,8.0,0.3703703703703704,0,-0.008909887987274323,0.026010055580279134,0.017576750336921965
1721923200000,3.72e-05,8.0,8.148148148148149,0,0.010295653724651022,0.03599179659635188,0.040739962294914944
1721952000000,3.903e-05,8.0,9.25925925925926,0,0.024684080958490062,0.031212076318601678,0.030540679403244786
1721980800000,4.196e-05,8.0,11.481481481481481,1,0.00073212747631346,0.006383044173741803,0.03584040851482695
1722009600000,4.001e-05,8.0,10.37037037037037,1,0.005634486871307631,0.007946071228767115,0.015821442404047703
1722038400000,3.05e-05,8.0,4.814814814814815,0,1.2226769901424461e-05,-0.009261778200280624,0.01444287194598215
1722067200000,7.422e-05,8.0,30.74074074074074,3,0.0022863780165365277,-0.014509941770720403,0.02084944445293524
1722096000000,1.78e-05,8.0,2.2222222222222223,0,-0.01153389874444577,-0.0033363525188851995,0.01266228122341051
1722124800000,0.0001,8.0,47.77777777777778,4,-0.005285063294263592,0.00869119865729151,0.011535815328226118
1722153600000,0.0001,8.0,47.40740740740741,4,0.013650405697129164,0.04442507630083625,0.029530904940324065
1722182400001,0.0001,8.0,47.40740740740741,4,-0.000856381726037414,0.010120596898062884,0.0073373562884415655
1722211200001,8.174e-05,8.0,37.77777777777778,3,0.030804127624534328,0.015204621078312774,-0.009899686846640665
1722240000000,0.0001,8.0,47.03703703703704,4,-0.01860832533981127,-0.008181604901241535,-0.05952822876420638
1722268800001,0.0001,8.0,46.666666666666664,4,0.004172394373020527,0.00553190458600028,-0.057765558670889505
1722297600000,0.0001,8.0,46.2962962962963,4,0.006327664549409917,-0.012100905157347963,-0.03497089274307286
1722326400001,0.0001,8.0,45.925925925925924,4,-0.00672070347550402,-0.007600047855476522,-0.05957109529221749
1722355200000,0.0001,8.0,45.55555555555556,4,-0.012633449277981157,-0.006550119709084368,-0.08695547424372474
1722384000000,0.0001,8.0,45.18518518518518,4,0.012410785091197418,-0.014634295125968366,-0.08888244982614524
1722412800000,0.0001,8.0,44.81481481481481,4,-0.006173006877976839,-0.04592247137188976,-0.1011963401811834
1722441600000,0.0001,8.0,44.44444444444444,4,-0.02066812174123933,-0.05619316114950901,-0.108591002788893
1722470400000,0.0001,8.0,44.074074074074076,4,-0.019736149717391682,-0.008642303954039754,-0.10242615968451885
1722499200000,5.973e-05,8.0,19.62962962962963,1,-0.016871601523275492,-0.006157518804115081,-0.08719993937212256
1722528000000,0.0001,8.0,43.7037037037037,4,0.028672557276058885,-0.026215460119546563,-0.09071024561335883
1722556800000,7.641e-05,8.0,29.259259259259256,2,-0.01727917069972207,-0.06729009897898641,-0.15955912199082023
1722585600001,7.771e-05,8.0,30.74074074074074,3,-0.03395425907137839,-0.05198729100606514,-0.2511489299446924
1722614400000,3.785e-05,8.0,7.777777777777778,0,-0.014717281096110923,-0.030090935777637773,-0.19271326369396502
1722643200000,8.493e-05,8.0,35.18518518518518,3,-0.00127209852737864,-0.029281699523632687,-0.19044988768709048
1722672000000,2.92e-05,8.0,4.074074074074074,0,-0.01434944811104144,-0.03106533171995607,-0.15625848447571378
1722700800001,4.82e-05,8.0,14.074074074074074,1,-0.012183673469387757,-0.039221088435374085,-0.13998299319727903
1722729600000,4.181e-05,8.0,10.74074074074074,1,-0.003107196556908831,-0.0717448581242327,-0.15135254438359558
1722758400000,1.635e-05,8.0,1.4814814814814816,0,-0.02065236568178741,-0.18623452369833016,-0.1316596960608294
1722787200000,6.815e-05,8.0,25.555555555555554,2,-0.049215650951427325,-0.13545342474947109,-0.148922116135231
1722816000000,-1.7e-05,8.0,0.0,0,-0.12606253343636675,-0.10157225227367284,-0.13147179456696179
1722844800000,-4.58e-06,8.0,0.3703703703703704,0,0.04046149398901511,0.07007855940417285,0.024923906204832535
1722873600000,-5.766e-05,8.0,0.0,0,-0.011954860799006206,0.03170938983632543,0.022487885795533513
1722902400000,-2.276e-05,8.0,0.3703703703703704,0,0.04090924127892537,0.017599285442545964,0.107477215210811
1722931200000,-0.00010667,8.0,0.0,0,0.0031542858958926168,-0.002816610453637236,0.06107158322110595
1722960000000,-1.11e-05,8.0,1.4814814814814816,0,-0.02546779399243604,-0.045834900896976505,0.014989208561867473
1722988800000,-4.25e-05,8.0,0.7407407407407408,0,0.020025682287349023,-0.04999918726938768,0.054257895677898516
1723017600001,-6.16e-06,8.0,2.2222222222222223,0,-0.03834740108425916,-0.03958222962234159,0.04836146219632198
1723046400000,-4.478e-05,8.0,0.7407407407407408,0,-0.029720969033912747,0.038669217775306075,0.07951324183098762
1723075200001,-4.377e-05,8.0,1.1111111111111112,0,0.028626279863481097,0.14176621160409564,0.11144624573378836
1723104000000,-1.083e-05,8.0,2.9629629629629632,0,0.03798854412502761,0.10781877983732846,0.11107470375240047
1723132800000,-3.437e-05,8.0,1.8518518518518516,0,0.07017158292642,0.024143084336964327,0.04271192129722112
1723161600000,1.139e-05,8.0,5.555555555555555,0,-0.0027070521508929524,-0.03130099059439395,-0.04569877417210877
1723190400000,4.212e-05,8.0,16.296296296296298,1,-0.04041273858641525,-0.01526054497667495,-0.03812889844024958
1723219200000,-2.753e-05,8.0,2.2222222222222223,0,0.012235661334373926,0.014822473663675284,0.047182988685134486
1723248000000,-4.249e-05,8.0,1.8518518518518516,0,0.013806873371467132,0.0048952342774324364,0.048381874527821944
1723276800000,3.504e-05,8.0,12.962962962962962,1,-0.011098099749827006,0.018481624831760524,0.0064178117087043685
1723305600000,1.614e-05,8.0,7.037037037037037,0,0.002333726773267264,0.003260297040742266,0.01925036236202371
1723334400000,-8.82e-06,8.0,4.444444444444445,0,0.027513751121953423,-0.01966199473736685,0.03631293487683451
1723363200000,9.73e-06,8.0,6.296296296296296,0,-0.025877355074492625,-0.04094759200982534,0.0176161625211384
1723392000001,3.46e-06,8.0,5.9259259259259265,0,-0.021131997362812682,0.029825516321430268,0.022703577068735603
1723420800000,1.047e-05,8.0,7.037037037037037,0,0.005203850066515248,0.0641990766100633,0.04116128022536958
1723449600000,6.766e-05,8.0,31.851851851851855,3,0.04469658635319762,0.030345257093923994,0.017531431240512152
1723478400000,6.424e-05,8.0,29.259259259259256,2,0.013394537115349658,-0.012246966202546172,-0.005562738223426011
1723507200000,7.892e-05,8.0,38.51851851851852,3,-0.026773239995882214,-0.006673088518611148,-0.05642160683559572
1723536000000,-6.036e-05,8.0,0.3703703703703704,0,0.001511110439506469,0.029814208971462808,-0.011072661745483603
1723564800000,-4.532e-05,8.0,1.1111111111111112,0,0.01911310947319178,0.005243185744570056,-0.03140630540236722
1723593600000,5.55e-06,8.0,7.037037037037037,0,0.008975730365358592,-0.015075525681692903,-0.04144381562924493
1723622400000,3.166e-05,8.0,14.074074074074074,1,-0.022384610305284713,-0.0410274470098827,-0.04643467670342405
1723651200000,-3.462e-05,8.0,2.9629629629629632,0,-0.0014859510086455696,0.0015159702209412984,-0.02201533981748327
1723680000000,5.044e-05,8.0,25.185185185185183,2,-0.017609921082299973,-0.03554302893648997,-0.017899285982713287
1723708800000,7.775e-05,8.0,38.148148148148145,3,0.020985869157734482,0.0013809512879954244,-0.003477242993871643
1723737600000,6.62e-06,8.0,7.777777777777778,0,-0.03843387036343193,-0.03791682278006736,0.0008954664668414658
1723766400000,-1.182e-05,8.0,4.814814814814815,0,0.020000623436537968,0.009094380498905208,0.01696916327023623
1723795200000,2.105e-05,8.0,12.962962962962962,1,-0.01908127208480559,-0.00700983669181543,-0.0013217457740426486
1723824000000,3.363e-05,8.0,16.666666666666664,1,0.008552067918062178,0.014989485162395733,0.005179531116130454
1723852800000,2.448e-05,8.0,13.333333333333334,1,0.0037223526504386317,0.009116674904238176,0.017445632027678126
1723881600000,-2.485e-05,8.0,4.074074074074074,0,0.002650611679618331,0.002173578518119612,0.028695083480803074
1723910400000,-3.471e-05,8.0,2.9629629629629632,0,0.0027165050704256455,0.02497803391027098,-0.013383008030572241
1723939200000,7.82e-06,8.0,9.62962962962963,0,-0.003183628801126437,-0.0013010021543065076,-0.015478099159322967
1723968000000,-4.706e-05,8.0,1.1111111111111112,0,0.02546592195927122,0.0035469568722288347,-0.002118961248344542
1723996800000,-1.42e-06,8.0,8.148148148148149,0,-0.022991775817084004,-0.03379888372719819,-0.02660787080882987
1724025600000,-3.66e-05,8.0,3.3333333333333335,0,0.0016551914389821842,0.00956715977578293,0.008218485269945841
1724054400000,8.59e-06,8.0,11.11111111111111,1,-0.012695607602829062,0.022836028137658726,0.007994522413351302
1724083200002,-1.53e-05,8.0,6.296296296296296,0,0.021061026647618775,-0.004874233924513138,0.005962128867156746
1724112000000,9.69e-06,8.0,11.851851851851853,1,0.014820071804291457,-0.02353753785664947,-0.004705989510197628
1724140800000,1.977e-05,8.0,15.555555555555555,1,-0.038362147951188974,-0.027846027846027743,-0.002954386516030194
1724169600001,-2.726e-05,8.0,5.185185185185185,0,0.0015250663326045188,0.010975030929278873,0.03738746800084036
1724198400001,1.33e-05,8.0,14.074074074074074,1,0.011541001437283871,0.02163694985044473,0.07332867187196523
1724227200000,2.306e-05,8.0,17.40740740740741,1,0.00030005424057422125,0.013717864383176792,0.05954537935703752
1724256000001,4.139e-05,8.0,25.925925925925924,2,0.012087324279705491,-8.466129708817327e-05,0.06235304530533847
1724284800000,-9.46e-06,8.0,8.148148148148149,0,0.0014326865342666473,-0.003374603826071132,0.050900274376572296
1724313600000,3.544e-05,8.0,22.962962962962962,2,-0.014306368800731772,0.0117259097067004,0.04066879428048842
1724342400008,2.01e-05,8.0,17.037037037037038,1,0.008801671817331602,0.026212587121926534,0.06439421637411158
1724371200000,6.601e-05,8.0,37.77777777777778,3,0.0166060384207678,0.053558763641355256,0.04681339464793677
1724400000000,6.071e-05,8.0,34.81481481481482,3,0.0007164049225645286,0.0330934064491446,0.024143971133757658
1724428800000,-1.72e-06,8.0,9.62962962962963,0,0.03560719640179899,0.034628935532233784,0.01907796101949022
1724457600000,-1.504e-05,8.0,7.037037037037037,0,-0.0031415128483531785,0.0008541440463265548,-0.030018096272168004
1724486400005,9.7e-06,8.0,13.703703703703704,1,0.0020726629908054406,-0.005176212653044798,-0.023975374876130107
1724515200000,5.81e-06,8.0,11.851851851851853,1,0.0018004702234104553,0.0005252880933492854,-0.06766072909987353
1724544000000,-3.389e-05,8.0,4.814814814814815,0,-0.008317181126507922,-0.007250412242890691,-0.11251337981311671
1724572800000,3.311e-05,8.0,24.074074074074073,2,0.007103370819294241,-0.004339328169897461,-0.11138581367872924
1724601600000,2.579e-05,8.0,21.11111111111111,2,-0.005985140341221884,-0.015547605943863507,-0.0985140341221794
1724630400000,2.145e-05,8.0,20.0,1,-0.005409225187683719,-0.02376780764285269,-0.07929523441797104
1724659200001,5.677e-05,8.0,35.92592592592593,3,-0.005664913763764323,-0.016010334442163376,-0.06842908428206007
1724688000000,6.339e-05,8.0,39.62962962962963,3,-0.014285188863143228,-0.05343337379087143,-0.05248813858545731
1724716800001,9.438e-05,8.0,54.44444444444444,5,0.0026213443805163106,-0.08594504498793731,-0.05842279339107992
1724745600000,5.093e-05,8.0,34.81481481481482,3,-0.04232762887135011,-0.09320264794203992,-0.0632179417050871
1724774400000,7.429e-05,8.0,46.2962962962963,4,-0.046393795509826696,-0.032584453027253324,-0.0504309105462345
1724803200000,-6.098e-05,8.0,0.3703703703703704,0,-0.007057232032987915,0.029907669239106482,0.0289868063987746
1724832000000,-7.62e-06,8.0,10.0,0,0.021691493290656227,0.04494644835651851,0.034236119660223885
1724860800001,1.459e-05,8.0,17.40740740740741,1,0.01438115683245389,0.03449230584033858,0.009622213751178776
1724889600000,1.16e-05,8.0,17.037037037037038,1,0.007441783179433559,-0.00028485294466729094,-0.006405234964116491
1724918400001,2.12e-06,8.0,12.222222222222221,1,0.012763098969995612,-0.011164274322169043,-0.022611387402675986
1724947200000,-4.09e-06,8.0,11.11111111111111,1,-0.019132905569853143,-0.05137819803663557,-0.03835897197023519
1724976000000,5.49e-05,8.0,38.148148148148145,3,-0.0037278879259171616,-0.0006094423997783371,-0.03938818314931347
1725004800000,3.483e-05,8.0,28.14814814814815,2,-0.0292554459221126,0.001132084465417682,-0.030359724804169153
1725033600000,1.032e-05,8.0,16.666666666666664,1,0.03336156770315446,0.030075741765998476,0.028013405187758522
1725062400000,7.976e-05,8.0,54.074074074074076,5,-0.0019917952291951257,-0.005516045237114797,0.005389330630088285
1725091200000,7.237e-05,8.0,48.888888888888886,4,-0.0011903203151968356,-0.0130578138577091,-0.0010355786742213269
1725120000000,7.811e-05,8.0,53.333333333333336,5,-0.0023437531034866677,-0.015873961697512873,-0.029801416580265583
1725148800000,4.499e-05,8.0,35.18518518518518,3,-0.009560290352508272,-0.03347097072185967,-0.034127966935172394
1725177600001,5.272e-05,8.0,38.88888888888889,3,-0.0033439708045626126,-0.018588780013343742,-0.034239527985659546
1725206400000,4.183e-05,8.0,33.7037037037037,3,-0.020182693743768576,0.014095593310647914,-0.008375817903663929
1725235200001,-2.406e-05,8.0,6.666666666666667,0,0.0067617433753468514,0.04524595841527823,0.01029516659039098
1725264000001,3.904e-05,8.0,31.851851851851855,3,0.029854902715608533,0.03134150486729115,-0.012437495136804255
1725292800000,7.064e-05,8.0,50.37037037037037,5,0.010619793097134345,-0.02785506450290376,-0.05640670463998987
1725321600000,5.67e-05,8.0,41.48148148148148,4,-0.00836953567785359,-0.044604701906678645,-0.06790548923382311
1725350400001,4.883e-05,8.0,38.51851851851852,3,-0.029034999245534876,-0.04585163242453372,-0.06943859844183087
1725379200000,5.216e-05,8.0,40.0,3,-0.0067927494871659055,0.005859207062166583,-0.0634972628372319
1725408000000,8.054e-05,8.0,58.51851851851851,5,-0.009815642365977872,0.00968784525831512,-0.08262289134772338
1725436800000,-1.109e-05,8.0,9.25925925925926,0,0.022777706075581605,0.0037470179981764495,-0.04867376379631205
1725465600000,5.833e-05,8.0,44.074074074074076,4,-0.00301226888977546,-0.03502373179409102,-0.06356294420789543
1725494400000,4.539e-05,8.0,37.03703703703704,3,-0.01564171450502605,-0.03374952025542821,-0.07191269057087546
1725523200000,2.41e-05,8.0,24.074074074074073,2,-0.01672812340568497,-0.027707380200836962,-0.048902696492195696
1725552000005,3.166e-05,8.0,27.40740740740741,2,-0.0025284556614229015,-0.03501489681793846,-0.05388139014492255
1725580800000,3.662e-05,8.0,31.48148148148148,3,-0.009486343046447132,-0.05969001419782294,-0.03032671895071326
1725609600001,4.871e-05,8.0,40.370370370370374,4,-0.022859264253435985,-0.02528728765463173,-0.011807277242721126
1725638400000,4.007e-05,8.0,34.81481481481482,3,-0.027076419949021213,0.005788661393913097,0.001989305841563871
1725667200000,2.41e-06,8.0,13.703703703703704,1,0.02682784343683986,0.021475756077832253,0.05900328045656744
1725696000000,-5.37e-06,8.0,11.481481481481481,1,0.00677024070021881,0.003505470459518767,0.03334792122538288
1725724800000,2.652e-05,8.0,26.666666666666668,2,-0.011901915695488152,-0.023525627371797864,0.011967119762483325
1725753600000,5.363e-05,8.0,44.81481481481481,4,0.008763401361142842,0.009546476382369384,0.05023118310317676
1725782400000,3.089e-05,8.0,28.14814814814815,2,-0.02034879917662824,0.009729569430573681,0.020265938657048954
1725811200000,1.827e-05,8.0,22.59259259259259,2,0.021563870278451747,0.020223918801611562,0.035733523271084255
1725840000000,7.67e-06,8.0,16.296296296296298,1,0.008946352389543444,0.02693492650743634,0.01974036839972304
1725868800000,3.085e-05,8.0,28.888888888888886,2,-0.010167061140576639,0.01981583539208387,0.01855898968609071
1725897600001,-1.156e-05,8.0,8.88888888888889,0,0.028367061041551178,0.015885554183268757,0.013480900239592808
1725926400000,1.082e-05,8.0,20.0,1,0.001951964694899333,0.013014512433166425,0.0018204192480693049
1725955200000,-3.453e-05,8.0,4.814814814814815,0,-0.014060647128578574,-0.009198712519058017,-0.005556496696594859
1725984000000,2.28e-06,8.0,14.814814814814813,1,0.025459621993127124,-0.0005927835051546815,0.034523195876288604
1726012800000,2.484e-05,8.0,28.14814814814815,2,-0.020018682428045387,-0.019763160430114612,0.020864837240865075
1726041600000,1.804e-05,8.0,24.444444444444443,2,-0.005496948039735328,0.008040248260297034,0.03448629609998788
1726070400000,-1.796e-05,8.0,7.777777777777778,0,0.005789514402867679,-0.0019255400538119583,0.03882456095107911
1726099200000,2.592e-05,8.0,29.629629629629626,2,0.007777478643983704,0.008888547021695725,0.032755150442931535
1726128000000,2.496e-05,8.0,29.259259259259256,2,-0.01532890356995964,-0.004329408172871085,0.027023818105491593
1726156800000,1.134e-05,8.0,21.48148148148148,2,0.01668719370925098,0.037133850672224744,0.03672043890549226
1726185600000,4.291e-05,8.0,44.074074074074076,4,-0.005425919886144603,0.032271728034766634,-0.020852305698274787
1726214400001,5.003e-05,8.0,48.51851851851852,4,0.026871319362179236,0.03077034524489286,-0.01565576075747621
1726243200001,5.073e-05,8.0,49.25925925925926,4,0.011673167897750636,0.002207652087309997,-0.05076354884222778
1726272000000,8.45e-06,8.0,18.51851851851852,1,-0.006942734748141222,-0.00834605347382944,-0.05875063600702468
1726300800000,-4.15e-06,8.0,13.333333333333334,1,-0.0013263585878620088,0.0007685442284808275,-0.045616818722728936
1726329600001,1.35e-06,8.0,14.814814814814813,1,0.00045132332968966793,-0.0037762098777700537,-0.012715724270429662
1726358400000,-2.67e-06,8.0,14.074074074074074,1,0.002184761290002335,-0.04348005991542325,-0.032399016857419416
1726387200000,1.355e-05,8.0,24.444444444444443,2,-0.006032154978076187,-0.04679564991205698,-0.0395867911908242
1726416000000,2.131e-05,8.0,29.259259259259256,2,-0.03977303409057864,-0.04974225412372635,-0.04629041168724901
1726444800000,3.228e-05,8.0,37.03703703703704,3,-0.0012891169116565626,-0.007682790721818877,0.025886159729372027
1726473600001,-6.942e-05,8.0,0.3703703703703704,0,-0.009753246753246847,2.5974025974040416e-05,0.0543030303030303
1726502400000,-1.149e-05,8.0,10.37037037037037,1,0.002727678064048167,0.042388291966463765,0.06649152409011827
1726531200001,7.742e-05,8.0,68.14814814814815,6,0.007062331615704354,0.018741335565378714,0.0749348260137932
1726560000000,2.423e-05,8.0,31.48148148148148,3,0.03241462316431143,0.007091645885286546,0.10877320587420325
1726588800000,5.73e-05,8.0,57.407407407407405,5,-0.019369881281372847,-0.037179772123977384,0.07278277971844682
1726617600000,4.792e-05,8.0,50.74074074074074,5,-0.005259916867655479,0.014137630215015129,0.09515317904243847
1726646400000,3.074e-05,8.0,35.92592592592593,3,-0.012969984609696783,0.04700490942075719,0.09885475508782804
1726675200004,2.329e-05,8.0,31.11111111111111,3,0.03609183686803363,0.06382061233290215,0.11500951733810716
1726704000000,7.727e-05,8.0,68.88888888888889,6,0.02697870546067893,0.03979337971747832,0.10212945393211048
1726732800000,8.266e-05,8.0,74.07407407407408,7,0.0017614597533135434,0.05153809515988628,0.0617989061704467
1726761600001,2.391e-05,8.0,30.74074074074074,3,0.009589203752154773,0.04672177797431143,0.05208960296110687
1726790400000,0.0001,8.0,79.62962962962963,7,0.03857867608592502,0.038558399266790166,0.04526191567276472
1726819200001,9.734e-05,8.0,78.51851851851852,7,-0.0018546066476911038,-0.002092777185605188,0.032617650389076935
1726848000000,0.0001,8.0,79.25925925925927,7,0.001078887807395068,0.0008599830348801074,0.04589182195223973
1726876800001,6.668e-05,8.0,61.85185185185185,6,-0.0013285245952884273,0.02208867510931034,0.03388909945569574
1726905600000,6.665e-05,8.0,61.85185185185185,6,0.001682256884538491,0.01169755368551173,0.03502224100090379
1726934400000,4.536e-05,8.0,48.51851851851852,4,0.020821046793652487,0.003436976398127012,0.020797612863665327
1726963200000,4.896e-05,8.0,51.11111111111111,5,-0.010601828825037352,-0.013857749550445608,0.01454642843478604
1726992000000,5.198e-05,8.0,53.333333333333336,5,-0.00649654484356077,0.023263817725513336,0.013213508172885469
1727020800000,0.0001,8.0,79.25925925925927,7,0.0032266979086794656,0.041413830818273434,0.011571740509654704
1727049600000,2.548e-05,8.0,33.33333333333333,3,0.02664230178313698,0.026646181541660763,0.0004306531961451032
1727078400000,6.821e-05,8.0,65.18518518518519,6,0.011125597566275625,-0.00020407006405531725,-0.006258148631029914
1727107200000,6.476e-05,8.0,61.85185185185185,6,-0.010999443113481666,-0.023153771691477476,-0.010371544220153295
1727136000000,3.85e-05,8.0,42.96296296296296,4,-0.0002078483538409115,0.002101157904284001,-0.0057630679928650785
1727164800000,4.791e-05,8.0,50.37037037037037,5,-0.012084169624396734,-0.009619709632183282,0.004290125906690756
1727193600001,4.739e-05,8.0,50.37037037037037,5,0.014518584246800748,-0.0050294884838100185,0.027075094279004563
1727222400000,2.445e-05,8.0,31.851851851851855,3,-0.011901709079389922,-0.027578326520145247,0.015929283634773084
1727251200003,5.722e-05,8.0,59.25925925925925,5,-0.007409809794532318,0.002762462559856571,0.02077570253925254
1727280000000,3.538e-05,8.0,41.48148148148148,4,-0.007822480107121388,0.018823203484524376,0.026584119557354624
1727308800005,7.493e-05,8.0,70.0,6,0.01858821067155536,0.01866960191928313,0.03663381302492508
1727337600000,8.119e-05,8.0,75.92592592592592,7,0.006940245437501602,0.010408466719146192,0.0037154081054460164
1727366400000,0.0001,8.0,82.96296296296296,8,-0.0063938908695390095,0.01344869780651381,0.005989787902592081
1727395200000,9.625e-05,8.0,81.48148148148148,8,0.0099015169656127,0.023965091926367643,0.009711468655332345
1727424000000,7.694e-05,8.0,71.11111111111111,7,0.009970040949054404,0.00748599903649283,-0.007764512826689218
1727452800000,6.276e-05,8.0,62.59259259259259,6,0.003916599899383311,-0.005753787102424024,-0.03281223797723065
1727481600000,0.0001,8.0,84.07407407407408,8,-0.006351245007349848,-0.007115918573401214,-0.032932931446643665
1727510400001,6.231e-05,8.0,62.59259259259259,6,-0.0024595372481592825,-0.01274623406720754,-0.011479086457593546
1727539200000,7.162e-05,8.0,69.62962962962963,6,0.0025412198604952696,-0.0016154362240022868,-0.05508600042728484
1727568000001,3.315e-05,8.0,40.0,3,-0.01250630923672269,-0.006864449554147334,-0.08488961172489862
1727596800000,6.785e-05,8.0,68.51851851851852,6,0.009221932589718707,-0.0011480055771097009,-0.06031386396702232
1727625600000,8.854e-05,8.0,81.11111111111111,8,-0.002718023801479119,-0.02564102564102555,-0.07642377144573331
1727654400000,6.161e-05,8.0,62.96296296296296,6,-0.00757775385287196,-0.019281299172583144,-0.10975132318950787
1727683200001,8.62e-05,8.0,81.11111111111111,8,-0.013202685317657559,0.0036128072499022057,-0.10340142766605831
1727712000000,0.0001,8.0,86.66666666666667,8,0.0037913231101178724,-0.028650689681744668,-0.09922169993064656
1727740800000,0.0001,8.0,86.66666666666667,8,0.014962153198937456,-0.05955689303096834,-0.09807925565398967
1727769600000,0.0001,8.0,86.66666666666667,8,-0.04658462609011349,-0.06204097994871827,-0.09973451528238941
1727798400001,8.397e-05,8.0,80.37037037037037,8,-0.030038836490449472,-0.02444717444717448,-0.041570896409606095
1727827200000,0.0001,8.0,87.03703703703704,8,0.012281231633252787,-0.03476213021615626,-0.014783190752954978
1727856000000,6.859e-05,8.0,70.0,6,-0.008080091284065172,-0.0469403307031373,-0.026320776398392143
1727884800000,0.0001,8.0,87.4074074074074,8,-0.038705271672635266,-0.049692495925012126,-0.018523411364440134
1727913600000,2.418e-05,8.0,31.48148148148148,3,-0.0004905049240774284,-0.006423077410979694,0.020884515689814975
1727942400000,4.124e-05,8.0,47.03703703703704,4,-0.010944473823373824,0.0070861977789529185,0.02254468535166576
1727971200000,4.621e-05,8.0,51.48148148148148,5,0.005064417335363558,0.03494191318630557,0.046448064058035365
1728000000000,5.138e-05,8.0,56.666666666666664,5,0.01309943312394668,0.027296869414228153,0.03758320140272042
1728028800000,3.739e-05,8.0,43.7037037037037,4,0.016412518378492003,0.01444654484352026,0.04141566897710569
1728057600001,3.9e-05,8.0,45.18518518518518,4,-0.0013314037626627195,-0.0015464130659498254,0.023316105023775124
1728086400000,0.0001,8.0,87.77777777777777,8,0.0004267024599602376,0.0001822806625073614,0.004644014151607756
1728115200000,7.909e-05,8.0,78.51851851851852,7,-0.00013665218705616322,0.0008903097035475316,0.004869787029637029
1728144000000,5.458e-05,8.0,59.62962962962963,5,-0.00010768007421635417,0.013215658339407632,0.0015116625803459627
1728172800000,9.056e-05,8.0,84.44444444444444,8,0.0011349045271920044,0.009828935923456017,0.011100526032390201
1728201600001,5.234e-05,8.0,58.14814814814815,5,0.01293328147884587,0.025721756543181318,0.007968490124202532
1728230400000,3.309e-05,8.0,40.0,3,-0.0034498685861668044,0.011874251472529851,0.006094495334093786
1728259200000,3.36e-05,8.0,41.11111111111111,4,0.016841466265796523,-0.005315767238303071,-0.026919274988412845
1728288000000,9.258e-05,8.0,85.18518518518519,8,-0.0014400445324695976,-0.02115292304837668,-0.03364137647281873
1728316800001,2.612e-05,8.0,34.81481481481482,3,-0.01887760668150895,-0.02338689800354754,-0.027322426451276582
1728345600000,6.592e-05,8.0,67.4074074074074,6,0.0006515275847707169,0.006610118470806947,-0.017125278857929915
1728374400000,0.0001,8.0,87.77777777777777,8,-0.003478045865699664,0.00335853955040899,-0.00802340675416735
1728403200000,8.377e-05,8.0,81.11111111111111,8,0.009465679159378126,0.017852047588919007,0.011235583344705313
1728432000000,0.0001,8.0,87.77777777777777,8,-0.0025808037360205427,-0.028143050264225034,-0.0016754741714799515
1728460800000,3.64e-05,8.0,42.96296296296296,4,0.010916707737801845,-0.016062920979135864,0.004189255791029911
1728489600000,0.0001,8.0,87.4074074074074,8,-0.036150452185359394,-0.02306429726413639,0.00471686614825817
1728518400000,6.663e-05,8.0,67.03703703703704,6,0.009817062889900585,0.0046956668352722275,0.04379531276344628
1728547200000,0.0001,8.0,87.4074074074074,8,0.0037233531884341975,0.00479611301963101,0.028847638884830662
1728576000000,0.0001,8.0,87.03703703703704,8,-0.00876233568021434,0.016954932400680356,0.013403420928965515
1728604800000,0.0001,8.0,86.66666666666667,8,0.009918021094674323,0.02243301979408785,0.03560250719518043
1728633600000,9.474e-05,8.0,84.81481481481481,8,0.01586919133592013,0.015711330270274937,0.0539261708721408
1728662400001,5.977e-05,8.0,62.22222222222222,6,-0.004050684651543013,0.011154710811363211,0.07867565910484364
1728691200000,4.445e-05,8.0,50.37037037037037,5,0.0032786078021838083,0.01612221533764724,0.07917078715310955
1728720000001,0.0001,8.0,87.4074074074074,8,0.012048242061251546,0.007993977924511286,0.07096803227046955
1728748800000,7.35e-05,8.0,72.22222222222221,7,0.0013384607297239892,-0.014617932138827783,0.040772506156515176
1728777600000,7.928e-05,8.0,77.77777777777779,7,-0.004644025360416748,-0.0031902435084602,0.05259459677745015
1728806400000,3.958e-05,8.0,45.925925925925924,4,-0.011343719571567656,0.029288380395975144,0.057582765335929764
1728835200000,1.763e-05,8.0,26.296296296296294,2,0.012951199093908405,0.08284089230314673,0.0708827826201146
1728864000000,6.559e-05,8.0,65.92592592592592,6,0.027787230594717105,0.06544725328147782,0.058718198023010926
1728892800000,0.0001,8.0,87.03703703703704,8,0.040094757961206096,0.03124174710976413,0.03608212882195061
1728921600000,0.0001,8.0,86.66666666666667,8,-0.0033198039951340963,-0.02459156178587263,-0.003778361396288399
1728950400000,0.0001,8.0,86.29629629629629,8,-0.005209224509971633,-0.00890130991083471,-0.01031958782486353
1728979200000,0.0001,8.0,85.92592592592592,8,-0.016217869087434278,-0.00363879598662209,0.009536550406115563
1729008000000,0.0001,8.0,85.55555555555556,8,0.012712621706257643,0.013889860207784599,0.030122541591875107
1729036800000,0.0001,8.0,85.18518518518519,8,7.289356771811306e-05,0.0026088224235960578,0.012955872536005497
1729065600001,0.0001,8.0,85.18518518518519,8,0.00016097504886736225,0.007772795216741457,0.0120194703154346
1729094400000,0.0001,8.0,84.81481481481481,8,0.0014446824572631467,0.007346037852979492,0.013588445605981159
1729123200000,0.0001,8.0,84.44444444444444,8,0.005812485172231652,-0.0040293264557998976,0.013278027351971033
1729152000000,0.0001,8.0,84.07407407407408,8,7.989256352392005e-05,0.004820184665953908,0.007125655784792295
1729180800001,0.0001,8.0,83.7037037037037,8,-0.009928748863519576,0.008635348628424966,0.028017331563150227
1729209600010,0.0001,8.0,83.7037037037037,8,0.014823467031425785,0.013978168237513744,0.054329658845091444
1729238400001,0.0001,8.0,83.33333333333334,8,0.0038694386285074156,-0.00028396076040904106,0.032401815834409264
1729267200000,0.0001,8.0,82.96296296296296,8,-0.00416391649537029,-0.0023836913270597337,0.010575744432081757
1729296000000,0.0001,8.0,82.5925925925926,8,0.0003635936689252439,0.0029276865216585346,0.010441955679446835
1729324800000,0.0001,8.0,82.5925925925926,8,0.0014235576067573863,0.0022678484214033734,0.0018892426749255176
1729353600000,0.0001,8.0,82.22222222222221,8,0.0011379833120983562,0.022487457609176476,-0.00849517774845665
1729382400000,0.0001,8.0,81.85185185185185,8,-0.000294557484025848,0.03618903037718457,-0.008942463104786857
1729411200000,0.0001,8.0,81.48148148148148,8,0.021626134191579105,0.029184893059238437,-0.016031670481932325
1729440000000,0.0001,8.0,81.11111111111111,8,0.014553468095884092,-0.00928818898802386,-0.06055810479532342
1729468800000,0.0001,8.0,80.74074074074075,8,-0.007052083371296702,-0.027694460743402538,-0.08033543863229664
1729497600000,0.0001,8.0,80.37037037037037,8,-0.01656438565325269,-0.028724325752793045,-0.06663559085637105
1729526400000,0.0001,8.0,80.37037037037037,8,-0.004295753884279496,-0.021210051541582176,-0.05673679456891312
1729555200000,0.0001,8.0,80.0,7,-0.008103812765191787,-0.01631257777711137,-0.04896771968754232
1729584000000,0.0001,8.0,79.62962962962963,7,-0.008956036065995154,-0.015659836901891766,-0.06094639226682197
1729612800000,0.0001,8.0,79.25925925925927,7,0.000686352266487722,-0.031202336648160522,-0.03910301384906345
1729641600000,0.0001,8.0,78.88888888888889,7,-0.0074456248380557755,-0.03845509000289593,-0.0684967001478457
1729670400000,0.0001,8.0,78.51851851851852,7,-0.02460438725132641,-0.0237444429941418,-0.05404212191245461
1729699200000,0.0001,8.0,78.14814814814814,7,-0.0068051308088620255,-0.005258331266998151,-0.032777981131407175
1729728000000,0.0001,8.0,77.77777777777779,7,0.007739435056906441,0.005468725232222527,-0.016295216054275086
1729756800000,0.0001,8.0,77.4074074074074,7,-0.006134559196530054,-0.02280404409017789,-0.024510709917930584
1729785600000,0.0001,8.0,77.03703703703704,7,0.0039052453736492243,-0.0029121181307049104,-0.008795704625757184
1729814400000,0.0001,8.0,76.66666666666667,7,-0.02059718434204083,-0.0365121155271082,-0.012024877425864222
1729843200000,0.0001,8.0,76.29629629629629,7,0.014096692931130361,-0.008422602998816808,0.010515175172435942
1729872000000,0.0001,8.0,75.92592592592592,7,-0.02992448442664919,-0.024825298312308397,-0.008039650636307072
1729900800000,0.0001,8.0,75.55555555555556,7,0.007956311871062827,0.015429927186451975,0.04983637404892405
1729929600001,0.0001,8.0,75.55555555555556,7,-0.003115252161003279,0.006615854524214093,0.060560826515339006
1729958400000,0.0001,8.0,75.55555555555556,7,0.010120246597082438,0.01940629514333958,0.07782050499501536
1729987200000,0.0001,8.0,75.55555555555556,7,-0.0006767862322344387,0.009833542814786211,0.06326742724547985
1730016000000,0.0001,8.0,75.18518518518519,7,0.009876483488132193,0.012283120485036214,0.07712122678018574
1730044800000,0.0001,8.0,75.18518518518519,7,0.00063469506694247,-0.002151576359005869,0.07083436454649261
1730073600000,0.0001,8.0,75.18518518518519,7,0.0017472962784186308,0.023815887630498578,0.061374779094677034
1730102400001,0.0001,8.0,75.18518518518519,7,-0.007430195166990172,0.04054172370976494,0.05233372600210129
1730131200000,0.0001,8.0,75.18518518518519,7,0.026674667466746627,0.059581958195819684,0.024230423042304272
1730160000000,0.0001,8.0,75.18518518518519,7,0.01835623804272868,0.028420802437627346,-0.018679644486699454
1730188800000,0.0001,8.0,75.18518518518519,7,0.013449191518017711,0.02234899791087952,-0.04244817374136234
1730217600004,0.0001,8.0,75.18518518518519,7,-0.0036026316186568152,0.011796260807894754,-0.05402815711246256
1730246400000,0.0001,8.0,75.18518518518519,7,0.012343854783527952,0.00803600859295961,-0.047973569450285414
1730275200000,0.0001,8.0,75.18518518518519,7,0.003982110443683684,-0.009038342783360354,-0.06153184004191692
1730304000013,0.0001,8.0,74.81481481481481,7,-0.008538053994802675,-0.045091364634560094,-0.07198809892211722
1730332800000,0.0001,8.0,74.81481481481481,7,-0.004803463906366212,-0.05340564839245587,-0.06298250757353652
1730361600000,0.0001,8.0,74.44444444444444,7,-0.03303874915023797,-0.05483797869929763,-0.07508119948636616
1730390400000,0.0001,8.0,74.07407407407408,7,-0.01633780152480957,-0.02304790026246728,-0.04613485814273233
1730419200000,0.0001,8.0,73.70370370370371,7,-0.006309336149835754,-0.0022791434550066825,-0.02524131523254003
1730448000000,0.0001,8.0,73.33333333333333,7,-0.0005154639175257714,0.0019739470950213,-0.016754575241748504
1730476800000,0.0001,8.0,72.96296296296296,7,0.004573603431801798,-0.004793488212176733,-0.024047399162838712
1730505600000,0.0001,8.0,72.5925925925926,7,-0.0020734255297980564,-0.00785593473286228,-0.04591781912247539
1730534400000,0.0001,8.0,72.22222222222221,7,-0.007266085486173579,-0.02334558970146039,-0.026220917712180047
1730563200000,0.0001,8.0,71.85185185185186,7,0.0014823325245447716,-0.01892886410746719,-0.020491539858274677
1730592000000,0.0001,8.0,71.48148148148148,7,-0.01765335879118024,-0.01527871929916047,-0.027585128017938332
1730620800000,0.0001,8.0,71.11111111111111,7,-0.0027766435279706903,0.004765210289914279,0.06215189873417715
1730649600000,0.0001,8.0,70.74074074074073,7,0.005208418638932288,-0.000425845549095083,0.07971501105560574
1730678400000,0.0001,8.0,70.37037037037037,7,0.002342235184853214,-0.023442719111009813,0.10713180062894101
1730707200000,0.0001,8.0,70.0,6,-0.007928734856766706,-0.007672707026948,0.14608216461370271
1730736000000,0.0001,8.0,69.62962962962963,6,-0.017938193317930784,-0.0011674777564764094,0.16535991086204915
1730764800000,0.0001,8.0,69.25925925925925,6,0.01852863763207191,0.011208115559967702,0.20946286972807715
1730793600003,0.0001,8.0,68.88888888888889,6,-0.002564847275003168,0.06268535828093857,0.191034079334367
1730822400001,0.0001,8.0,68.51851851851852,6,-0.006553692706453673,0.08153974867941849,0.20389448472718907
1730851200000,9.511e-05,8.0,67.4074074074074,6,0.07300019800019819,0.12114312114312131,0.22154159654159655
1730880000000,0.0001,8.0,68.14814814814815,6,0.013712849020263596,0.08416083284317688,0.1657036532998104
1730908800000,0.0001,8.0,67.77777777777779,6,0.030733290858893758,0.0788621401049725,0.15353372167106571
1730937600000,0.0001,8.0,67.4074074074074,6,0.037605963383763985,0.0668194796020487,0.1504054571142639
1730966400000,0.00014885,8.0,100.0,9,0.008758461489363878,0.032665160825919415,0.13118898774169985
1730995200000,0.0001,8.0,66.66666666666666,6,0.01922786247332886,0.031678518575802395,0.1300921320430395
1731024000000,0.0001,8.0,66.2962962962963,6,0.004386917879794172,0.021306901463340466,0.09810555503823015
1731052800000,0.0001,8.0,65.92592592592592,6,0.007794660485878513,0.04120181989870364,0.07909691819040265
1731081600000,0.0001,8.0,65.55555555555556,6,0.008981413652702885,0.03638222116220047,0.10442767338455528
1731110400000,0.0001,8.0,65.18518518518519,6,0.023952237354414097,0.05585365936021569,0.13936062080633227
1731139200000,0.0001,8.0,64.81481481481481,6,0.0031296994960821056,0.052060522913753626,0.11433461731261385
1731168000000,0.0001,8.0,64.44444444444444,6,0.027938048413238548,0.05693799252399123,0.07448392855381636
1731196800000,0.0001,8.0,64.07407407407408,6,0.020273706227952104,0.018319575528270793,0.03854530800745826
1731225600000,0.0001,8.0,63.70370370370371,6,0.0077803203661328535,-0.014889815366289416,-0.010002821228174641
1731254400000,0.00026708,8.0,100.0,9,-0.00962076816841484,0.008249038856332325,0.03197902280616627
1731283200001,0.00028976,8.0,100.0,9,-0.01114016177588939,0.05856991119295585,0.0011564399248313872
1731312000000,0.0001881,8.0,99.25925925925925,9,0.03145166422707324,0.07520206198688983,0.02333736396614272
1731340800000,0.00017298,8.0,98.88888888888889,9,0.04089540451157503,0.00828335554568338,-0.04743570758675164
1731369600002,0.00017687,8.0,98.88888888888889,9,0.004013584439641837,-0.03677535801648191,-0.08825135963141517
1731398400000,0.0005762,8.0,100.0,9,-0.032744093544405994,-0.0653283731832266,-0.09939833024063827
1731427200000,0.00046001,8.0,99.62962962962963,9,-0.0064437366329180845,0.015127176596936076,-0.07539110666434135
1731456000000,0.00013607,8.0,97.03703703703704,9,-0.027420293604087154,-0.018406457195825343,-0.0485459915066071
1731484800010,0.00033556,8.0,99.25925925925925,9,0.05050338601166793,0.020078399558883575,-0.01373735197092174
1731513600000,0.00012894,8.0,96.29629629629629,9,-0.03926479852188092,-0.06933957856727346,-0.053871170951222624
1731542400001,0.0001058,8.0,95.92592592592592,9,0.010399075916706746,-0.035965171099797244,-0.014617717037157973
1731571200000,0.0001,8.0,59.25925925925925,5,-0.039882584874096016,-0.05375411232796623,-0.024089379776985997
1731600000000,0.0001,8.0,58.88888888888889,5,-0.0080222043735102,-0.02130725981967041,-6.153487408022684e-05
1731628800000,0.00013133,8.0,96.29629629629629,9,-0.006477500155081195,0.008710670571450141,0.004208416179385166
1731657600000,0.00013108,8.0,95.92592592592592,9,-0.006960076501690837,0.022220980785851108,0.030584245515219655
1731686400000,0.0001,8.0,57.77777777777777,5,0.022403197998603686,0.0387538924315578,0.04218551965822703
1731715200001,0.00018215,8.0,97.77777777777777,9,0.00962168544939046,0.018383712556202303,0.04227572649239941
1731744000001,0.0001,8.0,57.03703703703704,5,0.008276890254090175,0.008389348002107777,0.0037239579986374505
1731772800000,0.00011351,8.0,94.81481481481482,9,-0.0009652755654667722,-0.016409684612934128,-0.0107199745141765
1731801600000,0.0001,8.0,56.2962962962963,5,0.0007972015038408831,-0.01918704579444308,-0.008919090424972076
1731830400000,0.0001,8.0,55.925925925925924,5,-0.016243583657004845,-0.0007423999592157671,-0.008625221843764574
1731859200001,0.00019685,8.0,98.14814814814815,9,-0.00507973895965641,0.020684567623620476,0.012725231419317806
1731888000000,0.00019865,8.0,98.14814814814815,9,0.019617660446062724,0.046036803433253004,-0.0023733662786917797
1731916800000,0.00031651,8.0,98.88888888888889,9,0.0042185616713539265,-0.004362050163576825,0.0021842137149488128
1731945600000,0.00019762,8.0,97.4074074074074,9,0.021601145625950613,-0.013977398654334006,0.04276410837723099
1731974400000,0.00040458,8.0,99.25925925925925,9,-0.029508298626219953,-0.03400261080375466,0.04537514763473616
1732003200000,0.00021234,8.0,97.4074074074074,9,-0.005479653862659584,-0.0035420790018126924,0.07962952287619363
1732032000000,0.00015353,8.0,94.44444444444444,9,0.0008533659651890346,0.009432109102033515,0.06645305682129243
1732060800003,0.00017369,8.0,94.81481481481482,9,0.0018896958458882729,-0.01260977619820236,0.07054327950758443
1732089600000,0.00019505,8.0,95.92592592592592,9,0.007469306421546529,0.010152985794176228,0.07535835958089598
1732118400000,0.00013619,8.0,92.96296296296296,9,-0.021099711609626537,0.047664165582012696,0.10353661026465555
1732147200001,0.0001,8.0,51.85185185185185,5,0.024889555450499534,0.0972140260502421,0.10805144841302172
1732176000000,0.0001,8.0,51.48148148148148,5,0.04488083003763954,0.07257738650138879,0.09004801160678233
1732204800001,0.00020146,8.0,97.03703703703704,9,0.022828330106589023,0.006200212144513495,0.0019451645943571183
1732233600000,0.0003418,8.0,98.88888888888889,9,0.0022923300598503005,-0.010721325805214343,-0.0011714371512075994
1732262400000,0.00029201,8.0,97.77777777777777,9,-0.0176173949156061,-0.007484203969030934,0.008279196701373559
1732291200001,0.00022123,8.0,96.66666666666667,9,0.004482557595125947,0.0477525289901255,0.06880907144000648
1732320000000,0.00015103,8.0,91.85185185185185,9,0.005572035235459127,0.02029855770242195,0.026105015132253273
1732348800000,0.00032558,8.0,98.14814814814815,9,0.0338686201197298,0.023951916840762033,0.015078290549244366
1732377600000,0.00037006,8.0,98.88888888888889,9,-0.01859394829425387,-0.04838415929740769,-0.04591248240194967
1732406400001,0.00027011,8.0,96.29629629629629,9,0.008215244103384922,-0.012169860176074576,-0.02195635798691209
1732435200000,0.00023721,8.0,95.55555555555556,9,-0.039168011768792255,-0.007880887679837523,0.0007589002950953994
1732464000000,0.00027264,8.0,96.29629629629629,9,0.020544865758151953,0.07206651639518569,0.08192124721278793
1732492800000,0.00017259,8.0,90.37037037037037,9,0.011775737099823047,0.01629433389394097,0.08806798731935284
1732521600000,0.00023935,8.0,95.18518518518519,9,0.03825819871080105,-0.0007914069096589538,0.057755052206377666
1732550400000,0.00031797,8.0,97.4074074074074,9,-0.032547002734446995,-0.06479930859579786,0.006089457502727269
1732579200000,0.0002448,8.0,94.81481481481482,9,-0.005234037941649339,-0.0260061683737578,0.04977461711269737
1732608000000,0.0001227,8.0,85.92592592592592,8,-0.02825116596787114,0.009507349130823961,0.04572007349130813
1732636800000,0.0001819,8.0,90.37037037037037,9,0.0075839981577823234,0.07911840187615327,0.09664673960798353
1732665600000,0.00021068,8.0,92.96296296296296,9,0.03103686774523373,0.09920911770012619,0.08081433812473682
1732694400000,0.00020895,8.0,92.5925925925926,9,0.03875623065907163,0.048623202988966385,0.08155199920667555
1732723200001,0.00015706,8.0,87.77777777777777,8,0.02563821628136287,-0.002845881338266576,0.03295097948324632
1732752000000,0.00015948,8.0,87.77777777777777,8,-0.016411740727872548,-0.019473040590264556,0.013903061573437014
1732780800000,0.0001647,8.0,87.77777777777777,8,-0.012455080493530502,-0.01216025277304944,0.030584203909526764
1732809600000,0.0001,8.0,43.333333333333336,4,0.00946053276403025,0.01937733415198828,0.05001492730683221
1732838400000,0.0001,8.0,42.96296296296296,4,-0.009076121680854254,0.00279286744621432,0.03694062436351353
1732867200000,0.00015354,8.0,86.66666666666667,8,0.019073093816871278,0.04409843450839057,0.03215733753801109
1732896000000,0.0001,8.0,42.22222222222222,4,-0.006962595390319848,0.016389728514038415,0.014881166179468996
1732924800000,0.00017097,8.0,87.77777777777777,8,0.03174055545972054,0.031159053347949772,0.014095166020244188
1732953600000,0.0002474,8.0,94.81481481481482,9,-0.007971479577802865,-0.0007928332191724508,-0.02368252153324224
1732982400000,0.00012425,8.0,82.5925925925926,8,0.007467393018109947,0.013445113166207223,-0.02829834776793716
1733011200000,0.00011863,8.0,81.85185185185185,8,-0.00022934975297683735,0.0028061616834811343,-0.022735306100973296
1733040000000,0.00013737,8.0,84.44444444444444,8,0.0061641765264701665,-0.01065236635288025,0.004722989895500573
1733068800000,0.00015064,8.0,84.81481481481481,8,-0.0031088055105521484,-0.014731285473643552,0.027037756295398285
1733097600001,0.00036131,8.0,98.51851851851852,9,-0.011826813009224946,-0.020157565147128187,0.032711601912329025
1733126400001,0.0002931,8.0,96.29629629629629,9,0.0009730596046706452,-0.012717916289617492,0.051381363046630435
1733155200000,0.00028383,8.0,95.18518518518519,9,-0.007731678100838413,-0.026853969291081303,0.06074539910704568
1733184000000,0.00026464,8.0,93.7037037037037,9,-0.006694468832309064,-0.006291154521510189,0.03979367866549599
1733212800000,0.00034689,8.0,98.14814814814815,9,-0.012661584355319944,0.02827864324384044,0.07765716495414865
1733241600000,0.00014297,8.0,82.22222222222221,8,0.013235195380690179,0.07115840830759601,0.11917270936842583
1733270400000,0.00018732,8.0,87.77777777777777,8,0.027861298169177928,0.05918213519535476,0.1054068754538402
1733299200000,0.00015899,8.0,84.07407407407408,8,0.0285109514932389,0.03594088288859387,0.07184147330758184
1733328000000,0.00019842,8.0,89.25925925925927,8,0.0019065428371445314,0.017605486664646897,0.04666067716222844
1733356800001,0.00023652,8.0,91.48148148148148,9,0.0060377653747849536,-0.012930989515413938,0.04281466798810718
1733385600000,0.00049482,8.0,99.62962962962963,9,0.010307059622774561,0.011660590471350263,0.03307334477697865
1733414400000,0.00031177,8.0,95.55555555555556,9,-0.02733084723316548,0.02674824771002471,0.02540852545857253
1733443200000,0.00014294,8.0,79.62962962962963,7,0.029476178413864407,0.05641399109197209,0.057295294788170414
1733472000000,0.0002554,8.0,92.22222222222223,9,0.025374530635260406,0.022729428047827183,0.004398251976778456
1733500800000,0.0002635,8.0,92.22222222222223,9,0.0007723937958530325,0.0017572583769731587,-0.04319406081663779
1733529600000,0.0003059,8.0,95.18518518518519,9,-0.0033494519986811966,-0.0003346954271612468,-0.07305352129562104
1733558400000,0.00024299,8.0,90.37037037037037,9,0.0043481202837931665,-0.0015287339326304217,-0.06456018825982468
1733587200000,0.00023099,8.0,88.88888888888889,8,-0.0013175033311872975,-0.003056707539213166,-0.11150869103049721
1733616000000,0.00020864,8.0,87.03703703703704,8,-0.004539889563501043,0.00116932763660893,-0.09274916922769405
1733644800000,0.00023941,8.0,90.0,8,0.002811153250521503,-0.01642014693295657,-0.08281105285219115
1733673600000,0.00018574,8.0,83.33333333333334,8,0.0029159043182915845,-0.04194396958448987,-0.05158272282890275
1733702400000,0.00020272,8.0,86.29629629629629,8,-0.022029059291536313,-0.07382617332754349,-0.04417042261254123
1733731200000,0.0001,8.0,31.48148148148148,3,-0.023211720183427764,-0.04748756606128046,-0.002875946421143638
1733760000001,0.00013421,8.0,74.81481481481481,7,-0.02965073943495966,-0.06482825097307854,0.038509290739644486
1733788800007,0.0001,8.0,30.74074074074074,3,0.006837482251699223,-0.021219679423848392,0.047076861614542054
1733817600000,0.0001,8.0,30.37037037037037,3,-0.04605880052081379,-0.02100937143347037,0.04127663678595739
1733846400000,0.0001,8.0,30.0,2,0.01976858482882582,0.064184008762322,0.0952397000589773
1733875200000,0.0001,8.0,29.629629629629626,2,0.006364480087246438,0.0547769402576086,0.07625809329980804
1733904000000,0.0001,8.0,29.259259259259256,2,0.036954737014941674,0.06930107821137321,0.07347162169558308
1733932800001,0.0001,8.0,28.888888888888886,2,0.009710580420686288,0.045073541040645315,0.02489851863566872
1733961600001,0.0001,8.0,28.51851851851852,2,0.020505711839274854,0.012619301213374401,0.008687843284673091
1733990400000,0.0001,8.0,28.14814814814815,2,0.013814671498474818,-0.005310382245152789,-0.01635341809471169
1734019200001,0.0001,8.0,27.77777777777778,2,-0.021645480225988778,-0.020061541565778884,-0.019685734463276927
1734048000000,0.0001,8.0,27.40740740740741,2,0.002010884557180015,0.007502146232556184,0.020147516428669077
1734076800000,0.0001,8.0,27.037037037037038,2,0.003378195842735021,0.00925980718812136,0.02232233597225397
1734105600001,0.0001,8.0,26.666666666666668,2,0.006202931077971652,0.0007721490968428668,0.014650242197433272
1734134400000,0.0001,8.0,26.296296296296294,2,0.003758965606360354,-0.01118477785255323,0.020470881450566747
1734163200000,0.0001,8.0,25.925925925925924,2,-0.009248778896060794,-0.020174982409984943,0.018311460532085322
1734192000000,0.0001,8.0,25.555555555555554,2,-0.0056916426512968465,0.0021999794153972907,0.010456978180320986
1734220800000,0.0001,8.0,25.185185185185183,2,-0.00536710590329903,0.024004471725651344,0.007170805428178051
1734249600000,0.0001,8.0,24.814814814814813,2,0.013375690119004746,0.0337995701878997,0.001264459326558276
1734278400000,9.404e-05,8.0,22.962962962962962,2,0.01594115457194567,0.011799894735490923,-0.007697146304830649
1734307200000,8.662e-05,8.0,21.48148148148148,2,0.004147039201018998,0.007821502941592673,-0.08150789479004505
1734336000001,0.0001,8.0,24.444444444444443,2,-0.007475068418654196,0.005768063909443288,-0.07220276595155428
1734364800000,0.0001,8.0,24.074074074074073,2,0.011946479366440776,-0.0035194916910052942,-0.08439675100420962
1734393600000,0.0001,8.0,23.703703703703706,2,0.0016349088137133094,-0.02407227701172776,-0.1416653502140175
1734422400000,0.0001,8.0,23.333333333333332,2,-0.016890682461678685,-0.036577702897226505,-0.1526144633509493
1734451200000,0.0001,8.0,22.962962962962962,2,-0.008925297425032674,-0.0158057977509779,-0.14214522897653192
1734480000000,8.046e-05,8.0,17.40740740740741,1,-0.011199926001865257,-0.06615638786327804,-0.10890829627003151
1734508800000,0.0001,8.0,22.59259259259259,2,0.004305685479679688,-0.04220974950628831,-0.08488722586009778
1734537600000,0.0001,8.0,22.22222222222222,2,-0.059627888444153454,-0.06640672501985778,-0.12389229411871239
1734566400000,6.104e-05,8.0,10.0,0,0.014155966003670306,-0.05818666065026645,-0.08225592996029729
1734595200000,7.438e-05,8.0,15.555555555555555,1,-0.021066425029029112,-0.0816802135671576,-0.09502816091330346
1734624000000,7.373e-05,8.0,15.555555555555555,1,-0.051348138048005754,-0.06636902040013193,-0.08593773816551242
1734652800000,0.0001,8.0,22.59259259259259,2,-0.011142175207345617,0.013172540117965648,-0.0416852905174655
1734681600001,0.0001,8.0,22.22222222222222,2,-0.004463348812187573,0.04175448034500784,-0.024105039445953658
1734710400014,0.0001,8.0,21.85185185185185,2,0.030691714098236123,0.0038360931232388484,-0.02762165195471511
1734739200000,6.352e-05,8.0,11.11111111111111,1,0.015455059225170986,-0.03822532092315134,-0.01463617175876264
1734768000000,0.0001,8.0,21.48148148148148,2,-0.03850107333916375,-0.05282362027645571,-0.034883522824074586
1734796800001,0.0001,8.0,21.11111111111111,2,-0.013715161213038951,-0.02560833853407196,0.034386988195555634
1734825600000,0.0001,8.0,21.11111111111111,2,4.197208856115964e-05,-0.016551992924705106,0.04600740507562473
1734854400000,0.0001,8.0,20.74074074074074,2,-0.011233058227833048,-0.00961720063914806,0.04539990226909585
1734883200000,5.37e-05,8.0,7.4074074074074066,0,-0.005421105929865111,-0.00794367871154733,0.053522809272880556
1734912000000,5.686e-05,8.0,8.148148148148149,0,0.0070937768645933375,0.04177006042056619,0.0655236957144687
1734940800000,5.398e-05,8.0,7.4074074074074066,0,-0.009562266732453306,0.028835122789917733,0.03618163160905796
1734969600001,8.674e-05,8.0,17.77777777777778,1,0.04237583130278666,0.06785079603539557,0.021569597371587035
1734998400000,0.0001,8.0,20.37037037037037,2,-0.005410609359271512,0.020966477046609144,-0.02417948357796662
1735027200000,8.121e-05,8.0,15.555555555555555,1,0.026956017735306093,0.025967453889086833,-0.01782062862068856
1735056000001,2.757e-05,8.0,1.1111111111111112,0,-0.0026221051758698044,-0.006273608239758199,-0.048573283121591926
1735084800001,4.454e-05,8.0,4.814814814814815,0,-0.000862953767466812,0.002557324785981807,-0.04463277160108026
1735113600000,6.55e-05,8.0,10.0,0,-0.0035501974403019387,-0.01835033394223906,-0.0435573093059336
1735142400000,1.254e-05,8.0,0.0,0,0.005908338729404994,-0.03775811209439528,-0.031170587812072825
1735171200000,0.0001,8.0,20.37037037037037,2,-0.02063926209059086,-0.045933373005882294,-0.02705648760614321
1735200000000,0.0001,8.0,20.0,1,-0.02325058279824943,-0.02478426240235565,-0.005234959715349041
1735228800000,6.305e-05,8.0,10.0,0,-0.0026379147911651524,-0.004674672129921786,0.008945581791808044
1735257600000,0.0001,8.0,19.62962962962963,1,0.001070551438947076,-0.00030587183969921217,0.005676621495593226
1735286400000,8.428e-05,8.0,16.296296296296298,1,-0.0031093670431058262,-0.0009166342150197515,0.027768624749123783
1735315200000,5.349e-05,8.0,6.666666666666667,0,0.0017398254765739196,0.011574797471093135,-0.0019291329118488187
1735344000001,0.0001,8.0,19.62962962962963,1,0.001695505260567609,0.020859216046381857,0.007298174856106954
1735372800000,0.0001,8.0,19.25925925925926,1,0.009354649140691507,0.020981998296974114,0.005258991856658124
1735401600000,9.336e-05,8.0,17.77777777777778,1,0.010179893299747,0.002085288910540495,0.01285334062095278
1735430400000,5.941e-05,8.0,8.148148148148149,0,0.0013261936477970693,-0.013835346148304395,-0.018660809066342043
1735459200000,5.146e-05,8.0,5.9259259259259265,0,-0.00932685700189706,0.007570729644487129,-0.017211810103311853
1735488000000,9.485e-05,8.0,18.51851851851852,1,-0.005869344826972989,-0.015402583697450067,-0.005504734011964052
1735516800000,0.0001,8.0,19.25925925925926,1,0.023061371755037863,0.0015952720311540602,0.001875562817936105
1735545600001,0.0001,8.0,19.25925925925926,1,-0.03263384246012557,-0.02208320464332958,-0.002237749197265715
1735574400000,0.0001,8.0,19.25925925925926,1,0.011293090471172773,0.026557278338100287,0.04302875206984802
1735603200000,0.0001,8.0,18.88888888888889,1,-0.0018547131446468024,-0.006478099201848275,0.02827916558747967
1735632000000,8.514e-05,8.0,15.555555555555555,1,0.01697993903566597,-0.001840263900405037,0.02400992609118413
1735660800000,0.0001,8.0,18.88888888888889,1,-0.021251074138269876,-0.01607761363869664,0.04638224365121957
1735689600015,0.0001,8.0,18.88888888888889,1,0.0021776899113348236,0.00615564342199848,0.08081715791996147
1735718400000,0.0001,8.0,18.51851851851852,1,0.0024741454785588424,0.022900786168690068,0.0740839237317763
1735747200001,0.0001,8.0,18.14814814814815,1,0.0018432519976019357,0.03280570990554077,0.07865436638958245
1735776000000,0.0001,8.0,17.77777777777778,1,0.01883956606497117,0.027991487968570983,0.08825428949835579
1735804800006,0.0001,8.0,17.40740740740741,1,0.011219680288756306,0.001991624663438607,0.06006120887528699
1735833600000,0.0001,8.0,17.037037037037038,1,-0.0030077184636967402,0.029857811697196146,0.04650129025926408
1735862400000,0.0001,8.0,16.666666666666664,1,-0.0059988419224087375,0.04468731905037626,0.052669368847712894
1735891200000,0.0001,8.0,16.666666666666664,1,0.039198667163761636,0.04696966166464711,0.06297767732314274
1735920000000,0.0001,8.0,16.296296296296298,1,0.01134853946062897,0.012091281608583193,0.03985862673983842
1735948800000,0.0001,8.0,15.925925925925927,1,-0.0038272340543461514,0.013338506519600335,0.02041376252303695
1735977600000,0.0001,8.0,15.555555555555555,1,0.004579167292616093,0.010098649618588196,0.01998864945166834
1736006400000,0.0001,8.0,15.185185185185185,1,0.012594849072279146,0.004021046801440109,-0.0447133757961784
1736035200000,0.0001,8.0,14.814814814814813,1,-0.007012208462783831,-0.005622894149564628,-0.07444591519712951
1736064000000,0.0001,8.0,14.444444444444443,1,-0.0014652256778046047,0.005139306606735561,-0.07616419340978942
1736092800000,0.0001,8.0,14.074074074074074,1,0.002868554028111925,0.023320792603543916,-0.07856252344491266
1736121600000,0.0001,8.0,13.703703703703704,1,0.003734955664591144,0.012676296508174145,-0.0855656890140597
1736150400001,0.0001,8.0,13.333333333333334,1,0.017584807865633323,0.0038243327279052775,-0.09859436595795978
1736179200000,0.0001,8.0,13.333333333333334,1,-0.007563199616179683,-0.07022239472570602,-0.10567725137261563
1736208000000,0.0001,8.0,12.962962962962962,1,-0.004242248119912806,-0.08086344143552038,-0.12492633099855788
1736236800000,0.0001,8.0,12.962962962962962,1,-0.059145371878059905,-0.08512187737802024,-0.10086488344120514
1736265600008,0.0001,8.0,12.592592592592592,1,-0.023152129372586816,-0.03698338402580992,-0.06622438202312042
1736294400001,9.658e-05,8.0,12.592592592592592,1,-0.007447320766533427,-0.018277101778081173,-0.03459267202542893
1736323200000,0.0001,8.0,12.592592592592592,1,-0.0040574784604835434,-0.01922010553617748,-0.035363563187550406
1736352000000,0.0001,8.0,12.592592592592592,1,-0.0047535090056246565,-0.006792010033855322,-0.02064842891737939
1736380800000,6.609e-05,8.0,6.666666666666667,0,-0.01052090194627664,-0.030913044655183186,-0.012755616110394219
1736409600000,0.0001,8.0,12.962962962962962,1,0.008562752482651037,0.0020517777514339475,-0.007629573564591485
1736438400000,0.0001,8.0,12.592592592592592,1,-0.02892405063291137,-0.023541289933695086,-0.009445449065702327
1736467200000,7.573e-05,8.0,7.777777777777778,0,0.02313758717330372,0.013336312821419893,0.01473294786206214
1736496000000,6.162e-05,8.0,4.444444444444445,0,-0.01719660981987392,-0.018473690916040342,-0.02860236972862784
1736524800000,0.0001,8.0,12.592592592592592,1,0.007750263126217183,0.009821321094234836,-0.06150517455839555
1736553600000,6.574e-05,8.0,6.296296296296296,0,-0.00898009188361415,0.0053292496171515324,-0.03932618683001532
1736582400000,5.65e-05,8.0,3.3333333333333335,0,0.011135217326806224,0.008978020076150894,-0.020545913069277555
1736611200000,0.0001,8.0,12.222222222222221,1,0.0032674045071232616,0.004569475900981335,-0.023229442707330406
1736640000000,0.0001,8.0,11.851851851851853,1,-0.005383256154033678,-0.003930051182061911,-0.01753290275408248
1736668800000,0.0001,8.0,11.481481481481481,1,0.006717247674386417,-0.019125624477368763,-0.010999378202791621
1736697600000,8.134e-05,8.0,8.148148148148149,0,-0.005221105925164116,-0.0748601924141834,0.01581544790151712
1736726400000,0.0001,8.0,11.851851851851853,1,-0.02055666003976142,-0.04064841718917267,0.055283682520262944
1736755200000,9.353e-05,8.0,10.37037037037037,1,-0.05048574613792012,-0.010333230282079442,0.056312826133797955
1736784000000,3.392e-05,8.0,0.7407407407407408,0,0.031565930632568406,0.05100604481980664,0.09513849149186693
1736812800000,5.423e-05,8.0,2.9629629629629632,0,0.010393419626346878,0.028135560798316694,0.05476630746668376
1736841600000,7.452e-05,8.0,7.777777777777778,0,0.008364887037738189,0.018812318566199693,0.06478291051369434
1736870400000,7.652e-05,8.0,8.518518518518519,0,0.00911847445481584,0.04472558523770931,0.07031301338356721
1736899200000,4.503e-05,8.0,1.4814814814814816,0,0.0012310650107758558,0.06989472378560246,0.07780206831325498
1736928000000,5.924e-05,8.0,4.444444444444445,0,0.034012425592011786,0.047633500783567984,0.016560229433663087
1736956800000,5.443e-05,8.0,3.7037037037037033,0,0.03342977979057338,-0.0026178324108019346,-0.008302781971101902
1736985600000,0.0001,8.0,14.814814814814813,1,-0.019601478153757013,-0.0411187595101804,-0.04239113107745818
1737014400000,8.311e-05,8.0,11.11111111111111,1,-0.015585552027718053,-0.002397549828239587,-0.03261968533267101
1737043200000,5.275e-05,8.0,2.2222222222222223,0,-0.006462656536232347,0.027180996426318993,0.01804859004774917
1737072000004,0.0001,8.0,15.555555555555555,1,0.019748507081733813,0.049510214068017255,-0.034337875268453555
1737100800000,0.0001,8.0,15.555555555555555,1,0.013601974805230954,-0.027328412125019685,0.004151713878459251
1737129600008,0.0001,8.0,15.555555555555555,1,0.015727591106017957,-0.0329753211293462,-0.025453556832731983
1737158400000,0.0001,8.0,15.555555555555555,1,-0.055659929511616246,-0.04941667266057692,-0.0552197367474645
1737187200007,0.0001,8.0,15.555555555555555,1,0.008456801414548076,-0.0036125845985001126,-0.009910981037741573
1737216000000,0.0001,8.0,15.555555555555555,1,-0.002093073828422387,0.02388460005074111,-0.005919804767254955
1737244800000,0.0001,8.0,15.555555555555555,1,-0.00959748667520166,-0.031119948910256934,0.006782708180109509
1737273600000,0.0001,8.0,15.555555555555555,1,0.035974916571931415,0.03552263253755794,0.005702446000953376
1737302400000,0.0001,8.0,15.555555555555555,1,-0.05570206489675511,-0.01560766961651916,-0.03507374631268434
1737331200000,0.0001,8.0,15.555555555555555,1,0.05852547662260976,0.02581868504328111,0.01226114201994899
1737360000009,0.0001,8.0,15.555555555555555,1,-0.015539129844165722,-0.04092974907642288,-0.04556018533557371
1737388800000,0.0001,8.0,15.555555555555555,1,-0.01596300968808151,-0.013715542583508378,-0.02347853968577429
1737417600000,0.0001,8.0,15.555555555555555,1,-0.010283754895213493,0.012966605965004208,0.017890749188445243
1737446400000,0.0001,8.0,15.555555555555555,1,0.01269826618052039,0.01258134490238616,0.04111936739434774
1737475200000,0.0001,8.0,15.555555555555555,1,0.01065833768822233,-0.006143431814591205,0.02773355371097308
1737504000000,0.0001,8.0,15.555555555555555,1,-0.010660173160173203,-0.025847763347763397,-0.007242063492063577
1737532800000,0.0001,8.0,15.555555555555555,1,-0.006028672658875633,-0.01825922076974973,-0.0008173956377205416
1737561600000,0.0001,8.0,15.555555555555555,1,-0.009379107945339471,-0.0037785454434288157,0.01850142154015466
1737590400001,0.0001,8.0,15.555555555555555,1,-0.0026230439035830333,0.0330040641750835,0.023385207883944048
1737619200000,0.0001,8.0,15.555555555555555,1,0.008632403237538,0.047306436386709505,0.03337511800300219
1737648000000,0.0001,8.0,15.555555555555555,1,0.025724666588927025,0.038008555453948434,0.017178418652608052
1737676800000,0.0001,8.0,15.555555555555555,1,0.012301911403500787,-0.012044624345937449,-0.03572700048166533
1737705600000,0.0001,8.0,15.555555555555555,1,-0.00032213352878074364,-0.028205893565899975,-0.09308181305024987
1737734400000,0.0001,8.0,15.555555555555555,1,-0.02373617927038374,-0.015071246969786567,-0.07570212262756448
1737763200000,6.904e-05,8.0,8.518518518518519,0,-0.0042576257226002445,0.004621007718839332,-0.037201231864967266
1737792000000,7.065e-05,8.0,8.88888888888889,0,0.013189386451760043,0.015336425150155764,-0.028778225499885957
1737820800001,8.41e-05,8.0,12.592592592592592,1,-0.005117974410127957,-0.00564297178514106,-0.04718076409617955
1737849600000,9.663e-05,8.0,16.666666666666664,1,0.0063630910576113475,-0.028460590130728214,-0.07245363323155207
1737878400000,9.725e-05,8.0,17.037037037037038,1,-0.007176488911785461,-0.0808553080858303,-0.05521942803742785
1737907200000,3.849e-05,8.0,1.1111111111111112,0,-0.02762525944876182,-0.05677402616208904,-0.06526041415262818
1737936000000,-2.76e-06,8.0,0.0,0,-0.04790965359973942,-0.013555062594046263,-0.03357584971223815
1737964800000,3.922e-05,8.0,1.8518518518518516,0,0.018835153304461505,0.040697617581214374,0.040798636569525426
1737993600000,3.069e-05,8.0,1.1111111111111112,0,0.016929311409134007,0.017281139154269987,0.041793937688107796
1738022400000,0.0001,8.0,18.88888888888889,1,0.004453586458077696,-0.03216269429399965,0.021579136079711736
1738051200000,4.046e-05,8.0,2.5925925925925926,0,-0.00408940324772511,-0.012305784658162122,0.014153217978344346
1738080000000,5.904e-05,8.0,7.037037037037037,0,-0.0324974218376638,-0.02583192896848352,0.07863395125386718
1738108800000,0.0001,8.0,19.62962962962963,1,0.025061744443000133,0.0122611464968152,0.07109710126088653
1738137600000,6.567e-05,8.0,10.0,0,-0.017728068173172074,0.0125573816226634,0.04047148038245951
1738166400000,8.686e-05,8.0,17.037037037037038,1,0.005335011618899932,0.05125225923057042,0.04828298476633108
1738195200000,2.287e-05,8.0,0.7407407407407408,0,0.025361725624652776,0.04274253354007973,0.0005650207227771986
1738224000000,0.0001,8.0,20.74074074074074,2,0.01980945105246512,0.014054785170620532,-0.030720773467170504
1738252800000,7.055e-05,8.0,11.851851851851853,1,-0.002803020999631478,0.05325432887142334,-0.05473105734987105
1738281600000,9.386e-05,8.0,18.88888888888889,1,-0.0028478450279704193,0.014750297869196016,-0.11710030879876365
1738310400000,7.998e-05,8.0,14.444444444444443,1,0.05923144849049944,0.013325840892670637,-0.19202055069438873
1738339200000,0.0001,8.0,21.85185185185185,2,-0.03925775215264693,-0.05324339922930277,-0.21206123603038474
1738368000000,8.432e-05,8.0,17.037037037037038,1,-0.004247598589797286,-0.054396567940339424,-0.1276464056213933
1738396800000,9.742e-05,8.0,22.22222222222222,2,-0.010353506115210909,-0.05672490386900597,-0.1773258825465116
1738425600000,3.573e-05,8.0,2.2222222222222223,0,-0.04042795566502466,-0.05205357142857148,-0.14369766009852214
1738454400001,7.609e-05,8.0,14.444444444444443,1,-0.0041649406407651135,-0.08076195614128046,-0.12170810734436066
1738483200000,0.0001,8.0,23.333333333333332,2,-0.005452531001579608,-0.154696186135454,-0.10838197434597074
1738512000000,2.6e-05,8.0,1.1111111111111112,0,-0.06859850662405442,-0.1220488936091434,-0.09862192385016866
1738540800000,3.237e-05,8.0,2.2222222222222223,0,-0.08746321119216649,0.0026292664555815914,-0.025790523482069228
1738569600000,-0.00016657,8.0,0.0,0,0.03295884443425434,0.0317551301157859,0.08163093736864213
1738598400000,-0.00025121,8.0,0.0,0,0.06367016258809177,0.028899617113367748,-0.0005808038769584689
1738627200000,-0.00010653,8.0,0.7407407407407408,0,-0.06095448759416544,-0.04823215987423757,-0.06433505143882645
1738656000001,1.07e-05,8.0,1.4814814814814816,0,0.03081975730136932,0.024837644264667835,0.006316101977956734
1738684800000,-8.177e-05,8.0,1.1111111111111112,0,-0.016068199060141564,-0.0021536923779423844,-0.02355758340614178
1738713600001,-8.329e-05,8.0,1.1111111111111112,0,0.009707211489243583,0.018631996139052642,-0.04317606797607387
1738742400001,5.754e-05,8.0,10.74074074074074,1,0.0023319561273595912,0.02480419172734938,-0.047642153365947015
1738771200000,-2.404e-05,8.0,1.8518518518518516,0,0.006658787581793613,-0.026555879046438635,-0.06229641693811083
1738800000001,4.939e-05,8.0,7.777777777777778,0,0.015825329141003097,-0.03288538570874788,-0.05498844237699385
1738828800001,-5.35e-06,8.0,2.2222222222222223,0,-0.04253868196867294,-0.041839067463332213,-0.05880648592114157
1738857600000,-7.747e-05,8.0,1.8518518518518516,0,-0.004182737509161205,0.005245078805735881,-0.017978368214156104
1738886400000,2.439e-05,8.0,4.444444444444445,0,0.006653582526725765,-0.02806771042419387,-0.023019908708387327
1738915200000,2.905e-05,8.0,5.555555555555555,0,0.002795235176391575,-0.029351815610483722,-0.026098708357642386
1738944000000,-1.197e-05,8.0,2.5925925925925926,0,-0.037183098591549335,-0.041741691981957096,-0.021187517260425337
1738972800000,-1.894e-05,8.0,2.5925925925925926,0,0.005323603988113712,0.006612436275465816,0.018529354398283626
1739001600000,9.532e-05,8.0,27.77777777777778,2,-0.010004983470854323,0.013774922109491827,0.03127032856670042
1739030400000,6.93e-05,8.0,18.51851851851852,1,0.011401058257985985,0.019451350489358088,0.0214648842025984
1739059200000,-3.64e-06,8.0,3.7037037037037033,0,0.012476919219166716,-0.0014095423356610404,-0.013092406708053783
1739088000000,5.479e-05,8.0,13.333333333333334,1,-0.0044617058801454945,-0.010281811700251442,-0.01733648542159194
1739116800000,5.02e-05,8.0,10.74074074074074,1,-0.009295102543903089,0.001960037843807605,-0.01865805255163
1739145600000,9.11e-06,8.0,4.444444444444445,0,0.0034812715201553157,0.01326687845987018,0.04082789582818114
1739174400000,7.074e-05,8.0,21.11111111111111,2,0.007852132701421821,0.027825592417061618,0.01568530805687196
1739203200000,5.396e-05,8.0,12.962962962962962,1,0.0018847269403092781,1.504772008220634e-05,-0.005383321859446788
1739232000000,-5.72e-06,8.0,3.3333333333333335,0,0.017899384955054387,-0.02463934635516396,0.004659772756287595
1739260800000,4.26e-05,8.0,10.37037037037037,1,-0.019417977121904517,-0.03400728174142076,-0.004127795668581236
1739289600000,-1.236e-05,8.0,2.9629629629629632,0,-0.022815762249600358,-0.020592495062541016,0.027209630395937046
1739318400000,6.151e-05,8.0,18.51851851851852,1,0.008122882660917652,0.053149060671388915,0.04892208192177394
1739347200000,3.35e-05,8.0,8.88888888888889,0,-0.005800588078053837,0.02297704968113945,0.029923244357887624
1739376000001,8.407e-05,8.0,27.77777777777778,2,0.04975154945586646,0.014872472294116257,0.03267873463024262
1739404800001,9.54e-05,8.0,32.96296296296296,3,-0.020550901708307312,-0.022043384424040635,-0.01596005413907875
1739433600000,0.0001,8.0,34.81481481481482,3,-0.01305401157950925,0.007775666605695619,0.005140227036026346
1739462400001,1.027e-05,8.0,5.555555555555555,0,0.011566970755277461,0.03296794772349765,0.018699368489558665
1739491200000,2.39e-06,8.0,5.185185185185185,0,0.008996012154146804,0.018332131124258577,-0.005935050810463416
1739520000001,8.242e-05,8.0,28.14814814814815,2,0.011107366269013763,-0.0002555546090570182,-0.008522190658553197
1739548800000,7.834e-05,8.0,26.666666666666668,2,-0.0021607131085703557,-0.015978290326597366,0.00920683517787424
1739577600000,4.385e-05,8.0,12.222222222222221,1,-0.01013697021301585,-0.012386775694760432,0.006870531585360551
1739606400000,3.822e-05,8.0,10.74074074074074,1,-0.0037485261729439667,-0.0016388215315936705,-0.009195197733828597
1739635200000,8.44e-06,8.0,5.555555555555555,0,0.0014812333686893275,0.0017268650328441382,-0.005928655166638652
1739664000000,3.859e-05,8.0,11.851851851851853,1,0.0006354680352145259,-0.011587072127480003,-0.008060410341406143
1739692800000,5.945e-05,8.0,20.74074074074074,2,-0.00038995186879775545,-0.0050470913304413445,0.0060015449521659825
1739721600000,3.775e-05,8.0,11.11111111111111,1,-0.011829439104767081,0.023826065634067417,0.002693575173039031
1739750400000,3.649e-05,8.0,11.11111111111111,1,0.007256321082808492,0.03145032427859773,0.020114672431619463
1739779200000,5.61e-05,8.0,19.25925925925926,1,0.028618353520837525,-0.0025344805061495723,0.01886862880498663
1739808000000,0.0001,8.0,39.25925925925926,3,-0.004470700942040495,-0.030736068976528808,-0.01550230066915359
1739836800000,4.742e-05,8.0,15.185185185185185,1,-0.025931326091711004,-0.027032149887001644,-0.0019792957643800513
1739865600000,-1.595e-05,8.0,2.9629629629629632,0,-0.0004640267039884849,0.01367381916430288,0.03151639436282383
1739894400000,5.441e-05,8.0,19.25925925925926,1,-0.0006664120822758024,0.010415496701634552,0.018094211200215593
1739923200000,4.964e-05,8.0,16.296296296296298,1,0.014820698026404733,0.01648783923513819,-0.0046642489997151815
1739952000000,7.273e-05,8.0,28.888888888888886,2,-0.0036769049025399125,0.007678676904902426,-0.009380537507383435
1739980800000,3.185e-05,8.0,10.0,0,0.005339330971824818,0.005246698581612863,0.03052793051829661
1740009600000,-2.07e-06,8.0,5.555555555555555,0,0.006025983599004858,0.009110844927669781,0.01827328849166121
1740038400000,5.629e-05,8.0,21.85185185185185,2,-0.006081477139507574,0.009847596717467821,0.03427608440797192
1740067200000,6.405e-05,8.0,26.666666666666668,2,0.009203833394765937,0.002340582381127776,0.02686325101363818
1740096000001,3.574e-05,8.0,12.222222222222221,1,0.004747908659280986,-0.032666486766389946,0.03025241953716984
1740124800000,6.624e-05,8.0,28.888888888888886,2,-0.013470077780357581,-0.026515701184118945,-0.012871488274901366
1740153600000,4.228e-05,8.0,15.185185185185185,1,-0.023005497637302974,0.022755437880375817,-0.02370051666758599
1740182400000,3.254e-05,8.0,11.11111111111111,1,0.010012082249632126,0.03991282713349564,-0.050922353667395615
1740211200000,-1.427e-05,8.0,3.3333333333333335,0,0.03646134181017291,0.05208709878176476,-0.11900245584875846
1740240000000,3.41e-05,8.0,12.592592592592592,1,-0.006615777911211929,0.0016719221351704228,-0.1325780320218033
1740268800000,9.726e-05,8.0,44.44444444444444,4,0.021836305527303423,0.021905075592779877,-0.09701646500146588
1740297600000,3.796e-05,8.0,14.444444444444443,1,-0.013205060995480133,-0.03618640105413784,-0.12113730713101623
1740326400000,2.13e-06,8.0,6.296296296296296,0,0.013449969130041373,-0.047015664709176286,-0.12959998277025575
1740355200000,7.127e-05,8.0,33.33333333333333,3,-0.03625126179892679,-0.10691200170010795,-0.17154089999468702
1740384000000,9.24e-06,8.0,7.777777777777778,0,-0.02429253950753396,-0.13117971334068357,-0.13425946343256157
1740412800000,3.082e-05,8.0,11.481481481481481,1,-0.05024671362386535,-0.0913028739312215,-0.12387283890165346
1740441600000,-3.589e-05,8.0,2.2222222222222223,0,-0.06243902439024396,-0.010592901050961778,-0.08551259171128289
1740470400000,4.71e-06,8.0,7.4074074074074066,0,0.020490173684255097,0.04953765978866875,-0.1094176966743653
1740499200000,2.913e-05,8.0,11.851851851851853,1,0.034109844559585545,0.005110880829015452,-0.07933264248704663
1740528000000,1.86e-05,8.0,10.0,0,-0.005459377342381444,-0.06243411269084764,-0.10420115520745232
1740556800000,6.103e-05,8.0,29.629629629629626,2,-0.022707029345026775,-0.05057694555391212,-0.10138362143666102
1740585600000,3.433e-05,8.0,15.555555555555555,1,-0.035383923821463714,-0.04074512440047329,-0.10364850319403829
1740614400001,8.515e-05,8.0,43.7037037037037,4,0.008199635857341736,-0.012959194602120583,-0.05171254150155302
1740643200000,0.0001,8.0,49.629629629629626,4,-0.012586599198532777,-0.10624957549412484,-0.05723188208924801
1740672000000,5.027e-05,8.0,22.962962962962962,2,-0.008662828940297462,-0.04510689887920627,-0.03722651900448415
1740700800001,4.097e-05,8.0,19.62962962962963,1,-0.0851519097222222,-0.030729166666666696,0.08844618055555564
1740729600000,1.219e-05,8.0,9.62962962962963,0,0.054963688437771774,0.05900569490688179,0.13230327872745673
1740758400000,1.248e-05,8.0,10.0,0,0.0061770916343628635,-0.021435228331780132,0.030367699033366113
1740787200000,4.855e-05,8.0,22.962962962962962,2,-0.0023312735196860945,-0.009007396535754442,-0.040137281135477765
1740816000000,-1.061e-05,8.0,4.814814814814815,0,-0.02517020837631523,-0.003928920623245125,-0.0656658982248095
1740844800001,-9.31e-06,8.0,5.185185185185185,0,0.019406834300451203,0.031035276779957544,-0.04919406834300455
1740873600000,3.173e-05,8.0,14.814814814814813,1,0.0027814150900800083,0.13662798573170187,-0.02165078791709929
1740902400000,6.221e-05,8.0,34.44444444444444,3,0.00836612843673179,0.07343101321109846,-0.006420936033788793
1740931200000,6.102e-05,8.0,32.96296296296296,3,0.12407119637052122,0.021934054942307046,-0.023813989211588615
1740960000001,-7.88e-06,8.0,5.555555555555555,0,-0.04945409884439622,-0.14665560774868613,-0.10604598489500672
1740988800000,3.061e-05,8.0,14.444444444444443,1,-0.04000939620963617,-0.12614830910173913,-0.04183830129952948
1741017600000,6.25e-06,8.0,8.88888888888889,0,-0.062672597615968,-0.09287499563044,-0.014284091306323687
1741046400001,-4.308e-05,8.0,2.2222222222222223,0,-0.02555607476635513,0.013247663551401834,0.028967289719626033
1741075200005,-3.762e-05,8.0,2.5925925925925926,0,-0.009940968009552575,0.05766528717552788,0.05021795320599831
1741104000000,2.04e-06,8.0,8.518518518518519,0,0.04370884533311492,0.053034426616441976,0.06511529327893406
1741132800000,6.417e-05,8.0,38.51851851851852,3,0.018391600323064417,0.03404638283142947,-0.012479520018460866
1741161600000,7.146e-05,8.0,42.96296296296296,4,-0.009285779026556584,0.03516722559593943,-0.031700353484999444
1741190400000,2.539e-05,8.0,14.444444444444443,1,0.02488895801217672,0.03191056259749048,-0.0033667107327628454
1741219200000,-1.037e-05,8.0,5.9259259259259265,0,0.019495474264902724,-0.017888704407905243,-0.017326334957956213
1741248000001,1.125e-05,8.0,12.592592592592592,1,-0.011383752519498747,-0.04038646919638933,-0.04298922092717539
1741276800000,2.685e-05,8.0,15.925925925925927,1,-0.024571451369094777,-0.019806105848297895,-0.07169296103055589
1741305600000,-2.474e-05,8.0,3.3333333333333335,0,-0.005012633836869118,-0.02759902564941563,-0.08162458417407437
1741334400001,2.874e-05,8.0,17.037037037037038,1,0.007547841810386036,-0.023940311319936347,-0.05265224677287539
1741363200000,5.628e-05,8.0,34.44444444444444,3,-0.03232648483395817,-0.014670833352176893,-0.08669992176158536
1741392000000,3.124e-05,8.0,19.25925925925926,1,-0.0014301003407003465,0.028971215725495325,-0.12554037696697218
1741420800001,3.76e-05,8.0,23.703703703703706,2,0.02039202844311383,0.02174869011976055,-0.11116205089820352
1741449600001,6.837e-05,8.0,44.074074074074076,4,0.009623187342689077,-0.038621119664036696,-0.12384982509547549
1741478400001,6.871e-05,8.0,44.44444444444444,4,-0.008214587363430614,-0.08322662089384147,-0.12873607062093007
1741507200000,3.637e-05,8.0,23.333333333333332,2,-0.04074060501676535,-0.049155321838869837,-0.1228402074133792
1741536000000,-1.3e-07,8.0,9.25925925925926,0,-0.03500721059719025,-0.035651866637378515,-0.10807777894505621
1741564800000,-4.249e-05,8.0,2.5925925925925926,0,0.02718684896799828,-0.07409826655384177,-0.05566524645813853
1741593600000,2.575e-05,8.0,16.666666666666664,1,-0.027117647908968756,-0.08461438405989097,-0.09877298544636448
1741622400000,3.433e-05,8.0,23.333333333333332,2,-0.07347931150593223,-0.05445461207835678,-0.07144413413353934
1741651200000,-4.045e-05,8.0,2.9629629629629632,0,0.015520365134761072,0.028437969312005373,-0.004815374995323585
1741680000000,2.173e-05,8.0,15.925925925925927,1,0.004936504344439596,0.007778415161067809,-0.0042891802139853885
1741708800001,7.553e-05,8.0,51.48148148148148,5,0.003992569529839729,-0.0214541744067398,0.006561837733183307
1741737600000,1.672e-05,8.0,15.555555555555555,1,-0.004879696513017673,-0.008293925063659557,-0.0067089331185364864
1741766400000,1.107e-05,8.0,14.074074074074074,1,-0.02459645623031903,-0.023066358210046434,0.0012585447880055778
1741795200001,-3.413e-05,8.0,4.074074074074074,0,0.01847544183310612,0.0015935402796716236,0.03592952060105348
1741824000000,2.931e-05,8.0,21.11111111111111,2,-0.019702987937159966,-0.024240963350346423,0.014258465472609672
1741852800000,-5e-08,8.0,10.74074074074074,1,0.0023840833039332487,0.011353795824112334,0.02894041929931479
1741881600000,4.218e-05,8.0,31.48148148148148,3,-0.0069965870307168165,0.025271970989761083,0.00988161262798637
1741910400000,2.744e-05,8.0,20.0,1,0.016057312252964584,0.02648113937102603,0.01277603540127159
1741939200000,7.681e-05,8.0,55.55555555555556,5,0.016178817957906544,0.013393376251334521,0.004392224019281299
1741968000000,5.537e-05,8.0,40.0,3,-0.0058254750102725295,0.007495097758752456,-0.0025642492679145423
1741996800000,2.924e-05,8.0,21.85185185185185,2,0.0031024542348760953,0.0126400159046558,0.007847691993784656
1742025600000,5.445e-05,8.0,40.0,3,0.0102643272901759,0.003943003776104126,-0.006039680387207147
1742054400000,1.25e-05,8.0,16.296296296296298,1,-0.0007485802787816631,-0.02233866804336604,-0.029323696437790425
1742083200000,-3.041e-05,8.0,4.444444444444445,0,-0.005512644984629667,-0.02566712303996288,-0.0026710754049236174
1742112000000,-2.357e-05,8.0,5.555555555555555,0,-0.01618282698142226,-0.012774822326586666,0.0038807613981131084
1742140800000,-2.967e-05,8.0,4.814814814814815,0,-0.00415053888357908,0.012636437084484031,0.07999556430958998
1742169600000,2.057e-05,8.0,18.88888888888889,1,0.007646338294792443,0.021486104556517782,0.08978349515077921
1742198400000,5.669e-05,8.0,44.44444444444444,4,0.009140710102142346,0.0028679833078109063,0.05685448010566807
1742227200000,3.697e-05,8.0,30.74074074074074,3,0.004552423265855365,-0.01953422400216931,0.029744584545748465
1742256000000,5.319e-05,8.0,39.62962962962963,3,-0.010719532389599218,0.002071231682058139,0.02901281671935574
1742284800000,4.099e-05,8.0,34.44444444444444,3,-0.013401618269018867,0.013963079958441371,0.037460514026047775
1742313600000,1.465e-05,8.0,18.14814814814815,1,0.02668865014360189,0.08776725880225511,0.0361344537815127
1742342400000,5.983e-05,8.0,48.51851851851852,4,0.0010205244563246119,0.06465566365171616,0.01771153866078179
1742371200000,8.986e-05,8.0,65.92592592592592,6,0.0584107433953478,0.03931999896499083,0.026340983776230953
1742400000000,6.676e-05,8.0,54.074074074074076,5,0.004874781197132805,-0.034480398196770956,-0.030065225256940553
1742428800000,-1.704e-05,8.0,6.666666666666667,0,-0.022800811603793436,-0.035476038711749314,-0.03687250327220348
1742457600000,1.553e-05,8.0,18.88888888888889,1,-0.016745256008723564,-0.015535295494266244,0.00027385937570034713
1742486400000,-8.57e-06,8.0,9.62962962962963,0,0.003838557755608374,-0.013450144325720337,0.015369423203524635
1742515200000,5.235e-05,8.0,41.11111111111111,4,-0.0025980184434085674,-0.008934156627721679,0.010492967693766841
1742544000000,6.749e-05,8.0,55.55555555555556,5,-0.014662667604052326,0.003095395851562488,0.0476650498449771
1742572800000,2.613e-05,8.0,22.962962962962962,2,0.008433685464083629,0.018268707587750344,0.07226380034289126
1742601600000,-1.402e-05,8.0,7.777777777777778,0,0.009508442050932375,0.00755381584774284,0.058185760751716664
1742630400004,-2.617e-05,8.0,5.185185185185185,0,0.0010238150475594399,0.012785079534794574,0.03683212459274343
1742659200000,2.587e-05,8.0,23.333333333333332,2,-0.0021777157173606954,0.010747430345863673,0.04282840910809438
1742688000000,1.553e-05,8.0,20.0,1,0.014888274788952272,0.011958108729368755,0.04281578854305068
1742716800000,6.053e-05,8.0,51.48148148148148,5,-0.0019065349846681956,0.03110688542869644,0.029484090637569293
1742745600000,-3.36e-06,8.0,12.222222222222221,1,-0.0009825191391735766,0.041829380813446004,0.002508665619311179
1742774400000,-1.29e-05,8.0,8.518518518518519,0,0.03409249755376709,0.03784172374543204,0.003195079577450688
1742803200000,9.456e-05,8.0,70.0,6,0.008472653364681504,-0.0077484949574434525,-0.021888894789438784
1742832000000,3.069e-05,8.0,28.888888888888886,2,-0.0048063113953621395,-0.00968443023189014,-0.040432376539072834
1742860800001,6.736e-05,8.0,57.407407407407405,5,-0.011396915619545145,-0.008035546835552632,-0.03766271862121373
1742889600000,1.456e-05,8.0,20.37037037037037,2,0.006505069770157412,0.006222875270030848,-0.07080649241967196
1742918400000,-4.75e-06,8.0,12.222222222222221,1,-0.002189791607249081,-0.02833193953661506,-0.09435439819402625
1742947200000,2.976e-05,8.0,28.51851851851852,2,0.0019136113479576444,-0.026490194558561275,-0.08163611347957511
1742976000000,1.074e-05,8.0,18.51851851851852,1,-0.028059435910082198,-0.020347080184322963,-0.09160054349140034
1743004800001,-2.235e-05,8.0,6.666666666666667,0,-8.465165842563849e-05,-0.0016631561125965977,-0.08353624833808881
1743033600001,4.542e-05,8.0,42.22222222222222,4,0.009526607770684148,-0.003421212513570304,-0.08976325408603325
1743062400001,7.427e-05,8.0,62.59259259259259,6,-0.011000448897241943,-0.05840597082661225,-0.09323743704339504
1743091200002,3.127e-05,8.0,31.48148148148148,3,-0.001845487782372146,-0.06590386504995294,-0.09611001102304861
1743120000001,6.551e-05,8.0,56.2962962962963,5,-0.04617252734622901,-0.053493171562919994,-0.0968523728381614
1743148800001,-2.896e-05,8.0,5.185185185185185,0,-0.018875832333572595,-0.014255104018776277,-0.056727036499562566
1743177600000,-1.109e-05,8.0,10.37037037037037,1,0.011822791566586721,-0.016594609020549766,-0.01658393381371759
1743206400000,3.56e-06,8.0,17.037037037037038,1,-0.008957349721731345,-0.03649407854825526,-0.04008651386068107
1743235200000,4.498e-05,8.0,43.333333333333336,4,-0.01930088839444921,-0.02197831444585796,-0.012950651258603285
1743264000000,3.469e-05,8.0,36.2962962962963,3,-0.008651711616849744,-0.016738945185925003,0.041299167937646875
1743292800000,-1.072e-05,8.0,10.74074074074074,1,0.005973270844853884,-0.009356846813799224,0.041785520703871315
1743321600000,-1.999e-05,8.0,7.4074074074074066,0,-0.014047175869988937,-0.020763260729952493,0.01367708367349163
1743350400000,1.191e-05,8.0,21.85185185185185,2,-0.001208896150852512,0.01703494758689983,0.04823440441164295
1743379200000,-3.26e-06,8.0,15.185185185185185,1,-0.005609656346372893,0.005681504161646478,-0.007665609214206004
1743408000000,2.663e-05,8.0,29.259259259259256,2,0.024010271060397992,0.030629769401354867,0.009031641313228533
1743436800000,2.009e-05,8.0,25.925925925925924,2,-0.012358678484392871,0.04128786439647625,-0.033016179719175254
1743465600000,-6.52e-06,8.0,13.333333333333334,1,0.01905850543508114,0.04568435861644482,-0.0016871283646396895
1743494400001,2.877e-05,8.0,31.48148148148148,3,0.03686745298536831,0.004735170234223762,-0.01914561996753339
1743523200000,3.314e-05,8.0,37.407407407407405,3,-0.00818868908001047,-0.010190252801667965,-0.06463904091738337
1743552000001,3.676e-05,8.0,41.48148148148148,4,-0.02030395456457712,-0.05744636095919231,-0.04597181320992838
1743580800000,-4.5e-07,8.0,16.666666666666664,1,0.019564995624184567,-0.025250871136262343,-0.026582407611234316
1743609600000,4.262e-05,8.0,47.40740740740741,4,-0.05447220832565369,-0.061797309039205994,-0.06172358408594225
1743638400000,-6.39e-06,8.0,13.703703703703704,1,0.011122188124822463,0.011740396878881176,0.004901114446591803
1743667200000,6.39e-05,8.0,61.48148148148148,6,-0.0186617313327605,0.0008427523299623374,-0.010790534734615553
1743696000000,-6.15e-06,8.0,14.074074074074074,1,0.019639649753030897,0.007235069600359356,-0.012668387965873329
1743724800000,6.701e-05,8.0,65.18518518518519,6,0.00023120241771668049,-0.0012991373947890406,-0.13053578407896105
1743753600000,-2.093e-05,8.0,7.4074074074074066,0,-0.012393987925217842,-0.002206922361461916,-0.19840837419717006
1743782400000,3.78e-05,8.0,44.44444444444444,4,0.011000339929450709,-0.007105082781180161,-0.1338374691416503
1743811200000,2.181e-05,8.0,28.888888888888886,2,-0.0006779735755665373,-0.005467884446845206,-0.14562100725927807
1743840000000,5.939e-05,8.0,60.0,5,-0.017242140099282932,-0.009437396580253665,-0.13407060121345837
1743868800000,-7.82e-06,8.0,13.703703703703704,1,0.012667392548856737,-0.012745967425101368,-0.14213072614410638
1743897600000,2.389e-05,8.0,30.0,2,-0.004666603854104778,-0.12461827513010504,-0.18258503250550073
1743926400000,5.41e-05,8.0,55.55555555555556,5,-0.02052464237787399,-0.1889815077760888,-0.1731954629737903
1743955200002,-2.372e-05,8.0,6.666666666666667,0,-0.09974449294083498,-0.11798849364646691,-0.15531870095431033
1743984000000,-3.784e-05,8.0,3.3333333333333335,0,-0.07784939156420556,-0.018626619224291874,0.055803882339533706
1744012800000,-9.65e-06,8.0,13.333333333333334,1,0.06716100240302092,0.07787847579814633,0.095688293855132
1744041600000,-3.451e-05,8.0,4.444444444444445,0,-0.00275361572906474,-0.016611765916928256,-0.037965155180400445
1744070400000,-4.38e-06,8.0,17.77777777777778,1,0.012831926918015046,-0.04849552269618851,-0.019018864029315408
1744099200000,1.155e-05,8.0,26.296296296296294,2,-0.02638971164319437,-0.05419349907320714,-0.013777684355353537
1744128000000,-1.429e-05,8.0,10.37037037037037,1,-0.03508668629375211,-0.029859339221459003,0.02392541707556428
1744156800000,-4.82e-05,8.0,2.2222222222222223,0,0.006766698081864808,0.1306759239797406,0.062073267474421545
1744185600001,-6.596e-05,8.0,2.2222222222222223,0,-0.0008817629874938726,0.07302478359786213,0.06403214732845997
1744214400000,1.591e-05,8.0,30.74074074074074,3,0.12458357498347783,0.008395937580081725,0.11664621070094272
1744243200000,0.0001,8.0,85.92592592592592,8,-0.04301391220916284,-0.08817462221156147,-0.0142000479731349
1744272000000,3.042e-05,8.0,40.0,3,-0.06301265140644285,-0.0298081923966238,0.011153790722302048
1744300800000,-7.8e-07,8.0,21.11111111111111,2,0.016886130635119123,0.046652533588352973,0.0625622780560553
1744329600001,-9.18e-06,8.0,15.555555555555555,1,0.013972660468301479,0.030954513129823225,0.05139331524745172
1744358400000,-5.857e-05,8.0,2.5925925925925926,0,0.010831234256927003,0.020545113995995568,0.05652005425305173
1744387200000,-4.61e-06,8.0,19.62962962962963,1,0.0008625812263989285,0.05799101637626425,0.04063715999923345
1744416000000,2.511e-05,8.0,35.92592592592593,3,0.008739673906104306,0.04947587492498817,0.036465315815681576
1744444800001,-6e-06,8.0,18.51851851851852,1,0.04814048671866611,0.020255694937341362,0.040321611346225694
1744473600000,2.416e-05,8.0,35.92592592592593,3,-0.007192767373462194,-0.0404449732158495,-0.021644734060863646
1744502400000,7.676e-05,8.0,79.62962962962963,7,-0.018401138741544587,-0.02902817655360357,-0.0349773711616137
1744531200000,5.203e-05,8.0,60.74074074074074,6,-0.015374890776924777,0.013720277380133483,-0.03226805976438807
1744560000000,5.299e-05,8.0,61.85185185185185,6,0.00461966441347883,0.025055700313432405,0.0015860428231564416
1744588800000,7.387e-05,8.0,78.14814814814814,7,0.0248151860669088,0.01712817942613709,-0.01174038341060013
1744617600000,5.913e-05,8.0,67.03703703703704,6,-0.004364810094081739,0.004768279934711295,-0.021298317041710146
1744646400000,5.384e-05,8.0,62.22222222222222,6,-0.003149809353644506,-0.005329501986283347,-0.028428103913008873
1744675200000,2.56e-05,8.0,37.407407407407405,3,0.012361875900809283,-0.02286361900538325,-0.02473607056185856
1744704000000,1.812e-05,8.0,33.33333333333333,3,-0.014370805726419245,-0.04989626492902821,-0.0359148459792773
1744732800001,3.35e-06,8.0,25.185185185185183,2,-0.021337310709949375,-0.019771834996394455,-0.025103081028776453
1744761600000,4.294e-05,8.0,57.77777777777777,5,-0.015645289393729334,-0.00564793686413434,0.0010085601543097233
1744790400000,-2.96e-05,8.0,7.037037037037037,0,0.01907018442622954,0.025211321721311464,0.025115266393442637
1744819200000,-2.514e-05,8.0,8.148148148148149,0,-0.008747125136673861,-0.005661752692631694,0.010751674647161424
1744848000001,4.479e-05,8.0,59.25925925925925,5,0.01605776484534971,0.004025535205999464,0.021541367921239063
1744876800000,5.184e-05,8.0,62.59259259259259,6,-0.011617956613802938,-0.010237543489259648,-0.003579080182639305
1744905600001,-1.791e-05,8.0,11.481481481481481,1,0.001137814637353074,-0.00012642384859484768,-0.0059735268461043045
1744934400000,-3.125e-05,8.0,6.296296296296296,0,0.0007578723995502745,0.0029304399449279206,0.002153620735388717
1744963200000,2.747e-05,8.0,42.592592592592595,4,-0.0010097312852616058,0.010248772545406348,0.03875474889245112
1744992000000,-1.492e-05,8.0,12.962962962962962,1,0.0031838684001062045,0.016115175175934082,0.02441597493335368
1745020800000,-2.388e-05,8.0,9.62962962962963,0,0.00806035188473686,0.014672359290185177,-0.006038966763642684
1745049600000,8.846e-05,8.0,87.03703703703704,8,0.004791294461588436,-0.003485713571794391,0.013380642420759425
1745078400000,7.189e-05,8.0,81.48148148148148,8,0.0017594141088845827,-0.02267965607495226,0.06133081337154733
1745107200000,5.765e-05,8.0,70.74074074074073,7,-0.009979395774892597,-0.015223543430231135,0.09239009011245436
1745136000000,7.724e-05,8.0,84.81481481481481,8,-0.014562072164689965,0.03181339484967771,0.12165567563501423
1745164800000,-5.358e-05,8.0,2.9629629629629632,0,0.009401975814403274,0.03156468470302354,0.13921667164967144
1745193600000,-1.24e-06,8.0,25.185185185185183,2,0.037308024376256466,-0.005268498036917202,0.13089318687412965
1745222400005,0.0001,8.0,92.5925925925926,9,-0.014754098360655665,-0.014887674559805664,0.0673466909532483
1745251200003,8.017e-05,8.0,86.66666666666667,8,-0.027417267517101163,0.05017563320391938,0.08813089295618415
1745280000008,-3.6e-05,8.0,5.555555555555555,0,0.028050766374563496,0.11273531405833204,0.11945178398312017
1745308800000,2.2e-07,8.0,27.40740740740741,2,0.05233504290363955,0.10298722753723233,0.09561470559226737
1745337600000,8.105e-05,8.0,87.77777777777777,8,0.031075365816511713,0.04904108626123205,0.058665370151246954
1745366400000,6.679e-05,8.0,78.88888888888889,7,0.016543668581232573,0.019486532703855808,0.014310955067350806
1745395200002,9.616e-05,8.0,92.96296296296296,9,0.0018468977714098944,-0.01615196050996759,0.007902483797669557
1745424000000,0.0001,8.0,94.81481481481482,9,0.0020269591146153676,-0.014864366840512289,0.004740739086249057
1745452800000,0.0001,8.0,94.81481481481482,9,-0.020891729683642724,-0.015408277560755468,0.01464482945015022
1745481600001,7.229e-05,8.0,84.07407407407408,8,0.004431373441339703,0.010666014380631639,0.02518885956129968
1745510400001,6.2e-06,8.0,30.0,2,0.0005776713050273941,0.02354293740195157,0.014770262387368227
1745539200007,5.922e-05,8.0,73.70370370370371,7,0.005626213399896995,0.011795803546665207,0.012605208492525666
1745568000002,7.829e-05,8.0,87.77777777777777,8,0.017228860733844664,0.013637873099675346,0.01566413571456704
1745596800003,-9.65e-06,8.0,18.14814814814815,1,-0.010905891726793904,-0.005245451728564499,-0.026498384312336754
1745625600002,8.3e-06,8.0,31.11111111111111,3,0.007457050632982298,0.01868458298136577,0.005471114417896938
1745654400000,-2.999e-05,8.0,7.777777777777778,0,-0.0009605347902369443,0.0006385057854176868,0.01208719212916698
1745683200002,7.28e-06,8.0,31.48148148148148,3,0.012887974190677554,-0.003342974746912919,0.00972855712537557
1745712000001,5.635e-05,8.0,72.96296296296296,7,-0.010307693152550534,-0.01755657698918711,-0.012147372005030355
1745740800000,-6.737e-05,8.0,2.2222222222222223,0,-0.006159036305022014,0.0015425334169334448,-0.003917369037248264
1745769600000,-3.852e-05,8.0,5.185185185185185,0,-0.0005359744965468538,-0.01667104006967679,-0.01636397134769685
1745798400001,1.32e-06,8.0,28.888888888888886,2,0.00866405813303528,0.004667411961989831,0.0019731693683622265
1745827200003,-4.703e-05,8.0,4.074074074074074,0,-0.024998614574674338,0.010030479357162614,0.0035411471321695753
1745856000005,-8.681e-05,8.0,1.1111111111111112,0,0.0215756597457073,0.03177237565292512,0.054280176652135026
1745884800000,8.281e-05,8.0,91.11111111111111,9,0.013510883767479331,-0.0005726835506379979,0.021083650718634495
1745913600000,5.79e-05,8.0,74.81481481481481,7,-0.004108950270181322,-0.015185012480456339,-0.004893436102806015
1745942400010,-1.396e-05,8.0,17.40740740740741,1,-0.009056404210897484,-0.02984647081182623,0.014223622671859504
1745971200001,-7.371e-05,8.0,2.5925925925925926,0,-0.0019790421658281154,-0.003513355755065728,0.023414959557495063
1746000000000,9.04e-06,8.0,34.81481481481482,3,-0.01857762774556182,0.008979650952277485,0.016811778271695665
1746028800003,-6.069e-05,8.0,3.7037037037037033,0,0.017841020719886913,0.053250506782654305,0.04098551481735946
1746057600000,5.43e-05,8.0,71.85185185185186,7,0.010268394984605633,0.024312837445896962,0.021484985051983374
1746086400000,4.5e-05,8.0,66.2962962962963,6,0.023303833179667555,0.0014575247475556719,0.015673911963296927
1746115200001,7.23e-06,8.0,34.074074074074076,3,-0.00856654572508353,-0.007429011962973631,-0.012992684202297822
1746144000000,-5.91e-06,8.0,25.185185185185183,2,-0.012273546532205803,0.002591929081335431,-0.01614510446672157
1746172800000,-5.797e-05,8.0,4.444444444444445,0,0.015199042961966613,0.006295722547176474,0.006753292574685821
1746201600003,-5.88e-06,8.0,25.925925925925924,2,-7.604108391123798e-05,-0.004247437687047495,-0.021226325423250092
1746230400000,4.901e-05,8.0,68.88888888888889,6,-0.00862466937862194,-0.005338822417622957,-0.011704132563558067
1746259200000,1.565e-05,8.0,42.96296296296296,4,0.004470375544416205,0.00785054920974071,-0.011499164543786078
1746288000000,2.092e-05,8.0,45.55555555555556,4,-0.0011507981958102098,-0.0016634760650336977,-0.03560929583149253
1746316800001,6.708e-05,8.0,85.55555555555556,8,0.004848458375875664,-0.011651588033917304,-0.008250023204896428
1746345600001,3.289e-05,8.0,57.407407407407405,5,-0.0052162856785791245,-0.007998304707154458,-0.0009671863029032668
1746374400002,-2.67e-05,8.0,11.481481481481481,1,-0.011262897437718133,-0.015709065485391527,-0.007772600899065396
1746403200000,1.81e-06,8.0,31.851851851851855,3,0.010714957771111644,0.007117477114488402,0.002141884637097302
1746432000000,1.998e-05,8.0,44.44444444444444,4,-0.014105947935033836,-0.011948438817641294,0.054994578847649134
1746460800006,1.194e-05,8.0,39.62962962962963,3,0.00943935450575184,-0.01932820208320607,0.1369122600622632
1746489600002,6.899e-05,8.0,87.03703703703704,8,-0.007773330987773663,-0.0014513149793297098,0.20996239774826275
1746518400005,-1.836e-05,8.0,14.444444444444443,1,-0.020887583799656495,0.018676935010249807,0.31661033852290976
1746547200000,-3.589e-05,8.0,6.666666666666667,0,0.02726470688036553,0.027106355543993432,0.3010541674678491
1746576000002,3.273e-05,8.0,57.03703703703704,5,0.01222748293327447,-0.0033803127064523375,0.28977648095133235
1746604800000,8.548e-05,8.0,94.81481481481482,9,-0.011269292538857223,0.04886626561776963,0.30802732939543254
1746633600006,-6.48e-06,8.0,23.333333333333332,2,-0.0034680935394371115,0.12781851411459022,0.33930065618531735
1746662400000,4.564e-05,8.0,68.14814814814815,6,0.06401979355936116,0.21657489686252207,0.4222257813319783
1746691200001,0.0001,8.0,97.4074074074074,9,0.06260211094110635,0.2325147169419881,0.2857965301729728
1746720000002,8.717e-05,8.0,94.44444444444444,9,0.07429896278218417,0.12165466748017062,0.2021476510067115
1746748800001,0.0001,8.0,97.03703703703704,9,0.07968304883755795,0.06441705248140606,0.14160120310590352
1746777600006,0.0001,8.0,96.66666666666667,9,-0.03297494056010275,0.012216213941549148,0.07360447745492049
1746806400000,0.0001,8.0,96.29629629629629,9,0.018986764034687242,0.05649518593379832,0.08142835408923954
1746835200001,0.0001,8.0,95.92592592592592,9,0.026733539643581272,0.10060399103617557,0.06468893394514996
1746864000000,9.797e-05,8.0,95.55555555555556,9,0.01159969200674249,0.031011591367864577,0.02476432272698892
1746892800001,9.016e-05,8.0,93.7037037037037,9,0.0598128997254328,0.012322641106160548,0.051810170494714036
1746921600000,0.0001,8.0,95.55555555555556,9,-0.03807456479277427,-0.02338450068149789,0.04009770077003427
1746950400001,7.363e-05,8.0,86.29629629629629,8,-0.006526614711909184,0.029115639672781857,0.06410442583539067
1746979200001,2.438e-05,8.0,45.18518518518518,4,0.02019164399691431,0.01162856794835343,0.05375370498193188
1747008000004,7.088e-05,8.0,84.07407407407408,8,0.015374328890445543,-0.007295144927824571,0.038481591002256677
1747036800000,0.0001,8.0,95.18518518518519,9,-0.024590292480200615,-0.034678114953344275,-0.007198306280875144
1747065600000,5.717e-05,8.0,73.70370370370371,7,0.0023393411257777164,0.029712043989259973,0.031906683602103136
1747094400000,6.233e-05,8.0,78.14814814814814,7,-0.012651882744516119,0.07409471869110162,0.020992902113325718
1747123200008,0.0001,8.0,94.81481481481482,9,0.03892671400557823,0.07101242747930447,0.0541677324011709
1747152000001,0.0001,8.0,94.44444444444444,9,0.046592965138317455,0.014193210549557023,0.014916157672813624
1747180800007,0.0001,8.0,94.07407407407408,9,-0.01501008139795379,-0.025718766335598442,-0.056605182585318436
1747209600000,5.48e-05,8.0,70.74074074074073,7,-0.017409404863279354,-0.041634970195855936,-0.057534298419907315
1747238400002,4.737e-05,8.0,65.18518518518519,6,0.005405946926933192,-0.014607230791163883,-0.048422334305607495
1747267200000,0.0001,8.0,94.07407407407408,9,-0.029655545038951958,-0.02436360710138985,-0.05254384721205685
1747296000003,0.0001,8.0,93.7037037037037,9,0.007802709668266683,0.023222913169240078,-0.009962247495645338
1747324800000,5.698e-05,8.0,72.96296296296296,7,-0.008261726509975587,0.011545383015354904,0.005500027266424068
1747353600001,6.801e-05,8.0,82.22222222222221,8,0.019042460920176474,-0.008394852413078469,-0.023755980204003824
1747382400000,0.0001,8.0,93.33333333333333,9,-0.001825764418734277,-0.042826667691657216,-0.07635923356331575
1747411200000,7.202e-05,8.0,84.44444444444444,8,-0.024983634333243576,-0.04809580653856527,-0.05104547729985753
1747440000000,2.543e-05,8.0,44.44444444444444,4,-0.01650460896833361,-0.023502973910158542,-0.001903618454830558
1747468800001,-1.883e-05,8.0,13.703703703703704,1,-0.007814163522922302,0.009332803014780566,0.018472762919484076
1747497600004,2.339e-05,8.0,42.96296296296296,4,0.001866683943278824,0.044018917890201736,0.005717478802406806
1747526400000,5.366e-05,8.0,67.77777777777779,6,0.01531641934714112,0.01077447613963134,0.02053783402291587
1747555200000,4.909e-05,8.0,64.81481481481481,6,0.028282570766178905,-0.04277838414901347,0.016156916482763517
1747584000000,1.3e-06,8.0,28.888888888888886,2,-0.03185505427329571,-0.045340089409540596,-0.005233634722512814
1747612800000,-4.925e-05,8.0,2.9629629629629632,0,-0.038477082207950875,0.011223816097473138,0.018858411860032565
1747641600006,6.531e-05,8.0,78.51851851851852,7,0.027601468633179138,0.05648653266708625,0.09555700955611779
1747670400010,9.181e-05,8.0,91.85185185185185,9,0.025241915205982846,0.007300039744660758,0.08035721527817219
1747699200000,8.013e-05,8.0,88.14814814814815,8,0.002310857866413496,-0.0015471668249444903,0.053640392529281655
1747728000002,6.807e-05,8.0,81.11111111111111,8,-0.020240231948087994,0.007396303820437433,0.04792015936569305
1747756800000,1.174e-05,8.0,35.92592592592593,3,0.017541807975675283,0.035519136701091636,0.03521669173599373
1747785600000,3.663e-05,8.0,57.77777777777777,5,0.010957916054040506,0.009111120798640071,-0.0002179693970967289
1747814400001,9.338e-05,8.0,91.85185185185185,9,0.00589317879238771,0.029368000626517343,-0.002752760592058978
1747843200004,6.47e-06,8.0,32.22222222222222,3,-0.009560698366973486,0.03699320707709686,-0.006843529205675658
1747872000001,1.141e-05,8.0,35.55555555555556,3,0.03321555325847303,0.045800596630101165,-0.005105550074873455
1747900800000,0.0001,8.0,93.33333333333333,9,0.011369244201495654,0.008909387693125215,-0.053832137569753025
1747929600002,0.0001,8.0,92.96296296296296,9,-0.0011487003919095073,-0.03518176494436698,-0.05836974638497239
1747958400006,0.0001,8.0,92.5925925925926,9,-0.0016122849347193213,-0.051946392465480606,-0.04116024383460737
1747987200000,0.0001,8.0,92.22222222222223,9,-0.0341075412846108,-0.0421895047351728,-0.028918980950195183
1748016000007,-7.26e-06,8.0,21.48148148148148,2,-0.018504684533258597,-0.007349736981355215,-0.0014551623245244727
1748044800010,0.0001,8.0,91.85185185185185,9,0.009581384286054151,0.0034488226433047053,0.016142075636248476
1748073600000,4.033e-05,8.0,59.25925925925925,5,0.003166197891296463,-0.020878835970522203,0.02575383793466468
1748102400003,2.114e-05,8.0,43.333333333333336,4,-0.007827474159928127,-0.016807315572244463,0.04451508464411846
1748131200004,6.041e-05,8.0,73.33333333333333,7,-0.01597203018212001,0.007901078497214886,0.05042863350847382
1748160000000,3.75e-05,8.0,58.14814814814815,5,0.007839550008224894,0.03547456559504747,0.05738037063338286
1748188800000,8.487e-05,8.0,87.4074074074074,8,0.014872433848321709,0.02169161992492108,0.04651616421778404
1748217600000,3.85e-06,8.0,30.74074074074074,3,0.01236374191473244,0.00466778327364592,0.05186338692785353
1748246400000,8.047e-05,8.0,86.29629629629629,8,-0.005575552808892992,0.011736170575494587,0.05693728181145419
1748275200002,4.711e-05,8.0,62.22222222222222,6,-0.0012079082924851825,0.03834914004722534,0.029698958081685767
1748304000003,4.026e-05,8.0,57.77777777777777,5,0.021472153301187458,0.03730708612268452,0.02811978215751454
1748332800001,0.0001,8.0,91.48148148148148,9,0.01775156968484093,0.006981469316671429,-0.0009624345009853208
1748361600005,0.0001,8.0,91.11111111111111,9,-0.00221026403086122,-0.01305519280707279,-0.02620419987691569
1748390400002,0.0001,8.0,90.74074074074075,9,-0.00839053009646662,0.007209612817089539,-0.04676281991011477
1748419200003,0.0001,8.0,90.37037037037037,9,-0.002499393167060937,0.034039535165968804,-0.04342648218945322
1748448000002,0.0001,8.0,90.37037037037037,9,0.01827721906427615,0.004786981236098109,-0.03726164901807949
1748476800000,0.0001,8.0,90.0,8,0.017247101554663136,-0.018063775120170322,-0.057353604737452546
1748505600006,0.0001,8.0,89.62962962962962,8,-0.0307182758152722,-0.040548124076159264,-0.07959609593638461
1748534400000,8.321e-05,8.0,85.18518518518519,8,-0.0031006754096374323,-0.017400127207196303,-0.045575006814671304
1748563200003,7.477e-05,8.0,81.11111111111111,8,-0.007422023222281249,-0.038244668740988086,-0.03767549518099722
1748592000003,0.0001,8.0,89.25925925925927,8,-0.007963025261483847,-0.03582023365343456,-0.0424184965441311
1748620800000,5.699e-05,8.0,67.4074074074074,6,-0.024119596208676874,-0.024108037296755813,-0.020574863219542272
1748649600000,3.389e-05,8.0,52.22222222222223,5,-0.004568066961465611,-0.001970151610865556,0.028075647504737677
1748678400000,8.054e-05,8.0,83.7037037037037,8,0.004600928911681956,-0.005417990425308217,0.034637855332516176
1748707200000,2.739e-05,8.0,46.2962962962963,4,-0.0019819727340563142,-0.004678561135172843,0.03462135240027964
1748736000001,7.52e-05,8.0,80.37037037037037,8,-0.006260915020255831,0.004324427072814441,0.026540577144690047
1748764800002,3.946e-05,8.0,55.55555555555556,5,0.004630625891654416,-0.0017932716447887076,0.047378236855318834
1748793600000,3.37e-05,8.0,51.48148148148148,5,0.005938166903347142,0.00833802727510724,0.057921919253623555
1748822400001,1.586e-05,8.0,37.03703703703704,3,-0.012314134639270335,0.02634349456451024,0.02878029738457699
1748851200000,5.378e-05,8.0,63.33333333333333,6,0.01440195378126119,0.040963163082473164,0.039394870526076486
1748880000000,8.588e-05,8.0,85.55555555555556,8,0.02435483870967725,0.030889063729346855,0.01841070023603475
1748908800000,3.263e-05,8.0,49.25925925925926,4,0.0017857760060830952,-0.005341966504218587,-0.07260619606668428
1748937600000,6.067e-05,8.0,70.74074074074073,7,0.004584905081731039,0.0074332198607660604,-0.05944659122274365
1748966400001,5.397e-05,8.0,63.70370370370371,6,-0.010497345125987212,0.017055322917422178,-0.04279099594993341
1748995200000,4.39e-05,8.0,57.03703703703704,5,0.014652509652509638,0.0065945945945946605,-0.0440270270270271
1749024000000,7.623e-05,8.0,80.37037037037037,8,0.014859491238417899,-0.008873837021252218,-0.05230693125820507
1749052800000,7.897e-05,8.0,81.85185185185185,8,-0.02246719160104993,-0.029321334833145807,-0.05524184476940375
1749081600016,2.359e-05,8.0,39.62962962962963,3,-0.001314629565750569,-0.07696906979418183,-0.03304971062818596
1749110400000,8.508e-05,8.0,84.81481481481481,8,-0.00607763866652844,-0.0580274357586299,-0.03493394455258525
1749139200000,6.396e-05,8.0,70.74074074074073,7,-0.06719329419035858,-0.031165018541409295,-0.029121600741656484
1749168000002,-1.147e-05,8.0,15.925925925925927,1,0.01856926935406178,0.02759645888351825,0.04127427043367038
1749196800000,2.643e-05,8.0,43.333333333333336,4,0.022266241150361354,0.015080558714321235,0.014884919033703259
1749225600006,2.684e-05,8.0,44.074074074074076,4,-0.01310809894680609,0.004821323890078499,0.010691455210339651
1749254400000,8.699e-05,8.0,85.55555555555556,8,0.005864368308178269,0.019479234401063028,0.08237579615261903
1749283200000,5.456e-05,8.0,64.07407407407408,6,0.011716569831639712,0.00929535954771965,0.07533055744050365
1749312000002,6.753e-05,8.0,74.07407407407408,7,0.0012580862801128134,-0.0030876691669642353,0.08743104337817997
1749340800000,0.0001,8.0,88.88888888888889,8,-0.004183503684335621,-0.0065644560652878825,0.11431740749544428
1749369600000,9.522e-05,8.0,87.77777777777777,8,-9.150077178909921e-05,-0.009400709727725443,0.11078754316449446
1749398400000,4.695e-05,8.0,56.666666666666664,5,-0.0022996645990903675,0.008152271217191087,0.13876367166518788
1749427200000,2.206e-05,8.0,38.51851851851852,3,-0.007026554954279507,0.0687102961760706,0.10484002823383043
1749456000001,1.95e-05,8.0,35.55555555555556,3,0.017814831771121975,0.07575721066962227,0.09971647269543715
1749484800001,8.643e-05,8.0,84.44444444444444,8,0.057587140252996605,0.08111520584591347,0.07292398260746036
1749513600000,0.0001,8.0,88.51851851851852,8,-0.0006828536566253485,0.04956472743691087,-0.014575007556167474
1749542400001,0.0001,8.0,88.14814814814815,8,0.02288423489005864,0.04125135326837648,-0.05737857916153355
1749571200003,0.0001,8.0,87.77777777777777,8,0.026284671532846637,0.04377007299270064,-0.07046350364963505
1749600000000,0.0001,8.0,87.4074074074074,8,-0.007337988310414101,-0.015013723175813065,-0.08488104210810732
1749628800000,0.0001,8.0,87.03703703703704,8,0.025092044754523535,-0.01823345701474144,-0.09184060856983223
1749657600010,0.0001,8.0,86.66666666666667,8,-0.030175563737573907,-0.04919351172930808,-0.11875115824513183
1749686400002,6.036e-05,8.0,65.55555555555556,6,-0.0127161878116403,-0.053698582723723076,-0.087938910380981
1749715200003,0.0001,8.0,86.29629629629629,8,-0.0069822813654889515,-0.07791524854292353,-0.07713741071298152
1749744000001,5.333e-05,8.0,57.407407407407405,5,-0.0347707447669201,-0.0633669701828452,-0.06521675173945651
1749772800000,-1.372e-05,8.0,14.444444444444443,1,-0.04398929140775576,-0.0253174143369419,-0.036453895875222964
1749801600001,-1.069e-05,8.0,16.296296296296298,1,0.00868514851485136,0.0038653465346536464,0.040091089108910793
1749830400004,2.083e-05,8.0,36.2962962962963,3,0.009968864476055606,-0.010451798832319614,0.03266677922047334
1749859200000,4.572e-05,8.0,54.074074074074076,5,-0.01488727705020576,-0.016930781154696484,-0.015065986534628872
1749888000000,1.962e-05,8.0,34.44444444444444,3,-0.00784796248752806,-0.0027132654228237962,0.018539332489381444
1749916800000,4.4e-06,8.0,26.296296296296294,2,0.005819245644509197,0.010422173551846603,-0.007003764225153919
1749945600005,1.767e-05,8.0,33.33333333333333,3,-0.001023828724127429,0.006032288158373422,-0.0071944721154909574
1749974400009,8.487e-05,8.0,80.0,7,0.005844574675620162,0.039214444844546836,0.0026591429803768385
1750003200000,7.131e-05,8.0,72.22222222222221,7,0.0010188787612950279,0.03586138528172578,-0.014244633183976507
1750032000000,4.573e-05,8.0,53.70370370370371,5,0.032523775839031765,-0.0036823076318477366,-0.0078126228090859
1750060800000,9.06e-05,8.0,83.7037037037037,8,0.0022113452286705026,-0.016998051275805448,-0.0413913586261494
1750089600003,3.96e-05,8.0,49.25925925925926,4,-0.037602704048849356,-0.050548832187002235,-0.05075034313893234
1750118400000,-9.06e-06,8.0,16.666666666666664,1,0.018724139427191977,-0.00980581643480083,-0.005932400610595523
1750147200006,0.0001,8.0,85.92592592592592,8,-0.03287297739014594,-0.018671138548290944,-0.01319876377775886
1750176000001,5.558e-05,8.0,60.74074074074074,6,0.005742477514636635,0.00420474295004758,-0.0017499739706388073
1750204800001,5.83e-05,8.0,63.33333333333333,6,0.008891030133146405,0.004650570172644475,-0.042914251130789394
1750233600001,6.782e-05,8.0,70.0,6,-0.010328156757503426,-0.0052686623122915055,-0.04240977169129978
1750262400001,2.338e-05,8.0,36.666666666666664,3,0.006188987430613135,-0.0043984878453390275,-0.03319801569578251
1750291200005,5.403e-05,8.0,58.51851851851851,5,-0.0010700697526949687,-0.0014505389980975503,-0.08774968294229546
1750320000003,4.793e-05,8.0,54.44444444444444,5,-0.0094624082523308,0.010902598690736065,-0.09819480261852809
1750348800000,4.883e-05,8.0,54.81481481481482,5,0.010452584478694016,-8.018860359504387e-06,-0.12667393710005936
1750377600000,8.145e-05,8.0,78.51851851851852,7,0.01124915184966202,-0.04652030204071922,-0.11798713589054788
1750406400002,8.963e-05,8.0,82.5925925925926,8,-0.021652446251540503,-0.04772015478928415,-0.11280308322671295
1750435200001,2.59e-05,8.0,39.25925925925926,3,-0.03573076167056466,-0.027430891243215516,-0.09968669894616922
1750464000002,-4.99e-05,8.0,2.9629629629629632,0,0.009422816111559484,-0.04241307296130192,0.0028996480484579923
1750492800005,-1.379e-05,8.0,12.592592592592592,1,-0.0008077844039910964,-0.06321737231030455,-0.014296959680842769
1750521600000,5.011e-05,8.0,55.18518518518518,5,-0.048551505468237166,-0.10073198825846252,0.007324011114000939
1750550400005,-7.98e-06,8.0,16.666666666666664,1,-0.012507657084269153,-0.03471645979867832,0.0630813410432749
1750579200000,-1.761e-05,8.0,11.481481481481481,1,-0.04104921150645857,-0.005921405992727169,0.07573676378652983
1750608000003,4.714e-05,8.0,53.333333333333336,5,0.020442092983737448,0.030743511667745915,0.10548505766130711
1750636800000,2.289e-05,8.0,35.92592592592593,3,0.015804106458404465,0.0839106728329524,0.08715427111263074
1750665600004,-1.401e-05,8.0,12.592592592592592,1,-0.007188484269384565,0.05801217397459024,0.10219591605619849
1750694400013,1.3e-06,8.0,23.703703703703706,2,0.07414305510379582,0.0875146481546667,0.08505509488439644
1750723200003,2.127e-05,8.0,35.18518518518518,3,-0.00788564364855171,0.015049508236162579,0.0017380771639889936
1750752000000,1.201e-05,8.0,30.74074074074074,3,0.019300583612885447,0.020779459500106512,0.020390941258548345
1750780800000,4.46e-06,8.0,26.296296296296294,2,0.002409924956248366,-0.013652142906910525,-0.001393494022320363
1750809600005,-8.33e-06,8.0,16.666666666666664,1,-0.0010216633496663574,-0.012006587685278514,-0.010343319752021851
1750838400000,-2.6e-07,8.0,22.962962962962962,2,-0.015081135280034297,0.019533855818617107,-0.005848288280914216
1750867200005,1.198e-05,8.0,31.11111111111111,3,0.0043871128559855865,0.011694813153029449,0.013057476994661421
1750896000000,2.757e-05,8.0,43.333333333333336,4,0.03087433842181264,-0.000997281270561312,0.007878935847088986
1750924800006,8.057e-05,8.0,77.77777777777779,7,-0.022628211817401045,-0.01983881713611435,-0.02090239928077764
1750953600007,9.06e-06,8.0,28.888888888888886,2,-0.00833607095926403,-0.0006323915900131594,0.0005379434954009277
1750982400000,3.79e-06,8.0,25.185185185185183,2,0.011747357258839575,0.003641017993836426,0.036157504059382894
1751011200000,5.06e-06,8.0,26.296296296296294,2,-0.0024605735060510003,-0.005469760738909035,0.01575012691810085
1751040000009,5.546e-05,8.0,61.111111111111114,6,-0.004922626825439869,0.0019805560349432927,0.01568008678287036
1751068800001,8.436e-05,8.0,79.25925925925927,7,0.0028864259522316527,0.0057934987281558215,0.026609626375078577
1751097600002,6.58e-06,8.0,27.037037037037038,2,0.004039247818764968,0.004459230772398071,0.013810027710639883
1751126400000,4.011e-05,8.0,48.51851851851852,4,-0.001172866592576316,-0.000807883631949502,-0.006553289562717612
1751155200004,6.176e-05,8.0,65.92592592592592,6,0.0015560144680606403,0.02667805280595803,-0.012743717437625923
1751184000001,8.777e-05,8.0,82.22222222222221,8,-0.0012256609961056597,0.017245337159254026,0.003910637425702079
1751212800001,4.2e-07,8.0,21.85185185185185,2,0.02634095489039634,0.014492039843875038,0.024748513242301318
1751241600000,5.102e-05,8.0,54.81481481481482,5,-0.008179256031501714,-0.007115872793779454,0.02811169521677437
1751270400005,9.119e-05,8.0,83.7037037037037,8,-0.003928964325003892,-0.0078015127520078,0.04708309658804688
1751299200002,3.94e-06,8.0,24.444444444444443,2,0.005785210897233606,-0.019961000396469086,0.04092126449336919
1751328000007,8.191e-05,8.0,77.4074074074074,7,-0.009617395781378102,-0.03276189403568608,0.041804096342895836
1751356800002,1.541e-05,8.0,31.11111111111111,3,-0.01613591042193807,-0.005348853265968456,0.028973970538662464
1751385600000,-1.429e-05,8.0,11.11111111111111,1,-0.007958753183707534,0.03060900148194623,0.03131075876474232
1751414400001,1.952e-05,8.0,33.7037037037037,3,0.018451596268926673,0.06806339331384348,0.042097252429647236
1751443200000,4.864e-05,8.0,52.22222222222223,5,0.01936542803597896,0.06183626557134736,0.029229833293184404
1751472000003,5.236e-05,8.0,55.18518518518518,5,0.02864855555689072,0.030502921728124965,0.004093222952487485
1751500800006,0.0001,8.0,85.55555555555556,8,0.011707951439451136,0.008452930686747129,-0.0206008550269825
1751529600003,9.82e-05,8.0,85.18518518518519,8,-0.009790602714737084,-0.024961418713751793,-0.03224279463210189
1751558400003,4.398e-05,8.0,47.77777777777778,4,0.0066382429643565555,-0.029829341189364866,-0.006125217161490282
1751587200005,1.353e-05,8.0,30.0,2,-0.02181425069014109,-0.03248972027567043,-0.007748885156657281
1751616000003,6.619e-05,8.0,65.92592592592592,6,-0.014734266148290098,-0.004953523711787922,0.01757218132659699
1751644800001,2.691e-05,8.0,40.74074074074074,4,0.0038778633293541365,0.004330547788256034,0.015134883944524224
1751673600004,1.406e-05,8.0,30.0,2,0.006025779161179523,0.00380302486132722,0.014110698750947837
1751702400009,3.958e-05,8.0,45.18518518518518,4,-0.005541451804839226,-0.002526775089250255,0.0115668385561285
1751731200006,5.542e-05,8.0,58.88888888888889,5,0.003350578174174057,0.020015715807150336,0.023162866020749462
1751760000001,3.909e-05,8.0,44.44444444444444,4,-0.000318037075171973,0.021686153063293467,0.03854211804741148
1751788800002,6.583e-05,8.0,65.55555555555556,6,0.016932908618763065,0.025228363616118576,0.042813455657492394
1751817600004,8.149e-05,8.0,76.29629629629629,7,0.004993723628485824,-0.009076297996644778,0.03918332870589425
1751846400000,0.0001,8.0,85.18518518518519,8,0.0029341375620195453,-0.011304601614943177,0.07726043389434767
1751875200007,0.0001,8.0,84.81481481481481,8,-0.017094182857719242,-0.010825927922826106,0.08127785513969754
1751904000000,-3.011e-05,8.0,5.9259259259259265,0,0.003012155210870393,0.012246009782595824,0.09315968370396388
1751932800010,7.589e-05,8.0,70.74074074074073,7,0.0035021996962134594,0.02798611712300203,0.1604637069800019
1751961600003,2.787e-05,8.0,39.25925925925926,3,0.005858455940019436,0.028284499796091378,0.16580920412836853
1751990400000,6.466e-05,8.0,63.33333333333333,6,0.019383094977165394,0.03605957669192583,0.1528456489436798
1752019200002,4.903e-05,8.0,50.37037037037037,5,0.0037934756811794923,0.0594515346159441,0.13260322005221292
1752048000006,6.771e-05,8.0,65.92592592592592,6,0.013392874167235558,0.06304413318130342,0.12998562325295837
1752076800001,6.268e-05,8.0,62.59259259259259,6,0.04149905358977368,0.04202211928155619,0.09586025490985595
1752105600003,0.0001,8.0,84.81481481481481,8,0.007197337852143937,0.06552395680152046,0.062362475566266395
1752134400000,2.808e-05,8.0,38.148148148148145,3,-0.00665446979480544,0.0671007318123118,0.06282106471516724
1752163200004,3.187e-05,8.0,38.148148148148145,3,0.0649890938506652,0.06778785733889947,0.07949932829676287
1752192000004,0.0001,8.0,84.44444444444444,8,0.008124677861270024,0.0033061606488891115,0.006215582019911459
1752220800007,0.0001,8.0,84.07407407407408,8,-0.0054524049781365935,-0.0033131516986208975,0.022381432896064535
1752249600001,0.0001,8.0,83.7037037037037,8,0.0006764092140463251,-0.015097453657513693,0.017992485093631938
1752278400000,8.032e-05,8.0,72.22222222222221,7,0.0021609593442046826,-0.0054176163840623515,0.017433091423121994
1752307200001,7.671e-05,8.0,70.0,6,-0.017211413529520936,-0.0004285979447546939,0.0031621753876787118
1752336000002,6.119e-05,8.0,59.62962962962963,5,0.009662963789639933,0.02646498291640187,0.0417766941950104
1752364800006,4.151e-05,8.0,42.22222222222222,4,0.0073428131238755245,0.009209975886732336,0.06489155831567639
1752393600001,4.407e-05,8.0,43.7037037037037,4,0.009230623792996218,0.02621983334908906,0.06835523383796782
1752422400003,7.205e-05,8.0,67.4074074074074,6,-0.007309599159647018,0.0069483008945476765,0.08358702270157448
1752451200000,9.98e-06,8.0,22.962962962962962,2,0.02418578344566602,0.012870580472269078,0.1350619794366974
1752480000000,0.0001,8.0,83.33333333333334,8,-0.010587802168182003,-0.021662097574765338,0.13420967858575095
1752508800000,0.0001,8.0,82.96296296296296,8,-0.00046512091482631135,0.01015956969670806,0.13701797692335815
1752537600002,6.134e-05,8.0,58.88888888888889,5,-0.012392767673814475,0.040291446000092934,0.15400920985308097
1752566400000,0.0001,8.0,82.5925925925926,8,0.02159407045036077,0.0625109196715361,0.2156383135995268
1752595200000,0.0001,8.0,82.22222222222221,8,0.03057670487247366,0.06647810429034218,0.17397839206722465
1752624000000,0.0001,8.0,81.85185185185185,8,0.009194133115473901,0.07595292195358572,0.13098049477903428
1752652800000,0.0001,8.0,81.48148148148148,8,0.0254084804558663,0.09111636040514437,0.12891127744416297
1752681600008,0.0001,8.0,81.11111111111111,8,0.041459303258950087,0.05678464255282378,0.09557034713560641
1752710400003,0.0001,8.0,80.74074074074075,8,0.02251161301606408,0.029640982163237517,0.06392420635744078
1752739200000,0.0001,8.0,80.37037037037037,8,-0.008138021776743387,0.04857599109686506,0.06371305938031635
1752768000000,0.0001,8.0,80.0,7,0.01617875227545662,0.042996268689424744,0.10624154465154456
1752796800004,0.0001,8.0,79.62962962962963,7,0.04193345924407499,0.020567980284220466,0.08086982057719316
1752825600000,0.0001,8.0,79.25925925925927,7,-0.013415955423871195,-0.013291580064564656,0.04639753681510639
1752854400000,0.0001,8.0,78.88888888888889,7,-0.0071689909624209625,-0.005098696190545482,0.06789670377695733
1752883200009,0.0001,8.0,78.51851851851852,7,0.007109004739336511,0.012471789663732746,0.06092022116903628
1752912000000,0.0001,8.0,78.14814814814814,7,-0.005224104269199503,0.028100919050193518,0.02690483726845172
1752940800002,0.0001,8.0,77.77777777777779,7,0.011376189187970676,0.06818386762252593,0.04684329771405382
1752969600000,0.0001,8.0,77.4074074074074,7,0.021997544071661768,0.044986369876173216,0.0424079235710646
1752998400000,0.0001,8.0,77.03703703703704,7,0.031517773703038765,0.03150687544103903,0.00041685852148742875
1753027200000,0.0001,8.0,77.03703703703704,7,-0.008748042123724598,0.006843652518892185,-0.039622397312195745
1753056000001,0.0001,8.0,76.66666666666667,7,0.008393154424985116,0.0017313711127389109,-0.03441433042551767
1753084800000,0.0001,8.0,76.29629629629629,7,0.006854290204572289,-0.03167236756956637,-0.053048772434923785
1753113600001,0.0001,8.0,75.92592592592592,7,-0.013780714866388766,-0.02581228856895612,-0.02365667532058846
1753142400000,0.0001,8.0,75.55555555555556,7,-0.025427400982005466,-0.004806350337215437,-0.015599371559059882
1753171200010,0.0001,8.0,75.18518518518519,7,0.015122160496019887,0.0029730593819423667,-0.006621068825778176
1753200000007,0.0001,8.0,74.81481481481481,7,0.006605883920567823,-0.02087017849884376,-0.022391093093432568
1753228800000,0.0001,8.0,74.81481481481481,7,-0.019171334620860625,-0.031902361624207676,-0.005769831793375868
1753257600004,0.0001,8.0,74.81481481481481,7,-0.009009892627798943,-0.02307099206900587,0.02010947005920327
1753286400002,0.0001,8.0,74.44444444444444,7,-0.0033788427807133203,0.023574920133944133,0.027253432453386184
1753315200000,0.0001,8.0,74.07407407407408,7,-0.010780369628439979,0.021751127151521388,0.03214796174582957
1753344000001,0.0001,8.0,73.70370370370371,7,0.03830740184007175,0.01382424220451628,0.051392603458709996
1753372800000,0.0001,8.0,73.33333333333333,7,-0.005836633331095964,-0.024044566749446217,0.025483589502651283
1753401600000,0.0001,8.0,72.96296296296296,7,-0.016386669223145578,0.00513096102900068,0.04417217344808666
1753430400000,0.0001,8.0,72.5925925925926,7,-0.0019602836645773447,0.02810838117358938,0.067519966614777
1753459200000,0.0001,8.0,72.22222222222221,7,0.02388320830548074,0.02806180694819238,0.047337278106508895
1753488000001,0.0001,8.0,71.85185185185186,7,0.00663252275140791,0.005032866879057796,0.017948407737494954
1753516800005,0.0001,8.0,71.48148148148148,7,-0.0020698570062656074,0.006887949960205475,0.037006372488796124
1753545600001,0.0001,8.0,71.11111111111111,7,0.00048173811110485687,0.022936086734270722,0.006832652209170842
1753574400001,9.322e-05,8.0,69.25925925925925,6,0.008490558466884401,0.03466041778683726,0.013110342484625281
1753603200000,8.879e-05,8.0,67.03703703703704,6,0.01327988837041505,0.031475404617453906,0.009857783696456623
1753632000008,0.0001,8.0,70.74074074074073,7,0.011948709764348475,-0.004547155150084969,-0.008712328337044162
1753660800005,0.0001,8.0,70.37037037037037,7,0.005023475634979624,-0.021078948457019964,-0.01608391246794072
1753689600000,0.0001,8.0,70.0,6,-0.02082936840643379,-0.002628425053880168,-0.006673936413717274
1753718400000,0.0001,8.0,69.62962962962963,6,-0.0040422665059215435,-0.012686255505913735,-0.00519269712943915
1753747200001,4.494e-05,8.0,34.81481481481482,3,0.02547863223032465,0.00025618610203603787,-0.02556578832689338
1753776000000,0.0001,8.0,69.25925925925925,6,-0.03070365442336853,-0.01837784035234291,-0.06111076729481901
1753804800000,0.0001,8.0,68.88888888888889,6,0.008451783334264329,0.00925785521033684,-0.03930331979238988
1753833600011,2.488e-05,8.0,23.333333333333332,2,0.0053732494032656675,0.004845165923829109,-0.07746984643332422
1753862400000,5.083e-05,8.0,40.0,3,-0.003414968595423451,0.014589796599216553,-0.07555486672428324
1753891200008,1.54e-05,8.0,16.666666666666664,1,0.004423482463109085,-0.0005568942719068604,-0.08679896644646024
1753920000000,5.162e-05,8.0,40.370370370370374,4,0.014819057728637786,-0.02949623086200137,-0.10875979726267826
1753948800009,0.0001,8.0,68.51851851851852,6,-0.01964713344465585,-0.05815955367429104,-0.10546904327340034
1753977600000,-1.18e-05,8.0,4.444444444444445,0,-0.024778877887788764,-0.046539933993399285,-0.08304158415841578
1754006400001,-3.749e-05,8.0,0.7407407407407408,0,-0.013961203520250764,-0.05302330119717802,-0.052174950061119274
1754035200003,1.113e-05,8.0,13.333333333333334,1,-0.008317757009345894,-0.03379879054425505,-0.023980208905992284
1754064000000,4.859e-05,8.0,37.03703703703704,3,-0.033237982626418194,-0.042741669735796406,0.010179357171933079
1754092800004,5.795e-05,8.0,45.18518518518518,4,0.00605630416614189,-0.0248548891204049,0.06341087845031868
1754121600000,6.57e-06,8.0,12.222222222222221,1,-0.017694613756162658,-0.01794751573533393,0.025852833780884543
1754150400000,7.965e-05,8.0,57.03703703703704,5,-0.01877415472911992,0.004657378908148324,0.031774316724907825
1754179200000,6.733e-05,8.0,50.37037037037037,5,0.018870983909103245,0.031220702952257984,0.0636884651442522
1754208000000,5.752e-05,8.0,44.44444444444444,4,0.004916102187795701,0.026987925312284,0.05185489541347055
1754236800003,3.767e-05,8.0,28.14814814814815,2,0.007487712545591885,0.05129616078270938,0.057323207587395064
1754265600004,1.719e-05,8.0,16.666666666666664,1,0.015370273462186335,0.06245907217880409,0.05227036811447494
1754294400000,1.113e-05,8.0,12.962962962962962,1,0.027817066092650222,0.01715005381403434,0.043206189459211286
1754323200002,3.611e-05,8.0,27.40740740740741,2,0.01818545547221606,-0.02273455976454275,0.051106172257588955
1754352000000,1.47e-06,8.0,8.148148148148149,0,-0.028686352323938902,-0.029256743122351492,0.04856393354409083
1754380800000,3.116e-05,8.0,25.555555555555554,2,-0.012024497732768702,0.006944348264466882,0.08510219853578671
1754409600000,1.37e-05,8.0,15.185185185185185,1,0.011576462408038779,0.02783229409653698,0.10919836712722053
1754438400005,2.413e-05,8.0,21.48148148148148,2,0.007917088107741055,0.019716514486026737,0.11147659096892193
1754467200000,8.2e-05,8.0,60.370370370370374,6,0.00846996038732395,0.018543683978873293,0.14697128080985933
1754496000000,6.246e-05,8.0,48.51851851851852,4,0.003630670023649918,0.04587573888635821,0.14839374902822988
1754524800003,6.227e-05,8.0,48.148148148148145,4,0.007467797162889367,0.05921245719876067,0.15908473286591662
1754553600002,4.285e-05,8.0,32.22222222222222,3,0.03460218812714433,0.05576055760557597,0.1261409982520878
1754582400002,0.0001,8.0,69.25925925925925,6,0.016198416919563252,0.03280876847187897,0.09858273628883407
1754611200002,4.26e-05,8.0,32.22222222222222,3,0.004184529811247062,0.02905310581395648,0.08854731905308011
1754640000004,0.0001,8.0,69.62962962962963,6,0.012110373019928566,0.06522994379151781,0.08986969851813997
1754668800000,0.0001,8.0,69.25925925925925,6,0.013232394722208163,0.06415246954147924,0.09574591779990893
1754697600005,0.0001,8.0,68.88888888888889,6,0.039487101495164545,0.06339427514317131,0.05416948189073367
1754726400000,0.0001,8.0,68.88888888888889,6,0.009720659939992382,0.0024679395702571494,0.03404989123317814
1754755200007,0.0001,8.0,68.51851851851852,6,0.013670241082971879,0.0014259639516311928,0.061544604152407034
1754784000003,9.916e-05,8.0,68.14814814814815,6,-0.02116665103629367,-0.005247116196192447,0.07488511675888598
1754812800005,0.0001,8.0,68.14814814814815,6,0.009284010232531559,0.021756105506213208,0.10665833117760348
1754841600002,0.0001,8.0,68.14814814814815,6,0.006915570237891577,0.031048869396821832,0.10663125818761743
1754870400000,8.873e-05,8.0,64.07407407407408,6,0.0060178650952043,-0.003402426467296271,0.11560238735352946
1754899200000,9.354e-05,8.0,66.66666666666666,6,0.015322386095086848,0.009806608159603769,0.11134610745344387
1754928000000,0.0001,8.0,68.14814814814815,6,-0.024313781577350757,0.03040376102367026,0.0654442109439699
1754956800000,3.659e-05,8.0,27.77777777777778,2,0.01935175749895368,0.08444790156965576,0.07410174508640321
1754985600001,0.0001,8.0,68.51851851851852,6,0.036918383976265456,0.07256924373376439,0.07824060209721884
1755014400005,0.0001,8.0,68.14814814814815,6,0.026409112890226183,0.04395921766697097,-0.012604552863002216
1755043200000,0.0001,8.0,67.77777777777779,6,0.006891559855846108,0.03224055272010573,-0.03366639269028093
1755072000002,0.0001,8.0,67.77777777777779,6,0.009259319381586417,0.025646020418985227,-0.03608277545825844
1755100800006,0.0001,8.0,67.77777777777779,6,0.016821824623256765,-0.01000002144546741,-0.056453048365962544
1755129600002,0.0001,8.0,67.4074074074074,6,-0.0005757756626166843,-0.03908736393872736,-0.06825577937457694
1755158400003,0.0001,8.0,67.03703703703704,6,-0.025817207250933838,-0.019849325764450088,-0.05814674910840523
1755187200000,0.0001,8.0,67.03703703703704,6,-0.01638559851386423,-0.04213532408540077,-0.012109494250534092
1755216000000,0.0001,8.0,66.66666666666666,6,0.021606820147875405,-0.024358299893682767,-0.015500736295980033
1755244800000,9.765e-05,8.0,65.55555555555556,6,-0.04677484341232929,-0.04127192065793761,-0.08148160916320668
1755273600000,6.474e-05,8.0,48.51851851851852,4,0.0018693152022568604,-0.0061775555595739995,-0.0187587023742789
1755302400004,5.967e-05,8.0,44.074074074074076,4,0.004696932781071528,-0.0033568856763853683,-0.02824250791846028
1755331200000,8.99e-05,8.0,62.59259259259259,6,-0.011881913511715636,0.0037688611611779166,-0.0480535416507476
1755360000002,1.968e-05,8.0,18.14814814814815,1,0.00410250582419458,0.03710665378714695,-0.04835729302801306
1755388800000,4.669e-05,8.0,34.074074074074076,3,0.010269193099283314,0.011671593919009071,-0.07690132753071133
1755417600001,-6.68e-06,8.0,5.555555555555555,0,0.02237204133394277,-0.043906111365041856,-0.06225409799334991
1755446400007,5.334e-05,8.0,39.62962962962963,3,-0.019427965312370676,-0.04850087990164398,-0.06535817366168395
1755475200000,6.32e-06,8.0,9.62962962962963,0,-0.04686099105887198,-0.03684889515918077,-0.0320105352826886
1755504000001,9.191e-05,8.0,63.70370370370371,6,0.017458755155605576,-0.0069905324334458285,0.010097956505436878
1755532800002,8.959e-05,8.0,61.85185185185185,6,-0.007879402077527242,-0.03563350761222561,-0.022733030840454194
1755561600000,0.0001,8.0,66.2962962962963,6,-0.01670930270348059,-0.05264196407430266,-0.018598907093676953
1755590400001,0.0001,8.0,65.92592592592592,6,-0.011889450295820336,-0.0122859226359745,0.021626622173659626
1755619200000,0.0001,8.0,65.55555555555556,6,-0.025684060745978954,0.017741053671999296,0.10456024581064272
1755648000000,0.0001,8.0,65.18518518518519,6,0.024393471224035235,0.06086973567817777,0.18286649628400808
1755676800000,3.18e-06,8.0,7.4074074074074066,0,0.019695925904663403,0.03112501674416812,0.12991800141607812
1755705600000,9.07e-05,8.0,62.22222222222222,6,0.015604400760045989,-0.005958385136878519,0.11445494850923099
1755734400006,6.232e-05,8.0,46.2962962962963,4,-0.004549664086983984,-0.022602823563102947,0.10488476878699493
1755763200000,5.834e-05,8.0,43.333333333333336,4,-0.01697643991203246,0.0033776573533641496,0.10293735559122918
1755792000003,2.689e-05,8.0,22.22222222222222,2,-0.002564223426820722,0.09420457223662493,0.13262785764789053
1755820800010,6.376e-05,8.0,47.77777777777778,4,0.02289396330916893,0.13727635322249854,0.1292921750801017
1755849600007,6.67e-05,8.0,50.0,4,0.07246460507136732,0.09051030143150496,0.06112020993252498
1755878400001,6.004e-05,8.0,43.7037037037037,4,0.03669839382601969,0.023154579975919187,-0.010556334554602809
1755907200004,0.0001,8.0,66.66666666666666,6,-0.019168559075354974,-0.006014847010963775,-0.09051773392976237
1755936000006,0.0001,8.0,66.2962962962963,6,0.006223481887718929,0.005594355229906478,-0.06107188778244488
1755964800000,0.0001,8.0,65.92592592592592,6,0.006344181308029384,0.009063717555532591,-0.04785078754991268
1755993600001,0.0001,8.0,65.55555555555556,6,-0.007712984987897631,-0.0010116760797134194,-0.0413365829595288
1756022400002,0.0001,8.0,65.18518518518519,6,0.012322949756068846,-0.03236406838499828,-0.034712801543633764
1756051200001,0.0001,8.0,64.81481481481481,6,-0.0055017541523261215,-0.04412223715806518,-0.03238419057210751
1756080000000,4.932e-05,8.0,34.81481481481482,3,-0.039784628970458646,-0.08621537521475375,-0.05864528860178331
1756108800002,4.567e-05,8.0,30.74074074074074,3,2.1769418321104794e-05,-0.03506617903169629,0.0032305816788573694
1756137600002,1.732e-05,8.0,15.185185185185185,1,-0.047081872999978125,-0.015460304329842911,-0.019929468620066615
1756166400000,-7.39e-06,8.0,5.185185185185185,0,0.014257808474533729,0.05209161088503311,0.032122434865448524
1756195200000,1.08e-05,8.0,11.481481481481481,1,0.021334435164676258,0.03522473521051084,-0.008882386277684118
1756224000000,1.029e-05,8.0,11.481481481481481,1,0.015633980917346912,0.0276490666478022,-0.046848886255714484
1756252800003,-8.19e-06,8.0,4.814814814814815,0,-0.0008568849506582765,-0.017412425485895167,-0.05221765313820481
1756281600000,1.933e-05,8.0,17.40740740740741,1,0.013860414394765597,0.0022268266085059274,-0.04106652126499455
1756310400009,4.152e-05,8.0,30.74074074074074,3,-0.030878839425303783,-0.03181860214059451,-0.06085877538380813
1756339200000,5.965e-05,8.0,44.81481481481481,4,0.021502818729882245,0.0018939730753499973,-0.02848517721541488
1756368000005,2.643e-05,8.0,22.59259259259259,2,-0.023064203938859995,-0.04675334820459853,-0.03416340453602518
1756396800004,2.175e-05,8.0,20.0,1,0.0019057561387336719,-0.04175782681607676,-0.004702197838810318
1756425600000,1.728e-05,8.0,16.666666666666664,1,-0.026037275349456435,-0.03376081650765472,-0.02645884180164193
1756454400000,4.981e-05,8.0,38.51851851851852,3,-0.01778957320059671,0.0016083286822412557,0.019946920597314177
1756483200005,1.496e-05,8.0,15.185185185185185,1,0.007588980448060667,0.012275882850619535,0.009406256157064474
1756512000000,4.162e-05,8.0,31.851851851851855,3,0.009614589743825341,0.003559258204664184,-0.01041829320939458
1756540800002,-1.108e-05,8.0,3.7037037037037033,0,-0.006714233401491687,0.012366289635470817,-0.00455803649613451
1756569600003,4.057e-05,8.0,31.11111111111111,3,0.0015777024164722597,0.026074451983119307,-0.01592586401533258
1756598400016,-1.39e-05,8.0,2.2222222222222223,0,0.01760402377686332,0.003429355281207025,-0.011202560585276689
1756627200000,5.543e-05,8.0,43.7037037037037,4,0.006846360216962388,0.0059925312433997124,-0.03168828951093572
1756656000001,-1.154e-05,8.0,3.7037037037037033,0,-0.02052675977129992,-0.02817464036884787,-0.0006628014407561444
1756684800000,-2.114e-05,8.0,1.1111111111111112,0,0.02038858184718828,-0.017840578884393943,0.013774713691527385
1756713600000,-1.3e-05,8.0,3.7037037037037033,0,-0.02629762731701213,-0.022100817250028437,-0.023825105366958477
1756742400001,1.22e-06,8.0,8.88888888888889,0,-0.009268083210669742,-0.013128253646035315,-0.012981287014349863
1756771200000,4.06e-06,8.0,11.11111111111111,1,0.015962519753009108,0.002919152471185571,-0.0025617999429163874
1756800000005,5.513e-05,8.0,43.7037037037037,4,-0.018057437411317934,-0.014431326672135092,0.0065896051492144725
1756828800007,3.026e-05,8.0,28.888888888888886,2,0.006385018475600024,0.041988942562756426,-0.005426334943549493
1756857600006,1.812e-05,8.0,20.37037037037037,2,-0.0026751445086704573,0.028443930635838166,-0.004161849710982657
1756886400002,-1.11e-06,8.0,8.148148148148149,0,0.03815524999826114,0.013488105753425739,-0.000727958956097674
1756915200002,3.174e-05,8.0,30.0,2,-0.00669717128813907,-0.04015399697633559,-0.04646036967313605
1756944000002,2.311e-05,8.0,24.814814814814813,2,-0.017178429953102925,-0.03310236914402376,-0.03980422749897716
1756972800000,-2.012e-05,8.0,1.4814814814814816,0,-0.016636388180865547,0.00986148164757683,-0.016968154964832727
1757001600000,-2.527e-05,8.0,1.1111111111111112,0,0.00013960533571610867,-0.005286388712443357,-8.841671262016515e-05
1757030400001,-5.54e-05,8.0,0.0,0,0.02433279544640743,0.0014462492850135789,-0.00018136245053212985
1757059200006,-3.456e-05,8.0,1.1111111111111112,0,-0.0297791589016283,-0.021596075751969757,-0.025747770365208478
1757088000000,2.866e-05,8.0,30.0,2,0.0067787729438542055,-0.0016116544369617625,0.021788913033816693
1757116800000,-2.104e-05,8.0,2.5925925925925926,0,0.0019539554237946177,-0.006988701444440082,6.273103025256077e-05
1757145600005,3.956e-05,8.0,33.7037037037037,3,-0.009356679016957026,-0.0032086008134023514,0.011869270977126867
1757174400000,4.06e-05,8.0,35.55555555555556,3,0.0013565373856081475,0.006848288045133488,0.004245329434752643
1757203200000,5.946e-05,8.0,49.629629629629626,4,0.005233960613101107,0.007112758276185405,0.008656975533515299
1757232000000,8.938e-05,8.0,63.33333333333333,6,0.0002490468720177663,-0.002017977925602543,0.006831332424040548
1757260800000,3.335e-05,8.0,31.48148148148148,3,0.0016195650909260895,0.016477213231102183,0.024326053822615767
1757289600007,2.556e-05,8.0,27.037037037037038,2,-0.0018604651162790198,0.0007883720930232929,0.010448837209302342
1757318400000,2.063e-05,8.0,24.074074074074073,2,0.01878625186871319,0.01781137250420395,0.03495572228532251
1757347200000,9.082e-05,8.0,65.92592592592592,6,-0.014628250149945399,-0.018753462477050342,0.010667863176642367
1757376000000,4.706e-05,8.0,40.74074074074074,4,0.013874304193887133,0.001544945125407926,0.03615403916029325
1757404800000,0.0001,8.0,69.25925925925925,6,-0.017813605616762263,-0.008787648255760727,0.037242671995013854
1757433600000,6.645e-05,8.0,56.666666666666664,5,0.005755493031350811,0.026981060765128184,0.05941432550847581
1757462400000,6.156e-05,8.0,52.96296296296297,5,0.0034145130723424177,0.007712809759197858,0.09243541536670064
1757491200002,8.82e-05,8.0,63.70370370370371,6,0.01831044527673753,0.026295833911314626,0.08989688814907293
1757520000000,0.0001,8.0,70.0,6,-0.013114523204277972,0.0029236777003127656,0.05621094096079293
1757548800000,1.341e-05,8.0,18.51851851851852,1,0.021483520783746712,0.02663744803487811,0.07382154843402544
1757577600000,0.0001,8.0,69.62962962962963,6,-0.0051221496352751306,0.020060438210830478,0.0472756608880045
1757606400001,8.501e-05,8.0,62.59259259259259,6,0.011106479005990488,0.028110584460898425,0.03789162686580694
1757635200002,4.858e-05,8.0,41.11111111111111,4,0.014417410244114581,0.053647376228527444,0.03207504044672915
1757664000001,0.0001,8.0,69.25925925925925,6,0.0023658051689861015,0.04136072454163897,0.011829025844930507
1757692800005,0.0001,8.0,68.88888888888889,6,0.03622091319189624,0.025900729663200117,-0.010209995790828374
1757721600005,0.0001,8.0,68.51851851851852,6,0.0025882217831720844,-0.008219784052555523,-0.039029618869986904
1757750400002,9.815e-05,8.0,67.4074074074074,6,-0.012515272875373351,-0.014360745316318146,-0.04237162299755637
1757779200000,0.0001,8.0,68.14814814814815,6,0.0033401943894197927,-0.015352419543901097,-0.03938762385926875
1757808000006,3.75e-06,8.0,11.481481481481481,1,-0.0036196611070845597,-0.012355738921220882,-0.03481350596772337
1757836800000,8.307e-05,8.0,60.0,5,-0.01491808287680374,-0.01197664060180137,-0.022939806944988317
1757865600001,5.553e-05,8.0,46.2962962962963,4,0.0054400027942229645,-0.019537730741691517,-0.021367073575382922
1757894400006,7.366e-05,8.0,56.666666666666664,5,-0.005482218072864642,-0.018943506014156064,-0.0036432324460462517
1757923200002,6.603e-05,8.0,53.70370370370371,5,-0.019467094562879983,-0.014421848904607626,-0.001080656253069967
1757952000001,3.563e-05,8.0,30.74074074074074,3,0.006049365673801876,-0.007258348213689425,0.0239792669513601
1757980800001,4.54e-05,8.0,37.407407407407405,3,-0.0008985183299953237,-0.0038684976375165103,0.016089232165185763
1758009600000,4.526e-05,8.0,37.407407407407405,3,-0.010784077041145035,0.005709868681879948,0.005091927113902717
1758038400000,2.037e-05,8.0,22.59259259259259,2,0.007912589839464523,0.00412645814208612,0.0011082999350693346
1758067200001,2.419e-05,8.0,25.185185185185183,2,0.008511309533066669,0.019539798314623047,-0.007640405503580139
1758096000000,5.358e-05,8.0,45.18518518518518,4,-0.012341519169656423,0.007276298953701632,-0.013603419684326767
1758124800003,4.406e-05,8.0,37.03703703703704,3,0.023649341958509984,0.025893374972116856,0.0039482489404416565
1758153600006,5.15e-05,8.0,43.7037037037037,4,-0.002924371652335389,0.0004859425323924249,-0.02411190188754908
1758182400002,4.292e-05,8.0,36.666666666666664,3,0.005131567444706553,-0.007889675670950336,-0.02145948072383963
1758211200000,1.971e-05,8.0,22.59259259259259,2,-0.0017189794919217904,-0.027090246423325914,-0.024666267747375237
1758240000000,5.745e-05,8.0,47.77777777777778,4,-0.0108700153666752,-0.026356572250618493,-0.03182536482230247
1758268800005,-9.04e-06,8.0,6.296296296296296,0,-0.015409186033704114,-0.013252560854719597,-0.07733230531996915
1758297600000,-4.324e-05,8.0,0.3703703703703704,0,-0.0009661727704779466,0.005861895443108667,-0.06851104277327369
1758326400000,-4.366e-05,8.0,0.3703703703703704,0,0.00270207950426804,0.0023550850360314346,-0.06111803856339815
1758355200000,-5.97e-06,8.0,8.518518518518519,0,0.004121455682071895,-0.0003974101361911009,-0.061750390712212555
1758384000002,4.189e-05,8.0,35.92592592592593,3,-0.004961450441042459,-0.003750527695691841,-0.07161552647365954
1758412800000,-2.372e-05,8.0,2.5925925925925926,0,-5.1368524494832535e-05,-0.007953187640286297,-0.07055801851500298
1758441600000,4.828e-05,8.0,40.74074074074074,4,0.0011547344110853786,-0.0638275537052011,-0.06801095322543904
1758470400000,3.039e-05,8.0,29.259259259259256,2,-0.009046513132503042,-0.07082605485020277,-0.07150203351337125
1758499200005,-2.051e-05,8.0,3.7037037037037033,0,-0.0572244681138413,-0.054228528725904224,-0.06560679589797158
1758528000003,-5.18e-06,8.0,8.88888888888889,0,-0.005111676157050882,0.004144731344530861,-0.042144468717544625
1758556800000,5.08e-06,8.0,13.703703703703704,1,0.006962918855584199,0.003551088616347897,-0.0394965569566762
1758585600000,-1.93e-06,8.0,9.25925925925926,0,0.0020267434762704095,-0.0077230848466351976,-0.07461038837173806
1758614400001,5.594e-05,8.0,47.40740740740741,4,-0.006521930377263896,-0.007917618722671826,-0.06438949928788995
1758643200000,-2.189e-05,8.0,2.9629629629629632,0,-0.004349584062052214,-0.004263453684585694,-0.057044627498079925
1758672000003,9.73e-06,8.0,15.185185185185185,1,0.0020605533714543878,-0.003054806396841525,-0.033290665308975065
1758700800001,7.19e-06,8.0,14.814814814814813,1,-0.002995798691914464,-0.03848522831581003,-0.04028270753095864
1758729600002,-3.616e-05,8.0,1.4814814814814816,0,-0.002115379530337691,-0.03812731219396115,-0.0351994346167438
1758758400000,-8.602e-05,8.0,0.0,0,-0.033543704410563424,-0.06477404989626034,-0.03224484976420616
1758787200001,-8.11e-05,8.0,0.3703703703703704,0,-0.002624671916010457,-0.019175309639001603,0.0006655151012107119
1758816000000,0.0001,8.0,68.14814814814815,6,-0.029849365816589257,-0.014783447737987454,0.005086965868583704
1758844800000,8.976e-05,8.0,63.70370370370371,6,0.014885300475907082,0.03752116072877931,0.06544688109538499
1758873600000,3.202e-05,8.0,30.37037037037037,3,0.0006347143023981427,0.016591431864689143,0.04317834456354519
1758902400008,4.775e-05,8.0,40.370370370370374,4,0.019742208756187596,0.016770617472855465,0.054737572769786524
1758931200000,-1.608e-05,8.0,5.9259259259259265,0,-0.005587799226648538,-0.002639924701301144,0.044732195409064035
1758960000010,4.387e-05,8.0,37.03703703703704,3,0.0022849693963935547,0.0025396872963192596,0.04381647325586924
1758988800003,0.0001,8.0,67.77777777777779,6,0.00048086745499031913,0.001911012113873456,0.02659969403873852
1759017600000,7.975e-05,8.0,58.88888888888889,5,-0.0006474103585657476,0.02963396414342645,0.03193974103585662
1759046400000,4.229e-05,8.0,35.55555555555556,3,0.0018363482334180503,0.023782827527782047,0.03235162206607867
1759075200000,8.2e-05,8.0,60.370370370370374,6,0.028412468258567358,0.03554543035289259,0.07663954914108495
1759104000000,3.512e-05,8.0,30.37037037037037,3,-0.006326465957760652,0.01734941390710043,0.05024897158652575
1759132800002,3.842e-05,8.0,32.22222222222222,3,0.013068953267116656,0.017069206324487718,0.06454179583136654
1759161600001,-3.49e-05,8.0,2.5925925925925926,0,0.010882801522775765,-0.010354393591852862,0.06611824328381499
1759190400002,9.16e-06,8.0,14.814814814814813,1,-0.006859502561324504,-0.014405668177800646,0.06414240774004698
1759219200005,-1.307e-05,8.0,7.037037037037037,0,-0.014246786398685152,-0.008447590726071819,0.0673247382108142
1759248000000,4.72e-06,8.0,13.703703703703704,1,0.006870764992140677,0.0517323900203841,0.10415477199896017
1759276800000,-1.572e-05,8.0,6.666666666666667,0,-0.000248535930332916,0.04790228435888566,0.08819164774495869
1759305600000,2.569e-05,8.0,26.296296296296294,2,0.04481516880508973,0.05676234058369789,0.085264189378361
1759334400000,-7.44e-06,8.0,10.0,0,0.003204032414551472,0.023786533361670026,0.0297741700008316
1759363200000,1.487e-05,8.0,20.37037037037037,2,0.008204403160180451,0.031150481602840507,0.033075511364814014
1759392000013,3.033e-05,8.0,29.629629629629626,2,0.014569176158116814,0.019728045092674673,0.05501955433040995
1759420800000,3.733e-05,8.0,33.7037037037037,3,0.010419933707740858,0.025451895241082045,0.022868347364217056
1759449600006,1.312e-05,8.0,18.88888888888889,1,-0.0038895041440412115,0.007082380680194289,0.006890361531866285
1759478400006,7.933e-05,8.0,59.25925925925925,5,0.019308273373231932,0.00800663483737929,0.016995046286956583
1759507200000,5.593e-05,8.0,48.148148148148145,4,-0.007685892767163249,-0.019116815448358193,0.02924071828881636
1759536000001,5.57e-05,8.0,47.77777777777778,4,-0.0029753194810260286,-0.005099280779702231,0.03871684358953886
1759564800000,7.25e-06,8.0,16.296296296296298,1,-0.008606674954575788,0.024770321871851797,0.039490627175298165
1759593600000,4.8e-05,8.0,42.592592592592595,4,0.006420192874976749,0.016920864729542018,0.011819705191562502
1759622400000,5.761e-05,8.0,50.0,4,0.027072750494268272,0.005587961920725304,-0.008313960097449447
1759651200003,0.0001,8.0,68.14814814814815,6,-0.018233420716251003,-0.017024503325606122,-0.03264943562189915
1759680000009,9.708e-05,8.0,67.03703703703704,6,-0.004846034681366573,0.031828031971471216,-0.020633162236237568
1759708800004,7.894e-05,8.0,59.25925925925925,5,0.006106998877944303,0.038914932210981856,0.0029492768727907848
1759737600002,0.0001,8.0,68.14814814814815,6,0.030559033042987682,0.02978321049476329,-0.02537071975173666
1759766400004,0.0001,8.0,67.77777777777779,6,0.0019889772165866404,-0.03700994702476812,-0.0761863821359905
1759795200000,0.0001,8.0,67.4074074074074,6,-0.0019409929598968034,-0.04997469662643039,-0.06801589521627438
1759824000003,0.0001,8.0,67.03703703703704,6,-0.036284445395687204,-0.044357643533629365,-0.07434961742201296
1759852800000,0.0001,8.0,66.66666666666666,6,-0.013606030373572775,-0.01543066178915875,-0.09262831171710462
1759881600000,1.254e-05,8.0,18.88888888888889,1,0.002631975240103168,0.017003324245414175,-0.14148608829141884
1759910400006,6.038e-05,8.0,51.85185185185185,5,-0.006038073908174679,-0.00962821948488235,-0.15769988801791712
1759939200002,1.261e-05,8.0,19.25925925925926,1,0.01911654694414655,-0.02670097610656952,-0.13862651080206578
1759968000001,3.613e-05,8.0,32.592592592592595,3,-0.02230216145464836,-0.03450456346398767,-0.17277265812933362
1759996800000,-2.26e-06,8.0,11.481481481481481,1,-0.024240204556398637,-0.02290633767631345,-0.13468890381011156
1760025600000,5.752e-05,8.0,49.25925925925926,4,0.01126735109510868,-0.0517399171920363,-0.06395026888260225
1760054400005,2.565e-05,8.0,27.77777777777778,2,-0.00960653290037139,-0.12380404962879155,-0.053354615028785246
1760083200002,2.511e-05,8.0,27.40740740740741,2,-0.053111423002309865,-0.130408544071845,-0.03481954370882823
1760112000014,-5.147e-05,8.0,1.1111111111111112,0,-0.06568225494912294,-0.06650761751038425,0.011188790697333584
1760140800000,0.0001,8.0,67.77777777777779,6,-0.0169073525253689,-0.01997308646888185,0.11023028348221309
1760169600003,-0.00013094,8.0,0.0,0,0.016469593471723387,0.016618495188613247,0.055290398232323845
1760198400000,-1.73e-06,8.0,12.962962962962962,1,-0.021548490638534812,0.0559910502144656,0.06450432459701139
1760227200004,-6.965e-05,8.0,1.1111111111111112,0,0.021895254513624396,0.10487377888251892,0.10269815178607211
1760256000002,8.39e-06,8.0,18.14814814814815,1,0.056957605463243244,0.0917802880704719,0.07846219434687196
1760284800000,-4.563e-05,8.0,2.2222222222222223,0,0.025027227722772105,0.02282178217821773,-0.01432673267326734
1760313600003,-2.591e-05,8.0,4.814814814814815,0,0.00978511453059272,0.025992844408212257,-0.03604405599649718
1760342400002,5.255e-05,8.0,48.148148148148145,4,-0.007975028028785802,-0.0492228599902258,-0.04144187740161176
1760371200003,5.202e-05,8.0,48.148148148148145,4,0.024218846217933354,-0.01790393118553768,-0.060026708589008826
1760400000000,5.602e-05,8.0,51.85185185185185,5,-0.06159625343105357,-0.02786817208560899,-0.08265183885603267
1760428800000,3.52e-06,8.0,15.925925925925927,1,0.023395075223585193,0.03456239147424167,-0.05636680261441851
1760457600000,2.693e-05,8.0,32.22222222222222,3,0.012260071650088245,-0.022209563003214305,-0.06459311933250989
1760486400006,1.42e-05,8.0,23.703703703703706,2,-0.0005647540169038123,-0.034142167734366735,-0.07114931078195397
1760515200002,4.258e-05,8.0,41.48148148148148,4,-0.03530858329129638,-0.029604497303170163,-0.05627449458693867
1760544000000,2.5e-05,8.0,30.37037037037037,3,0.001893463783110505,-0.023597982983938115,-0.02644822355931009
1760572800000,-4.99e-06,8.0,13.333333333333334,1,0.0025114922073559143,-0.0249344555676424,-0.02551595875337742
1760601600003,7.65e-06,8.0,19.62962962962963,1,-0.02720872518612749,-0.061650117836997476,-0.026641408145872902
1760630400002,6.18e-06,8.0,18.14814814814815,1,-0.0005729083706280669,-0.021611234142255964,0.020899594596677673
1760659200001,3.354e-05,8.0,37.407407407407405,3,-0.03485176816556512,-0.014919579763456259,0.02183440911626433
1760688000005,5.63e-05,8.0,55.55555555555556,5,0.014299754168874967,0.03641123845086436,0.07909476616745814
1760716800003,2.963e-05,8.0,34.81481481481482,3,0.006262636872095051,0.017952892366672746,0.039920699524722325
1760745600000,1.423e-05,8.0,25.185185185185183,2,0.014664286981661778,0.014460761290457258,0.037566145849641464
1760774400002,1.51e-05,8.0,26.296296296296294,2,-0.003764789325987117,0.000866030036080323,-0.0004934058365798633
1760803200001,6.086e-05,8.0,61.111111111111114,6,0.0032373144992996483,0.02504726995075668,0.05510657342513037
1760832000001,6.239e-05,8.0,62.59259259259259,6,0.0014064516792571258,0.022089262114254327,-0.005682373329356505
1760860800001,2.101e-05,8.0,30.37037037037037,3,0.020304568527918843,0.040283052052923374,-0.008118746293029666
1760889600001,3.514e-05,8.0,39.62962962962963,3,0.00034224426677953446,-0.0033821786364082174,-0.03359278468557558
1760918400004,2.481e-05,8.0,32.22222222222222,3,0.019232075428979645,-3.521897397074092e-05,-0.04355329259672014
1760947200001,5.413e-05,8.0,55.18518518518518,5,-0.022522077806682805,-0.04002882825959253,-0.04148258210377176
1760976000000,5.999e-05,8.0,61.85185185185185,6,-7.041031611720872e-05,0.025787778277914564,-0.025146541470418837
1761004800009,3.53e-05,8.0,40.370370370370374,4,-0.021532129640577602,-0.027137175187862073,-0.02979630137434297
1761033600000,4.7e-07,8.0,15.185185185185185,1,0.048661293846964604,-0.006930680342934981,0.014665998277612946
1761062400000,7.724e-05,8.0,68.51851851851852,6,-0.053000068640236875,-0.058871260332806985,-0.046785675763132306
1761091200004,-2.491e-05,8.0,5.555555555555555,0,-0.0010472910072611974,-0.016839405035271704,0.017191087941413663
1761120000000,2.192e-05,8.0,31.851851851851855,3,-0.006186917387826396,0.004682901068861156,0.016507938151535617
1761148800000,2.392e-05,8.0,32.592592592592595,3,-0.009551742730699253,0.009793987637695345,0.02452664563737761
1761177600000,5.29e-06,8.0,18.88888888888889,1,0.020686825758332805,0.013883263816201197,0.039111933978887015
1761206400001,4.173e-05,8.0,47.03703703703704,4,-0.0014600194154257284,0.015833614436424615,0.018019781074337216
1761235200004,5.185e-05,8.0,56.2962962962963,5,-0.005490169785241306,-0.0009747694592866507,0.049169125079941534
1761264000000,8.88e-06,8.0,21.85185185185185,2,0.023809338531493696,0.020229766990643716,0.07620855932621051
1761292800000,9.418e-05,8.0,78.88888888888889,7,-0.014849252596909057,-0.005127945274892243,0.06359766911578424
1761321600009,3.074e-05,8.0,40.0,3,0.015368889485449344,0.014837147591931998,0.0775181592437908
1761350400000,1.282e-05,8.0,25.185185185185183,2,-0.0016373436387673301,0.0045611715651379114,0.046285467303976535
1761379200001,1.546e-05,8.0,28.888888888888886,2,0.0014009026907519928,0.006991777974753033,0.047691821784801025
1761408000001,6.413e-05,8.0,70.0,6,0.004565640944769633,0.034838765471036925,0.04222772755714055
1761436800001,0.0001,8.0,81.48148148148148,8,0.0010127889930091616,0.05230042359899634,0.005696938085676839
1761465600001,2.079e-05,8.0,32.592592592592595,3,0.029093282138060506,0.061661974609775294,0.01753387513311022
1761494400000,0.0001,8.0,81.85185185185185,8,0.019104791426669543,0.02546650520849969,-0.030499382250572915
1761523200000,0.0001,8.0,81.85185185185185,8,0.011812456465518428,-0.008136880846274175,-0.05998057367902221
1761552000005,0.0001,8.0,81.48148148148148,8,-0.005455927305129449,-0.020010625954489658,-0.061890228648621703
1761580800000,7.827e-05,8.0,72.96296296296296,7,-0.014290128409953695,-0.018639922776778395,-0.09793744056758102
1761609600000,3.936e-05,8.0,47.03703703703704,4,-0.0004495474151025025,-0.034078124050786696,-0.07686774801044893
1761638400000,4.615e-05,8.0,53.333333333333336,5,-0.003965089706811753,-0.022696552730101516,-0.0695580298536489
1761667200004,1.796e-05,8.0,30.37037037037037,3,-0.03064506682025414,-0.037175782660900714,-0.05929138316461513
1761696000004,-5.159e-05,8.0,1.8518518518518516,0,0.01279459414550388,-0.01773418362080459,-0.03191347410240197
1761724800005,-1.008e-05,8.0,11.481481481481481,1,-0.019285027132775356,-0.021206569537214004,-0.039740877645228045
1761753600000,3.915e-05,8.0,47.40740740740741,4,-0.0118847952653367,-0.04586451688091886,-0.014704615587297853
1761782400004,-3.389e-05,8.0,5.185185185185185,0,0.009214286629672719,-0.02614345580602584,-0.0077994643154644105
1761811200008,-2.243e-05,8.0,6.666666666666667,0,-0.04356063492063489,-0.027580952380952373,-0.007311746031746003
1761840000001,-6.394e-05,8.0,1.4814814814814816,0,0.008914014413247129,0.023534378833663494,0.023372402402561887
1761868800000,3.219e-05,8.0,42.96296296296296,4,0.007465279605782804,0.012506185968643724,0.02687079485748578
1761897600008,7.777e-05,8.0,73.33333333333333,7,0.006714722243986504,0.008890281804173616,-0.03014965133589287
1761926400007,-1.283e-05,8.0,11.11111111111111,1,-0.002433449817231814,0.008856927159946126,-0.06863210545295118
1761955200001,6.032e-05,8.0,67.4074074074074,6,0.004605706290651046,0.006733017270748487,-0.06457871180657593
1761984000000,7.748e-05,8.0,73.33333333333333,7,0.00668618421563516,0.011159171565467974,-0.09553503710663991
1762012800000,0.0001,8.0,82.22222222222221,8,-0.0043455677780006585,-0.009544821060318509,-0.09660017176563762
1762041600007,6.688e-05,8.0,71.85185185185186,7,0.009710368058856389,0.008349004939139038,-0.14995660170699954
1762070400000,9.258e-05,8.0,79.62962962962963,7,-0.013926221744361644,-0.049717123620817705,-0.15073855054655305
1762099200001,3.269e-05,8.0,42.592592592592595,4,0.012828230409963615,-0.06848469122989098,-0.11710171250648671
1762128000000,8.937e-05,8.0,76.66666666666667,7,-0.048426044603947616,-0.0775314022045629,-0.12304280953601632
1762156800010,2.373e-05,8.0,34.074074074074076,3,-0.033230464310912255,-0.06238925422651642,-0.09016389028022387
1762185600000,5.24e-06,8.0,20.0,1,0.003578081947279932,-0.020185625202190804,-0.07781142978258193
1762214400002,7.89e-05,8.0,72.96296296296296,7,-0.032008029113878234,-0.08515364576817319,-0.07770002585552604
1762243200004,8.984e-05,8.0,77.77777777777779,7,0.010267736617477263,-0.04609711124769511,-0.03702703789441031
1762272000000,4.875e-05,8.0,55.55555555555556,5,-0.06475035151735964,-0.03360619809070575,-0.06143726482492451
1762300800000,1.174e-05,8.0,24.814814814814813,2,0.009623080785793547,0.041133953162804326,0.0457811525176135
1762329600000,6.56e-06,8.0,21.48148148148148,2,0.02345160619387676,0.017799708814246973,0.03897849867519532
1762358400004,4.337e-05,8.0,51.48148148148148,5,0.00452289218236146,-0.029676520635144588,-0.008205272887039428
1762387200001,4.919e-05,8.0,56.666666666666664,5,-0.011538641576557596,-0.029446355848897654,-0.005757618312034807
1762416000000,4.986e-05,8.0,57.407407407407405,5,-0.02067513297714807,-0.006885787734116744,0.012983782118868081
1762444800001,7.1e-07,8.0,17.40740740740741,1,0.004761169212317284,-0.0006966087269930643,0.06511171483867462
1762473600005,7.583e-05,8.0,72.22222222222221,7,0.010679954060824226,0.03561793315910222,0.07624275418019377
1762502400003,4.78e-05,8.0,55.18518518518518,5,-0.01594161402504135,0.02817594531236023,0.07620061678686252
1762531200005,8.277e-05,8.0,76.29629629629629,7,0.04127404596579387,0.022840447231474714,0.06625123885785644
1762560000011,7.722e-05,8.0,72.96296296296296,7,0.0034171714319810587,-0.010824923812212783,0.037562689377952374
1762588800015,8.414e-05,8.0,77.4074074074074,7,-0.021048173513994906,-0.00845872022695826,0.029063072000649726
1762617600001,6.487e-05,8.0,70.74074074074073,7,0.007001958651997153,0.042053236220542356,0.031990328229775766
1762646400004,1.158e-05,8.0,25.555555555555554,2,0.0058174435028248705,0.05060028248587578,0.007921374764595202
1762675200000,6.622e-05,8.0,71.85185185185186,7,0.02768422037446361,0.055263188670198415,0.002210293653299722
1762704000005,4.71e-05,8.0,55.18518518518518,5,0.01526151011320298,0.0003725093767150689,-0.027261430492878214
1762732800000,3.686e-05,8.0,46.666666666666664,4,0.008488404582285503,-0.003531712768929829,-0.04649902207320478
1762761600000,9.099e-05,8.0,82.96296296296296,8,-0.026511478425657597,-0.01724118823731502,-0.01962386891931578
1762790400003,7.806e-05,8.0,75.92592592592592,7,0.013257532689027851,-0.01002558271745313,-0.039314951677089205
1762819200007,2.962e-05,8.0,40.370370370370374,4,-0.00480272902733514,-0.03908389065936524,-0.09626778580726236
1762848000000,-2.557e-05,8.0,5.9259259259259265,0,-0.01800036649140857,-0.03361290049758259,-0.09503404141352911
1762876800009,2.827e-05,8.0,40.370370370370374,4,-0.01648419487011621,-0.01777628469620096,-0.08294355290246447
1762905600000,3.618e-05,8.0,47.40740740740741,4,0.001185796148206908,-0.0032945272295012984,-0.0883622578025971
1762934400002,-3.94e-05,8.0,4.074074074074074,0,-0.0023098864305837186,0.03075473789205363,-0.07670456202570042
1762963200000,7.04e-05,8.0,75.55555555555556,7,-0.004570845183402672,-0.012878290673083992,-0.07130751841318461
1762992000002,6.967e-05,8.0,75.55555555555556,7,0.03539610414341254,-0.05621716954212408,-0.07248847912766554
1763020800000,0.0001,8.0,88.51851851851852,8,-0.043647821847932144,-0.09283463565584771,-0.08887538681098195
1763049600001,2.321e-05,8.0,36.2962962962963,3,-0.04681198571466616,-0.05498433288260163,-0.0823241184842397
1763078400000,-3.82e-06,8.0,16.296296296296298,1,-0.004138500150462576,-0.03166542056654631,-0.040767639038403636
1763107200000,3.573e-05,8.0,48.148148148148145,4,-0.004576252706344208,-0.011629102350430798,-0.00409962461643909
1763136000001,7.962e-05,8.0,80.74074074074075,8,-0.021384782050559603,-0.0031216145980099697,-0.02748398489601933
1763164800005,4.979e-05,8.0,61.111111111111114,6,0.012855296330897437,0.012919284864152392,-0.03172231536108727
1763193600000,4.397e-05,8.0,55.18518518518518,5,0.0034891197458333245,0.016181698983837256,-0.04639236995385654
1763222400001,4.679e-05,8.0,57.03703703703704,5,-0.00563775758584617,-0.02588971352653513,-0.02440096862642871
1763251200001,0.0001,8.0,88.14814814814815,8,0.017274490356734562,-0.02278312286398354,-0.015628849567585035
1763280000000,0.0001,8.0,87.77777777777777,8,-0.03914009044496691,-0.008427262519928314,-0.043739880771449635
1763308800000,7.779e-05,8.0,78.14814814814814,7,-0.001901306381481449,0.005610306436357959,-0.03953361503226405
1763337600003,0.0001,8.0,87.4074074074074,8,0.033786819487945374,-0.021785436080431597,-0.02530213555454275
1763366400003,0.0001,8.0,87.4074074074074,8,-0.028846213973498847,-0.05235215768179746,-0.05102646998130289
1763395200000,5.992e-05,8.0,69.25925925925925,6,-0.027891822486156737,-0.0019035390418103981,-0.05131851376294039
1763424000002,9.056e-05,8.0,85.18518518518519,8,0.0014836059886136344,0.02975472589635908,-0.0611219233349084
1763452800004,0.0001,8.0,88.14814814814815,8,0.02484410571117479,0.017499752548747916,-0.10356329803028796
1763481600000,5.928e-05,8.0,68.14814814814815,6,0.004039468436828564,-0.04307051059395628,-0.13080673587794123
1763510400000,0.0001,8.0,87.77777777777777,8,-0.012441221315361295,-0.031907056004715106,-0.11452714390047025
1763539200000,6.727e-05,8.0,75.18518518518519,7,-0.03491359177954223,-0.015244693549224198,-0.10700153095645848
1763568000008,3.204e-05,8.0,43.7037037037037,4,0.011413717927218014,-0.0076002012409860376,-0.08215327855106491
1763596800000,7.097e-05,8.0,75.92592592592592,7,0.004556177972186548,-0.06150013069646321,-0.08416521356463846
1763625600000,7.838e-05,8.0,79.25925925925927,7,-0.02656750240444783,-0.10643469783006809,-0.08006482128035197
1763654400000,6.788e-05,8.0,74.44444444444444,7,-0.04025878228857205,-0.08553214815015331,-0.0409659671514323
1763683200001,3.335e-05,8.0,44.44444444444444,4,-0.04378781106696261,-0.027077914993506758,-0.01585821223820394
1763712000000,1.947e-05,8.0,32.22222222222222,3,-0.0037966751446791847,0.014836521803236469,0.04074606509639134
1763740800001,5.44e-05,8.0,64.44444444444444,6,0.022385686178789443,0.012056391366736197,0.05281882868089771
1763769600004,1.859e-05,8.0,31.851851851851855,3,-0.0038126381357863615,0.0020763323433978798,0.0646665388552683
1763798400000,7.195e-05,8.0,77.03703703703704,7,-0.005248533497993257,0.014459800592049099,0.053760238272524186
1763827200000,4.657e-05,8.0,57.407407407407405,5,0.010661992916347174,0.0349107240661628,0.056745901340051974
1763856000000,6.445e-05,8.0,73.70370370370371,7,0.009053795296072753,0.01119621373604529,0.06868022688680941
1763884800008,-2.356e-05,8.0,7.777777777777778,0,0.013696426273113405,0.010603915511890882,0.05167174338953484
1763913600003,-5.87e-06,8.0,15.555555555555555,1,-0.013761775276064259,0.004017084069563692,0.034693640028355954
1763942400004,-1e-07,8.0,18.51851851851852,1,0.010860508444876737,0.05252881414119037,0.08155930724474958
1763971200000,7.615e-05,8.0,78.51851851851852,7,0.008418808262261601,0.027526705012325348,0.07376108576771578
1764000000006,4.931e-05,8.0,61.111111111111114,6,0.03389092237545577,0.01722296770386178,0.058192062611090334
1764028800000,4.02e-05,8.0,50.74074074074074,5,-0.016629268325751956,0.002637091471144659,0.021584830961758783
1764057600009,3.624e-05,8.0,48.148148148148145,4,-0.002256784134290757,0.013523477445940513,0.034440937719648845
1764086400007,5.56e-06,8.0,21.85185185185185,2,0.02167614587973654,0.013105141566608358,0.057672982688781405
1764115200001,4.707e-05,8.0,57.77777777777777,5,-0.005735859770565566,0.022260679109572967,0.024261639029534487
1764144000001,-9.2e-06,8.0,13.703703703703704,1,-0.0026686066473801118,0.030928641118299183,0.020437787470126922
1764172800000,1.886e-05,8.0,32.22222222222222,3,0.03162622865834952,0.026391001548399462,0.024811906986896615
1764201600013,2.467e-05,8.0,37.03703703703704,3,0.0026947137321289283,-0.004136302918887558,-0.011469891946938926
1764230400000,1.646e-05,8.0,30.74074074074074,3,-0.007342415146617376,-0.00994161691460238,-0.009301711910809085
1764259200004,9.88e-06,8.0,25.925925925925924,2,-0.00016929797771914057,0.01672398454409052,0.004859847830994024
1764288000008,-1.45e-06,8.0,17.77777777777778,1,-0.003190645200917608,0.006119000109564343,-0.006729904081436144
1764316800000,2.638e-05,8.0,40.0,3,0.02279481336371747,0.00015991684324156985,-0.05475819240661528
1764345600008,-9.03e-06,8.0,14.074074074074074,1,-0.010598076282641533,-0.019504900712415396,-0.10365937273493064
1764374400000,2.574e-05,8.0,40.0,3,-0.008730452240067632,-0.012943786982248406,-0.07653014053254437
1764403200005,5.1e-06,8.0,21.48148148148148,2,0.0004497406495587164,0.0005696714894412036,-0.06572210025551939
1764432000001,-1.52e-06,8.0,17.40740740740741,1,-0.004438776189778504,0.007991795090373843,0.003892670191936398
1764460800003,7.916e-05,8.0,82.22222222222221,8,0.004578978175432846,0.0006388494021238866,0.0023112300359562354
1764489600000,4.019e-05,8.0,51.85185185185185,5,0.007917429665390552,-0.055368736474113556,0.01829865157316468
1764518400004,3.707e-05,8.0,49.629629629629626,4,-0.011701045231708451,-0.09307649616131719,0.020210896309314608
1764547200000,5.374e-05,8.0,64.44444444444444,6,-0.05314938293853422,-0.06666199448682775,0.06323127957656705
1764576000004,7.757e-05,8.0,79.25925925925927,7,-0.03253737234200005,-0.0117033048356745,0.12303447206501139
1764604800000,-2.535e-05,8.0,6.666666666666667,0,0.018040514715250255,0.09560453560963178,0.16678739784867957
1764633600004,6.949e-05,8.0,75.18518518518519,7,0.0026779074423659566,0.07139894742863673,0.12211114924775468
1764662400000,5.552e-05,8.0,64.81481481481481,6,0.07330354500165814,0.09065946801795866,0.13045292290575317
1764691200000,4.147e-05,8.0,51.48148148148148,5,-0.0037710272145232704,0.026088198844437693,0.03034430973589508
1764720000000,4.698e-05,8.0,56.666666666666664,5,0.020017075545950558,0.06252918184122414,0.006346633582796413
1764748800000,1.107e-05,8.0,25.185185185185183,2,0.009759813762481695,0.041524165756622544,-0.011070931122198813
1764777600005,5.015e-05,8.0,61.48148148148148,6,0.03190469714337518,0.03740617694106074,-0.014600454624934422
1764806400012,6.305e-05,8.0,71.48148148148148,7,0.0,-0.015153179217959112,-0.04809228094728546
1764835200000,0.0001,8.0,89.62962962962962,8,0.0062408568935099495,-0.004837605871679362,-0.047362076434800615
1764864000011,9.628e-05,8.0,88.51851851851852,8,-0.020375930931587072,-0.032848697476106414,-0.059301824719550145
1764892800000,2.405e-05,8.0,33.7037037037037,3,0.010944819866506306,-0.03771370621832881,-0.026619000998172604
1764921600000,9.771e-05,8.0,88.88888888888889,8,-0.02174413652781515,-0.045882557057459694,-0.012479298433778818
1764950400010,4.884e-05,8.0,58.14814814814815,5,-0.02666094354115167,-0.017869706377842465,-0.0015878445977783873
1764979200001,4.481e-05,8.0,52.22222222222223,5,0.0027421060833638933,0.00583567921006134,0.036018740488008794
1765008000001,4.55e-06,8.0,17.40740740740741,1,0.006272733284835796,0.0034488459757953116,0.03195555849480858
1765036800008,3.188e-05,8.0,40.370370370370374,4,-0.0031677494191911792,-0.009654406424879358,0.07553636504040195
1765065600000,3.716e-05,8.0,46.666666666666664,4,-2.636200970773661e-05,0.0057963468845048105,0.09264598786688505
1765094400004,-9.74e-06,8.0,10.37037037037037,1,-0.006867394048038822,0.031150420314832283,0.09696074974543833
1765123200000,1.448e-05,8.0,27.77777777777778,2,0.011502709151463897,0.027111398319829005,0.10334542923895218
1765152000000,2.807e-05,8.0,38.148148148148145,3,0.025630188778151153,0.022534122256950395,0.0883214405063788
1765180800000,7.24e-05,8.0,76.29629629629629,7,-0.009944130152148567,-0.0035010493564904266,0.02164836814683979
1765209600001,4.139e-05,8.0,49.629629629629626,4,0.010001228334443057,0.05799678047077528,0.02690375676392054
1765238400001,5.283e-05,8.0,62.96296296296296,6,-0.00119056763192249,0.06241518805847868,0.035473794710295214
1765267200001,6.214e-05,8.0,70.74074074074073,7,0.04876892118788523,0.06665833557631906,0.03894784737442469
1765296000007,3.873e-05,8.0,48.148148148148145,4,0.01421919683230266,0.015792657590496972,-0.06136191430596638
1765324800007,0.0001,8.0,90.0,8,0.002798546804113844,0.0013375186017507978,-0.07056916838877203
1765353600002,7.429e-05,8.0,77.4074074074074,7,-0.0012436652677935145,-0.03958099895760414,-0.07054045366746065
1765382400012,3.462e-05,8.0,42.96296296296296,4,-0.00021355117558419234,-0.04447879978223801,-0.06403527504489093
1765411200001,6.92e-05,8.0,75.18518518518519,7,-0.03817967400918165,-0.026660489407404286,-0.06372705338716367
1765440000000,1.38e-06,8.0,17.037037037037038,1,-0.006059544877527134,0.014045137043267264,-0.026098566095314357
1765468800000,2.616e-05,8.0,37.407407407407405,3,0.017603684316488843,-0.034015124823837395,-0.03136010167102876
1765497600005,-2.48e-06,8.0,14.074074074074074,1,0.002160474748098995,-0.04638684552141925,-0.04790752302651913
1765526400007,3.217e-05,8.0,42.592592592592595,4,-0.05248905899660439,-0.04575020278251529,-0.03573290073063373
1765555200002,-2.36e-06,8.0,14.444444444444443,1,0.0042705553023891785,0.012899550810494098,-0.022521320226547625
1765584000001,1.07e-06,8.0,17.77777777777778,1,0.0028295282174943814,0.00870898318488833,-0.04052091841364913
1765612800006,-1.354e-05,8.0,9.25925925925926,0,0.005746513469400805,0.006690260338391374,-0.05451107771367636
1765641600000,3.292e-05,8.0,44.44444444444444,4,0.0011605478042822082,-0.010097730341413147,-0.049141644698772025
1765670400000,8.266e-05,8.0,87.03703703703704,8,0.00018624306003767188,-0.01578891596905796,-0.05055535753850893
1765699200003,4.872e-05,8.0,61.48148148148148,6,-0.011426278192471329,0.0037820049763224173,-0.05478128260695081
1765728000005,8.259e-05,8.0,86.66666666666667,8,0.0004027072318424363,-0.02473077072967944,-0.05497603242442739
1765756800000,6.154e-05,8.0,72.96296296296296,7,0.019849659384543195,-0.03385926447941945,-0.07538563933912767
1765785600000,3.415e-05,8.0,45.55555555555556,4,-0.039547263490601,-0.06425390610004222,-0.09273548568723056
1765814400000,2.051e-05,8.0,32.96296296296296,3,-0.013656378861257812,-0.014828828948858619,-0.0129369208529575
1765843200002,-6.41e-06,8.0,12.592592592592592,1,-0.011792723710434827,-0.0017059081849812863,-0.04507989055163342
1765872000000,2.281e-05,8.0,34.44444444444444,3,0.011182791287610572,0.006594804155854783,0.008464870445773043
1765900800002,-1.87e-05,8.0,8.518518518518519,0,-0.0015406394329365858,-0.01686932607160585,0.0031488507708266056
1765929600004,3.52e-06,8.0,19.62962962962963,1,-0.003766178834277989,-0.04289654005583288,0.008002707046781188
1765958400000,3.718e-05,8.0,51.11111111111111,5,-0.013442832300836982,-0.03678947940441257,0.01307602434517996
1765987200000,8.6e-07,8.0,18.88888888888889,1,-0.024360183699745908,0.02020146381431731,0.024491004358393687
1766016000005,-1.833e-05,8.0,8.88888888888889,0,0.0018525851340649435,-0.0005762812535354822,0.051989054191650785
1766044800007,-3.186e-05,8.0,5.185185185185185,0,0.04447157799641466,0.04186016967096262,0.05139533898903226
1766073600001,5.89e-05,8.0,70.37037037037037,7,-0.04489921412015918,0.003172575969510927,0.004456472527992306
1766102400000,5.783e-05,8.0,70.0,6,0.043512252413514974,0.05339271753473018,0.06243477584114854
1766131200001,7.285e-05,8.0,79.25925925925927,7,0.00568701436826391,0.00998868693985111,0.02729360439515771
1766160000000,9.196e-05,8.0,89.62962962962962,8,0.004002225331692477,0.0033818298295598126,0.029515990356896005
1766188800005,1.997e-05,8.0,32.96296296296296,3,0.0009835845446304337,-0.0011312900735170883,0.00883211923864513
1766217600000,1.909e-05,8.0,32.22222222222222,3,-0.0023266573242770594,-0.0009018311530699652,-0.006111666141436656
1766246400002,9.03e-06,8.0,24.814814814814813,2,-0.00011761226931195079,-0.0009913034127720932,-0.01750742637471936
1766275200000,1.836e-05,8.0,31.851851851851855,3,0.0014315141454432911,0.009210751813755413,-0.003471253784607553
1766304000009,4.198e-05,8.0,54.81481481481482,5,-0.002158181622898936,0.017977015197894852,-0.015261666935180829
1766332800000,3.37e-06,8.0,18.14814814814815,1,0.010375314556391402,0.027233518590787265,-0.016528508565353706
1766361600000,-2.332e-05,8.0,6.666666666666667,0,0.009229908633227701,0.000619322873657957,-0.019971497829040286
1766390400005,5.76e-06,8.0,21.48148148148148,2,0.005786502776202296,-0.022836078762380918,-0.029990899858881925
1766419200009,-5.69e-06,8.0,12.962962962962962,1,-0.01483705789599632,-0.04153130501201441,-0.02970361944224975
1766448000000,3.812e-05,8.0,51.48148148148148,5,-0.013493547721570298,-0.013177422682470685,-0.03493015300451885
1766476800000,6.79e-05,8.0,75.92592592592592,7,-0.01437298243601981,-0.011566523532765105,-0.0015786331330809311
1766505600001,2.64e-05,8.0,39.62962962962963,3,0.014652265218313199,0.0011184152022380989,0.0009747655432350566
1766534400001,2.584e-05,8.0,38.51851851851852,3,-0.011032757818662309,-0.008224848480762659,-0.012876607047751287
1766563200001,6.186e-05,8.0,71.85185185185186,7,-0.0023313757502836374,0.002750614372045268,-0.0006782803717929609
1766592000000,5.629e-05,8.0,67.03703703703704,6,0.006838138958919826,0.013081062220565043,0.000673893634270728
1766620800000,6.527e-05,8.0,74.44444444444444,7,-0.0007134848639284153,-0.01465362008629778,0.0019807698841436405
1766649600001,6.688e-05,8.0,75.18518518518519,7,0.006084379121402028,0.006509265931555763,-0.0012814586194237476
1766678400005,4.97e-05,8.0,61.48148148148148,6,-0.0191259046035962,-0.011226882352543655,-0.003814369598562073
1766707200004,5.028e-05,8.0,62.59259259259259,6,0.019929389477310044,0.008669594420046556,0.014635322483423696
1766736000001,6.473e-05,8.0,73.70370370370371,7,-0.011644282042882592,-0.00986454403922854,0.018962483663220953
1766764800007,3.451e-05,8.0,44.81481481481481,4,0.0006116249748002733,-4.7836590208016894e-05,0.003666332949501694
1766793600000,4.038e-05,8.0,52.59259259259259,5,0.0012671197786808808,0.00725093070118521,0.0028996891970354266
1766822400000,-5.19e-06,8.0,11.481481481481481,1,-0.00215922308901928,0.002009134912215327,0.006273003571416247
1766851200011,8.133e-05,8.0,86.66666666666667,8,0.007866078476263416,0.007544874576711491,0.020413532935359413
1766880000008,5.105e-05,8.0,62.96296296296296,6,-0.0038379256215439472,-0.0012781784092952275,0.006590925272333292
1766908800000,7.91e-05,8.0,85.55555555555556,8,0.0038195744680851185,0.027434893617021228,0.01303489361702126
1766937600000,4.862e-05,8.0,58.51851851851851,5,-0.0002102607232968845,-0.005778778588675704,0.012425730486448572
1766966400016,9.172e-05,8.0,90.0,8,0.024279128504212988,-0.0029194701501150666,0.00909788372361442
1766995200001,8.496e-05,8.0,88.14814814814815,8,-0.026480979431669827,-0.018602970907379612,-0.012899120393999874
1767024000000,1.862e-05,8.0,29.259259259259256,2,0.001606587349233246,0.019640615619713087,0.01937796758172783
1767052800005,-1.536e-05,8.0,7.037037037037037,0,0.008167809501760326,0.010830263453563749,0.022811306236679263
1767081600001,3.92e-05,8.0,50.0,4,0.008476493770958937,0.005241242363557053,0.018982618122135753
1767110400003,0.0001,8.0,92.22222222222223,9,-0.005786560311831335,-0.00076015578170463,0.03332630105517653
1767139200004,5.157e-05,8.0,61.48148148148148,6,0.0025935094898870137,0.0012091816972330527,0.0530288485828323
1767168000001,1.205e-05,8.0,23.333333333333332,2,0.002455780827440135,0.0005677523390388295,0.03796213864579312
1767196800001,3.527e-05,8.0,44.074074074074076,4,-0.0038271290499872768,0.0009484041341036864,0.039196235874475516
1767225600008,0.0001,8.0,91.85185185185185,9,0.0019511932555995593,0.010630639116715024,0.051424034663957396
1767254400002,8.799e-05,8.0,87.4074074074074,8,0.0028371508961366754,0.013094542597554382,0.050333407199983915
1767283200001,-5.6e-06,8.0,10.37037037037037,1,0.005808911908771641,0.033132560374181,0.04977249823388985
1767312000006,5.053e-05,8.0,60.74074074074074,6,0.00439393636781249,0.04069384249735375,0.049758000625803156
1767340800007,3.09e-05,8.0,39.62962962962963,3,0.02267228751151662,0.023964816692848556,0.04639516925503906
1767369600000,0.0001,8.0,91.48148148148148,9,0.012738461339045326,0.004786239480480736,0.03453091936628505
1767398400001,5.187e-05,8.0,61.85185185185185,6,-0.011751572900373874,-0.00031665915001000133,0.032264048951026636
1767427200000,3.421e-05,8.0,42.96296296296296,4,0.004132204641281723,0.016535295374910053,0.04263360039379016
1767456000000,3.231e-05,8.0,41.11111111111111,4,0.008485180765633649,0.010716934885671048,0.05558744799561399
1767484800000,7.598e-05,8.0,79.62962962962963,7,0.0038343337565276414,0.005749901663250068,0.05243987067518163
1767513600000,2.12e-06,8.0,16.296296296296298,1,-0.00161516406498885,0.006036954444090359,0.037011787193373724
1767542400001,7.231e-05,8.0,78.51851851851852,7,0.005795021448276927,0.0187596676713071,0.008687748170119303
1767571200000,7.926e-05,8.0,85.55555555555556,8,0.004120839811891264,0.025596265806886453,0.006794934165132549
1767600000000,9.66e-06,8.0,22.22222222222222,2,0.010937475260849538,0.01951899175097771,-0.009195839072816181
1767628800000,5.085e-05,8.0,62.22222222222222,6,0.01033675908146936,0.025237353914969285,-0.02822248464364807
1767657600010,8.035e-05,8.0,87.03703703703704,8,-0.002807335014842427,0.01967613393404921,-0.037880431077756405
1767686400000,6.876e-05,8.0,76.66666666666667,7,0.0166077047077422,0.011054202553741233,-0.03337381467826661
1767715200000,4.25e-05,8.0,53.333333333333336,5,0.005478054175603209,-0.03287138029855863,-0.049412476398232874
1767744000001,7.658e-05,8.0,81.48148148148148,8,-0.011006575988525502,-0.037216326927518306,-0.062158893386330294
1767772800001,7.268e-05,8.0,79.25925925925927,7,-0.028222114338739113,-0.03980286000479327,-0.050274385934725
1767801600001,3.902e-05,8.0,48.51851851851852,4,0.0017706446094938322,-0.017608428268341192,-0.02179157615827032
1767830400001,7.044e-05,8.0,77.4074074074074,7,-0.01366352196295162,-0.019972919145658907,-0.026310722818933874
1767859200000,7.658e-05,8.0,81.11111111111111,8,-0.008475795085189364,-0.005359693950928612,-0.011147652057745261
1767888000000,4.9e-07,8.0,14.444444444444443,1,0.001286105228549772,0.00288164930908108,0.004976808202708183
1767916800003,6.634e-05,8.0,72.96296296296296,7,0.0012302697897912385,-0.0060547309026380836,0.004038634336121394
1767945600000,3.789e-05,8.0,47.03703703703704,4,-0.0002602710674969311,-0.006503563464368534,0.007059451052973342
1767974400001,5.562e-05,8.0,65.18518518518519,6,-0.00940455976710075,-0.006977990762347175,0.004760055336044511
1768003200000,8.959e-05,8.0,90.37037037037037,9,0.0019962796606325384,-0.0006092541821409725,0.002271740328089855
1768032000002,0.0001,8.0,93.7037037037037,9,0.0009220555692155408,0.0010061729193897584,0.009980847126421777
1768060800001,5.277e-05,8.0,62.22222222222222,6,-0.0028573552655821732,0.008555904285063143,0.030464449522750625
1768089600003,9.824e-05,8.0,93.33333333333333,9,0.002949823820961983,0.010573983850524993,0.08012823629709587
1768118400006,6.573e-05,8.0,71.48148148148148,7,0.008471152509833324,0.0121847558039192,0.07867409171856754
1768147200000,5.876e-05,8.0,65.18518518518519,6,-0.00038167571676450684,0.004307483089200037,0.0733458847980808
1768176000005,0.0001,8.0,93.33333333333333,9,0.004548443489278409,-0.006604545235842307,0.07466439992943186
1768204800000,3.472e-05,8.0,41.11111111111111,4,-0.0009093490656039149,-0.003216224063609774,0.061800638777834926
1768233600000,6.663e-05,8.0,71.85185185185186,7,-0.012298563517561645,0.01896361209225672,0.061754692998984506
1768262400007,4.704e-05,8.0,52.96296296296297,5,0.008011081835089806,0.07593252738169043,0.07180912895226288
1768291200009,9.164e-05,8.0,90.37037037037037,9,0.02122193499200775,0.06908901040115056,0.060532966874561556
1768320000002,2.672e-05,8.0,32.96296296296296,3,0.04520046925678001,0.04967032829154139,0.023967854655867926
1768348800000,0.0001,8.0,92.96296296296296,9,0.0018679464001489787,0.006159418113674375,-0.010537980575759942
1768377600001,0.0001,8.0,92.5925925925926,9,0.002672699216467622,-0.0035865705853270757,-0.01451407511723013
1768406400004,8.331e-05,8.0,86.29629629629629,8,0.0011803835200532298,-0.008328427519969317,-0.007192868690551135
1768435200000,5.358e-05,8.0,59.62962962962963,5,-0.006736569393828051,-0.010019788859140899,-0.012935884693332289
1768464000004,6.58e-06,8.0,17.40740740740741,1,-0.0020989451146902205,-0.004432442835320072,-0.0062908211746876
1768492800002,9.722e-05,8.0,91.48148148148148,9,0.0002561398222087341,-0.01629350610215463,0.002944101250565101
1768521600000,3.284e-05,8.0,36.2962962962963,3,-0.002191871683550395,-0.006641944042450665,-0.015921972986010724
1768550400000,3.558e-05,8.0,40.0,3,-0.013844866189459015,-0.005988765776409388,-0.03220699011642136
1768579200001,2.767e-05,8.0,31.48148148148148,3,0.008908140165358125,0.01772744399481696,-0.015408509295650297
1768608000000,8.371e-05,8.0,85.92592592592592,8,-0.0015357672917988285,0.0037210488137260356,-0.03302203188689956
1768636800000,8.079e-05,8.0,83.7037037037037,8,0.010417331618896464,0.004310410340121029,-0.05173100364469807
1768665600002,6.017e-05,8.0,64.07407407407408,6,-0.004713602022695218,0.0017969478975408126,-0.08713240827137825
1768694400001,3.761e-05,8.0,42.22222222222222,4,-0.0006290373309462138,-0.019285437785788617,-0.1095492705586335
1768723200000,1.351e-05,8.0,21.11111111111111,2,0.008042035297785466,-0.03055489135534173,-0.10223705995054311
1768752000000,2.477e-05,8.0,28.888888888888886,2,-0.019958203971823796,-0.034778979480312056,-0.09896831068380951
1768780800007,5.221e-05,8.0,58.88888888888889,5,-0.012186735823514372,-0.017006540502702894,-0.0796208296971509
1768809600007,-1.14e-05,8.0,5.9259259259259265,0,0.0033652270279551644,-0.025879157756723448,-0.06279051617837572
1768838400007,1.428e-05,8.0,21.48148148148148,2,-0.008216842504814803,-0.056410288320634216,-0.0831671400970091
1768867200005,8.611e-05,8.0,86.66666666666667,8,-0.021102857214560844,-0.07633041797899431,-0.07400900957424106
1768896000001,6.101e-05,8.0,64.44444444444444,6,-0.02808248810267744,-0.048919226393629,-0.05680590940409225
1768924800009,1.232e-05,8.0,20.37037037037037,2,-0.029154384368343722,-0.010603992323975797,-0.025013024182114374
1768953600001,5.52e-06,8.0,15.925925925925927,1,0.007947289770411592,0.013676810216003199,0.0038479826110582316
1768982400011,5.3e-06,8.0,15.555555555555555,1,0.011072174674843227,0.011594447065166102,-0.0038884021834355575
1769011200011,1.113e-05,8.0,19.62962962962963,1,-0.005328827657915203,-0.0179427192684275,-0.014556797504548968
1769040000010,2.119e-05,8.0,27.40740740740741,2,0.005876696586222252,-0.01101294280439713,-0.01091913008808354
1769068800003,7.681e-05,8.0,77.77777777777779,7,-0.018449742023376126,-0.019658851312866155,-0.02097787962867359
1769097600005,-2.933e-05,8.0,1.8518518518518516,0,0.0016899573099138365,0.003440997414161595,-0.008174913975064646
1769126400005,1.674e-05,8.0,23.703703703703706,2,-0.0029168642861983063,0.0013313910156513842,-0.047089911240598914
1769155200000,2.868e-05,8.0,33.33333333333333,3,-0.00023400142435636706,0.002672364092650925,-0.01572557398175467
1769184000011,5.045e-05,8.0,56.2962962962963,5,-0.0004159677506628823,6.763703262802068e-06,-0.0200509983226016
1769212800011,3.675e-05,8.0,41.11111111111111,4,0.00017931272477533788,-0.0012348895196787613,-0.00977085187077309
1769241600002,1.171e-05,8.0,20.37037037037037,2,0.00024355097318906616,-0.0057606570464032725,-0.009484957344753298
1769270400001,1.292e-05,8.0,21.85185185185185,2,-0.001657096091282395,-0.011582763495187609,-0.006019655188739925
1769299200002,4.065e-05,8.0,47.40740740740741,4,-0.004352863066041546,-0.047180293216985913,0.023156554022926157
1769328000011,6.759e-05,8.0,71.48148148148148,7,-0.005613715156690735,-0.012462447647853425,0.022107830962531105
1769356800005,4.059e-05,8.0,47.40740740740741,4,-0.037612095540812795,-0.008574175513988647,0.027860938232405985
1769385600000,-0.00013629,8.0,0.0,0,0.03237636546663292,0.04058606130238207,0.07081040511363046
1769414400003,6.54e-05,8.0,69.25925925925925,6,-0.0016984772273134219,0.008826569282712082,0.01903465858196096
1769443200000,1.326e-05,8.0,22.59259259259259,2,0.008469960425256051,0.01279629348740352,-0.026964603356269268
1769472000002,7.255e-05,8.0,76.66666666666667,7,0.00046808001776654784,0.03197635683413913,-0.03507183490783605
1769500800000,8.694e-05,8.0,88.51851851851852,8,0.003730731387340036,0.026364518421340355,-0.06469675850005463
1769529600000,9.488e-05,8.0,92.22222222222223,9,0.029033751310433065,0.022614331032417168,-0.0714951871366527
1769558400000,8.698e-05,8.0,88.14814814814815,8,-0.0063011451214913805,-0.004260301793428289,-0.1053994694468885
1769587200000,9.559e-05,8.0,92.22222222222223,9,6.324458010587009e-05,-0.015368432965738088,-0.107961826902913
1769616000000,4.501e-05,8.0,48.888888888888886,4,0.0019904140593796082,-0.060504593263214,-0.15666023166023169
1769644800000,4.731e-05,8.0,51.11111111111111,5,-0.017386509344335277,-0.062281173805300405,-0.1874348088945581
1769673600009,4.078e-05,8.0,45.55555555555556,4,-0.04731139172033738,-0.07552107104822758,-0.18372804570887635
1769702400000,-1.167e-05,8.0,4.814814814814815,0,9.565580914183691e-05,-0.03355393216231728,-0.1830958471207601
1769731200008,4.73e-06,8.0,13.703703703703704,1,-0.0317718291905672,-0.043063522413426814,-0.2024077614899794
1769760000000,-3.08e-06,8.0,8.518518518518519,0,-0.0035650754108421667,-0.02111284413388037,-0.18604141477972147
1769788800001,-5.6e-07,8.0,10.37037037037037,1,-0.008711344554767741,-0.0725664171248529,-0.1307985460307446
1769817600000,-7.003e-05,8.0,0.3703703703703704,0,-0.009147344718832051,-0.09557015614081144,-0.13333160788431608
1769846400001,1.854e-05,8.0,24.814814814814813,2,-0.05688197270411299,-0.09943341825221275,-0.13497625877008113
1769875200009,-8.908e-05,8.0,0.3703703703703704,0,-0.03252929614117517,-0.0878904009903142,-0.09149334187598124
1769904000001,-0.00016427,8.0,0.0,0,-0.013011805873503812,-0.07917456995225325,-0.09058800444764203
1769932800004,1.415e-05,8.0,23.703703703703706,2,-0.04479355204791213,-0.07485058461487482,-0.054986518445500066
1769961600000,-7.308e-05,8.0,1.1111111111111112,0,-0.016766342413295,0.027881742207727322,-0.06606788937510033
1769990400000,-0.00015302,8.0,0.3703703703703704,0,-0.017113997750479726,0.03389718368877226,-0.053582691925986414
1770019200014,-8.208e-05,8.0,1.4814814814814816,0,0.06090370642300402,0.03824613084179096,-0.061919962035913656
1770048000000,-0.00010921,8.0,1.1111111111111112,0,-0.011012193578329943,-0.030197038099658124,-0.1723598160415173
1770076800000,-0.00015482,8.0,0.3703703703703704,0,-0.009901877133105863,-0.04931740614334468,-0.21968856655290103
1770105600007,1.01e-05,8.0,21.48148148148148,2,-0.009473420952775147,-0.016156990582634756,-0.18286246507295867
1770134400000,-3.903e-05,8.0,3.7037037037037033,0,-0.030510804731719854,-0.06310990067564937,-0.14064206253562062
1770163200002,-2.474e-05,8.0,5.555555555555555,0,0.025626618239355636,-0.03629351265822778,-0.07692480581127714
1770192000007,2.076e-05,8.0,30.74074074074074,3,-0.05705958407292966,-0.08163828808099405,-0.11342230403436115
1770220800000,-6.117e-05,8.0,3.3333333333333335,0,-0.0036220611385344714,-0.08910270400794995,-0.04754187427732903
1770249600011,5.503e-05,8.0,63.33333333333333,6,-0.02263165259573674,-0.15051075143430204,-0.02655441018704241
1770278400000,-5.04e-06,8.0,12.222222222222221,1,-0.06209089387745337,-0.09290683497095309,-0.004771809032011243
1770307200007,-7.797e-05,8.0,2.5925925925925926,0,-0.07043144941073187,0.012142649333149569,0.07482607785791218
1770336000000,-0.00027709,8.0,0.0,0,0.03722697575243994,0.1238675815313961,0.1420956234110604
1770364800001,-8.43e-05,8.0,2.5925925925925926,0,0.04641590678824725,0.06744976359338062,0.08920656028368801
1770393600000,1.852e-05,8.0,29.259259259259256,2,0.04067818920040911,0.03838988285086531,0.042941182426617264
1770422400003,0.0001,8.0,94.07407407407408,9,-0.014925663863336602,0.0162940526220956,0.026379223865478973
1770451200000,-1.83e-06,8.0,15.185185185185185,1,0.014441933042846022,0.029467478448382378,-0.007344613208433715
1770480000010,1.636e-05,8.0,28.14814814814815,2,0.015809276268076378,0.024979435285642726,-0.018291644154996956
1770508800003,2.665e-05,8.0,37.407407407407405,3,-0.0033493533687594113,0.0022616520601639323,-0.03277478832949199
1770537600000,-3.046e-05,8.0,5.9259259259259265,0,0.012159675613869325,-0.007043099348056803,-0.06341671991429121
1770566400000,-5.398e-05,8.0,4.814814814814815,0,-0.008463152298768928,-0.02216652901584426,-0.08449861874519415
1770595200002,-4.033e-05,8.0,5.185185185185185,0,-0.01319507192748448,0.007644536236248944,-0.06944623725313026
1770624000001,-4.865e-05,8.0,5.185185185185185,0,-0.002461132993231807,-0.027232339675111072,-0.04491567712648192
1770652800007,-3.34e-06,8.0,15.185185185185185,1,0.023637573396923628,-0.020446719539973124,-0.05542955109494374
1770681600000,4.269e-05,8.0,54.81481481481482,5,-0.047202191343812094,-0.041457984210551135,-0.07694389191396023
1770710400007,-0.0001521,8.0,1.4814814814814816,0,0.0044972807139869175,-0.02864713030659216,-0.03685479211905096
1770739200000,-0.00019437,8.0,0.3703703703703704,0,-0.0015181410437096199,-0.04621181776373373,0.004895633984600911
1770768000000,-8.436e-05,8.0,3.3333333333333335,0,-0.03450478916766553,-0.03867488138514419,0.013986152520379935
1770796800006,-0.00012968,8.0,2.5925925925925926,0,-0.010321171476035174,0.01077749748764334,0.056040936032322186
1770825600000,-0.00012326,8.0,2.9629629629629632,0,0.00637196955556929,0.009762749123789272,0.08069951678798803
1770854400000,-2.549e-05,8.0,9.25925925925926,0,0.015151593209860703,0.0017207181680019001,0.07414028489734936
1770883200001,2.239e-05,8.0,36.666666666666664,3,-0.013442360174091283,-0.01902220779352537,0.06111454919903814
1770912000001,-4.103e-05,8.0,7.4074074074074066,0,0.0017533215416889458,0.04744251573361846,0.032809222162806906
1770940800007,-0.00010652,8.0,3.7037037037037033,0,-0.007396229514086583,0.05037751053487938,0.008879581581797247
1770969600003,-2.874e-05,8.0,10.0,0,0.053400417812894174,0.06504023000392989,0.019551368233809763
1770998400005,4.26e-05,8.0,56.666666666666664,5,0.004560292565594093,0.023253074147706387,-0.038799302947745695
1771027200002,-2.68e-06,8.0,18.51851851851852,1,0.006459998827231583,0.017728347764898844,-0.024911553722562152
1771056000004,1.442e-05,8.0,32.22222222222222,3,0.012069953293261992,0.015633648272044942,-0.03442315722012368
1771084800002,-1.921e-05,8.0,12.222222222222221,1,-0.0008635081457603055,-0.03637767927388558,-0.048898547387408176
1771113600000,-6.367e-05,8.0,6.666666666666667,0,0.003319008518149147,-0.05808264906760807,-0.044859373800936186
1771142400002,6.204e-05,8.0,73.33333333333333,7,-0.03975887487690388,-0.057446483034237494,-0.03518877936381981
1771171200000,-7.55e-05,8.0,5.9259259259259265,0,-0.022619705271959,-0.026113441927825942,-0.013676336652880816
1771200000001,-5.314e-05,8.0,8.148148148148149,0,0.0031033938919102777,0.015196455008419818,-0.006893604464817127
1771228800003,-5.925e-05,8.0,7.777777777777778,0,-0.006887492455710631,0.008657547586080838,0.0047218376113891125
1771257600000,-3.499e-05,8.0,10.37037037037037,1,0.02058931747102477,0.006009689090574533,-0.017482267328958856
1771286400008,5.298e-05,8.0,68.88888888888889,6,-0.003357621801489352,-0.0014332534854119006,-0.023533420865364363
1771315200001,8.43e-06,8.0,29.259259259259256,2,-0.0031024356885698268,0.014828335244071678,-0.014360707174319698
1771344000002,-4.733e-05,8.0,9.25925925925926,0,0.005048951119495104,-0.0010239131640934485,-0.009719609198069135
1771372800000,1.121e-05,8.0,32.22222222222222,3,0.012985643482321674,-0.01917215267420902,-0.012227394384939583
1771401600000,-3.783e-05,8.0,10.74074074074074,1,-0.017578037862677198,-0.01853476693980527,-0.027527028835715228
1771430400011,-8.66e-06,8.0,18.51851851851852,1,-0.014399967685907011,-0.03006725370602248,-0.00013632507977545671
1771459200013,-0.00010561,8.0,4.074074074074074,0,0.014835761562263183,-0.0018134874285362645,0.010143234769779186
1771488000000,-3.009e-05,8.0,12.592592592592592,1,-0.028925703318349427,-0.010237890802565763,-0.0024950755088640753
1771516800003,-7.865e-05,8.0,5.9259259259259265,0,0.014310180582089549,0.022024872332783163,0.01642885773629499
1771545600000,-4.637e-05,8.0,10.37037037037037,1,0.006543769807231037,0.01037038558932446,0.005110715037829561
1771574400000,-3.19e-05,8.0,12.592592592592592,1,0.0006582875338712046,0.0010869398815080977,-0.03886958252323147
1771603200000,-7.16e-05,8.0,7.4074074074074066,0,0.0031413826163229075,0.013294780001223971,-0.03354547865287716
1771632000004,3.05e-05,8.0,49.629629629629626,4,-0.0026337867039532004,0.0025880259311046316,-0.05575695945087078
1771660800000,4.592e-05,8.0,64.07407407407408,6,0.012860900415953003,0.006728651822852871,-0.07040616589185211
1771689600005,6.628e-05,8.0,79.25925925925927,7,-0.004267051795444177,-0.013997949795232056,-0.06624787278630906
1771718400001,3.845e-05,8.0,57.03703703703704,5,0.0013997078870495727,-0.008246105160662154,-0.06173928919182081
1771747200004,1.584e-05,8.0,38.148148148148145,3,-0.011156689962524058,-0.046809480401093784,-0.0418920287653195
1771776000000,-4.379e-05,8.0,11.11111111111111,1,0.002248457066762244,-0.02935286434991935,0.0332505313836462
1771804800001,-3.343e-05,8.0,13.333333333333334,1,-0.03753873531126306,-0.05036357500076705,0.04829257816095489
1771833600000,-0.00036526,8.0,0.0,0,0.006201352829367179,-0.03176069574081741,0.09065231011011643
1771862400000,1.654e-05,8.0,40.370370370370374,4,-0.019191194318097904,-0.025227687664235998,0.07466466857329812
1771891200007,2.61e-05,8.0,47.03703703703704,4,-0.021264451372846827,-0.0037639532817472787,0.09060411719410477
1771920000000,-4.446e-05,8.0,11.481481481481481,1,0.0129905025114605,0.037787063236164986,0.11370116909039063
1771948800001,-2.974e-05,8.0,15.925925925925927,1,0.000540803634200504,0.09133091774376734,0.05242550429938886
1771977600001,-2.455e-05,8.0,18.14814814814815,1,0.022582563104697195,0.10805902383654953,0.04239770823198752
1772006400007,4.558e-05,8.0,64.44444444444444,6,0.066653276106307,0.08566610990126211,-0.01775482588747712
1772035200000,5.753e-05,8.0,74.07407407407408,7,0.018504290239271803,0.009552040528014283,-0.060405379280944915
1772064000000,7.787e-05,8.0,87.03703703703704,8,-0.00024334452718155486,-0.014323258869907929,-0.04358300481822153
1772092800006,-2.591e-05,8.0,17.037037037037038,1,-0.011032400983470803,-0.010243676817838665,-0.02304827284013722
1772121600002,3.926e-05,8.0,58.51851851851851,5,-0.002924250107074866,-0.04196840431449966,-0.02093251086747827
1772150400007,1.39e-05,8.0,37.407407407407405,3,0.0037326881773520615,-0.04779914582664724,-0.04324684622410935
1772179200000,3.34e-06,8.0,29.259259259259256,2,-0.041994298347111436,-0.08297923672691643,-0.046120364945174575
1772208000001,-0.00011015,8.0,3.7037037037037033,0,-0.008992620912211424,-0.026792871677868813,0.05342130685905744
1772236800000,-8.821e-05,8.0,5.555555555555555,0,-0.03399377593360997,0.019268672199170167,0.05121887966804972
1772265600000,-9.456e-05,8.0,5.185185185185185,0,0.017745347551088253,0.0772795120432117,0.0712230061316752
1772294400004,-7.186e-05,8.0,8.88888888888889,0,0.03701356988225357,0.05009240192195996,0.03830191667986682
1772323200005,-3.406e-05,8.0,15.555555555555555,1,0.021695519348268855,-0.013360488798370707,0.008721995926680215
1772352000000,4.986e-05,8.0,67.4074074074074,6,-0.008223725197992415,-0.034425012086384044,0.004759792463080448
1772380800002,5.291e-05,8.0,71.85185185185186,7,-0.025649019243049742,0.030787873912015984,0.07947625919538215
1772409600001,-7.621e-05,8.0,8.148148148148149,0,-0.0017700850466518814,0.046414416646024304,0.09815457022541496
1772438400007,-4.31e-05,8.0,14.074074074074074,1,0.05979848319573189,0.03188184022374685,0.08666566718191815
1772467200000,-6.736e-05,8.0,10.37037037037037,1,-0.010047281323877,-0.03940761580993679,0.016865951585487426
1772496000000,4.93e-05,8.0,67.4074074074074,6,-0.015611200197360398,-0.02330825212779075,0.02206981620821513
1772524800000,-2.809e-05,8.0,20.0,1,-0.01426988988075839,0.010440527088731999,0.042649277483447046
1772553600007,-9.532e-05,8.0,5.185185185185185,0,0.007470352515205114,0.09173430158052098,0.005329427798458131
1772582400001,-3.92e-06,8.0,27.77777777777778,2,0.012290965257201636,0.07411426811970934,-0.002074573601934304
1772611200005,-7.107e-05,8.0,10.37037037037037,1,0.07048187964975972,0.04811316991443437,-0.012216526716795961
1772640000000,6.615e-05,8.0,80.37037037037037,8,-0.01208723262808975,-0.03216133666197141,-0.08028246932864735
1772668800000,-1.331e-05,8.0,24.814814814814813,2,-0.010108092591634033,-0.025199644240316732,-0.07314249681180984
1772697600000,-8.37e-06,8.0,26.666666666666668,2,-0.01031589455919768,-0.011100282855173615,-0.07061871598012892
1772726400004,-1.463e-05,8.0,24.444444444444443,2,-0.0034242293079402852,-0.04923772423411732,-0.06603664694849232
1772755200001,4.376e-05,8.0,65.55555555555556,6,0.003715893406943449,-0.04592265150710839,-0.06496057292320156
1772784000001,-2.383e-05,8.0,22.59259259259259,2,-0.04950285593399617,-0.0475508202396292,-0.046084389484008725
1772812800004,-9.858e-05,8.0,5.185185185185185,0,5.0583736316944794e-05,0.0005108957368027411,0.02242882868300189
1772841600001,-4.995e-05,8.0,13.703703703703704,1,0.002003014638192857,-0.0036013798545284637,0.007349445124480214
1772870400012,-9.16e-06,8.0,27.77777777777778,2,-0.0015396419953760399,-0.014129370311663947,0.03662833547032274
1772899200001,-2.26e-05,8.0,24.074074074074073,2,-0.0040597998918060485,-0.018170511595455907,0.04935462832355042
1772928000001,-4.775e-05,8.0,14.444444444444443,1,-0.008584192090969167,-0.01641200060916803,0.032311284836793686
1772956800000,-8.766e-05,8.0,7.037037037037037,0,-0.007176470588235229,0.014368286445012757,0.029043478260869504
1772985600002,-7.522e-05,8.0,10.0,0,-0.002276015839422496,0.04081895375362388,0.056879798557150085
1773014400000,-0.00022545,8.0,0.7407407407407408,0,0.023556736948050272,0.02810395106970498,0.05920668920488259
1773043200004,2.557e-05,8.0,51.85185185185185,5,0.01876483722524358,0.035034752498702026,0.028487472467654262
1773072000003,5.482e-05,8.0,75.18518518518519,7,-0.01469875226343964,0.026859483688392416,0.024217567260025996
1773100800012,4.253e-05,8.0,65.55555555555556,6,0.031126509502648725,0.021089101453641623,0.03955210765484174
1773129600002,5.082e-05,8.0,71.85185185185186,7,0.01071807707665795,-0.020014219348052587,0.021514068389220542
1773158400001,2.672e-05,8.0,54.074074074074076,5,-0.020235600202356152,-0.011129580111295945,0.026672448266724214
1773187200000,-3.94e-06,8.0,32.22222222222222,3,-0.010627572674204222,0.009230890286664017,0.027254978139953367
1773216000007,-7.4e-07,8.0,35.18518518518518,3,0.01988133807715986,0.013968118304148236,0.03146926119536486
1773244800010,2.992e-05,8.0,55.925925925925924,5,-0.0007016005262001634,0.008653073156471569,0.009778557333918192
1773273600000,9.02e-06,8.0,40.74074074074074,4,-0.005594105722750542,0.009662989240605047,0.021163067207235375
1773302400000,-6.811e-05,8.0,12.592592592592592,1,0.014137444381284725,0.028475802183585808,0.03259207715075374
1773331200000,-1.513e-05,8.0,27.77777777777778,2,0.001188675689649088,0.028296279831652615,0.011244098901682875
1773360000006,2.264e-05,8.0,51.85185185185185,5,0.013234669036670477,0.008626685729742123,0.054614745546581966
1773388800001,-6.3e-07,8.0,35.55555555555556,3,0.015821940011059743,-0.01046374158610297,0.07440459165188895
1773417600000,2.099e-05,8.0,50.74074074074074,5,-0.018457865973713572,-0.02581657730641096,0.0677133015990865
1773446400001,2.679e-05,8.0,55.55555555555556,5,-0.0059429742646706085,0.0023609075845953953,0.12172801195299265
1773475200000,-2.367e-05,8.0,25.555555555555554,2,-0.0009589714428904772,0.015444741077710544,0.1225218539472035
1773504000007,-4.1e-05,8.0,18.51851851851852,1,0.009934765406365287,0.009490861366838521,0.1172630420936831
1773532800000,-4.662e-05,8.0,16.666666666666664,1,0.005535433935073053,0.04192136820656711,0.10574110393731573
1773561600000,1.371e-05,8.0,45.925925925925924,4,-0.006828999757971466,0.06936251595726994,0.09927913477189998
1773590400000,3.459e-05,8.0,60.74074074074074,6,0.04331039755351673,0.08571769877675828,0.04382167431192663
1773619200000,7.611e-05,8.0,88.14814814814815,8,0.032018283076246545,0.07246363536437905,0.008289671344300586
1773648000010,0.0001,8.0,97.03703703703704,9,0.008079687638654631,0.035473422663945264,-0.03807347590735666
1773676800000,7.073e-05,8.0,85.55555555555556,8,0.030574027700148276,0.019338171543753058,-0.0685241991206722
1773705600000,5.155e-05,8.0,73.33333333333333,7,-0.0052398725690322445,-0.010454122289316081,-0.0870322762484732
1773734400002,1.964e-05,8.0,50.0,4,-0.007798607391537149,-0.006311730048205733,-0.07988430637386179
1773763200011,-1.057e-05,8.0,30.37037037037037,3,0.001913152382803096,-0.05507978665975688,-0.07741141413487074
1773792000002,1.504e-05,8.0,46.666666666666664,4,-0.000413796670660993,-0.05122026914025113,-0.07507392305106086
1773820800002,1.301e-05,8.0,43.7037037037037,4,-0.05649369130063553,-0.0651266483255859,-0.07116799337651247
1773849600005,-1.399e-05,8.0,28.51851851851852,2,0.006005457013450455,-0.03239016275062745,-0.01554380464440297
1773878400000,-3.8e-06,8.0,33.7037037037037,3,-0.015452819390063266,-0.028925206900624056,-0.05661945728898865
1773907200003,-8.71e-06,8.0,30.74074074074074,3,-0.02345490523480276,-0.009534176818158602,-0.036434669901613814
1773936000003,6.6e-07,8.0,37.407407407407405,3,0.010226059684291133,0.009049944736767568,-0.01766534097886774
1773964800002,-6.348e-05,8.0,13.703703703703704,1,0.0039882363392387266,0.0032822296719172694,-0.04011614043454481
1773993600000,-5.947e-05,8.0,14.444444444444443,1,-0.006166949803355748,0.002508668636987732,-0.04809755416443651
1774022400000,-7.2e-07,8.0,37.03703703703704,3,0.004903292277431692,0.007582072776658899,-0.002552334566571557
1774051200000,2.359e-05,8.0,54.074074074074076,5,0.0038074910172105625,-0.032100364903973944,0.0037562273682640868
1774080000000,1.136e-05,8.0,44.074074074074076,4,-0.0011374504396595153,-0.027623796391728628,0.00521834405786592
1774108800014,2.063e-05,8.0,52.22222222222223,5,-0.04712627669452196,-0.03447539461467053,-0.0101996285979572
1774137600012,-1.052e-05,8.0,31.11111111111111,3,0.017788150003166914,0.00024360654619504096,0.049554443627009226
1774166400007,1.14e-05,8.0,44.074074074074076,4,-0.004432742939205481,-0.020962182862613643,0.03669698420296785
1774195200002,-7.418e-05,8.0,10.74074074074074,1,-0.012862184696163959,0.025128141017627392,0.03898083414272957
1774224000000,-5.929e-05,8.0,15.185185185185185,1,-0.004473325545171325,0.04839855919003111,0.05516939252336428
1774252800003,-3.16e-06,8.0,35.92592592592593,3,0.042435740095149166,0.056321844700544244,0.03770272979302858
1774281600002,6.11e-05,8.0,80.74074074074075,8,0.008742964352720373,1.407129455910372e-05,-0.02977016885553463
1774310400000,2.88e-05,8.0,58.88888888888889,5,0.005269682379760665,0.00018571567858183258,-0.044613548887331045
1774339200000,2.122e-05,8.0,54.074074074074076,5,-0.014723949048115914,-0.00016164937788076816,-0.04681365983428609
1774368000003,-2.682e-05,8.0,25.555555555555554,2,0.01039854035824983,0.013498871967092319,-0.06869509340862945
1774396800000,3.54e-05,8.0,63.33333333333333,6,0.00492055165882932,0.006271382350073962,-0.07586005208357516
1774425600000,-4.168e-05,8.0,20.0,1,-0.002138736067035296,-0.019470351020634435,-0.07384875486758768
1774454400013,5.27e-06,8.0,41.48148148148148,4,0.003443153261971199,-0.04270620739444919,-0.06272647757091088
1774483200001,4.453e-05,8.0,70.74074074074073,7,-0.021182981667243084,-0.05062608094085086,-0.08014297244321456
1774512000001,7.15e-06,8.0,42.96296296296296,4,-0.025344905575031107,-0.026998756078254083,-0.055312111274454456
1774540800000,-8.212e-05,8.0,8.518518518518519,0,-0.005052727263936241,-0.039087317896324913,-0.036950183493779654
1774569600006,-2.08e-06,8.0,38.148148148148145,3,0.0031771015506587563,-0.03317982200458591,-0.03671155415646499
1774598400000,-5.164e-05,8.0,17.037037037037038,1,-0.037052649940401916,-0.02851992906358114,-0.0020399065810002837
1774627200000,-0.00018104,8.0,1.4814814814814816,0,0.001741011900269207,0.019367499433919466,0.04240320024152755
1774656000005,-4.999e-05,8.0,17.77777777777778,1,0.007426463937935335,0.0021606085881678005,0.016335205860776414
1774684800005,-8.079e-05,8.0,9.62962962962963,0,0.010129877902800954,-1.4962892027736707e-05,0.023147593966961866
1774713600000,4.5e-07,8.0,41.48148148148148,4,-0.01597362081901821,-0.01681771512064123,0.015376337716700217
1774742400003,-1.122e-05,8.0,33.7037037037037,3,0.005239460912117577,-0.0058010107897797925,0.05399903734306677
1774771200001,-3.677e-05,8.0,24.074074074074073,2,-0.006484016898345546,0.026699186505264594,0.06271041881761441
1774800000000,-3.76e-05,8.0,24.074074074074073,2,-0.0033437595706331535,0.04008997022748595,0.07098711196573904
1774828800000,-2.586e-05,8.0,29.259259259259256,2,0.03752940643087799,0.02003415427860422,0.07693780193540922
1774857600005,1.177e-05,8.0,50.0,4,0.0054166707150005156,-0.00344432245465065,-0.0037212284912020444
1774886400000,4.113e-05,8.0,71.48148148148148,7,-0.022562052886146988,-0.007062105984688372,-0.007095895965476218
1774915200000,2.57e-06,8.0,44.074074074074076,4,0.013818102801153698,0.03868377385326527,0.015255225000987638
1774944000000,1.748e-05,8.0,56.666666666666664,5,0.0020118274017710824,0.03847315452588096,0.00635698488937364
1774972800000,-9.62e-06,8.0,35.55555555555556,3,0.02246972518096846,0.03702983485578448,-0.0033398315013684066
1775001600000,-2.57e-06,8.0,40.74074074074074,4,0.013612525615606774,0.016465307791423633,-0.0242438938574846
1775030400000,4.782e-05,8.0,76.66666666666667,7,0.0006191834283997277,-0.03757317622335654,-0.036991519063344414
1775059200000,4.428e-05,8.0,74.44444444444444,7,0.002193928256670974,-0.03574040390781741,-0.03653265577828191
1775088000003,-8.956e-05,8.0,7.037037037037037,0,-0.04115801629863047,-0.03822183156211578,-0.034719916963947495
1775116800001,-0.00013372,8.0,3.7037037037037033,0,0.0036522332748194497,0.007114296859761948,-0.007733567388336304
1775145600001,-7.283e-05,8.0,13.333333333333334,1,-0.0005878666271517119,-0.0036923854267376655,-0.0018219007039824708
1775174400000,-2.988e-05,8.0,28.14814814814815,2,0.0049324583975833836,-0.0017268468748936616,0.029254245367915654
1775203200008,6.37e-06,8.0,48.148148148148145,4,-0.0071172998804098775,-0.006332944383385164,0.03480698560562434
1775232000008,-9.58e-06,8.0,37.407407407407405,3,0.0006290565614499588,0.00220901257625461,0.05516192110948026
1775260800000,-3e-07,8.0,44.81481481481481,4,0.00037033066630298705,0.005647542661118221,0.026892828254280854
1775289600003,4.915e-05,8.0,78.51851851851852,7,0.0014179144476222927,-0.008463633661581316,0.02597560797345433
1775318400000,7.35e-06,8.0,49.629629629629626,4,0.004174715238683735,-0.00040384774453461336,0.011804031665555659
1775347200008,2.442e-05,8.0,63.70370370370371,6,-0.014351656761456444,0.029797972459156163,0.0880086410245231
1775376000000,6.23e-06,8.0,48.51851851851852,4,0.009592703255228763,0.04939849032866794,0.10762305393929861
1775404800001,-4.34e-05,8.0,22.59259259259259,2,0.03482531369552322,0.053184654472534065,0.07747232957255634
1775433600004,2.356e-05,8.0,63.70370370370371,6,0.005263182649840825,-0.00833454839635206,0.029678894120192423
1775462400001,6.201e-05,8.0,86.66666666666667,8,0.012412973499026592,-0.014813220541997407,0.019005464889953583
1775491200003,2.033e-05,8.0,61.111111111111114,6,-0.02562147323471098,-0.038496910542053064,0.026582740628798174
1775520000000,-3.933e-05,8.0,24.814814814814813,2,-0.0019265354155100223,0.0645626622251958,0.038383608315420537
1775548800000,-2.975e-05,8.0,29.259259259259256,2,-0.011343808686143597,0.0715667863170657,0.03541017900016641
1775577600000,1.031e-05,8.0,52.59259259259259,5,0.0788558733150917,0.06507845673698864,0.06940644100236137
1775606400000,0.0001,8.0,97.77777777777777,9,0.004640133364832266,-0.02471617628049394,-2.2286903769486166e-05
1775635200000,5.834e-05,8.0,85.92592592592592,8,-0.017330115179157723,-0.03321383569666536,-0.010089268284025898
1775664000006,6.711e-05,8.0,90.74074074074075,9,-0.011076428258444015,0.003442185290756239,0.01498841311644239
1775692800000,3.32e-05,8.0,70.74074074074073,7,-0.00411330792223108,0.00012796957980287793,0.04340910960594502
1775721600010,-1.493e-05,8.0,35.18518518518518,3,0.01994122778823626,0.00013315579227701768,0.017640846687175804
1775750400001,1.917e-05,8.0,61.85185185185185,6,-0.014464307419428946,-0.0005807331643654656,-0.01655314608815439
1775779200000,1.25e-05,8.0,55.55555555555556,5,-0.004784535941141588,0.025188502490517628,-0.000776858748800513
1775808000005,2.83e-06,8.0,47.77777777777778,4,0.01921319995041748,0.024322947034005393,0.002979538056826936
1775836800000,-4.48e-06,8.0,41.11111111111111,4,0.008813662976320025,0.010963117518504095,-0.0067046793355578505
1775865600000,-6.627e-05,8.0,15.925925925925927,1,-0.005473785559547584,0.017642706225316607,0.05787146410391264
1775894400000,-7.635e-05,8.0,11.481481481481481,1,0.007646315336554466,-0.006400315533762857,0.06516399688051866
1775923200003,-3.26e-05,8.0,28.51851851851852,2,0.016128960474255605,-0.027740565848795362,0.05253038644526442
1775952000000,8.271e-05,8.0,94.44444444444444,9,-0.028970652650021855,-0.042225142356548395,0.017770477441962473
1775980800000,-3.576e-05,8.0,27.40740740740741,2,-0.014867876185234996,-0.01433559178297239,0.04344884205588073
1776009600000,-5.477e-05,8.0,18.88888888888889,1,0.00123632034433796,0.011451989559961406,0.06666514034525384
1776038400011,-9.86e-06,8.0,40.370370370370374,4,-0.0012891428571428776,0.08504228571428585,0.07822171428571445
1776067200006,3.028e-05,8.0,74.07407407407408,7,0.010367651097643593,0.08788014720691373,0.07131936942710149
1776096000000,3.014e-05,8.0,74.07407407407408,7,0.07439868532443605,0.06979913169843965,0.058938571512646476
1776124800005,0.0001,8.0,98.14814814814815,9,0.0013229240835379574,-0.019797516778806368,-0.01112267382337706
1776153600003,0.0001,8.0,98.14814814814815,9,-0.004943892084302792,-0.02654554481690774,-0.018635317482023184
1776182400001,3.49e-05,8.0,75.92592592592592,7,-0.0162288787781405,-0.01353534157603653,0.03318082641273268
1776211200000,1.802e-05,8.0,64.44444444444444,6,-0.004471567458695147,0.01495543495569307,0.04136737864579065
1776240000000,1.648e-05,8.0,63.33333333333333,6,0.007050899627352836,0.011054046810019091,0.038297927528337716
1776268800000,2.61e-06,8.0,50.37037037037037,5,0.012376099489588066,0.004125366496529281,0.011809451854268627
1776297600013,-1.717e-05,8.0,36.666666666666664,3,-0.007682490958658028,-0.004867273521268922,-0.003769169129275385
1776326400000,-5.141e-05,8.0,20.37037037037037,2,0.0001496525921966807,-0.002552645644040563,-0.01092036344200964
1776355200000,-3.792e-05,8.0,27.037037037037038,2,0.0034500448890599777,0.043439784532512515,-0.005827027489205272
1776384000001,8.61e-06,8.0,55.925925925925924,5,-0.006284270577258222,0.03156621064874954,-0.035758564715205554
1776412800011,8.22e-06,8.0,55.55555555555556,5,0.04759516030835442,0.02951920356031179,-0.016682530290947573
1776441600001,1.819e-05,8.0,67.03703703703704,6,-0.009073459414993157,-0.03517653751550098,-0.0547231510319679
1776470400001,-2.327e-05,8.0,36.666666666666664,3,-0.008256168377925088,-0.029530567234699823,-0.04410586398592442
1776499200006,-1.075e-05,8.0,41.11111111111111,4,-0.018236487133677315,-0.036356367361727204,-0.034657238165440085
1776528000000,-0.00015064,8.0,3.3333333333333335,0,-0.0034705133644462594,-0.013377174374204603,-0.018905388205345708
1776556800002,-0.00010377,8.0,6.666666666666667,0,-0.015231602063224492,-0.03682140850824778,-0.009877772670786156
1776585600010,-0.00011438,8.0,5.185185185185185,0,0.004792711966222107,-0.008842099804229231,0.033916324175752965
1776614400001,-0.00022976,8.0,0.7407407407407408,0,-0.026589018589087465,-0.006597792707159544,0.034898624527961
1776643200000,-9.27e-06,8.0,44.44444444444444,4,0.014093651452648848,0.02171243827678504,0.04906498714743801
1776672000000,-1.408e-05,8.0,40.74074074074074,4,0.005605278630691712,0.00900241719474737,0.020400252607739144
1776700800001,8.1e-06,8.0,58.14814814814815,5,0.0020565619479755437,0.0015499982681586033,0.009810882892868467
1776729600000,-4.382e-05,8.0,25.185185185185183,2,0.0014784074698481753,0.005697488436432696,0.007331517745212457
1776758400004,-3.72e-05,8.0,30.0,2,-0.002049171487612189,0.03209649656386282,-0.003981863753823367
1776787200004,-3.676e-05,8.0,30.74074074074074,3,0.0057278472804613845,0.040159774517347646,0.0023646282735185764
1776816000004,-2.128e-05,8.0,40.0,3,0.028325689552161748,0.021001414135335628,-0.005420135739799159
1776844800000,0.0001,8.0,98.14814814814815,9,0.005932111212443081,-0.019867134095834182,-0.031446882922380626
1776873600000,7.797e-05,8.0,95.92592592592592,9,-0.012197657783544535,-0.03042136607113155,-0.04042319592773724
1776902400000,0.0001,8.0,97.77777777777777,9,-0.013615523549298403,-0.018932903339886953,-0.0245660420254038
1776931200000,-1.984e-05,8.0,40.0,3,-0.004899931281451497,-0.014123582413173352,-0.005215780510395174
1776960000004,-6.025e-05,8.0,19.25925925925926,1,-0.0013162746426336192,-0.005835341331023813,0.005809616093708447
1776988800006,-3.645e-05,8.0,31.48148148148148,3,-0.008796747478823752,-0.006598633906760409,0.017846793201303557
1777017600000,-6.98e-05,8.0,17.037037037037038,1,0.004757987704563149,0.002342194129361763,0.0027448263918952165
1777046400000,-0.00012145,8.0,5.555555555555555,0,-0.003253202573261782,-0.005786822590583274,-0.021544387902395323
1777075200000,-4.387e-05,8.0,26.296296296296294,2,0.0008516193736924915,0.0015735505178884335,-0.005723573861769582
1777104000002,-2.141e-05,8.0,41.48148148148148,4,-0.0031915766561432246,0.007138939394593757,-0.01327160360531554
1777132800002,-4.431e-05,8.0,26.296296296296294,2,0.0038906796991438064,0.01638158122768707,-0.01233926033759658
1777161600003,-1.131e-05,8.0,46.2962962962963,4,0.006447826124485356,0.02321044772254499,-0.01227417503215289
1777190400007,-1.931e-05,8.0,42.592592592592595,4,0.005956260720411555,-0.0073584905660376565,-0.003584905660377391
1777219200004,-2.842e-05,8.0,37.407407407407405,3,0.01063562230113102,-0.03167241430757617,-0.03126318795851457
1777248000004,-6.636e-05,8.0,18.14814814814815,1,-0.02362032022405558,-0.029107826761822886,-0.04952253209832813
1777276800000,-7.865e-05,8.0,12.222222222222221,1,-0.019579990846839923,-0.013466370772060476,-0.025849041940469886
1777305600002,-7.593e-05,8.0,14.074074074074074,1,0.013312261455632246,0.003526164492712036,-0.004221712544957512
1777334400001,-0.00016104,8.0,2.5925925925925926,0,-0.007424527441209916,-0.005738912082994818,-0.018698166241642555
1777363200000,-0.00011678,8.0,5.9259259259259265,0,-0.0029103481476616677,0.017068207181776485,-0.0031379242434187438
1777392000004,2.5e-07,8.0,59.62962962962963,5,0.003956834532374165,-0.003092647832953044,0.014252500438673543
1777420800006,2.842e-05,8.0,80.74074074074075,8,0.015301797589813981,-0.015376078160638351,0.002866356144751059
1777449600011,4.666e-05,8.0,88.88888888888889,8,-0.0219870547933414,-0.028937356905544664,-0.0106040522628289
1777478400003,4.782e-05,8.0,88.88888888888889,8,-0.00841345624958767,-0.00464236210424418,0.015330795802072528
1777507200002,-6.092e-05,8.0,21.48148148148148,2,0.0013179907962528326,0.002378596184483328,0.027668931362412108
1777536000000,-4.636e-05,8.0,27.77777777777778,2,0.0034836256299113355,0.009533433498650545,0.023312812739610056
1777564800000,-7.717e-05,8.0,14.074074074074074,1,-0.003003361114423675,0.01980893323263233,0.028297845088400164
1777593600000,-4e-05,8.0,32.592592592592595,3,0.009059375456845098,0.016501796370047783,0.02638958415473147
1777622400005,-1.877e-05,8.0,46.666666666666664,4,0.014590756700777696,0.00884660616805033,0.037198750241350886
1777651200000,-2.131e-05,8.0,45.18518518518518,4,-0.0062365200218278405,-0.0008401978362740925,0.018155202730209874
1777680000006,-4.36e-06,8.0,55.18518518518518,5,0.001664357479587819,0.008975330910865553,0.022203051612509794
1777708800000,-3.82e-05,8.0,32.592592592592595,3,0.0037329342255247866,0.004529119497402645,0.035245338182957164
1777737600010,-3.88e-06,8.0,56.2962962962963,5,0.0036361430014000273,0.008932170114285043,0.031555133722517725
1777766400005,3.52e-05,8.0,83.7037037037037,8,-0.0030443306358981514,0.0013084144435135947,0.018801440551347692
1777795200003,-1.628e-05,8.0,46.666666666666664,4,0.008346580154457106,0.023770644466871493,0.02682427135264831
1777824000000,8.747e-05,8.0,97.4074074074074,9,-0.004853534919680325,0.009750021475818382,0.012464564899922648
1777852800000,4.305e-05,8.0,85.92592592592592,8,0.01916353748543309,0.012300919331865945,0.014333808105658541
1777881600000,8.648e-05,8.0,97.03703703703704,9,-0.0044043535340702045,0.007694913818659055,-0.008088764663532921
1777910400003,-2.09e-06,8.0,57.03703703703704,5,-0.0009283232268175734,0.013575662601348792,-0.024285446617156148
1777939200000,-1.957e-05,8.0,43.7037037037037,4,0.014526306813336554,0.006233478297944961,-0.02331798413916608
1777968000011,-2.41e-05,8.0,40.370370370370374,4,0.00026895728622089443,-0.003740187261510597,-0.04224730622468009
1777996800000,-6.52e-05,8.0,17.77777777777778,1,-0.008190761963597692,-0.009367474816243893,-0.0364150602434955
1778025600010,-2.041e-05,8.0,43.333333333333336,4,0.0048064696607494906,-0.003988437346354123,-0.02275231846464243
1778054400000,-9.447e-05,8.0,8.148148148148149,0,-0.005228708521655578,-0.011567304324340388,-0.023679002029869944
1778083200002,-5.114e-05,8.0,22.962962962962962,2,-0.0031307136584807216,-0.027998252230315268,-0.01810553644227053
1778112000000,-6.585e-05,8.0,17.77777777777778,1,-0.0033657998987283166,-0.025275412640259454,-0.01018675721561968
1778140800000,-0.00011993,8.0,4.444444444444445,0,-0.021458457860131452,-0.026611732559132406,-0.006912304670822156
1778169600004,-4.319e-05,8.0,28.14814814814815,2,-0.0002967760519182461,-0.00018766720930118996,0.025365623731609555
1778198400003,-9.68e-06,8.0,51.48148148148148,5,-0.005055421918178982,0.006561570935252892,0.03533119998602996
1778227200002,-2.849e-05,8.0,38.51851851851852,3,0.005190804859962261,0.015581190243217469,0.02231212401767424
1778256000003,-3.358e-05,8.0,35.18518518518518,3,0.006451725552849119,0.010367285648184454,0.01711584295853963
1778284800000,6.199e-05,8.0,93.33333333333333,9,0.0032349829144333597,0.00872925014310244,0.013243482333350709
1778313600001,4.314e-05,8.0,85.92592592592592,8,3.0243590519063446e-05,0.004951307819264228,-0.009738436147139318
1778342400002,8.76e-05,8.0,97.77777777777777,9,0.005158536427303018,0.015034930290632076,-0.02167967821792882
1778371200003,0.0001,8.0,97.77777777777777,9,-0.0002364015387591456,0.019337645870494802,-0.022685951301283147
1778400000000,8.268e-05,8.0,95.92592592592592,9,0.0097806974174659,0.0018185648385000697,-0.01032239758212572
1778428800000,6.714e-05,8.0,94.07407407407408,9,0.009873294844939373,-0.007893526797118633,-0.044993954256714264
1778457600000,7.463e-05,8.0,94.44444444444444,9,-0.017584687704209623,-0.014911781445645977,-0.046775859524863406
1778486400000,1.995e-05,8.0,72.5925925925926,7,-8.582806921175745e-06,-0.015800947541883992,-0.027632346882724423
1778515200000,3.355e-05,8.0,80.0,7,0.0027293560264696204,-0.029340577284548197,-0.012985898327196432
1778544000002,3.946e-05,8.0,82.22222222222221,8,-0.01954074124773275,-0.027339071215906285,-0.024289038705040733
1778572800008,7.08e-06,8.0,61.85185185185185,6,-0.012028795811518389,0.00405759162303676,-0.01376963350785343
1778601600000,3.956e-05,8.0,82.22222222222221,8,0.005446868713663733,-0.008298516700930625,-0.018064858412361606
1778630400010,1.323e-05,8.0,66.66666666666666,6,0.012107645012468415,-0.006438645949238486,-0.022077870672935207
1778659200003,5.046e-05,8.0,88.14814814814815,8,-0.026250380219875802,-0.015686785729805086,-0.04659105722852308
1778688000001,5.45e-06,8.0,60.0,5,0.008139623096180548,0.024842807991467764,-0.028095979722342457
1778716800005,5.942e-05,8.0,90.74074074074075,9,0.0026868750359649862,0.00963645297083393,-0.03379619588071514
1778745600000,5.526e-05,8.0,89.62962962962962,8,0.015053953262572639,-0.0018227155372156911,-0.03585409448992638
1778774400000,3.946e-05,8.0,80.37037037037037,8,-0.007452303518322045,-0.03433537974573486,-0.04953564409815814
1778803200000,-6.93e-06,8.0,50.37037037037037,5,-0.009242953890363781,-0.026200050814343623,-0.06833215058567921
1778832000016,3.88e-06,8.0,58.51851851851851,5,-0.017244430287908563,-0.029357116313638132,-0.06197023588327932
1778860800012,1.397e-05,8.0,67.03703703703704,6,0.0009498257902460505,-0.01959522116085821,-0.05251051110530913
1778889600005,7.065e-05,8.0,93.7037037037037,9,-0.013262456320241922,-0.018344374137085895,-0.04224737696587022
1778918400000,4.496e-05,8.0,83.7037037037037,8,-0.007812642358643429,-0.004806027806628976,-0.025433225824085692
1778947200005,6.508e-05,8.0,91.85185185185185,9,0.002226885161598524,0.004068082996239619,-0.03152993897875489
1778976000000,7.161e-05,8.0,94.07407407407408,9,0.0014256245702499726,-0.025060738024295204,-0.03299564519825804
1779004800010,4.855e-05,8.0,85.18518518518519,8,0.0008421245337422167,-0.029561317192613012,-0.02593194352273498
1779033600009,5.341e-05,8.0,88.14814814814815,8,-0.02950900635177578,-0.03748873920220963,-0.02195455439251126
1779062400007,1.925e-05,8.0,68.14814814814815,6,-0.000895272021335769,0.003472713051181131,0.0029355498383796252
1779091200002,6.52e-06,8.0,58.14814814814815,5,-0.007333660321832247,0.009026769039219618,0.006442302250561083
1779120000007,5.159e-05,8.0,87.4074074074074,8,0.011792038236230429,0.0021142050826441494,0.01404877399860327
1779148800001,0.0001,8.0,97.4074074074074,9,0.004634607889633324,-0.008682259359607203,0.0007935650793799987
1779177600001,5.687e-05,8.0,88.51851851851852,8,-0.014134143491469908,-0.005239541949053517,-0.005225519981303939
1779206400009,3.588e-05,8.0,77.03703703703704,7,0.000891307852042722,0.013995429676758597,0.005452149094943293
1779235200001,5.523e-05,8.0,87.77777777777777,8,0.008123573045842658,0.008218308591566581,-0.022608637987059144
1779264000006,3.051e-05,8.0,74.07407407407408,7,0.004928839584831035,0.0026923022708371658,-0.04896419190993706
1779292800000,5.29e-05,8.0,86.29629629629629,8,-0.004481724575101764,-0.0014876705792092881,-0.03514270877678871
1779321600001,5.867e-05,8.0,89.25925925925927,8,0.002598085967047137,0.0013295810645106432,-0.005811631720139543
1779350400000,2.532e-05,8.0,69.25925925925925,6,-0.0001358517435868789,-0.002763880300560073,-0.006895647122753701
1779379200000,3.837e-05,8.0,75.92592592592592,7,-0.0013914982735112602,-0.007308879820463909,-0.01828156990990404
1779408000000,4.926e-05,8.0,83.33333333333334,8,-0.0012386108791321293,-0.03221326627318866,-0.01475072956057466
1779436800004,3.093e-05,8.0,72.5925925925926,7,-0.003552097428958012,-0.04897759735378149,-0.007151180273643143
1779465600001,5.943e-05,8.0,89.62962962962962,8,-0.0270421924215849,-0.027999396442784708,0.0022822007204963413
1779494400009,5.72e-05,8.0,88.14814814814815,8,-0.019060681105548594,0.025545092831768867,0.022889294905035884
1779523200001,4.466e-05,8.0,80.0,7,0.018428125370538728,0.047389431247776725,0.03484052013754391
1779552000003,6.36e-05,8.0,91.11111111111111,9,0.026555026244554414,0.01635797378455206,0.011948306474303783
1779580800011,8.02e-05,8.0,95.18518518518519,9,0.0018335444114701005,-0.00781619189838001,-0.01893087348543554
1779609600008,8.039e-05,8.0,95.18518518518519,9,-0.011745283018868014,-0.003254716981132111,-0.01704245283018868
1779638400000,4.195e-05,8.0,76.29629629629629,7,0.0022000887671389524,0.014608398516729793,-0.011072030238096331
1779667200001,5.359e-05,8.0,85.18518518518519,8,0.006439383114718256,0.0052677202107087595,-0.03585002714828678
1779696000001,5.508e-05,8.0,85.55555555555556,8,0.0059154796270881604,-0.008754909848090464,-0.05780133453220382
1779724800001,3.249e-05,8.0,70.37037037037037,7,-0.007038012796386939,-0.01862532931878047,-0.06513925479864502
1779753600000,3.458e-05,8.0,71.11111111111111,7,-0.008242590663762872,-0.018004923776157478,-0.047675409525613
1779782400003,3.793e-05,8.0,72.96296296296296,7,-0.004101021674782657,-0.005122696457557585,-0.040055380502243776
1779811200000,3.408e-05,8.0,70.74074074074073,7,-0.005737869941614515,-0.006696578369620343,-0.026575397624320485
1779840000000,7.351e-05,8.0,92.96296296296296,9,0.0043969394986909105,-0.023662477039008478,-0.029211684673869587
1779868800004,3.072e-05,8.0,69.25925925925925,6,-0.005753717842283734,-0.04458531482290151,-0.033212244525810064
1779897600009,6.097e-05,8.0,88.88888888888889,8,-0.022959823928026757,-0.040900052126570996,-0.022901905515763432
1779926400001,2.421e-05,8.0,64.81481481481481,6,-0.016474749420790302,-0.006575079903769598,-0.0013436677188770618
1779955200000,2.543e-05,8.0,65.55555555555556,6,-0.0017520080321284937,0.008629518072289288,0.015868473895582325
1779984000001,2.984e-05,8.0,67.4074074074074,6,0.012007206336745124,0.022253087351671086,0.011800879656189256
1780012800000,8.553e-05,8.0,95.92592592592592,9,-0.0011483967188664623,0.0010340541884166221,-0.0025901068854089493
1780041600001,7.04e-05,8.0,91.48148148148148,9,0.010275028597005909,0.001969463370965263,-0.017615755706967717
1780070400008,6.595e-05,8.0,90.0,8,-0.00925980623818523,-0.0034115075614365997,-0.03041312224322623
1780099200000,4.54e-05,8.0,77.77777777777779,7,0.0005363581283088781,0.004573942927522223,-0.004653403390975197
1780128000001,6.842e-05,8.0,91.11111111111111,9,0.004849453505802348,0.005062889023457862,-0.016250881041962373
1780156800000,5.705e-05,8.0,85.18518518518519,8,-0.0010962908825141726,-0.007476506288857876,-0.056034291188685525
1780185600000,9.397e-05,8.0,97.03703703703704,9,0.00040538068707074437,-0.008157050410571576,-0.0791283326494594
1780214400000,7.226e-05,8.0,92.22222222222223,9,-0.00678984586951048,-0.02362609396079285,-0.07251397255400005
1780243200004,1.691e-05,8.0,56.2962962962963,5,-0.002118781054317398,-0.020396997896139912,-0.08930711880592257
1780272000001,6.445e-05,8.0,88.14814814814815,8,-0.015476018401758385,-0.0009818923108362299,-0.09403238749358278
1780300800001,5.339e-05,8.0,81.11111111111111,8,-0.0028856668421692877,0.0033615487424567547,-0.10159572313798548
1780329600000,9.572e-05,8.0,97.03703703703704,9,0.01739646892798774,-0.029645572961613076,-0.09863244565824336
1780358400000,0.0001,8.0,97.03703703703704,9,-0.011755255187829605,-0.07059140509228079,-0.1189047055947231
1780387200000,0.0001,8.0,96.66666666666667,9,-0.0348925857672987,-0.052396940398354186,-0.1537475071314972
1780416000000,5.699e-05,8.0,82.5925925925926,8,-0.0255343858878182,-0.038895340929303024,-0.17699865030289708
1780444800013,2.021e-05,8.0,57.407407407407405,5,0.007556566914258767,-0.024478339272680394,-0.1471920484307243
1780473600000,9.862e-05,8.0,96.29629629629629,9,-0.021141581462754355,-0.0541166942835678,-0.16249393937779377
1780502400001,7.361e-05,8.0,91.11111111111111,9,-0.007296439708797675,-0.030753182634910337,-0.14801505163760287
1780531200009,7.651e-05,8.0,91.85185185185185,9,-0.023695170190408676,-0.029268239009281105,-0.1370215715723977
1780560000000,4.482e-05,8.0,73.70370370370371,7,0.00019151692671659504,-0.055860981242606744,-0.09054807638145668
1780588800003,3.946e-05,8.0,69.25925925925925,6,-0.005775558961413685,-0.11374752073566541,-0.08321312657771374
1780617600000,4.67e-05,8.0,74.81481481481481,7,-0.05083526813522843,-0.10133642901636564,-0.04560280876606837
1780646400004,-3.129e-05,8.0,22.59259259259259,2,-0.06123167645514027,-0.06152413694313141,-0.0048942367378121965
1780675200009,-7.387e-05,8.0,8.148148148148149,0,0.010280700638967577,-0.008163524811647616,0.07357980735607339
1780704000000,-7.917e-05,8.0,5.9259259259259265,0,-0.009489902013295914,-0.011449636094394977,0.06372601531239153
1780732800000,-3.161e-05,8.0,22.962962962962962,2,-0.008626557838016802,0.02713930364083983,0.06774647080902607
1780761600000,-3.461e-05,8.0,21.85185185185185,2,0.006705896697105196,0.04425891820089456,0.05127925407327072
1780790400001,-6.624e-05,8.0,10.0,0,0.028369065605854837,0.07415482497242798,0.04377761202593389
1780819200000,-0.00010189,8.0,3.7037037037037033,0,0.007896937227091172,0.03420148028862524,0.015267411972376355
1780848000000,4.72e-06,8.0,44.074074074074076,4,0.03568487678977439,0.037110551219811994,0.01757512443925524
1780876800000,-8.235e-05,8.0,4.814814814814815,0,-0.009256127734562636,0.001607955523119653,-0.037006710692607525
1780905600005,-6.599e-05,8.0,10.74074074074074,1,0.012799596938652957,0.00690362515294729,-0.007413449773277958
1780934400004,-4.515e-05,8.0,16.296296296296298,1,0.00036125028130151726,-0.030368712172357815,-0.025998175982186122
1780963200000,-4.506e-05,8.0,16.666666666666664,1,-0.005746173167148316,-0.029198853134922542,-0.009531538789630756
1780992000000,3.6e-07,8.0,42.96296296296296,4,-0.023915918921817547,-0.023343938798126795,-0.009997735912010475
1781020800001,-5.182e-05,8.0,14.074074074074074,1,-1.2215232394807707e-05,0.01008367434190438,0.014218530507542848
1781049600001,-4.089e-05,8.0,20.0,1,-0.00015269227010650255,-0.008037721098407169,0.01715039577836408
1781078400011,-4.578e-05,8.0,16.666666666666664,1,0.010250270306591869,0.010903893025784539,0.022339236299884435
1781107200009,-3.121e-05,8.0,25.925925925925924,2,-0.017952485472938262,-0.005520585798852284,0.016168725548884044
1781136000000,-3.684e-05,8.0,22.59259259259259,2,0.020030807147258134,0.030184842883548946,0.03486752926678993
1781164800004,7.54e-06,8.0,49.629629629629626,4,-0.006163588900705785,0.004592478004447287,0.011819588127235825
1781193600000,-2.432e-05,8.0,28.888888888888886,2,0.01615402847922387,0.010052205833196659,0.01084228247063046
1781222400000,-2.404e-05,8.0,29.629629629629626,2,-0.006214151998516826,-0.003959353823886569,0.03241646182094393
1781251200000,-5.854e-05,8.0,13.333333333333334,1,0.00021064034665396747,0.00776360134809817,0.03234833895040934
1781280000000,-2.216e-05,8.0,30.74074074074074,3,0.0020578236409036776,0.010752429375131545,0.10701886338337485
1781308800000,-6.31e-06,8.0,40.0,3,0.005482265202327419,0.008538643064303963,0.07762239021959094
1781337600007,3.562e-05,8.0,68.51851851851852,6,0.004152724665392071,0.0005019120458891191,0.06020554493307828
1781366400002,2.664e-05,8.0,61.85185185185185,6,-0.0009818214275088,-0.010383505400017867,0.06073011811609286
1781395200005,-6.44e-06,8.0,39.62962962962963,3,-0.002656501280600465,0.028054083030555566,0.06833641074513075
1781424000009,-1.08e-05,8.0,35.92592592592593,3,-0.0067724134636057975,0.02445593750746511,0.06549055206516807
1781452800000,-1.919e-05,8.0,32.96296296296296,3,0.037841575229219826,0.10615361491056663,0.06633999699383741
1781481600013,2.92e-05,8.0,64.07407407407408,6,-0.006147161066048623,0.03987833140208563,0.014333719582850568
1781510400013,-7.45e-06,8.0,40.0,3,0.07295717008960056,0.03437702213490801,0.018491421775805872
1781539200004,6.867e-05,8.0,89.25925925925927,8,-0.024835102741586734,-0.031474458582807285,-0.08310604496506457
1781568000000,2.969e-05,8.0,64.07407407407408,6,-0.011985690723487763,-0.000702090669995048,-0.04710694066776633
1781596800000,-2.07e-05,8.0,31.48148148148148,3,0.005385955908478124,0.0061698803810210645,-0.043961807650877316
1781625600001,3.16e-05,8.0,66.2962962962963,6,0.0061819466961365865,-0.005469508193042816,-0.0424153348180476
1781654400012,3.038e-05,8.0,64.81481481481481,6,-0.005313247436762425,-0.0239124011083669,-0.04599053316458801
1781683200000,2.339e-05,8.0,59.25925925925925,5,-0.005874208971621053,-0.020632598496695742,-0.033513259008895346
1781712000000,-7.37e-06,8.0,39.62962962962963,3,-0.01305826036457125,-0.04914890138081507,-0.021295789895071526
1781740800002,4.63e-05,8.0,75.92592592592592,7,-0.0020734089584976134,-0.02369855032729018,-0.007545380810400237
1781769600000,6.87e-06,8.0,48.888888888888886,4,-0.03482023282167501,-0.029806668727035412,-0.00896832755285426
1781798400001,-6.91e-06,8.0,39.62962962962963,3,0.012840872728996588,0.011507602602543354,0.02450254210170777
1781827200005,6.551e-05,8.0,87.4074074074074,8,-0.008442299254058816,0.0011057481351470777,0.00028667544244553866
1781856000001,-2.067e-05,8.0,31.11111111111111,3,0.007186603887138432,0.016904450030091667,0.029743571588723317
1781884800001,-2.7e-07,8.0,44.074074074074076,4,0.002425307557117895,0.016772114821324013,0.02005272407732872
1781913600001,2.505e-05,8.0,60.0,5,0.00720572250078888,0.015422466893415976,0.00845050667975733
1781942400000,3.17e-05,8.0,65.55555555555556,6,0.006692648525761458,0.004239450669264899,-0.023830236388521553
1781971200001,3.209e-05,8.0,65.55555555555556,6,0.0010947033641961479,-0.0038602697579553924,-0.04400707524069081
1782000000000,2.892e-05,8.0,61.111111111111114,6,-0.004736094905824162,-0.017938534224608227,-0.04059592029106285
1782028800000,2.602e-05,8.0,59.62962962962963,5,-0.002102114241823938,0.007738552428692813,-0.034858136163872455
1782057600000,7.57e-06,8.0,49.629629629629626,4,-0.011186666280853075,0.00836251048930814,-0.06228768193524126
1782086400000,3.88e-05,8.0,70.37037037037037,7,0.021286184172021994,0.010763071952804015,-0.051070454518851505
1782115200000,1.941e-05,8.0,55.55555555555556,5,-0.0014842491934050628,-0.035415675734531415,-0.050430088424575525
1782144000002,7.89e-06,8.0,50.0,4,-0.008976413225133983,-0.04708166066516195,-0.09855676734262564
1782172800003,2.37e-05,8.0,57.77777777777777,5,-0.024907278627723684,-0.03274802967083912,-0.09189267501159015
1782201600005,3.35e-06,8.0,44.81481481481481,4,-0.013889053975347898,-0.005758876038558847,-0.06261663358334024
1782230400002,-3.854e-05,8.0,18.88888888888889,1,0.005930390236552618,-0.024089196926322165,-0.04568931746270899
1782259200005,4.579e-05,8.0,75.55555555555556,7,0.0023006548478512467,-0.028314830236835675,-0.05455068330647239
1782288000005,2.212e-05,8.0,57.03703703703704,5,-0.03206948288332456,-0.009773272043659964,-0.053158231366524644
1782316800003,4.3e-07,8.0,43.333333333333336,4,0.0015747739736178268,-0.03066795118818244,-0.009948866162738934
1782345600000,5.42e-06,8.0,45.925925925925924,4,0.021975378694429448,-0.03285513396161244,-0.03009202151280399
1782374400000,4.282e-05,8.0,72.5925925925926,7,-0.05122541475808551,-0.04651204895623984,-0.049614059227877094
1782403200000,-8.135e-05,8.0,5.185185185185185,0,-0.002557072978353947,0.012251051135098612,0.004796102053927553
1782432000010,-1.665e-05,8.0,32.22222222222222,3,0.006528273230250958,0.007026030133437056,-0.0002744044466284068
1782460800002,-1.968e-05,8.0,30.0,2,0.00391818723609294,0.004273233328683901,0.002117596337953165
1782489600000,5.22e-06,8.0,45.18518518518518,4,-0.008074803471222802,0.007861151083657703,-0.007345871795999548
1782518400000,1.807e-05,8.0,53.70370370370371,5,0.0033132301142841936,-0.0037693535717000515,0.02074094721637998
1782547200000,-5.97e-06,8.0,38.51851851851852,3,0.012710339384372604,-0.005663772691397062,0.004981846882399443
1782576000009,1.769e-05,8.0,52.96296296296297,5,-0.018207676041842147,-0.01419063480479299,-0.023397393913309195
1782604800000,-5.389e-05,8.0,11.851851851851853,1,0.001405342846423352,-0.00260719713589852,0.0001716934699249606
1782633600013,-2.947e-05,8.0,23.703703703703706,2,0.0018700831077611557,0.0019841898736583374,-0.0018447260486729178
1782662400000,1.924e-05,8.0,54.44444444444444,5,-0.007077517171525383,1.8991548760727284e-05,0.02418890260500728
1782691200006,-1.85e-06,8.0,40.370370370370374,4,0.008936550491510209,0.028775692582663215,0.025067024128686333
1782720000013,2.16e-06,8.0,42.592592592592595,4,-0.00047450335315701864,0.007016322915348594,0.02214348981399472
1782748800004,2.144e-05,8.0,56.666666666666664,5,0.02014748235592001,-0.008981865366965103,0.07301959046744955
1782777600000,4.49e-05,8.0,74.44444444444444,7,-0.012176805729677276,-0.02384469297320113,0.055416258083735626
1782806400000,4.566e-05,8.0,75.18518518518519,7,-0.01597094820436784,-0.009399110351587026,0.07865472091679004
1782835200005,3.059e-05,8.0,63.70370370370371,6,0.004336829196632808,0.03214618755029819,0.10474177024385889
1782864000000,6.151e-05,8.0,85.18518518518519,8,0.002441443503471419,0.02153429465171297,0.11764705882352944
1782892800000,5.33e-05,8.0,79.25925925925927,7,0.026118172362178615,0.023999797041885484,0.11485526549458358
1782921600000,2.077e-05,8.0,55.18518518518518,5,-0.006891820058595788,0.048978279950057546,0.10512652516286947
1782950400000,1.96e-05,8.0,53.70370370370371,5,0.004860864748461147,0.05840506376384025,0.1067585314089039
1782979200000,5.02e-05,8.0,77.77777777777779,7,0.051148328915095354,0.06336867923593381,0.09629487401828407
1783008000000,7.321e-05,8.0,90.74074074074075,9,0.002032879618172112,0.0194802899063109,0.044982617406163605
1783036800000,7.837e-05,8.0,92.5925925925926,9,0.009573373320396428,0.03371262238687489,0.048243215430301856
1783065600007,0.0001,8.0,96.66666666666667,9,0.006798721747178327,0.023114489775723612,0.03257332782295386
1783094400000,5.241e-05,8.0,77.4074074074074,7,0.01602163961714531,0.03339575530586769,0.03003768437601151
1783123200000,9.748e-05,8.0,95.92592592592592,9,-6.257537488341125e-05,0.011582133023869678,0.023056181309304424
1783152000000,7.642e-05,8.0,90.74074074074075,9,0.017163792760144903,0.006951990305898992,0.007702941795570517
1783180800007,5.167e-05,8.0,76.29629629629629,7,-0.006095683763315152,-0.006605056786695873,0.004690709819704431
1783209600003,7.818e-05,8.0,91.48148148148148,9,-0.002962345546907552,0.003435419740710266,-0.0026807537648820823
1783238400001,6.162e-05,8.0,82.96296296296296,8,0.002457127363926004,0.002016539009015217,-0.008551932940192852
1783267200000,4.748e-05,8.0,73.33333333333333,7,0.005159464092385324,0.004900081198123463,-0.027799079754601164
1783296000000,8.332e-05,8.0,93.33333333333333,9,-0.005211518072018806,0.008874727222748957,-0.022551456027465555
1783324800000,4.679e-05,8.0,72.5925925925926,7,0.004979416906332856,-0.0011222015451418654,-0.012812270907347934
1783353600000,6.963e-05,8.0,86.66666666666667,8,0.009135136045069547,0.0073339206455196315,-0.023948870172209702
1783382400000,7.62e-05,8.0,89.62962962962962,8,-0.015068866387531243,-0.01623100405358069,-0.030532525953481215
1783411200000,3.271e-05,8.0,61.111111111111114,6,0.013487193094376515,-0.008993343909309948,0.000389542203228066
1783440000000,4.088e-05,8.0,67.03703703703704,6,-0.014471925133689889,-0.039583333333333304,-0.002852049910873511
1783468800000,1.519e-05,8.0,46.2962962962963,4,-0.007822656311820997,-0.015164874916629878,0.015159222708312159
1783497600000,2.984e-05,8.0,57.03703703703704,5,-0.017796716380498845,-0.002734450660256016,0.025265184746322777
1783526400000,4.537e-05,8.0,70.37037037037037,7,0.01058498729801527,0.008879789344252709,0.05161993805607423
1783555200000,7.189e-05,8.0,87.77777777777777,8,0.0047004401999550804,0.0006370559977961765,0.026756351907437415
1783584000001,5.342e-05,8.0,77.4074074074074,7,-0.006589541244589547,0.011860032205383453,0.027483069332937538
1783612800001,2.748e-05,8.0,54.074074074074076,5,0.0019370933253626266,0.028918446646586826,0.0461166164670177
1783641600000,2.613e-05,8.0,53.333333333333336,5,0.016346429595641032,0.030134786349297338,0.03470605104674496
1783670400005,3.355e-05,8.0,60.74074074074074,6,0.010157841571530879,0.015530211113807368,0.009322641264538412
1783699200005,4.632e-05,8.0,71.11111111111111,7,0.0032010636693240446,0.01392155438735676,-0.008038971413886875
1783728000000,5.051e-05,8.0,74.44444444444444,7,0.0020545199438766204,-0.003914166722344681,-0.011063227990467883
1783756800000,2.19e-05,8.0,49.25925925925926,4,0.0074511176676501645,-0.0009779244664477327,-0.010734943574869482
1783785600000,6.296e-05,8.0,83.33333333333334,8,-0.013308404204860125,0.0038386445613685094,0.03312485522353481
1783814400000,6.46e-06,8.0,38.88888888888889,3,0.005008356577101303,0.008384525519700814,0.05638313927814842
1783843200003,9.96e-06,8.0,42.22222222222222,4,0.011426094398657272,-0.00602426377828047,0.04031366185207208
1783872000000,3.016e-05,8.0,55.925925925925924,5,-0.008840173616834202,-0.024548101752650875,0.06037030932366361
1783900800000,2.248e-05,8.0,49.629629629629626,4,-0.009113031524215498,-0.015432286960715302,0.06318701115847469
1783929600001,5.42e-06,8.0,37.77777777777778,3,-0.007218137597495122,-0.004579128344189498,0.06813899527550249
1783958400004,1.969e-05,8.0,47.77777777777778,4,0.0001407943051519034,0.05269086076006402,0.057827037012006866
1783987200000,1.26e-06,8.0,35.55555555555556,3,0.002387158886818286,0.06401977288210037,0.05027108891603849
1784016000002,3.639e-05,8.0,63.33333333333333,6,0.04990002022062967,0.051433417960412564,0.02700015727156324
1784044800001,6.925e-05,8.0,87.03703703703704,8,0.011887438476353429,0.03102396747271552,-0.021153434624438194
1784073600005,3.834e-05,8.0,63.33333333333333,6,-0.010304427361453317,0.01494644235547904,-0.026852840722843108
1784102400002,5.006e-05,8.0,73.70370370370371,7,0.029520334627897382,0.020561666301624593,-0.016154450219826644
1784131200000,8.736e-05,8.0,95.18518518518519,9,-0.006207318210551427,-0.02587591581259907,-0.04509373154125951
1784160000000,4.35e-05,8.0,66.66666666666666,6,-0.0032690302398331594,-0.02739311783107401,-0.029103232533889467
1784188800003,6.079e-05,8.0,81.48148148148148,8,-0.016802587912605693,-0.042917264266496336,-0.022518608473529378
1784217600002,3.526e-05,8.0,60.0,5,-0.008124281272626543,-0.025906128881127755,-0.005286639124323811
1784246400000,6.892e-05,8.0,86.29629629629629,8,-0.020070116754044576,-0.013283586890096788,0.002353306959141266
1784275200010,4.774e-05,8.0,71.11111111111111,7,0.0006727082797810535,0.007252123406419786,0.019853098013049353
1784304000004,2.442e-05,8.0,48.148148148148145,4,0.005995649464928032,0.006591388563995437,0.03723096094356326
1784332800000,2.552e-05,8.0,49.25925925925926,4,0.0011082860681921325,0.011680465914770677,0.032618380163852434
1784361600000,3.939e-05,8.0,61.85185185185185,6,0.0001248154901449805,0.014277806720500053,0.04883541720934281
1784390400001,3.042e-05,8.0,53.333333333333336,5,0.011082032013552512,0.014481028603696489,0.04847099450513648
1784419200003,-1.262e-05,8.0,25.185185185185183,2,0.0028300924210447054,0.002191039293711894,0.036114556985817226
1784448000000,4.255e-05,8.0,64.07407407407408,6,0.0005724894731491403,-0.0030818124909712807,0.025039726489141323
1784476800001,7.448e-05,8.0,90.0,8,-0.001166779954934527,0.01573012058510259,0.03918882032123894
1784505600000,2.897e-05,8.0,50.0,4,-0.003518998850175148,0.016509345669438735,0.034115035965451845
1784534400001,2.124e-05,8.0,42.96296296296296,4,0.01772374552884326,0.03642350367077274,0.026829621446536445
1784563200004,2.476e-05,8.0,45.925925925925924,4,0.0018073749328162414,0.01749939402881262,-0.003119434286376732
1784592000001,2.585e-05,8.0,47.40740740740741,4,0.01653683706692055,0.014816879776563319,-0.013018025362795282
1784620800000,4.126e-05,8.0,62.96296296296296,6,-0.0010865572175857707,-0.008733850396593468,-0.019614944818415636
1784649600002,3.598e-05,8.0,58.88888888888889,5,-0.0008337692064691593,0.005499769548262812,-0.03742121916737007
1784678400000,1.055e-05,8.0,36.666666666666664,3,-0.0064307681137624195,0.002805681894794798,-0.03520326931953144
1784707200000,1.429e-05,8.0,37.77777777777778,3,0.01314312856568689,-0.0005167473105651688,-0.031746031746031744
1784736000001,6.454e-05,8.0,84.44444444444444,8,-0.004109991192875917,-0.02562306539418313,-0.03793758787810109
1784764800000,4.14e-06,8.0,31.11111111111111,3,-0.009722595726195271,-0.029017810967915447,-0.03098301648704005
1784793600000,-3.313e-05,8.0,14.074074074074074,1,-0.011410875060057224,-0.010465626370871672,-0.018168619832466426
1784822400000,-3.252e-05,8.0,14.074074074074074,1,-0.008166973940696987,-0.01735878161004545,0.011727478750548137
1784851200000,-1.139e-05,8.0,22.59259259259259,2,0.009198255154378332,-0.009150319835102505,0.0397650104126166
1784880000000,1.776e-05,8.0,38.51851851851852,3,-0.018297445640700793,-0.020999577791851354,0.03753430441207528
1784908800008,1.716e-05,8.0,37.77777777777778,3,0.0014310846653360354,0.004960376170826342,0.035696416370317285
1784937600002,5.412e-05,8.0,77.4074074074074,7,-0.0033953121054696167,0.006581103368987762,0.015912839329748074
1784966400000,2.278e-05,8.0,43.333333333333336,4,0.006377324111460192,0.013498579522482235,0.014021487754783069
1784995200000,3.434e-05,8.0,56.666666666666664,5,0.0036907287180476533,0.025899380771785552,0.0279295493989844
1785024000000,-1.884e-05,8.0,19.25925925925926,1,0.003372951278999503,0.041873695783277265,0.026081665981758206
1785052800002,2.358e-05,8.0,43.333333333333336,4,0.017855908087550887,0.04532858168665732,0.021791973617723004
1785081600000,1.943e-05,8.0,38.51851851851852,3,0.019319232034419542,0.005790548196262568,-0.012562722236436064
1785110400010,0.0001,8.0,98.14814814814815,9,0.006798155737704814,-0.03124487704918033,-0.021962090163934356
1785139200000,8.16e-05,8.0,93.7037037037037,9,-0.020163587531537464,-0.0431858875233988,-0.032707332953528234
1785168000001,1.607e-05,8.0,34.44444444444444,3,-0.017697965798823878,-0.0035634882706172544,-0.003054418517671964
1785196800000,1.456e-05,8.0,33.7037037037037,3,-0.006328578975171695,0.01563655573164291,0.013798203909138884
1785225600000,-3.657e-05,8.0,10.0,0,0.020180540345131837,0.021440495050557562,0.004715526682331994
1785254400000,2.816e-05,8.0,48.148148148148145,4,0.0018864188266682902,-0.014512918321191393,-0.02932808054278835
1785283200000,5.737e-05,8.0,79.25925925925927,7,-0.0006501612399875123,-0.006163528555081621,
1785312000002,6.871e-05,8.0,85.92592592592592,8,-0.015887393155719298,-0.010135240653402877,
1785340800000,2.143e-05,8.0,40.0,3,0.010374749488401003,0.014790099041313898,
1785369600000,3.854e-05,8.0,59.62962962962963,5,-0.004778228444328181,0.004380478869553839,
1785398400000,4.661e-05,8.0,68.51851851851852,6,0.0091921624719975,-0.006168424816735074,
1785427200000,1.99e-05,8.0,37.407407407407405,3,1.042155176911308e-05,-0.029388775988744675,
1785456000003,5.729e-05,8.0,78.51851851851852,7,-0.015290248948599872,,
1785484800000,1.208e-05,8.0,30.37037037037037,3,-0.014387080729566293,,
1785513600000,-2.045e-05,8.0,14.074074074074074,1,,,
