day,ts,open_interest,oi_chg_7d,oi_chg_7d_pctile,decile,fwd_ret_24h,fwd_ret_72h,fwd_ret_168h
19448,1680393300000,892551.592,0.18533135338706597,97.59036144578313,9,-0.013857599701089018,0.027847071881490493,0.015209292614042136
19449,1680479700000,850026.398,0.15704590618244163,95.23809523809523,9,0.008134973700632875,0.06307947757867516,0.03525341000267446
19450,1680566100000,800708.266,0.06100330635667617,78.82352941176471,7,0.033880131762209054,0.03369774279839932,0.05473326995777428
19451,1680652500000,1005621.037,0.27678485306752787,100.0,9,0.019945258791203013,-0.003886411991745997,0.00993788155798625
19452,1680738900000,994743.17,0.22670913170890583,97.70114942528735,9,-0.019728187092817873,-0.031610174377466715,0.004381712117320857
19453,1680825300000,867074.541,0.1304214694280421,89.77272727272727,8,-0.0037106544974309097,-0.006576520218789628,0.07449112169770467
19454,1680911700000,867658.186,-0.05149045022068577,35.95505617977528,3,-0.008441784957200715,0.02415005232511347,0.127308342501409
19455,1680998100000,877909.066,-0.01640524327248072,56.666666666666664,5,0.005612625972873264,0.022510039943278493,0.13211591128045796
19456,1681084500000,823646.481,-0.031034232656854566,45.55555555555556,4,0.027104559227982827,0.03137799449943213,0.14028062583759882
19457,1681170900000,845670.566,0.05615316078178223,76.66666666666667,7,-0.010029606728325424,0.053061545314014635,0.08711714308171992
19458,1681257300000,818419.636,-0.18615501676303925,3.3333333333333335,0,0.014334033802488877,0.11187745142149375,0.11387828774990605
19459,1681343700000,978270.896,-0.016559323548811178,58.88888888888889,5,0.04869826592008519,0.09154668656622955,0.009236597800959201
19460,1681430100000,1196292.122,0.3796877493604094,100.0,9,0.04526251362204614,0.054249331959932645,-0.03321540000298562
19461,1681516500000,1048658.898,0.20860831479552266,96.66666666666667,9,-0.004213142147131643,-0.01236331091084808,-0.1203720894804744
19462,1681602900000,1072101.601,0.22119891742865327,96.66666666666667,9,0.012865010613275274,0.006038093052607385,-0.10455988373204816
19463,1681689300000,1025256.583,0.24477747025061336,97.77777777777777,9,-0.020782297994458743,-0.08715065868037364,-0.12136144584000041
19464,1681775700000,1010040.706,0.19436663236071539,93.33333333333333,9,0.014340113756868833,-0.06350139785982845,-0.11247951412320445
19465,1681862100000,968275.729,0.1831042247867083,91.11111111111111,9,-0.0809561147147575,-0.12195214674364996,-0.11323686649084042
19466,1681948500000,896895.026,-0.08318337009997279,26.666666666666668,2,0.004586373249086062,-0.031530669755272744,-0.03578612092099753
19467,1682034900000,880088.198,-0.26431999190244604,0.0,0,-0.04896904563375637,-0.04187126195402646,-0.017757326827460562
19468,1682121300000,845432.599,-0.1937963806797356,2.2222222222222223,0,0.013687138743965432,-0.0035016127984759393,0.023639945446279675
19469,1682207700000,841442.687,-0.21514650643638022,2.2222222222222223,0,-0.0061398497605458235,-0.0037106048552864035,0.017928361300793894
19470,1682294100000,859173.023,-0.16199219078801075,7.777777777777778,0,-0.01088363747710197,0.0017566384279428249,0.009288158537961166
19471,1682380500000,862299.592,-0.14627243547944702,11.11111111111111,1,0.013474541751527402,0.03644806517311605,-0.006272912423625265
19472,1682466900000,867533.747,-0.10404265952637559,24.444444444444443,2,-0.0006859372153092957,0.01357941330932566,0.001725560807262383
19473,1682553300000,745761.102,-0.1685079297117208,7.777777777777778,0,0.023370049013824667,0.022420875384763894,0.020613691695535064
19474,1682639700000,745077.989,-0.15340531699755855,11.11111111111111,1,-0.008887212056425287,-0.01548973988136404,-0.01707749062021835
19475,1682726100000,774877.223,-0.0834547616018767,28.888888888888886,2,0.008031088082901539,-0.03262133869091677,0.05303478904515169
19476,1682812500000,780065.189,-0.072943171232291,30.0,2,-0.014575760913463243,-0.019568968682307175,-0.005412805060343251
19477,1682898900000,774185.09,-0.09891829785721762,23.333333333333332,2,-0.026133702363210554,0.012997658079625385,-0.004662550564189849
19478,1682985300000,820349.094,-0.0486495626220822,36.666666666666664,3,0.021631961523747023,0.025178991091435732,0.009378586653549625
19479,1683071700000,821266.457,-0.053331977182439094,35.55555555555556,3,0.018156723444320733,0.06549580587177961,-0.012084866900624824
19480,1683158100000,805062.343,0.07951774481260099,80.0,7,-0.014422925358077432,-0.0036517060560523618,-0.03286535450447137
19481,1683244500000,820026.844,0.10059195964249601,83.33333333333334,8,0.06180928365417948,-0.0030547455178406846,-0.04289971585002428
19482,1683330900000,951199.566,0.2275487493584516,96.66666666666667,9,-0.0479186226910544,-0.07272645113997522,-0.09289002917091338
19483,1683417300000,843817.315,0.08172666451341914,78.88888888888889,7,-0.013832418379239209,-0.026146065697395415,-0.053062063946589855
19484,1683503700000,792677.284,0.023886011547961994,67.77777777777779,6,-0.012395456781673198,-0.01570554640542443,-0.038041967016748224
19485,1683590100000,824852.96,0.005490182207722238,61.111111111111114,6,-9.20481249254701e-05,-0.027917654830360683,-0.016920611199549462
19486,1683676500000,833952.422,0.015446832013985334,66.66666666666666,6,-0.003259886607930973,-0.02165496103839848,-0.013017886055591288
19487,1683762900000,824708.684,0.024403502624144036,71.11111111111111,7,-0.024648633378063445,-0.024458485225488547,-0.010968832001390871
19488,1683849300000,872525.256,0.06402035785062665,77.77777777777779,7,0.006349913663454609,0.00200523589372259,0.0030802651367458633
19489,1683935700000,830482.683,-0.12691015357338797,15.555555555555555,1,-0.006116123318757882,0.004931643327613866,0.0020368627885094526
19490,1684022100000,834245.472,-0.011343501525564181,57.77777777777777,5,0.0018099295519728997,0.015036337816389578,0.01299807869016778
19491,1684108500000,835029.248,0.0534290118499221,71.11111111111111,7,0.009289009950525173,0.011996219912168593,0.002062371449218947
19492,1684194900000,800351.178,-0.029704423925447254,45.55555555555556,4,0.0038774847021112446,-0.008140514758125383,0.0006994894277956298
19493,1684281300000,803638.973,-0.03634913479512625,41.11111111111111,4,-0.001190574163992042,-0.0067319562175952585,0.016744849532274397
19494,1684367700000,813874.429,-0.01313706913749435,56.666666666666664,5,-0.010793856565301518,-0.0008184654596590235,-0.01133217612937254
19495,1684454100000,816755.618,-0.06391750567275278,28.888888888888886,2,0.005303110232504071,0.0009884331113985123,0.002360022878339363
19496,1684540500000,796359.028,-0.04108894224829962,35.55555555555556,3,0.00475590759950939,0.0035904064340084307,0.009500767794606624
19497,1684626900000,793106.557,-0.049312721951459304,33.33333333333333,3,-0.009004997278709626,0.018790647557160867,0.005684473251639677
19498,1684713300000,816821.687,-0.021804698510392795,52.22222222222223,5,0.007916299144019145,-0.0015311132191655474,0.0608950355318123
19499,1684799700000,843035.222,0.053331643874959145,70.0,6,0.019973801241689015,-0.006494650169521443,0.04154924926247183
19500,1684886100000,870489.39,0.08318463793567177,81.11111111111111,8,-0.028772319862721774,-0.013808770916861501,0.024806142987421564
19501,1684972500000,857774.899,0.053940102349621766,70.0,6,0.0029057977053643658,0.01637914270633667,0.04142011834319548
19502,1685058900000,835065.86,0.02241826269262348,64.44444444444444,6,0.012464821503756163,0.059443348771245796,0.030281206373124814
19503,1685145300000,848212.964,0.06511376675194791,76.66666666666667,7,0.000957550421869291,0.03545125247595182,0.042673918515194975
19504,1685231700000,826748.928,0.04241847542813848,66.66666666666666,6,0.04539913520250605,0.03816151268497214,0.03370632963981346
19505,1685318100000,832436.11,0.019116073004070477,61.111111111111114,6,-0.010463401625200097,-0.01986006965142917,-0.01288969765423198
19506,1685404500000,832014.749,-0.0130723755216956,55.55555555555556,5,0.003577524479885019,-0.017242928180007056,-0.043485153537627386
19507,1685490900000,853857.34,-0.019106551086165546,50.0,4,-0.013026949040091829,0.0033857430205250783,-0.00880925050285919
19508,1685577300000,850596.787,-0.008368293369703683,57.77777777777777,5,-0.007821169440887843,0.008850832266325215,-0.02288198890311577
19509,1685663700000,820036.302,-0.0179980510758756,52.22222222222223,5,0.024643229698775082,0.015050490928839588,-0.007947347478679756
19510,1685750100000,871535.439,0.027496013371472117,67.77777777777779,6,-0.007651253955509363,-0.05011099041231759,-0.034456881667952244
19511,1685836500000,852512.606,0.03116263853202117,67.77777777777779,6,-0.0017239646957414312,-0.004537305855662921,-0.0741674995637206
19512,1685922900000,862784.567,0.036457400916930505,67.77777777777779,6,-0.04113406048534485,-0.02978180142287301,-0.07201241702997785
19513,1686009300000,880672.58,0.05848193323313322,74.44444444444444,7,0.03995955979846211,0.019269866525236434,-0.037827057367630146
19514,1686095700000,798821.559,-0.06445547566529086,27.77777777777778,2,-0.027039805355900226,-0.022577440621331157,-0.07641799607949396
19515,1686182100000,770437.992,-0.09423829977387399,21.11111111111111,2,0.007343667247244001,-0.044100223313004006,-0.09939885668109916
19516,1686268500000,771982.097,-0.058600094755317356,30.0,2,-0.0027371867140750794,-0.05049973983175793,-0.09665792212297286
19517,1686354900000,786566.575,-0.09749329768792114,18.88888888888889,1,-0.04846432705947579,-0.05342652629748201,-0.06648151268268565
19518,1686441300000,848636.405,-0.004546796109194395,54.44444444444444,5,0.0005997463929539038,-0.0069570581582645286,-0.013657082148120225
19519,1686527700000,828342.816,-0.0399192942448634,37.77777777777778,3,-0.00581119883091008,-0.05841453598890278,-0.01830128040461465
19520,1686614100000,855909.306,-0.028118593177954954,42.22222222222222,4,-0.0017512531508201423,-0.04305211844213097,-0.004082429476174321
19521,1686700500000,857776.439,0.07380231459176234,77.77777777777779,7,-0.051249309773605645,-0.012061706239646641,0.029944321737529922
19522,1686786900000,847859.247,0.10048992365890497,84.44444444444444,8,0.010409467340826817,0.046906260230620944,0.14686624713542606
19523,1686873300000,827888.827,0.07241972348485715,75.55555555555556,7,0.03057667268679909,0.031860700935420594,0.12264269813935891
19524,1686959700000,762206.905,-0.030969622628573945,36.666666666666664,3,0.005379630761706888,0.009845190062820697,0.1013105572342643
19525,1687046100000,765166.72,-0.09835741727341996,12.222222222222221,1,-0.00411158017870894,0.03694052107040058,0.08628527417290632
19526,1687132500000,765814.266,-0.07548631893971791,20.0,1,0.008588557506120198,0.10000407040640091,0.10401632814453432
19527,1687218900000,762865.115,-0.1087080025275482,10.0,0,0.03235514557509367,0.07871432689535895,0.07151916978956474
19528,1687305300000,756166.202,-0.1184577150643793,10.0,0,0.05645530598340254,0.05639387474729429,0.05510940344685089
19529,1687391700000,745831.922,-0.1203352152624455,10.0,0,-0.010931908167742477,-0.00839452135898211,-0.03373138588895763
19530,1687478100000,741018.92,-0.10492943516919817,13.333333333333334,1,0.01099394451184632,0.01474054397845026,-0.010341897243764109
19531,1687564500000,728193.896,-0.044624377943676685,36.666666666666664,3,-0.008336857686614518,-0.017471981391414704,0.0221928526115458
19532,1687650900000,720489.642,-0.05838868423341781,30.0,2,0.012143957608098832,0.007180821289775707,0.025844559475005635
19533,1687737300000,754292.204,-0.015045504519238029,51.11111111111111,5,-0.021099646583553233,-0.037243035694534354,0.020404401114499482
19534,1687823700000,744492.686,-0.02408345674582324,44.44444444444444,4,0.016545156170132636,-0.003696430012644192,0.051459471093056486
19535,1687910100000,776317.984,0.026649937469699347,64.44444444444444,6,-0.03249880908272895,0.023437251892235222,0.024231196739533223
19536,1687996500000,778337.226,0.043582612973757984,68.88888888888889,6,0.013009464412714111,0.052743585535313775,0.04489304666557259
19537,1688082900000,743198.048,0.002940718436716727,55.55555555555556,5,0.044230104553702576,0.04626609349347621,-0.000280826060658379
19538,1688169300000,834323.766,0.14574397091622981,87.77777777777777,8,-0.00479421591038387,0.010658984888135103,-0.03305267948572066
19539,1688255700000,836267.923,0.16069388683869512,90.0,8,0.006776454937094334,0.0055968113245785656,-0.032125800936439575
19540,1688342100000,793757.372,0.052320795297521094,70.0,6,0.008692285854388748,-0.014137868738224868,-0.03916690324412209
19541,1688428500000,855557.549,0.14918193971350857,88.88888888888889,8,-0.009778987713579657,-0.052722611414447895,-0.038481416853018424
19542,1688514900000,800264.817,0.03084668073334229,65.55555555555556,6,-0.012981375447009835,-0.033802220063253174,-0.02991607582115463
19543,1688601300000,796534.663,0.023379887781443287,61.111111111111114,6,-0.030785985046807185,-0.024853923642379927,-0.02031456156149869
19544,1688687700000,759588.173,0.022053509214814193,60.0,5,0.009999135677088988,0.005569480758011114,0.08256444607705427
19545,1688774100000,752407.699,-0.09818258850845196,17.77777777777778,1,-0.0038402498836693777,0.004984836896350764,0.03568544181593536
19546,1688860500000,763165.981,-0.08741449957539493,21.11111111111111,2,-0.0005476539471352959,0.007892659826361559,0.03638140339008533
19547,1688946900000,755470.551,-0.048234917054729376,34.44444444444444,3,0.009411916388660568,0.005205563345098252,0.03199621804272956
19548,1689033300000,751901.304,-0.12115636770566329,10.0,0,-0.0009579614580172979,0.06653042325930425,0.017621168819418997
19549,1689119700000,761511.821,-0.04842521522472487,34.44444444444444,3,-0.0032122480942259335,0.03153649870284836,0.010686185202350318
19550,1689206100000,758610.048,-0.047612008317584054,36.666666666666664,3,0.07099339447187836,0.03157934115735683,0.009550225528549117
19551,1689292500000,892652.119,0.1751790650905778,93.33333333333333,9,-0.03373752495009974,-0.041402195608782444,-0.05699600798403193
19552,1689378900000,722668.024,-0.039526011017066986,41.11111111111111,4,-0.0031708488475978847,-0.012543960669080145,-0.023301091205800595
19553,1689465300000,758938.727,-0.005539101722617401,56.666666666666664,5,-0.0047765833441264505,-0.017096231058153055,-0.0350990804299961
19554,1689551700000,749138.393,-0.008381740349267308,55.55555555555556,5,-0.00464854791440017,-0.016657730488331746,-0.016881568741768826
19555,1689638100000,736367.282,-0.020659655618844308,48.888888888888886,4,-0.007766330212854888,-0.01167302965326078,-0.032833010825793596
19556,1689724500000,751823.575,-0.012722384253047614,55.55555555555556,5,-0.0043325866385558465,-0.003151930425616012,-0.020956647779681092
19557,1689810900000,758684.667,9.836278888841754e-05,61.111111111111114,6,0.00039702916311545877,-0.01404424492993761,-0.009729861357416159
19558,1689897300000,752448.698,-0.1570638975876334,4.444444444444445,0,0.0007884515657907709,-0.0006244113071363078,-0.015874863740752865
19559,1689983700000,746120.676,0.03245287078040149,75.55555555555556,7,-0.015212000401846337,-0.02218086259497587,-0.009216029440534679
19560,1690070100000,770722.022,0.015526016239252982,63.33333333333333,6,0.01401342281879181,-0.002689932885906021,0.009702013422818734
19561,1690156500000,725429.967,-0.031647591715406986,38.88888888888889,3,-0.020798475060891608,-0.00950439478979126,-0.014619294715662368
19562,1690242900000,769989.46,0.045659521847142504,78.88888888888889,7,0.004417840070945145,0.005656133065126578,0.003228213613652553
19563,1690329300000,744571.678,-0.009645743018899089,52.22222222222223,5,0.007084829528019032,0.00880220081938532,0.007359393590275154
19564,1690415700000,754644.356,-0.0053254153876289845,55.55555555555556,5,-0.005810814422794297,0.005302969556036485,-0.01749124635821775
19565,1690502100000,778046.553,0.03401940234336087,74.44444444444444,7,0.007560033982513925,0.000650614588822318,-0.013168224198561118
19566,1690588500000,815652.117,0.09319061009374852,92.22222222222223,9,0.003591555308884331,-0.00989945779789092,-0.02336378773000891
19567,1690674900000,814095.836,0.05627685827303375,82.22222222222221,8,-0.010411736867013688,-0.00500380203874351,-0.02352478237981037
19568,1690761300000,767059.408,0.057385885466184616,82.22222222222221,8,-0.0030628858833201544,-0.012391254117432138,-0.017076932170511427
19569,1690847700000,790485.467,0.02661855527217205,64.44444444444444,6,0.0085539187943664,-0.01077998587821849,-0.014488301020325611
19570,1690934100000,766872.342,0.029950996873668423,66.66666666666666,6,-0.01775903717480065,-0.021964984287821565,-0.008150024583680748
19571,1691020500000,781537.88,0.035637348621474274,72.22222222222221,7,-0.0014363985570724491,-0.0008705445800438749,0.009200568030338419
19572,1691106900000,782386.458,0.005577950295218459,54.44444444444444,5,-0.0028496858807055547,-0.003312827945447294,0.008892327643042819
19573,1691193300000,775531.752,-0.04918808418908327,20.0,1,0.003426117176485999,-0.000901609783285684,0.010059779460782847
19574,1691279700000,773370.83,-0.05002483024615301,18.88888888888889,1,-0.0038772987426006766,0.010662571542152,0.006894185685579535
19575,1691366100000,791742.631,0.032179023870338774,72.22222222222221,7,-0.0004373472701330039,0.014011513166886091,0.005860453419782363
19576,1691452500000,839094.883,0.06149311787410783,87.77777777777777,8,0.015040390284454697,0.012688620167249143,0.008980480308027117
19577,1691538900000,794608.159,0.03616744988828935,74.44444444444444,7,-0.0005765365777435916,-0.004008815082627959,-0.015103103059954437
19578,1691625300000,791816.7,0.013152043250929779,56.666666666666664,5,-0.001741390092946049,-0.0031539108494532675,-0.025366069310560402
19579,1691711700000,790863.705,0.010835114684461855,56.666666666666664,5,-0.0016958214742844868,-0.006308023827911846,-0.09056982841959149
19580,1691798100000,773004.791,-0.0032583591754732355,52.22222222222223,5,0.0002813137351431738,-0.0019691961460018836,-0.10157048802523172
19581,1691884500000,775579.679,0.0028561317731625735,53.333333333333336,5,-0.004899972417373832,-0.011417043899642487,-0.09802108177978253
19582,1691970900000,782354.422,-0.011857652515366524,44.44444444444444,4,0.002663144793551897,-0.017468055849950814,-0.08497062388243037
19583,1692057300000,786327.93,-0.06288556165584436,15.555555555555555,1,-0.009187838445818719,-0.08722754942189792,-0.0966430511212415
19584,1692143700000,844484.852,0.06276891627033998,88.88888888888889,8,-0.01099087467448634,-0.09145020460861764,-0.1065113683611616
19585,1692230100000,872562.889,0.10197586006963477,95.55555555555556,9,-0.06852565840058855,-0.0774647497773524,-0.0717727169638066
19586,1692316500000,788530.178,-0.0029506057557667775,50.0,4,-0.013771519855574232,-0.00019003390917571306,-0.014798890677055199
19587,1692402900000,695775.942,-0.09990733550317665,6.666666666666667,0,0.0042331037140517225,0.0035045040705234953,-0.004202996290765482
19588,1692489300000,634030.24,-0.18250792643575697,0.0,0,0.00949782641283159,-0.020722530355269053,-0.013071503522710248
19589,1692575700000,650488.41,-0.1685502226253155,1.1111111111111112,0,-0.01012716872872843,-0.0032965270641901467,-0.01581739021970896
19590,1692662100000,638468.029,-0.18803847015837283,0.0,0,-0.02001152087558644,-0.004530344306167278,-0.007812593757125508
19591,1692748500000,611322.799,-0.2760997458365304,0.0,0,0.027461593568415044,0.01258273685241762,0.057954065356755624
19592,1692834900000,604227.449,-0.30752561607052253,0.0,0,-0.011352530333007538,-0.01912350122762263,0.015357202450478002
19593,1692921300000,595263.671,-0.24509715974370738,2.2222222222222223,0,-0.003164576037227418,-0.0012236360677279068,-0.008288175335595782
19594,1693007700000,602435.37,-0.13415320416468213,7.777777777777778,0,-0.004710534908752284,-0.00013303179459889236,-0.015359125376419591
19595,1693094100000,602464.198,-0.049786335112344204,27.77777777777778,2,0.006689146085847142,0.04975242261308055,-0.0062942373705155985
19596,1693180500000,604952.786,-0.07000220649588529,22.22222222222222,2,-0.0020760911548860506,0.028274671687910313,-0.013349748937813932
19597,1693266900000,603906.065,-0.054132646319241196,27.77777777777778,2,0.044946538294063476,-0.0050074991533214375,-0.014212105084909776
19598,1693353300000,635091.894,0.03888141426899394,81.11111111111111,8,-0.01390753773497544,-0.05758635058801742,-0.05482567830354668
19599,1693439700000,621398.591,0.02841834151761624,70.0,6,-0.03437589872110147,-0.04003967578544554,-0.041941296271297834
19600,1693526100000,591107.333,-0.0069823478275058415,50.0,4,-0.010272057572147553,-0.0063212661982446905,0.0003646884345140933
19601,1693612500000,580516.265,-0.03638416017970525,38.88888888888889,3,0.004452387093604626,0.0010317255610008402,0.00453222300011058
19602,1693698900000,572481.473,-0.04976681618515022,31.11111111111111,3,-0.000458550125642776,-0.0015162724154587082,-0.0005502601507711979
19603,1693785300000,565138.386,-0.06581406172745508,23.333333333333332,2,-0.0029483007511438286,-0.0015230848278731113,-0.010661593795111335
19604,1693871700000,575034.728,-0.04780766194159669,36.666666666666664,3,0.001895682261567222,0.00970540238770079,-0.04909142219113871
19605,1693958100000,597398.856,-0.05935052605158886,25.555555555555554,2,-0.0004653697546399549,0.0015981777100135819,-0.02460336413346309
19606,1694044500000,600184.948,-0.03413854377407177,42.22222222222222,4,0.008264159034520713,0.0014335160964253912,-0.01570741568903722
19607,1694130900000,608771.49,0.029883163367895538,73.33333333333333,7,-0.006148835852816781,-0.01727385408059101,-0.012364506877946768
19608,1694217300000,607648.247,0.04673767753949143,84.44444444444444,8,-0.0006296921233462927,-0.05240505710023724,0.003643655393343659
19609,1694303700000,613720.384,0.07203536349201634,90.0,8,-0.010570811591188556,-0.025546128012038927,-0.0005199762646129757
19610,1694390100000,607976.148,0.07580048190179034,92.22222222222223,9,-0.04167774404758229,-0.006615514928187682,0.002788408628609851
19611,1694476500000,676718.459,0.1768305913516932,100.0,9,0.027696774193548324,0.0487032258064517,0.055490322580645124
19612,1694562900000,650895.714,0.08954964922129016,91.11111111111111,9,0.008650725392829628,0.030603981342557374,0.03147030942979279
19613,1694649300000,665880.598,0.10945900962514643,94.44444444444444,9,0.011688481430998765,0.016885436699839884,0.009416758469169784
19614,1694735700000,665442.078,0.09309008212588932,91.11111111111111,9,0.009960073577813588,-0.0021962608198142775,-0.025782994666223802
19615,1694822100000,668603.25,0.100312974325095,92.22222222222223,9,-0.004775595731202231,-0.0034537790556016246,-0.030279957117099632
19616,1694908500000,658208.233,0.07248879157319954,86.66666666666667,8,-0.007295696028986831,0.005643147431817042,-0.024965724917984655
19617,1694994900000,644292.069,0.05973247654445801,82.22222222222221,8,0.00868723488211498,-4.9324257670013694e-05,-0.025697938246029395
19618,1695081300000,667656.045,-0.013391705042879565,41.11111111111111,4,0.004309264613296948,-0.03204748137236324,-0.02916852586475638
19619,1695167700000,651206.862,0.000478030494451831,52.22222222222223,5,-0.012914927026401957,-0.031094421384489812,-0.030546662933794266
19620,1695254100000,658000.976,-0.011833385780674166,42.22222222222222,4,-0.02359048981403833,-0.017751442805702178,-0.014915158092043468
19621,1695340500000,687346.532,0.03291714594579642,70.0,6,0.005298121976786918,-0.002109145101605203,0.042928049103929
19622,1695426900000,673657.106,0.007558826553714759,54.44444444444444,5,0.000678404743807981,-0.0023116013492716636,0.04691671325464686
19623,1695513300000,690585.425,0.04918989215985703,77.77777777777779,7,-0.008041178870719645,-0.00011299080380411386,0.04852327296695025
19624,1695599700000,690837.038,0.07224203313916622,85.55555555555556,8,0.005094162911962741,0.01101731382574811,0.0963081557231813
19625,1695686100000,718577.515,0.07626901663116059,87.77777777777777,8,0.0028836043795528177,0.03983529456207613,0.04685542312801827
19626,1695772500000,720318.172,0.1061280432269156,93.33333333333333,9,0.003000872638696306,0.04632518661284357,0.03940685680564027
19627,1695858900000,686845.928,0.043837248046878274,71.11111111111111,7,0.03374331048727819,0.04550433449128399,0.030476011642099232
19628,1695945300000,738474.545,0.07438462350458197,84.44444444444444,8,0.00914287098258626,0.04896582624912216,-0.02470391629731883
19629,1696031700000,730875.71,0.08493728261808009,87.77777777777777,8,0.0022140088560353988,-0.00237000948003796,-0.013308053232212957
19630,1696118100000,748260.006,0.08351549122253776,87.77777777777777,8,0.037165863441793734,-0.008806537552009996,-0.022468344957643605
19631,1696204500000,717165.037,0.03811028875380029,68.88888888888889,6,-0.04024405026465716,-0.049693205497480464,-0.0575665394850009
19632,1696290900000,680500.324,-0.052989677808106705,18.88888888888889,1,-0.004252094472277146,-0.031244173668288577,-0.04999669214715741
19633,1696377300000,680390.411,-0.05543072846425434,17.77777777777778,1,-0.00561716315140981,-0.006740595781691727,-0.0537616873233312
19634,1696463700000,691193.151,0.006329254965023345,52.22222222222223,5,-0.021611574765844188,-0.008212155447841818,-0.049886414713850025
19635,1696550100000,720989.156,-0.023677713901431918,34.44444444444444,3,0.020934217388065335,0.013620899451190827,-0.04434552633539446
19636,1696636500000,734152.092,0.004482816921087762,51.11111111111111,5,-0.007090387234870654,-0.03946536291107228,-0.056875121618992
19637,1696722900000,718219.2,-0.04014754999480763,27.77777777777778,2,-7.349248539334496e-05,-0.040537230068225405,-0.04795997109295569
19638,1696809300000,747277.086,0.04198761435159026,71.11111111111111,7,-0.03253506461689237,-0.04194891896857966,-0.046456789367305795
19639,1696895700000,766866.507,0.12691571179913197,97.77777777777777,9,-0.00819838184833932,-0.025481457096190097,0.01255397004266956
19640,1696982100000,795632.282,0.16937609516075325,97.77777777777777,9,-0.0015447170040150393,-0.010008744885518617,-0.0014617363385102111
19641,1697068500000,807052.701,0.1676225376833922,96.66666666666667,9,-0.015905792700468657,-0.006201213392063809,-0.0009845225385337608
19642,1697154900000,835596.92,0.15895906761737777,96.66666666666667,9,0.0075487387369830294,0.011381575100855468,0.017189296642045493
19643,1697241300000,817249.075,0.11318769490069092,94.44444444444444,9,0.0022953673554917398,0.031245365743576503,0.03341177987684962
19644,1697327700000,800318.582,0.1143096453004877,94.44444444444444,9,0.0015052974892408866,0.006323536033862709,0.04721101826298968
19645,1697414100000,799306.541,0.06962538524833062,75.55555555555556,7,0.027337251501429183,0.0037383177570093906,0.06652535568616136
19646,1697500500000,763883.41,-0.003889982119143376,36.666666666666664,3,-0.021926835520598376,-0.02102025121763662,0.10365072120344365
19647,1697586900000,761331.205,-0.04311172105005168,23.333333333333332,2,-0.0010675428615262161,0.024566270759553532,0.13909380313742536
19648,1697673300000,757509.337,-0.061388015849041744,13.333333333333334,1,0.001996582771794264,0.04174265839876612,0.14280046330959184
19649,1697759700000,766808.916,-0.08232199324047307,8.88888888888889,0,0.023617471052950867,0.06043594607195102,0.1519935623551052
19650,1697846100000,790149.885,-0.03315903416593036,28.888888888888886,2,0.015679105548519257,0.10133706021450362,0.11096414332686533
19651,1697932500000,790661.802,-0.012066169919318526,33.33333333333333,3,0.019976657042815926,0.09461883408071747,0.09150439216168049
19652,1698018900000,804528.149,0.0065326726758263565,47.77777777777778,4,0.06309849315233484,0.0755230604304935,0.08134086556413433
19653,1698105300000,737924.831,-0.03398238351583005,28.888888888888886,2,0.009483398387708952,0.021861669282060348,0.025532662206334766
19654,1698191700000,689851.206,-0.09388817709107289,8.88888888888889,0,0.0021830262692696945,-0.0007351579467207436,0.019602341281643954
19655,1698278100000,706904.429,-0.06680433564081611,12.222222222222221,1,0.010057004625326105,-0.005017302975663829,0.03414677851071213
19656,1698364500000,717949.869,-0.06371736945218309,14.444444444444443,1,-0.012839703289758253,-0.004601448070163716,-0.002173214028318382
19657,1698450900000,709071.905,-0.10261088628773263,7.777777777777778,0,-0.0021116240410643528,0.01664588738753925,0.029141534970965166
19658,1698537300000,701152.675,-0.11320785546182233,7.777777777777778,0,0.010479159866281007,0.02251162162466369,0.044522359668178746
19659,1698623700000,717990.042,-0.10756380259356213,8.88888888888889,0,0.008231782030432067,0.02858288591351621,0.05443112705237607
19660,1698710100000,741431.865,0.004752562663120408,51.11111111111111,5,0.003645885121474235,-0.005745031100504949,0.04960060985714754
19661,1698796500000,757974.085,0.09875010496103998,87.77777777777777,8,0.016478980218618933,0.008613762205123221,0.03932058606607014
19662,1698882900000,798665.08,0.1298063037033257,95.55555555555556,9,-0.025416937405241535,0.004965345462421444,0.02339722763699381
19663,1698969300000,745873.108,0.038893020537622114,65.55555555555556,6,0.01814029980109577,0.05186514506683859,0.18424210771948935
19664,1699055700000,753123.355,0.062125504746940896,72.22222222222221,7,0.012802112948906208,0.03685655194241777,0.13480417569344771
19665,1699142100000,786321.12,0.1214691864364632,93.33333333333333,9,0.020064979498590985,0.017419462599072233,0.10589610823450823
19666,1699228500000,793667.479,0.1054017919095318,87.77777777777777,8,0.003612911404440089,-0.0016902509494456375,0.08023409975649809
19667,1699314900000,807167.198,0.08865997821660931,81.11111111111111,8,-0.006184047788216129,0.12179679482118888,0.08489776584826725
19668,1699401300000,762971.062,0.006592543332137879,52.22222222222223,5,0.000905576444421019,0.10127628025207858,0.04881639569983576
19669,1699487700000,776993.011,-0.027135365677938394,35.55555555555556,3,0.12775593779927075,0.08597838106676692,0.09125877640859037
19670,1699574100000,826146.45,0.1076233224378429,88.88888888888889,8,-0.02436346746611484,-0.04051663875165956,-0.07883291812692639
19671,1699660500000,822220.896,0.09174797268104906,81.11111111111111,8,-0.012998066880175352,-0.008742318012637362,-0.05835425142098727
19672,1699746900000,807631.468,0.02710132979767854,53.333333333333336,5,-0.003605341752293656,-0.03509361708347347,-0.04419466896629021
19673,1699833300000,793537.849,-0.00016333036621751784,44.44444444444444,4,0.007945782867425422,0.00849832038374454,-0.015231454542787404
19674,1699919700000,816409.743,0.011450595394487229,52.22222222222223,5,-0.039236232390266634,-0.04750261962975899,-0.01840532464004352
19675,1700006100000,783683.053,0.02714649615374265,54.44444444444444,5,0.04140915333656481,-0.011254847309743021,-0.018833818064307617
19676,1700092500000,784918.477,0.010200176691164575,52.22222222222223,5,-0.048024475270183054,-0.04881963064063333,0.0009018225542911651
19677,1700178900000,763445.231,-0.07589600972079458,14.444444444444443,1,-0.0026738784989610576,0.025730350812859015,0.049494764291243776
19678,1700265300000,780540.922,-0.0506919420350026,24.444444444444443,2,0.0018435391866977735,0.03331137427930897,0.06265479856398004
19679,1700351700000,812657.867,0.00622362946363042,46.666666666666664,4,0.02658782750535238,-0.00949128351513906,0.06241207054745623
19680,1700438100000,805924.464,0.015609356271549357,53.333333333333336,5,0.004697213450118198,0.02502035790184509,0.024702576019384637
19681,1700524500000,828586.008,0.014914404322585284,52.22222222222223,5,-0.03965563254292237,0.018384714987496276,0.0019076612863369036
19682,1700610900000,799760.804,0.020515629294844517,53.333333333333336,5,0.06235654957337955,0.07086322419950797,0.053978530038390815
19683,1700697300000,892376.43,0.13690332964349383,95.55555555555556,9,-0.0018068641460993184,0.009634994065928604,-0.0177586165136725
19684,1700783700000,891861.473,0.1682062272257483,97.77777777777777,9,0.009831992312993254,0.0014995486795237323,-0.004057031378905229
19685,1700870100000,879861.865,0.12724629830490808,92.22222222222223,9,0.0016147014724539055,-0.02575833301295616,0.0018597900888084329
19686,1700956500000,859039.144,0.05707355934573144,63.33333333333333,6,-0.009850113230721824,-0.017354047518519766,0.038992630407246986
19687,1701042900000,818866.898,0.01605911543591021,47.77777777777778,4,-0.017652674067577312,-0.017454002742633423,0.0628285951029941
19688,1701129300000,845379.976,0.020268225432066522,47.77777777777778,4,0.010255120161003939,0.012321928889941214,0.10625073990765954
19689,1701215700000,838942.767,0.04899210214358041,61.111111111111114,6,-0.009950831758680168,0.017909544107379105,0.1218122427456092
19690,1701302100000,833550.53,-0.0659204994914534,7.777777777777778,0,0.012117236855732516,0.06796896961567112,0.09965034102846082
19691,1701388500000,834297.749,-0.06454334640823756,10.0,0,0.015831327414654872,0.06875834445927897,0.14936703926403094
19692,1701474900000,867486.625,-0.014064980529642557,27.77777777777778,2,0.03873845784866292,0.07575488667705943,0.1324091617699963
19693,1701561300000,912313.163,0.062015822412860855,64.44444444444444,6,0.012865329645210366,0.06097408924456582,0.08090011129018082
19694,1701647700000,911798.83,0.11348844632378818,87.77777777777777,8,0.022481387089273497,0.016586348860429423,0.07262796518599246
19695,1701734100000,871289.998,0.030648965832613895,51.11111111111111,5,0.024466263577505698,0.051777337827956016,-0.008035029518254966
19696,1701820500000,840479.213,0.0018314074099408106,31.11111111111111,3,-0.02950969511000856,0.02752497225305217,-0.040221105090204934
19697,1701906900000,805733.836,-0.03337133502872347,18.88888888888889,1,0.057876443547483,0.04975894158537941,0.014598049108644595
19698,1701993300000,885905.044,0.061857166775119765,62.22222222222222,6,0.0008436493132100154,-0.0025987790401900135,-0.017597931151433044
19699,1702079700000,863661.653,-0.004409257606709405,27.77777777777778,2,-0.008509863223751468,-0.05766290097806248,-0.060454339437222226
19700,1702166100000,865290.472,-0.05154226959235486,14.444444444444443,1,0.005113854829751796,-0.057914299141282544,-0.04811381210748922
19701,1702252500000,854219.852,-0.06314877372676608,11.11111111111111,1,-0.05441052081252373,-0.03841167694576797,-0.06482422099146934
19702,1702338900000,782150.943,-0.1023069875754502,3.3333333333333335,0,-0.008774374511161254,0.04163782330783139,-0.0028678539642010836
19703,1702425300000,809702.399,-0.03661817392264288,21.11111111111111,2,0.025921256700254913,0.005863573287864021,-0.011758890591980431
19704,1702511700000,790948.778,-0.0183498040412442,27.77777777777778,2,0.024307121071475812,-0.015126199001016749,-0.0275162445299032
19705,1702598100000,797759.595,-0.09949762629413361,4.444444444444445,0,-0.04281725636411493,-0.05054611205330373,-0.03292639246706286
19706,1702684500000,796924.19,-0.07727269442632079,7.777777777777778,0,0.004512932414215909,9.467690379483251e-05,0.049101245677548366
19707,1702770900000,793591.106,-0.08286161505312395,6.666666666666667,0,-0.012530968367383655,-0.02193368281210728,0.03723385156726877
19708,1702857300000,799528.515,-0.06402489578291837,14.444444444444443,1,0.008235764671660428,-4.999636390068396e-05,0.03046596611155561
19709,1702943700000,814937.717,0.041918729745749284,64.44444444444444,6,-0.017612745009647157,0.010237661611699034,0.025686567971581642
19710,1703030100000,804792.403,-0.0060639514049407595,36.666666666666664,3,0.009563098554063343,0.06780897664750074,0.02478421079198423
19711,1703116500000,815681.382,0.031269539429012116,60.0,5,0.018608667984818306,0.050448853435149044,0.08073452876070997
19712,1703202900000,835772.698,0.04764982237537363,66.66666666666666,6,0.03837143405369958,0.011691261451412194,0.04596182937005522
19713,1703289300000,872629.965,0.09499746142729082,82.22222222222221,8,-0.006850080361670563,-0.022226233143387453,-0.011074439831885052
19714,1703375700000,849344.257,0.07025425383232542,73.33333333333333,7,-0.01897414151204646,-0.03367315148158412,-0.007005504015508146
19715,1703462100000,833620.099,0.04263960992060434,64.44444444444444,6,0.0035594722983076643,0.04872992559070921,0.006638173245294698
19716,1703548500000,823514.146,0.010524030022284414,48.888888888888886,4,-0.018477009220924434,0.0302075367210779,0.03396974411715581
19717,1703634900000,813510.882,0.010833202410336362,50.0,4,0.06468238686739336,0.03044482854353814,0.056223748667842965
19718,1703721300000,874594.956,0.07222620903219301,76.66666666666667,7,-0.014165128045523723,-0.03483241997417652,-0.07007700816345408
19719,1703807700000,842769.201,0.008371298819335182,47.77777777777778,4,-0.01825093110465481,-0.026343969044236526,-0.03149757464835601
19720,1703894100000,779614.343,-0.10659228508156948,2.2222222222222223,0,-0.002763763411422704,0.022310002129314555,-0.015335410501431834
19721,1703980500000,780517.35,-0.08103534748454777,10.0,0,-0.005494912521515571,0.02785802993659736,-0.02408000522909981
19722,1704066900000,779243.766,-0.06522915302213717,15.555555555555555,1,0.03080745232753812,-0.031193038418395824,-0.027293360908581032
19723,1704153300000,783311.722,-0.048818134084608666,25.555555555555554,2,0.0026481902616311004,-0.03502157233640102,-0.00887122484113001
19724,1704239700000,789495.894,-0.029520180407371588,32.22222222222222,3,-0.06262983406676337,-0.03936780878250623,-0.007550513400995551
19725,1704326100000,731160.537,-0.16400096755188698,0.0,0,0.02673390470590875,0.012907894439293521,0.1699825874584473
19726,1704412500000,727924.564,-0.1362705671537705,1.1111111111111112,0,-0.0018677097649504315,-0.022117383796736778,0.15506396024949787
19727,1704498900000,743827.51,-0.04590325116684002,27.77777777777778,2,-0.01162000423668974,0.029021324671656412,0.11522030786612047
19728,1704585300000,742508.376,-0.04869715452193335,27.77777777777778,2,-0.008769462267647299,0.04526721408829282,0.15044271496122041
19729,1704671700000,751883.142,-0.03511176501346558,32.22222222222222,3,0.050329962386540306,0.16529201108133074,0.11380886956913439
19730,1704758100000,770185.747,-0.01675702613831176,40.0,3,0.003984251698346153,0.12458827969532704,0.07883586083853711
19731,1704844500000,767651.846,-0.027668349089602695,37.77777777777778,3,0.10505047053144634,0.07946705852702096,0.10494367719364206
19732,1704930900000,851245.866,0.16423934679614693,98.88888888888889,9,0.01364186339581508,-0.004008674508773069,-0.02221973102837771
19733,1705017300000,869728.995,0.19480649233867586,100.0,9,-0.03629804208711829,-0.05704413884630344,-0.05823398851337436
19734,1705103700000,903764.594,0.2150190492416717,100.0,9,0.01959635931935111,-0.004550850811238627,-0.013795013850415594
19735,1705190100000,902189.308,0.21505606826986146,100.0,9,-0.04033347305668111,0.003927778554018602,-0.041443497430642906
19736,1705276500000,912540.734,0.2136736189784132,97.77777777777777,9,0.01735015772870674,0.022975814931650795,-0.007684219040685947
19737,1705362900000,901739.412,0.17080771166231412,95.55555555555556,9,0.028280659908566763,-0.018294573643410805,-0.08085470085470081
19738,1705449300000,913231.662,0.18964302210510153,95.55555555555556,9,-0.022125228095135063,-0.03653388179259576,-0.1331998268023381
19739,1705535700000,893898.151,0.05010571763528526,72.22222222222221,7,-0.023693272344143423,-0.02359048157475463,-0.116442174261982
19740,1705622100000,921300.926,0.05929655248529464,73.33333333333333,7,0.009176020862691647,-0.006430503587799952,-0.10168537505871689
19741,1705708500000,930923.884,0.030051287891014633,62.22222222222222,6,-0.008988259086568195,-0.07223911979262787,-0.08967794746683566
19742,1705794900000,923451.065,0.023566846571407174,58.88888888888889,5,-0.006535100860819321,-0.09217164559832203,-0.08231635718739616
19743,1705881300000,920252.539,0.008450915901798917,47.77777777777778,4,-0.057666286273231115,-0.08914248451255291,-0.08053064884251704
19744,1705967700000,938851.111,0.04115568035081063,65.55555555555556,6,-0.03027970122528778,-0.040543053747442936,0.0006357828996024217
19745,1706054100000,862916.429,-0.05509580437652417,21.11111111111111,2,-0.0032201953525711202,0.01184157709290412,0.04518977744079211
19746,1706140500000,854438.476,-0.044143367961838376,26.666666666666668,2,-0.007387421248568282,0.014121563573883167,0.021598475085910618
19747,1706226900000,862990.544,-0.06329135286248477,17.77777777777778,1,0.022665290280701633,0.01696741301045379,0.03842010124550921
19748,1706313300000,863976.549,-0.07191493971810048,12.222222222222221,1,-0.0009741476208318112,0.019804729685054978,0.01719084036761953
19749,1706399700000,848275.143,-0.08140758600998521,7.777777777777778,0,-0.004601930781313324,0.03396516122200466,0.012596847920085974
19750,1706486100000,822272.734,-0.10647056198994087,3.3333333333333335,0,0.025518503907340673,0.012030088519111137,0.014596566504581077
19751,1706572500000,848894.194,-0.09581595627466855,6.666666666666667,0,0.012897760181191043,-0.004313661079366149,-0.005644931232116401
19752,1706658900000,842384.545,-0.023793594964686804,35.55555555555556,3,-0.025718821210026332,-0.015264015840096956,0.012174514171595208
19753,1706745300000,832736.639,-0.025398946336775308,35.55555555555556,3,0.008956923548606,0.005185817839388429,0.06125309331406159
19754,1706831700000,852335.119,-0.012347093573715995,41.11111111111111,4,0.0017581177287724348,-0.006363952075012946,0.049978294842854654
19755,1706918100000,835910.566,-0.03248465833069736,32.22222222222222,3,-0.005486100578510733,-0.0030897233115940725,0.07672740666912214
19756,1707004500000,851807.155,0.004163757513286015,47.77777777777778,4,-0.0026361770639522497,0.03353391518045834,0.08921607501557749
19757,1707090900000,835253.685,0.015786673281568353,60.0,5,0.005059110330545957,0.05856859507020706,0.09425760395641647
19758,1707177300000,845977.323,-0.003436083107431487,45.55555555555556,4,0.031049501851755146,0.05138403491384569,0.15724271034374837
19759,1707263700000,891594.496,0.05841744283188377,78.88888888888889,7,0.0215223761040495,0.04753894475010023,0.11328232045363529
19760,1707350100000,866191.602,0.04017472203477768,70.0,6,-0.0017622781675609156,0.03167148163433753,0.14633512174989693
19761,1707436500000,845860.404,-0.007596442825911542,42.22222222222222,4,0.027278778532535686,0.035539311952967,0.16667424640203743
19762,1707522900000,819970.672,-0.019068898813273227,37.77777777777778,3,0.00604899565744077,0.07145703120283664,0.12885608380857327
19763,1707609300000,831410.775,-0.023944832912327407,36.666666666666664,3,0.0019802059414180118,0.05636986246569653,0.11502396249209923
19764,1707695700000,836329.969,0.0012885713877455185,48.888888888888886,4,0.06290998087587685,0.10894761427561894,0.14852137390255882
19765,1707782100000,870376.94,0.028841927953191737,67.77777777777779,6,-0.008117163612870293,0.05995282203841845,0.10524892384665652
19766,1707868500000,871361.144,-0.0226934465059776,38.88888888888889,3,0.05185087005093436,0.06219302065779253,0.14246871035540498
19767,1707954900000,874029.744,0.00904897020694051,56.666666666666664,5,0.015949192999636264,0.0034922612211392146,0.07093250575143029
19768,1708041300000,872118.103,0.031042591514899742,70.0,6,-0.006020830158724455,0.019426833978886338,0.05337240907625085
19769,1708090200000,884722.619,0.07896861340426087,86.66666666666667,8,-0.025929656736709328,0.022463916145983864,0.03482294432978095
19770,1708214100000,867465.73,0.04336599438466493,74.44444444444444,7,0.03208157085607066,0.08237092208505103,0.07397202280367532
19771,1708300500000,866754.744,0.03637891278292793,68.88888888888889,6,0.02286308222297162,0.03403216891635874,0.08238982997820399
19772,1708386900000,880933.444,0.012128657728455172,56.666666666666664,5,0.02528496564099436,0.010202347695465797,0.08051426357537572
19773,1708473300000,894429.409,0.026473827940163508,62.22222222222222,6,-0.014011256737137323,-0.030525115517458623,0.07543936410705165
19774,1708559700000,887544.831,0.015462960034000828,57.77777777777777,5,-0.0007093414554610877,0.006340369597154449,0.1362339011426783
19775,1708646100000,875826.438,0.00425210185093472,51.11111111111111,5,-0.01605057056733772,0.04750915060824634,0.12692431908709234
19776,1708732500000,866314.464,-0.02080669647714739,37.77777777777778,3,0.023482188343014965,0.08704957996697171,0.17469749758100628
19777,1708818900000,883539.486,0.018529557357845228,63.33333333333333,6,0.04017104010422767,0.08384973859593448,0.14301892465215738
19778,1708905300000,958217.793,0.10552356319148104,91.11111111111111,9,0.02109066384044711,0.08547066191347907,0.1215659825930564
19779,1708991700000,875881.342,-0.005734941764794721,46.666666666666664,4,0.020469464076216415,0.053592378364267335,0.14190232656155155
19780,1709078100000,833385.944,-0.06824849941847111,13.333333333333334,1,0.041726640879039545,0.05895298124489523,0.0970056558122332
19781,1709164500000,801098.029,-0.09739992728322255,6.666666666666667,0,-0.00889689718121911,0.01234973356648128,0.13230251225653356
19782,1709250900000,846940.633,-0.03298119781124942,30.0,2,0.02566153993121878,0.04252841994650347,0.15534844287351923
19783,1709337300000,818376.981,-0.05533496783449754,20.0,1,-0.004118496268613159,0.05670136099565748,0.1319344999010399
19784,1709423700000,814198.482,-0.07848093390135147,12.222222222222221,1,0.02064841578573562,0.04021837928202543,0.14305713459026115
19785,1709510100000,813275.317,-0.1512625595755347,1.1111111111111112,0,0.03960517951331832,0.09586165820022785,0.1121120662501216
19786,1709596500000,762222.642,-0.1297649516548327,3.3333333333333335,0,-0.019652777969056956,0.06599862829944936,0.1216158522309414
19787,1709682900000,718405.322,-0.13796803609157104,2.2222222222222223,0,0.07524485977107087,0.09267022179266027,0.11865092521311094
19788,1709769300000,749912.71,-0.06389395198474523,22.22222222222222,2,0.011275179710425132,0.021965043023368436,0.04720158662552043
19789,1709855700000,755489.33,-0.10797841009949516,5.555555555555555,0,0.004875792606985785,0.0035140847617916027,0.0049016314655283555
19790,1709942100000,766001.206,-0.06399957014431223,23.333333333333332,2,0.00566725207700669,0.04706853415136503,-0.03705313177389624
19791,1710028500000,781136.295,-0.040607035914370426,34.44444444444444,3,-0.0069827795604762155,0.01800795182879278,-0.09879699824855215
19792,1710114900000,773667.93,-0.04870108089115899,30.0,2,0.048489342746939945,0.03189966372620212,-0.05894318363227191
19793,1710201300000,787527.877,0.03319926961707864,75.55555555555556,7,-0.022244269485223622,-0.04492811991964751,-0.13398869368329547
19794,1710287700000,797222.756,0.10971165105038017,92.22222222222223,9,0.006567909420617468,-0.05941760350422465,-0.20672463506032934
19795,1710374100000,795342.351,0.06057990535991853,85.55555555555556,8,-0.029573588380164884,-0.12051511741353371,-0.12275833846936979
19796,1710460500000,818491.32,0.08339229622210542,88.88888888888889,8,-0.03707789185700594,-0.06024257477931971,-0.10251188575278158
19797,1710546900000,818761.597,0.06887768659727134,84.44444444444444,8,-0.05881583269023816,-0.05833518028470641,-0.11211751417257021
19798,1710633300000,830905.851,0.0637143048128368,83.33333333333334,8,0.03693132651468933,-0.10390818946562075,-0.05363369412565788
19799,1710719700000,831985.567,0.07537812379013831,86.66666666666667,8,-0.03512348077333505,-0.03807574654839374,-0.054692159942213436
19800,1710806100000,854562.283,0.08512004204265144,88.88888888888889,8,-0.10436558011598063,-0.01021423811481803,0.01740844191750912
19801,1710892500000,813416.539,0.02031274556342444,61.111111111111114,6,0.11311071076902612,0.05275755839172236,0.13721777729933748
19802,1710978900000,763058.858,-0.040590687720086005,30.0,2,-0.007176461887668295,-0.051213712361263486,-0.001405141566590662
19803,1711065300000,774410.286,-0.05385644651674493,23.333333333333332,2,-0.04738384668937634,-0.010170666651386773,0.020985953020115078
19804,1711151700000,790374.762,-0.0346704524296344,33.33333333333333,3,0.0031789091259053492,0.07903664316820258,0.056588792916776987
19805,1711238100000,781527.744,-0.059426837517840614,21.11111111111111,2,0.03577156801904291,0.07680454249747415,0.05227229802045197
19806,1711324500000,783856.456,-0.05784849270107595,22.22222222222222,2,0.03846966508728111,0.01614793932149139,0.05646713536887882
19807,1711410900000,825538.736,-0.033963056382632306,36.666666666666664,3,0.0011037281484125305,-0.006733856582233355,-0.023089100963253673
19808,1711497300000,834760.788,0.02624024466756003,67.77777777777779,6,-0.02257363995768147,-0.02188317835068776,-0.08841806336655722
19809,1711583700000,851975.994,0.11652723124537778,92.22222222222223,9,0.015085224683255793,-0.00021363139185126556,-0.05519380639868743
19810,1711670100000,843585.798,0.0893266957458776,88.88888888888889,8,-0.014165132671844827,0.024227764557985143,-0.06624612759843751
19811,1711756500000,872412.28,0.10379572064321563,88.88888888888889,8,-0.0009193897301605913,-0.0023340544233176885,-0.054577023795969404
19812,1711842900000,884791.645,0.13213081914594205,92.22222222222223,9,0.039900625931275746,-0.06716581623204754,-0.043390684250862455
19813,1711929300000,900379.108,0.14865304879239272,92.22222222222223,9,-0.03973128914362112,-0.09125155478600122,-0.05275039588824171
19814,1712015700000,885780.014,0.07297207916843274,80.0,7,-0.0658430813124109,-0.05061340941512127,0.054653352353780216
19815,1712102100000,853893.654,0.02292017818163261,60.0,5,0.013050436439823843,0.014427863735485102,0.07189193151345985
19816,1712188500000,836580.674,-0.018070133558246604,42.22222222222222,4,0.00321078098855887,0.012276338202264148,0.06844842400397955
19817,1712274900000,830754.215,-0.015210762237132802,43.333333333333336,4,-0.001845173698761804,0.039031133549705554,0.05471811515807179
19818,1712361300000,853994.046,-0.02111184633943952,37.77777777777778,3,0.010901832326747796,0.1129322647269575,-0.023263865890301272
19819,1712447700000,839343.874,-0.05136550650859739,21.11111111111111,2,0.029725970688006864,0.045251617937438704,-0.10241923714957091
19820,1712534100000,850254.227,-0.05567086192319781,17.77777777777778,1,0.0691486284808589,0.025021113643462822,-0.08909379085345392
19821,1712620500000,896187.594,0.011749621616547357,53.333333333333336,5,-0.050574047222282315,-0.050555110697513395,-0.16159889194277932
19822,1712706900000,865779.794,0.013919930127505031,54.44444444444444,5,0.009795960234897816,-0.0756266365778534,-0.12217596826997867
19823,1712793300000,842400.321,0.006956468372827818,50.0,4,-0.009681178558630266,-0.14960820995544555,-0.15941918572004987
19824,1712879700000,826069.79,-0.0056387616402282514,45.55555555555556,4,-0.07564507305509327,-0.10264183629276735,-0.12735064165393994
19825,1712966100000,774255.21,-0.09337165331946595,7.777777777777778,0,-0.07102235072545071,-0.04469220360089887,-0.05764150681680169
19826,1713052500000,707868.113,-0.1566411158437786,0.0,0,0.04501323918799649,0.022244490307852693,0.0457531737552177
19827,1713138900000,688453.598,-0.19029676520502614,0.0,0,-0.015952042267831867,-0.05411438223938214,-0.0014955039626092237
19828,1713225300000,670207.576,-0.25215704782452053,0.0,0,-0.005930562725864674,-0.011770779556014466,0.03173399586990211
19829,1713311700000,662272.704,-0.23505640973644615,1.1111111111111112,0,-0.0330463967385306,-0.007670035899533301,0.044484909861660205
19830,1713398100000,656016.813,-0.22125289289864836,2.2222222222222223,0,0.028099939241559957,0.05795885210187279,0.05333315430293939
19831,1713484500000,649504.004,-0.21374197209172852,3.3333333333333335,0,-0.0018055845784138436,0.026776851948594693,0.030623106258489408
19832,1713570900000,670183.905,-0.13441472999581094,8.88888888888889,0,0.03090419633715924,0.04591144155253679,0.02402860142810881
19833,1713657300000,665154.565,-0.06034111046332735,24.444444444444443,2,-0.0022020071898390947,0.021004737171087084,0.034020059206706144
19834,1713743701000,663253.442,-0.03660400072453385,37.77777777777778,3,0.01679635453600148,-0.0021750674938707526,0.03656593729827362
19835,1713830100000,672829.813,0.003912574393220458,60.0,5,0.00635486544385544,-0.012834826664164689,0.005995215086550543
19836,1713916500000,672563.652,0.01553883760850261,68.88888888888889,6,-0.02485495063504739,-0.027104886151398278,-0.062022393695208344
19837,1714002900000,683157.714,0.04137226434164587,81.11111111111111,8,0.0059339237513107435,0.0385609438189356,-0.052471565287502187
19838,1714089300000,674954.563,0.03918460678188529,78.88888888888889,7,-0.00819259245179016,0.03269750452239961,-0.05353697596396023
19839,1714175700000,682799.449,0.018824003241319165,68.88888888888889,6,0.040962739367224055,0.027492693210674934,-0.00998195262964563
19840,1714262100000,696306.789,0.04683456393327168,82.22222222222221,8,0.00025468794589555976,-0.07382881901506344,-0.04421750964285387
19841,1714348500000,717732.365,0.08213892239401299,90.0,8,-0.013191317045635809,-0.08788484900543603,-0.03764433755046437
19842,1714434900000,716114.375,0.06433211068190281,84.44444444444444,8,-0.0616870601109204,-0.07125270461836897,-0.047452062970976594
19843,1714521300000,725791.396,0.0791415709750547,88.88888888888889,8,-0.014925669832918653,0.026872831967769795,-0.001964688615076704
19844,1714607700000,661088.847,-0.03230420523363964,35.55555555555556,3,0.004802841344795583,0.047607996663572516,0.0001513500423782066
19845,1714694100000,711946.699,0.054806853717055404,78.88888888888889,7,0.03744912167952008,0.050038158740359995,0.016180644815766865
19846,1714780500000,727875.145,0.06601601109376398,83.33333333333334,8,0.004965477189133427,-0.011395754016906512,-0.06175066141833896
19847,1714866900000,727281.982,0.04448497916340144,75.55555555555556,7,0.007133707248321741,-0.032885042009252574,-0.06607508050301947
19848,1714953300000,730808.527,0.018218715830099264,58.88888888888889,5,-0.023248252316696583,-0.05206231411439566,-0.06592583383540385
19849,1715039700000,716795.643,0.0009513396515745676,46.666666666666664,4,-0.016879454844520914,-0.009209942299156615,-0.037923291820056826
19850,1715126100000,705930.632,-0.027364286914197566,35.55555555555556,3,-0.012837111102258714,-0.03464061400363827,-0.04339122814006291
19851,1715212500000,726082.877,0.09831360836737879,93.33333333333333,9,0.02090668496043646,-0.021760842589510054,0.020852879755455245
19852,1715298900000,731408.624,0.027336210740686262,66.66666666666666,6,-0.04211327268055831,-0.03480397646795319,-0.030297839821335604
19853,1715385300000,765789.35,0.05208888538157175,76.66666666666667,7,0.0003335614389221586,0.013710406773016492,0.06317034673195754
19854,1715471700000,747933.082,0.02839490116778398,65.55555555555556,6,0.00729465310864974,-0.00939504568611671,0.07272308506761838
19855,1715558100000,750925.301,0.027526736835679966,64.44444444444444,6,0.006033717834960095,0.03600436830250486,0.04842331581462034
19856,1715644500000,786751.133,0.09759474779620003,92.22222222222223,9,-0.02246699322903234,-0.0013569073367979412,0.239914786219249
19857,1715730900000,801159.476,0.13489830258562852,98.88888888888889,9,0.05345895580656901,0.07289573681744832,0.3171655128138393
19858,1715817300000,796416.84,0.09686767892200265,90.0,8,-0.030246730572849656,0.02794413150179542,0.23297756695325633
19859,1715903700000,787876.06,0.07720367814531004,82.22222222222221,8,0.05021604141473146,0.04355136758291778,0.2814992458931749
19860,1715990100000,841719.412,0.09915267429613639,92.22222222222223,9,0.009321702229510676,0.18223248622930344,0.20687904104848132
19861,1716076500000,843109.852,0.12725305550797916,96.66666666666667,9,-0.015523004105071903,0.21633504564929673,0.20280529269066472
19862,1716162900000,823874.169,0.09714530580186165,87.77777777777777,8,0.1897828514138582,0.21837250861791158,0.24639252105244314
19863,1716249300000,956844.247,0.21619684658274263,100.0,9,0.038436494561054246,0.03213574383330786,0.06743964630436206
19864,1716335700000,1059697.033,0.3227042364783812,100.0,9,-0.013873922768672275,-0.016937988887161692,0.012967612584011468
19865,1716422100000,1051797.505,0.3206620605862627,98.88888888888889,9,0.007916215819073313,0.002789243778303252,0.007753242763061108
19866,1716508500000,1032822.887,0.3108951260684325,97.77777777777777,9,-0.010936812473161583,0.014963234709403084,-0.005807696589601785
19867,1716594900000,1055361.999,0.2538168705083874,96.66666666666667,9,0.005914796908332631,0.04564068479787298,0.009704340555085178
19868,1716681300000,1080020.515,0.28099619810871324,96.66666666666667,9,0.02015244885290368,0.02436197677299723,0.016987310138301792
19869,1716767700000,1130649.941,0.3723575559752743,100.0,9,0.01895780393467783,-0.014901946445966874,-0.010514412266292017
19870,1716854100000,1132855.139,0.1839493653767037,92.22222222222223,9,-0.01455549233395359,-0.03868905736591466,-0.034049958735089536
19871,1716940500000,1107967.948,0.04555161852566969,60.0,5,-0.018950122632210076,-0.020104920113502955,-0.007459367514298432
19872,1717026900000,1137887.774,0.08185061153952833,73.33333333333333,7,-0.005646916597958018,0.011977825910598483,0.026278045689652973
19873,1717113300000,1105037.088,0.0699192493785239,67.77777777777779,6,0.004495196858161465,0.010158185070934023,0.01753020127070637
19874,1717199700000,1127030.811,0.06790922173425717,65.55555555555556,6,0.013170432617656713,0.0003291281024968562,-0.023015078844760395
19875,1717286100000,1149824.44,0.06463203617942392,63.33333333333333,6,-0.007434866326971767,-0.00026197555768048275,-0.034879425749577475
19876,1717372500000,1125206.31,-0.00481460335564643,34.44444444444444,3,-0.0052787580138145,0.021727367984860635,-0.021526775180335522
19877,1717458900000,1139524.154,0.005886908899832566,36.666666666666664,3,0.012571740912817653,0.012643382323676011,-0.026395879822859958
19878,1717545300000,1127317.744,0.0174642200028694,41.11111111111111,4,0.014396708724761842,-0.03546244251405206,-0.08270639256842627
19879,1717631700000,1115723.969,-0.01947802367371243,27.77777777777778,2,-0.014122637293372153,-0.04832747365729029,-0.07983539519876837
19880,1717718100000,1100696.76,-0.003927766811750666,32.22222222222222,3,-0.035530680585470154,-0.02861582320604128,-0.09087312193102437
19881,1717804500000,1046832.693,-0.07115876266846799,8.88888888888889,0,0.0008666547128086677,-0.0031324541814052864,-0.054015137931221924
19882,1717890900000,1034342.91,-0.10043405408916162,7.777777777777778,0,0.006297485620288645,-0.04980442506942162,-0.032166036465699044
19883,1717977300000,1043969.022,-0.07219768257431836,10.0,0,-0.010228716474113941,-0.03915882833721318,-0.02373752768254289
19884,1718063700000,1050016.282,-0.07854846401088234,10.0,0,-0.04599254896723881,-0.054419247320326214,-0.04291293410986863
19885,1718150100000,1040775.05,-0.07676867898213435,11.11111111111111,1,0.01757162486823427,-0.005293484129546111,-0.00487069100964721
19886,1718236500000,984636.299,-0.11749113010226997,7.777777777777778,0,-0.02594861371573587,0.000974160874105845,-0.0012633210182928512
19887,1718322900000,975099.932,-0.11410665731404535,8.88888888888889,0,0.0035710065396399315,0.043117237960462296,0.012341444715688432
19888,1718409300000,963248.854,-0.07984450577337854,12.222222222222221,1,0.023983342906375604,0.00856691556576683,0.009758759333716283
19889,1718495700000,1058896.504,0.02373834998298574,52.22222222222223,5,0.01506095902129001,-0.02300652641557599,-0.019680214050724842
19890,1718582100000,1061869.687,0.017146739628065344,46.666666666666664,4,-0.029669458251939007,-0.01703963019553989,-0.05543198653849868
19891,1718668500000,996017.447,-0.05142666444861843,23.333333333333332,2,-0.008072714225916378,0.00017085109472825266,-0.04479715703778364
19892,1718754900000,1000197.258,-0.03898805222127488,26.666666666666668,2,0.0212603488465557,0.009329750709061058,-0.025474525474525556
19893,1718841300000,1028235.539,0.04427953757573189,61.111111111111114,6,-0.012680110413375578,-0.01748399174710613,-0.05344423393693398
19894,1718927700000,997339.934,0.022807920778318724,51.11111111111111,5,0.0010106962985738654,-0.02671654666427503,-0.018183992278849703
19895,1719014100000,977874.851,0.015184027408144729,44.44444444444444,4,-0.0058703405593888425,-0.04592460707967616,-0.03935744799458474
19896,1719100500000,947289.564,-0.10539929027851425,10.0,0,-0.02195780667975078,-0.028781177224533327,-0.03419409842819299
19897,1719186900000,964256.402,-0.09192586076713194,13.333333333333334,1,-0.01874457012979036,-0.01497108456995433,0.006256965591076913
19898,1719273300000,999878.316,0.0038763065964646515,37.77777777777778,3,0.011992809680102079,0.028036881690619353,0.026027646362658086
19899,1719359700000,1009990.556,0.009791366574612104,42.22222222222222,4,-0.008050690185404497,-0.00504898755132932,0.007538132522667551
19900,1719446100000,1014949.462,-0.012921238856343331,33.33333333333333,3,0.024098639607294636,0.002497468380743717,-0.02091518407321946
19901,1719532500000,1047194.846,0.04998788306816171,66.66666666666666,6,-0.020576704479550845,-0.002487994989212816,-0.10947177952536713
19902,1719618900000,1042762.61,0.06635589302009759,73.33333333333333,7,-0.0005270014211273821,0.019013500710563846,-0.11728150165798201
19903,1719705300000,1039714.299,0.09756756382887799,84.44444444444444,8,0.01900575267638671,0.013184944694918599,-0.09220278332375542
19904,1719791700000,1021903.516,0.0597840096061919,70.0,6,0.0005348868307373245,-0.04157000912796005,-0.14765202123268162
19905,1719878100000,1012460.666,0.012583881257006935,45.55555555555556,4,-0.00624378962293215,-0.10772788815219858,-0.12343178899535723
19906,1719964500000,1023780.224,0.013653264298443712,46.666666666666664,4,-0.03606377162437535,-0.12830925670914795,-0.1046156365029105
19907,1720050900000,1050761.05,0.03528410954515082,60.0,5,-0.06852938143391829,-0.07049481646840439,-0.05992150392177087
19908,1720137300000,1059891.749,0.01212468056780347,43.333333333333336,4,-0.02916601542148589,-0.04525502761279565,0.00930303740752314
19909,1720223700000,948089.621,-0.09079054819581611,14.444444444444443,1,0.02786880297303007,0.011913586251077524,0.05079709002606103
19910,1720310100000,943626.172,-0.09241781813755745,13.333333333333334,1,-0.043236223144594965,-0.0006689377920483519,0.03601822121283327
19911,1720396500000,944196.365,-0.07604157318507554,20.0,1,0.02896598296078512,0.05707932306978725,0.10887567102992435
19912,1720482900000,899220.579,-0.11184640628794551,10.0,0,0.015087885607841134,0.027384910125655137,0.15526402142532802
19913,1720569300000,900916.361,-0.12000999835683479,7.777777777777778,0,0.012052205543818584,0.022990945335688684,0.12391469742139605
19914,1720655700000,914343.948,-0.1298269497142096,7.777777777777778,0,6.13017919481873e-05,0.02436584909434658,0.09235598918507337
19915,1720742100000,939584.717,-0.11350879192474983,12.222222222222221,1,0.010746513271024494,0.04893518862050383,0.10480673375037486
19916,1720828500000,944340.325,-0.00395457973271085,36.666666666666664,3,0.013412407594193265,0.11251484238346343,0.11800492830969178
19917,1720914900000,947928.58,0.0045594411512357436,41.11111111111111,4,0.02404769853918487,0.0841149754011099,0.10828236124147228
19918,1721001300000,951722.154,0.00797057612057217,42.22222222222222,4,0.07201141700678804,0.04133128696609667,0.08689474024156563
19919,1721087700000,934741.173,0.039501535918474495,61.111111111111114,6,-0.012457609126016345,-0.017487132110334036,-0.013605247000361476
19920,1721174100000,915082.946,0.015724639504021587,47.77777777777778,4,-0.016365485183033046,0.0176118535735037,0.010932597327135474
19921,1721260500000,947818.953,0.03661095485262611,58.88888888888889,5,0.011460065511405437,0.039300936003804354,-0.014298499263070474
19922,1721346900000,930024.951,-0.010174458808273612,28.888888888888886,2,0.02282104968068044,0.03192902843359713,-0.07311204361550838
19923,1721433300000,943244.438,-0.0011604788771463204,32.22222222222222,3,0.004599414152834269,-0.018449046713602923,-0.0647343988214536
19924,1721519700000,940683.624,-0.00764293444976627,27.77777777777778,2,0.004285637147493526,-0.011111963691445514,-0.0758000755954562
19925,1721606100000,918919.16,-0.03446698583418706,21.11111111111111,2,-0.027112380122304214,-0.05561985505728939,-0.07455409317422268
19926,1721692500000,937910.56,0.0033906573194246725,34.44444444444444,3,0.01210878417684702,-0.07675974403723096,-0.034421175101803425
19927,1721778900000,952731.59,0.04114232940802731,61.111111111111114,6,-0.040915269726953696,-0.05855507625810785,-0.05786822162126437
19928,1721865300000,993929.574,0.048649186486567464,66.66666666666666,6,-0.048890407100435795,-0.025544908098260266,-0.03127415904065023
19929,1721951700000,944147.595,0.015185231304616797,45.55555555555556,4,0.0320657824265147,0.030323556283671005,0.009161652121861374
19930,1722038100000,918854.974,-0.025856992119363986,24.444444444444443,2,-0.0072865916944454545,0.013364347900411522,-0.08851362076754954
19931,1722124500000,870563.671,-0.07454148367315472,16.666666666666664,1,0.0056395890541540705,0.0080750059194159,-0.10657716304685416
19932,1722210900000,903361.817,-0.016930045293646945,27.77777777777778,2,0.015077896861192208,-0.011454431482868843,-0.1790053052425581
19933,1722297300000,952225.463,0.015262545929752624,50.0,4,-0.012468144328033559,-0.035087930691697355,-0.2720218335612683
19934,1722383700000,951292.027,-0.0015109848514627267,35.55555555555556,3,-0.013842667016444654,-0.0891781335887526,-0.25100434070409094
19935,1722470100000,965257.089,-0.028847602234642777,23.333333333333332,2,-0.009189919854990403,-0.10129327010816946,-0.2771606828565153
19936,1722556500000,953833.688,0.010259087722402027,45.55555555555556,4,-0.06782634756710515,-0.16178922196067647,-0.1629068613065765
19937,1722642900000,953204.164,0.0373826022298922,65.55555555555556,6,-0.026959864966241587,-0.19065480655878264,-0.13029150144679025
19938,1722729300000,896600.908,0.02990848098461485,63.33333333333333,6,-0.07588575834130695,-0.15488638475676497,-0.10335855057100185
19939,1722815700000,908684.113,0.005891654816311487,43.333333333333336,4,-0.09992774512652058,-0.12964163072545376,-0.047986174737610576
19940,1722902100000,776987.148,-0.18403027624141566,0.0,0,0.016042935646186418,0.10954051906779672,0.12622484110169485
19941,1722988500000,800773.171,-0.15822570959064708,1.1111111111111112,0,-0.04828114245686044,0.05761563241984047,0.10042314725442991
19942,1723074900000,816285.831,-0.15433324416641503,2.2222222222222223,0,0.14742004227895555,0.11479506688462293,0.1396403721232764
19943,1723161300000,801842.486,-0.15934769752019906,1.1111111111111112,0,-0.03150639973744662,-0.04671509980010147,-0.041385714711937305
19944,1723247700000,793144.01,-0.16791801803333284,1.1111111111111112,0,0.0031730384153290103,0.04805766920304344,-0.002037059856443091
19945,1723334100000,801750.812,-0.10578853440108271,12.222222222222221,1,-0.018816791548949774,0.03718446751013382,0.0021611288539491458
19946,1723420500000,812560.138,-0.10578370813884796,13.333333333333334,1,0.0647783733030789,0.04189194475959468,0.022326982512421267
19947,1723506900000,794868.734,0.023014004859704507,64.44444444444444,6,-0.007234502219217509,-0.055586990388289625,-0.03221539637282844
19948,1723593300000,760006.377,-0.050909290516177874,28.888888888888886,2,-0.014363487651693707,-0.04085877445882469,-0.04829403513706554
19949,1723679700000,779011.315,-0.04566355874919026,30.0,2,-0.03484180566090167,-0.01968699074039304,-0.012473809505928912
19950,1723766100000,751193.404,-0.06316587470023394,27.77777777777778,2,0.008247775629379284,0.01664338874645499,0.019837456572738166
19951,1723852500000,764994.704,-0.035490788110471905,33.33333333333333,3,0.0073931447489763435,0.016364471231946398,0.06409964539143909
19952,1723938900000,758465.725,-0.05398820475407273,28.888888888888886,2,0.0009269367040123377,-0.01503399406300876,0.05959590156085426
19953,1724025300000,781932.926,-0.037692240324986304,34.44444444444444,3,0.007971161462897447,0.006425146469613452,0.05031436913786713
19954,1724111700000,766910.898,-0.035172896862238345,36.666666666666664,3,-0.023728170083523126,-0.004791192103264952,0.017194381169324258
19955,1724198100000,774841.918,0.019520284893609574,71.11111111111111,7,0.022733812949640386,0.07241298852809641,-0.04470931363017683
19956,1724284500000,776776.48,-0.00286880942159351,50.0,4,-0.003262407032806558,0.05185630199698865,-0.03989414287669779
19957,1724370900000,774787.477,0.03140878617192966,77.77777777777779,7,0.05200695816707235,0.047024849506748234,-0.036488414499233235
19958,1724457300000,774998.483,0.013076925824051067,64.44444444444444,6,0.003129408095847719,-0.028436637645002594,-0.08402261296510516
19959,1724543700000,776633.973,0.02395394729274014,77.77777777777779,7,-0.007840684803747888,-0.11199274131162473,-0.0915469537367063
19960,1724630100000,771615.475,-0.013194803105145092,43.333333333333336,4,-0.02381360100559271,-0.08001384511686371,-0.11578889840234641
19961,1724716500000,790429.041,0.030666069632511395,81.11111111111111,8,-0.08314142925924395,-0.05731369131374353,-0.054204658696893615
19962,1724802900000,799974.128,0.03243527410709879,83.33333333333334,8,0.027888932762880847,0.02827972790887956,-0.0124728784097895
19963,1724889300000,778418.874,0.002114371434109197,54.44444444444444,5,0.0002732629978139389,-0.004732598295472457,-0.03043912175648711
19964,1724975700000,810381.426,0.04594027401916834,92.22222222222223,9,0.0001068997873880928,-0.039149077692389955,-0.06347867745166746
19965,1725062100000,795953.125,0.027038300667228565,81.11111111111111,8,-0.005110847189231937,0.003190815518606449,-0.12041567695961997
19966,1725148500000,803278.347,0.03430750511348024,86.66666666666667,8,-0.034316319749790214,-0.03469831959858194,-0.09477973331635559
19967,1725234900000,793562.531,0.028442996169821377,81.11111111111111,8,0.04417660753651864,0.008789171147784103,-0.05385994189999388
19968,1725321300000,808986.555,0.02347777350958946,76.66666666666667,7,-0.042686439942227095,-0.06655722437511336,-0.06900783722563786
19969,1725407700000,837871.208,0.04737288203900514,94.44444444444444,9,0.009188380347006753,-0.08411758158861282,-0.014782203644847725
19970,1725494100000,826066.389,0.06121063683252892,97.77777777777777,9,-0.033812873236444885,-0.07077910937921217,-0.04334648596099955
19971,1725580500000,835660.345,0.031193852905508246,81.11111111111111,8,-0.06069586539274552,-0.029280459964488137,-0.001737549674473704
19972,1725666900000,905592.448,0.13774595457490024,100.0,9,0.023885715828843912,0.06182291174392285,0.09799129546364949
19973,1725753300000,915582.156,0.13980684207338667,100.0,9,0.009336674139522438,0.050608817970020814,0.06224009846586642
19974,1725839700000,885165.062,0.11543202636415817,97.77777777777777,9,0.027459127056712607,0.019998780562160867,0.009572587037375735
19975,1725926100000,875117.837,0.08174583568944471,95.55555555555556,9,0.013072283283669384,0.0008901360212614229,-0.027467054370356014
19976,1726012500000,854788.142,0.020190375129825355,65.55555555555556,6,-0.020070877771408813,0.020719405195750662,-0.020685932812558816
19977,1726098900000,880978.959,0.06647476610987013,94.44444444444444,9,0.008210720476845124,0.03177971529337409,0.009282426581727288
19978,1726185300000,897316.03,0.07378079547378791,94.44444444444444,9,0.03314290070258208,-0.018282379546773142,0.0436413994045628
19979,1726271700000,920674.929,0.016654821971306966,60.0,5,-0.009452562972679601,-0.05950277715152397,0.04793506999241637
19980,1726358100000,913160.845,-0.002644558966262811,40.0,3,-0.04070780346701208,-0.03140919267201592,0.08153147747352585
19981,1726444500000,908082.272,0.0258903237190804,68.88888888888889,6,-0.01023674356806381,0.019705623522509708,0.11238417338187845
19982,1726530900000,962352.48,0.09968331042028566,96.66666666666667,9,0.02013607102541437,0.07407197555777367,0.15402786797362267
19983,1726617300000,944463.982,0.10491001874473826,96.66666666666667,9,0.009916303154333006,0.09224169974237251,0.13340226182287362
19984,1726703700000,936577.719,0.06311020193162187,88.88888888888889,8,0.04253320923936044,0.1056392249767324,0.09070141297910128
19985,1726790100000,963003.761,0.07320467795498997,91.11111111111111,9,0.03739337916034291,0.04638158695634509,0.06722286697452451
19986,1726876500000,968488.632,0.05193331706331272,84.44444444444444,8,0.022304018400228554,0.03571302841004664,0.05378859295362015
19987,1726962900000,970252.33,0.06252073258791557,86.66666666666667,8,-0.013342210284253864,0.015044901301314972,0.024526403189580215
19988,1727049300000,925675.155,0.019373666398367906,56.666666666666664,5,0.026816461390500423,-0.00017063258151583938,0.0307022306332021
19989,1727135700000,945421.314,-0.01759351833332412,27.77777777777778,2,0.001903474218121426,-0.0067188107818217935,-0.018279395269262366
19990,1727222100000,924843.505,-0.02077419295381866,27.77777777777778,2,-0.028132221062035723,0.015519275641484809,-0.0763938887904615
19991,1727308500000,929107.959,-0.007975590117577869,33.33333333333333,3,0.020091536731052795,0.038557908618416015,-0.08180125669071436
19992,1727394900000,918966.02,-0.04572956283604801,20.0,1,0.02433460076045635,0.010574144486692028,-0.1076083650190115
19993,1727481300000,945594.809,-0.02363871112531546,28.888888888888886,2,-0.006083890126206359,-0.03511878247958433,-0.1036748329621382
19994,1727567700000,927306.514,-0.04426252292535071,22.22222222222222,2,-0.007394654187876548,-0.08494142164094098,-0.0983003499389381
19995,1727654100000,931841.493,0.006661449177600476,48.888888888888886,4,-0.02198050274474095,-0.10930427682941968,-0.08318502827515895
19996,1727740500000,1013300.892,0.071798231111172,91.11111111111111,9,-0.057405775970516104,-0.09709970416136093,-0.06785822827663412
19997,1727826900000,1036068.948,0.12026406889239061,97.77777777777777,9,-0.03382214295334607,-0.014476546525343248,-0.0042160339894782295
19998,1727913300000,1006075.083,0.0828398069938392,93.33333333333333,9,-0.00857939424661025,0.019896084146495907,0.0005956152578887597
19999,1727999700000,974721.368,0.060671827669972034,83.33333333333334,8,0.028849718149629888,0.03823194815487074,0.01616112552673865
20000,1728086100000,973077.45,0.02906386619133805,66.66666666666666,6,-0.00012423903590497165,0.003437279993373954,0.008655319501387426
20001,1728172500000,977270.307,0.053880558634790354,82.22222222222221,8,0.009244532803180716,0.010536779324055612,0.02521951623591767
20002,1728258900000,966340.743,0.03702265917450398,73.33333333333333,7,-0.005630519715026705,-0.02791046981187817,0.01244295610492796
20003,1728345300000,894955.227,-0.11679222423895785,7.777777777777778,0,0.006950061906727312,-0.015716054477919905,0.0853404869995873
20004,1728431700000,943837.557,-0.08902051468489713,11.11111111111111,1,-0.029153551052528037,-0.0017378188733688793,0.06730359367827399
20005,1728518100000,1015080.769,0.008951306072650267,46.666666666666664,4,0.006843387328968165,0.04499495505992712,0.10202599727277728
20006,1728604500000,1021808.142,0.04830793244700882,78.88888888888889,7,0.021250188685574267,0.034433020814115256,0.0911854485685053
20007,1728690900000,961815.832,-0.01157319800186496,30.0,2,0.016295779274100752,0.07972573493184454,0.08420512399408775
20008,1728777300000,965570.926,-0.011971489275996228,30.0,2,-0.003332942806701489,0.05201814736859123,0.07045235103765624
20009,1728863700000,931922.667,-0.035616914891893336,18.88888888888889,1,0.06596569167909738,0.058102016992023,0.11316800700434526
20010,1728950100000,1102730.281,0.23216251241583064,100.0,9,-0.00978408840283218,-0.0104153199126924,0.014236932366965993
20011,1729036500000,1086043.222,0.15066752106369097,98.88888888888889,9,0.002430828901134774,0.014070390353487783,0.0062402795645244424
20012,1729122900000,1117962.012,0.10135276535812299,92.22222222222223,9,-0.0030608570399712764,0.015055279307993441,-0.032485691738367684
20013,1729209300000,1132526.872,0.10835569364644981,93.33333333333333,9,0.01471724069028868,0.05527226895277049,-0.02589926951763577
20014,1729295700000,1132255.024,0.17720564200486133,98.88888888888889,9,0.0034044132404786875,0.010046616603993641,-0.080069981709326
20015,1729382100000,1111999.523,0.15164975773100275,97.77777777777777,9,0.036438362368286015,-0.011088131396998713,-0.06319253645723255
20016,1729468500000,1156542.231,0.24102811526527645,100.0,9,-0.028770350626131203,-0.08034651139926374,-0.08674801455085701
20017,1729554900000,1148872.809,0.04184389310335801,67.77777777777779,6,-0.017591349794917388,-0.04957596298768008,-0.03740973747947296
20018,1729641300000,1147647.826,0.05672389712681225,74.44444444444444,7,-0.03614853261076989,-0.07291149868335689,0.007037362134106662
20019,1729727700000,1169359.013,0.04597383493205842,68.88888888888889,6,0.00372587682829284,-0.0171604146374299,0.05199993664821534
20020,1729814100000,1165931.021,0.029495237442807465,56.666666666666664,5,-0.04171219610333765,-0.010646984800728898,-0.006390557753679471
20021,1729900500000,1158079.112,0.02280766033500936,47.77777777777778,4,0.021813316867345778,0.05688587012452406,0.034747350005145616
20022,1729986900000,1188368.849,0.06867748089852355,80.0,7,0.010377723346654655,0.06304789222637619,0.0033558398865543015
20023,1730073300000,1196905.483,0.03489993786487178,62.22222222222222,6,0.02370015948963311,0.05937400318979269,-0.020223285486443254
20024,1730159700000,1252938.14,0.09058037598659885,85.55555555555556,8,0.027770853457140143,-0.018948836194808916,-0.0670668058455115
20025,1730246100000,1244396.305,0.08430153990462941,84.44444444444444,8,0.00688586219180376,-0.04740141127962583,-0.08150101942593813
20026,1730332500000,1257194.03,0.0751138153668125,81.11111111111111,8,-0.051985200853623126,-0.0626065617578313,0.0242161006582835
20027,1730418900000,1317305.835,0.12983170639903574,92.22222222222223,9,-0.002036692221265013,-0.024420455853802703,0.14979414718972217
20028,1730505300000,1279809.037,0.10511365220099056,87.77777777777777,8,-0.009185808741038803,-0.047106609485769724,0.17770501977196607
20029,1730591700000,1275788.586,0.07356279750480055,76.66666666666667,7,-0.013366418129183266,-0.026857305757316707,0.2548131552214954
20030,1730678100000,1288247.237,0.07631492653125393,78.88888888888889,7,-0.025243358510222746,0.10742365542388321,0.29766245604896446
20031,1730764500000,1280076.024,0.02165939652854698,38.88888888888889,3,0.011869324705145567,0.20909717148523121,0.41056674668614956
20032,1730850900000,1265338.556,0.01682924556739196,34.44444444444444,3,0.12277610905730141,0.22142774623712702,0.3435106944811197
20033,1730937300000,1304170.907,0.03736644931411259,56.666666666666664,5,0.0642498851630684,0.14844281120808445,0.1701864951768488
20034,1731023700000,1314486.136,-0.002140504448612024,26.666666666666668,2,0.02218853695845069,0.10104313056569358,0.05685251494256027
20035,1731110100000,1330389.27,0.03952170326798532,56.666666666666664,5,0.05568598307632544,0.1413042376745992,0.04420085462867562
20036,1731196500000,1293763.74,0.014089445694413838,30.0,2,0.020325099193651663,0.04193011647254585,0.003065403814155987
20037,1731282900000,1202706.387,-0.06640095747397268,2.2222222222222223,0,0.05956622092877395,-0.0013641837477106344,-0.033979151509069494
20038,1731369300000,1188587.608,-0.0714710800645384,2.2222222222222223,0,-0.03623329959214605,-0.09409647611775085,-0.050854480770482935
20039,1731455700000,1196721.228,-0.05422843370624375,5.555555555555555,0,-0.022071468933493765,-0.050684224750018436,-0.04519937105373062
20040,1731542100000,1198113.626,-0.08132161239815172,2.2222222222222223,0,-0.03882400600432745,-0.015572939074290915,-0.0369617852196823
20041,1731628500000,1236792.922,-0.059105388693121874,5.555555555555555,0,0.009951841711481446,0.00641348170703826,0.09782274874703512
20042,1731714900000,1285308.841,-0.033885141752533876,14.444444444444443,1,0.014098084886128515,0.037409420289855166,0.07590903209109734
20043,1731801300000,1276104.285,-0.013649675326346755,17.77777777777778,1,-0.01735687990863799,-0.008204722500462669,0.08348592245707809
20044,1731887700000,1275642.27,0.060643132678399825,65.55555555555556,6,0.04105675616890192,-0.004447517668331957,0.09097608404185209
20045,1731974100000,1361485.533,0.14546502406409068,94.44444444444444,9,-0.030491075326489647,0.047807187137493656,0.06496114555138388
20046,1732060500000,1304362.509,0.08994683012341476,81.11111111111111,8,-0.01363434607244629,0.06972847098479917,0.07078666863939587
20047,1732146900000,1365780.227,0.13994215353327433,93.33333333333333,9,0.09569989597837392,0.1075498830979531,0.19321935519635303
20048,1732233300000,1395587.058,0.12839185378197038,88.88888888888889,8,-0.01020787762451092,0.00013689865035781956,0.06583634659167004
20049,1732319700000,1397397.298,0.08720741149869671,77.77777777777779,7,0.021239683088533745,0.026853285626230905,0.08197302945111784
20050,1732406100000,1410619.737,0.10541101819119758,84.44444444444444,8,-0.010563846794779175,-0.019829294359765548,0.09197141755164884
20051,1732492500000,1413064.772,0.1077280874362998,84.44444444444444,8,0.016232172135415723,0.08885291658359651,0.10471908373777383
20052,1732578900000,1435410.486,0.05429727397624862,55.55555555555556,5,-0.025187692523922722,0.0486682907975029,0.06730577776736668
20053,1732665300000,1404441.599,0.0767264386314861,71.11111111111111,7,0.09914572532245569,0.08090377695140494,0.08820295932282818
20054,1732751700000,1541812.17,0.12888745899233167,88.88888888888889,8,-0.02127235113590098,0.013571235321285124,0.04860065423957627
20055,1732838100000,1473895.356,0.05611136729243005,53.333333333333336,5,0.004777501347249746,0.03662285661632292,0.05696144212968779
20056,1732924500000,1488457.671,0.06516426869461434,60.0,5,0.030676841333007188,0.012933238478468612,0.11241690936173065
20057,1733010900000,1497773.876,0.061784290063424674,56.666666666666664,5,0.0009868234799279563,-0.023211921690433956,0.0790078918916004
20058,1733097300000,1518311.42,0.07448112081305203,66.66666666666666,6,-0.018184364840149514,0.03354046970664215,0.08227812300506643
20059,1733183700000,1510838.1,0.052547765768516275,46.666666666666664,4,-0.006101475437720438,0.03850458982392402,0.01954996131708464
20060,1733270100000,1567186.519,0.11587873793818049,85.55555555555556,8,0.059145186845461106,0.10495531056260665,0.0010599594786322442
20061,1733356500000,1612526.71,0.04586456208864931,42.22222222222222,4,-0.013468680366427455,0.04296269269360575,-0.0018946847187292226
20062,1733442900000,1508154.174,0.023243724773633234,32.22222222222222,3,0.057495040114968976,0.06145238114107743,0.025395139708932035
20063,1733529300000,1601789.448,0.07614040977319814,67.77777777777779,6,-0.00027729133826803753,-0.07162859947889211,-0.02387953065318349
20064,1733615700000,1574253.18,0.051061982870370226,45.55555555555556,4,0.0040205902196455146,-0.09377545665808751,-0.03376396211799393
20065,1733702100000,1571916.822,0.03530593348234179,37.77777777777778,3,-0.07508978369781893,-0.04684182887463617,-0.014014469921527883
20066,1733788500000,1530218.642,0.012827676241418562,24.444444444444443,2,-0.0241262768144489,0.044458436931555045,0.07238421216915847
20067,1733874900000,1521389.42,-0.029222494224377726,12.222222222222221,1,0.05601910318698966,0.07742746689755209,0.06942552569610272
20068,1733961300000,1531170.686,-0.050452512504428504,7.777777777777778,0,0.01350469217552952,0.009661129359910925,-0.05429032477061346
20069,1734047700000,1523577.012,0.010226300643451314,26.666666666666668,2,0.006677830735540402,0.020656962514491672,-0.11821460775473402
20070,1734134100000,1560766.738,-0.025610550781952846,14.444444444444443,1,-0.010400724774915382,0.019926191707059893,-0.11175916589463131
20071,1734220500000,1589625.041,0.009764541812772531,26.666666666666668,2,0.02454238410253473,0.003005084333735031,-0.13663047807219442
20072,1734306900000,1566616.839,-0.0033716688604786826,23.333333333333332,2,0.00595706871832169,-0.08577674118050926,-0.1731613860786333
20073,1734393300000,1644644.615,0.07477753169340873,70.0,6,-0.026818692789465248,-0.14117703147583105,-0.14194736630801352
20074,1734479700000,1617034.91,0.06286719806425367,62.22222222222222,6,-0.06614583333333335,-0.10511293316831682,-0.0987340140264027
20075,1734566100000,1605064.015,0.0482593676039067,48.888888888888886,4,-0.055002125979469074,-0.07824708851253226,-0.03395769024755246
20076,1734652500000,1615586.11,0.0603901852517581,58.88888888888889,5,0.014047594700013155,-0.0429433333820286,-0.0261610155873373
20077,1734738900000,1504991.69,-0.03573567186053139,11.11111111111111,1,-0.03811013821299847,-0.01473753360244101,-0.038908241205740546
20078,1734825300000,1485069.534,-0.06577369147017609,5.555555555555555,0,-0.018808073183443907,0.04703066683440871,0.019362220904249217
20079,1734911700000,1508766.967,-0.036926624660134855,12.222222222222221,1,0.04393299691360841,0.06813873192354536,0.025445176101377642
20080,1734998100000,1461273.847,-0.11149567896162171,1.1111111111111112,0,0.022192783909134928,-0.02528673111902624,-0.01687341720328217
20081,1735084500000,1456588.319,-0.09922271313239617,2.2222222222222223,0,0.0009726875069733243,-0.04571059113652809,-0.04419434296389324
20082,1735170900000,1453832.311,-0.09422160274398772,3.3333333333333335,0,-0.04737529545253172,-0.02737169428987074,-0.04016439593354415
20083,1735257300000,1469095.35,-0.09067344605977079,4.444444444444445,0,0.0007740518614747227,0.00777352082589533,0.035615386230877455
20084,1735343700000,1507976.338,0.0019831657675133396,27.77777777777778,2,0.020208712440304755,0.007851449025539026,0.08074791122676261
20085,1735430100000,1525994.367,0.02755751974102516,38.88888888888889,3,-0.01295289588904236,-0.01825100643530897,0.07513737474655469
20086,1735516500000,1540337.897,0.02092498754978389,34.44444444444444,3,0.0008514388125109296,-0.00020243999738012164,0.08215491423093635
20087,1735602900000,1582686.347,0.08308675355359307,76.66666666666667,7,-0.006213785144026707,0.02675288826489952,0.09636274941401846
20088,1735689300000,1580580.547,0.08512510115770056,78.88888888888889,7,0.005193071514730807,0.0790334601420537,0.01128707359195924
20089,1735775700000,1613202.73,0.10962090867988694,87.77777777777777,8,0.02783518047606859,0.0894668199169828,-0.009978143963982222
20090,1735862100000,1605661.574,0.09295940117161217,81.11111111111111,8,0.04438817783082549,0.05306186301719085,-0.06782508937314236
20091,1735948500000,1647330.604,0.09241144074238128,80.0,7,0.01491245589508039,0.02241306615183203,-0.09383529725051587
20092,1736034900000,1631131.553,0.06889749285686575,64.44444444444444,6,-0.006510331256149637,-0.07655515469552865,-0.10330436208592986
20093,1736121300000,1631566.394,0.05922628871085944,56.666666666666664,5,0.013991823888989785,-0.08532371567381392,-0.10170069711525231
20094,1736207700000,1604875.194,0.014019737418003997,31.11111111111111,3,-0.08332971588565985,-0.1270103965446141,-0.14930653528096716
20095,1736294100000,1635463.627,0.03472336800814757,40.0,3,-0.015944002130997115,-0.033131085920620196,-0.045656613490395626
20096,1736380500000,1635693.498,0.013941687291838312,28.888888888888886,2,-0.03222119627168907,-0.013233759320025351,0.03760793784945404
20097,1736466900000,1637335.508,0.01972640717875196,33.33333333333333,3,0.015246915498648317,0.014793175249401935,0.02894303384405017
20098,1736553300000,1616051.757,-0.018987595400734802,18.88888888888889,1,0.004307019799434153,-0.040174362365157035,0.06363185541637573
20099,1736639700000,1641474.237,0.006340803095236325,24.444444444444443,2,-0.004733558276411642,-0.017187723838175017,0.008388121298573914
20100,1736726100000,1624157.014,-0.004541267843740648,20.0,1,-0.0397451995222492,0.05652466848375326,-0.016810094018926414
20101,1736812500000,1573131.735,-0.019779394135242545,17.77777777777778,1,0.0283589324896667,0.05591098127264371,0.04320176557636368
20102,1736898900000,1516973.81,-0.07245029179728746,5.555555555555555,0,0.06991291511084086,0.07759176787287103,0.03093870563570711
20103,1736985300000,1530426.993,-0.06435588643514922,10.0,0,-0.04030296793792232,-0.041021835605399626,-0.06123129277335082
20104,1737071700000,1513646.351,-0.07554295157935331,5.555555555555555,0,0.04947399896702653,-0.030330762980883996,0.007200611327069062
20105,1737158100000,1564871.192,-0.03167012738194119,18.88888888888889,1,-0.047855455113206324,-0.05861055709528784,-0.04760794674540891
20106,1737244500000,1604654.979,-0.022430603642791036,22.22222222222222,2,-0.02960388108876022,0.00479090785436842,0.0015143500536520804
20107,1737330900000,1605270.11,-0.011628742687558868,26.666666666666668,2,0.018866749106811964,0.008790154528549365,0.006880741089144493
20108,1737417300000,1557099.419,-0.010191337218176555,27.77777777777778,2,0.016270353227473056,0.019471228806045904,-0.029232829304978947
20109,1737503700000,1556495.192,0.02605277806345252,47.77777777777778,4,-0.025741531797124018,-0.004509355634438328,-0.07379219060225006
20110,1737590100000,1577336.393,0.030651184417524124,51.11111111111111,5,0.029654514408870458,0.023074571655298692,-0.04024232468667299
20111,1737676500000,1627152.99,0.07498887631513873,75.55555555555556,7,-0.007634938389705748,-0.0306387138757358,-0.026443396198124636
20112,1737762900000,1588399.67,0.015035408741807643,41.11111111111111,4,0.0012540757461751983,-0.04044772015073084,-0.003985845564349222
20113,1737849300000,1573467.2,-0.019435816052766675,24.444444444444443,2,-0.024404230147041073,-0.07076200593959003,-0.059495497018132726
20114,1737935700000,1530638.231,-0.046491788849167714,15.555555555555555,1,-0.017676720804331025,-0.03842227378190255,-0.11503789636504258
20115,1738022100000,1534116.629,-0.014760001654075539,27.77777777777778,2,-0.030377657966340843,0.022400609694648743,-0.0940113876851758
20116,1738108500000,1565699.986,0.005913795331530913,36.666666666666664,3,0.009548864854331152,0.0705186917405567,-0.11010425801422585
20117,1738194900000,1532046.166,-0.0287131059683855,22.22222222222222,2,0.04445838561271431,0.0025512337933917273,-0.10356464948685784
20118,1738281300000,1519186.68,-0.0663528940815824,10.0,0,0.015256476995154866,-0.11885143647446939,-0.17240465856971676
20119,1738367700000,1556903.226,-0.01982904214529324,26.666666666666668,2,-0.0545476059004496,-0.1271776263493546,-0.20438892967882483
20120,1738454100000,1560269.639,-0.008387566642634847,35.55555555555556,3,-0.08201897806002767,-0.12076451353077278,-0.15570737718332728
20121,1738540500000,1585139.514,0.03560690037409642,62.22222222222222,6,0.00566306840427333,-0.02595573018625208,-0.08161460372504048
20122,1738626900000,1402428.636,-0.08583962295346448,4.444444444444445,0,-0.04760083981034746,-0.06606554413870769,-0.07633375509239315
20123,1738713300000,1371412.037,-0.12409015184087768,0.0,0,0.016967772546443216,-0.04290302565787074,-0.05038505054929021
20124,1738799700000,1322002.871,-0.13709984702902223,0.0,0,-0.03574876453044973,-0.0557639095747543,-0.0189097721424496
20125,1738886100000,1297399.004,-0.14599106148034424,0.0,0,-0.023980377998943037,-0.022186409010041763,-0.0047975643707338644
20126,1738972500000,1281073.33,-0.17716572963154742,0.0,0,0.003302381451751435,0.013304860144526698,0.03817949549068578
20127,1739058900000,1256859.783,-0.194459885917193,0.0,0,-0.0014595155472614252,-0.011083196187015698,0.022535072082584318
20128,1739145300000,1257978.157,-0.20639278379631643,0.0,0,0.011445776253535156,0.0405493363581344,0.011480033648374466
20129,1739231700000,1280075.125,-0.08724401930994219,11.11111111111111,1,-0.020844936851770912,0.006265899956345633,0.031525191552137066
20130,1739318100000,1273253.516,-0.07157478449345123,16.666666666666664,1,0.050675480907815595,0.046359321252186,0.025593327824432688
20131,1739404500000,1262330.162,-0.04513810847843469,23.333333333333332,2,-0.0218787723598054,-0.015875919084025192,-0.007557522771335479
20132,1739490900000,1251982.718,-0.035005642720533414,25.555555555555554,2,0.01816828665352732,-0.006193224104207751,0.0241819970155841
20133,1739577300000,1258569.307,-0.017566537740661636,36.666666666666664,3,-0.011816475479986766,0.006809992396610509,-0.023838646523193896
20134,1739663700000,1251766.939,-0.004052038317149398,43.333333333333336,4,-0.01225513883210061,-0.008125487863807068,0.02661413225290854
20135,1739750100000,1257259.488,-0.0005712889337553539,45.55555555555556,4,0.03149025525621596,0.020964652489529056,0.0633229595119913
20136,1739836500000,1300198.41,0.01572039375423362,56.666666666666664,5,-0.02647564219028753,-0.0008974793962809313,-0.08327222447200122
20137,1739922900000,1323561.31,0.03951121545538294,67.77777777777779,6,0.0167138852662978,-0.004073541095171662,-0.06488809941388984
20138,1740009300000,1300049.702,0.029880883096572886,63.33333333333333,6,0.009402736413764767,0.018009317960664184,-0.14202518208356685
20139,1740095700000,1318445.447,0.05308597957819394,74.44444444444444,7,-0.029570393091234437,0.031786894524474585,-0.15817859816326163
20140,1740182100000,1378586.275,0.0953598402030631,94.44444444444444,9,0.039257667719006406,-0.05448962774263699,-0.15934105216419514
20141,1740268500000,1407466.625,0.12438392575249191,98.88888888888889,9,0.023063832868677192,-0.0965313733299541,-0.19810637604547598
20142,1740354900000,1483171.819,0.179686320251496,100.0,9,-0.11071630804077004,-0.17620328425821064,-0.11121885617214033
20143,1740441300000,1418834.602,0.09124468318646839,91.11111111111111,9,-0.006952514366672657,-0.08253474267339511,-0.1455650360559705
20144,1740527700000,1380996.455,0.04339439704534742,70.0,6,-0.06715451911401082,-0.10466919676670838,-0.12980455177554517
20145,1740614100000,1387321.507,0.06712959117312267,83.33333333333334,8,-0.009601670303988397,-0.04853246954100998,-0.03719519529840354
20146,1740700500000,1429651.506,0.08434634838554689,90.0,8,-0.03091043953898931,0.08934357608540067,-0.044778061656046586
20147,1740786900000,1361485.703,-0.012404426411397385,38.88888888888889,3,-0.008665643142011903,-0.038995394139053285,-0.04226291453867537
20148,1740873300000,1380645.587,-0.019056251511470057,35.55555555555556,3,0.13391579185009594,-0.019577830454904688,-0.005824585167626184
20149,1740959700000,1378897.617,-0.0703048700522807,16.666666666666664,1,-0.145081908463211,-0.10759196285648309,-0.1975996878160664
20150,1741046100000,1367534.113,-0.03615677889987068,25.555555555555554,2,0.01136474785630126,0.025687124765369163,-0.12519853376121903
20151,1741132500000,1315902.908,-0.047135202095793916,22.22222222222222,2,0.032122281119467244,-0.014598943533865372,-0.11579679375883645
20152,1741218900000,1355656.83,-0.022824325032250736,34.44444444444444,3,-0.017401857982990765,-0.017531256414146323,-0.14854493695172988
20153,1741305300000,1368077.536,-0.043069216338096905,25.555555555555554,2,-0.028358778279309993,-0.08493556267993863,-0.15474038889443897
20154,1741391700000,1373092.191,0.00852486954099163,57.77777777777777,5,0.02905093728530761,-0.12221396557445241,-0.10771653837705464
20155,1741478100000,1416849.199,0.02622223425105541,70.0,6,-0.08481504189658695,-0.12802870313599923,-0.11969480209823558
20156,1741564500000,1412661.493,0.024486137029853028,68.88888888888889,6,-0.06794203761599915,-0.05303458885415113,-0.06383306039402503
20157,1741650900000,1410232.594,0.03122297322904166,74.44444444444444,7,0.02223417226159219,-0.008950106219285603,0.025945191913491206
20158,1741737300000,1373388.87,0.04368556498394782,78.88888888888889,7,-0.006104325633480068,-0.0055938956743665225,0.006724133440974889
20159,1741823700000,1413931.502,0.04298630059644215,76.66666666666667,7,-0.02455154776939883,0.015758058514958817,0.07731248329603879
20160,1741910100000,1435415.872,0.04922114005093925,80.0,7,0.025695988997410435,0.013479246580494042,0.06493032051488679
20161,1741996500000,1453436.593,0.058513479667732016,81.11111111111111,8,0.0152366685697225,0.00927608801546187,0.02870820915457184
20162,1742082900000,1461386.695,0.03143418229084238,70.0,6,-0.026739926739926756,-0.0028065830882733067,0.02105969148222675
20163,1742169300000,1417324.576,0.003300920300515209,51.11111111111111,5,0.0214421644659073,0.08973903640132108,0.060181184964510415
20164,1742255700000,1491677.734,0.05775298368972459,81.11111111111111,8,0.0030826396529175515,0.028709027878687232,0.0770192846615323
20165,1742342100000,1505405.431,0.09612467661835655,96.66666666666667,9,0.06358453276491849,0.016121188290926458,0.0694773548006582
20166,1742428500000,1608636.186,0.1377044671008396,98.88888888888889,9,-0.03576292952484739,-0.03728061641436764,-0.022989064871385856
20167,1742514900000,1503570.397,0.04748068230918934,77.77777777777779,7,-0.009191621599806243,0.00895956090079908,0.010175357171684496
20168,1742601300000,1530993.543,0.05336108253605798,80.0,7,0.007688312746306103,0.05667457561531952,-0.03480107127218657
20169,1742687700000,1531608.264,0.04805132634658338,76.66666666666667,7,0.010550143498120335,0.044479364566069934,-0.0760034762924936
20170,1742774100000,1526324.303,0.07690526845136714,86.66666666666667,8,0.03766500000000006,0.004250000000000087,-0.09727999999999992
20171,1742860500000,1622993.119,0.08803200718688209,90.0,8,-0.0039415418270828395,-0.03513658068837233,-0.12176376768995767
20172,1742946900000,1555388.64,0.03320249015363075,65.55555555555556,6,-0.028372396778172937,-0.08295479283070895,-0.07806400116101886
20173,1743033300000,1599516.205,-0.005669386949871735,40.0,3,-0.0030321135175503944,-0.0895195419467264,-0.1065621110281304
20174,1743119700000,1535252.464,0.021071222912617538,55.55555555555556,5,-0.0533057665513057,-0.09836646840557128,-0.09344240190570363
20175,1743206100000,1568260.011,0.02434136196745529,55.55555555555556,5,-0.035327878797470014,-0.038529912906782315,-0.04268147937140965
20176,1743292500000,1557012.043,0.016586342341647242,52.22222222222223,5,-0.012719418165910157,0.042150161316782286,-0.011510909389183532
20177,1743378900000,1550820.454,0.01604911286012589,52.22222222222223,5,0.00952122474299899,-0.006076081176887627,-0.128893787663949
20178,1743465300000,1563447.61,-0.0366887008348431,20.0,1,0.04562088849629364,-0.004021661006348043,-0.14721583645611025
20179,1743551700000,1551506.076,-0.0024962018495904292,43.333333333333336,4,-0.05840653170880161,-0.04775997229480844,-0.2278489647283527
20180,1743638100000,1551433.977,-0.030060481944289008,24.444444444444443,2,0.011607884222082143,0.007344787040184597,-0.07301877434562853
20181,1743724500000,1637741.543,0.06675714998233673,85.55555555555556,8,-0.00029747149231529324,-0.1336252960943094,-0.16108081308874556
20182,1743810900000,1600269.297,0.020410700888553235,58.88888888888889,5,-0.003917873437809916,-0.1435176001234323,-0.13543939694505058
20183,1743897300000,1548770.756,-0.0052930142943024006,42.22222222222222,4,-0.1299587862694659,-0.18593201117472968,-0.09017232318203194
20184,1743983700000,1515996.914,-0.02245491404899913,27.77777777777778,2,-0.011712118418291784,0.05767677859518172,0.01663985553782288
20185,1744070100000,1472199.659,-0.05836329303033061,15.555555555555555,1,-0.05324549156860603,-0.02021475767382297,0.04369784663291121
20186,1744156500000,1524602.625,-0.017340216333126324,37.77777777777778,3,0.13039991845333154,0.06620230369338453,0.0780401617342259
20187,1744242900000,1508278.329,-0.02781661910192912,27.77777777777778,2,-0.08449357957004755,-0.01129586880200062,-0.05167003318424468
20188,1744329300000,1452238.13,-0.1132678192068064,6.666666666666667,0,0.030258258968145935,0.04991168108005173,0.0384926028800503
20189,1744415700000,1509949.758,-0.056440212387578015,17.77777777777778,1,0.048235466579985564,0.033945837077828056,0.012536887257245333
20190,1744502100000,1531600.391,-0.011086447063570426,44.44444444444444,4,-0.027817468762350694,-0.03542395038458035,-0.018861155869029922
20191,1744588500000,1511161.588,-0.0031895355164291983,51.11111111111111,5,0.014591281506035392,-0.01339045593845778,-0.007886672087059954
20192,1744674900000,1500793.262,0.019422367628737502,61.111111111111114,6,-0.022093044759374347,-0.025101249514557167,-0.026648502370194116
20193,1744761300000,1503111.816,-0.014096006820137785,40.0,3,-0.005610221950466232,0.0014183145380390894,0.10717415011441078
20194,1744847700000,1494905.845,-0.008866058566833646,44.44444444444444,4,0.0025483521290150524,0.022909812423533626,0.13773779865482516
20195,1744934100000,1452662.667,0.0002923329109945083,52.22222222222223,5,0.004508349615241158,0.0030224279327983883,0.11734355141605168
20196,1745020500000,1468772.9,-0.02727034974629927,26.666666666666668,2,0.01573043609628355,-0.006068083392083867,0.12353333669050248
20197,1745106900000,1507425.425,-0.015784121068430856,35.55555555555556,3,-0.01694316540966645,0.0884837292316083,0.12859205641937743
20198,1745193300000,1510327.781,-0.0005517656130364923,51.11111111111111,5,-0.0045956287942305885,0.13142615789042367,0.13005188206443963
20199,1745279700000,1586524.659,0.057124055105199245,84.44444444444444,8,0.11235592146928441,0.11911969601013284,0.1387017099430019
20200,1745366100000,1762908.072,0.1728389420098868,98.88888888888889,9,0.021840003188321466,0.01621489287808653,0.023354455964154086
20201,1745452500000,1770400.543,0.18428899647522634,100.0,9,-0.015422588966831463,0.014687118683731182,-0.0018553909414575909
20202,1745538900000,1738353.079,0.196666726894001,100.0,9,0.010073057965355625,0.014430504388571075,0.04053556977856254
20203,1745625300000,1708230.27,0.16303226319058584,95.55555555555556,9,0.020303772221257343,0.0073505930337443015,0.031318456599566336
20204,1745711700000,1706212.829,0.1318721315848841,93.33333333333333,9,-0.01567158851921624,-0.013013897964450627,0.0060402058062851705
20205,1745798100000,1671351.593,0.10661514276946238,91.11111111111111,9,0.0030235580919228955,-0.0006415298534522273,0.008629971159049177
20206,1745884500000,1654730.891,0.04299096872719965,70.0,6,-0.00032257885106312667,0.022641698322033887,0.012018843054265593
20207,1745970900000,1602346.991,-0.09107739850430496,7.777777777777778,0,-0.0033325358984772624,0.024123331645738544,0.010487195607061128
20208,1746057300000,1637191.135,-0.07524252549893173,11.11111111111111,1,0.026392176126468048,0.022713571205287497,0.01056133613182686
20209,1746143700000,1721689.218,-0.009586004823361804,37.77777777777778,3,0.0011257831534980944,-0.01667464323007317,0.19899712843717365
20210,1746230100000,1689398.605,-0.011024078738518073,36.666666666666664,3,-0.004704501871478972,-0.011500497069193205,0.2720353761156895
20211,1746316500000,1604410.427,-0.05966571125811171,14.444444444444443,1,-0.013137714026843161,-0.008651132834460507,0.41069683919809163
20212,1746402900000,1581322.457,-0.0538660664680386,17.77777777777778,1,0.006393593132971276,0.0012720816787052946,0.38551817970642577
20213,1746489300000,1582051.391,-0.043922247656885016,20.0,1,-0.001835548081467464,0.21158263813323663,0.36839559908112696
20214,1746575700000,1527935.661,-0.04643896135977443,17.77777777777778,1,-0.0032594093421719483,0.28920100425044604,0.4758076948488119
20215,1746662100000,1609851.424,-0.016699156509908608,33.33333333333333,3,0.2177798890828344,0.42766079674760826,0.4430665723944409
20216,1746748500000,1771711.027,0.029053913143574084,62.22222222222222,6,0.062110477089022176,0.13629559742722108,0.15296513684898083
20217,1746834900000,1733375.925,0.02603134622571801,60.0,5,0.10379022442399255,0.06338109371997169,0.08223185496786312
20218,1746921300000,1815091.531,0.13131372151073673,92.22222222222223,9,-0.03075161148039529,0.03710467464733158,-0.04389881528139972
20219,1747007700000,1706704.704,0.07928948738125707,83.33333333333334,8,-0.006043670911340837,0.04286056444852493,-0.004862081354037651
20220,1747094100000,1728083.434,0.09230549894317552,86.66666666666667,8,0.07651528538611063,0.020839692203890703,0.014638789378142558
20221,1747180500000,1818035.094,0.18986364439595338,98.88888888888889,9,-0.02537232137527612,-0.054609622157225646,-0.059343848862890236
20222,1747266900000,1717471.175,0.0668507350402543,77.77777777777779,7,-0.02703188936140888,-0.05410588446948672,-0.023567734749107005
20223,1747353300000,1733464.65,-0.021587254590135885,21.11111111111111,2,-0.0030489604028561823,-0.01924975903377457,0.04593504730806308
20224,1747439700000,1764833.06,0.018147901183062753,47.77777777777778,4,-0.024853005011641227,-0.003034607947594803,-0.005564105599621172
20225,1747526100000,1679976.316,-0.07443989060185852,3.3333333333333335,0,0.008821910712551562,0.02035109585936734,0.024122665026384826
20226,1747612500000,1538264.822,-0.09869304373816268,1.1111111111111112,0,0.013434045216051738,0.023257866277297312,0.022491696484443935
20227,1747698900000,1648831.647,-0.0458610883252063,13.333333333333334,1,-0.0019790928629953575,0.05232721529759621,0.014023852027184924
20228,1747785300000,1571411.38,-0.13565398974636078,0.0,0,0.011695836853189423,-0.0005592109177007254,0.05640494802511298
20229,1747871700000,1577528.473,-0.08148183447678536,4.444444444444445,0,0.04222431298757301,-0.007907013211023606,0.05098984672076501
20230,1747958100000,1684584.213,-0.02819811583697418,22.22222222222222,2,-0.05213626669575455,-0.04123207239873483,-0.010938046573209292
20231,1748044500000,1615463.677,-0.08463655083614541,4.444444444444445,0,0.004257936507936488,0.01660317460317473,0.0033690476190475493
20232,1748130900000,1620116.491,-0.0356313505314918,22.22222222222222,2,0.007215309416650495,0.05251449186598345,-0.0014975916040035342
20233,1748217300000,1589096.756,0.03304498241980869,65.55555555555556,6,0.005041212401774908,0.05177737064484367,-0.006547691438569592
20234,1748303700000,1580507.218,-0.04143808685641992,20.0,1,0.03973316054086129,0.026422415139118804,0.017741154794991054
20235,1748390100000,1945798.481,0.23824894344344139,100.0,9,0.006509913163615044,-0.05073527479417195,-0.026895627395696953
20236,1748476500000,1970546.048,0.24913501196754617,100.0,9,-0.01918708527137547,-0.05745308600991428,-0.027587030067475427
20237,1748562900000,1937255.566,0.14999033651753702,92.22222222222223,9,-0.038425117796716646,-0.03697618966127025,-0.08070263507166686
20238,1748649300000,1800962.368,0.11482690303782062,87.77777777777777,8,-0.0006130140914141213,0.031164845421575826,-0.021099549533516004
20239,1748735700000,1843027.364,0.13758941053825757,90.0,8,0.0021211425676905815,0.025742597766468478,-0.000957680039890163
20240,1748822100000,1813667.702,0.14131986938622876,91.11111111111111,9,0.029613394937408666,0.029502823520120014,-0.010646447893219668
20241,1748908500000,1900041.48,0.20217197261797004,97.77777777777777,9,-0.0058681619612701574,-0.07286109331911672,0.028186354413970216
20242,1748994900000,1873694.469,-0.0370562587565304,18.88888888888889,1,0.00579477544280671,-0.04508119244287201,0.08462224005493857
20243,1749081300000,1914905.893,-0.028235907025096818,23.333333333333332,2,-0.07276151606629822,-0.03164161242189334,0.06456822183267419
20244,1749167700000,1797509.808,-0.07213594347210672,8.88888888888889,0,0.02391905084970114,0.03641222510879816,0.095142554564559
20245,1749254100000,1838187.453,0.020669551824860743,52.22222222222223,5,0.01995038664479587,0.08308216908942545,0.04042195592976561
20246,1749340500000,1883727.872,0.022083507165984617,54.44444444444444,5,-0.007597483878123312,0.11360971590639002,0.0026103972240267836
20247,1749426900000,1850215.206,0.020151157767047234,51.11111111111111,5,0.07002642355927735,0.10776980369929823,0.015890058834329812
20248,1749513300000,1940544.891,0.021317119350468205,55.55555555555556,5,0.048698513119315834,-0.01248517222599399,-0.04964599855266005
20249,1749599700000,2240716.482,0.1958814625715799,95.55555555555556,9,-0.012801769980756328,-0.08399583115464915,-0.10718058712424361
20250,1749686100000,2180273.146,0.13857978816090055,87.77777777777777,8,-0.046131284815554174,-0.08800002882529712,-0.09174371428365546
20251,1749772500000,2084586.689,0.15970810268869484,90.0,8,-0.027242748299216912,-0.03859011600454798,-0.04784857081339178
20252,1749858900000,1853200.246,0.008167171947288887,46.666666666666664,4,-0.017117183586453755,-0.010678823698445528,-0.06570388981007236
20253,1749945300000,1847992.631,-0.01897049012820462,30.0,2,0.005546973462235982,-0.008336263536551147,-0.09908301101097938
20254,1750031700000,1905785.762,0.030034644521238496,62.22222222222222,6,0.0009979765436221033,-0.009598648409720578,-0.12671944679095537
20255,1750118100000,1931839.007,-0.004486308995157451,42.22222222222222,4,-0.0147898684690837,-0.01061746130808705,-0.0504064466241968
20256,1750204500000,1925424.646,-0.1407102766158882,0.0,0,0.0042669152712537795,-0.041442065967864816,-0.025864438787096544
20257,1750290900000,1908279.28,-0.12475219744783306,2.2222222222222223,0,-3.173696404201731e-05,-0.09536957694626913,-0.041948332222539464
20258,1750377300000,1991256.503,-0.04477155423302237,18.88888888888889,1,-0.04548448013202999,-0.11822791037196889,-0.042271010537006326
20259,1750463700000,2025586.23,0.09302069993357853,80.0,7,-0.05223213729067855,0.005519557437894562,0.007053229647671078
20260,1750550100000,1921814.593,0.03994710842545568,70.0,6,-0.0252990808307606,0.07225740246982881,0.06797291608195333
20261,1750636500000,1876064.389,-0.015595337940193965,37.77777777777778,3,0.0884717654310434,0.08654161961280105,0.1261433526947804
20262,1750722900000,1856795.688,-0.03884553460618667,22.22222222222222,2,0.010672640920608378,-0.002141141749370634,0.026979212737726632
20263,1750809300000,1913080.775,-0.006410986285879328,45.55555555555556,4,-0.012314475131794844,-0.009050791586403761,-0.016424753281065407
20264,1750895700000,1859810.343,-0.025399289039076067,32.22222222222222,3,-0.00036853307273765346,0.008422429999420444,0.06467548385493882
20265,1750982100000,1825052.254,-0.08346702132527828,7.777777777777778,0,0.003674262351444968,0.03682961281476649,0.07259464228757007
20266,1751068500000,1872454.144,-0.07559889760901461,10.0,0,0.005101198534024576,0.02541519463796349,0.03426800277346698
20267,1751154900000,1866414.817,-0.02882680577085206,30.0,2,0.02779100898444553,-0.012478852881756985,0.03271438661038362
20268,1751241300000,1833637.558,-0.02261480535996674,36.666666666666664,3,-0.0073751498202158094,0.027235317618857335,0.026823811426288424
20269,1751327700000,1893539.207,0.01978867100858972,61.111111111111114,6,-0.032042148647234536,0.04218084635385222,0.02293784764986695
20270,1751414100000,1943153.061,0.015719297581671787,57.77777777777777,5,0.06912467306740755,0.042022013114726864,0.0871792526185795
20271,1751500500000,2062006.45,0.1087186700305387,81.11111111111111,8,0.007066821719295069,-0.02184997491414431,0.07709719699592021
20272,1751586900000,2034472.483,0.11474752492210016,81.11111111111111,8,-0.032189669954505895,-0.007415016954127385,0.14063815489661446
20273,1751673300000,1958902.267,0.046168352521213984,72.22222222222221,7,0.003591395017537913,0.014182019880366825,0.17919464961951181
20274,1751759700000,1962736.574,0.0516079041607822,72.22222222222221,7,0.02192851661438011,0.03960254315126521,0.16942015674018585
20275,1751846100000,2022520.957,0.10301021495546836,77.77777777777779,7,-0.011131689324316851,0.07752885056845171,0.15675021594154415
20276,1751932500000,2019839.414,0.06670060304697989,72.22222222222221,7,0.028746463744280026,0.16209527331961437,0.18495551891970563
20277,1752018900000,2148503.738,0.10567910532705072,77.77777777777779,7,0.05921004822935916,0.13021544486898518,0.19938881430740563
20278,1752105300000,2238581.682,0.08563272534865263,73.33333333333333,7,0.06647649310319914,0.06199176716978405,0.21549072001155478
20279,1752191700000,2142925.318,0.053307594920171786,67.77777777777779,6,0.0005248010834604244,0.006605722024716432,0.17691213814118845
20280,1752278100000,2011586.514,0.02689478075937113,58.88888888888889,5,-0.0047275003807043525,0.01913673203499089,0.20029779529957192
20281,1752364500000,1968280.544,0.002824612366957302,46.666666666666664,4,0.010856556095039993,0.06624437281542828,0.22157166755069557
20282,1752450900000,1977373.473,-0.022322381305243444,31.11111111111111,3,0.012980111065889366,0.13224644383974482,0.2649335185552688
20283,1752537300000,2049852.15,0.014858971357809114,48.888888888888886,4,0.04127706202682968,0.15420706601142253,0.24921968388896265
20284,1752623700000,2113325.838,-0.01637320865578118,35.55555555555556,3,0.07343004104071871,0.13107200142861242,0.19340797408088894
20285,1752710100000,2102117.165,-0.060960258049676974,13.333333333333334,1,0.03262748872609311,0.06730477871058582,0.07719729782721063
20286,1752796500000,1993173.1,-0.06988214509489499,13.333333333333334,1,0.020405579960932174,0.08188986798081688,0.0663950909232136
20287,1752882900000,1977776.05,-0.016807859748854903,35.55555555555556,3,0.012912538695325937,0.060674835210068334,0.05048295150185789
20288,1752969300000,1992336.037,0.012221577393186855,47.77777777777778,4,0.04673870082444043,0.04166179573250517,0.04013649749216475
20289,1753055700000,2151302.393,0.08795956979038544,73.33333333333333,7,0.0003962070487628644,-0.03579690798955504,0.029603846133391398
20290,1753142100000,2232304.067,0.08900735450603103,73.33333333333333,7,-0.005244341666334362,-0.014712332044176879,0.003761147216352345
20291,1753228500000,2082998.707,-0.01435042834128264,40.0,3,-0.031097525130797776,-0.004387535338096771,0.01293815231855322
20292,1753314900000,2075430.848,-0.012694971262460553,41.11111111111111,4,0.02227223086342134,0.030584328909774916,0.04933205370045557
20293,1753401300000,2057588.132,0.03231783130125532,63.33333333333333,6,0.005179669796050446,0.04456404445883222,-0.002646487536419606
20294,1753487700000,2020517.915,0.02161107421641595,57.77777777777777,5,0.002936124530327433,0.013499731615673749,-0.06383789586688138
20295,1753574100000,2009288.696,0.00850893558374155,48.888888888888886,4,0.03613919409998556,0.014423565805177452,-0.09235096094665696
20296,1753660500000,2086586.107,-0.030082375313938536,26.666666666666668,2,-0.024713390272185554,-0.017321842256823983,-0.09659115855154587
20297,1753746900000,2073607.832,-0.07109077896062443,13.333333333333334,1,0.0038503296877896442,-0.021002039032915976,-0.01576145962979636
20298,1753833300000,2090720.793,0.0037071967323119015,48.888888888888886,4,0.003714216374207213,-0.07985037616992552,-0.04841934769074929
20299,1753919700000,2046207.214,-0.0140807553420349,41.11111111111111,4,-0.028365905196430008,-0.10856732861663321,-0.0326971394930774
20300,1754006100000,2062527.959,0.0024007851343885722,46.666666666666664,4,-0.05649190287233663,-0.053827573242015814,0.0576820602706527
20301,1754092500000,2018230.906,-0.0011318924633242355,45.55555555555556,4,-0.02761070369881946,0.06554782778214197,0.149460744121509
20302,1754178900000,1994476.18,-0.0073720197747034755,42.22222222222222,4,0.03129873843913167,0.06352323082229949,0.25787554211148556
20303,1754265300000,1987636.015,-0.0474220027000305,14.444444444444443,1,0.06254734862020772,0.05217853681685791,0.21539226813112688
20304,1754351700000,1982470.104,-0.043951284613010566,18.88888888888889,1,-0.029458294545278485,0.052050430749196686,0.1363788010051712
20305,1754438100000,1907680.77,-0.08754876481491047,4.444444444444445,0,0.020297785872497087,0.1114936697631741,0.2736985382378463
20306,1754524500000,1932313.662,-0.055660810508705305,15.555555555555555,1,0.06241798011688582,0.15921434801155265,0.29227199491374845
20307,1754610900000,2042381.672,-0.009767764316643612,42.22222222222222,4,0.025379516346822673,0.08725551372805773,0.16230461557346887
20308,1754697300000,2189050.179,0.08463812167981932,76.66666666666667,7,0.06410307571056606,0.05342089248481097,0.10443249498688112
20309,1754783700000,2203858.339,0.10498102765007711,84.44444444444444,8,-0.00353216922536026,0.07690144146255729,0.03650767608109695
20310,1754870100000,2151079.509,0.08223009281706961,75.55555555555556,7,-0.0065295676983979645,0.11873416709201368,0.05125804729232275
20311,1754956500000,2127169.45,0.07298942148385623,75.55555555555556,7,0.08782172849678127,0.07605234310445663,0.0204395703262803
20312,1755042900000,2294258.909,0.20264299199283742,97.77777777777777,9,0.03517607626343966,-0.03621642798067304,-0.11351368998389422
20313,1755129300000,2283570.202,0.18178029111300664,94.44444444444444,9,-0.04443234333146906,-0.07021542317218299,-0.08991594165114314
20314,1755215700000,2193884.162,0.07417932312898268,74.44444444444444,7,-0.0256749888336133,-0.01662086431134746,-0.07064197373313774
20315,1755302100000,2116117.601,-0.0333169968873519,25.555555555555554,2,-0.0013414028273338596,-0.02669256131159381,0.09076374147509148
20316,1755388500000,2206783.286,0.0013271937439167658,46.666666666666664,4,0.010648401496067716,-0.07896641083970635,0.07984605156639346
20317,1755474900000,2184406.288,0.015493048425482492,54.44444444444444,5,-0.03565395415440731,-0.031501225010348244,0.06880642599035647
20318,1755561300000,2139134.104,0.00562468307355557,48.888888888888886,4,-0.05497679814385148,-0.019993039443155447,0.01664965197215773
20319,1755647700000,2252151.487,-0.018353387159060097,31.11111111111111,3,0.06273185941739001,0.1858729944390567,0.12943371674789161
20320,1755734100000,2194561.91,-0.038977690251013275,16.666666666666664,1,-0.024195113386438094,0.10322139464394597,0.03808656920546327
20321,1755820500000,2146309.049,-0.02168533499810188,28.888888888888886,2,0.14354034134896532,0.13093329987239066,0.06723992206125717
20322,1755906900000,2324912.654,0.09866892695440521,81.11111111111111,8,-0.011337192450705191,-0.09282585111757047,-0.0973247041481371
20323,1755993300000,2331756.655,0.056631464354855554,70.0,6,0.0003162065268378367,-0.03667158078134425,-0.08434547343027532
20324,1756079700000,2269929.89,0.03915187502884532,64.44444444444444,6,-0.08271315736036355,-0.059338018409544335,-0.0815701494911939
20325,1756166100000,2121753.594,-0.008125021225878104,36.666666666666664,3,0.04986124297086092,0.028773826042503448,-0.017960819396772076
20326,1756252500000,2052826.38,-0.08850430717052393,2.2222222222222223,0,-0.02322052762464566,-0.05221684086047684,-0.06017077369876356
20327,1756338900000,2013299.62,-0.08259611596010974,5.555555555555555,0,0.0032091369157567495,-0.02689265637309668,-0.010637777016170302
20328,1756425300000,2007307.418,-0.06476310159749044,11.11111111111111,1,-0.03278954000141987,-0.02675782636473345,-0.04661212465393627
20329,1756511700000,2011106.498,-0.13497546045873954,1.1111111111111112,0,0.002878420561326367,-0.013066423854881548,-0.012580188668426473
20330,1756598100000,2001588.648,-0.14159625374801377,0.0,0,0.003348137712746224,-0.011238216339095053,-0.023452972844407727
20331,1756684500000,1990914.328,-0.12291814087702957,4.444444444444445,0,-0.019182990595411176,0.013311390812404955,-0.02007193621473291
20332,1756770900000,2014540.047,-0.05053063056105278,17.77777777777778,1,0.004736164496892625,-0.001240977351001371,0.0010318238648774347
20333,1756857300000,1994880.121,-0.02822754986225373,28.888888888888886,2,0.028259904150398807,-0.004223488703439693,-0.0038025276168975886
20334,1756943700000,1986576.08,-0.013273503722213031,41.11111111111111,4,-0.03326870042873653,-0.039497302963366177,-0.022905691444612852
20335,1757030100000,1980151.857,-0.013528351839130148,40.0,3,0.0017358041007791147,0.0003350613813835057,0.036703182152397096
20336,1757116500000,1944101.514,-0.03331747178313771,23.333333333333332,2,-0.008164583130089942,0.0005388857144184023,0.09358725999842044
20337,1757202900000,1977540.213,-0.012014673956124544,44.44444444444444,4,0.006821966122017908,0.008658018796120936,0.09242558014814883
20338,1757289300000,1975732.015,-0.007625799255386201,47.77777777777778,4,0.0019399138436346774,0.010381097702807152,0.0715488607076733
20339,1757375700000,1977504.308,-0.018384215818967098,34.44444444444444,3,-0.00011607661056300955,0.034349390597794516,0.05020545560069656
20340,1757462100000,2035252.366,0.020237930377371205,67.77777777777779,6,0.008541908521012331,0.09312514511260739,0.04481077315997206
20341,1757548500000,1947782.999,-0.019527609030709714,33.33333333333333,3,0.025707964703634456,0.07387557869970696,0.05634710701944612
20342,1757634900000,2022530.371,0.02140164848983095,70.0,6,0.056701216036054713,0.03395833426851547,0.029747770151679065
20343,1757721300000,2079853.847,0.06982780066905514,82.22222222222221,8,-0.009218175523407646,-0.03915175793156034,-0.051477350687858636
20344,1757807700000,1975452.415,-0.0010557550163962093,54.44444444444444,5,-0.012418831690851784,-0.035305668758266795,-0.04000480203400436
20345,1757894100000,1988293.564,0.006357921471450201,61.111111111111114,6,-0.018017001102727304,-0.003952886627477836,-0.03446022801274651
20346,1757980500000,1985955.33,0.00427357956481389,58.88888888888889,5,-0.005252268024828921,0.01420057651157447,-0.07262321608573408
20347,1758066900000,1943314.448,-0.04517273608711769,17.77777777777778,1,0.019677777777777905,-0.007615555555555598,-0.07482444444444447
20348,1758153300000,1942010.817,-0.002963462563829511,51.11111111111111,5,-0.00011986357346005505,-0.02407514356387097,-0.09575356049296613
20349,1758239700000,1907710.601,-0.05677035640420547,13.333333333333334,1,-0.026649956408021036,-0.030512205754141153,-0.15893417611159544
20350,1758326100000,2031632.259,-0.023185084889284502,28.888888888888886,2,0.002765505303724325,-0.06057240361598215,-0.0967479001193533
20351,1758412500000,2011179.436,0.01808548802730847,68.88888888888889,6,-0.006714931399171009,-0.07029575175075031,-0.10380118264970706
20352,1758498900000,2033089.564,0.022529872253813643,73.33333333333333,7,-0.056829908206141755,-0.06718285255653655,-0.07014597539124245
20353,1758585300000,1911460.807,-0.037510674019037515,21.11111111111111,2,-0.007613408561628177,-0.08019107414849713,0.004438374058156613
20354,1758671700000,1895388.701,-0.02466185904670437,28.888888888888886,2,-0.0033891465643757224,-0.03113162907220013,-0.005243449291305602
20355,1758758100000,1943980.682,0.001014342959759107,53.333333333333336,5,-0.0699825025667723,-0.032760690064060904,0.046235641741259714
20356,1758844500000,1994818.872,0.04566115581385288,76.66666666666667,7,0.04531707961780951,0.07183302624384202,0.16080346013408264
20357,1758930900000,1909354.559,-0.06018692578753748,11.11111111111111,1,-0.005064853929910074,0.04466640883758766,0.11850221138017902
20358,1759017300000,1914555.195,-0.0480435704892519,15.555555555555555,1,0.03058618326792506,0.03194667663365114,0.1176228742291161
20359,1759103700000,1915458.029,-0.05785851104786843,12.222222222222221,1,0.018822533849129686,0.04956963249516444,0.09103239845261135
20360,1759190100000,1843072.51,-0.03577802733362556,23.333333333333332,2,-0.017179064276137135,0.0629993948526879,0.11196649145081095
20361,1759276500000,1827740.009,-0.035691197253792106,24.444444444444443,2,0.04818590545363244,0.08939359549530845,0.07530677587131107
20362,1759362900000,1891956.852,-0.026761495359345355,30.0,2,0.03185887187803771,0.03323642830486828,0.04240708404937066
20363,1759449300000,1975259.322,-0.009805175935792998,47.77777777777778,4,0.007224310832894432,0.007409606815320213,-0.025584240465070462
20364,1759535700000,1956585.997,0.02473686082941917,75.55555555555556,7,-0.0058470458897794675,0.038562132066103816,-0.1537409568054472
20365,1759622100000,1969175.832,0.028529152433236504,77.77777777777779,7,0.006066483847234405,-0.007125498851804801,-0.1652843733975432
20366,1759708500000,2003553.396,0.04599180230850153,82.22222222222221,8,0.0383711061028118,0.0027922375795288445,-0.08004636000806642
20367,1759794900000,2016153.252,0.09390880774408594,94.44444444444444,9,-0.04958106221962322,-0.06849408621197428,-0.09520323711067391
20368,1759881300000,1943438.079,0.06330116396768104,85.55555555555556,8,0.0161159938383324,-0.14265472656478062,-0.07402084727418079
20369,1759967700000,1911827.899,0.010502907071582746,66.66666666666666,6,-0.03544444223455334,-0.17262784772082884,-0.12033077648941126
20370,1760054100000,1918320.094,-0.02882620391450552,28.888888888888886,2,-0.12524743855275944,-0.04889660734251,-0.10908832639894428
20371,1760140500000,1394726.859,-0.287163017041668,0.0,0,-0.019407812888778353,0.11040190673249417,0.0027369992535455356
20372,1760226900000,1407313.678,-0.2853285851214935,1.1111111111111112,0,0.1088022008840932,0.1014303075628682,0.0381335220822927
20373,1760313300000,1442375.703,-0.28009120900913587,2.2222222222222223,0,0.021263218750752655,-0.04111964926649492,-0.041524341772456896
20374,1760399700000,1430274.701,-0.2905922704133803,0.0,0,-0.02733060192425174,-0.08278905643732737,-0.06165247890705894
20375,1760486100000,1393179.198,-0.28313682177264776,3.3333333333333335,0,-0.03470184543007493,-0.07158619686204137,-0.06095011761282332
20376,1760572500000,1447744.812,-0.24274312935946962,5.555555555555555,0,-0.023117118022408678,-0.023584384263678926,-0.04502336331206347
20377,1760658900000,1458874.957,-0.23950389637111313,6.666666666666667,0,-0.015450370057964569,0.023232131009263135,-0.008918422663285797
20378,1760745300000,1462782.959,0.04879528888458884,84.44444444444444,8,0.015207000130599502,0.03909886378477201,0.02665534804753822
20379,1760831700000,1465440.908,0.04130367728863926,81.11111111111111,8,0.02372180141610425,-0.003694631977605667,0.016404577638728934
20380,1760918100000,1532629.122,0.06257275327938605,86.66666666666667,8,-0.00018346687040704523,-0.04462014818091342,0.044838800478521845
20381,1761004500000,1473883.482,0.030489794002166448,78.88888888888889,7,-0.026602550406089165,-0.031242851648614067,0.0356493782348255
20382,1761090900000,1468770.141,0.054257875159574365,85.55555555555556,8,-0.018329907343325513,0.015027011951368241,0.027753101467838714
20383,1761177300000,1504924.432,0.039495648353254253,80.0,7,0.013816035229311519,0.039222598109107665,0.02521978860308627
20384,1761263700000,1473162.764,0.009793715994262486,66.66666666666666,6,0.019888943667453862,0.07873323127221776,-0.013581047769791632
20385,1761350100000,1476989.475,0.009711978057026283,66.66666666666666,6,0.005070537202172654,0.04820190558573234,-0.02122603706860371
20386,1761436500000,1491931.756,0.018077049613794527,70.0,6,0.052360725785220996,0.007429476924323053,-0.019878597031246836
20387,1761522900000,1563885.812,0.02039416421841933,72.22222222222221,7,-0.008976915472190039,-0.06255938306557329,-0.05884065012880857
20388,1761609300000,1591569.568,0.07984761851072841,92.22222222222223,9,-0.03402418926167661,-0.07729350171480176,-0.12578852963949116
20389,1761695700000,1536757.049,0.046288323885527616,82.22222222222221,8,-0.02074963000932195,-0.033345645417015346,-0.17203247374887864
20390,1761782100000,1545987.158,0.02728557336625137,73.33333333333333,7,-0.024553210597216046,-0.006491757008146859,-0.12133427416768228
20391,1761868500000,1592238.143,0.08082975073078891,92.22222222222223,9,0.011984553709529777,0.02923799703279717,-0.1296993865676196
20392,1761954900000,1562286.951,0.05775090306584607,84.44444444444444,8,0.006454178710307845,-0.06377757907213699,-0.10744920875875974
20393,1762041300000,1585234.217,0.06253802201392378,84.44444444444444,8,0.010526995441573428,-0.14896370046100793,-0.12225106212631875
20394,1762127700000,1637523.678,0.04708647232103691,78.88888888888889,7,-0.07947177276107864,-0.1248060806959882,-0.08530404757827692
20395,1762214100000,1715055.683,0.07758763266325541,90.0,8,-0.0851222735551509,-0.08142130513970958,-0.009817422593398795
20396,1762300500000,1670308.788,0.0869049138814133,94.44444444444444,9,0.03921193747211826,0.04205549334328729,0.03768242609637751
20397,1762386900000,1648108.177,0.06605554158167193,84.44444444444444,8,-0.033839702369480085,-0.007528370099112891,-0.004059128951810265
20398,1762473300000,1718636.912,0.07938433679389645,88.88888888888889,8,0.03785703491008019,0.08174097022820015,-0.02156264168051991
20399,1762559700000,1720540.51,0.10129608961958247,96.66666666666667,9,-0.010236621769202814,0.03863123407353486,-0.09496032034947222
20400,1762646100000,1698551.732,0.07148313718237143,85.55555555555556,8,0.05306302595186252,0.006102512799388116,-0.068286941681869
20401,1762732500000,1700869.042,0.038683632396306455,67.77777777777779,6,-0.0035038307431809468,-0.04706980279077044,-0.1352830726416202
20402,1762818900000,1734222.638,0.011175704200153458,55.55555555555556,5,-0.041234858681022835,-0.09231718259309118,-0.1516066621803499
20403,1762905300000,1668936.295,-0.0008217001609884811,46.666666666666664,4,-0.002591143320055944,-0.09114624459691056,-0.08826264717752552
20404,1762991700000,1712481.968,0.039059202483406,71.11111111111111,7,-0.05081982594825363,-0.07153245290985433,-0.11347083108536049
20405,1763078100000,1809564.065,0.05290655191048277,81.11111111111111,8,-0.03999802295839561,-0.04398608656970926,-0.12371646752091336
20406,1763164500000,1703829.87,-0.009712436239004862,41.11111111111111,4,0.018933738351438967,-0.026376589610255796,-0.11121801472481063
20407,1763250900000,1790253.901,0.05398844631715938,81.11111111111111,8,-0.02265894420373149,-0.015468084837613527,-0.12518474539873425
20408,1763337300000,1828487.924,0.07503157435915053,91.11111111111111,9,-0.022315067032445013,-0.023032406285442897,-0.09560968989617968
20409,1763423700000,1970566.42,0.1362822608938863,100.0,9,0.030349901345469332,-0.062477897749619093,-0.024367834326488702
20410,1763510100000,1956314.987,0.1721927271046617,100.0,9,-0.03016801709039829,-0.11402901005279797,-0.05145723872027308
20411,1763596500000,2024325.854,0.18210053701423856,100.0,9,-0.06178952138092064,-0.0838005086836735,0.0008632408243454126
20412,1763682900000,2010626.279,0.11111085696764222,96.66666666666667,9,-0.026305492002947073,-0.01332195849358575,0.06276725879288025
20413,1763769300000,1868458.531,0.09662271092829222,94.44444444444444,9,0.0029217429083470137,0.06876414257526098,0.09726109230462865
20414,1763855700000,1901918.274,0.062373483972092636,78.88888888888889,7,0.010382221708806982,0.0675061008187372,0.07921678483242611
20415,1763942100000,1853866.292,0.01387942882580373,52.22222222222223,5,0.054700451609215106,0.08118247298919568,0.06953852969759344
20416,1764028500000,1890262.383,-0.04075175349836724,21.11111111111111,2,0.0017412042087006085,0.021253531527991365,-0.05217853779497161
20417,1764114900000,1821466.62,-0.0689297827272638,12.222222222222221,1,0.023326750351693626,0.024878936262309415,0.012880775890055318
20418,1764201300000,1909353.451,-0.056795403157460345,15.555555555555555,1,-0.003760615974356507,-0.0120749479528105,0.05508410164898714
20419,1764287700000,1869506.164,-0.07018714341592469,11.11111111111111,1,0.005297341046598181,-0.007035479248487242,0.038786354951703794
20420,1764374100000,1885156.061,0.008936526940773737,46.666666666666664,4,-0.01357116696197902,-0.0767943933559685,-0.002992717829933156
20421,1764460500000,1905653.029,0.0019636779619061073,43.333333333333336,4,0.0013212646677103201,0.0018899102209020135,0.01599900988774272
20422,1764546900000,1883657.524,0.016069784605587945,52.22222222222223,5,-0.06532799289128832,0.06657068124041676,0.021359541140667515
20423,1764633300000,1944731.862,0.028815829743991772,62.22222222222222,6,0.07050161725549065,0.11926589109884023,0.1159098625779591
20424,1764719700000,1936305.84,0.06304766650074534,81.11111111111111,8,0.06596532463500049,0.008817411800841946,0.10866683805142219
20425,1764806100000,1977270.535,0.03557072367320435,62.22222222222222,6,-0.019149395982823725,-0.048672164470572765,0.04151541441811091
20426,1764892500000,1999943.903,0.06977122702870098,83.33333333333334,8,-0.03513483307521603,-0.023693580061628916,0.03262816726007056
20427,1764978900000,2079326.379,0.10299959882207332,95.55555555555556,9,0.005219054679278079,0.03330663683719348,0.02018453677166554
20428,1765065300000,2045872.845,0.07358097925810814,84.44444444444444,8,0.006604354396373191,0.09327086742235946,0.025337543087980086
20429,1765151700000,1957026.184,0.03895010587922565,60.0,5,0.02119740306464557,0.08761876727338147,0.002789906621531113
20430,1765238100000,1941734.179,-0.001541437695640524,30.0,2,0.06355332355409216,0.035733731335634955,-0.05135062422732262
20431,1765324500000,2063268.775,0.06556967002692082,78.88888888888889,7,0.001400311381068331,-0.07169594271070168,-0.10788721621108877
20432,1765410900000,2048911.092,0.03623204601084096,56.666666666666664,5,-0.027518990539313393,-0.0634491510642522,-0.14965386998021257
20433,1765497300000,1955942.272,-0.022001432607182347,25.555555555555554,2,-0.046761889153109415,-0.05190439819038106,-0.12593426370588434
20434,1765583700000,2019766.068,-0.028644041455696878,22.22222222222222,2,0.010296469550153953,-0.039148643519615,-0.03395823668903952
20435,1765670100000,2003638.993,-0.020643439353143167,27.77777777777778,2,-0.015531330775282126,-0.04878064443623875,-0.044005972353781564
20436,1765756500000,2055146.574,0.050137494736759214,68.88888888888889,6,-0.03393694675112047,-0.07772066353987961,-0.021190614420185327
20437,1765842900000,2117597.399,0.09057018303636721,91.11111111111111,9,0.0001688088509856911,-0.045696555961822205,0.01532109131546
20438,1765929300000,1973881.678,-0.04332305033792794,15.555555555555555,1,-0.04548293124225711,0.005232191140381426,0.0007898920818383282
20439,1766015700000,1988761.507,-0.02935685459210735,21.11111111111111,2,-0.0003925465662785177,0.052908911514345736,0.04237734688031569
20440,1766102100000,1978158.655,0.011358404242310938,41.11111111111111,4,0.05354527379377205,0.06171061848594417,0.027623488456014034
20441,1766188500000,2073744.558,0.026725119733024494,48.888888888888886,4,-0.00021155634954472813,0.009865913570836105,-0.017001742821355692
20442,1766274900000,2056908.486,0.026586372687946502,47.77777777777778,4,0.007963591173210549,-0.0042085110670743164,-0.009558996406139775
20443,1766361300000,2028166.761,-0.013127926417184188,27.77777777777778,2,0.0020992932379431117,-0.017823999253584688,-0.017154224744336033
20444,1766447700000,1994044.911,-0.058345598676285526,11.11111111111111,1,-0.014145532053562837,-0.03413349471787086,-0.023672318450708496
20445,1766534100000,2104859.967,0.06635569419374288,80.0,7,-0.005818326548096442,-0.012638417145343417,0.0024487565645903153
20446,1766620500000,2095930.661,0.05388738349107647,67.77777777777779,6,-0.014541037889480024,0.0004478341113887119,0.00781674085332762
20447,1766706900000,2117160.179,0.07026813731479997,81.11111111111111,8,0.007794371802551936,0.015447591112212944,0.03354609489578819
20448,1766793300000,2154872.917,0.03912167421345436,56.666666666666664,5,0.0073583165374235815,0.003013015406688746,0.06660745396782008
20449,1766879700000,2116859.045,0.029145953457843765,48.888888888888886,4,0.00023399031483561927,0.007864109276868314,0.059955779221659844
20450,1766966100000,2114926.33,0.042777335014218876,58.88888888888889,5,-0.004546487067431215,0.007129949517380663,0.06413564194973431
20451,1767052500000,2132194.519,0.06928109153304818,78.88888888888889,7,0.012230426549323603,0.02247183357628435,0.09895031538220511
20452,1767138900000,2097401.687,-0.003543361609290474,24.444444444444443,2,-0.000494611427206415,0.05055467138622416,0.10894237272167495
20453,1767225300000,2091615.349,-0.0020589001727476797,24.444444444444443,2,0.01061752666163951,0.05220564472692013,0.06631746202736188
20454,1767311700000,2111767.602,-0.0025470803076161896,23.333333333333332,2,0.040031977615669234,0.04550148229572626,0.034449218880117316
20455,1767398100000,2301956.22,0.06825613790940799,77.77777777777779,7,0.0010761366693567975,0.03342749529190203,-0.011936789781826107
20456,1767484500000,2274365.184,0.07440558660342922,83.33333333333334,8,0.004178344275092449,0.05444325002239547,-0.012896558784760814
20457,1767570900000,2254159.093,0.06583338673550854,73.33333333333333,7,0.02802115525536064,0.009194889603976186,-0.005110396023831565
20458,1767657300000,2201903.914,0.03269373144842991,46.666666666666664,4,0.02143399501030485,-0.03754048316365277,-0.04123161793191077
20459,1767743700000,2140214.039,0.020412089999429783,40.0,3,-0.0389130441378599,-0.0639599976940417,0.008113331775800203
20460,1767830100000,2264837.078,0.08281720110861568,90.0,8,-0.01958605361855814,-0.02596004495573878,0.05951899885085066
20461,1767916500000,2194211.706,0.03904032996903606,51.11111111111111,5,-0.006604368994564402,0.005519204513253717,0.06816893789123868
20462,1768002900000,2260872.175,-0.017847448462768978,17.77777777777778,1,0.00010372737851738201,0.002787673297655502,0.06832716911776626
20463,1768089300000,2269323.579,-0.00221670866027468,22.22222222222222,2,0.012099191982705149,0.0768864270596663,0.07184968868808217
20464,1768175700000,2251156.937,-0.0013318296873201518,24.444444444444443,2,-0.00930296606098635,0.07475357547731742,0.05171232218685362
20465,1768262100000,2237140.237,0.01600266150396612,33.33333333333333,3,0.07400415695578944,0.07228125070710267,0.030071663849030594
20466,1768348500000,2384493.499,0.11413786450729835,96.66666666666667,9,0.010094656212848552,-0.008051045130998746,-0.1154113557358053
20467,1768434900000,2238273.191,-0.011728829087988002,14.444444444444443,1,-0.011581930162778864,-0.014624160853850765,-0.1119368074157725
20468,1768521300000,2201442.123,0.0032952230544704975,24.444444444444443,2,-0.006457214173313686,-0.009972205642073795,-0.11070112925883713
20469,1768607700000,2205189.919,-0.024628661724318657,8.88888888888889,0,0.0034012986224891684,-0.03312094180472125,-0.1038078766915469
20470,1768694100000,2245160.583,-0.010647664451028827,15.555555555555555,1,-0.006915612592644171,-0.11125457739770972,-0.10731143842927604
20471,1768780500000,2237175.529,-0.0062107655713387055,17.77777777777778,1,-0.02968813753372268,-0.09248083212043334,-0.14240562217201458
20472,1768866900000,2273405.163,0.01621039459226359,37.77777777777778,3,-0.07768370446614603,-0.07426003564883388,-0.08066490096151424
20473,1768953300000,2344039.028,-0.0169656453317929,13.333333333333334,1,0.014062175707446833,0.004960719134153635,0.02907022241578172
20474,1769039700000,2250321.222,0.005382734801294475,30.0,2,-0.01020661517504251,-0.009491950798880655,0.009907999543688373
20475,1769126100000,2310121.432,0.04936732511136732,61.111111111111114,6,0.0012440677966101266,-0.04526779661016944,-0.04348813559322029
20476,1769212500000,2282049.268,0.03485384562017857,48.888888888888886,4,-0.0005213852596938073,-0.00815256951521326,-0.0844407127404212
20477,1769298900000,2287761.357,0.018974488650195465,38.88888888888889,3,-0.04595664825058521,0.024524665241706822,-0.17250934071331547
20478,1769385300000,2248817.391,0.005203821447664181,30.0,2,0.04016744423851226,0.06869971524537877,-0.1945349836319351
20479,1769471700000,2237346.969,-0.015860874509679324,14.444444444444443,1,0.032407265180451894,-0.036824265511556264,-0.1994750118617281
20480,1769558100000,2281639.258,-0.0266206190488395,8.88888888888889,0,-0.004820583693995517,-0.10589083262523435,-0.2627515680122201
20481,1769644500000,2281583.276,0.013892262888680174,38.88888888888889,3,-0.06253924483795403,-0.18840512300868772,-0.28580541205003396
20482,1769730900000,2283610.919,-0.011475809294166917,18.88888888888889,1,-0.04162369626928342,-0.19603361082464188,-0.3527470930747668
20483,1769817300000,2340906.822,0.025791535189589876,46.666666666666664,4,-0.09666230318090718,-0.13277199677545803,-0.2375141443500256
20484,1769903700000,1985517.736,-0.13211326438188453,0.0,0,-0.07135079374176179,-0.08720516116355426,-0.14447410003029248
20485,1769990100000,1930975.614,-0.14133729944994,0.0,0,0.03378795359170583,-0.052398878583771125,-0.07752935783051806
20486,1770076500000,1942656.331,-0.1317143215080826,2.2222222222222223,0,-0.04919815283066342,-0.22123818336097834,-0.10297158889822244
20487,1770162900000,1969750.6,-0.13669499107119576,1.1111111111111112,0,-0.03593995954848572,-0.07528376602700648,-0.09437042285734776
20488,1770249300000,1985805.238,-0.129637187084641,4.444444444444445,0,-0.15040773320804401,-0.027799357116607637,-0.09743730491373181
20489,1770335700000,1911193.802,-0.1630825610008393,0.0,0,0.1289997590836418,0.14582010118487032,0.06681048643202891
20490,1770422100000,2059696.537,-0.12012878187084042,6.666666666666667,0,0.013564763622960552,0.020252575219693814,-0.006712060369745365
20491,1770508500000,1980320.531,-0.0026175565726601624,32.22222222222222,3,0.0013158335446641356,-0.03374754178369599,-0.0019426487968495776
20492,1770594900000,1877560.852,-0.0276620593303879,16.666666666666664,1,0.005275531853890625,-0.07284916948601783,-0.06123248657224223
20493,1770681300000,1961363.004,0.00962942992102489,46.666666666666664,4,-0.04008137965128422,-0.07384062517825551,-0.04980225505295366
20494,1770767700000,1765648.438,-0.10361827634422349,7.777777777777778,0,-0.0392047142715658,0.014222046152322365,-0.01357333861543042
20495,1770854100000,1757759.226,-0.11483805543270498,7.777777777777778,0,0.004200532926508682,0.07506326569530408,0.007267179664266488
20496,1770940500000,1767701.961,-0.075079691473382,10.0,0,0.05119124606082992,0.008294069945287807,-0.0005543066547594178
20497,1771026900000,1758963.954,-0.14600819955643796,1.1111111111111112,0,0.018431537214616434,-0.024007382379938602,-0.03892838310255253
20498,1771113300000,1765785.06,-0.10833371044821016,10.0,0,-0.05816757516048454,-0.04500759874776472,-0.053977477023975595
20499,1771199700000,1777775.435,-0.05314630249864194,17.77777777777778,1,0.01751555071416222,-0.005197145387724422,-0.00491718163030519
20500,1771286100000,1751265.316,-0.10711820686508666,11.11111111111111,1,-0.003481827959678885,-0.02583856524675454,-0.07303334250481508
20501,1771372500000,1801031.87,0.020039907853955263,61.111111111111114,6,-0.0189057173981797,-0.011847449033378643,-0.0702262561559045
20502,1771458900000,1783111.533,0.014423082880180571,56.666666666666664,5,-0.0035971407080687134,0.009696417698136894,0.050513475206336755
20503,1771545300000,1813422.007,0.025864114544589922,65.55555555555556,6,0.010830380526883454,0.003892569198377327,0.04123144867252093
20504,1771631700000,1751782.358,-0.004082855696768806,38.88888888888889,3,0.0024842637891879793,-0.05864183418936286,-0.019716621198035078
20505,1771718100000,1774054.488,0.004683145297423641,50.0,4,-0.009324576339901025,-0.061410443525500735,-0.005427511554366382
20506,1771804500000,1751714.978,-0.014659026380348328,33.33333333333333,3,-0.05213619250286461,0.050217916189229106,-0.00897241774431179
20507,1771890900000,1795796.957,0.025428266404380562,65.55555555555556,6,-0.00046412226923420175,0.09424380450738279,0.09376349192643119
20508,1771977300000,1845523.032,0.024703150866508317,64.44444444444444,6,0.10849846120619855,0.041833594298364085,0.06907294422547383
20509,1772063700000,1899519.662,0.06528370595200439,85.55555555555556,8,-0.01240106183483125,-0.04407101629283272,0.03412970945666194
20510,1772150100000,1825548.312,0.006686973552317621,50.0,4,-0.04833817487756398,-0.04451097115294511,0.022499617772824054
20511,1772236500000,1813712.913,0.03535288200453501,73.33333333333333,7,0.017096984836078244,0.05033219664382926,0.02439390955544729
20512,1772322900000,1791933.004,0.010077771636064936,51.11111111111111,5,-0.012855592411990413,0.00889649795930847,0.002919641082865798
20513,1772409300000,1822312.075,0.0403017031233035,78.88888888888889,7,0.04612509936304421,0.09589437063189732,0.0013420463109212744
20514,1772495700000,2000823.191,0.11417005313479889,100.0,9,-0.023027581783194417,0.02294863571322847,-0.018502985148270534
20515,1772582100000,1924879.921,0.04299967414332451,80.0,7,0.07226658181946743,-0.0017070448427548568,0.027918768907541747
20516,1772668500000,2139574.972,0.12637684926474857,100.0,9,-0.023507856362334656,-0.07292098421191451,-0.03439278043633898
20517,1772754900000,1982411.33,0.0859265224419874,94.44444444444444,9,-0.046575117812474365,-0.06428195889466093,3.858750440133285e-05
20518,1772841300000,1963770.195,0.08273485893188881,93.33333333333333,9,-0.004224318923431114,0.006349126046593989,0.05788581691245298
20519,1772927700000,1946045.214,0.08600333252191161,95.55555555555556,9,-0.014408372707412465,0.03404460702128742,0.06537113244932158
20520,1773014100000,2000282.478,0.09766186892000928,96.66666666666667,9,0.02539253791354379,0.05678526139983697,0.12053981050960338
20521,1773100500000,1978300.046,-0.011256939194483784,33.33333333333333,3,0.02318017293384278,0.04227327568871897,0.18089684295194042
20522,1773186900000,2074279.947,0.07761524465504555,90.0,8,0.0072667063002687105,0.027396318005611153,0.13911885658695722
20523,1773273300000,2111545.729,-0.01310037898499039,31.11111111111111,3,0.011311643334471544,0.02286229940002915,0.07519145407541106
20524,1773359700000,2149394.026,0.08423211342320158,92.22222222222223,9,0.00857574193672872,0.048468858673895276,0.03066141253756105
20525,1773446100000,2095631.062,0.06714679107348398,83.33333333333334,8,0.002821521995915788,0.12336746259092224,0.026020171491150323
20526,1773532500000,2062076.229,0.05962400779039667,78.88888888888889,7,0.036629040949560654,0.10562382866707698,-0.004496964668068593
20527,1773618900000,2163043.784,0.08136916050113996,88.88888888888889,8,0.08062453422149418,0.014017057843940028,-0.05592102236656904
20528,1773705300000,2476234.772,0.25169828358786783,100.0,9,-0.013018083983244222,-0.09032626094063956,-0.08537530225113243
20529,1773791700000,2380549.767,0.14765115019453057,98.88888888888889,9,-0.0492611474858311,-0.07460987034497035,-0.06958066992745193
20530,1773878100000,2207336.772,0.04536536513720946,73.33333333333333,7,-0.030572757173641718,-0.05294771464216852,-0.016518090053306067
20531,1773964500000,2242913.721,0.04350979572323421,72.22222222222221,7,0.004033956365882663,-0.03960952051140476,-0.036371123985661336
20532,1774050900000,2201951.477,0.05073431909266102,74.44444444444444,7,-0.027005611797826123,0.0014029494565317435,-0.07163898055446805
20533,1774137300000,2155303.509,0.045210394595941006,71.11111111111111,7,-0.016919436274275057,0.03334067850196876,-0.04471770600802849
20534,1774223700000,2166950.438,0.001806091041197444,38.88888888888889,3,0.04691017532233377,0.05633898899728118,-0.03348081589693108
20535,1774310100000,2116258.944,-0.14537225309587887,2.2222222222222223,0,0.004026083435342942,-0.041587347392819995,-0.05747757727520253
20536,1774396500000,2131354.849,-0.10467956665070643,13.333333333333334,1,0.004960271470558331,-0.0766570551749075,-0.024504668218103487
20537,1774482900000,2148754.48,-0.02653980703946701,20.0,1,-0.050142076906044886,-0.08010277511255448,-0.013298951952173566
20538,1774569300000,2173880.71,-0.03077827308008163,17.77777777777778,1,-0.03271268587857057,-0.036728925667997236,-0.001350078187981274
20539,1774655700000,2216418.352,0.006570024431105992,47.77777777777778,4,0.001209972988984731,0.016678548835714846,0.030470232656216956
20540,1774742100000,2189164.081,0.015710349776078658,54.44444444444444,5,-0.00535555789568698,0.05520537160451111,0.035101971226412676
20541,1774828500000,2170800.628,0.0017767780621478213,42.22222222222222,4,0.020917464494759397,0.07839637813774591,0.06328679966322337
20542,1774914900000,2145822.896,0.013969912370043192,54.44444444444444,5,0.03915061728395064,0.0154864197530864,0.04049876543209896
20543,1775001300000,2287774.899,0.0733899613541078,84.44444444444444,8,0.016504457581690612,-0.024621248122873585,0.0656329005645635
20544,1775087700000,2292810.779,0.06704176784310878,81.11111111111111,8,-0.03863937054992739,-0.034978798603092165,0.023253748229320914
20545,1775174100000,2148381.681,-0.01172972780093351,28.888888888888886,2,-0.0018916921161665767,0.025618082436927203,0.06485245774086223
20546,1775260500000,2156758.012,-0.026917454435515298,20.0,1,0.005710193084430104,0.026572860991878278,0.09271755494599199
20547,1775346900000,2147205.892,-0.019166306155011248,24.444444444444443,2,0.021727651039875173,0.08632926232565796,0.10661324781149029
20548,1775433300000,2152000.005,-0.008660686180711807,36.666666666666664,3,-0.0009625232333193567,0.03779444676250798,0.039444486591055705
20549,1775519700000,2204807.899,0.027488290440908836,68.88888888888889,6,0.06425218674804567,0.039254678430572065,0.12634016924456914
20550,1775606100000,2238844.402,-0.02138781093427866,24.444444444444443,2,-0.023920905819237448,0.00016946204719081592,0.03435620030413977
20551,1775692500000,2283475.321,-0.004071621646890455,41.11111111111111,4,0.0004431753283837825,0.04363677898343821,0.07751456310679594
20552,1775778900000,2208705.538,0.028078742959640968,71.11111111111111,7,0.02422684178799117,0.0011462652759257619,0.07127851962808052
20553,1775865300000,2308059.259,0.07015216642672661,85.55555555555556,8,0.01849944488289057,0.058160221511791343,0.07889351114915932
20554,1775951700000,2356976.257,0.09769457404227366,94.44444444444444,9,-0.040288758722737406,0.015396671132007489,0.028446849307872002
20555,1776038100000,2179531.663,0.012793521345740189,53.333333333333336,5,0.08255520634240021,0.07580408989932619,0.03296186987679195
20556,1776124500000,2251779.338,0.021304095935661183,62.22222222222222,6,-0.022661289982766064,-0.011549757501443159,-0.02567830069821042
20557,1776210900000,2259807.485,0.009363349673283894,51.11111111111111,5,0.01680585316219929,0.04323476026437545,0.002599776669268028
20558,1776297300000,2233913.589,-0.021704518347189894,24.444444444444443,2,-0.005346822647461447,-0.00388821282134999,0.007840027815350314
20559,1776383700000,2108704.998,-0.04527563239170007,17.77777777777778,1,0.031507374882769223,-0.03466194901526154,-0.006846278455111432
20560,1776470100000,2327124.833,0.008260435223080176,50.0,4,-0.029123324695934705,-0.04440201511751407,-0.04361679705419241
20561,1776556500000,2153817.692,-0.0861945742544662,15.555555555555555,1,-0.03607549675639776,-0.010122422570703615,-0.01363419659123788
20562,1776642900000,2165357.533,-0.006503291620223783,37.77777777777778,3,0.021099673657203333,0.04964031636262489,0.04585138375528275
20563,1776729300000,2116659.366,-0.06000586723564649,17.77777777777778,1,0.005704351135464414,0.007555346045228228,-0.003394932252721361
20564,1776815700000,2126131.112,-0.05915387655245319,18.88888888888889,1,0.022120354682514387,-0.004854953428569009,-0.016267749176506974
20565,1776902100000,2336600.082,0.04596708373396252,77.77777777777779,7,-0.019840969329799396,-0.025112541545710854,-0.05210568387395342
20566,1776988500000,2016624.372,-0.0436669074561562,22.22222222222222,2,-0.006683149192613591,0.016559787787478575,-0.0313811841664734
20567,1777074900000,2014523.272,-0.13432951965753015,5.555555555555555,0,0.0013136459292100167,-0.004213173621644084,-0.008931928077885454
20568,1777161300000,2044426.933,-0.05078923782932687,22.22222222222222,2,0.022056697493969102,-0.012765351435562566,-0.0007767962334014333
20569,1777247700000,2060314.878,-0.04851053620436907,23.333333333333332,2,-0.02698115119578437,-0.048671632211863214,-0.018827692203756352
20570,1777334100000,2015715.231,-0.047690307009937705,24.444444444444443,2,-0.007285998212131495,-0.02073840706121277,0.017956796070160763
20571,1777420500000,1972630.18,-0.07219730294789095,18.88888888888889,1,-0.015116080834750356,0.0025659743927120005,0.03149110651635101
20572,1777506900000,2008700.816,-0.1403317874230905,4.444444444444445,0,0.001588957191362761,0.02767803643949307,0.043034997004061104
20573,1777593300000,2000270.262,-0.0081096461131136,43.333333333333336,4,0.01633852248707135,0.029734604255017505,0.014530516743994415
20574,1777679700000,1946007.337,-0.03401099205569269,30.0,2,0.00955308480488326,0.022803575321560965,0.0055155875299761625
20575,1777766100000,1967682.279,-0.03753846750951595,28.888888888888886,2,0.003593316086567988,0.019115405047054335,0.005005592961937699
20576,1777852500000,2080573.496,0.009832777609054322,57.77777777777777,5,0.009497661087992215,0.011309403416059682,0.019455788753426573
20577,1777938900000,2078524.363,0.031159724862941163,71.11111111111111,7,0.005912695029414161,-0.02403444453917647,-0.00272401739278727
20578,1778025300000,2072900.957,0.0508310062456816,80.0,7,-0.00409379277610844,-0.022681137616700653,-0.03666190611399056
20579,1778111700000,2196051.003,0.0932693338438908,93.33333333333333,9,-0.02578286900906812,-0.009791447695967292,-0.03925089680469451
20580,1778198100000,2293887.806,0.1467889362642536,97.77777777777777,9,0.007307527670763703,0.03473368800831644,-0.0032409955359873344
20581,1778284500000,2238323.194,0.150213132007323,98.88888888888889,9,0.009041042430024016,0.014422305574225414,-0.035691520499533835
20582,1778370900000,2169585.465,0.10260964798778871,93.33333333333333,9,0.018023205844434953,-0.023137086377309934,-0.06317576278470138
20583,1778457300000,2068621.028,-0.0057447948957243256,38.88888888888889,3,-0.012465490894661868,-0.046928161962734416,-0.10128580715425461
20584,1778543700000,2066528.883,-0.005771151983364975,38.88888888888889,3,-0.028319106099401137,-0.02454037556477906,-0.089808968928063
20585,1778630100000,2230894.836,0.07621873030955428,82.22222222222221,8,-0.00677031093279834,-0.021696668954230947,-0.07104647275158815
20586,1778716500000,2250173.973,0.02464558879828549,57.77777777777777,5,0.010731828308463642,-0.034449921825518204,-0.05726003977375915
20587,1778802900000,2087462.925,-0.08998909208203876,7.777777777777778,0,-0.02548641542506569,-0.06704645048203328,-0.06495179666958795
20588,1778889300000,2276047.496,0.016853822585193523,54.44444444444444,5,-0.019718145190301573,-0.04250755450032384,-0.07106176703359968
20589,1778975700000,2299917.772,0.06007244660444844,75.55555555555556,7,-0.023390015550529997,-0.031344180477892114,-0.02812398222010193
20590,1779062100000,2225591.672,0.07588177915399208,81.11111111111111,8,0.00014560826679188565,-0.0002395490840770842,-0.01320338186942227
20591,1779148500000,2156292.647,0.04343697527696255,65.55555555555556,6,-0.008289070168270518,0.002099271595023877,-0.008467531735632527
20592,1779234900000,2205631.752,-0.011324193140944794,27.77777777777778,2,0.007970033054563563,-0.021712775730941547,-0.018781432616993166
20593,1779321300000,2206705.145,-0.019317985418721317,23.333333333333332,2,0.002485329975710604,-0.004608901145882749,-0.04928846271300302
20594,1779407700000,2195612.792,0.05180923967787354,72.22222222222221,7,-0.03185426801263502,-0.015413960202082855,-0.05863772272680412
20595,1779494100000,2244593.535,-0.013819553878061774,26.666666666666668,2,0.025592866720559826,0.02201073670860354,-0.02528790159792038
20596,1779580500000,2147860.549,-0.06611419975583366,7.777777777777778,0,-0.008396737591330417,-0.022032586327335846,-0.04609945815318961
20597,1779666900000,2121527.639,-0.046757918044545876,14.444444444444443,1,0.004945523087834358,-0.03679869007896652,-0.044828620251417206
20598,1779753300000,2133091.508,-0.010759735712255525,33.33333333333333,3,-0.01860482740328151,-0.04860558523739156,-0.050841195862225796
20599,1779839700000,2229885.433,0.010996251290818604,50.0,4,-0.02336872586872596,-0.02819980694980695,-0.10232142857142856
20600,1779926100000,2288468.158,0.03705207883584283,62.22222222222222,6,-0.007373071487166261,-0.0012700263888750785,-0.10256080807282142
20601,1780012500000,2277586.634,0.037335290766515206,62.22222222222222,6,0.0024444156801051165,-0.0009707964513656631,-0.1180239562693538
20602,1780098900000,2196284.095,-0.021522578251567448,24.444444444444443,2,0.0036949299006243663,-0.004782550395566076,-0.21543328516018811
20603,1780185300000,2201188.47,0.02482839075601473,56.666666666666664,5,-0.007075670085749164,-0.07967303476974386,-0.22390784805616992
20604,1780271700000,2228712.457,0.05052247070913607,70.0,6,-0.0013803688624663968,-0.09501622057995429,-0.1608154641178845
20605,1780358100000,2283559.248,0.07053974920235828,80.0,7,-0.07183348802858369,-0.11594658522710266,-0.15751968621815027
20606,1780444500000,2306383.227,0.034305705964939426,61.111111111111114,6,-0.023629159296555402,-0.15065134758789023,-0.11881784310668342
20607,1780530900000,2374420.351,0.037558832837384815,64.44444444444444,6,-0.02447633312041586,-0.13631307680447569,-0.106969009493183
20608,1780617300000,2254939.858,-0.009943321435912478,35.55555555555556,3,-0.10826997217189072,-0.04944146218933265,-0.055300605670612346
20609,1780703700000,2383139.272,0.08507787194989436,90.0,8,-0.007146564711542069,0.06868044917646765,0.05419741989390925
20610,1780790100000,2349745.356,0.0674893985793048,81.11111111111111,8,0.07364407806234019,0.04494768854120834,0.07088983672194282
20611,1780876500000,2262916.536,0.015347012977188212,53.333333333333336,5,0.0025415676959619216,-0.0369477434679335,0.02357482185273163
20612,1780962900000,2253034.919,-0.013366996729659575,30.0,2,-0.029195394128935903,-0.008683393749851942,0.06356173146634436
20613,1781049300000,2264754.874,-0.01804919170095931,28.888888888888886,2,-0.010500369129768927,0.0161135821451015,0.09284986485579538
20614,1781135700000,2294623.983,-0.03360667287339969,20.0,1,0.031964878096905736,0.03570151315221559,0.07804387771460974
20615,1781222100000,2308935.647,0.023945556156824033,58.88888888888889,5,-0.004911509183685547,0.02992316057408506,0.02244834550256347
20616,1781308500000,2253270.997,-0.05449462250311987,11.11111111111111,1,0.00857451663264075,0.07817341179296244,0.025357271526360137
20617,1781394900000,2268487.239,-0.034581669367921064,20.0,1,0.026207372832920628,0.06637573823585452,0.03604257953895984
20618,1781481300000,2318694.459,0.024648687705731698,63.33333333333333,6,0.04170679352555551,0.014300632360619625,-0.010471659801589595
20619,1781567700000,2323139.253,0.0311155115301609,67.77777777777779,6,-0.002461586442339181,-0.047004048808469534,-0.03769791544840406
20620,1781654100000,2250889.169,-0.006122386647306355,43.333333333333336,4,-0.023906161894181044,-0.04663990575992227,-0.06951322320047792
20621,1781740500000,2213648.8,-0.03528908596785996,20.0,1,-0.021254325506906424,-0.004650098664454982,-0.0727829096004805
20622,1781826900000,2252138.735,-0.02459874188082989,27.77777777777778,2,-0.002080423564887579,-0.0032375130756958637,-0.08533242947890063
20623,1781913300000,2216093.75,-0.016499234690145026,35.55555555555556,3,0.019084930576295678,0.011870252923642743,-0.07658567722516008
20624,1781999700000,2213815.273,-0.024100627528370278,28.888888888888886,2,-0.019865304386801674,-0.042270517520773154,-0.09555688361241677
20625,1782086100000,2217105.473,-0.04381301106995039,17.77777777777778,1,0.013044880250930646,-0.049570544953536855,-0.07832791018086949
20626,1782172500000,2224870.902,-0.042299810858561715,18.88888888888889,1,-0.03544186584871811,-0.09417790381387814,-0.06712772729903349
20627,1782258900000,2299892.363,0.021770593894576473,65.55555555555556,6,-0.02733610934443753,-0.05388621554486228,-0.05742622970491884
20628,1782345300000,2268488.32,0.02477336061619173,68.88888888888889,6,-0.03450126457343772,-0.029097526370982618,-0.00684103386589352
20629,1782431700000,2306425.109,0.024104364956007096,65.55555555555556,6,0.007462448168569447,0.004395688647239604,0.08570315045649979
20630,1782518100000,2296108.73,0.036106315448071635,75.55555555555556,7,-0.0018517931318767777,0.02223420109712415,0.1142974918349875
20631,1782604500000,2297052.759,0.03759911091732726,78.88888888888889,7,-0.0011944622696054008,-0.0018933497677787736,0.1306157198858906
20632,1782690900000,2295831.39,0.03550842211104843,73.33333333333333,7,0.025355427626347904,0.024146814668744687,0.13439776088546806
20633,1782777300000,2268432.49,0.01957937782405339,57.77777777777777,5,-0.02541084800019855,0.054221389531673436,0.11603625512590643
20634,1782863700000,2277503.567,-0.009734714702385405,42.22222222222222,4,0.024863935835004236,0.1184824469270187,0.12671950093892237
20635,1782950100000,2276611.367,0.003580819406643565,51.11111111111111,5,0.05546549400314271,0.10527884919969432,0.0825833379916896
20636,1783036500000,2347545.8,0.017828756216510477,58.88888888888889,5,0.03399615137908918,0.04944359769553519,0.02750528155545484
20637,1783122900000,2301818.765,0.002486831274754131,48.888888888888886,4,0.012765497302342554,0.023829307715072856,0.021581259817424314
20638,1783209300000,2299276.87,0.0009682455012345326,47.77777777777778,4,0.0021466583497704583,-0.0053329287275710735,0.005243016335957584
20639,1783295700000,2331849.604,0.01568852754469896,56.666666666666664,5,0.008758894876438994,-0.022631818003398085,0.012112172172284552
20640,1783382100000,2300515.752,0.014143362053503195,55.55555555555556,5,-0.016081603157397373,-0.029406042413630207,-0.01395258345145789
20641,1783468500000,2221013.504,-0.024803501438379838,24.444444444444443,2,-0.015282313194201147,0.01411283488322157,0.06816872125738693
20642,1783554900000,2218764.448,-0.025409219965473406,24.444444444444443,2,0.0017670986878717265,0.026317148315805783,0.10071315054189123
20643,1783641300000,2238405.743,-0.04649113001331007,14.444444444444443,1,0.0280347069098823,0.03372182927178491,0.06688239168408683
20644,1783727700000,2276950.347,-0.010803812349666098,38.88888888888889,3,-0.00343175487465186,-0.011782729805013936,0.02616713091921996
20645,1783814100000,2311258.828,0.005211185375861183,52.22222222222223,5,0.00899465575456726,0.0569307484179693,0.04042843406900576
20646,1783900500000,2298076.612,-0.014483349158567638,35.55555555555556,3,-0.01721950435750974,0.06292764816364071,0.03659421695024179
20647,1783986900000,2248537.159,-0.022594321710169174,30.0,2,0.06586238971728164,0.050162076838515146,0.07266116075203666
20648,1784073300000,2453526.123,0.10468762057558378,97.77777777777777,9,0.014719571794274966,-0.025763217466731603,0.02001925233249402
20649,1784159700000,2398072.077,0.08081417978444194,93.33333333333333,9,-0.029022522686876884,-0.029892989872348785,0.006682269052545875
20650,1784246100000,2275435.764,0.01654303341375951,60.0,5,-0.011198015922011084,0.00437506374709451,0.006576016061583756
20651,1784332500000,2269765.358,-0.0031555317003142402,48.888888888888886,4,0.010418193564498912,0.03299185111592484,0.010108742270503734
20652,1784418900000,2292130.163,-0.008276297214428685,42.22222222222222,4,0.005276279309677889,0.036197855101119725,0.006495948763136861
20653,1784505300000,2291677.631,-0.0027844942011882035,48.888888888888886,4,0.016975061197874952,0.03225582315150355,0.04312713123603684
20654,1784591700000,2304500.102,0.02488860047342456,71.11111111111111,7,0.013554137717186832,-0.014536930952205762,-0.0072159096881340146
20655,1784678100000,2334141.825,-0.04865825428996251,7.777777777777778,0,0.001451883040450408,-0.03522890491721675,-0.003780081201744334
20656,1784764500000,2367559.686,-0.012723717227953735,35.55555555555556,3,-0.02912500711944621,-0.030072540684398796,-0.010443580330652846
20657,1784850900000,2344181.704,0.030212208618515923,72.22222222222221,7,-0.0077276702860678,0.04084625722635837,0.02367898969643978
20658,1784937300000,2317951.439,0.02122954288211476,62.22222222222222,6,0.006804293261814864,0.015274724684105623,0.00033322763209531203
20659,1785023700000,2339276.703,0.020568875520704966,61.111111111111114,6,0.04186307220072072,0.025618577338849535,
20660,1785110100000,2369499.623,0.03395852494578033,74.44444444444444,7,-0.03210583756475227,-0.02075658282394055,
20661,1785196500000,2313865.095,0.004063785022995869,47.77777777777778,4,0.017061847210972925,0.016130142243820922,
20662,1785282900000,2290918.011,-0.018518075267341616,23.333333333333332,2,-0.0052466115633652555,-0.031245445649684567,
20663,1785369300000,2275188.851,-0.039015208590606365,8.88888888888889,0,0.004353377006634629,,
20664,1785455700000,2322769.186,-0.009134325194784298,36.666666666666664,3,-0.030357180069602197,,
20665,1785542100000,2312158.706,-0.0024990743561474904,43.333333333333336,4,,,
