variant,symbol,direction,ret_threshold,oi_threshold,entry_delay_min,exit_hold_h,n_events,mean_net_bp,median_net_bp,win_rate,std_bp,t_stat,null_percentile,edge_vs_null_bp,significant,year_breakdown
btc_long_ret-2_oi-1_entry0_exit4h,BTCUSDT,long,-0.02,-0.01,0,4,180,1.2563161660128508,4.252224389178062,0.5055555555555555,178.17800243464086,0.09459781712842305,96.5,13.244521422049592,True,"{""2021"": {""n"": 0, ""mean_bp"": null}, ""2022"": {""n"": 0, ""mean_bp"": null}, ""2023"": {""n"": 47, ""mean_bp"": 9.062626900981867}, ""2024"": {""n"": 76, ""mean_bp"": 8.260878350870398}, ""2025"": {""n"": 41, ""mean_bp"": -32.158768485281875}, ""2026"": {""n"": 16, ""mean_bp"": 30.67976242291075}}"
btc_long_ret-2_oi-1_entry0_exit24h,BTCUSDT,long,-0.02,-0.01,0,24,180,57.01711449567071,37.77088931091811,0.5666666666666667,317.10336774834354,2.4123517476053236,100.0,59.87530581018544,True,"{""2021"": {""n"": 0, ""mean_bp"": null}, ""2022"": {""n"": 0, ""mean_bp"": null}, ""2023"": {""n"": 47, ""mean_bp"": 43.655430455827116}, ""2024"": {""n"": 76, ""mean_bp"": 83.77372646351834}, ""2025"": {""n"": 41, ""mean_bp"": 50.55788813043936}, ""2026"": {""n"": 16, ""mean_bp"": -14.275077923659673}}"
btc_long_ret-2_oi-1_entry0_exit72h,BTCUSDT,long,-0.02,-0.01,0,72,180,83.36953220257075,68.06491566991825,0.6055555555555555,471.922636027114,2.3701334967953778,97.5,59.33252403447027,True,"{""2021"": {""n"": 0, ""mean_bp"": null}, ""2022"": {""n"": 0, ""mean_bp"": null}, ""2023"": {""n"": 47, ""mean_bp"": 134.3347008211907}, ""2024"": {""n"": 76, ""mean_bp"": 74.9971300984153}, ""2025"": {""n"": 41, ""mean_bp"": 86.12243897185685}, ""2026"": {""n"": 16, ""mean_bp"": -33.626064216182314}}"
btc_long_ret-2_oi-1_entry30_exit4h,BTCUSDT,long,-0.02,-0.01,30,4,180,3.886792095261007,-1.7111650130345755,0.4888888888888889,164.1864412632106,0.3176071521818122,100.0,15.732906700640683,True,"{""2021"": {""n"": 0, ""mean_bp"": null}, ""2022"": {""n"": 0, ""mean_bp"": null}, ""2023"": {""n"": 47, ""mean_bp"": 20.705915321847232}, ""2024"": {""n"": 76, ""mean_bp"": -14.405985356508731}, ""2025"": {""n"": 41, ""mean_bp"": -3.7299144060219724}, ""2026"": {""n"": 16, ""mean_bp"": 60.88912092260783}}"
btc_long_ret-2_oi-1_entry30_exit24h,BTCUSDT,long,-0.02,-0.01,30,24,180,63.43741088776278,29.264266988815024,0.5777777777777777,318.4542582801858,2.672604169170542,100.0,63.88205968301315,True,"{""2021"": {""n"": 0, ""mean_bp"": null}, ""2022"": {""n"": 0, ""mean_bp"": null}, ""2023"": {""n"": 47, ""mean_bp"": 66.51478857691846}, ""2024"": {""n"": 76, ""mean_bp"": 75.66727156051483}, ""2025"": {""n"": 41, ""mean_bp"": 63.38149034835786}, ""2026"": {""n"": 16, ""mean_bp"": -3.55092788747897}}"
btc_long_ret-2_oi-1_entry30_exit72h,BTCUSDT,long,-0.02,-0.01,30,72,180,91.54212464427617,65.39049272918774,0.6111111111111112,473.31030773002385,2.5948441455805096,96.5,66.70770776360547,True,"{""2021"": {""n"": 0, ""mean_bp"": null}, ""2022"": {""n"": 0, ""mean_bp"": null}, ""2023"": {""n"": 47, ""mean_bp"": 154.30903037297736}, ""2024"": {""n"": 76, ""mean_bp"": 65.1204864767963}, ""2025"": {""n"": 41, ""mean_bp"": 104.56696977546278}, ""2026"": {""n"": 16, ""mean_bp"": -0.7090452869198884}}"
btc_long_ret-2_oi-1_entry60_exit4h,BTCUSDT,long,-0.02,-0.01,60,4,180,4.024829316328133,0.3392684402976478,0.5055555555555555,161.8304530826202,0.33367484713951817,99.0,15.991268043317497,True,"{""2021"": {""n"": 0, ""mean_bp"": null}, ""2022"": {""n"": 0, ""mean_bp"": null}, ""2023"": {""n"": 47, ""mean_bp"": 22.776547108051762}, ""2024"": {""n"": 76, ""mean_bp"": -3.0222244383865493}, ""2025"": {""n"": 41, ""mean_bp"": -17.495516201393798}, ""2026"": {""n"": 16, ""mean_bp"": 37.56104902719713}}"
btc_long_ret-2_oi-1_entry60_exit24h,BTCUSDT,long,-0.02,-0.01,60,24,180,53.0460056314251,22.76378361564869,0.5444444444444444,304.39268199363727,2.338055049480774,99.5,53.411643461407074,True,"{""2021"": {""n"": 0, ""mean_bp"": null}, ""2022"": {""n"": 0, ""mean_bp"": null}, ""2023"": {""n"": 47, ""mean_bp"": 55.781371129977295}, ""2024"": {""n"": 76, ""mean_bp"": 69.11045167766578}, ""2025"": {""n"": 41, ""mean_bp"": 51.491666719098035}, ""2026"": {""n"": 16, ""mean_bp"": -27.31225577737703}}"
btc_long_ret-2_oi-1_entry60_exit72h,BTCUSDT,long,-0.02,-0.01,60,72,180,83.23673616773964,83.292924182093,0.5888888888888889,471.09132558928684,2.3705339944028108,96.5,58.17585593697068,True,"{""2021"": {""n"": 0, ""mean_bp"": null}, ""2022"": {""n"": 0, ""mean_bp"": null}, ""2023"": {""n"": 47, ""mean_bp"": 141.0219112755934}, ""2024"": {""n"": 76, ""mean_bp"": 64.84667248143023}, ""2025"": {""n"": 41, ""mean_bp"": 99.37617683297437}, ""2026"": {""n"": 16, ""mean_bp"": -40.51172990627526}}"
btc_long_ret-2_oi-2_entry0_exit4h,BTCUSDT,long,-0.02,-0.02,0,4,121,11.718513151111072,20.613870512441025,0.5371900826446281,157.17453191436812,0.8201306095344449,100.0,22.601224632263904,True,"{""2021"": {""n"": 0, ""mean_bp"": null}, ""2022"": {""n"": 0, ""mean_bp"": null}, ""2023"": {""n"": 42, ""mean_bp"": 10.22937155776786}, ""2024"": {""n"": 47, ""mean_bp"": 3.6167051162470334}, ""2025"": {""n"": 25, ""mean_bp"": 7.4581693738939565}, ""2026"": {""n"": 7, ""mean_bp"": 90.26673014960427}}"
btc_long_ret-2_oi-2_entry0_exit24h,BTCUSDT,long,-0.02,-0.02,0,24,121,53.1520957380409,44.73509824260603,0.5950413223140496,284.6450813941804,2.0540423542706034,98.5,54.18716168804512,True,"{""2021"": {""n"": 0, ""mean_bp"": null}, ""2022"": {""n"": 0, ""mean_bp"": null}, ""2023"": {""n"": 42, ""mean_bp"": 18.89867820425563}, ""2024"": {""n"": 47, ""mean_bp"": 58.729501694604956}, ""2025"": {""n"": 25, ""mean_bp"": 61.18087065887954}, ""2026"": {""n"": 7, ""mean_bp"": 192.55010765796993}}"
btc_long_ret-2_oi-2_entry0_exit72h,BTCUSDT,long,-0.02,-0.02,0,72,121,98.79273629582853,79.31644749997592,0.6198347107438017,419.3661211468845,2.5913397493391845,94.5,71.56217465368694,False,"{""2021"": {""n"": 0, ""mean_bp"": null}, ""2022"": {""n"": 0, ""mean_bp"": null}, ""2023"": {""n"": 42, ""mean_bp"": 129.54332939459508}, ""2024"": {""n"": 47, ""mean_bp"": 91.43106500581143}, ""2025"": {""n"": 25, ""mean_bp"": 72.79720761248075}, ""2026"": {""n"": 7, ""mean_bp"": 56.55871594815751}}"
btc_long_ret-2_oi-2_entry30_exit4h,BTCUSDT,long,-0.02,-0.02,30,4,121,3.190169190147552,2.11085277586799,0.5206611570247934,129.80633949556312,0.2703401176552131,97.5,15.474510770738133,True,"{""2021"": {""n"": 0, ""mean_bp"": null}, ""2022"": {""n"": 0, ""mean_bp"": null}, ""2023"": {""n"": 42, ""mean_bp"": 10.539777136649432}, ""2024"": {""n"": 47, ""mean_bp"": -7.149376118631855}, ""2025"": {""n"": 25, ""mean_bp"": -16.303919301817505}, ""2026"": {""n"": 7, ""mean_bp"": 98.13692748424464}}"
btc_long_ret-2_oi-2_entry30_exit24h,BTCUSDT,long,-0.02,-0.02,30,24,121,40.328300605908794,18.206046015126333,0.5785123966942148,281.3372921693991,1.5767952525749378,96.0,41.27813805754751,True,"{""2021"": {""n"": 0, ""mean_bp"": null}, ""2022"": {""n"": 0, ""mean_bp"": null}, ""2023"": {""n"": 42, ""mean_bp"": 33.6714103901916}, ""2024"": {""n"": 47, ""mean_bp"": 40.727395890783455}, ""2025"": {""n"": 25, ""mean_bp"": 14.339688752748327}, ""2026"": {""n"": 7, ""mean_bp"": 170.40647303448398}}"
btc_long_ret-2_oi-2_entry30_exit72h,BTCUSDT,long,-0.02,-0.02,30,72,121,85.11255869099983,59.03496108150841,0.6115702479338843,430.07218538262345,2.176932564862461,94.0,63.04760202113562,False,"{""2021"": {""n"": 0, ""mean_bp"": null}, ""2022"": {""n"": 0, ""mean_bp"": null}, ""2023"": {""n"": 42, ""mean_bp"": 136.91062197188103}, ""2024"": {""n"": 47, ""mean_bp"": 77.78448932470047}, ""2025"": {""n"": 25, ""mean_bp"": 29.47539549973468}, ""2026"": {""n"": 7, ""mean_bp"": 22.231084719669905}}"
btc_long_ret-2_oi-2_entry60_exit4h,BTCUSDT,long,-0.02,-0.02,60,4,121,-1.5869838630412687,8.464765604803816,0.5371900826446281,140.13408202910534,-0.12457228277863366,89.5,9.626795825521127,False,"{""2021"": {""n"": 0, ""mean_bp"": null}, ""2022"": {""n"": 0, ""mean_bp"": null}, ""2023"": {""n"": 42, ""mean_bp"": 7.14860017341659}, ""2024"": {""n"": 47, ""mean_bp"": -6.758880627727195}, ""2025"": {""n"": 25, ""mean_bp"": -22.34970562341013}, ""2026"": {""n"": 7, ""mean_bp"": 54.87768219670584}}"
btc_long_ret-2_oi-2_entry60_exit24h,BTCUSDT,long,-0.02,-0.02,60,24,121,28.61095364148867,22.13827024058658,0.5454545454545454,282.7650739317203,1.1130104778512053,87.5,26.467389299324108,False,"{""2021"": {""n"": 0, ""mean_bp"": null}, ""2022"": {""n"": 0, ""mean_bp"": null}, ""2023"": {""n"": 42, ""mean_bp"": 20.55206477893089}, ""2024"": {""n"": 47, ""mean_bp"": 36.097958811044414}, ""2025"": {""n"": 25, ""mean_bp"": -2.0062901908641653}, ""2026"": {""n"": 7, ""mean_bp"": 136.0416943653639}}"
btc_long_ret-2_oi-2_entry60_exit72h,BTCUSDT,long,-0.02,-0.02,60,72,121,70.11987899898581,73.86381109280539,0.5950413223140496,436.37781658840487,1.7675478442488246,90.5,46.01935564011376,False,"{""2021"": {""n"": 0, ""mean_bp"": null}, ""2022"": {""n"": 0, ""mean_bp"": null}, ""2023"": {""n"": 42, ""mean_bp"": 119.69745417683247}, ""2024"": {""n"": 47, ""mean_bp"": 72.51734520500645}, ""2025"": {""n"": 25, ""mean_bp"": 21.306372173065352}, ""2026"": {""n"": 7, ""mean_bp"": -69.10889221594564}}"
btc_long_ret-2_oinone_entry0_exit4h,BTCUSDT,long,-0.02,,0,4,670,-7.427158341032453,1.502560940234833,0.5044776119402985,230.7820091746242,-0.8330251897768141,85.5,5.353851104416919,False,"{""2021"": {""n"": 240, ""mean_bp"": 1.1470483846805584}, ""2022"": {""n"": 146, ""mean_bp"": -45.05825178940078}, ""2023"": {""n"": 59, ""mean_bp"": 16.245116963011707}, ""2024"": {""n"": 112, ""mean_bp"": 7.4640827395574}, ""2025"": {""n"": 72, ""mean_bp"": -16.687632608141627}, ""2026"": {""n"": 41, ""mean_bp"": 17.90457172135399}}"
btc_long_ret-2_oinone_entry0_exit24h,BTCUSDT,long,-0.02,,0,24,670,18.498777058703855,16.26466125037097,0.5253731343283582,423.2740440156421,1.1312504950974063,99.5,24.798331090614507,True,"{""2021"": {""n"": 240, ""mean_bp"": 48.92596113389316}, ""2022"": {""n"": 146, ""mean_bp"": -71.77813689345722}, ""2023"": {""n"": 59, ""mean_bp"": 68.36294664980146}, ""2024"": {""n"": 112, ""mean_bp"": 46.74824318440723}, ""2025"": {""n"": 72, ""mean_bp"": 28.991477801021954}, ""2026"": {""n"": 41, ""mean_bp"": -5.488915781060975}}"
btc_long_ret-2_oinone_entry0_exit72h,BTCUSDT,long,-0.02,,0,72,670,59.67596132765407,56.897131722050815,0.5462686567164179,654.4925012719099,2.3601094842099486,100.0,49.92995976216358,True,"{""2021"": {""n"": 240, ""mean_bp"": 135.0669664236962}, ""2022"": {""n"": 146, ""mean_bp"": -126.5262217040518}, ""2023"": {""n"": 59, ""mean_bp"": 222.7035215177993}, ""2024"": {""n"": 112, ""mean_bp"": 63.68849716736522}, ""2025"": {""n"": 72, ""mean_bp"": 51.27981096793}, ""2026"": {""n"": 41, ""mean_bp"": 50.606943284065636}}"
btc_long_ret-2_oinone_entry30_exit4h,BTCUSDT,long,-0.02,,30,4,670,-7.334791410578112,-3.565878721313741,0.4925373134328358,206.08624235930913,-0.9212471735207548,89.5,5.412550687402228,False,"{""2021"": {""n"": 240, ""mean_bp"": -9.797537723537987}, ""2022"": {""n"": 146, ""mean_bp"": -27.378488618911117}, ""2023"": {""n"": 59, ""mean_bp"": 22.04658917084879}, ""2024"": {""n"": 112, ""mean_bp"": -4.35144106303119}, ""2025"": {""n"": 72, ""mean_bp"": -12.295062299363114}, ""2026"": {""n"": 41, ""mean_bp"": 36.7369578160089}}"
btc_long_ret-2_oinone_entry30_exit24h,BTCUSDT,long,-0.02,,30,24,670,13.375184310167294,13.289092559836803,0.5208955223880597,416.18762250739536,0.8318557378951443,98.0,19.676340863622734,True,"{""2021"": {""n"": 240, ""mean_bp"": 29.304435986913585}, ""2022"": {""n"": 146, ""mean_bp"": -57.25847767727038}, ""2023"": {""n"": 59, ""mean_bp"": 75.5874552314421}, ""2024"": {""n"": 112, ""mean_bp"": 40.56318360848162}, ""2025"": {""n"": 72, ""mean_bp"": 14.555383192690751}, ""2026"": {""n"": 41, ""mean_bp"": 5.788355589159518}}"
btc_long_ret-2_oinone_entry30_exit72h,BTCUSDT,long,-0.02,,30,72,670,61.431528739712974,44.06334015381554,0.5462686567164179,644.6878027734145,2.46648949850296,100.0,53.683629954464095,True,"{""2021"": {""n"": 240, ""mean_bp"": 127.64947908937218}, ""2022"": {""n"": 146, ""mean_bp"": -109.20818307909389}, ""2023"": {""n"": 59, ""mean_bp"": 229.0699341833127}, ""2024"": {""n"": 112, ""mean_bp"": 60.412331693229085}, ""2025"": {""n"": 72, ""mean_bp"": 46.18108107352863}, ""2026"": {""n"": 41, ""mean_bp"": 69.78777804768043}}"
btc_long_ret-2_oinone_entry60_exit4h,BTCUSDT,long,-0.02,,60,4,670,4.725282751047935,7.511229463094805,0.5283582089552239,196.6600225080434,0.6219408999193266,100.0,17.31513544944636,True,"{""2021"": {""n"": 240, ""mean_bp"": 20.49056998182332}, ""2022"": {""n"": 146, ""mean_bp"": -22.475670689881365}, ""2023"": {""n"": 59, ""mean_bp"": 30.876655161415854}, ""2024"": {""n"": 112, ""mean_bp"": -3.032989179701623}, ""2025"": {""n"": 72, ""mean_bp"": -12.592342101466755}, ""2026"": {""n"": 41, ""mean_bp"": 23.274910565752485}}"
btc_long_ret-2_oinone_entry60_exit24h,BTCUSDT,long,-0.02,,60,24,670,18.40081383402971,24.225758288146224,0.5313432835820896,413.6598099549829,1.1514129368947656,97.5,24.998966160979876,True,"{""2021"": {""n"": 240, ""mean_bp"": 48.677898793573576}, ""2022"": {""n"": 146, ""mean_bp"": -59.21544278294307}, ""2023"": {""n"": 59, ""mean_bp"": 75.72332676504655}, ""2024"": {""n"": 112, ""mean_bp"": 43.30306666236743}, ""2025"": {""n"": 72, ""mean_bp"": 14.340168059478863}, ""2026"": {""n"": 41, ""mean_bp"": -25.824576608620557}}"
btc_long_ret-2_oinone_entry60_exit72h,BTCUSDT,long,-0.02,,60,72,670,65.83568540409053,36.98836487616998,0.5388059701492537,643.9581491884651,2.646312444713457,100.0,57.03498573506418,True,"{""2021"": {""n"": 240, ""mean_bp"": 141.29642134280166}, ""2022"": {""n"": 146, ""mean_bp"": -97.15702528474527}, ""2023"": {""n"": 59, ""mean_bp"": 222.1547524037069}, ""2024"": {""n"": 112, ""mean_bp"": 55.057620050390675}, ""2025"": {""n"": 72, ""mean_bp"": 45.138349121516235}, ""2026"": {""n"": 41, ""mean_bp"": 45.36948331291286}}"
btc_long_ret-3_oi-1_entry0_exit4h,BTCUSDT,long,-0.03,-0.01,0,4,72,31.64407963194366,48.641793941872194,0.5833333333333334,185.13915427360794,1.450308664092943,100.0,43.41667012553507,True,"{""2021"": {""n"": 0, ""mean_bp"": null}, ""2022"": {""n"": 0, ""mean_bp"": null}, ""2023"": {""n"": 21, ""mean_bp"": 85.13355675549276}, ""2024"": {""n"": 29, ""mean_bp"": 32.43527817439111}, ""2025"": {""n"": 16, ""mean_bp"": -33.411204270856146}, ""2026"": {""n"": 6, ""mean_bp"": 14.08754048515865}}"
btc_long_ret-3_oi-1_entry0_exit24h,BTCUSDT,long,-0.03,-0.01,0,24,72,90.89652947845993,101.77608146581153,0.6111111111111112,269.8052329842278,2.858664452262831,100.0,91.63979663589511,True,"{""2021"": {""n"": 0, ""mean_bp"": null}, ""2022"": {""n"": 0, ""mean_bp"": null}, ""2023"": {""n"": 21, ""mean_bp"": 102.92683856170726}, ""2024"": {""n"": 29, ""mean_bp"": 62.7750447694457}, ""2025"": {""n"": 16, ""mean_bp"": 97.19582384384671}, ""2026"": {""n"": 6, ""mean_bp"": 167.91283880629814}}"
btc_long_ret-3_oi-1_entry0_exit72h,BTCUSDT,long,-0.03,-0.01,0,72,72,168.74772363597498,149.84126751913698,0.6944444444444444,485.7495234369623,2.9477577377372683,100.0,132.358190947933,True,"{""2021"": {""n"": 0, ""mean_bp"": null}, ""2022"": {""n"": 0, ""mean_bp"": null}, ""2023"": {""n"": 21, ""mean_bp"": 265.1020310089828}, ""2024"": {""n"": 29, ""mean_bp"": 73.38747660293008}, ""2025"": {""n"": 16, ""mean_bp"": 233.314923871054}, ""2026"": {""n"": 6, ""mean_bp"": 120.23630786328778}}"
btc_long_ret-3_oi-1_entry30_exit4h,BTCUSDT,long,-0.03,-0.01,30,4,72,10.374042192091089,5.574590335970088,0.5138888888888888,155.67351715907992,0.5654569164655202,93.5,21.10199638665658,False,"{""2021"": {""n"": 0, ""mean_bp"": null}, ""2022"": {""n"": 0, ""mean_bp"": null}, ""2023"": {""n"": 21, ""mean_bp"": 59.95328668034919}, ""2024"": {""n"": 29, ""mean_bp"": 21.496892990875647}, ""2025"": {""n"": 16, ""mean_bp"": -68.81294797566218}, ""2026"": {""n"": 6, ""mean_bp"": -5.748451930262206}}"
btc_long_ret-3_oi-1_entry30_exit24h,BTCUSDT,long,-0.03,-0.01,30,24,72,74.38945757597568,42.09940347741538,0.6111111111111112,283.4909008933654,2.2265810889167383,100.0,77.42524208744294,True,"{""2021"": {""n"": 0, ""mean_bp"": null}, ""2022"": {""n"": 0, ""mean_bp"": null}, ""2023"": {""n"": 21, ""mean_bp"": 107.65910231772175}, ""2024"": {""n"": 29, ""mean_bp"": 58.497368942184764}, ""2025"": {""n"": 16, ""mean_bp"": 45.88374833322459}, ""2026"": {""n"": 6, ""mean_bp"": 110.77268735719046}}"
btc_long_ret-3_oi-1_entry30_exit72h,BTCUSDT,long,-0.03,-0.01,30,72,72,157.48342735652463,160.5375948203132,0.6805555555555556,502.772721870761,2.6578434643935758,100.0,131.39443924910913,True,"{""2021"": {""n"": 0, ""mean_bp"": null}, ""2022"": {""n"": 0, ""mean_bp"": null}, ""2023"": {""n"": 21, ""mean_bp"": 253.1669720585603}, ""2024"": {""n"": 29, ""mean_bp"": 78.50432147478013}, ""2025"": {""n"": 16, ""mean_bp"": 201.4512129725304}, ""2026"": {""n"": 6, ""mean_bp"": 87.07593768514927}}"
btc_long_ret-3_oi-1_entry60_exit4h,BTCUSDT,long,-0.03,-0.01,60,4,72,9.50724637144411,5.4326679763556776,0.5555555555555556,183.54346831471318,0.43952346164445416,96.5,20.26359538052706,True,"{""2021"": {""n"": 0, ""mean_bp"": null}, ""2022"": {""n"": 0, ""mean_bp"": null}, ""2023"": {""n"": 21, ""mean_bp"": 50.94504544695953}, ""2024"": {""n"": 29, ""mean_bp"": 37.11705214567316}, ""2025"": {""n"": 16, ""mean_bp"": -71.43096105234513}, ""2026"": {""n"": 6, ""mean_bp"": -53.137225171529025}}"
btc_long_ret-3_oi-1_entry60_exit24h,BTCUSDT,long,-0.03,-0.01,60,24,72,66.71385481804016,25.48121834566165,0.5138888888888888,295.9034488803894,1.913076146402053,99.0,62.65039427258264,True,"{""2021"": {""n"": 0, ""mean_bp"": null}, ""2022"": {""n"": 0, ""mean_bp"": null}, ""2023"": {""n"": 21, ""mean_bp"": 78.27796395804188}, ""2024"": {""n"": 29, ""mean_bp"": 48.16993572536077}, ""2025"": {""n"": 16, ""mean_bp"": 53.37370336669747}, ""2026"": {""n"": 6, ""mean_bp"": 151.4421523128985}}"
btc_long_ret-3_oi-1_entry60_exit72h,BTCUSDT,long,-0.03,-0.01,60,72,72,149.11492917311645,146.265756490251,0.6805555555555556,503.92809771896606,2.510838623329115,99.0,119.47955136520248,True,"{""2021"": {""n"": 0, ""mean_bp"": null}, ""2022"": {""n"": 0, ""mean_bp"": null}, ""2023"": {""n"": 21, ""mean_bp"": 217.81543000778063}, ""2024"": {""n"": 29, ""mean_bp"": 86.56488428746917}, ""2025"": {""n"": 16, ""mean_bp"": 205.68571375922411}, ""2026"": {""n"": 6, ""mean_bp"": 60.132967636133515}}"
btc_long_ret-3_oi-2_entry0_exit4h,BTCUSDT,long,-0.03,-0.02,0,4,59,35.53006714406428,43.54471333574651,0.576271186440678,175.42454045740044,1.5557209011551523,100.0,47.10207785390742,True,"{""2021"": {""n"": 0, ""mean_bp"": null}, ""2022"": {""n"": 0, ""mean_bp"": null}, ""2023"": {""n"": 20, ""mean_bp"": 64.28509343340245}, ""2024"": {""n"": 25, ""mean_bp"": 18.627649644151546}, ""2025"": {""n"": 11, ""mean_bp"": 0.2296579708722778}, ""2026"": {""n"": 3, ""mean_bp"": 114.1182046827867}}"
btc_long_ret-3_oi-2_entry0_exit24h,BTCUSDT,long,-0.03,-0.02,0,24,59,71.83014917975517,37.59439807264299,0.5932203389830508,302.2872121399036,1.8252106697966788,99.0,70.56532743959474,True,"{""2021"": {""n"": 0, ""mean_bp"": null}, ""2022"": {""n"": 0, ""mean_bp"": null}, ""2023"": {""n"": 20, ""mean_bp"": 57.96317908235394}, ""2024"": {""n"": 25, ""mean_bp"": 32.01668576922266}, ""2025"": {""n"": 11, ""mean_bp"": 73.32911396377047}, ""2026"": {""n"": 3, ""mean_bp"": 490.5592740421445}}"
btc_long_ret-3_oi-2_entry0_exit72h,BTCUSDT,long,-0.03,-0.02,0,72,59,127.48037718681819,125.50741414671785,0.6271186440677966,440.48544507941887,2.222991402107889,96.0,105.86544267732502,True,"{""2021"": {""n"": 0, ""mean_bp"": null}, ""2022"": {""n"": 0, ""mean_bp"": null}, ""2023"": {""n"": 20, ""mean_bp"": 240.85857769639262}, ""2024"": {""n"": 25, ""mean_bp"": 58.50321811050053}, ""2025"": {""n"": 11, ""mean_bp"": 68.27937147057384}, ""2026"": {""n"": 3, ""mean_bp"": 163.5057203851982}}"
btc_long_ret-3_oi-2_entry30_exit4h,BTCUSDT,long,-0.03,-0.02,30,4,59,27.911278794352157,19.392587177911714,0.5423728813559322,147.11502996401427,1.4572990977281879,100.0,38.54666786446551,True,"{""2021"": {""n"": 0, ""mean_bp"": null}, ""2022"": {""n"": 0, ""mean_bp"": null}, ""2023"": {""n"": 20, ""mean_bp"": 64.43860665294362}, ""2024"": {""n"": 25, ""mean_bp"": 22.968189303927403}, ""2025"": {""n"": 11, ""mean_bp"": -50.79181777741453}, ""2026"": {""n"": 3, ""mean_bp"": 114.16619292042661}}"
btc_long_ret-3_oi-2_entry30_exit24h,BTCUSDT,long,-0.03,-0.02,30,24,59,66.47893432607876,16.176885044927992,0.5423728813559322,319.54441993467935,1.5980075127770315,97.0,66.59501972913526,True,"{""2021"": {""n"": 0, ""mean_bp"": null}, ""2022"": {""n"": 0, ""mean_bp"": null}, ""2023"": {""n"": 20, ""mean_bp"": 91.89147417249201}, ""2024"": {""n"": 25, ""mean_bp"": 36.75969437859263}, ""2025"": {""n"": 11, ""mean_bp"": -7.823948253295555}, ""2026"": {""n"": 3, ""mean_bp"": 417.16623770341386}}"
btc_long_ret-3_oi-2_entry30_exit72h,BTCUSDT,long,-0.03,-0.02,30,72,59,118.79408416367023,111.24213748731805,0.6440677966101694,458.21601441141286,1.9913635616114642,93.0,92.83753821410238,False,"{""2021"": {""n"": 0, ""mean_bp"": null}, ""2022"": {""n"": 0, ""mean_bp"": null}, ""2023"": {""n"": 20, ""mean_bp"": 255.33152997133874}, ""2024"": {""n"": 25, ""mean_bp"": 73.56844654796267}, ""2025"": {""n"": 11, ""mean_bp"": -6.751661292699918}, ""2026"": {""n"": 3, ""mean_bp"": 45.75915891680044}}"
btc_long_ret-3_oi-2_entry60_exit4h,BTCUSDT,long,-0.03,-0.02,60,4,59,18.842570458877056,8.21435961285989,0.576271186440678,147.1848909490019,0.9833382287130715,99.0,29.397223741212493,True,"{""2021"": {""n"": 0, ""mean_bp"": null}, ""2022"": {""n"": 0, ""mean_bp"": null}, ""2023"": {""n"": 20, ""mean_bp"": 46.67852571700122}, ""2024"": {""n"": 25, ""mean_bp"": 24.810092499291386}, ""2025"": {""n"": 11, ""mean_bp"": -52.69156520843075}, ""2026"": {""n"": 3, ""mean_bp"": 45.832015848058454}}"
btc_long_ret-3_oi-2_entry60_exit24h,BTCUSDT,long,-0.03,-0.02,60,24,59,43.89495168889014,-1.4599735393920774,0.4915254237288136,303.48974744352284,1.1109552278393195,91.5,46.10820363328675,False,"{""2021"": {""n"": 0, ""mean_bp"": null}, ""2022"": {""n"": 0, ""mean_bp"": null}, ""2023"": {""n"": 20, ""mean_bp"": 52.51801535364147}, ""2024"": {""n"": 25, ""mean_bp"": 23.375399854477596}, ""2025"": {""n"": 11, ""mean_bp"": -13.91474177381818}, ""2026"": {""n"": 3, ""mean_bp"": 369.3730019072494}}"
btc_long_ret-3_oi-2_entry60_exit72h,BTCUSDT,long,-0.03,-0.02,60,72,59,95.41753705912059,112.78624432854058,0.6271186440677966,451.37345219038025,1.6237463800698455,92.0,71.22137700340599,False,"{""2021"": {""n"": 0, ""mean_bp"": null}, ""2022"": {""n"": 0, ""mean_bp"": null}, ""2023"": {""n"": 20, ""mean_bp"": 210.46287194960937}, ""2024"": {""n"": 25, ""mean_bp"": 80.6473514938943}, ""2025"": {""n"": 11, ""mean_bp"": -14.41473632794175}, ""2026"": {""n"": 3, ""mean_bp"": -145.7481467480234}}"
btc_long_ret-3_oinone_entry0_exit4h,BTCUSDT,long,-0.03,,0,4,266,35.96930957117794,35.374566146365154,0.5451127819548872,291.9496777258641,2.009393160883801,100.0,47.68252091530954,True,"{""2021"": {""n"": 111, ""mean_bp"": 61.15975374419958}, ""2022"": {""n"": 58, ""mean_bp"": -11.102912720904266}, ""2023"": {""n"": 23, ""mean_bp"": 70.70744303878749}, ""2024"": {""n"": 39, ""mean_bp"": 59.171194570706916}, ""2025"": {""n"": 22, ""mean_bp"": -51.68739852711674}, ""2026"": {""n"": 13, ""mean_bp"": 48.172892891270145}}"
btc_long_ret-3_oinone_entry0_exit24h,BTCUSDT,long,-0.03,,0,24,266,48.342913865700865,56.06170643985455,0.5601503759398496,490.3816097817167,1.6078275547548644,100.0,56.88764256291468,True,"{""2021"": {""n"": 111, ""mean_bp"": 69.104834055638}, ""2022"": {""n"": 58, ""mean_bp"": -65.37625203206969}, ""2023"": {""n"": 23, ""mean_bp"": 81.40201653947044}, ""2024"": {""n"": 39, ""mean_bp"": 97.3395107301243}, ""2025"": {""n"": 22, ""mean_bp"": 67.27598654291907}, ""2026"": {""n"": 13, ""mean_bp"": 140.91093254875145}}"
btc_long_ret-3_oinone_entry0_exit72h,BTCUSDT,long,-0.03,,0,72,266,91.33013419518083,131.381481768142,0.5864661654135338,687.0893546415455,2.1679122240419075,100.0,84.61538694742472,True,"{""2021"": {""n"": 111, ""mean_bp"": 153.74843309917281}, ""2022"": {""n"": 58, ""mean_bp"": -144.33702799950868}, ""2023"": {""n"": 23, ""mean_bp"": 244.5970333030879}, ""2024"": {""n"": 39, ""mean_bp"": 120.55575989558409}, ""2025"": {""n"": 22, ""mean_bp"": 166.15587442527632}, ""2026"": {""n"": 13, ""mean_bp"": 124.34243127896409}}"
btc_long_ret-3_oinone_entry30_exit4h,BTCUSDT,long,-0.03,,30,4,266,19.072853659561094,1.4360483185767006,0.5037593984962406,236.40776676291227,1.3158147621975034,100.0,30.625699544816722,True,"{""2021"": {""n"": 111, ""mean_bp"": 41.043683458736055}, ""2022"": {""n"": 58, ""mean_bp"": -22.07995548590524}, ""2023"": {""n"": 23, ""mean_bp"": 47.23043742898717}, ""2024"": {""n"": 39, ""mean_bp"": 56.191259553810596}, ""2025"": {""n"": 22, ""mean_bp"": -69.080397851651}, ""2026"": {""n"": 13, ""mean_bp"": 3.09055361361977}}"
btc_long_ret-3_oinone_entry30_exit24h,BTCUSDT,long,-0.03,,30,24,266,27.83404144683439,16.246867338871162,0.5263157894736842,476.85248369847045,0.9519914302164739,95.0,32.08500178505388,True,"{""2021"": {""n"": 111, ""mean_bp"": 43.26778066742786}, ""2022"": {""n"": 58, ""mean_bp"": -81.20009018421024}, ""2023"": {""n"": 23, ""mean_bp"": 80.63509330455462}, ""2024"": {""n"": 39, ""mean_bp"": 99.43375355243595}, ""2025"": {""n"": 22, ""mean_bp"": 29.355164925882818}, ""2026"": {""n"": 13, ""mean_bp"": 71.72303373372841}}"
btc_long_ret-3_oinone_entry30_exit72h,BTCUSDT,long,-0.03,,30,72,266,63.8920499398622,103.29893938624669,0.5789473684210527,699.9365404500489,1.4887746804434807,94.0,54.67852650699635,False,"{""2021"": {""n"": 111, ""mean_bp"": 111.37127989114123}, ""2022"": {""n"": 58, ""mean_bp"": -164.3087056903119}, ""2023"": {""n"": 23, ""mean_bp"": 227.59197982742623}, ""2024"": {""n"": 39, ""mean_bp"": 126.38368620954763}, ""2025"": {""n"": 22, ""mean_bp"": 148.49936559640463}, ""2026"": {""n"": 13, ""mean_bp"": 56.33944652312997}}"
btc_long_ret-3_oinone_entry60_exit4h,BTCUSDT,long,-0.03,,60,4,266,18.687470366646007,13.294590098889682,0.5338345864661654,231.92315895210908,1.3141568935502108,100.0,31.0280068212245,True,"{""2021"": {""n"": 111, ""mean_bp"": 41.128581706700906}, ""2022"": {""n"": 58, ""mean_bp"": -8.046729533207708}, ""2023"": {""n"": 23, ""mean_bp"": 46.08075419520974}, ""2024"": {""n"": 39, ""mean_bp"": 34.796524058293585}, ""2025"": {""n"": 22, ""mean_bp"": -66.44003063543242}, ""2026"": {""n"": 13, ""mean_bp"": -6.379711521052025}}"
btc_long_ret-3_oinone_entry60_exit24h,BTCUSDT,long,-0.03,,60,24,266,21.855729395537615,26.138688565432012,0.5338345864661654,481.10419929425353,0.7409125915722953,93.5,28.045121042651317,False,"{""2021"": {""n"": 111, ""mean_bp"": 34.29904907898641}, ""2022"": {""n"": 58, ""mean_bp"": -75.15358868007253}, ""2023"": {""n"": 23, ""mean_bp"": 71.4301104299297}, ""2024"": {""n"": 39, ""mean_bp"": 74.98283695073465}, ""2025"": {""n"": 22, ""mean_bp"": 32.02482996317032}, ""2026"": {""n"": 13, ""mean_bp"": 84.12063651791838}}"
btc_long_ret-3_oinone_entry60_exit72h,BTCUSDT,long,-0.03,,60,72,266,60.20567635361021,88.53007446119233,0.5864661654135338,697.4767421733033,1.4078245284138682,92.5,49.3621986177387,False,"{""2021"": {""n"": 111, ""mean_bp"": 108.9833161575924}, ""2022"": {""n"": 58, ""mean_bp"": -147.7603624220871}, ""2023"": {""n"": 23, ""mean_bp"": 205.1331301054276}, ""2024"": {""n"": 39, ""mean_bp"": 102.25293703323314}, ""2025"": {""n"": 22, ""mean_bp"": 142.43568102081824}, ""2026"": {""n"": 13, ""mean_bp"": 49.85779368228288}}"
btc_long_ret-5_oi-1_entry0_exit4h,BTCUSDT,long,-0.05,-0.01,0,4,19,172.71603336318822,153.15824130598912,0.8947368421052632,208.77958350463294,3.6059643511197574,100.0,186.1933462699622,True,"{""2021"": {""n"": 0, ""mean_bp"": null}, ""2022"": {""n"": 0, ""mean_bp"": null}, ""2023"": {""n"": 7, ""mean_bp"": 177.37001504319423}, ""2024"": {""n"": 8, ""mean_bp"": 99.46381022476592}, ""2025"": {""n"": 3, ""mean_bp"": 247.41237240717263}, ""2026"": {""n"": 1, ""mean_bp"": 502.0669295785714}}"
btc_long_ret-5_oi-1_entry0_exit24h,BTCUSDT,long,-0.05,-0.01,0,24,19,358.5959681745852,192.3079813628943,1.0,408.77564746469,3.8238177751749842,100.0,365.99290205150436,True,"{""2021"": {""n"": 0, ""mean_bp"": null}, ""2022"": {""n"": 0, ""mean_bp"": null}, ""2023"": {""n"": 7, ""mean_bp"": 235.54630625676458}, ""2024"": {""n"": 8, ""mean_bp"": 255.86877050817316}, ""2025"": {""n"": 3, ""mean_bp"": 550.9580850434314}, ""2026"": {""n"": 1, ""mean_bp"": 1464.6748323240872}}"
btc_long_ret-5_oi-1_entry0_exit72h,BTCUSDT,long,-0.05,-0.01,0,72,19,317.79593950923396,194.87341190120256,0.8947368421052632,485.29951074930045,2.854403011553649,100.0,284.61294350799,True,"{""2021"": {""n"": 0, ""mean_bp"": null}, ""2022"": {""n"": 0, ""mean_bp"": null}, ""2023"": {""n"": 7, ""mean_bp"": 225.08163151611436}, ""2024"": {""n"": 8, ""mean_bp"": 160.18060024920206}, ""2025"": {""n"": 3, ""mean_bp"": 556.0679985040514}, ""2026"": {""n"": 1, ""mean_bp"": 1512.9026325568746}}"
btc_long_ret-5_oi-1_entry30_exit4h,BTCUSDT,long,-0.05,-0.01,30,4,19,72.10877726201569,43.42173112338822,0.6842105263157895,165.39283324823353,1.9004141041326954,100.0,82.71994574732955,True,"{""2021"": {""n"": 0, ""mean_bp"": null}, ""2022"": {""n"": 0, ""mean_bp"": null}, ""2023"": {""n"": 7, ""mean_bp"": 128.07437957737488}, ""2024"": {""n"": 8, ""mean_bp"": 61.532626274130294}, ""2025"": {""n"": 3, ""mean_bp"": -94.57810660768939}, ""2026"": {""n"": 1, ""mean_bp"": 265.0194205666996}}"
btc_long_ret-5_oi-1_entry30_exit24h,BTCUSDT,long,-0.05,-0.01,30,24,19,235.33920162020686,147.9185701322179,0.6842105263157895,335.58212401434747,3.056836833395117,100.0,235.16314255606162,True,"{""2021"": {""n"": 0, ""mean_bp"": null}, ""2022"": {""n"": 0, ""mean_bp"": null}, ""2023"": {""n"": 7, ""mean_bp"": 169.8662556704578}, ""2024"": {""n"": 8, ""mean_bp"": 179.14643575538594}, ""2025"": {""n"": 3, ""mean_bp"": 252.53541466673389}, ""2026"": {""n"": 1, ""mean_bp"": 1091.6033110474361}}"
btc_long_ret-5_oi-1_entry30_exit72h,BTCUSDT,long,-0.05,-0.01,30,72,19,202.26262205333327,175.3767383777023,0.7368421052631579,404.92603916423406,2.177292256644566,96.5,179.30383651036607,True,"{""2021"": {""n"": 0, ""mean_bp"": null}, ""2022"": {""n"": 0, ""mean_bp"": null}, ""2023"": {""n"": 7, ""mean_bp"": 161.15197002553188}, ""2024"": {""n"": 8, ""mean_bp"": 110.01869569095973}, ""2025"": {""n"": 3, ""mean_bp"": 227.36462604765688}, ""2026"": {""n"": 1, ""mean_bp"": 1152.6825851639605}}"
btc_long_ret-5_oi-1_entry60_exit4h,BTCUSDT,long,-0.05,-0.01,60,4,19,44.91719319107608,28.575232161747856,0.7368421052631579,178.2095355576509,1.0986477538069552,99.5,57.78550329626863,True,"{""2021"": {""n"": 0, ""mean_bp"": null}, ""2022"": {""n"": 0, ""mean_bp"": null}, ""2023"": {""n"": 7, ""mean_bp"": 126.93684513515748}, ""2024"": {""n"": 8, ""mean_bp"": 14.579782685556616}, ""2025"": {""n"": 3, ""mean_bp"": -73.71678647335905}, ""2026"": {""n"": 1, ""mean_bp"": 69.38085261996753}}"
btc_long_ret-5_oi-1_entry60_exit24h,BTCUSDT,long,-0.05,-0.01,60,24,19,219.92612421598997,187.0075069142614,0.6842105263157895,299.52170606953626,3.2005551887432127,100.0,220.72605826111248,True,"{""2021"": {""n"": 0, ""mean_bp"": null}, ""2022"": {""n"": 0, ""mean_bp"": null}, ""2023"": {""n"": 7, ""mean_bp"": 122.6953746812995}, ""2024"": {""n"": 8, ""mean_bp"": 221.54988545307896}, ""2025"": {""n"": 3, ""mean_bp"": 245.16192438705687}, ""2026"": {""n"": 1, ""mean_bp"": 811.843880548911}}"
btc_long_ret-5_oi-1_entry60_exit72h,BTCUSDT,long,-0.05,-0.01,60,72,19,188.33664621581875,148.16395997453503,0.7894736842105263,373.74916390381287,2.196500989180543,95.0,165.4786396204589,True,"{""2021"": {""n"": 0, ""mean_bp"": null}, ""2022"": {""n"": 0, ""mean_bp"": null}, ""2023"": {""n"": 7, ""mean_bp"": 115.50313198526749}, ""2024"": {""n"": 8, ""mean_bp"": 155.2591310331208}, ""2025"": {""n"": 3, ""mean_bp"": 212.03134433619798}, ""2026"": {""n"": 1, ""mean_bp"": 891.7072729301229}}"
btc_long_ret-5_oi-2_entry0_exit4h,BTCUSDT,long,-0.05,-0.02,0,4,17,167.33266079646714,131.57008099228997,0.8823529411764706,220.71647394916073,3.1258665143336883,100.0,178.80807693521484,True,"{""2021"": {""n"": 0, ""mean_bp"": null}, ""2022"": {""n"": 0, ""mean_bp"": null}, ""2023"": {""n"": 6, ""mean_bp"": 167.9700302023534}, ""2024"": {""n"": 8, ""mean_bp"": 99.46381022476592}, ""2025"": {""n"": 2, ""mean_bp"": 269.5288204745612}, ""2026"": {""n"": 1, ""mean_bp"": 502.0669295785714}}"
btc_long_ret-5_oi-2_entry0_exit24h,BTCUSDT,long,-0.05,-0.02,0,24,17,363.4800061943496,136.36057889879606,1.0,431.04279166077356,3.4768391615255236,100.0,366.9847406418971,True,"{""2021"": {""n"": 0, ""mean_bp"": null}, ""2022"": {""n"": 0, ""mean_bp"": null}, ""2023"": {""n"": 6, ""mean_bp"": 242.7526937390763}, ""2024"": {""n"": 8, ""mean_bp"": 255.86877050817316}, ""2025"": {""n"": 2, ""mean_bp"": 605.5094732400064}, ""2026"": {""n"": 1, ""mean_bp"": 1464.6748323240872}}"
btc_long_ret-5_oi-2_entry0_exit72h,BTCUSDT,long,-0.05,-0.02,0,72,17,303.49503586630624,136.13032443926156,0.8823529411764706,512.7014028466285,2.440683959083553,100.0,287.80496863925254,True,"{""2021"": {""n"": 0, ""mean_bp"": null}, ""2022"": {""n"": 0, ""mean_bp"": null}, ""2023"": {""n"": 6, ""mean_bp"": 186.87489516995387}, ""2024"": {""n"": 8, ""mean_bp"": 160.18060024920206}, ""2025"": {""n"": 2, ""mean_bp"": 621.9094020784961}, ""2026"": {""n"": 1, ""mean_bp"": 1512.9026325568746}}"
btc_long_ret-5_oi-2_entry30_exit4h,BTCUSDT,long,-0.05,-0.02,30,4,17,90.24919912801923,67.19534295648378,0.7647058823529411,165.00895538848945,2.255071427827375,100.0,100.8351023409444,True,"{""2021"": {""n"": 0, ""mean_bp"": null}, ""2022"": {""n"": 0, ""mean_bp"": null}, ""2023"": {""n"": 6, ""mean_bp"": 156.03640237721902}, ""2024"": {""n"": 8, ""mean_bp"": 61.532626274130294}, ""2025"": {""n"": 2, ""mean_bp"": -79.63122992336469}, ""2026"": {""n"": 1, ""mean_bp"": 265.0194205666996}}"
btc_long_ret-5_oi-2_entry30_exit24h,BTCUSDT,long,-0.05,-0.02,30,24,17,252.23494255771584,147.9185701322179,0.7058823529411765,349.21634851380776,2.9780716597692307,100.0,257.1429163513393,True,"{""2021"": {""n"": 0, ""mean_bp"": null}, ""2022"": {""n"": 0, ""mean_bp"": null}, ""2023"": {""n"": 6, ""mean_bp"": 203.21377845952074}, ""2024"": {""n"": 8, ""mean_bp"": 179.14643575538594}, ""2025"": {""n"": 2, ""mean_bp"": 271.96827781676046}, ""2026"": {""n"": 1, ""mean_bp"": 1091.6033110474361}}"
btc_long_ret-5_oi-2_entry30_exit72h,BTCUSDT,long,-0.05,-0.02,30,72,17,207.5306898965432,180.8455492597323,0.7058823529411765,429.162642518892,1.9938150953180513,96.0,187.4811160952696,True,"{""2021"": {""n"": 0, ""mean_bp"": null}, ""2022"": {""n"": 0, ""mean_bp"": null}, ""2023"": {""n"": 6, ""mean_bp"": 161.67711259620071}, ""2024"": {""n"": 8, ""mean_bp"": 110.01869569095973}, ""2025"": {""n"": 2, ""mean_bp"": 262.56345098619585}, ""2026"": {""n"": 1, ""mean_bp"": 1152.6825851639605}}"
btc_long_ret-5_oi-2_entry60_exit4h,BTCUSDT,long,-0.05,-0.02,60,4,17,52.48302962228259,69.31495410262457,0.7647058823529411,186.8921252840404,1.1578501467422206,99.0,62.8063351183929,True,"{""2021"": {""n"": 0, ""mean_bp"": null}, ""2022"": {""n"": 0, ""mean_bp"": null}, ""2023"": {""n"": 6, ""mean_bp"": 144.3010227602181}, ""2024"": {""n"": 8, ""mean_bp"": 14.579782685556616}, ""2025"": {""n"": 2, ""mean_bp"": -79.80687354346249}, ""2026"": {""n"": 1, ""mean_bp"": 69.38085261996753}}"
btc_long_ret-5_oi-2_entry60_exit24h,BTCUSDT,long,-0.05,-0.02,60,24,17,233.93243327522686,187.0075069142614,0.7058823529411765,308.32587476054283,3.128275018762547,100.0,231.98564804060481,True,"{""2021"": {""n"": 0, ""mean_bp"": null}, ""2022"": {""n"": 0, ""mean_bp"": null}, ""2023"": {""n"": 6, ""mean_bp"": 155.7052422511003}, ""2024"": {""n"": 8, ""mean_bp"": 221.54988545307896}, ""2025"": {""n"": 2, ""mean_bp"": 229.18847399935618}, ""2026"": {""n"": 1, ""mean_bp"": 811.843880548911}}"
btc_long_ret-5_oi-2_entry60_exit72h,BTCUSDT,long,-0.05,-0.02,60,72,17,194.03138609438284,151.53541340535327,0.7647058823529411,395.99706981113917,2.0202470183268977,95.0,170.37573721954902,True,"{""2021"": {""n"": 0, ""mean_bp"": null}, ""2022"": {""n"": 0, ""mean_bp"": null}, ""2023"": {""n"": 6, ""mean_bp"": 110.0596606537229}, ""2024"": {""n"": 8, ""mean_bp"": 155.2591310331208}, ""2025"": {""n"": 2, ""mean_bp"": 252.19763924354055}, ""2026"": {""n"": 1, ""mean_bp"": 891.7072729301229}}"
btc_long_ret-5_oinone_entry0_exit4h,BTCUSDT,long,-0.05,,0,4,68,147.7625647900127,164.93323209495884,0.7352941176470589,318.8253835744334,3.8217826655521696,100.0,160.42372151974405,True,"{""2021"": {""n"": 34, ""mean_bp"": 189.63111044524243}, ""2022"": {""n"": 13, ""mean_bp"": 8.9976637015525}, ""2023"": {""n"": 7, ""mean_bp"": 195.6640176520714}, ""2024"": {""n"": 9, ""mean_bp"": 148.77287667704175}, ""2025"": {""n"": 4, ""mean_bp"": 234.72792490226004}, ""2026"": {""n"": 1, ""mean_bp"": -164.0886908044774}}"
btc_long_ret-5_oinone_entry0_exit24h,BTCUSDT,long,-0.05,,0,24,68,249.5451949521522,226.69131810352752,0.7352941176470589,544.8385037808724,3.7769033943566015,100.0,255.00755565352702,True,"{""2021"": {""n"": 34, ""mean_bp"": 294.31265043794343}, ""2022"": {""n"": 13, ""mean_bp"": 32.10010420795692}, ""2023"": {""n"": 7, ""mean_bp"": 253.61438648448075}, ""2024"": {""n"": 9, ""mean_bp"": 319.38214914457063}, ""2025"": {""n"": 4, ""mean_bp"": 429.31579328027453}, ""2026"": {""n"": 1, ""mean_bp"": 178.13856633923055}}"
btc_long_ret-5_oinone_entry0_exit72h,BTCUSDT,long,-0.05,,0,72,68,283.68025689462274,297.30686708243263,0.7205882352941176,755.6477859703366,3.0957376830712957,100.0,265.0055039908612,True,"{""2021"": {""n"": 34, ""mean_bp"": 393.7837950273441}, ""2022"": {""n"": 13, ""mean_bp"": 44.14430998689751}, ""2023"": {""n"": 7, ""mean_bp"": 243.26481240855017}, ""2024"": {""n"": 9, ""mean_bp"": 228.24204888927196}, ""2025"": {""n"": 4, ""mean_bp"": 248.70611208448756}, ""2026"": {""n"": 1, ""mean_bp"": 575.875832873732}}"
btc_long_ret-5_oinone_entry30_exit4h,BTCUSDT,long,-0.05,,30,4,68,81.75193634553122,60.84602797320772,0.6029411764705882,271.8653585211903,2.4796970859759164,100.0,93.93522850634761,True,"{""2021"": {""n"": 34, ""mean_bp"": 95.44727461051484}, ""2022"": {""n"": 13, ""mean_bp"": 86.67630397102532}, ""2023"": {""n"": 7, ""mean_bp"": 130.99350904426348}, ""2024"": {""n"": 9, ""mean_bp"": 65.90161061296502}, ""2025"": {""n"": 4, ""mean_bp"": -14.351535440963893}, ""2026"": {""n"": 1, ""mean_bp"": -265.53053394738504}}"
btc_long_ret-5_oinone_entry30_exit24h,BTCUSDT,long,-0.05,,30,24,68,163.97481465013462,185.68814725572548,0.6470588235294118,535.6681306856044,2.524269942579029,100.0,172.1441607043622,True,"{""2021"": {""n"": 34, ""mean_bp"": 182.05447149749443}, ""2022"": {""n"": 13, ""mean_bp"": 60.311243467956125}, ""2023"": {""n"": 7, ""mean_bp"": 172.8174384426486}, ""2024"": {""n"": 9, ""mean_bp"": 205.41084387320637}, ""2025"": {""n"": 4, ""mean_bp"": 210.05270103178165}, ""2026"": {""n"": 1, ""mean_bp"": 277.75873212638817}}"
btc_long_ret-5_oinone_entry30_exit72h,BTCUSDT,long,-0.05,,30,72,68,203.82420286466976,178.11114381871732,0.6176470588235294,738.7479187898485,2.2751704501449033,100.0,192.2476741788972,True,"{""2021"": {""n"": 34, ""mean_bp"": 285.6631384902444}, ""2022"": {""n"": 13, ""mean_bp"": 74.05322390193794}, ""2023"": {""n"": 7, ""mean_bp"": 164.84385076681633}, ""2024"": {""n"": 9, ""mean_bp"": 141.11207140383908}, ""2025"": {""n"": 4, ""mean_bp"": 45.66450088588676}, ""2026"": {""n"": 1, ""mean_bp"": 578.2335738582252}}"
btc_long_ret-5_oinone_entry60_exit4h,BTCUSDT,long,-0.05,,60,4,68,19.9967567843078,16.789291437366415,0.5735294117647058,249.65124589989418,0.6605113472940417,98.0,32.71094665854561,True,"{""2021"": {""n"": 34, ""mean_bp"": 34.798339152220876}, ""2022"": {""n"": 13, ""mean_bp"": -6.0154608858959335}, ""2023"": {""n"": 7, ""mean_bp"": 127.13213547105723}, ""2024"": {""n"": 9, ""mean_bp"": 12.01504294882497}, ""2025"": {""n"": 4, ""mean_bp"": -23.742366129302233}, ""2026"": {""n"": 1, ""mean_bp"": -648.2539486455489}}"
btc_long_ret-5_oinone_entry60_exit24h,BTCUSDT,long,-0.05,,60,24,68,138.99941889718872,207.6149862524963,0.6323529411764706,522.8324486096906,2.1923248548807157,100.0,144.29040093681562,True,"{""2021"": {""n"": 34, ""mean_bp"": 171.80863324265312}, ""2022"": {""n"": 13, ""mean_bp"": -1.7078769628490362}, ""2023"": {""n"": 7, ""mean_bp"": 120.66462745670094}, ""2024"": {""n"": 9, ""mean_bp"": 221.65199288770225}, ""2025"": {""n"": 4, ""mean_bp"": 142.3810977676833}, ""2026"": {""n"": 1, ""mean_bp"": 223.62463601870732}}"
btc_long_ret-5_oinone_entry60_exit72h,BTCUSDT,long,-0.05,,60,72,68,183.59003720725212,139.93135724802386,0.6323529411764706,737.08904077933,2.053920417582755,100.0,177.12276339201964,True,"{""2021"": {""n"": 34, ""mean_bp"": 275.20586409867195}, ""2022"": {""n"": 13, ""mean_bp"": 29.283626487652114}, ""2023"": {""n"": 7, ""mean_bp"": 114.18662499198243}, ""2024"": {""n"": 9, ""mean_bp"": 172.4812779452833}, ""2025"": {""n"": 4, ""mean_bp"": -5.230097796394979}, ""2026"": {""n"": 1, ""mean_bp"": 415.7185211329735}}"
btc_short_ret2_oi-1_entry0_exit4h,BTCUSDT,short,0.02,-0.01,0,4,145,-37.43364760703983,-19.494104876814234,0.45517241379310347,147.38079429853605,-3.058477261130011,0.5,-22.57120060411011,True,"{""2021"": {""n"": 0, ""mean_bp"": null}, ""2022"": {""n"": 0, ""mean_bp"": null}, ""2023"": {""n"": 53, ""mean_bp"": -31.696346271956145}, ""2024"": {""n"": 49, ""mean_bp"": -46.83342414878371}, ""2025"": {""n"": 26, ""mean_bp"": -54.20262343328115}, ""2026"": {""n"": 17, ""mean_bp"": -2.580385767728716}}"
btc_short_ret2_oi-1_entry0_exit24h,BTCUSDT,short,0.02,-0.01,0,24,145,-97.57175839831334,-58.22819654648747,0.41379310344827586,294.8713015952814,-3.984516467407769,0.0,-75.77574450715295,True,"{""2021"": {""n"": 0, ""mean_bp"": null}, ""2022"": {""n"": 0, ""mean_bp"": null}, ""2023"": {""n"": 53, ""mean_bp"": -49.43704983414733}, ""2024"": {""n"": 49, ""mean_bp"": -153.87847761822817}, ""2025"": {""n"": 26, ""mean_bp"": -100.42367920338917}, ""2026"": {""n"": 17, ""mean_bp"": -80.98119199790156}}"
btc_short_ret2_oi-1_entry0_exit72h,BTCUSDT,short,0.02,-0.01,0,72,145,-155.9791637842845,-128.71264630839585,0.38620689655172413,460.7856449117496,-4.076163990284721,0.0,-120.95110274775487,True,"{""2021"": {""n"": 0, ""mean_bp"": null}, ""2022"": {""n"": 0, ""mean_bp"": null}, ""2023"": {""n"": 53, ""mean_bp"": -218.68947503347056}, ""2024"": {""n"": 49, ""mean_bp"": -147.39422879565242}, ""2025"": {""n"": 26, ""mean_bp"": -136.06273635891083}, ""2026"": {""n"": 17, ""mean_bp"": -15.675777389921521}}"
btc_short_ret2_oi-1_entry30_exit4h,BTCUSDT,short,0.02,-0.01,30,4,145,-32.92116076600722,-29.396617697441826,0.4068965517241379,160.81984032258293,-2.465014703486401,1.0,-17.415800712438752,True,"{""2021"": {""n"": 0, ""mean_bp"": null}, ""2022"": {""n"": 0, ""mean_bp"": null}, ""2023"": {""n"": 53, ""mean_bp"": -28.37816646453778}, ""2024"": {""n"": 49, ""mean_bp"": -28.521135519634054}, ""2025"": {""n"": 26, ""mean_bp"": -65.94650986016978}, ""2026"": {""n"": 17, ""mean_bp"": -9.257681860238927}}"
btc_short_ret2_oi-1_entry30_exit24h,BTCUSDT,short,0.02,-0.01,30,24,145,-89.45696520016311,-61.25542666414007,0.4,291.24393050298113,-3.6986333254366963,0.5,-70.31710027716952,True,"{""2021"": {""n"": 0, ""mean_bp"": null}, ""2022"": {""n"": 0, ""mean_bp"": null}, ""2023"": {""n"": 53, ""mean_bp"": -54.94240270479512}, ""2024"": {""n"": 49, ""mean_bp"": -126.30733679580995}, ""2025"": {""n"": 26, ""mean_bp"": -97.88113328431581}, ""2026"": {""n"": 17, ""mean_bp"": -77.96139072250654}}"
btc_short_ret2_oi-1_entry30_exit72h,BTCUSDT,short,0.02,-0.01,30,72,145,-164.48862569358877,-133.83716454536997,0.36551724137931035,461.8600467657381,-4.2885401265928405,0.0,-126.77427026955435,True,"{""2021"": {""n"": 0, ""mean_bp"": null}, ""2022"": {""n"": 0, ""mean_bp"": null}, ""2023"": {""n"": 53, ""mean_bp"": -234.88712696945666}, ""2024"": {""n"": 49, ""mean_bp"": -141.351030925474}, ""2025"": {""n"": 26, ""mean_bp"": -154.78410724647944}, ""2026"": {""n"": 17, ""mean_bp"": -26.543864260734118}}"
btc_short_ret2_oi-1_entry60_exit4h,BTCUSDT,short,0.02,-0.01,60,4,145,-39.86450174219075,-32.57619815882505,0.3586206896551724,146.80658763288136,-3.269827163788008,0.0,-24.722000866687516,True,"{""2021"": {""n"": 0, ""mean_bp"": null}, ""2022"": {""n"": 0, ""mean_bp"": null}, ""2023"": {""n"": 53, ""mean_bp"": -43.02075416822546}, ""2024"": {""n"": 49, ""mean_bp"": -31.097797160392183}, ""2025"": {""n"": 26, ""mean_bp"": -57.413923161924906}, ""2026"": {""n"": 17, ""mean_bp"": -28.452865801908562}}"
btc_short_ret2_oi-1_entry60_exit24h,BTCUSDT,short,0.02,-0.01,60,24,145,-87.62695360027342,-50.346820409539625,0.38620689655172413,287.20527676882375,-3.6739166539703194,0.0,-65.858798518952,True,"{""2021"": {""n"": 0, ""mean_bp"": null}, ""2022"": {""n"": 0, ""mean_bp"": null}, ""2023"": {""n"": 53, ""mean_bp"": -54.377899961856045}, ""2024"": {""n"": 49, ""mean_bp"": -125.58523328777554}, ""2025"": {""n"": 26, ""mean_bp"": -96.44733217723024}, ""2026"": {""n"": 17, ""mean_bp"": -68.38661802072295}}"
btc_short_ret2_oi-1_entry60_exit72h,BTCUSDT,short,0.02,-0.01,60,72,145,-159.98731193293764,-141.02667302852632,0.33793103448275863,452.7158653549977,-4.255433695782994,0.0,-122.61899843860812,True,"{""2021"": {""n"": 0, ""mean_bp"": null}, ""2022"": {""n"": 0, ""mean_bp"": null}, ""2023"": {""n"": 53, ""mean_bp"": -229.18094493792165}, ""2024"": {""n"": 49, ""mean_bp"": -130.7632229716924}, ""2025"": {""n"": 26, ""mean_bp"": -151.3203695728359}, ""2026"": {""n"": 17, ""mean_bp"": -41.75544788584993}}"
btc_short_ret2_oi-2_entry0_exit4h,BTCUSDT,short,0.02,-0.02,0,4,81,-29.32856788198715,-8.792153795137857,0.48148148148148145,157.7218105543136,-1.673561253261084,11.5,-13.512404849374478,False,"{""2021"": {""n"": 0, ""mean_bp"": null}, ""2022"": {""n"": 0, ""mean_bp"": null}, ""2023"": {""n"": 38, ""mean_bp"": -34.63696973209768}, ""2024"": {""n"": 24, ""mean_bp"": -33.21447347670136}, ""2025"": {""n"": 11, ""mean_bp"": -15.072124619767568}, ""2026"": {""n"": 8, ""mean_bp"": -12.058551795371425}}"
btc_short_ret2_oi-2_entry0_exit24h,BTCUSDT,short,0.02,-0.02,0,24,81,-76.5883571144153,-26.486998582176277,0.48148148148148145,308.0036003253375,-2.2379453139562338,2.0,-53.69518639482111,True,"{""2021"": {""n"": 0, ""mean_bp"": null}, ""2022"": {""n"": 0, ""mean_bp"": null}, ""2023"": {""n"": 38, ""mean_bp"": -58.277217075115736}, ""2024"": {""n"": 24, ""mean_bp"": -101.7478552762218}, ""2025"": {""n"": 11, ""mean_bp"": -44.68717181188477}, ""2026"": {""n"": 8, ""mean_bp"": -131.95190760664835}}"
btc_short_ret2_oi-2_entry0_exit72h,BTCUSDT,short,0.02,-0.02,0,72,81,-188.8584603233238,-137.32494107620386,0.4074074074074074,482.2344745658735,-3.5246881601322153,0.0,-153.1184978918686,True,"{""2021"": {""n"": 0, ""mean_bp"": null}, ""2022"": {""n"": 0, ""mean_bp"": null}, ""2023"": {""n"": 38, ""mean_bp"": -273.9422511946185}, ""2024"": {""n"": 24, ""mean_bp"": -151.78848766174806}, ""2025"": {""n"": 11, ""mean_bp"": -150.8589020421231}, ""2026"": {""n"": 8, ""mean_bp"": 51.83023569394774}}"
btc_short_ret2_oi-2_entry30_exit4h,BTCUSDT,short,0.02,-0.02,30,4,81,-32.9689918676337,-24.479403940717447,0.4074074074074074,181.35797426160138,-1.6361063141381122,6.0,-18.571613026013182,False,"{""2021"": {""n"": 0, ""mean_bp"": null}, ""2022"": {""n"": 0, ""mean_bp"": null}, ""2023"": {""n"": 38, ""mean_bp"": -39.23599738502965}, ""2024"": {""n"": 24, ""mean_bp"": -12.445000452412751}, ""2025"": {""n"": 11, ""mean_bp"": -48.815980554305696}, ""2026"": {""n"": 8, ""mean_bp"": -42.983080461491696}}"
btc_short_ret2_oi-2_entry30_exit24h,BTCUSDT,short,0.02,-0.02,30,24,81,-83.92102336592237,-35.83380756053732,0.4444444444444444,300.7853760527913,-2.5110569543139603,0.5,-64.98850170140913,True,"{""2021"": {""n"": 0, ""mean_bp"": null}, ""2022"": {""n"": 0, ""mean_bp"": null}, ""2023"": {""n"": 38, ""mean_bp"": -56.82841090834311}, ""2024"": {""n"": 24, ""mean_bp"": -116.35598880424963}, ""2025"": {""n"": 11, ""mean_bp"": -73.15859072724355}, ""2026"": {""n"": 8, ""mean_bp"": -130.1043811026255}}"
btc_short_ret2_oi-2_entry30_exit72h,BTCUSDT,short,0.02,-0.02,30,72,81,-197.62909966661996,-133.83716454536997,0.37037037037037035,490.0331898998255,-3.6296763844979165,0.0,-154.38329837934538,True,"{""2021"": {""n"": 0, ""mean_bp"": null}, ""2022"": {""n"": 0, ""mean_bp"": null}, ""2023"": {""n"": 38, ""mean_bp"": -282.1274133649548}, ""2024"": {""n"": 24, ""mean_bp"": -149.26926618182418}, ""2025"": {""n"": 11, ""mean_bp"": -184.75236439168538}, ""2026"": {""n"": 8, ""mean_bp"": 40.95287894304815}}"
btc_short_ret2_oi-2_entry60_exit4h,BTCUSDT,short,0.02,-0.02,60,4,81,-46.60962063276591,-36.426189067528135,0.37037037037037035,159.14479671604732,-2.635879993257702,0.0,-31.778768107675706,True,"{""2021"": {""n"": 0, ""mean_bp"": null}, ""2022"": {""n"": 0, ""mean_bp"": null}, ""2023"": {""n"": 38, ""mean_bp"": -54.239454073190664}, ""2024"": {""n"": 24, ""mean_bp"": -53.06155209252049}, ""2025"": {""n"": 11, ""mean_bp"": -24.4509423473962}, ""2026"": {""n"": 8, ""mean_bp"": -21.48030005386785}}"
btc_short_ret2_oi-2_entry60_exit24h,BTCUSDT,short,0.02,-0.02,60,24,81,-85.78662285986962,-46.47015610651993,0.38271604938271603,279.83281761999336,-2.759074551389084,1.0,-62.70213568030721,True,"{""2021"": {""n"": 0, ""mean_bp"": null}, ""2022"": {""n"": 0, ""mean_bp"": null}, ""2023"": {""n"": 38, ""mean_bp"": -62.34517193466947}, ""2024"": {""n"": 24, ""mean_bp"": -131.3325655391578}, ""2025"": {""n"": 11, ""mean_bp"": -57.75062183172407}, ""2026"": {""n"": 8, ""mean_bp"": -99.04518813040583}}"
btc_short_ret2_oi-2_entry60_exit72h,BTCUSDT,short,0.02,-0.02,60,72,81,-194.73171587558215,-158.3477892776257,0.3333333333333333,475.82291392995967,-3.6832724771598895,0.0,-157.85011450304316,True,"{""2021"": {""n"": 0, ""mean_bp"": null}, ""2022"": {""n"": 0, ""mean_bp"": null}, ""2023"": {""n"": 38, ""mean_bp"": -283.64008391485527}, ""2024"": {""n"": 24, ""mean_bp"": -156.53706777294346}, ""2025"": {""n"": 11, ""mean_bp"": -148.7221850273794}, ""2026"": {""n"": 8, ""mean_bp"": 49.73598308677023}}"
btc_short_ret2_oinone_entry0_exit4h,BTCUSDT,short,0.02,,0,4,692,-17.7963537288116,-14.14155033125296,0.4667630057803468,215.79109715770846,-2.1694545369967986,25.0,-3.952755403021378,False,"{""2021"": {""n"": 266, ""mean_bp"": -12.085162288510567}, ""2022"": {""n"": 143, ""mean_bp"": 5.915728421290897}, ""2023"": {""n"": 69, ""mean_bp"": -40.63757195433764}, ""2024"": {""n"": 109, ""mean_bp"": -49.029540622516485}, ""2025"": {""n"": 63, ""mean_bp"": -20.29578371907373}, ""2026"": {""n"": 42, ""mean_bp"": -12.369666876980405}}"
btc_short_ret2_oinone_entry0_exit24h,BTCUSDT,short,0.02,,0,24,692,-25.96225227815542,-26.882653712516515,0.4552023121387283,419.68382153015955,-1.6273208358545073,15.0,-12.134491587892352,False,"{""2021"": {""n"": 266, ""mean_bp"": -12.651278020297285}, ""2022"": {""n"": 143, ""mean_bp"": 19.195510974199344}, ""2023"": {""n"": 69, ""mean_bp"": -76.10788430203522}, ""2024"": {""n"": 109, ""mean_bp"": -92.3510575673218}, ""2025"": {""n"": 63, ""mean_bp"": -20.651743962559905}, ""2026"": {""n"": 42, ""mean_bp"": -17.305417406552433}}"
btc_short_ret2_oinone_entry0_exit72h,BTCUSDT,short,0.02,,0,72,692,-28.566721700433376,-46.837423058844074,0.4638728323699422,654.2933222489984,-1.1485263494438904,15.0,-17.746255028236448,False,"{""2021"": {""n"": 266, ""mean_bp"": -2.625372980257873}, ""2022"": {""n"": 143, ""mean_bp"": 104.23664734167433}, ""2023"": {""n"": 69, ""mean_bp"": -249.98762068940508}, ""2024"": {""n"": 109, ""mean_bp"": -121.0101838977006}, ""2025"": {""n"": 63, ""mean_bp"": -68.74902543155815}, ""2026"": {""n"": 42, ""mean_bp"": 18.923373828470364}}"
btc_short_ret2_oinone_entry30_exit4h,BTCUSDT,short,0.02,,30,4,692,-13.548926116618839,-14.826446285357996,0.4508670520231214,197.8791578262513,-1.8011831206631836,48.5,0.31219763103674225,False,"{""2021"": {""n"": 266, ""mean_bp"": -11.188084701313114}, ""2022"": {""n"": 143, ""mean_bp"": 15.590766112936087}, ""2023"": {""n"": 69, ""mean_bp"": -50.04695861679293}, ""2024"": {""n"": 109, ""mean_bp"": -35.927534862039046}, ""2025"": {""n"": 63, ""mean_bp"": -12.733725488379322}, ""2026"": {""n"": 42, ""mean_bp"": -10.89856538123679}}"
btc_short_ret2_oinone_entry30_exit24h,BTCUSDT,short,0.02,,30,24,692,-18.03137566842934,-32.27665674926149,0.4552023121387283,413.70884382175836,-1.1465344379820552,35.0,-4.115688828241648,False,"{""2021"": {""n"": 266, ""mean_bp"": -0.10049359483940164}, ""2022"": {""n"": 143, ""mean_bp"": 27.938423843369204}, ""2023"": {""n"": 69, ""mean_bp"": -85.59194343104271}, ""2024"": {""n"": 109, ""mean_bp"": -76.10302919153642}, ""2025"": {""n"": 63, ""mean_bp"": -20.538302289264763}, ""2026"": {""n"": 42, ""mean_bp"": -22.64733221629811}}"
btc_short_ret2_oinone_entry30_exit72h,BTCUSDT,short,0.02,,30,72,692,-26.83139975960182,-59.0059925248486,0.4508670520231214,642.8124495260968,-1.0980246700382754,20.5,-14.237931613460747,False,"{""2021"": {""n"": 266, ""mean_bp"": -5.355296655698925}, ""2022"": {""n"": 143, ""mean_bp"": 108.24885541545531}, ""2023"": {""n"": 69, ""mean_bp"": -257.90099317422886}, ""2024"": {""n"": 109, ""mean_bp"": -111.42991660880485}, ""2025"": {""n"": 63, ""mean_bp"": -63.4463820625437}, ""2026"": {""n"": 42, ""mean_bp"": 31.327272897217096}}"
btc_short_ret2_oinone_entry60_exit4h,BTCUSDT,short,0.02,,60,4,692,-13.347879757821072,-23.176110957921924,0.4263005780346821,189.0824744257992,-1.857009202446477,52.0,0.2004380444163889,False,"{""2021"": {""n"": 266, ""mean_bp"": -13.254050815586677}, ""2022"": {""n"": 143, ""mean_bp"": 30.624243633983102}, ""2023"": {""n"": 69, ""mean_bp"": -49.295479463121694}, ""2024"": {""n"": 109, ""mean_bp"": -45.68401904630382}, ""2025"": {""n"": 63, ""mean_bp"": -20.435981026673772}, ""2026"": {""n"": 42, ""mean_bp"": -10.047836939113031}}"
btc_short_ret2_oinone_entry60_exit24h,BTCUSDT,short,0.02,,60,24,692,-13.215654911000499,-32.859973875443025,0.4595375722543353,414.04596400957325,-0.8396401187140257,47.5,-0.3388908631636056,False,"{""2021"": {""n"": 266, ""mean_bp"": 8.296845739207154}, ""2022"": {""n"": 143, ""mean_bp"": 30.589629707547925}, ""2023"": {""n"": 69, ""mean_bp"": -80.7021884324226}, ""2024"": {""n"": 109, ""mean_bp"": -71.06729152061733}, ""2025"": {""n"": 63, ""mean_bp"": -29.718374322419084}, ""2026"": {""n"": 42, ""mean_bp"": -12.844472698189279}}"
btc_short_ret2_oinone_entry60_exit72h,BTCUSDT,short,0.02,,60,72,692,-24.04910956903284,-64.73366220116392,0.44508670520231214,633.694454594075,-0.9983254476950881,28.999999999999996,-11.592401336886892,False,"{""2021"": {""n"": 266, ""mean_bp"": 0.8267325554823785}, ""2022"": {""n"": 143, ""mean_bp"": 110.51141810132813}, ""2023"": {""n"": 69, ""mean_bp"": -250.55657361275613}, ""2024"": {""n"": 109, ""mean_bp"": -109.48462551151647}, ""2025"": {""n"": 63, ""mean_bp"": -71.77625311550644}, ""2026"": {""n"": 42, ""mean_bp"": 25.692958006986206}}"
btc_short_ret3_oi-1_entry0_exit4h,BTCUSDT,short,0.03,-0.01,0,4,50,-22.346684282926216,-14.154705930431875,0.46,193.7437298962366,-0.8155872709767061,36.0,-5.4168527302868625,False,"{""2021"": {""n"": 0, ""mean_bp"": null}, ""2022"": {""n"": 0, ""mean_bp"": null}, ""2023"": {""n"": 20, ""mean_bp"": -34.56606528293781}, ""2024"": {""n"": 15, ""mean_bp"": 61.280429154748866}, ""2025"": {""n"": 10, ""mean_bp"": -129.10950182147172}, ""2026"": {""n"": 5, ""mean_bp"": -10.824865518814107}}"
btc_short_ret3_oi-1_entry0_exit24h,BTCUSDT,short,0.03,-0.01,0,24,50,-107.03731528791154,-64.35275412559714,0.42,334.87823025069133,-2.260129343834184,0.5,-84.48347610414582,True,"{""2021"": {""n"": 0, ""mean_bp"": null}, ""2022"": {""n"": 0, ""mean_bp"": null}, ""2023"": {""n"": 20, ""mean_bp"": -67.87952790289481}, ""2024"": {""n"": 15, ""mean_bp"": -113.82265434633078}, ""2025"": {""n"": 10, ""mean_bp"": -128.76324251225466}, ""2026"": {""n"": 5, ""mean_bp"": -199.8605932040347}}"
btc_short_ret3_oi-1_entry0_exit72h,BTCUSDT,short,0.03,-0.01,0,72,50,-188.15944558889652,-196.32279769723303,0.4,414.39769955145687,-3.210655369569418,0.0,-150.83562197664133,True,"{""2021"": {""n"": 0, ""mean_bp"": null}, ""2022"": {""n"": 0, ""mean_bp"": null}, ""2023"": {""n"": 20, ""mean_bp"": -177.09265442710864}, ""2024"": {""n"": 15, ""mean_bp"": -274.65520025365237}, ""2025"": {""n"": 10, ""mean_bp"": -115.85161012766397}, ""2026"": {""n"": 5, ""mean_bp"": -117.55501716424587}}"
btc_short_ret3_oi-1_entry30_exit4h,BTCUSDT,short,0.03,-0.01,30,4,50,-34.32383485319486,-18.59993964914751,0.42,178.46352102090532,-1.3599763269367626,10.0,-17.955069900331857,False,"{""2021"": {""n"": 0, ""mean_bp"": null}, ""2022"": {""n"": 0, ""mean_bp"": null}, ""2023"": {""n"": 20, ""mean_bp"": -45.534130371758785}, ""2024"": {""n"": 15, ""mean_bp"": 21.849525938241353}, ""2025"": {""n"": 10, ""mean_bp"": -119.14800164126162}, ""2026"": {""n"": 5, ""mean_bp"": 11.645598422885612}}"
btc_short_ret3_oi-1_entry30_exit24h,BTCUSDT,short,0.03,-0.01,30,24,50,-106.49636454388465,-99.5762464894211,0.42,330.2217504817278,-2.2804161576528945,0.5,-84.93957880875331,True,"{""2021"": {""n"": 0, ""mean_bp"": null}, ""2022"": {""n"": 0, ""mean_bp"": null}, ""2023"": {""n"": 20, ""mean_bp"": -71.34927821196933}, ""2024"": {""n"": 15, ""mean_bp"": -125.64721650824725}, ""2025"": {""n"": 10, ""mean_bp"": -105.28855813368652}, ""2026"": {""n"": 5, ""mean_bp"": -192.04776679885424}}"
btc_short_ret3_oi-1_entry30_exit72h,BTCUSDT,short,0.03,-0.01,30,72,50,-200.99993632818519,-189.59358643229274,0.34,411.82503393790483,-3.451184514857691,0.5,-164.05481398442274,True,"{""2021"": {""n"": 0, ""mean_bp"": null}, ""2022"": {""n"": 0, ""mean_bp"": null}, ""2023"": {""n"": 20, ""mean_bp"": -183.37643590111637}, ""2024"": {""n"": 15, ""mean_bp"": -299.18583353516345}, ""2025"": {""n"": 10, ""mean_bp"": -127.31835380884715}, ""2026"": {""n"": 5, ""mean_bp"": -124.29941145420176}}"
btc_short_ret3_oi-1_entry60_exit4h,BTCUSDT,short,0.03,-0.01,60,4,50,-45.730704342140655,-30.020534605086233,0.34,166.069235759444,-1.947169263523623,1.5,-29.38426942115936,True,"{""2021"": {""n"": 0, ""mean_bp"": null}, ""2022"": {""n"": 0, ""mean_bp"": null}, ""2023"": {""n"": 20, ""mean_bp"": -79.42099660019745}, ""2024"": {""n"": 15, ""mean_bp"": 0.2077480302983048}, ""2025"": {""n"": 10, ""mean_bp"": -86.56937561971377}, ""2026"": {""n"": 5, ""mean_bp"": 32.892450127915986}}"
btc_short_ret3_oi-1_entry60_exit24h,BTCUSDT,short,0.03,-0.01,60,24,50,-113.89952379770295,-92.1678995129026,0.34,317.01698188736754,-2.5405303265390664,0.0,-91.73226459376423,True,"{""2021"": {""n"": 0, ""mean_bp"": null}, ""2022"": {""n"": 0, ""mean_bp"": null}, ""2023"": {""n"": 20, ""mean_bp"": -78.74317262203455}, ""2024"": {""n"": 15, ""mean_bp"": -168.61215564394035}, ""2025"": {""n"": 10, ""mean_bp"": -92.87741206694321}, ""2026"": {""n"": 5, ""mean_bp"": -132.43125642318375}}"
btc_short_ret3_oi-1_entry60_exit72h,BTCUSDT,short,0.03,-0.01,60,72,50,-200.48852444256786,-183.83371955767822,0.34,415.4743045717925,-3.412167578679413,0.0,-161.35572575956513,True,"{""2021"": {""n"": 0, ""mean_bp"": null}, ""2022"": {""n"": 0, ""mean_bp"": null}, ""2023"": {""n"": 20, ""mean_bp"": -189.77610489413112}, ""2024"": {""n"": 15, ""mean_bp"": -319.34592657035466}, ""2025"": {""n"": 10, ""mean_bp"": -106.59380243807736}, ""2026"": {""n"": 5, ""mean_bp"": -74.55544026193549}}"
btc_short_ret3_oi-2_entry0_exit4h,BTCUSDT,short,0.03,-0.02,0,4,29,-16.318478700210054,-26.198219274618396,0.4482758620689655,205.99807025783122,-0.4265947593215594,42.0,-2.6818201918339177,False,"{""2021"": {""n"": 0, ""mean_bp"": null}, ""2022"": {""n"": 0, ""mean_bp"": null}, ""2023"": {""n"": 16, ""mean_bp"": -24.169363602751247}, ""2024"": {""n"": 7, ""mean_bp"": 60.14213448720809}, ""2025"": {""n"": 4, ""mean_bp"": -118.77897732702388}, ""2026"": {""n"": 2, ""mean_bp"": -16.202548382216335}}"
btc_short_ret3_oi-2_entry0_exit24h,BTCUSDT,short,0.03,-0.02,0,24,29,-51.54292997404098,-5.382319758097541,0.4827586206896552,306.7215739529389,-0.9049483183579108,22.5,-29.748941738894892,False,"{""2021"": {""n"": 0, ""mean_bp"": null}, ""2022"": {""n"": 0, ""mean_bp"": null}, ""2023"": {""n"": 16, ""mean_bp"": 44.95413560137917}, ""2024"": {""n"": 7, ""mean_bp"": -162.83981835522133}, ""2025"": {""n"": 4, ""mean_bp"": 26.45370106266737}, ""2026"": {""n"": 2, ""mean_bp"": -589.9736073166877}}"
btc_short_ret3_oi-2_entry0_exit72h,BTCUSDT,short,0.03,-0.02,0,72,29,-166.77203796454623,-193.90320996890463,0.41379310344827586,408.4695818696224,-2.1986824711648483,3.0,-140.69543025219082,True,"{""2021"": {""n"": 0, ""mean_bp"": null}, ""2022"": {""n"": 0, ""mean_bp"": null}, ""2023"": {""n"": 16, ""mean_bp"": -67.43348926213346}, ""2024"": {""n"": 7, ""mean_bp"": -448.2070560203564}, ""2025"": {""n"": 4, ""mean_bp"": 60.56542184841708}, ""2026"": {""n"": 2, ""mean_bp"": -431.13278401443955}}"
btc_short_ret3_oi-2_entry30_exit4h,BTCUSDT,short,0.03,-0.02,30,4,29,-48.71687977350984,-19.38500875548298,0.4482758620689655,179.19688994856656,-1.4640233239818372,3.0,-34.08050290679811,True,"{""2021"": {""n"": 0, ""mean_bp"": null}, ""2022"": {""n"": 0, ""mean_bp"": null}, ""2023"": {""n"": 16, ""mean_bp"": -33.32894920240673}, ""2024"": {""n"": 7, ""mean_bp"": -25.155434214380794}, ""2025"": {""n"": 4, ""mean_bp"": -157.76414082773684}, ""2026"": {""n"": 2, ""mean_bp"": -36.19086169083228}}"
btc_short_ret3_oi-2_entry30_exit24h,BTCUSDT,short,0.03,-0.02,30,24,29,-68.01221515412534,-39.556165569928794,0.41379310344827586,303.650284922496,-1.2061802859718693,13.0,-46.889213070978684,False,"{""2021"": {""n"": 0, ""mean_bp"": null}, ""2022"": {""n"": 0, ""mean_bp"": null}, ""2023"": {""n"": 16, ""mean_bp"": 45.050452889110936}, ""2024"": {""n"": 7, ""mean_bp"": -228.55152678096198}, ""2025"": {""n"": 4, ""mean_bp"": 24.518842523383455}, ""2026"": {""n"": 2, ""mean_bp"": -595.6880841611049}}"
btc_short_ret3_oi-2_entry30_exit72h,BTCUSDT,short,0.03,-0.02,30,72,29,-200.8662365369995,-182.83263463398856,0.3103448275862069,398.1501092308378,-2.7168089694368573,2.5,-159.23281112236867,True,"{""2021"": {""n"": 0, ""mean_bp"": null}, ""2022"": {""n"": 0, ""mean_bp"": null}, ""2023"": {""n"": 16, ""mean_bp"": -75.27849414666784}, ""2024"": {""n"": 7, ""mean_bp"": -545.4258941829436}, ""2025"": {""n"": 4, ""mean_bp"": 22.53998533312525}, ""2026"": {""n"": 2, ""mean_bp"": -446.4218176390981}}"
btc_short_ret3_oi-2_entry60_exit4h,BTCUSDT,short,0.03,-0.02,60,4,29,-68.51966739135433,-59.117645187626735,0.3103448275862069,141.74227447753006,-2.603243829637979,0.5,-54.195006434471864,True,"{""2021"": {""n"": 0, ""mean_bp"": null}, ""2022"": {""n"": 0, ""mean_bp"": null}, ""2023"": {""n"": 16, ""mean_bp"": -73.89799093846372}, ""2024"": {""n"": 7, ""mean_bp"": -43.109542342485064}, ""2025"": {""n"": 4, ""mean_bp"": -120.12867235844539}, ""2026"": {""n"": 2, ""mean_bp"": -11.21050675133948}}"
btc_short_ret3_oi-2_entry60_exit24h,BTCUSDT,short,0.03,-0.02,60,24,29,-78.81766318413183,-63.68614699796703,0.3793103448275862,278.1340598332302,-1.5260486479587088,7.000000000000001,-61.784160418998965,False,"{""2021"": {""n"": 0, ""mean_bp"": null}, ""2022"": {""n"": 0, ""mean_bp"": null}, ""2023"": {""n"": 16, ""mean_bp"": 13.221408701637722}, ""2024"": {""n"": 7, ""mean_bp"": -256.98422139591867}, ""2025"": {""n"": 4, ""mean_bp"": 78.24696314205914}, ""2026"": {""n"": 2, ""mean_bp"": -505.67653718141634}}"
btc_short_ret3_oi-2_entry60_exit72h,BTCUSDT,short,0.03,-0.02,60,72,29,-202.05794658643396,-190.27568567802453,0.3103448275862069,409.39047804014825,-2.657891185374414,1.5,-170.39405468291784,True,"{""2021"": {""n"": 0, ""mean_bp"": null}, ""2022"": {""n"": 0, ""mean_bp"": null}, ""2023"": {""n"": 16, ""mean_bp"": -91.00176213495037}, ""2024"": {""n"": 7, ""mean_bp"": -581.8445619610164}, ""2025"": {""n"": 4, ""mean_bp"": 86.78223714684589}, ""2026"": {""n"": 2, ""mean_bp"": -338.9346358538235}}"
btc_short_ret3_oinone_entry0_exit4h,BTCUSDT,short,0.03,,0,4,281,-13.677736857879541,-9.057204337729484,0.49110320284697506,260.47203240780954,-0.8802505506190641,51.5,0.18231049827115164,False,"{""2021"": {""n"": 128, ""mean_bp"": -25.272630055161578}, ""2022"": {""n"": 61, ""mean_bp"": 32.29248640207939}, ""2023"": {""n"": 26, ""mean_bp"": -30.039470103524653}, ""2024"": {""n"": 35, ""mean_bp"": 3.8176043358134297}, ""2025"": {""n"": 19, ""mean_bp"": -99.22614540048937}, ""2026"": {""n"": 12, ""mean_bp"": -3.806853915236912}}"
btc_short_ret3_oinone_entry0_exit24h,BTCUSDT,short,0.03,,0,24,281,-21.722650175152342,-45.23385198369522,0.4555160142348754,492.0309860180362,-0.7400712182764143,36.0,-7.42170846278475,False,"{""2021"": {""n"": 128, ""mean_bp"": -28.80833507774254}, ""2022"": {""n"": 61, ""mean_bp"": 44.34108851681107}, ""2023"": {""n"": 26, ""mean_bp"": -58.48835609362862}, ""2024"": {""n"": 35, ""mean_bp"": -69.63871745652473}, ""2025"": {""n"": 19, ""mean_bp"": -53.556339127008115}, ""2026"": {""n"": 12, ""mean_bp"": -12.148449663864518}}"
btc_short_ret3_oinone_entry0_exit72h,BTCUSDT,short,0.03,,0,72,281,-23.804608981307897,-49.170413343003084,0.47330960854092524,725.6222439095874,-0.5499252038833824,34.5,-11.828007240629264,False,"{""2021"": {""n"": 128, ""mean_bp"": -77.1548742939064}, ""2022"": {""n"": 61, ""mean_bp"": 221.22053576401981}, ""2023"": {""n"": 26, ""mean_bp"": -192.76544899172453}, ""2024"": {""n"": 35, ""mean_bp"": -158.83359624615363}, ""2025"": {""n"": 19, ""mean_bp"": -47.950420837915715}, ""2026"": {""n"": 12, ""mean_bp"": 97.86763688232543}}"
btc_short_ret3_oinone_entry30_exit4h,BTCUSDT,short,0.03,,30,4,281,-5.008838755535912,-6.570474822737303,0.47686832740213525,238.66947529321362,-0.3517979729490732,88.0,8.416795080216177,False,"{""2021"": {""n"": 128, ""mean_bp"": -7.417134309763752}, ""2022"": {""n"": 61, ""mean_bp"": 50.75011971949473}, ""2023"": {""n"": 26, ""mean_bp"": -53.28784106590396}, ""2024"": {""n"": 35, ""mean_bp"": -19.12129235723276}, ""2025"": {""n"": 19, ""mean_bp"": -81.20562859296354}, ""2026"": {""n"": 12, ""mean_bp"": 3.6490201614956668}}"
btc_short_ret3_oinone_entry30_exit24h,BTCUSDT,short,0.03,,30,24,281,-14.265577427998162,-35.7804414559275,0.45907473309608543,482.7538803930505,-0.4953552177240004,49.0,-0.6613051867685886,False,"{""2021"": {""n"": 128, ""mean_bp"": -12.856279983298398}, ""2022"": {""n"": 61, ""mean_bp"": 46.795155635652335}, ""2023"": {""n"": 26, ""mean_bp"": -71.40471265222142}, ""2024"": {""n"": 35, ""mean_bp"": -69.74814615428356}, ""2025"": {""n"": 19, ""mean_bp"": -31.687389221610303}, ""2026"": {""n"": 12, ""mean_bp"": -26.47998946765019}}"
btc_short_ret3_oinone_entry30_exit72h,BTCUSDT,short,0.03,,30,72,281,-25.69195150496327,-59.173627469999865,0.45907473309608543,707.7109255094028,-0.6085473188281141,32.5,-15.297572475665223,False,"{""2021"": {""n"": 128, ""mean_bp"": -66.58512730697363}, ""2022"": {""n"": 61, ""mean_bp"": 200.87993725350378}, ""2023"": {""n"": 26, ""mean_bp"": -204.71820561499396}, ""2024"": {""n"": 35, ""mean_bp"": -170.20368171996637}, ""2025"": {""n"": 19, ""mean_bp"": -43.442998999899885}, ""2026"": {""n"": 12, ""mean_bp"": 96.25007809341514}}"
btc_short_ret3_oinone_entry60_exit4h,BTCUSDT,short,0.03,,60,4,281,8.16471067286182,-5.571428724570492,0.48398576512455516,251.89096384419727,0.5433521267690586,100.0,21.632302721732206,True,"{""2021"": {""n"": 128, ""mean_bp"": 14.878195566772249}, ""2022"": {""n"": 61, ""mean_bp"": 78.54061241498384}, ""2023"": {""n"": 26, ""mean_bp"": -71.9997151493756}, ""2024"": {""n"": 35, ""mean_bp"": -35.43130931296673}, ""2025"": {""n"": 19, ""mean_bp"": -62.600216628041714}, ""2026"": {""n"": 12, ""mean_bp"": -8.3008462513581}}"
btc_short_ret3_oinone_entry60_exit24h,BTCUSDT,short,0.03,,60,24,281,-6.125727266054987,-43.31736876181424,0.45907473309608543,471.9956536272408,-0.2175568777459897,67.0,8.826935836270819,False,"{""2021"": {""n"": 128, ""mean_bp"": 0.2219163404857909}, ""2022"": {""n"": 61, ""mean_bp"": 60.3092747615156}, ""2023"": {""n"": 26, ""mean_bp"": -63.01901911441827}, ""2024"": {""n"": 35, ""mean_bp"": -88.39948012674505}, ""2025"": {""n"": 19, ""mean_bp"": -20.101990186439508}, ""2026"": {""n"": 12, ""mean_bp"": -26.18219157023184}}"
btc_short_ret3_oinone_entry60_exit72h,BTCUSDT,short,0.03,,60,72,281,-15.277496029219943,-63.61958221221363,0.46619217081850534,702.5169877625106,-0.3645427865343335,49.0,-1.3546522259070723,False,"{""2021"": {""n"": 128, ""mean_bp"": -47.9486673991822}, ""2022"": {""n"": 61, ""mean_bp"": 217.43714431450374}, ""2023"": {""n"": 26, ""mean_bp"": -194.43423485181768}, ""2024"": {""n"": 35, ""mean_bp"": -191.56697901675093}, ""2025"": {""n"": 19, ""mean_bp"": -40.50201253159804}, ""2026"": {""n"": 12, ""mean_bp"": 92.5383207944746}}"
btc_short_ret5_oi-1_entry0_exit4h,BTCUSDT,short,0.05,-0.01,0,4,10,50.576335052877084,-35.081807347734795,0.4,297.29116674324075,0.5379790332251454,97.5,66.04417208201191,True,"{""2021"": {""n"": 0, ""mean_bp"": null}, ""2022"": {""n"": 0, ""mean_bp"": null}, ""2023"": {""n"": 5, ""mean_bp"": -39.278907190578344}, ""2024"": {""n"": 3, ""mean_bp"": 233.11561343508126}, ""2025"": {""n"": 1, ""mean_bp"": 99.50241114484794}, ""2026"": {""n"": 1, ""mean_bp"": -96.6913649684291}}"
btc_short_ret5_oi-1_entry0_exit24h,BTCUSDT,short,0.05,-0.01,0,24,10,-129.23449250595405,-36.364624577722594,0.5,446.5400903633671,-0.9152041605989314,6.5,-116.03140224867563,False,"{""2021"": {""n"": 0, ""mean_bp"": null}, ""2022"": {""n"": 0, ""mean_bp"": null}, ""2023"": {""n"": 5, ""mean_bp"": -61.975830955888185}, ""2024"": {""n"": 3, ""mean_bp"": -138.35749819747596}, ""2025"": {""n"": 1, ""mean_bp"": 209.45153314309974}, ""2026"": {""n"": 1, ""mean_bp"": -776.8448088307715}}"
btc_short_ret5_oi-1_entry0_exit72h,BTCUSDT,short,0.05,-0.01,0,72,10,-210.37153306929775,-207.2036188462477,0.3,415.14965247300745,-1.6024419035342148,9.5,-167.45915625240684,False,"{""2021"": {""n"": 0, ""mean_bp"": null}, ""2022"": {""n"": 0, ""mean_bp"": null}, ""2023"": {""n"": 5, ""mean_bp"": -62.48102617515606}, ""2024"": {""n"": 3, ""mean_bp"": -240.1727898654849}, ""2025"": {""n"": 1, ""mean_bp"": -226.30257329905135}, ""2026"": {""n"": 1, ""mean_bp"": -844.4892569216915}}"
btc_short_ret5_oi-1_entry30_exit4h,BTCUSDT,short,0.05,-0.01,30,4,10,-39.628050348754485,11.731541111794769,0.5,199.55287936552327,-0.627978402177567,18.0,-22.69631506053862,False,"{""2021"": {""n"": 0, ""mean_bp"": null}, ""2022"": {""n"": 0, ""mean_bp"": null}, ""2023"": {""n"": 5, ""mean_bp"": -81.67756335567876}, ""2024"": {""n"": 3, ""mean_bp"": 64.69599918781076}, ""2025"": {""n"": 1, ""mean_bp"": 52.946843409874106}, ""2026"": {""n"": 1, ""mean_bp"": -234.92752768245737}}"
btc_short_ret5_oi-1_entry30_exit24h,BTCUSDT,short,0.05,-0.01,30,24,10,-218.0023651328676,-142.85215719099173,0.3,394.70052891130194,-1.7466001655104377,0.5,-197.8852680571095,True,"{""2021"": {""n"": 0, ""mean_bp"": null}, ""2022"": {""n"": 0, ""mean_bp"": null}, ""2023"": {""n"": 5, ""mean_bp"": -143.37528464593885}, ""2024"": {""n"": 3, ""mean_bp"": -277.6593466096556}, ""2025"": {""n"": 1, ""mean_bp"": 224.10423810423754}, ""2026"": {""n"": 1, ""mean_bp"": -854.2734263742528}}"
btc_short_ret5_oi-1_entry30_exit72h,BTCUSDT,short,0.05,-0.01,30,72,10,-291.6313069365182,-216.07414049039528,0.1,338.2068219538259,-2.7267905526073815,3.5000000000000004,-239.61449884509196,True,"{""2021"": {""n"": 0, ""mean_bp"": null}, ""2022"": {""n"": 0, ""mean_bp"": null}, ""2023"": {""n"": 5, ""mean_bp"": -128.11376363406058}, ""2024"": {""n"": 3, ""mean_bp"": -413.71697294434944}, ""2025"": {""n"": 1, ""mean_bp"": -157.56206163057107}, ""2026"": {""n"": 1, ""mean_bp"": -877.0312707312593}}"
btc_short_ret5_oi-1_entry60_exit4h,BTCUSDT,short,0.05,-0.01,60,4,10,-54.95974449199191,-85.59175873642565,0.3,255.152506855891,-0.6811533006561777,8.0,-42.51953128388054,False,"{""2021"": {""n"": 0, ""mean_bp"": null}, ""2022"": {""n"": 0, ""mean_bp"": null}, ""2023"": {""n"": 5, ""mean_bp"": -132.7426512738943}, ""2024"": {""n"": 3, ""mean_bp"": 96.14765052932826}, ""2025"": {""n"": 1, ""mean_bp"": 35.6516990302065}, ""2026"": {""n"": 1, ""mean_bp"": -209.978839168639}}"
btc_short_ret5_oi-1_entry60_exit24h,BTCUSDT,short,0.05,-0.01,60,24,10,-231.90421849945287,-188.03128923405063,0.3,347.79878900399655,-2.108533878337338,1.0,-210.65239374704586,True,"{""2021"": {""n"": 0, ""mean_bp"": null}, ""2022"": {""n"": 0, ""mean_bp"": null}, ""2023"": {""n"": 5, ""mean_bp"": -175.1736625210467}, ""2024"": {""n"": 3, ""mean_bp"": -279.55899486870163}, ""2025"": {""n"": 1, ""mean_bp"": 169.97218580216145}, ""2026"": {""n"": 1, ""mean_bp"": -774.4690735853515}}"
btc_short_ret5_oi-1_entry60_exit72h,BTCUSDT,short,0.05,-0.01,60,72,10,-312.1482173161452,-278.6784729744589,0.1,288.3536599045466,-3.4232245729323805,1.5,-268.14777777411723,True,"{""2021"": {""n"": 0, ""mean_bp"": null}, ""2022"": {""n"": 0, ""mean_bp"": null}, ""2023"": {""n"": 5, ""mean_bp"": -162.69894429404053}, ""2024"": {""n"": 3, ""mean_bp"": -434.71552452570177}, ""2025"": {""n"": 1, ""mean_bp"": -227.71849544676635}, ""2026"": {""n"": 1, ""mean_bp"": -776.1223826673784}}"
btc_short_ret5_oi-2_entry0_exit4h,BTCUSDT,short,0.05,-0.02,0,4,8,-14.61928532211013,-72.37253643627861,0.25,291.98174310867097,-0.14161701587647033,50.0,-1.0481357946888537,False,"{""2021"": {""n"": 0, ""mean_bp"": null}, ""2022"": {""n"": 0, ""mean_bp"": null}, ""2023"": {""n"": 3, ""mean_bp"": -145.19093092821848}, ""2024"": {""n"": 3, ""mean_bp"": 105.26915467711854}, ""2025"": {""n"": 1, ""mean_bp"": 99.50241114484794}, ""2026"": {""n"": 1, ""mean_bp"": -96.6913649684291}}"
btc_short_ret5_oi-2_entry0_exit24h,BTCUSDT,short,0.05,-0.02,0,24,8,-101.12989382182387,-36.364624577722594,0.5,371.7009769843144,-0.7695393677171299,15.5,-83.51925880489242,False,"{""2021"": {""n"": 0, ""mean_bp"": null}, ""2022"": {""n"": 0, ""mean_bp"": null}, ""2023"": {""n"": 3, ""mean_bp"": 20.40510704625107}, ""2024"": {""n"": 3, ""mean_bp"": -100.95373200855745}, ""2025"": {""n"": 1, ""mean_bp"": 209.45153314309974}, ""2026"": {""n"": 1, ""mean_bp"": -776.8448088307715}}"
btc_short_ret5_oi-2_entry0_exit72h,BTCUSDT,short,0.05,-0.02,0,72,8,-237.33343038544382,-207.2036188462477,0.25,392.0487959312796,-1.7122366375764018,9.0,-206.28204393726764,False,"{""2021"": {""n"": 0, ""mean_bp"": null}, ""2022"": {""n"": 0, ""mean_bp"": null}, ""2023"": {""n"": 3, ""mean_bp"": -81.99880815325565}, ""2024"": {""n"": 3, ""mean_bp"": -193.95972946768026}, ""2025"": {""n"": 1, ""mean_bp"": -226.30257329905135}, ""2026"": {""n"": 1, ""mean_bp"": -844.4892569216915}}"
btc_short_ret5_oi-2_entry30_exit4h,BTCUSDT,short,0.05,-0.02,30,4,8,-71.7473770556501,-4.038243939881596,0.5,205.49251331536718,-0.9875407338181479,5.0,-53.813155152450236,True,"{""2021"": {""n"": 0, ""mean_bp"": null}, ""2022"": {""n"": 0, ""mean_bp"": null}, ""2023"": {""n"": 3, ""mean_bp"": -94.19996747894886}, ""2024"": {""n"": 3, ""mean_bp"": -36.46614324525701}, ""2025"": {""n"": 1, ""mean_bp"": 52.946843409874106}, ""2026"": {""n"": 1, ""mean_bp"": -234.92752768245737}}"
btc_short_ret5_oi-2_entry30_exit24h,BTCUSDT,short,0.05,-0.02,30,24,8,-159.78847298261724,-105.48936303325416,0.375,393.27937969867327,-1.1491831876669658,4.0,-137.7084447952115,True,"{""2021"": {""n"": 0, ""mean_bp"": null}, ""2022"": {""n"": 0, ""mean_bp"": null}, ""2023"": {""n"": 3, ""mean_bp"": 21.11002834901467}, ""2024"": {""n"": 3, ""mean_bp"": -237.15622687932228}, ""2025"": {""n"": 1, ""mean_bp"": 224.10423810423754}, ""2026"": {""n"": 1, ""mean_bp"": -854.2734263742528}}"
btc_short_ret5_oi-2_entry30_exit72h,BTCUSDT,short,0.05,-0.02,30,72,8,-312.65401263857785,-210.63083040794004,0.125,387.24982012596416,-2.2835881233464264,3.0,-280.6344583122218,True,"{""2021"": {""n"": 0, ""mean_bp"": null}, ""2022"": {""n"": 0, ""mean_bp"": null}, ""2023"": {""n"": 3, ""mean_bp"": -63.98864492446612}, ""2024"": {""n"": 3, ""mean_bp"": -424.89094465779795}, ""2025"": {""n"": 1, ""mean_bp"": -157.56206163057107}, ""2026"": {""n"": 1, ""mean_bp"": -877.0312707312593}}"
btc_short_ret5_oi-2_entry60_exit4h,BTCUSDT,short,0.05,-0.02,60,4,8,-95.41931872977459,-78.87854885707856,0.375,189.49393276127884,-1.4242492378903502,1.0,-77.41819937602867,True,"{""2021"": {""n"": 0, ""mean_bp"": null}, ""2022"": {""n"": 0, ""mean_bp"": null}, ""2023"": {""n"": 3, ""mean_bp"": -150.88396645689326}, ""2024"": {""n"": 3, ""mean_bp"": -45.45850344302814}, ""2025"": {""n"": 1, ""mean_bp"": 35.6516990302065}, ""2026"": {""n"": 1, ""mean_bp"": -209.978839168639}}"
btc_short_ret5_oi-2_entry60_exit24h,BTCUSDT,short,0.05,-0.02,60,24,8,-181.1348378774498,-188.03128923405063,0.375,328.8900420102998,-1.557744605332375,2.5,-156.38647451648845,True,"{""2021"": {""n"": 0, ""mean_bp"": null}, ""2022"": {""n"": 0, ""mean_bp"": null}, ""2023"": {""n"": 3, ""mean_bp"": -16.510255563054432}, ""2024"": {""n"": 3, ""mean_bp"": -265.0170161824151}, ""2025"": {""n"": 1, ""mean_bp"": 169.97218580216145}, ""2026"": {""n"": 1, ""mean_bp"": -774.4690735853515}}"
btc_short_ret5_oi-2_entry60_exit72h,BTCUSDT,short,0.05,-0.02,60,72,8,-346.5208490634544,-278.6784729744589,0.125,342.6482668091092,-2.860393773207608,0.5,-325.5137746236857,True,"{""2021"": {""n"": 0, ""mean_bp"": null}, ""2022"": {""n"": 0, ""mean_bp"": null}, ""2023"": {""n"": 3, ""mean_bp"": -113.81688518242659}, ""2024"": {""n"": 3, ""mean_bp"": -475.6250862820703}, ""2025"": {""n"": 1, ""mean_bp"": -227.71849544676635}, ""2026"": {""n"": 1, ""mean_bp"": -776.1223826673784}}"
btc_short_ret5_oinone_entry0_exit4h,BTCUSDT,short,0.05,,0,4,64,-38.06332397417265,-25.76849537700808,0.4375,350.8108296648981,-0.868007957691193,6.5,-24.412376953128565,False,"{""2021"": {""n"": 29, ""mean_bp"": -195.87058132035185}, ""2022"": {""n"": 17, ""mean_bp"": 133.53489477915605}, ""2023"": {""n"": 7, ""mean_bp"": -34.58620108540553}, ""2024"": {""n"": 6, ""mean_bp"": 203.91012150027635}, ""2025"": {""n"": 4, ""mean_bp"": 22.358739065527608}, ""2026"": {""n"": 1, ""mean_bp"": -96.6913649684291}}"
btc_short_ret5_oinone_entry0_exit24h,BTCUSDT,short,0.05,,0,24,64,-64.96404073502148,-23.174629789269197,0.453125,598.4242497090239,-0.8684680243704618,12.0,-50.64057540393247,False,"{""2021"": {""n"": 29, ""mean_bp"": -266.2781070546008}, ""2022"": {""n"": 17, ""mean_bp"": 164.64306793661427}, ""2023"": {""n"": 7, ""mean_bp"": 36.66211194999822}, ""2024"": {""n"": 6, ""mean_bp"": 17.14929043958196}, ""2025"": {""n"": 4, ""mean_bp"": 295.68715629072443}, ""2026"": {""n"": 1, ""mean_bp"": -776.8448088307715}}"
btc_short_ret5_oinone_entry0_exit72h,BTCUSDT,short,0.05,,0,72,64,-45.40111079907277,-48.51902479747804,0.46875,783.1521233596351,-0.46377820548382936,32.0,-32.34893562596939,False,"{""2021"": {""n"": 29, ""mean_bp"": -293.7756669837896}, ""2022"": {""n"": 17, ""mean_bp"": 406.097648826836}, ""2023"": {""n"": 7, ""mean_bp"": 9.930655539163212}, ""2024"": {""n"": 6, ""mean_bp"": -67.65525488182402}, ""2025"": {""n"": 4, ""mean_bp"": -27.232645307118545}, ""2026"": {""n"": 1, ""mean_bp"": -844.4892569216915}}"
btc_short_ret5_oinone_entry30_exit4h,BTCUSDT,short,0.05,,30,4,64,-51.710196092885084,-31.06534080687494,0.421875,283.70008120598237,-1.4581651403995346,0.5,-37.174727821174336,True,"{""2021"": {""n"": 29, ""mean_bp"": -156.6619831691026}, ""2022"": {""n"": 17, ""mean_bp"": 104.1110790482317}, ""2023"": {""n"": 7, ""mean_bp"": -72.03010364404876}, ""2024"": {""n"": 6, ""mean_bp"": 69.47202159912878}, ""2025"": {""n"": 4, ""mean_bp"": -53.45931456614593}, ""2026"": {""n"": 1, ""mean_bp"": -234.92752768245737}}"
btc_short_ret5_oinone_entry30_exit24h,BTCUSDT,short,0.05,,30,24,64,-104.503432728234,-115.4742433185728,0.359375,590.3394705576627,-1.4161808646068013,0.5,-91.0911113369265,True,"{""2021"": {""n"": 29, ""mean_bp"": -275.3792941804768}, ""2022"": {""n"": 17, ""mean_bp"": 118.24131592954089}, ""2023"": {""n"": 7, ""mean_bp"": -34.39971580686172}, ""2024"": {""n"": 6, ""mean_bp"": -97.9865566559069}, ""2025"": {""n"": 4, ""mean_bp"": 242.66706069559564}, ""2026"": {""n"": 1, ""mean_bp"": -854.2734263742528}}"
btc_short_ret5_oinone_entry30_exit72h,BTCUSDT,short,0.05,,30,72,64,-89.82143244188049,-126.18885132654844,0.453125,792.8731944563698,-0.9062879973231147,11.5,-79.24409768884699,False,"{""2021"": {""n"": 29, ""mean_bp"": -303.50229489915995}, ""2022"": {""n"": 17, ""mean_bp"": 329.5253573963114}, ""2023"": {""n"": 7, ""mean_bp"": -24.92845112713839}, ""2024"": {""n"": 6, ""mean_bp"": -191.7220550127264}, ""2025"": {""n"": 4, ""mean_bp"": -86.76836031110511}, ""2026"": {""n"": 1, ""mean_bp"": -877.0312707312593}}"
btc_short_ret5_oinone_entry60_exit4h,BTCUSDT,short,0.05,,60,4,64,-17.18199836762596,-40.1802396007016,0.4375,266.22690495281336,-0.5163114034825694,38.0,-4.339278463374393,False,"{""2021"": {""n"": 29, ""mean_bp"": -84.26139622403512}, ""2022"": {""n"": 17, ""mean_bp"": 117.55875612825622}, ""2023"": {""n"": 7, ""mean_bp"": -123.35326773181542}, ""2024"": {""n"": 6, ""mean_bp"": 97.30142813646161}, ""2025"": {""n"": 4, ""mean_bp"": -41.230778684705356}, ""2026"": {""n"": 1, ""mean_bp"": -209.978839168639}}"
btc_short_ret5_oinone_entry60_exit24h,BTCUSDT,short,0.05,,60,24,64,-80.50505837520325,-115.4523334388967,0.375,576.4319585768611,-1.1172879251727852,5.0,-65.93895129126018,True,"{""2021"": {""n"": 29, ""mean_bp"": -227.22178138698587}, ""2022"": {""n"": 17, ""mean_bp"": 129.6306610936434}, ""2023"": {""n"": 7, ""mean_bp"": -65.36385791290878}, ""2024"": {""n"": 6, ""mean_bp"": -96.73403367890137}, ""2025"": {""n"": 4, ""mean_bp"": 261.4517416666913}, ""2026"": {""n"": 1, ""mean_bp"": -774.4690735853515}}"
btc_short_ret5_oinone_entry60_exit72h,BTCUSDT,short,0.05,,60,72,64,-64.45937242423668,-114.69995044517944,0.453125,765.753005233265,-0.6734220771837619,21.0,-48.18504698042376,False,"{""2021"": {""n"": 29, ""mean_bp"": -243.70139658230718}, ""2022"": {""n"": 17, ""mean_bp"": 340.0839917872143}, ""2023"": {""n"": 7, ""mean_bp"": -72.42134583101249}, ""2024"": {""n"": 6, ""mean_bp"": -204.86450141343667}, ""2025"": {""n"": 4, ""mean_bp"": -81.80709567044852}, ""2026"": {""n"": 1, ""mean_bp"": -776.1223826673784}}"
eth_long_ret-2_oi-1_entry0_exit4h,ETHUSDT,long,-0.02,-0.01,0,4,297,-26.181763557113822,2.7758276862595146,0.5084175084175084,208.26703493641958,-2.166489492635291,5.5,-12.824328189687813,False,"{""2021"": {""n"": 0, ""mean_bp"": null}, ""2022"": {""n"": 0, ""mean_bp"": null}, ""2023"": {""n"": 56, ""mean_bp"": 8.611872846230211}, ""2024"": {""n"": 89, ""mean_bp"": -8.944257023865815}, ""2025"": {""n"": 105, ""mean_bp"": -63.72870158982574}, ""2026"": {""n"": 47, ""mean_bp"": -16.39778965523274}}"
eth_long_ret-2_oi-1_entry0_exit24h,ETHUSDT,long,-0.02,-0.01,0,24,297,12.630436033435918,6.405583545515249,0.5050505050505051,371.2371662525596,0.5863340552314406,83.5,17.361235894135795,False,"{""2021"": {""n"": 0, ""mean_bp"": null}, ""2022"": {""n"": 0, ""mean_bp"": null}, ""2023"": {""n"": 56, ""mean_bp"": -0.9357762544759761}, ""2024"": {""n"": 89, ""mean_bp"": 47.55629978415548}, ""2025"": {""n"": 105, ""mean_bp"": -10.112503017920108}, ""2026"": {""n"": 47, ""mean_bp"": 13.466917197295642}}"
eth_long_ret-2_oi-1_entry0_exit72h,ETHUSDT,long,-0.02,-0.01,0,72,296,0.2380138334743864,-28.22015578539215,0.47297297297297297,614.2367413987965,0.006666720746595839,37.5,-8.272703055455182,False,"{""2021"": {""n"": 0, ""mean_bp"": null}, ""2022"": {""n"": 0, ""mean_bp"": null}, ""2023"": {""n"": 56, ""mean_bp"": 77.4286350608265}, ""2024"": {""n"": 89, ""mean_bp"": 11.335036457530887}, ""2025"": {""n"": 105, ""mean_bp"": -18.759520034273834}, ""2026"": {""n"": 46, ""mean_bp"": -71.8395676047687}}"
eth_long_ret-2_oi-1_entry30_exit4h,ETHUSDT,long,-0.02,-0.01,30,4,297,-20.982301129804537,-5.8037066040210625,0.48484848484848486,189.92897458190637,-1.9038823893092907,15.0,-8.01706546083612,False,"{""2021"": {""n"": 0, ""mean_bp"": null}, ""2022"": {""n"": 0, ""mean_bp"": null}, ""2023"": {""n"": 56, ""mean_bp"": -3.5356319692549056}, ""2024"": {""n"": 89, ""mean_bp"": -4.590652849037707}, ""2025"": {""n"": 105, ""mean_bp"": -44.52724648705123}, ""2026"": {""n"": 47, ""mean_bp"": -20.208916182317793}}"
eth_long_ret-2_oi-1_entry30_exit24h,ETHUSDT,long,-0.02,-0.01,30,24,297,14.160908506250756,5.743635325222275,0.5050505050505051,363.932270709179,0.6705771864160133,85.5,19.511813351146454,False,"{""2021"": {""n"": 0, ""mean_bp"": null}, ""2022"": {""n"": 0, ""mean_bp"": null}, ""2023"": {""n"": 56, ""mean_bp"": -21.69280182253468}, ""2024"": {""n"": 89, ""mean_bp"": 53.837753350442156}, ""2025"": {""n"": 105, ""mean_bp"": 7.407613263374424}, ""2026"": {""n"": 47, ""mean_bp"": -3.165376860111701}}"
eth_long_ret-2_oi-1_entry30_exit72h,ETHUSDT,long,-0.02,-0.01,30,72,296,6.055302359894401,-28.34170193970297,0.47297297297297297,617.130517467083,0.16881252511671765,43.5,-0.8672069852316309,False,"{""2021"": {""n"": 0, ""mean_bp"": null}, ""2022"": {""n"": 0, ""mean_bp"": null}, ""2023"": {""n"": 56, ""mean_bp"": 61.73429533214425}, ""2024"": {""n"": 89, ""mean_bp"": 18.93622150192823}, ""2025"": {""n"": 105, ""mean_bp"": 7.020527891667682}, ""2026"": {""n"": 46, ""mean_bp"": -88.85283005147949}}"
eth_long_ret-2_oi-1_entry60_exit4h,ETHUSDT,long,-0.02,-0.01,60,4,297,-30.593515602841794,-14.859714442541515,0.43434343434343436,189.70382903230677,-2.7792749548840185,1.0,-18.61186335433066,True,"{""2021"": {""n"": 0, ""mean_bp"": null}, ""2022"": {""n"": 0, ""mean_bp"": null}, ""2023"": {""n"": 56, ""mean_bp"": -7.8516217284298735}, ""2024"": {""n"": 89, ""mean_bp"": -10.931115783218583}, ""2025"": {""n"": 105, ""mean_bp"": -63.42274959388749}, ""2026"": {""n"": 47, ""mean_bp"": -21.581389472070228}}"
eth_long_ret-2_oi-1_entry60_exit24h,ETHUSDT,long,-0.02,-0.01,60,24,297,1.7653314213501226,-12.629352812649085,0.48148148148148145,372.6999975815302,0.08162911463096578,62.5,7.267185980488028,False,"{""2021"": {""n"": 0, ""mean_bp"": null}, ""2022"": {""n"": 0, ""mean_bp"": null}, ""2023"": {""n"": 56, ""mean_bp"": -23.694900445074875}, ""2024"": {""n"": 89, ""mean_bp"": 38.74690216733725}, ""2025"": {""n"": 105, ""mean_bp"": -4.641184105536819}, ""2026"": {""n"": 47, ""mean_bp"": -23.615576696733378}}"
eth_long_ret-2_oi-1_entry60_exit72h,ETHUSDT,long,-0.02,-0.01,60,72,296,-0.2926474523611383,-40.57496128529557,0.4797297297297297,603.7784793494861,-0.008338980801350142,34.5,-12.52936508566117,False,"{""2021"": {""n"": 0, ""mean_bp"": null}, ""2022"": {""n"": 0, ""mean_bp"": null}, ""2023"": {""n"": 56, ""mean_bp"": 49.29511092838584}, ""2024"": {""n"": 89, ""mean_bp"": 7.53211918634025}, ""2025"": {""n"": 105, ""mean_bp"": -1.912455642356009}, ""2026"": {""n"": 46, ""mean_bp"": -72.10218745707401}}"
eth_long_ret-2_oi-2_entry0_exit4h,ETHUSDT,long,-0.02,-0.02,0,4,165,-12.39628491491032,16.744081067775042,0.5636363636363636,207.55740898616648,-0.7671764820210966,52.5,-0.061238474366808404,False,"{""2021"": {""n"": 0, ""mean_bp"": null}, ""2022"": {""n"": 0, ""mean_bp"": null}, ""2023"": {""n"": 45, ""mean_bp"": 27.13086712975051}, ""2024"": {""n"": 48, ""mean_bp"": 8.412381508115294}, ""2025"": {""n"": 52, ""mean_bp"": -65.19414011014707}, ""2026"": {""n"": 20, ""mean_bp"": -13.99875292304308}}"
eth_long_ret-2_oi-2_entry0_exit24h,ETHUSDT,long,-0.02,-0.02,0,24,165,21.170563722409714,-15.209528538506088,0.4727272727272727,352.1526009418595,0.7722243541818988,86.0,24.74102657810851,False,"{""2021"": {""n"": 0, ""mean_bp"": null}, ""2022"": {""n"": 0, ""mean_bp"": null}, ""2023"": {""n"": 45, ""mean_bp"": 36.39238059798788}, ""2024"": {""n"": 48, ""mean_bp"": 79.4239814678175}, ""2025"": {""n"": 52, ""mean_bp"": 3.590670890445853}, ""2026"": {""n"": 20, ""mean_bp"": -107.17900547351394}}"
eth_long_ret-2_oi-2_entry0_exit72h,ETHUSDT,long,-0.02,-0.02,0,72,165,24.799883286103242,-43.88649974334123,0.4666666666666667,591.8241695309107,0.5382684336569798,63.5,14.124347263549922,False,"{""2021"": {""n"": 0, ""mean_bp"": null}, ""2022"": {""n"": 0, ""mean_bp"": null}, ""2023"": {""n"": 45, ""mean_bp"": 75.87575203675792}, ""2024"": {""n"": 48, ""mean_bp"": 114.09913262966705}, ""2025"": {""n"": 52, ""mean_bp"": -13.146443872900932}, ""2026"": {""n"": 20, ""mean_bp"": -205.77856921401198}}"
eth_long_ret-2_oi-2_entry30_exit4h,ETHUSDT,long,-0.02,-0.02,30,4,165,-22.767123828106826,-5.447915429385596,0.4727272727272727,193.17361992788986,-1.513917898460824,9.5,-11.714403182934568,False,"{""2021"": {""n"": 0, ""mean_bp"": null}, ""2022"": {""n"": 0, ""mean_bp"": null}, ""2023"": {""n"": 45, ""mean_bp"": 14.297777656520875}, ""2024"": {""n"": 48, ""mean_bp"": -11.063953366676536}, ""2025"": {""n"": 52, ""mean_bp"": -55.00255522709257}, ""2026"": {""n"": 20, ""mean_bp"": -50.43863963858884}}"
eth_long_ret-2_oi-2_entry30_exit24h,ETHUSDT,long,-0.02,-0.02,30,24,165,8.888700891496741,1.9852332637622219,0.503030303030303,343.6874846454909,0.3322129416240927,72.0,14.02780435929623,False,"{""2021"": {""n"": 0, ""mean_bp"": null}, ""2022"": {""n"": 0, ""mean_bp"": null}, ""2023"": {""n"": 45, ""mean_bp"": 15.301240502941614}, ""2024"": {""n"": 48, ""mean_bp"": 71.92411814999565}, ""2025"": {""n"": 52, ""mean_bp"": 6.227859886353292}, ""2026"": {""n"": 20, ""mean_bp"": -149.90632804127864}}"
eth_long_ret-2_oi-2_entry30_exit72h,ETHUSDT,long,-0.02,-0.02,30,72,165,23.75737189750334,-46.5062025645817,0.4727272727272727,594.8115518857821,0.5130515144061508,53.5,3.980878635235488,False,"{""2021"": {""n"": 0, ""mean_bp"": null}, ""2022"": {""n"": 0, ""mean_bp"": null}, ""2023"": {""n"": 45, ""mean_bp"": 58.92060354284241}, ""2024"": {""n"": 48, ""mean_bp"": 108.15430236541476}, ""2025"": {""n"": 52, ""mean_bp"": 6.027173170410941}, ""2026"": {""n"": 20, ""mean_bp"": -211.81401573705676}}"
eth_long_ret-2_oi-2_entry60_exit4h,ETHUSDT,long,-0.02,-0.02,60,4,165,-30.529201753319416,-11.88725805331957,0.44242424242424244,198.53591537446601,-1.9752330263404558,2.5,-18.23768811052103,True,"{""2021"": {""n"": 0, ""mean_bp"": null}, ""2022"": {""n"": 0, ""mean_bp"": null}, ""2023"": {""n"": 45, ""mean_bp"": 4.784893468908598}, ""2024"": {""n"": 48, ""mean_bp"": 4.66625497809154}, ""2025"": {""n"": 52, ""mean_bp"": -90.88934962910717}, ""2026"": {""n"": 20, ""mean_bp"": -37.518627681670615}}"
eth_long_ret-2_oi-2_entry60_exit24h,ETHUSDT,long,-0.02,-0.02,60,24,165,1.371386038235045,-11.580123506772942,0.4727272727272727,349.79365672554263,0.0503604690295602,59.5,6.838181312686123,False,"{""2021"": {""n"": 0, ""mean_bp"": null}, ""2022"": {""n"": 0, ""mean_bp"": null}, ""2023"": {""n"": 45, ""mean_bp"": 4.08585432937754}, ""2024"": {""n"": 48, ""mean_bp"": 58.31312512731366}, ""2025"": {""n"": 52, ""mean_bp"": -3.0192990428747972}, ""2026"": {""n"": 20, ""mean_bp"": -129.9805602197386}}"
eth_long_ret-2_oi-2_entry60_exit72h,ETHUSDT,long,-0.02,-0.02,60,72,165,14.894224182494007,-56.54747402364756,0.46060606060606063,584.7894873796223,0.3271600769709404,62.0,10.769094236994237,False,"{""2021"": {""n"": 0, ""mean_bp"": null}, ""2022"": {""n"": 0, ""mean_bp"": null}, ""2023"": {""n"": 45, ""mean_bp"": 36.93735768517267}, ""2024"": {""n"": 48, ""mean_bp"": 110.91412276215858}, ""2025"": {""n"": 52, ""mean_bp"": -2.4595697578907685}, ""2026"": {""n"": 20, ""mean_bp"": -220.0307185447276}}"
eth_long_ret-2_oinone_entry0_exit4h,ETHUSDT,long,-0.02,,0,4,1081,-15.363045776056188,2.134662587647952,0.5041628122109159,242.22000753251905,-2.085355771282193,28.499999999999996,-3.5066989655531415,False,"{""2021"": {""n"": 335, ""mean_bp"": -19.466680110313778}, ""2022"": {""n"": 243, ""mean_bp"": -16.480671807371746}, ""2023"": {""n"": 78, ""mean_bp"": 19.70061199456636}, ""2024"": {""n"": 158, ""mean_bp"": -4.705790317908169}, ""2025"": {""n"": 181, ""mean_bp"": -32.52485772472957}, ""2026"": {""n"": 86, ""mean_bp"": -11.481918778382834}}"
eth_long_ret-2_oinone_entry0_exit24h,ETHUSDT,long,-0.02,,0,24,1081,18.409900722874987,38.93184640543069,0.5337650323774283,518.8370110226066,1.1666305496598384,93.0,18.168989575637518,False,"{""2021"": {""n"": 335, ""mean_bp"": 62.78641060930536}, ""2022"": {""n"": 243, ""mean_bp"": -47.955784012583784}, ""2023"": {""n"": 78, ""mean_bp"": 33.619181168604555}, ""2024"": {""n"": 158, ""mean_bp"": 77.3240611212348}, ""2025"": {""n"": 181, ""mean_bp"": -11.528029938847734}, ""2026"": {""n"": 86, ""mean_bp"": -25.953647988446455}}"
eth_long_ret-2_oinone_entry0_exit72h,ETHUSDT,long,-0.02,,0,72,1080,52.89622018448622,63.62964149661378,0.5314814814814814,843.1528221298781,2.0617225424413252,92.0,29.012341626395244,False,"{""2021"": {""n"": 335, ""mean_bp"": 194.85214641372897}, ""2022"": {""n"": 243, ""mean_bp"": -76.28050107492574}, ""2023"": {""n"": 78, ""mean_bp"": 114.30365142370975}, ""2024"": {""n"": 158, ""mean_bp"": 86.04355973455193}, ""2025"": {""n"": 181, ""mean_bp"": -29.343423516107787}, ""2026"": {""n"": 85, ""mean_bp"": -80.12702448047305}}"
eth_long_ret-2_oinone_entry30_exit4h,ETHUSDT,long,-0.02,,30,4,1081,-19.83719169196219,-4.602616468360342,0.4884366327474561,232.5758183937447,-2.8043258751804703,4.0,-7.794840658137749,True,"{""2021"": {""n"": 335, ""mean_bp"": -15.388652532956453}, ""2022"": {""n"": 243, ""mean_bp"": -25.689815116084034}, ""2023"": {""n"": 78, ""mean_bp"": 9.35620247789282}, ""2024"": {""n"": 158, ""mean_bp"": -17.31053099564724}, ""2025"": {""n"": 181, ""mean_bp"": -29.28485957226683}, ""2026"": {""n"": 86, ""mean_bp"": -31.864428612155542}}"
eth_long_ret-2_oinone_entry30_exit24h,ETHUSDT,long,-0.02,,30,24,1081,15.569619902371207,26.867814014562413,0.5272895467160037,514.8965920987223,0.9941933180529515,89.0,16.651159332345447,False,"{""2021"": {""n"": 335, ""mean_bp"": 63.026353190456746}, ""2022"": {""n"": 243, ""mean_bp"": -44.75427982644104}, ""2023"": {""n"": 78, ""mean_bp"": 14.565419035526388}, ""2024"": {""n"": 158, ""mean_bp"": 61.68902664291926}, ""2025"": {""n"": 181, ""mean_bp"": -6.989570569276353}, ""2026"": {""n"": 86, ""mean_bp"": -35.181811951486566}}"
eth_long_ret-2_oinone_entry30_exit72h,ETHUSDT,long,-0.02,,30,72,1080,47.76352188161909,51.682826591475504,0.5416666666666666,853.3464184100734,1.8394282412901177,90.5,25.29607433738027,False,"{""2021"": {""n"": 335, ""mean_bp"": 189.62532506607678}, ""2022"": {""n"": 243, ""mean_bp"": -79.11489439413711}, ""2023"": {""n"": 78, ""mean_bp"": 93.47594348572943}, ""2024"": {""n"": 158, ""mean_bp"": 76.66338302073166}, ""2025"": {""n"": 181, ""mean_bp"": -24.017281571107993}, ""2026"": {""n"": 85, ""mean_bp"": -91.43260084710239}}"
eth_long_ret-2_oinone_entry60_exit4h,ETHUSDT,long,-0.02,,60,4,1081,-17.68335123017943,-5.308705885337815,0.482886216466235,234.8467830555761,-2.4756702879643555,14.000000000000002,-5.399847779447802,False,"{""2021"": {""n"": 335, ""mean_bp"": -5.049842116745457}, ""2022"": {""n"": 243, ""mean_bp"": -31.32633169241161}, ""2023"": {""n"": 78, ""mean_bp"": 4.061014056401144}, ""2024"": {""n"": 158, ""mean_bp"": -15.056942459560888}, ""2025"": {""n"": 181, ""mean_bp"": -30.109543746948003}, ""2026"": {""n"": 86, ""mean_bp"": -26.74002022150344}}"
eth_long_ret-2_oinone_entry60_exit24h,ETHUSDT,long,-0.02,,60,24,1081,17.763738462097777,17.167868454746728,0.5226641998149861,514.4179472472149,1.13535350573461,93.5,19.48757810444748,False,"{""2021"": {""n"": 335, ""mean_bp"": 72.00685735308211}, ""2022"": {""n"": 243, ""mean_bp"": -38.059188098690775}, ""2023"": {""n"": 78, ""mean_bp"": 10.934592051932151}, ""2024"": {""n"": 158, ""mean_bp"": 67.64461959569748}, ""2025"": {""n"": 181, ""mean_bp"": -17.45945951557907}, ""2026"": {""n"": 86, ""mean_bp"": -47.11510618167499}}"
eth_long_ret-2_oinone_entry60_exit72h,ETHUSDT,long,-0.02,,60,72,1080,51.84006459435456,54.61791394843442,0.5324074074074074,854.3951251536035,1.9939701380492922,91.0,27.72654030542653,False,"{""2021"": {""n"": 335, ""mean_bp"": 200.06272080440593}, ""2022"": {""n"": 243, ""mean_bp"": -73.95625199053539}, ""2023"": {""n"": 78, ""mean_bp"": 80.2670722485941}, ""2024"": {""n"": 158, ""mean_bp"": 81.50616776141051}, ""2025"": {""n"": 181, ""mean_bp"": -17.63921418064516}, ""2026"": {""n"": 85, ""mean_bp"": -105.98212763375754}}"
eth_long_ret-3_oi-1_entry0_exit4h,ETHUSDT,long,-0.03,-0.01,0,4,130,-14.863887481798393,1.8762796123890215,0.5076923076923077,260.70565293327735,-0.6500602897368939,48.0,-0.9587956624220766,False,"{""2021"": {""n"": 0, ""mean_bp"": null}, ""2022"": {""n"": 0, ""mean_bp"": null}, ""2023"": {""n"": 20, ""mean_bp"": 36.502295377334136}, ""2024"": {""n"": 45, ""mean_bp"": 23.944107311075662}, ""2025"": {""n"": 49, ""mean_bp"": -80.51382217404554}, ""2026"": {""n"": 16, ""mean_bp"": 12.83382358433455}}"
eth_long_ret-3_oi-1_entry0_exit24h,ETHUSDT,long,-0.03,-0.01,0,24,130,76.3663703649731,40.32376510031145,0.5461538461538461,411.3804066148664,2.116558236466453,100.0,78.51059799083123,True,"{""2021"": {""n"": 0, ""mean_bp"": null}, ""2022"": {""n"": 0, ""mean_bp"": null}, ""2023"": {""n"": 20, ""mean_bp"": 64.18466140030787}, ""2024"": {""n"": 45, ""mean_bp"": 150.47608604199996}, ""2025"": {""n"": 49, ""mean_bp"": 46.90585819560216}, ""2026"": {""n"": 16, ""mean_bp"": -26.617250252135022}}"
eth_long_ret-3_oi-1_entry0_exit72h,ETHUSDT,long,-0.03,-0.01,0,72,130,104.63441267946789,96.44683725829785,0.5615384615384615,657.9582679006172,1.8132090100102078,98.0,90.81034694671062,True,"{""2021"": {""n"": 0, ""mean_bp"": null}, ""2022"": {""n"": 0, ""mean_bp"": null}, ""2023"": {""n"": 20, ""mean_bp"": 194.6524874826191}, ""2024"": {""n"": 45, ""mean_bp"": 134.1889759708241}, ""2025"": {""n"": 49, ""mean_bp"": 89.35226657260044}, ""2026"": {""n"": 16, ""mean_bp"": -44.20881762912895}}"
eth_long_ret-3_oi-1_entry30_exit4h,ETHUSDT,long,-0.03,-0.01,30,4,130,-9.815701387264342,2.6360924279140843,0.5,229.47751490232886,-0.4877001350931372,61.5,3.541415653460641,False,"{""2021"": {""n"": 0, ""mean_bp"": null}, ""2022"": {""n"": 0, ""mean_bp"": null}, ""2023"": {""n"": 20, ""mean_bp"": 35.15825999571676}, ""2024"": {""n"": 45, ""mean_bp"": -10.270429577591491}, ""2025"": {""n"": 49, ""mean_bp"": -31.618242122380508}, ""2026"": {""n"": 16, ""mean_bp"": 2.016050920597621}}"
eth_long_ret-3_oi-1_entry30_exit24h,ETHUSDT,long,-0.03,-0.01,30,24,130,62.75353052088081,90.95132534518504,0.6,402.5583084316236,1.777383098038085,99.5,68.07173885271123,True,"{""2021"": {""n"": 0, ""mean_bp"": null}, ""2022"": {""n"": 0, ""mean_bp"": null}, ""2023"": {""n"": 20, ""mean_bp"": 47.182176311743994}, ""2024"": {""n"": 45, ""mean_bp"": 109.64793096560659}, ""2025"": {""n"": 49, ""mean_bp"": 69.75422684508652}, ""2026"": {""n"": 16, ""mean_bp"": -71.11241046136948}}"
eth_long_ret-3_oi-1_entry30_exit72h,ETHUSDT,long,-0.03,-0.01,30,72,130,114.4272369606298,115.63781306326248,0.5769230769230769,659.8220995782547,1.9773075746916917,97.0,99.1491280976213,True,"{""2021"": {""n"": 0, ""mean_bp"": null}, ""2022"": {""n"": 0, ""mean_bp"": null}, ""2023"": {""n"": 20, ""mean_bp"": 200.9325521193559}, ""2024"": {""n"": 45, ""mean_bp"": 117.40444403781929}, ""2025"": {""n"": 49, ""mean_bp"": 133.76309083581816}, ""2026"": {""n"": 16, ""mean_bp"": -61.293854385137685}}"
eth_long_ret-3_oi-1_entry60_exit4h,ETHUSDT,long,-0.03,-0.01,60,4,130,-29.112593461299905,-15.427031324716665,0.4461538461538462,243.12537761710277,-1.3652817303898346,7.000000000000001,-17.969445651008872,False,"{""2021"": {""n"": 0, ""mean_bp"": null}, ""2022"": {""n"": 0, ""mean_bp"": null}, ""2023"": {""n"": 20, ""mean_bp"": 27.6639164753263}, ""2024"": {""n"": 45, ""mean_bp"": -8.165360677697944}, ""2025"": {""n"": 49, ""mean_bp"": -82.45927857456068}, ""2026"": {""n"": 16, ""mean_bp"": 4.376900073397978}}"
eth_long_ret-3_oi-1_entry60_exit24h,ETHUSDT,long,-0.03,-0.01,60,24,130,40.83849722160406,33.8386240629669,0.5230769230769231,402.47602599698877,1.1569148948613588,92.5,45.995509828185675,False,"{""2021"": {""n"": 0, ""mean_bp"": null}, ""2022"": {""n"": 0, ""mean_bp"": null}, ""2023"": {""n"": 20, ""mean_bp"": 32.032621686486756}, ""2024"": {""n"": 45, ""mean_bp"": 103.25591395923502}, ""2025"": {""n"": 49, ""mean_bp"": 29.263504080497707}, ""2026"": {""n"": 16, ""mean_bp"": -88.25472643944823}}"
eth_long_ret-3_oi-1_entry60_exit72h,ETHUSDT,long,-0.03,-0.01,60,72,130,90.19778195667767,84.43708343628244,0.5538461538461539,629.5457324508932,1.633579406297958,91.5,70.74723679928081,False,"{""2021"": {""n"": 0, ""mean_bp"": null}, ""2022"": {""n"": 0, ""mean_bp"": null}, ""2023"": {""n"": 20, ""mean_bp"": 172.03409134201453}, ""2024"": {""n"": 45, ""mean_bp"": 110.63451979704807}, ""2025"": {""n"": 49, ""mean_bp"": 88.26059088709262}, ""2026"": {""n"": 16, ""mean_bp"": -63.643282300431}}"
eth_long_ret-3_oi-2_entry0_exit4h,ETHUSDT,long,-0.03,-0.02,0,4,84,-3.0098460126283433,19.013567032037507,0.5357142857142857,250.15530065836606,-0.11027427479433755,76.0,9.899904208193448,False,"{""2021"": {""n"": 0, ""mean_bp"": null}, ""2022"": {""n"": 0, ""mean_bp"": null}, ""2023"": {""n"": 20, ""mean_bp"": 45.55057537199943}, ""2024"": {""n"": 27, ""mean_bp"": 28.440034684949616}, ""2025"": {""n"": 30, ""mean_bp"": -58.951306019209746}, ""2026"": {""n"": 7, ""mean_bp"": -23.31147548830233}}"
eth_long_ret-3_oi-2_entry0_exit24h,ETHUSDT,long,-0.03,-0.02,0,24,84,62.845659240934616,28.19931454560566,0.5357142857142857,362.3682382720254,1.589515637155757,96.0,66.2766128110164,True,"{""2021"": {""n"": 0, ""mean_bp"": null}, ""2022"": {""n"": 0, ""mean_bp"": null}, ""2023"": {""n"": 20, ""mean_bp"": 71.57818654519915}, ""2024"": {""n"": 27, ""mean_bp"": 130.59535687722158}, ""2025"": {""n"": 30, ""mean_bp"": 30.626523643283473}, ""2026"": {""n"": 7, ""mean_bp"": -85.34267137842343}}"
eth_long_ret-3_oi-2_entry0_exit72h,ETHUSDT,long,-0.03,-0.02,0,72,84,105.96694981365715,83.42011757036484,0.5595238095238095,594.4145498747773,1.6338818381446754,95.0,96.77105137233863,True,"{""2021"": {""n"": 0, ""mean_bp"": null}, ""2022"": {""n"": 0, ""mean_bp"": null}, ""2023"": {""n"": 20, ""mean_bp"": 203.8478936476671}, ""2024"": {""n"": 27, ""mean_bp"": 145.14834587942647}, ""2025"": {""n"": 30, ""mean_bp"": 109.53881722253263}, ""2026"": {""n"": 7, ""mean_bp"": -340.1291348609479}}"
eth_long_ret-3_oi-2_entry30_exit4h,ETHUSDT,long,-0.03,-0.02,30,4,84,-12.427549068495548,-0.16258124551681163,0.5,228.9835046647929,-0.4974173523331098,52.5,2.3515984745881706,False,"{""2021"": {""n"": 0, ""mean_bp"": null}, ""2022"": {""n"": 0, ""mean_bp"": null}, ""2023"": {""n"": 20, ""mean_bp"": 33.575539202241664}, ""2024"": {""n"": 27, ""mean_bp"": 0.7440974400859933}, ""2025"": {""n"": 30, ""mean_bp"": -37.26524325891874}, ""2026"": {""n"": 7, ""mean_bp"": -88.22260555903131}}"
eth_long_ret-3_oi-2_entry30_exit24h,ETHUSDT,long,-0.03,-0.02,30,24,84,50.35659731582797,53.620365189396956,0.5952380952380952,352.4712433274391,1.3093999769270104,95.5,56.044267469749705,True,"{""2021"": {""n"": 0, ""mean_bp"": null}, ""2022"": {""n"": 0, ""mean_bp"": null}, ""2023"": {""n"": 20, ""mean_bp"": 45.47548366688171}, ""2024"": {""n"": 27, ""mean_bp"": 110.2958635381123}, ""2025"": {""n"": 30, ""mean_bp"": 38.09828122384452}, ""2026"": {""n"": 7, ""mean_bp"": -114.3560358646362}}"
eth_long_ret-3_oi-2_entry30_exit72h,ETHUSDT,long,-0.03,-0.02,30,72,84,112.25876267335393,61.20107116563257,0.5476190476190477,604.5419767033791,1.7018976256305087,95.5,103.3827635865663,True,"{""2021"": {""n"": 0, ""mean_bp"": null}, ""2022"": {""n"": 0, ""mean_bp"": null}, ""2023"": {""n"": 20, ""mean_bp"": 197.3830339243974}, ""2024"": {""n"": 27, ""mean_bp"": 145.5001176301907}, ""2025"": {""n"": 30, ""mean_bp"": 143.22215000366356}, ""2026"": {""n"": 7, ""mean_bp"": -391.87032715018137}}"
eth_long_ret-3_oi-2_entry60_exit4h,ETHUSDT,long,-0.03,-0.02,60,4,84,-34.621135547478254,-22.275907350843717,0.44047619047619047,236.3153216661052,-1.3427311709886587,6.0,-22.529437890458134,False,"{""2021"": {""n"": 0, ""mean_bp"": null}, ""2022"": {""n"": 0, ""mean_bp"": null}, ""2023"": {""n"": 20, ""mean_bp"": 24.664228122768982}, ""2024"": {""n"": 27, ""mean_bp"": 7.385273841036161}, ""2025"": {""n"": 30, ""mean_bp"": -103.07162553178553}, ""2026"": {""n"": 7, ""mean_bp"": -72.67336802828042}}"
eth_long_ret-3_oi-2_entry60_exit24h,ETHUSDT,long,-0.03,-0.02,60,24,84,25.151195048831863,10.99821815634129,0.5119047619047619,354.03117959874885,0.6511135841792274,80.5,31.43463152114735,False,"{""2021"": {""n"": 0, ""mean_bp"": null}, ""2022"": {""n"": 0, ""mean_bp"": null}, ""2023"": {""n"": 20, ""mean_bp"": 28.9082889048042}, ""2024"": {""n"": 27, ""mean_bp"": 101.64588300749008}, ""2025"": {""n"": 30, ""mean_bp"": -17.77045789290042}, ""2026"": {""n"": 7, ""mean_bp"": -96.68435691563248}}"
eth_long_ret-3_oi-2_entry60_exit72h,ETHUSDT,long,-0.03,-0.02,60,72,84,84.69022833867754,55.87281363198483,0.5476190476190477,581.7338180284333,1.3342850972645874,88.0,69.40453505025886,False,"{""2021"": {""n"": 0, ""mean_bp"": null}, ""2022"": {""n"": 0, ""mean_bp"": null}, ""2023"": {""n"": 20, ""mean_bp"": 169.42813961960923}, ""2024"": {""n"": 27, ""mean_bp"": 147.63817216384874}, ""2025"": {""n"": 30, ""mean_bp"": 92.03434831165067}, ""2026"": {""n"": 7, ""mean_bp"": -431.6921013881011}}"
eth_long_ret-3_oinone_entry0_exit4h,ETHUSDT,long,-0.03,,0,4,484,24.701528434249408,23.363725886720985,0.5330578512396694,507.05644107336263,1.0717418842035007,100.0,36.52691648641146,True,"{""2021"": {""n"": 178, ""mean_bp"": 90.80148945939101}, ""2022"": {""n"": 113, ""mean_bp"": -36.82728333599164}, ""2023"": {""n"": 26, ""mean_bp"": 54.66726276787561}, ""2024"": {""n"": 63, ""mean_bp"": 26.320047310716173}, ""2025"": {""n"": 74, ""mean_bp"": -72.37358519038148}, ""2026"": {""n"": 30, ""mean_bp"": 74.34970489735024}}"
eth_long_ret-3_oinone_entry0_exit24h,ETHUSDT,long,-0.03,,0,24,484,55.82911117377221,32.91618250431296,0.5330578512396694,761.7390885600223,1.6124161990227286,99.5,57.54474551810457,True,"{""2021"": {""n"": 178, ""mean_bp"": 149.00615839033136}, ""2022"": {""n"": 113, ""mean_bp"": -94.22323652983367}, ""2023"": {""n"": 26, ""mean_bp"": 115.3547473392464}, ""2024"": {""n"": 63, ""mean_bp"": 108.98577602329296}, ""2025"": {""n"": 74, ""mean_bp"": 15.351031526831548}, ""2026"": {""n"": 30, ""mean_bp"": 4.803856307485707}}"
eth_long_ret-3_oinone_entry0_exit72h,ETHUSDT,long,-0.03,,0,72,484,128.5646507812336,126.00748177999456,0.5723140495867769,973.2576991917135,2.9061391649263424,100.0,106.33888962564625,True,"{""2021"": {""n"": 178, ""mean_bp"": 362.75537824000156}, ""2022"": {""n"": 113, ""mean_bp"": -146.75093361188877}, ""2023"": {""n"": 26, ""mean_bp"": 277.3192614605939}, ""2024"": {""n"": 63, ""mean_bp"": 70.83166757185309}, ""2025"": {""n"": 74, ""mean_bp"": 29.376039742469636}, ""2026"": {""n"": 30, ""mean_bp"": 13.038878453176478}}"
eth_long_ret-3_oinone_entry30_exit4h,ETHUSDT,long,-0.03,,30,4,484,15.419916778714752,8.28664254425694,0.518595041322314,306.2482621699447,1.1077227564591792,100.0,28.150080004094583,True,"{""2021"": {""n"": 178, ""mean_bp"": 46.2505884174923}, ""2022"": {""n"": 113, ""mean_bp"": -14.314960080300281}, ""2023"": {""n"": 26, ""mean_bp"": 36.188296344633684}, ""2024"": {""n"": 63, ""mean_bp"": 17.448886039908132}, ""2025"": {""n"": 74, ""mean_bp"": -31.27218558978135}, ""2026"": {""n"": 30, ""mean_bp"": 37.4063893275792}}"
eth_long_ret-3_oinone_entry30_exit24h,ETHUSDT,long,-0.03,,30,24,484,28.84165692010264,52.04485632234258,0.5433884297520661,637.4866145982559,0.9953408239671517,93.0,29.88690333003602,False,"{""2021"": {""n"": 178, ""mean_bp"": 66.54233745290179}, ""2022"": {""n"": 113, ""mean_bp"": -71.86518107769864}, ""2023"": {""n"": 26, ""mean_bp"": 85.38369677635518}, ""2024"": {""n"": 63, ""mean_bp"": 92.32450814714095}, ""2025"": {""n"": 74, ""mean_bp"": 33.25456945944744}, ""2026"": {""n"": 30, ""mean_bp"": -8.722230832037372}}"
eth_long_ret-3_oinone_entry30_exit72h,ETHUSDT,long,-0.03,,30,72,484,117.1312061121259,142.98427412341732,0.5847107438016529,930.853858720492,2.768304079448988,100.0,92.77097601048541,True,"{""2021"": {""n"": 178, ""mean_bp"": 306.3981005516885}, ""2022"": {""n"": 113, ""mean_bp"": -122.31563226360207}, ""2023"": {""n"": 26, ""mean_bp"": 261.8014534852419}, ""2024"": {""n"": 63, ""mean_bp"": 66.04071863353009}, ""2025"": {""n"": 74, ""mean_bp"": 68.74839790174516}, ""2026"": {""n"": 30, ""mean_bp"": -2.6825401134135745}}"
eth_long_ret-3_oinone_entry60_exit4h,ETHUSDT,long,-0.03,,60,4,484,14.307269232608423,4.513626348217738,0.5103305785123967,292.83714512990383,1.0748633783386887,100.0,25.862647580071595,True,"{""2021"": {""n"": 178, ""mean_bp"": 53.35260079984467}, ""2022"": {""n"": 113, ""mean_bp"": -4.607663716841636}, ""2023"": {""n"": 26, ""mean_bp"": 30.857107736610086}, ""2024"": {""n"": 63, ""mean_bp"": -2.847401242931856}, ""2025"": {""n"": 74, ""mean_bp"": -44.725792463746025}, ""2026"": {""n"": 30, ""mean_bp"": 21.181049522775933}}"
eth_long_ret-3_oinone_entry60_exit24h,ETHUSDT,long,-0.03,,60,24,484,25.373020734788096,43.04937035253543,0.5371900826446281,628.257108970981,0.8885000236282586,94.5,27.51493624867371,False,"{""2021"": {""n"": 178, ""mean_bp"": 84.22551859285053}, ""2022"": {""n"": 113, ""mean_bp"": -61.72451125126044}, ""2023"": {""n"": 26, ""mean_bp"": 73.57977824262251}, ""2024"": {""n"": 63, ""mean_bp"": 63.49284739044857}, ""2025"": {""n"": 74, ""mean_bp"": 7.160921743337977}, ""2026"": {""n"": 30, ""mean_bp"": -72.65874438036595}}"
eth_long_ret-3_oinone_entry60_exit72h,ETHUSDT,long,-0.03,,60,72,484,111.23986311948838,117.52592081359106,0.5702479338842975,940.2204512893709,2.602875724807594,99.5,91.09652097047346,True,"{""2021"": {""n"": 178, ""mean_bp"": 297.0709549444005}, ""2022"": {""n"": 113, ""mean_bp"": -100.31393299394686}, ""2023"": {""n"": 26, ""mean_bp"": 237.09083371532554}, ""2024"": {""n"": 63, ""mean_bp"": 55.128522743344824}, ""2025"": {""n"": 74, ""mean_bp"": 55.806503303481236}, ""2026"": {""n"": 30, ""mean_bp"": -49.00672186139098}}"
eth_long_ret-5_oi-1_entry0_exit4h,ETHUSDT,long,-0.05,-0.01,0,4,37,67.05641779278119,61.62019930821285,0.6756756756756757,189.75518641852344,2.1495500242418415,100.0,79.28486174456383,True,"{""2021"": {""n"": 0, ""mean_bp"": null}, ""2022"": {""n"": 0, ""mean_bp"": null}, ""2023"": {""n"": 7, ""mean_bp"": 157.84769179020694}, ""2024"": {""n"": 10, ""mean_bp"": 136.26589813533562}, ""2025"": {""n"": 18, ""mean_bp"": 10.440472419880335}, ""2026"": {""n"": 2, ""mean_bp"": -87.21693455487332}}"
eth_long_ret-5_oi-1_entry0_exit24h,ETHUSDT,long,-0.05,-0.01,0,24,37,194.25737179859948,197.7767712161367,0.7837837837837838,371.5730915711536,3.1800512179565583,100.0,197.16463364967737,True,"{""2021"": {""n"": 0, ""mean_bp"": null}, ""2022"": {""n"": 0, ""mean_bp"": null}, ""2023"": {""n"": 7, ""mean_bp"": 183.1668499706882}, ""2024"": {""n"": 10, ""mean_bp"": 218.73669792924312}, ""2025"": {""n"": 18, ""mean_bp"": 220.91667265435672}, ""2026"": {""n"": 2, ""mean_bp"": -129.2561401587443}}"
eth_long_ret-5_oi-1_entry0_exit72h,ETHUSDT,long,-0.05,-0.01,0,72,37,364.98723803065303,317.0249098507834,0.8108108108108109,611.4019231605193,3.6312131372655387,100.0,359.94067546360213,True,"{""2021"": {""n"": 0, ""mean_bp"": null}, ""2022"": {""n"": 0, ""mean_bp"": null}, ""2023"": {""n"": 7, ""mean_bp"": 476.126369096862}, ""2024"": {""n"": 10, ""mean_bp"": 144.01303956103078}, ""2025"": {""n"": 18, ""mean_bp"": 479.9827938201027}, ""2026"": {""n"": 2, ""mean_bp"": 45.911269541985064}}"
eth_long_ret-5_oi-1_entry30_exit4h,ETHUSDT,long,-0.05,-0.01,30,4,37,21.362039759182412,21.928936867724026,0.6486486486486487,179.2480900758311,0.7249182680993935,93.5,35.32731527090131,False,"{""2021"": {""n"": 0, ""mean_bp"": null}, ""2022"": {""n"": 0, ""mean_bp"": null}, ""2023"": {""n"": 7, ""mean_bp"": 107.16723059874896}, ""2024"": {""n"": 10, ""mean_bp"": 64.69533907421966}, ""2025"": {""n"": 18, ""mean_bp"": -22.80354982764249}, ""2026"": {""n"": 2, ""mean_bp"": -98.13231847306245}}"
eth_long_ret-5_oi-1_entry30_exit24h,ETHUSDT,long,-0.05,-0.01,30,24,37,140.68536384202088,135.14775151827487,0.7027027027027027,399.6179348318028,2.141434568245291,99.5,150.43003608920296,True,"{""2021"": {""n"": 0, ""mean_bp"": null}, ""2022"": {""n"": 0, ""mean_bp"": null}, ""2023"": {""n"": 7, ""mean_bp"": 144.92419979734785}, ""2024"": {""n"": 10, ""mean_bp"": 147.93757875111513}, ""2025"": {""n"": 18, ""mean_bp"": 172.38506469252263}, ""2026"": {""n"": 2, ""mean_bp"": -195.70894420161122}}"
eth_long_ret-5_oi-1_entry30_exit72h,ETHUSDT,long,-0.05,-0.01,30,72,37,299.8146258638977,382.8970206453215,0.7567567567567568,651.5119304719194,2.7991830800693203,100.0,303.12147020808465,True,"{""2021"": {""n"": 0, ""mean_bp"": null}, ""2022"": {""n"": 0, ""mean_bp"": null}, ""2023"": {""n"": 7, ""mean_bp"": 436.9932286092809}, ""2024"": {""n"": 10, ""mean_bp"": 84.37882898066206}, ""2025"": {""n"": 18, ""mean_bp"": 406.41050519562646}, ""2026"": {""n"": 2, ""mean_bp"": -62.49441331432507}}"
eth_long_ret-5_oi-1_entry60_exit4h,ETHUSDT,long,-0.05,-0.01,60,4,37,-12.249769275907733,-8.184114323694246,0.4864864864864865,226.75990596593113,-0.32859617417324566,48.5,-1.2808788280958385,False,"{""2021"": {""n"": 0, ""mean_bp"": null}, ""2022"": {""n"": 0, ""mean_bp"": null}, ""2023"": {""n"": 7, ""mean_bp"": 72.279171007411}, ""2024"": {""n"": 10, ""mean_bp"": 97.40907209745555}, ""2025"": {""n"": 18, ""mean_bp"": -78.43485130252515}, ""2026"": {""n"": 2, ""mean_bp"": -260.729528894783}}"
eth_long_ret-5_oi-1_entry60_exit24h,ETHUSDT,long,-0.05,-0.01,60,24,37,99.38740658584769,63.175963352196234,0.5945945945945946,427.58415232382794,1.4138737122933802,99.0,102.96194400820796,True,"{""2021"": {""n"": 0, ""mean_bp"": null}, ""2022"": {""n"": 0, ""mean_bp"": null}, ""2023"": {""n"": 7, ""mean_bp"": 71.31976933123528}, ""2024"": {""n"": 10, ""mean_bp"": 130.12316335613417}, ""2025"": {""n"": 18, ""mean_bp"": 107.61095377064933}, ""2026"": {""n"": 2, ""mean_bp"": -30.06657153765623}}"
eth_long_ret-5_oi-1_entry60_exit72h,ETHUSDT,long,-0.05,-0.01,60,72,37,261.0771612208476,310.0579151973222,0.7297297297297297,652.9922546636337,2.431989602401698,100.0,252.05859285829322,True,"{""2021"": {""n"": 0, ""mean_bp"": null}, ""2022"": {""n"": 0, ""mean_bp"": null}, ""2023"": {""n"": 7, ""mean_bp"": 346.0847024292296}, ""2024"": {""n"": 10, ""mean_bp"": 93.19898935893391}, ""2025"": {""n"": 18, ""mean_bp"": 363.48975652063734}, ""2026"": {""n"": 2, ""mean_bp"": -118.77173139702865}}"
eth_long_ret-5_oi-2_entry0_exit4h,ETHUSDT,long,-0.05,-0.02,0,4,29,92.83335278689397,79.0513521429277,0.7586206896551724,193.50289746441777,2.5835422151661134,100.0,106.64337043394772,True,"{""2021"": {""n"": 0, ""mean_bp"": null}, ""2022"": {""n"": 0, ""mean_bp"": null}, ""2023"": {""n"": 7, ""mean_bp"": 158.43462997707846}, ""2024"": {""n"": 9, ""mean_bp"": 131.97566825379752}, ""2025"": {""n"": 11, ""mean_bp"": 67.24279463860589}, ""2026"": {""n"": 2, ""mean_bp"": -172.16346716423345}}"
eth_long_ret-5_oi-2_entry0_exit24h,ETHUSDT,long,-0.05,-0.02,0,24,29,185.8935337952951,184.0292510676862,0.8275862068965517,404.6756233862571,2.4737524531167208,100.0,189.28805747064754,True,"{""2021"": {""n"": 0, ""mean_bp"": null}, ""2022"": {""n"": 0, ""mean_bp"": null}, ""2023"": {""n"": 7, ""mean_bp"": 183.92094709811172}, ""2024"": {""n"": 9, ""mean_bp"": 229.28663935719837}, ""2025"": {""n"": 11, ""mean_bp"": 225.82012906959565}, ""2026"": {""n"": 2, ""mean_bp"": -222.0676618017807}}"
eth_long_ret-5_oi-2_entry0_exit72h,ETHUSDT,long,-0.05,-0.02,0,72,29,355.571172738748,290.1543330426477,0.8275862068965517,626.950560119671,3.054163258899959,100.0,337.8389750505118,True,"{""2021"": {""n"": 0, ""mean_bp"": null}, ""2022"": {""n"": 0, ""mean_bp"": null}, ""2023"": {""n"": 7, ""mean_bp"": 476.51534569075505}, ""2024"": {""n"": 9, ""mean_bp"": 188.9396541952485}, ""2025"": {""n"": 11, ""mean_bp"": 487.24090089143317}, ""2026"": {""n"": 2, ""mean_bp"": -42.075103987298405}}"
eth_long_ret-5_oi-2_entry30_exit4h,ETHUSDT,long,-0.05,-0.02,30,4,29,35.61543018262742,21.928936867724026,0.7241379310344828,171.38274360107476,1.1191031091022772,98.5,50.30910310754468,True,"{""2021"": {""n"": 0, ""mean_bp"": null}, ""2022"": {""n"": 0, ""mean_bp"": null}, ""2023"": {""n"": 7, ""mean_bp"": 102.44027139919649}, ""2024"": {""n"": 9, ""mean_bp"": 46.85426041069591}, ""2025"": {""n"": 11, ""mean_bp"": 7.794671713853457}, ""2026"": {""n"": 2, ""mean_bp"": -95.83207852341556}}"
eth_long_ret-5_oi-2_entry30_exit24h,ETHUSDT,long,-0.05,-0.02,30,24,29,124.69383545700579,122.87409168978704,0.7241379310344828,407.2138369675542,1.649003038232199,100.0,128.7135518382747,True,"{""2021"": {""n"": 0, ""mean_bp"": null}, ""2022"": {""n"": 0, ""mean_bp"": null}, ""2023"": {""n"": 7, ""mean_bp"": 140.66882672678864}, ""2024"": {""n"": 9, ""mean_bp"": 150.9666637399632}, ""2025"": {""n"": 11, ""mean_bp"": 148.77908884506948}, ""2026"": {""n"": 2, ""mean_bp"": -181.91525489489257}}"
eth_long_ret-5_oi-2_entry30_exit72h,ETHUSDT,long,-0.05,-0.02,30,72,29,284.61512034978585,382.8970206453215,0.7586206896551724,653.6864657190902,2.3447010303325873,100.0,274.3093913206287,True,"{""2021"": {""n"": 0, ""mean_bp"": null}, ""2022"": {""n"": 0, ""mean_bp"": null}, ""2023"": {""n"": 7, ""mean_bp"": 432.0821785114886}, ""2024"": {""n"": 9, ""mean_bp"": 117.49288216309722}, ""2025"": {""n"": 11, ""mean_bp"": 387.93076109963454}, ""2026"": {""n"": 2, ""mean_bp"": -47.70553550024249}}"
eth_long_ret-5_oi-2_entry60_exit4h,ETHUSDT,long,-0.05,-0.02,60,4,29,-3.400165998304797,0.43438591489210054,0.5172413793103449,251.35579367553987,-0.07284675640348365,71.0,11.248271865663316,False,"{""2021"": {""n"": 0, ""mean_bp"": null}, ""2022"": {""n"": 0, ""mean_bp"": null}, ""2023"": {""n"": 7, ""mean_bp"": 71.34580309135548}, ""2024"": {""n"": 9, ""mean_bp"": 108.92415487514893}, ""2025"": {""n"": 11, ""mean_bp"": -94.9372124419801}, ""2026"": {""n"": 2, ""mean_bp"": -267.0167463024435}}"
eth_long_ret-5_oi-2_entry60_exit24h,ETHUSDT,long,-0.05,-0.02,60,24,29,94.16830503735424,51.0300371082202,0.6206896551724138,434.8258698631425,1.1662411953416565,97.0,102.69212582093473,True,"{""2021"": {""n"": 0, ""mean_bp"": null}, ""2022"": {""n"": 0, ""mean_bp"": null}, ""2023"": {""n"": 7, ""mean_bp"": 70.41312369075209}, ""2024"": {""n"": 9, ""mean_bp"": 144.34954860535174}, ""2025"": {""n"": 11, ""mean_bp"": 80.5297145667556}, ""2026"": {""n"": 2, ""mean_bp"": 26.50809128276544}}"
eth_long_ret-5_oi-2_entry60_exit72h,ETHUSDT,long,-0.05,-0.02,60,72,29,233.12318115652863,310.0579151973222,0.7586206896551724,656.9652133009574,1.9109181513333409,98.0,216.1776024412019,True,"{""2021"": {""n"": 0, ""mean_bp"": null}, ""2022"": {""n"": 0, ""mean_bp"": null}, ""2023"": {""n"": 7, ""mean_bp"": 345.4020335674963}, ""2024"": {""n"": 9, ""mean_bp"": 145.83031730371223}, ""2025"": {""n"": 11, ""mean_bp"": 308.0892496738288}, ""2026"": {""n"": 2, ""mean_bp"": -179.34829178933563}}"
eth_long_ret-5_oinone_entry0_exit4h,ETHUSDT,long,-0.05,,0,4,139,100.69171855040608,61.62019930821285,0.6258992805755396,445.6576785235088,2.663788622745716,100.0,112.22910050648053,True,"{""2021"": {""n"": 56, ""mean_bp"": 131.54609214659757}, ""2022"": {""n"": 34, ""mean_bp"": 67.16385208387223}, ""2023"": {""n"": 7, ""mean_bp"": 194.4007101000962}, ""2024"": {""n"": 13, ""mean_bp"": 226.81084429363662}, ""2025"": {""n"": 24, ""mean_bp"": -15.127243241853717}, ""2026"": {""n"": 5, ""mean_bp"": 79.94092774637275}}"
eth_long_ret-5_oinone_entry0_exit24h,ETHUSDT,long,-0.05,,0,24,139,161.79223271197586,184.0292510676862,0.6474820143884892,764.9693853988502,2.4935668381801186,100.0,162.01348844753073,True,"{""2021"": {""n"": 56, ""mean_bp"": 184.97685961824467}, ""2022"": {""n"": 34, ""mean_bp"": -21.210627062350287}, ""2023"": {""n"": 7, ""mean_bp"": 218.38328112976154}, ""2024"": {""n"": 13, ""mean_bp"": 403.96686661756644}, ""2025"": {""n"": 24, ""mean_bp"": 250.56456373088216}, ""2026"": {""n"": 5, ""mean_bp"": 11.555152996996409}}"
eth_long_ret-5_oinone_entry0_exit72h,ETHUSDT,long,-0.05,,0,72,139,203.6489654852358,193.78549507349365,0.60431654676259,1035.6236903628344,2.3183960693939394,100.0,173.813705031522,True,"{""2021"": {""n"": 56, ""mean_bp"": 265.21697266570976}, ""2022"": {""n"": 34, ""mean_bp"": -89.08452837716631}, ""2023"": {""n"": 7, ""mean_bp"": 514.8699585988493}, ""2024"": {""n"": 13, ""mean_bp"": 259.9531895571375}, ""2025"": {""n"": 24, ""mean_bp"": 388.7819221656002}, ""2026"": {""n"": 5, ""mean_bp"": 33.93647831651013}}"
eth_long_ret-5_oinone_entry30_exit4h,ETHUSDT,long,-0.05,,30,4,139,43.74939515457685,23.14747857087808,0.5539568345323741,335.42225516406745,1.5377565259853332,100.0,55.44288213327869,True,"{""2021"": {""n"": 56, ""mean_bp"": 57.638262673714046}, ""2022"": {""n"": 34, ""mean_bp"": 65.0305823523873}, ""2023"": {""n"": 7, ""mean_bp"": 104.70397801371655}, ""2024"": {""n"": 13, ""mean_bp"": 108.41247783943942}, ""2025"": {""n"": 24, ""mean_bp"": -57.03051128558971}, ""2026"": {""n"": 5, ""mean_bp"": -26.234874075509385}}"
eth_long_ret-5_oinone_entry30_exit24h,ETHUSDT,long,-0.05,,30,24,139,121.5430977091289,89.27198364008083,0.6258992805755396,740.0879371038676,1.9362185445076623,100.0,123.47832882740379,True,"{""2021"": {""n"": 56, ""mean_bp"": 179.89388991989819}, ""2022"": {""n"": 34, ""mean_bp"": -51.10563407781257}, ""2023"": {""n"": 7, ""mean_bp"": 145.2566795024156}, ""2024"": {""n"": 13, ""mean_bp"": 275.23594969020843}, ""2025"": {""n"": 24, ""mean_bp"": 187.72744666002055}, ""2026"": {""n"": 5, ""mean_bp"": -108.45970352597332}}"
eth_long_ret-5_oinone_entry30_exit72h,ETHUSDT,long,-0.05,,30,72,139,144.34955283953846,137.7974877887207,0.5827338129496403,1090.3082317151625,1.560894506105897,98.0,128.02195264418427,True,"{""2021"": {""n"": 56, ""mean_bp"": 209.4223695516775}, ""2022"": {""n"": 34, ""mean_bp"": -113.37037609570234}, ""2023"": {""n"": 7, ""mean_bp"": 434.8448323746882}, ""2024"": {""n"": 13, ""mean_bp"": 136.9495037591372}, ""2025"": {""n"": 24, ""mean_bp"": 331.92311550942054}, ""2026"": {""n"": 5, ""mean_bp"": -119.77684213238217}}"
eth_long_ret-5_oinone_entry60_exit4h,ETHUSDT,long,-0.05,,60,4,139,24.181583856456943,-8.239863243206123,0.4748201438848921,380.8808837097593,0.7485192385049673,100.0,36.74100531202029,True,"{""2021"": {""n"": 56, ""mean_bp"": 31.25125177988983}, ""2022"": {""n"": 34, ""mean_bp"": 80.22257061049636}, ""2023"": {""n"": 7, ""mean_bp"": 77.02613316177914}, ""2024"": {""n"": 13, ""mean_bp"": 86.02014011710882}, ""2025"": {""n"": 24, ""mean_bp"": -93.52890503870043}, ""2026"": {""n"": 5, ""mean_bp"": -105.8296754218502}}"
eth_long_ret-5_oinone_entry60_exit24h,ETHUSDT,long,-0.05,,60,24,139,85.29346403346385,127.54613149579998,0.5683453237410072,772.7725651587973,1.3012821050887164,99.0,87.25822177415468,True,"{""2021"": {""n"": 56, ""mean_bp"": 124.88211924316465}, ""2022"": {""n"": 34, ""mean_bp"": -51.932087293333495}, ""2023"": {""n"": 7, ""mean_bp"": 74.47326996773438}, ""2024"": {""n"": 13, ""mean_bp"": 188.02560838303742}, ""2025"": {""n"": 24, ""mean_bp"": 167.38017773690635}, ""2026"": {""n"": 5, ""mean_bp"": -70.93725468635735}}"
eth_long_ret-5_oinone_entry60_exit72h,ETHUSDT,long,-0.05,,60,72,139,102.97092915776544,131.11523146844672,0.5611510791366906,1079.6137464351405,1.1244848951361202,93.5,85.03230946201793,False,"{""2021"": {""n"": 56, ""mean_bp"": 139.42850579749805}, ""2022"": {""n"": 34, ""mean_bp"": -108.304158560491}, ""2023"": {""n"": 7, ""mean_bp"": 352.7153893650808}, ""2024"": {""n"": 13, ""mean_bp"": 88.0206244103308}, ""2025"": {""n"": 24, ""mean_bp"": 306.58753388474526}, ""2026"": {""n"": 5, ""mean_bp"": -156.81448735951054}}"
eth_short_ret2_oi-1_entry0_exit4h,ETHUSDT,short,0.02,-0.01,0,4,169,-39.596021171026834,-37.72117158168763,0.39644970414201186,227.82253453222478,-2.259426514941784,0.0,-26.49325160538757,True,"{""2021"": {""n"": 0, ""mean_bp"": null}, ""2022"": {""n"": 0, ""mean_bp"": null}, ""2023"": {""n"": 38, ""mean_bp"": -60.62429326844477}, ""2024"": {""n"": 46, ""mean_bp"": -85.3543698045523}, ""2025"": {""n"": 53, ""mean_bp"": -34.49822780401127}, ""2026"": {""n"": 32, ""mean_bp"": 42.70945784123023}}"
eth_short_ret2_oi-1_entry0_exit24h,ETHUSDT,short,0.02,-0.01,0,24,169,-74.84097662411328,-34.21399694290271,0.46745562130177515,409.6759697415497,-2.3748834883512013,0.0,-62.72517481733561,True,"{""2021"": {""n"": 0, ""mean_bp"": null}, ""2022"": {""n"": 0, ""mean_bp"": null}, ""2023"": {""n"": 38, ""mean_bp"": -69.55065054131036}, ""2024"": {""n"": 46, ""mean_bp"": -159.54300040983483}, ""2025"": {""n"": 53, ""mean_bp"": -103.75373600796839}, ""2026"": {""n"": 32, ""mean_bp"": 88.52267807404306}}"
eth_short_ret2_oi-1_entry0_exit72h,ETHUSDT,short,0.02,-0.01,0,72,169,-106.69819460405148,-51.03769654018085,0.47337278106508873,584.9436010036829,-2.3712996047356296,2.5,-92.61762487086918,True,"{""2021"": {""n"": 0, ""mean_bp"": null}, ""2022"": {""n"": 0, ""mean_bp"": null}, ""2023"": {""n"": 38, ""mean_bp"": -200.69771128483487}, ""2024"": {""n"": 46, ""mean_bp"": -134.25907200600759}, ""2025"": {""n"": 53, ""mean_bp"": -205.31414302720276}, ""2026"": {""n"": 32, ""mean_bp"": 207.8776572955351}}"
eth_short_ret2_oi-1_entry30_exit4h,ETHUSDT,short,0.02,-0.01,30,4,169,-27.89969921970011,-22.18592907829374,0.4260355029585799,200.62807440841055,-1.8078032744199872,9.0,-13.682923191629047,False,"{""2021"": {""n"": 0, ""mean_bp"": null}, ""2022"": {""n"": 0, ""mean_bp"": null}, ""2023"": {""n"": 38, ""mean_bp"": -32.967124038667876}, ""2024"": {""n"": 46, ""mean_bp"": -42.10889690090103}, ""2025"": {""n"": 53, ""mean_bp"": -48.057931563945964}, ""2026"": {""n"": 32, ""mean_bp"": 31.930661739707617}}"
eth_short_ret2_oi-1_entry30_exit24h,ETHUSDT,short,0.02,-0.01,30,24,169,-63.949883708687494,-27.11316413227903,0.46153846153846156,399.0529979691529,-2.0833034520322067,3.0,-51.98572013377273,True,"{""2021"": {""n"": 0, ""mean_bp"": null}, ""2022"": {""n"": 0, ""mean_bp"": null}, ""2023"": {""n"": 38, ""mean_bp"": -51.454045406414494}, ""2024"": {""n"": 46, ""mean_bp"": -124.63112542117123}, ""2025"": {""n"": 53, ""mean_bp"": -107.61391062540174}, ""2026"": {""n"": 32, ""mean_bp"": 80.7591378498666}}"
eth_short_ret2_oi-1_entry30_exit72h,ETHUSDT,short,0.02,-0.01,30,72,169,-99.05997643631021,-31.065834911440536,0.46745562130177515,583.3075138335977,-2.2077200501130565,2.0,-91.16448978725819,True,"{""2021"": {""n"": 0, ""mean_bp"": null}, ""2022"": {""n"": 0, ""mean_bp"": null}, ""2023"": {""n"": 38, ""mean_bp"": -187.18509821178995}, ""2024"": {""n"": 46, ""mean_bp"": -112.6921262920908}, ""2025"": {""n"": 53, ""mean_bp"": -203.99762706011583}, ""2026"": {""n"": 32, ""mean_bp"": 198.98780493543455}}"
eth_short_ret2_oi-1_entry60_exit4h,ETHUSDT,short,0.02,-0.01,60,4,169,-31.774542367719626,-11.735858050216251,0.46153846153846156,204.18142233066618,-2.023049139658755,2.0,-18.738971930146974,True,"{""2021"": {""n"": 0, ""mean_bp"": null}, ""2022"": {""n"": 0, ""mean_bp"": null}, ""2023"": {""n"": 38, ""mean_bp"": -39.21485786799264}, ""2024"": {""n"": 46, ""mean_bp"": -47.732862258931846}, ""2025"": {""n"": 53, ""mean_bp"": -50.68227763554905}, ""2026"": {""n"": 32, ""mean_bp"": 31.316853669814662}}"
eth_short_ret2_oi-1_entry60_exit24h,ETHUSDT,short,0.02,-0.01,60,24,169,-55.81171209414439,-54.41267287798522,0.4378698224852071,404.04684219040104,-1.7957132229781698,5.0,-44.30248730969649,True,"{""2021"": {""n"": 0, ""mean_bp"": null}, ""2022"": {""n"": 0, ""mean_bp"": null}, ""2023"": {""n"": 38, ""mean_bp"": -51.72813596788623}, ""2024"": {""n"": 46, ""mean_bp"": -104.23735723501663}, ""2025"": {""n"": 53, ""mean_bp"": -100.29228433306184}, ""2026"": {""n"": 32, ""mean_bp"": 82.62185391663493}}"
eth_short_ret2_oi-1_entry60_exit72h,ETHUSDT,short,0.02,-0.01,60,72,169,-93.20630092419952,-21.589196778385876,0.47928994082840237,580.8548846563797,-2.08603206071237,2.5,-87.36156069331113,True,"{""2021"": {""n"": 0, ""mean_bp"": null}, ""2022"": {""n"": 0, ""mean_bp"": null}, ""2023"": {""n"": 38, ""mean_bp"": -181.34178804693605}, ""2024"": {""n"": 46, ""mean_bp"": -102.82070132387545}, ""2025"": {""n"": 53, ""mean_bp"": -188.25811531494466}, ""2026"": {""n"": 32, ""mean_bp"": 182.70485819325572}}"
eth_short_ret2_oi-2_entry0_exit4h,ETHUSDT,short,0.02,-0.02,0,4,89,-52.75163610898092,-44.89632461486191,0.34831460674157305,200.4248484893285,-2.4830151724612093,0.0,-39.17576031382821,True,"{""2021"": {""n"": 0, ""mean_bp"": null}, ""2022"": {""n"": 0, ""mean_bp"": null}, ""2023"": {""n"": 29, ""mean_bp"": -87.98388919911518}, ""2024"": {""n"": 23, ""mean_bp"": -44.314629566519535}, ""2025"": {""n"": 24, ""mean_bp"": -42.46253487076932}, ""2026"": {""n"": 13, ""mean_bp"": -8.078885384349856}}"
eth_short_ret2_oi-2_entry0_exit24h,ETHUSDT,short,0.02,-0.02,0,24,89,-102.6567363749903,-55.590752026136045,0.42696629213483145,449.604301010673,-2.154031248951903,0.5,-92.64699745534394,True,"{""2021"": {""n"": 0, ""mean_bp"": null}, ""2022"": {""n"": 0, ""mean_bp"": null}, ""2023"": {""n"": 29, ""mean_bp"": -57.99117907686031}, ""2024"": {""n"": 23, ""mean_bp"": -137.27249187560204}, ""2025"": {""n"": 24, ""mean_bp"": -164.33617542408015}, ""2026"": {""n"": 13, ""mean_bp"": -27.182293909878357}}"
eth_short_ret2_oi-2_entry0_exit72h,ETHUSDT,short,0.02,-0.02,0,72,89,-124.25858770743989,-94.5333999488489,0.449438202247191,577.083820513575,-2.0313395216742403,2.0,-116.74957063979649,True,"{""2021"": {""n"": 0, ""mean_bp"": null}, ""2022"": {""n"": 0, ""mean_bp"": null}, ""2023"": {""n"": 29, ""mean_bp"": -104.14138167789125}, ""2024"": {""n"": 23, ""mean_bp"": -123.82202034371177}, ""2025"": {""n"": 24, ""mean_bp"": -275.286030190994}, ""2026"": {""n"": 13, ""mean_bp"": 108.91207347584017}}"
eth_short_ret2_oi-2_entry30_exit4h,ETHUSDT,short,0.02,-0.02,30,4,89,-45.93909981620432,-25.29319339593593,0.39325842696629215,168.734194970981,-2.5684693073876987,0.0,-33.2598177887623,True,"{""2021"": {""n"": 0, ""mean_bp"": null}, ""2022"": {""n"": 0, ""mean_bp"": null}, ""2023"": {""n"": 29, ""mean_bp"": -71.50026710096657}, ""2024"": {""n"": 23, ""mean_bp"": -26.490631092595066}, ""2025"": {""n"": 24, ""mean_bp"": -50.594318220372394}, ""2026"": {""n"": 13, ""mean_bp"": -14.732614253502293}}"
eth_short_ret2_oi-2_entry30_exit24h,ETHUSDT,short,0.02,-0.02,30,24,89,-81.63093551309679,-63.54407294832763,0.4157303370786517,453.2227288867402,-1.6991749449863371,3.5000000000000004,-67.50198662246808,True,"{""2021"": {""n"": 0, ""mean_bp"": null}, ""2022"": {""n"": 0, ""mean_bp"": null}, ""2023"": {""n"": 29, ""mean_bp"": -56.72060034029769}, ""2024"": {""n"": 23, ""mean_bp"": -112.39074922422647}, ""2025"": {""n"": 24, ""mean_bp"": -131.7939242727423}, ""2026"": {""n"": 13, ""mean_bp"": 9.829658762003415}}"
eth_short_ret2_oi-2_entry30_exit72h,ETHUSDT,short,0.02,-0.02,30,72,89,-121.32461911861468,-32.69358315016778,0.47191011235955055,576.0916936871783,-1.986791651678415,1.5,-112.2942792352628,True,"{""2021"": {""n"": 0, ""mean_bp"": null}, ""2022"": {""n"": 0, ""mean_bp"": null}, ""2023"": {""n"": 29, ""mean_bp"": -98.16359775598193}, ""2024"": {""n"": 23, ""mean_bp"": -137.96210233447988}, ""2025"": {""n"": 24, ""mean_bp"": -263.78180893267654}, ""2026"": {""n"": 13, ""mean_bp"": 119.44192318800339}}"
eth_short_ret2_oi-2_entry60_exit4h,ETHUSDT,short,0.02,-0.02,60,4,89,-59.84233370476289,-53.30461073318181,0.3707865168539326,171.77669958621348,-3.2865426360437424,0.0,-46.00857567816546,True,"{""2021"": {""n"": 0, ""mean_bp"": null}, ""2022"": {""n"": 0, ""mean_bp"": null}, ""2023"": {""n"": 29, ""mean_bp"": -65.58073620366669}, ""2024"": {""n"": 23, ""mean_bp"": -48.602311616877486}, ""2025"": {""n"": 24, ""mean_bp"": -72.06774259400937}, ""2026"": {""n"": 13, ""mean_bp"": -44.357489259473624}}"
eth_short_ret2_oi-2_entry60_exit24h,ETHUSDT,short,0.02,-0.02,60,24,89,-83.28184087078824,-57.6393612591246,0.4157303370786517,461.88439733316625,-1.7010302143876725,1.5,-68.84602984268905,True,"{""2021"": {""n"": 0, ""mean_bp"": null}, ""2022"": {""n"": 0, ""mean_bp"": null}, ""2023"": {""n"": 29, ""mean_bp"": -56.59380568734847}, ""2024"": {""n"": 23, ""mean_bp"": -74.2181859980649}, ""2025"": {""n"": 24, ""mean_bp"": -177.43594438790527}, ""2026"": {""n"": 13, ""mean_bp"": 14.97057466909004}}"
eth_short_ret2_oi-2_entry60_exit72h,ETHUSDT,short,0.02,-0.02,60,72,89,-130.11568729230686,-67.46743708210755,0.43820224719101125,574.6678027572793,-2.1360322137599543,1.0,-120.6497439575032,True,"{""2021"": {""n"": 0, ""mean_bp"": null}, ""2022"": {""n"": 0, ""mean_bp"": null}, ""2023"": {""n"": 29, ""mean_bp"": -86.91112561835433}, ""2024"": {""n"": 23, ""mean_bp"": -118.71953881461039}, ""2025"": {""n"": 24, ""mean_bp"": -305.3736856290856}, ""2026"": {""n"": 13, ""mean_bp"": 76.89571705777372}}"
eth_short_ret2_oinone_entry0_exit4h,ETHUSDT,short,0.02,,0,4,1145,-21.07477390656949,-17.87721631377569,0.4524017467248908,235.11980401495012,-3.0330282571418508,5.5,-7.769054784922341,False,"{""2021"": {""n"": 375, ""mean_bp"": -35.93000681168379}, ""2022"": {""n"": 241, ""mean_bp"": -13.169195071811117}, ""2023"": {""n"": 88, ""mean_bp"": -13.980754347217733}, ""2024"": {""n"": 158, ""mean_bp"": -15.700282246477192}, ""2025"": {""n"": 193, ""mean_bp"": -17.789688615863167}, ""2026"": {""n"": 90, ""mean_bp"": -3.7636297330447066}}"
eth_short_ret2_oinone_entry0_exit24h,ETHUSDT,short,0.02,,0,24,1145,-25.57524495718491,-34.12324282688161,0.46899563318777293,513.8526623974886,-1.6841622723795138,9.5,-15.196343809145334,False,"{""2021"": {""n"": 375, ""mean_bp"": -62.89163866027211}, ""2022"": {""n"": 241, ""mean_bp"": -3.186419063395941}, ""2023"": {""n"": 88, ""mean_bp"": -18.233915577886076}, ""2024"": {""n"": 158, ""mean_bp"": -55.37616167766007}, ""2025"": {""n"": 193, ""mean_bp"": 13.08878485544116}, ""2026"": {""n"": 90, ""mean_bp"": 32.183540608087334}}"
eth_short_ret2_oinone_entry0_exit72h,ETHUSDT,short,0.02,,0,72,1145,-37.30862417070663,-84.0642131848117,0.4585152838427948,823.4562765285135,-1.5331033514681092,4.0,-33.04094298199609,True,"{""2021"": {""n"": 375, ""mean_bp"": -138.42787464614094}, ""2022"": {""n"": 241, ""mean_bp"": 69.97672608921712}, ""2023"": {""n"": 88, ""mean_bp"": -91.49618791417082}, ""2024"": {""n"": 158, ""mean_bp"": -73.68368135346903}, ""2025"": {""n"": 193, ""mean_bp"": 6.800357065788107}, ""2026"": {""n"": 90, ""mean_bp"": 118.98782895489387}}"
eth_short_ret2_oinone_entry30_exit4h,ETHUSDT,short,0.02,,30,4,1145,-15.880272871055217,-15.019264091327576,0.4558951965065502,225.4182773496735,-2.3838096713079664,24.0,-2.792520739840308,False,"{""2021"": {""n"": 375, ""mean_bp"": -8.020316351706166}, ""2022"": {""n"": 241, ""mean_bp"": -13.381965934369246}, ""2023"": {""n"": 88, ""mean_bp"": -20.29740334489426}, ""2024"": {""n"": 158, ""mean_bp"": -33.786582901573894}, ""2025"": {""n"": 193, ""mean_bp"": -22.709107870677393}, ""2026"": {""n"": 90, ""mean_bp"": -4.921451149392444}}"
eth_short_ret2_oinone_entry30_exit24h,ETHUSDT,short,0.02,,30,24,1145,-20.574414859424447,-36.50250553107791,0.46899563318777293,495.2754165848078,-1.4056702844106372,19.5,-11.31207955817657,False,"{""2021"": {""n"": 375, ""mean_bp"": -44.36029647670836}, ""2022"": {""n"": 241, ""mean_bp"": 2.639542298403602}, ""2023"": {""n"": 88, ""mean_bp"": -21.743694580682156}, ""2024"": {""n"": 158, ""mean_bp"": -67.5431074663284}, ""2025"": {""n"": 193, ""mean_bp"": 16.70208895062706}, ""2026"": {""n"": 90, ""mean_bp"": 20.033660067980808}}"
eth_short_ret2_oinone_entry30_exit72h,ETHUSDT,short,0.02,,30,72,1145,-34.65848416777911,-59.05096675026299,0.46200873362445416,810.9153587422155,-1.4462280537901488,4.0,-30.311476013130502,True,"{""2021"": {""n"": 375, ""mean_bp"": -127.06202131711485}, ""2022"": {""n"": 241, ""mean_bp"": 68.8073336833929}, ""2023"": {""n"": 88, ""mean_bp"": -101.52738486211378}, ""2024"": {""n"": 158, ""mean_bp"": -78.21010884286201}, ""2025"": {""n"": 193, ""mean_bp"": 12.694277220957765}, ""2026"": {""n"": 90, ""mean_bp"": 113.59264183896319}}"
eth_short_ret2_oinone_entry60_exit4h,ETHUSDT,short,0.02,,60,4,1145,-17.070571760603087,-20.509508532105414,0.4393013100436681,223.07050803789514,-2.589456707509819,24.0,-2.8121015459958922,False,"{""2021"": {""n"": 375, ""mean_bp"": -9.317931889358988}, ""2022"": {""n"": 241, ""mean_bp"": -2.164576371227968}, ""2023"": {""n"": 88, ""mean_bp"": -22.578197534601216}, ""2024"": {""n"": 158, ""mean_bp"": -39.418999645456665}, ""2025"": {""n"": 193, ""mean_bp"": -30.338872218476027}, ""2026"": {""n"": 90, ""mean_bp"": -16.215907074689326}}"
eth_short_ret2_oinone_entry60_exit24h,ETHUSDT,short,0.02,,60,24,1145,-19.32497426906255,-46.993549022504176,0.4637554585152838,498.85055819670964,-1.3108445873762926,24.0,-9.523313836637312,False,"{""2021"": {""n"": 375, ""mean_bp"": -37.616522757418366}, ""2022"": {""n"": 241, ""mean_bp"": 14.657756909519343}, ""2023"": {""n"": 88, ""mean_bp"": -15.485697899322247}, ""2024"": {""n"": 158, ""mean_bp"": -69.12922047899752}, ""2025"": {""n"": 193, ""mean_bp"": -1.65508921174978}, ""2026"": {""n"": 90, ""mean_bp"": 11.679683882786422}}"
eth_short_ret2_oinone_entry60_exit72h,ETHUSDT,short,0.02,,60,72,1145,-35.471403464052884,-64.71999284479212,0.45676855895196505,803.6025825102458,-1.493618869926702,3.5000000000000004,-35.18553163093718,True,"{""2021"": {""n"": 375, ""mean_bp"": -123.89846826648669}, ""2022"": {""n"": 241, ""mean_bp"": 79.9722266115483}, ""2023"": {""n"": 88, ""mean_bp"": -101.37011631823002}, ""2024"": {""n"": 158, ""mean_bp"": -85.3372550587825}, ""2025"": {""n"": 193, ""mean_bp"": -1.5466506258486978}, ""2026"": {""n"": 90, ""mean_bp"": 103.06913473655023}}"
eth_short_ret3_oi-1_entry0_exit4h,ETHUSDT,short,0.03,-0.01,0,4,78,-64.76941226750814,-32.78451333832798,0.38461538461538464,207.3592850942682,-2.7586320059850804,0.0,-50.2158433703146,True,"{""2021"": {""n"": 0, ""mean_bp"": null}, ""2022"": {""n"": 0, ""mean_bp"": null}, ""2023"": {""n"": 17, ""mean_bp"": -121.6133637384979}, ""2024"": {""n"": 22, ""mean_bp"": -58.891078885039136}, ""2025"": {""n"": 26, ""mean_bp"": -69.67858870591776}, ""2026"": {""n"": 13, ""mean_bp"": 9.4353898856578}}"
eth_short_ret3_oi-1_entry0_exit24h,ETHUSDT,short,0.03,-0.01,0,24,78,-73.17514310029053,-73.36507647628764,0.4230769230769231,471.25640446489456,-1.3713667529991702,4.5,-61.460039945845935,True,"{""2021"": {""n"": 0, ""mean_bp"": null}, ""2022"": {""n"": 0, ""mean_bp"": null}, ""2023"": {""n"": 17, ""mean_bp"": -94.4912619400702}, ""2024"": {""n"": 22, ""mean_bp"": -187.00869520356443}, ""2025"": {""n"": 26, ""mean_bp"": -10.726127148018746}, ""2026"": {""n"": 13, ""mean_bp"": 22.44314549887972}}"
eth_short_ret3_oi-1_entry0_exit72h,ETHUSDT,short,0.03,-0.01,0,72,78,-83.90144134956782,-127.88129313816219,0.41025641025641024,590.9981500865318,-1.253806744117761,11.0,-78.58555406751546,False,"{""2021"": {""n"": 0, ""mean_bp"": null}, ""2022"": {""n"": 0, ""mean_bp"": null}, ""2023"": {""n"": 17, ""mean_bp"": -138.44612010575253}, ""2024"": {""n"": 22, ""mean_bp"": -134.7069187915905}, ""2025"": {""n"": 26, ""mean_bp"": -208.51192942656633}, ""2026"": {""n"": 13, ""mean_bp"": 322.62569192594003}}"
eth_short_ret3_oi-1_entry30_exit4h,ETHUSDT,short,0.03,-0.01,30,4,78,-47.103603251415414,-30.227535066226096,0.41025641025641024,182.83648898252596,-2.2752994337943258,1.0,-33.08900891756433,True,"{""2021"": {""n"": 0, ""mean_bp"": null}, ""2022"": {""n"": 0, ""mean_bp"": null}, ""2023"": {""n"": 17, ""mean_bp"": -40.33898196822477}, ""2024"": {""n"": 22, ""mean_bp"": -18.489912890172143}, ""2025"": {""n"": 26, ""mean_bp"": -88.58824336086637}, ""2026"": {""n"": 13, ""mean_bp"": -21.403534552636014}}"
eth_short_ret3_oi-1_entry30_exit24h,ETHUSDT,short,0.03,-0.01,30,24,78,-51.48689323867295,-35.99806680610649,0.46153846153846156,475.7485685434841,-0.955798837663869,18.0,-35.54051724932733,False,"{""2021"": {""n"": 0, ""mean_bp"": null}, ""2022"": {""n"": 0, ""mean_bp"": null}, ""2023"": {""n"": 17, ""mean_bp"": -36.180816144546405}, ""2024"": {""n"": 22, ""mean_bp"": -159.58410735607185}, ""2025"": {""n"": 26, ""mean_bp"": -7.174257696114759}, ""2026"": {""n"": 13, ""mean_bp"": 22.805943367181733}}"
eth_short_ret3_oi-1_entry30_exit72h,ETHUSDT,short,0.03,-0.01,30,72,78,-78.8959353464039,-63.08717749447122,0.4230769230769231,586.1071492386295,-1.1888441135888768,10.5,-79.01001461790594,False,"{""2021"": {""n"": 0, ""mean_bp"": null}, ""2022"": {""n"": 0, ""mean_bp"": null}, ""2023"": {""n"": 17, ""mean_bp"": -70.28902062418591}, ""2024"": {""n"": 22, ""mean_bp"": -136.44164121810942}, ""2025"": {""n"": 26, ""mean_bp"": -233.29547388062122}, ""2026"": {""n"": 13, ""mean_bp"": 316.0329862527857}}"
eth_short_ret3_oi-1_entry60_exit4h,ETHUSDT,short,0.03,-0.01,60,4,78,-42.862758392140904,-37.32651700954314,0.4230769230769231,191.44975672815042,-1.9773001473598308,4.0,-28.533154686054456,True,"{""2021"": {""n"": 0, ""mean_bp"": null}, ""2022"": {""n"": 0, ""mean_bp"": null}, ""2023"": {""n"": 17, ""mean_bp"": -58.737011903712244}, ""2024"": {""n"": 22, ""mean_bp"": -26.490491767607853}, ""2025"": {""n"": 26, ""mean_bp"": -63.525865792066845}, ""2026"": {""n"": 13, ""mean_bp"": -8.484817134059366}}"
eth_short_ret3_oi-1_entry60_exit24h,ETHUSDT,short,0.03,-0.01,60,24,78,-28.181072369500978,-65.51885516467169,0.44871794871794873,481.4995947847748,-0.516902807021805,33.0,-16.734776848889723,False,"{""2021"": {""n"": 0, ""mean_bp"": null}, ""2022"": {""n"": 0, ""mean_bp"": null}, ""2023"": {""n"": 17, ""mean_bp"": -40.51692634043214}, ""2024"": {""n"": 22, ""mean_bp"": -121.23472404875993}, ""2025"": {""n"": 26, ""mean_bp"": 7.0329418980605585}, ""2026"": {""n"": 13, ""mean_bp"": 74.99781097610871}}"
eth_short_ret3_oi-1_entry60_exit72h,ETHUSDT,short,0.03,-0.01,60,72,78,-67.79529096218432,-53.7479485426766,0.44871794871794873,554.9642256036136,-1.0789016120631736,18.5,-61.50592192540997,False,"{""2021"": {""n"": 0, ""mean_bp"": null}, ""2022"": {""n"": 0, ""mean_bp"": null}, ""2023"": {""n"": 17, ""mean_bp"": -72.85877617975916}, ""2024"": {""n"": 22, ""mean_bp"": -116.03252413120714}, ""2025"": {""n"": 26, ""mean_bp"": -219.00185458792728}, ""2026"": {""n"": 13, ""mean_bp"": 322.87155770601487}}"
eth_short_ret3_oi-2_entry0_exit4h,ETHUSDT,short,0.03,-0.02,0,4,52,-80.20595354907528,-57.567566965336255,0.3076923076923077,180.070373706751,-3.2119295602687132,0.0,-66.93450210020957,True,"{""2021"": {""n"": 0, ""mean_bp"": null}, ""2022"": {""n"": 0, ""mean_bp"": null}, ""2023"": {""n"": 13, ""mean_bp"": -150.56679749047726}, ""2024"": {""n"": 13, ""mean_bp"": -41.24301313109105}, ""2025"": {""n"": 17, ""mean_bp"": -94.72304303617}, ""2026"": {""n"": 9, ""mean_bp"": -7.432257206292925}}"
eth_short_ret3_oi-2_entry0_exit24h,ETHUSDT,short,0.03,-0.02,0,24,52,-104.19304349336184,-109.72181758184584,0.34615384615384615,503.0697214248335,-1.4935240379721288,1.0,-92.36771379700826,True,"{""2021"": {""n"": 0, ""mean_bp"": null}, ""2022"": {""n"": 0, ""mean_bp"": null}, ""2023"": {""n"": 13, ""mean_bp"": -110.76236718459836}, ""2024"": {""n"": 13, ""mean_bp"": -154.14463935842673}, ""2025"": {""n"": 17, ""mean_bp"": -94.1487663806216}, ""2026"": {""n"": 9, ""mean_bp"": -41.52423868054709}}"
eth_short_ret3_oi-2_entry0_exit72h,ETHUSDT,short,0.03,-0.02,0,72,52,-65.50158063933122,-120.60991936718932,0.40384615384615385,606.4194805472775,-0.7788974965181247,24.5,-58.7885218335445,False,"{""2021"": {""n"": 0, ""mean_bp"": null}, ""2022"": {""n"": 0, ""mean_bp"": null}, ""2023"": {""n"": 13, ""mean_bp"": -184.43974860541687}, ""2024"": {""n"": 13, ""mean_bp"": -106.37742968845336}, ""2025"": {""n"": 17, ""mean_bp"": -110.51604414217658}, ""2026"": {""n"": 9, ""mean_bp"": 250.36820833245463}}"
eth_short_ret3_oi-2_entry30_exit4h,ETHUSDT,short,0.03,-0.02,30,4,52,-60.04674069212625,-56.08368647567351,0.3269230769230769,174.57525710664885,-2.480324028481188,0.5,-44.080278900252225,True,"{""2021"": {""n"": 0, ""mean_bp"": null}, ""2022"": {""n"": 0, ""mean_bp"": null}, ""2023"": {""n"": 13, ""mean_bp"": -65.6248621289761}, ""2024"": {""n"": 13, ""mean_bp"": -17.976893501999545}, ""2025"": {""n"": 17, ""mean_bp"": -98.93412898921098}, ""2026"": {""n"": 9, ""mean_bp"": -39.30305555236601}}"
eth_short_ret3_oi-2_entry30_exit24h,ETHUSDT,short,0.03,-0.02,30,24,52,-61.021119677374536,-74.93383218463866,0.46153846153846156,521.5334284722841,-0.8437226220665576,13.0,-48.313186662435854,False,"{""2021"": {""n"": 0, ""mean_bp"": null}, ""2022"": {""n"": 0, ""mean_bp"": null}, ""2023"": {""n"": 13, ""mean_bp"": -50.31176166670574}, ""2024"": {""n"": 13, ""mean_bp"": -126.47843740500622}, ""2025"": {""n"": 17, ""mean_bp"": -38.117277276843936}, ""2026"": {""n"": 9, ""mean_bp"": -25.203546842763767}}"
eth_short_ret3_oi-2_entry30_exit72h,ETHUSDT,short,0.03,-0.02,30,72,52,-50.03375782798462,-32.56146189063268,0.4807692307692308,605.7959912810055,-0.5955776596391045,35.0,-34.100683106488404,False,"{""2021"": {""n"": 0, ""mean_bp"": null}, ""2022"": {""n"": 0, ""mean_bp"": null}, ""2023"": {""n"": 13, ""mean_bp"": -106.44742176794317}, ""2024"": {""n"": 13, ""mean_bp"": -135.12374025745123}, ""2025"": {""n"": 17, ""mean_bp"": -101.8602985221565}, ""2026"": {""n"": 9, ""mean_bp"": 252.25497490573193}}"
eth_short_ret3_oi-2_entry60_exit4h,ETHUSDT,short,0.03,-0.02,60,4,52,-71.7194099758914,-61.80024801051608,0.34615384615384615,196.74705901864317,-2.628634058408944,0.0,-59.67230334311602,True,"{""2021"": {""n"": 0, ""mean_bp"": null}, ""2022"": {""n"": 0, ""mean_bp"": null}, ""2023"": {""n"": 13, ""mean_bp"": -74.25254075793812}, ""2024"": {""n"": 13, ""mean_bp"": -38.67639585480063}, ""2025"": {""n"": 17, ""mean_bp"": -95.71540804949673}, ""2026"": {""n"": 9, ""mean_bp"": -70.46346732658934}}"
eth_short_ret3_oi-2_entry60_exit24h,ETHUSDT,short,0.03,-0.02,60,24,52,-44.149592953823756,-80.25397491668461,0.46153846153846156,529.8810493507895,-0.600827757025495,20.5,-34.291390919755244,False,"{""2021"": {""n"": 0, ""mean_bp"": null}, ""2022"": {""n"": 0, ""mean_bp"": null}, ""2023"": {""n"": 13, ""mean_bp"": -36.616680780216896}, ""2024"": {""n"": 13, ""mean_bp"": -67.60289949778135}, ""2025"": {""n"": 17, ""mean_bp"": -65.5225168387198}, ""2026"": {""n"": 9, ""mean_bp"": 19.21761069704199}}"
eth_short_ret3_oi-2_entry60_exit72h,ETHUSDT,short,0.03,-0.02,60,72,52,-64.35939039885409,-56.451483888705226,0.46153846153846156,585.8399163967562,-0.7921996287583727,23.5,-56.147581488244704,False,"{""2021"": {""n"": 0, ""mean_bp"": null}, ""2022"": {""n"": 0, ""mean_bp"": null}, ""2023"": {""n"": 13, ""mean_bp"": -102.33219743311435}, ""2024"": {""n"": 13, ""mean_bp"": -113.14040283173759}, ""2025"": {""n"": 17, ""mean_bp"": -135.23272281049515}, ""2026"": {""n"": 9, ""mean_bp"": 194.82353227567546}}"
eth_short_ret3_oinone_entry0_exit4h,ETHUSDT,short,0.03,,0,4,511,-40.47283046259826,-38.68099018850478,0.4227005870841487,272.6308086263628,-3.355823385516697,0.0,-27.2870244333006,True,"{""2021"": {""n"": 204, ""mean_bp"": -50.59317852186887}, ""2022"": {""n"": 109, ""mean_bp"": 1.0530911331162893}, ""2023"": {""n"": 31, ""mean_bp"": -70.35178833612177}, ""2024"": {""n"": 57, ""mean_bp"": -81.2578694224911}, ""2025"": {""n"": 71, ""mean_bp"": -63.82022626166971}, ""2026"": {""n"": 39, ""mean_bp"": 22.267825093440578}}"
eth_short_ret3_oinone_entry0_exit24h,ETHUSDT,short,0.03,,0,24,511,-80.76257765684439,-97.82071920782886,0.436399217221135,594.5958404221905,-3.0704268486488395,0.0,-69.92530230375033,True,"{""2021"": {""n"": 204, ""mean_bp"": -130.13223258455415}, ""2022"": {""n"": 109, ""mean_bp"": -10.83346815728531}, ""2023"": {""n"": 31, ""mean_bp"": -87.10155631666795}, ""2024"": {""n"": 57, ""mean_bp"": -131.00054353177805}, ""2025"": {""n"": 71, ""mean_bp"": -80.84811282889895}, ""2026"": {""n"": 39, ""mean_bp"": 60.65491106988587}}"
eth_short_ret3_oinone_entry0_exit72h,ETHUSDT,short,0.03,,0,72,511,-97.22684028736268,-140.579951843252,0.4207436399217221,899.8960109593036,-2.4423297267763475,0.0,-95.62991126600664,True,"{""2021"": {""n"": 204, ""mean_bp"": -178.4107996711303}, ""2022"": {""n"": 109, ""mean_bp"": 30.239712831762308}, ""2023"": {""n"": 31, ""mean_bp"": -115.25594056227584}, ""2024"": {""n"": 57, ""mean_bp"": -168.76387267748544}, ""2025"": {""n"": 71, ""mean_bp"": -147.98753457868548}, ""2026"": {""n"": 39, ""mean_bp"": 182.47048468051395}}"
eth_short_ret3_oinone_entry30_exit4h,ETHUSDT,short,0.03,,30,4,511,-31.469140281980035,-24.60606060605984,0.436399217221135,289.72390100230405,-2.4553364119007797,0.0,-17.762737550729476,True,"{""2021"": {""n"": 204, ""mean_bp"": -41.62873374081109}, ""2022"": {""n"": 109, ""mean_bp"": 18.903635424142713}, ""2023"": {""n"": 31, ""mean_bp"": -35.623356376645376}, ""2024"": {""n"": 57, ""mean_bp"": -63.943477228737514}, ""2025"": {""n"": 71, ""mean_bp"": -81.22450811555305}, ""2026"": {""n"": 39, ""mean_bp"": 22.232745223600638}}"
eth_short_ret3_oinone_entry30_exit24h,ETHUSDT,short,0.03,,30,24,511,-73.07028839147566,-76.64411688321925,0.4324853228962818,601.8228354498036,-2.7446224347376966,0.0,-62.413130271011546,True,"{""2021"": {""n"": 204, ""mean_bp"": -115.24755087966085}, ""2022"": {""n"": 109, ""mean_bp"": -7.206290404623451}, ""2023"": {""n"": 31, ""mean_bp"": -60.789288829552135}, ""2024"": {""n"": 57, ""mean_bp"": -125.56569175072366}, ""2025"": {""n"": 71, ""mean_bp"": -83.340680560672}, ""2026"": {""n"": 39, ""mean_bp"": 49.1274197134818}}"
eth_short_ret3_oinone_entry30_exit72h,ETHUSDT,short,0.03,,30,72,511,-84.81040731699385,-134.54037916106708,0.43052837573385516,903.0171031784566,-2.1230666246244354,0.0,-82.84619818033497,True,"{""2021"": {""n"": 204, ""mean_bp"": -156.80784948626112}, ""2022"": {""n"": 109, ""mean_bp"": 38.61414840687864}, ""2023"": {""n"": 31, ""mean_bp"": -85.85974820810834}, ""2024"": {""n"": 57, ""mean_bp"": -165.97706335160882}, ""2025"": {""n"": 71, ""mean_bp"": -149.95015221319167}, ""2026"": {""n"": 39, ""mean_bp"": 184.88581006393127}}"
eth_short_ret3_oinone_entry60_exit4h,ETHUSDT,short,0.03,,60,4,511,-22.177996237433835,-23.533847344737055,0.4324853228962818,280.47728044413077,-1.7874547971016752,15.5,-7.778009684256212,False,"{""2021"": {""n"": 204, ""mean_bp"": -34.24304742760554}, ""2022"": {""n"": 109, ""mean_bp"": 49.27061673255573}, ""2023"": {""n"": 31, ""mean_bp"": -43.640938951219226}, ""2024"": {""n"": 57, ""mean_bp"": -68.7000731814862}, ""2025"": {""n"": 71, ""mean_bp"": -70.58995834154666}, ""2026"": {""n"": 39, ""mean_bp"": 14.430479362476632}}"
eth_short_ret3_oinone_entry60_exit24h,ETHUSDT,short,0.03,,60,24,511,-68.06625284157141,-89.13913926521786,0.42661448140900193,591.0665697582252,-2.603190172191228,0.0,-58.09399445708183,True,"{""2021"": {""n"": 204, ""mean_bp"": -119.31778028467878}, ""2022"": {""n"": 109, ""mean_bp"": -2.0136716725351396}, ""2023"": {""n"": 31, ""mean_bp"": -57.00131781040209}, ""2024"": {""n"": 57, ""mean_bp"": -104.83165450443326}, ""2025"": {""n"": 71, ""mean_bp"": -64.92397759321244}, ""2026"": {""n"": 39, ""mean_bp"": 54.62845529053975}}"
eth_short_ret3_oinone_entry60_exit72h,ETHUSDT,short,0.03,,60,72,511,-77.36765602259698,-100.26943822351296,0.4461839530332681,874.2818962850329,-2.0004071764600955,0.5,-73.70726918796024,True,"{""2021"": {""n"": 204, ""mean_bp"": -157.49441856570246}, ""2022"": {""n"": 109, ""mean_bp"": 55.106533473492696}, ""2023"": {""n"": 31, ""mean_bp"": -70.08747809927915}, ""2024"": {""n"": 57, ""mean_bp"": -149.01526970695338}, ""2025"": {""n"": 71, ""mean_bp"": -124.6813716236671}, ""2026"": {""n"": 39, ""mean_bp"": 156.57273309999763}}"
eth_short_ret5_oi-1_entry0_exit4h,ETHUSDT,short,0.05,-0.01,0,4,18,-123.59305128287264,-76.72185746149405,0.3333333333333333,271.83259536879274,-1.9289846653840028,0.0,-110.50131474167142,True,"{""2021"": {""n"": 0, ""mean_bp"": null}, ""2022"": {""n"": 0, ""mean_bp"": null}, ""2023"": {""n"": 4, ""mean_bp"": -48.945962804406605}, ""2024"": {""n"": 3, ""mean_bp"": -332.26284523684967}, ""2025"": {""n"": 8, ""mean_bp"": -129.7926255011153}, ""2026"": {""n"": 3, ""mean_bp"": 2.0794892817968837}}"
eth_short_ret5_oi-1_entry0_exit24h,ETHUSDT,short,0.05,-0.01,0,24,18,-79.7794258912125,47.11314734426054,0.5,539.2592696741549,-0.6276673528219519,17.0,-77.121939750697,False,"{""2021"": {""n"": 0, ""mean_bp"": null}, ""2022"": {""n"": 0, ""mean_bp"": null}, ""2023"": {""n"": 4, ""mean_bp"": 103.46113141173159}, ""2024"": {""n"": 3, ""mean_bp"": -679.1294667451521}, ""2025"": {""n"": 8, ""mean_bp"": -1.746482897383288}, ""2026"": {""n"": 3, ""mean_bp"": 67.16202390859048}}"
eth_short_ret5_oi-1_entry0_exit72h,ETHUSDT,short,0.05,-0.01,0,72,18,-61.610112181432214,-238.61064367450044,0.3888888888888889,660.9031088827678,-0.3955036149259415,30.0,-65.60916863295152,False,"{""2021"": {""n"": 0, ""mean_bp"": null}, ""2022"": {""n"": 0, ""mean_bp"": null}, ""2023"": {""n"": 4, ""mean_bp"": 120.41287222783204}, ""2024"": {""n"": 3, ""mean_bp"": -427.41994982598385}, ""2025"": {""n"": 8, ""mean_bp"": -193.3808862415103}, ""2026"": {""n"": 3, ""mean_bp"": 412.89114374430864}}"
eth_short_ret5_oi-1_entry30_exit4h,ETHUSDT,short,0.05,-0.01,30,4,18,-80.96324766856937,-93.16276911047348,0.3333333333333333,250.55230270374415,-1.3709631283099553,2.0,-66.05026901089644,True,"{""2021"": {""n"": 0, ""mean_bp"": null}, ""2022"": {""n"": 0, ""mean_bp"": null}, ""2023"": {""n"": 4, ""mean_bp"": 2.819202718425519}, ""2024"": {""n"": 3, ""mean_bp"": -8.288811563800303}, ""2025"": {""n"": 8, ""mean_bp"": -146.3286008678669}, ""2026"": {""n"": 3, ""mean_bp"": -91.04000909120491}}"
eth_short_ret5_oi-1_entry30_exit24h,ETHUSDT,short,0.05,-0.01,30,24,18,-47.06599655895253,86.95365569239512,0.5555555555555556,550.460325227156,-0.3627584093339071,34.0,-30.253677407952953,False,"{""2021"": {""n"": 0, ""mean_bp"": null}, ""2022"": {""n"": 0, ""mean_bp"": null}, ""2023"": {""n"": 4, ""mean_bp"": 153.56364121264411}, ""2024"": {""n"": 3, ""mean_bp"": -628.8484309543716}, ""2025"": {""n"": 8, ""mean_bp"": 42.90720203197472}, ""2026"": {""n"": 3, ""mean_bp"": 27.2817245651983}}"
eth_short_ret5_oi-1_entry30_exit72h,ETHUSDT,short,0.05,-0.01,30,72,18,-35.648219356802485,-67.63246527572085,0.3888888888888889,665.2782680483755,-0.22733733105426787,45.0,-28.020279926071115,False,"{""2021"": {""n"": 0, ""mean_bp"": null}, ""2022"": {""n"": 0, ""mean_bp"": null}, ""2023"": {""n"": 4, ""mean_bp"": 165.50984553027433}, ""2024"": {""n"": 3, ""mean_bp"": -423.22953943273643}, ""2025"": {""n"": 8, ""mean_bp"": -150.27894699664216}, ""2026"": {""n"": 3, ""mean_bp"": 389.40428790926853}}"
eth_short_ret5_oi-1_entry60_exit4h,ETHUSDT,short,0.05,-0.01,60,4,18,-96.36600385833282,-75.80570876990254,0.2777777777777778,185.44152852303725,-2.2047182854927025,1.0,-82.8957876532109,True,"{""2021"": {""n"": 0, ""mean_bp"": null}, ""2022"": {""n"": 0, ""mean_bp"": null}, ""2023"": {""n"": 4, ""mean_bp"": -25.576691570654994}, ""2024"": {""n"": 3, ""mean_bp"": -121.08636807511034}, ""2025"": {""n"": 8, ""mean_bp"": -109.7466247050763}, ""2026"": {""n"": 3, ""mean_bp"": -130.34973376714302}}"
eth_short_ret5_oi-1_entry60_exit24h,ETHUSDT,short,0.05,-0.01,60,24,18,4.098004790094895,82.09612610885665,0.6111111111111112,568.551155260646,0.030580118776639787,59.0,17.44053195181272,False,"{""2021"": {""n"": 0, ""mean_bp"": null}, ""2022"": {""n"": 0, ""mean_bp"": null}, ""2023"": {""n"": 4, ""mean_bp"": 141.3652454275395}, ""2024"": {""n"": 3, ""mean_bp"": -520.3825521122693}, ""2025"": {""n"": 8, ""mean_bp"": 106.49229963607368}, ""2026"": {""n"": 3, ""mean_bp"": 72.5041212532562}}"
eth_short_ret5_oi-1_entry60_exit72h,ETHUSDT,short,0.05,-0.01,60,72,18,-38.40733635380604,-39.39764196168526,0.4444444444444444,618.2814496834523,-0.26355073079090363,38.5,-28.208534668020675,False,"{""2021"": {""n"": 0, ""mean_bp"": null}, ""2022"": {""n"": 0, ""mean_bp"": null}, ""2023"": {""n"": 4, ""mean_bp"": 148.56487214056148}, ""2024"": {""n"": 3, ""mean_bp"": -394.05776080972254}, ""2025"": {""n"": 8, ""mean_bp"": -113.52947007214055}, ""2026"": {""n"": 3, ""mean_bp"": 268.27250002517906}}"
eth_short_ret5_oi-2_entry0_exit4h,ETHUSDT,short,0.05,-0.02,0,4,16,-81.88790007492128,-100.84545253359488,0.3125,204.6784795570355,-1.6003226182282144,2.0,-67.22274596779694,True,"{""2021"": {""n"": 0, ""mean_bp"": null}, ""2022"": {""n"": 0, ""mean_bp"": null}, ""2023"": {""n"": 4, ""mean_bp"": -48.945962804406605}, ""2024"": {""n"": 2, ""mean_bp"": -117.18861774644583}, ""2025"": {""n"": 7, ""mean_bp"": -118.72262498966919}, ""2026"": {""n"": 3, ""mean_bp"": -16.328979853512735}}"
eth_short_ret5_oi-2_entry0_exit24h,ETHUSDT,short,0.05,-0.02,0,24,16,-50.025950331770446,47.11314734426054,0.5,571.3675776770206,-0.35021903437474244,34.5,-33.94809732335189,False,"{""2021"": {""n"": 0, ""mean_bp"": null}, ""2022"": {""n"": 0, ""mean_bp"": null}, ""2023"": {""n"": 4, ""mean_bp"": 103.46113141173159}, ""2024"": {""n"": 2, ""mean_bp"": -734.0778074887448}, ""2025"": {""n"": 7, ""mean_bp"": 7.556752184602284}, ""2026"": {""n"": 3, ""mean_bp"": 66.99953957667348}}"
eth_short_ret5_oi-2_entry0_exit72h,ETHUSDT,short,0.05,-0.02,0,72,16,-27.369531367343555,-165.2930685208097,0.375,691.2737543767419,-0.1583715926956906,44.0,-22.364189299135127,False,"{""2021"": {""n"": 0, ""mean_bp"": null}, ""2022"": {""n"": 0, ""mean_bp"": null}, ""2023"": {""n"": 4, ""mean_bp"": 120.41287222783204}, ""2024"": {""n"": 2, ""mean_bp"": -431.6601434046612}, ""2025"": {""n"": 7, ""mean_bp"": -184.0583306889695}, ""2026"": {""n"": 3, ""mean_bp"": 410.7215369477612}}"
eth_short_ret5_oi-2_entry30_exit4h,ETHUSDT,short,0.05,-0.02,30,4,16,-53.427526528224014,-84.22052516612919,0.3125,209.39430205282156,-1.0206108954148418,12.0,-39.18236236395006,False,"{""2021"": {""n"": 0, ""mean_bp"": null}, ""2022"": {""n"": 0, ""mean_bp"": null}, ""2023"": {""n"": 4, ""mean_bp"": 2.819202718425519}, ""2024"": {""n"": 2, ""mean_bp"": 203.13033414375246}, ""2025"": {""n"": 7, ""mean_bp"": -147.82104559278514}, ""2026"": {""n"": 3, ""mean_bp"": -79.21019482109851}}"
eth_short_ret5_oi-2_entry30_exit24h,ETHUSDT,short,0.05,-0.02,30,24,16,-24.274744213796055,86.95365569239512,0.5625,600.150890924652,-0.1617909401177159,41.0,-22.40709031740124,False,"{""2021"": {""n"": 0, ""mean_bp"": null}, ""2022"": {""n"": 0, ""mean_bp"": null}, ""2023"": {""n"": 4, ""mean_bp"": 153.56364121264411}, ""2024"": {""n"": 2, ""mean_bp"": -759.7503218917927}, ""2025"": {""n"": 7, ""mean_bp"": 58.92021615318598}, ""2026"": {""n"": 3, ""mean_bp"": 34.80288614665684}}"
eth_short_ret5_oi-2_entry30_exit72h,ETHUSDT,short,0.05,-0.02,30,72,16,-10.598916933478549,-13.47201307876288,0.5,701.1466256801232,-0.06046619377621583,53.0,10.701373920131243,False,"{""2021"": {""n"": 0, ""mean_bp"": null}, ""2022"": {""n"": 0, ""mean_bp"": null}, ""2023"": {""n"": 4, ""mean_bp"": 165.50984553027433}, ""2024"": {""n"": 2, ""mean_bp"": -572.2274634344448}, ""2025"": {""n"": 7, ""mean_bp"": -137.18165409093777}, ""2026"": {""n"": 3, ""mean_bp"": 424.3681508162333}}"
eth_short_ret5_oi-2_entry60_exit4h,ETHUSDT,short,0.05,-0.02,60,4,16,-81.64327548692418,-78.05090320785288,0.3125,154.17086602799935,-2.1182543132915073,3.0,-65.55465473105991,True,"{""2021"": {""n"": 0, ""mean_bp"": null}, ""2022"": {""n"": 0, ""mean_bp"": null}, ""2023"": {""n"": 4, ""mean_bp"": -25.576691570654994}, ""2024"": {""n"": 2, ""mean_bp"": 85.40473251693338}, ""2025"": {""n"": 7, ""mean_bp"": -134.71454123240417}, ""2026"": {""n"": 3, ""mean_bp"": -143.93110597173492}}"
eth_short_ret5_oi-2_entry60_exit24h,ETHUSDT,short,0.05,-0.02,60,24,16,-0.7720639828244771,109.20022020831045,0.625,580.5492206143313,-0.005319541946899778,61.5,12.739446736560364,False,"{""2021"": {""n"": 0, ""mean_bp"": null}, ""2022"": {""n"": 0, ""mean_bp"": null}, ""2023"": {""n"": 4, ""mean_bp"": 141.3652454275395}, ""2024"": {""n"": 2, ""mean_bp"": -597.349071858722}, ""2025"": {""n"": 7, ""mean_bp"": 71.32395555761128}, ""2026"": {""n"": 3, ""mean_bp"": 39.20548312627185}}"
eth_short_ret5_oi-2_entry60_exit72h,ETHUSDT,short,0.05,-0.02,60,72,16,-48.29570764856729,-45.31542138742837,0.375,661.5363957822848,-0.2920214697572689,44.5,-18.90158132433332,False,"{""2021"": {""n"": 0, ""mean_bp"": null}, ""2022"": {""n"": 0, ""mean_bp"": null}, ""2023"": {""n"": 4, ""mean_bp"": 148.56487214056148}, ""2024"": {""n"": 2, ""mean_bp"": -459.6495271632266}, ""2025"": {""n"": 7, ""mean_bp"": -165.35297248856702}, ""2026"": {""n"": 3, ""mean_bp"": 236.5930169356999}}"
eth_short_ret5_oinone_entry0_exit4h,ETHUSDT,short,0.05,,0,4,129,-22.43897130699732,-25.827632966703305,0.4418604651162791,424.184424949337,-0.6008182004405258,28.000000000000004,-8.993478199826656,False,"{""2021"": {""n"": 55, ""mean_bp"": -38.50788969471577}, ""2022"": {""n"": 33, ""mean_bp"": 68.78092801925068}, ""2023"": {""n"": 8, ""mean_bp"": 44.751497655956385}, ""2024"": {""n"": 12, ""mean_bp"": -112.22554734191766}, ""2025"": {""n"": 14, ""mean_bp"": -160.83009529956482}, ""2026"": {""n"": 7, ""mean_bp"": 27.693133002958596}}"
eth_short_ret5_oinone_entry0_exit24h,ETHUSDT,short,0.05,,0,24,129,-79.88497000097055,-83.03835550481907,0.43410852713178294,808.4824701283251,-1.1222492499324317,3.0,-68.3766305545057,True,"{""2021"": {""n"": 55, ""mean_bp"": -187.1181965769866}, ""2022"": {""n"": 33, ""mean_bp"": 49.5781731601737}, ""2023"": {""n"": 8, ""mean_bp"": 224.22240847145417}, ""2024"": {""n"": 12, ""mean_bp"": -291.9864220939202}, ""2025"": {""n"": 14, ""mean_bp"": -103.03538932661263}, ""2026"": {""n"": 7, ""mean_bp"": 214.6876021787598}}"
eth_short_ret5_oinone_entry0_exit72h,ETHUSDT,short,0.05,,0,72,129,-48.17983814559827,-100.30348351078455,0.4186046511627907,1091.2148450396198,-0.5014757381428588,23.5,-42.82516770890748,False,"{""2021"": {""n"": 55, ""mean_bp"": -142.87887215160444}, ""2022"": {""n"": 33, ""mean_bp"": 171.12066521664002}, ""2023"": {""n"": 8, ""mean_bp"": 201.1952825615228}, ""2024"": {""n"": 12, ""mean_bp"": -429.3410779080111}, ""2025"": {""n"": 14, ""mean_bp"": -154.9516852047098}, ""2026"": {""n"": 7, ""mean_bp"": 244.00159466811897}}"
eth_short_ret5_oinone_entry30_exit4h,ETHUSDT,short,0.05,,30,4,129,-8.828048734920996,-20.19913530010119,0.4496124031007752,344.69703979601536,-0.29088546665525455,65.0,4.398615248310923,False,"{""2021"": {""n"": 55, ""mean_bp"": -18.705958929482325}, ""2022"": {""n"": 33, ""mean_bp"": 74.23271236624356}, ""2023"": {""n"": 8, ""mean_bp"": 32.51005040109582}, ""2024"": {""n"": 12, ""mean_bp"": -60.42000627934849}, ""2025"": {""n"": 14, ""mean_bp"": -155.1882276242114}, ""2026"": {""n"": 7, ""mean_bp"": 11.132115016150975}}"
eth_short_ret5_oinone_entry30_exit24h,ETHUSDT,short,0.05,,30,24,129,-75.22671483354983,-104.22371733348855,0.4263565891472868,780.9148184343138,-1.0941157949900462,3.0,-66.87174669593396,True,"{""2021"": {""n"": 55, ""mean_bp"": -174.90946883481774}, ""2022"": {""n"": 33, ""mean_bp"": 55.68365650471966}, ""2023"": {""n"": 8, ""mean_bp"": 186.14259087548393}, ""2024"": {""n"": 12, ""mean_bp"": -290.2612548865064}, ""2025"": {""n"": 14, ""mean_bp"": -76.74182201307012}, ""2026"": {""n"": 7, ""mean_bp"": 163.79910679264069}}"
eth_short_ret5_oinone_entry30_exit72h,ETHUSDT,short,0.05,,30,72,129,-35.901986306944,-86.2286737940614,0.43410852713178294,1093.2089112834826,-0.3730011483897276,25.0,-35.25633681724915,False,"{""2021"": {""n"": 55, ""mean_bp"": -127.39602044570606}, ""2022"": {""n"": 33, ""mean_bp"": 180.83669856460838}, ""2023"": {""n"": 8, ""mean_bp"": 187.53964300592133}, ""2024"": {""n"": 12, ""mean_bp"": -441.14155066887673}, ""2025"": {""n"": 14, ""mean_bp"": -110.27618701902706}, ""2026"": {""n"": 7, ""mean_bp"": 249.29456007592972}}"
eth_short_ret5_oinone_entry60_exit4h,ETHUSDT,short,0.05,,60,4,129,18.87913580422888,-27.137521700371522,0.46511627906976744,331.1917789123772,0.6474368550585144,99.0,30.760722829781184,True,"{""2021"": {""n"": 55, ""mean_bp"": 36.37858332050044}, ""2022"": {""n"": 33, ""mean_bp"": 93.86266455348225}, ""2023"": {""n"": 8, ""mean_bp"": -3.5796254030232166}, ""2024"": {""n"": 12, ""mean_bp"": -115.37064357353835}, ""2025"": {""n"": 14, ""mean_bp"": -76.64421123526242}, ""2026"": {""n"": 7, ""mean_bp"": -25.253972963799015}}"
eth_short_ret5_oinone_entry60_exit24h,ETHUSDT,short,0.05,,60,24,129,-46.23188033625859,-83.90757449746421,0.4806201550387597,765.4794151618717,-0.6859664829212924,21.5,-31.540635472877504,False,"{""2021"": {""n"": 55, ""mean_bp"": -139.67648635482587}, ""2022"": {""n"": 33, ""mean_bp"": 79.82371073025317}, ""2023"": {""n"": 8, ""mean_bp"": 164.84810790177465}, ""2024"": {""n"": 12, ""mean_bp"": -269.65708835889785}, ""2025"": {""n"": 14, ""mean_bp"": 1.3564883039792608}, ""2026"": {""n"": 7, ""mean_bp"": 140.31729898236827}}"
eth_short_ret5_oinone_entry60_exit72h,ETHUSDT,short,0.05,,60,72,129,-9.917573074586182,-44.68072866730609,0.46511627906976744,1074.925955513255,-0.1047904522436793,49.5,-8.67864227560702,False,"{""2021"": {""n"": 55, ""mean_bp"": -64.19317720827574}, ""2022"": {""n"": 33, ""mean_bp"": 176.13110776575826}, ""2023"": {""n"": 8, ""mean_bp"": 152.70699776180618}, ""2024"": {""n"": 12, ""mean_bp"": -460.58136417517534}, ""2025"": {""n"": 14, ""mean_bp"": -44.20641277796397}, ""2026"": {""n"": 7, ""mean_bp"": 194.7344900660967}}"
