date,nav,ret,basis_pnl,funding_pnl,cost,q,F_entry,margin,rebalanced,N_target,N_actual
2021-01-01,998725.0,0.0,0.0,0.0,1275.0,1016.0934235871837,737.18,374521.875,True,750000.0,0.0
2021-01-02,1000058.7062703813,0.0013337062703813426,-30.482802707703303,1364.189073089078,0.0,1016.0934235871837,737.18,374521.875,False,750044.029702786,741443.371191568
2021-01-03,1002676.5639434113,0.0026178576730299975,193.05775048173587,2424.799922548197,0.0,1016.0934235871837,737.18,374521.875,False,752007.4229575585,787513.0470170107
2021-01-04,1008478.3727530064,0.005801808809595066,-1320.921450663408,7529.610498918904,406.8802386604953,771.6135800421889,980.23,378179.3897823774,True,756663.9397437501,996005.2566028651
2021-01-05,1010655.0749664059,0.0021767022133994613,177.47112340980522,1999.2310899897122,0.0,771.6135800421889,980.23,378179.3897823774,False,757991.3062248044,804885.557613608
2021-01-06,1016514.4967080705,0.005859421741664642,416.67133322275396,5591.114803794868,148.36439535306064,692.2662264535708,1101.29,381192.93626552646,True,762497.1458275677,849770.3195646622
2021-01-07,1018206.5114488774,0.0016920147408068878,-2146.0253020061637,3838.040042813045,0.0,692.2662264535708,1101.29,381192.93626552646,False,763654.883586658,839705.0873636523
2021-01-08,1022451.1933451069,0.004244681896229507,1100.703300061121,3284.7603759361205,140.78177976777354,624.7155967485378,1227.5,383419.19750441506,True,766943.9813436561,849756.7929717582
2021-01-09,1025189.2658654976,0.002738072520390735,506.0196333664236,2232.0528870244143,0.0,624.7155967485378,1227.5,383419.19750441506,False,768891.9493991232,761247.1904179307
2021-01-10,1029211.9371623852,0.004022671296887565,-1330.6442210744538,5353.315517961939,0.0,624.7155967485378,1227.5,383419.19750441506,False,771908.9528717889,799610.9752142584
2021-01-11,1031595.8590644317,0.002383921902046539,156.17889918713445,2227.743002859364,0.0,624.7155967485378,1227.5,383419.19750441506,False,773696.8942983238,785860.9849298232
2021-01-12,1034616.6061584519,0.003020747094020131,2417.649359416915,768.2023872981177,165.1046526949049,713.9619949751931,1086.84,387981.22730941937,True,776086.2831083601,678965.8991701808
2021-01-13,1034953.7306751878,0.00033712451673590115,-335.5621376385226,672.6866543744306,0.0,713.9619949751931,1086.84,387981.22730941937,False,776215.2980063908,750138.4492605862
2021-01-14,1036182.1181203638,0.0012283874451760202,-214.18859849252544,1442.5760436685782,0.0,713.9619949751931,1086.84,387981.22730941937,False,777136.5885902728,807062.6391199583
2021-01-15,1036080.0404838786,-0.00010207763648522087,-1427.9239899502238,1502.9748038285445,177.12845036353016,629.453244522405,1234.5,388530.01518145454,True,777192.8767006816,881386.0827968759
2021-01-16,1039245.5411974777,0.003165500713599147,1535.8659166345594,1629.6347969645797,0.0,629.453244522405,1234.5,388530.01518145454,False,779434.1558981083,735610.5342111087
2021-01-17,1039393.3345467136,0.00014779334923590068,-1460.3315272919397,1608.1248765278463,0.0,629.453244522405,1234.5,388530.01518145454,False,779545.0009100352,774428.9158008053
2021-01-18,1042179.6006771623,0.0027862661304486683,868.6454774409876,1917.620653007652,0.0,629.453244522405,1234.5,388530.01518145454,False,781634.7005078717,776499.816975284
2021-01-19,1044184.7719771038,0.0020051712999414883,-2121.2574340405795,4126.428733981988,0.0,629.453244522405,1234.5,388530.01518145454,False,783138.5789828278,794999.4478317975
2021-01-20,1048101.3618292286,0.003916589852124802,1548.4549815249961,2368.1348705998703,0.0,629.453244522405,1234.5,388530.01518145454,False,786076.0213719214,860701.7774950463
2021-01-21,1048854.641962711,0.000753280133482418,-308.4320898158411,1200.1194429431475,138.4072196449787,570.3479343343992,1379.23,393320.49073601665,True,786744.7868867669,868160.7984426367
2021-01-22,1050413.8332766502,0.001559191313939169,1522.8289846728871,297.96229805644344,261.5999687900947,708.5772651665627,1111.82,393905.18747874384,True,788006.5749340802,634124.2403516716
2021-01-23,1049347.3394215372,-0.0010664938551129307,-1480.9264841982192,563.4286621764655,148.9960330911871,637.4929160384863,1234.54,393505.25228307646,True,787122.2515909713,874766.9769387284
2021-01-24,1051119.9765085292,0.0017726370869919192,-165.74815817000064,1938.3852451617652,0.0,637.4929160384863,1234.54,393505.25228307646,False,788339.9823813969,787718.1217029557
2021-01-25,1053267.4778651071,0.0021475013565779664,95.62393740583093,2219.727348392677,167.8499292204082,566.5855765539619,1394.23,394975.30419941514,True,790076.4958457458,888811.7483283388
2021-01-26,1054464.0638688651,0.0011965860037580133,628.9099899748411,567.6760137831781,0.0,566.5855765539619,1394.23,394975.30419941514,False,790848.0479016488,747060.0802536954
2021-01-27,1054328.666347957,-0.00013539752090815455,-572.2514323194964,436.8539114113616,0.0,566.5855765539619,1394.23,394975.30419941514,False,790746.4997609677,775361.0298025658
2021-01-28,1056062.605771319,0.001733939423362026,1314.4785376052844,573.170926487538,153.71004073081747,639.4953407843764,1238.55,396023.4771642447,True,792162.2368590374,701744.5658409095
2021-01-29,1058818.1674996659,0.00275556172834686,-780.1843157569566,3535.746044103854,0.0,639.4953407843764,1238.55,396023.4771642447,False,794113.6256247493,850707.8619386401
2021-01-30,1059363.1190049557,0.0005449515052898787,-1112.7218929649662,1809.3745560771179,151.7011578223786,574.8493924303738,1382.14,397261.16962685843,True,794636.1151220836,883872.090311718
2021-01-31,1061865.3871019077,0.0025022680969520004,114.9698784861009,2387.298218465851,0.0,574.8493924303738,1382.14,397261.16962685843,False,796399.0403264308,793533.5982987366
2021-02-01,1063865.2039969016,0.0019998168949938843,1000.2379428289863,1072.8912796776149,73.31232751274929,607.6498206502802,1313.09,398949.45149883814,True,797953.8872433108,754828.9887063995
2021-02-02,1065462.6616971858,0.0015974577002841979,-1221.3761395071958,2818.833839791383,0.0,607.6498206502802,1313.09,398949.45149883814,False,799096.9962728894,836575.8140820668
2021-02-03,1068654.5858986175,0.0031919242014316843,-984.3927094533875,4379.764636732951,203.44772584773,528.6182162141955,1516.2,400745.46971198166,True,801643.525218349,921318.6580699548
2021-02-04,1073913.323487516,0.005258737588898512,1501.2757340483922,3757.461854850064,0.0,528.6182162141955,1516.2,400745.46971198166,False,805434.992615637,880730.8100344711
2021-02-05,1078217.3112345352,0.004303987747019157,544.4767627004868,3759.5109843185637,0.0,528.6182162141955,1516.2,400745.46971198166,False,808662.9834259014,843637.6698027211
2021-02-06,1080509.2834574068,0.002291972222871613,-888.078603239762,3348.791619898156,168.7407937866271,470.87032915931457,1721.03,405190.98129652755,True,810508.5181883951,909767.8086511169
2021-02-07,1082339.2246129094,0.0018299411555025727,-447.3268127014773,2277.267968204138,0.0,470.87032915931457,1721.03,405190.98129652755,False,811754.418459682,790770.2133835697
2021-02-08,1086049.0585268026,0.003709833913893206,1172.4671196068045,2537.3667942863062,0.0,470.87032915931457,1721.03,405190.98129652755,False,814536.7938951019,759042.970604815
2021-02-09,1088178.9401333556,0.002129881606552983,-2533.2823708770566,4663.163977429977,0.0,470.87032915931457,1721.03,405190.98129652755,False,816134.2051000167,826659.9498720926
2021-02-10,1093931.3946318603,0.0057524544985047546,1916.4422396783802,3836.012258826343,0.0,470.87032915931457,1721.03,405190.98129652755,False,820448.5459738952,833906.6442378545
2021-02-11,1096220.1878483528,0.0022887932164925152,-324.90052711995276,2613.6937436125,0.0,470.87032915931457,1721.03,405190.98129652755,False,822165.1408862646,820868.2448234331
2021-02-12,1098270.858927703,0.0020506710793501697,-447.3268127013703,2497.997892051432,0.0,470.87032915931457,1721.03,405190.98129652755,False,823703.1441957772,842537.6973713447
2021-02-13,1102881.8161462152,0.004610957218512194,306.0657139535973,4304.891504558576,0.0,470.87032915931457,1721.03,405190.98129652755,False,827161.3621096613,867851.6862669494
2021-02-14,1106515.6003800442,0.0036337842338290067,108.30017570665092,3525.48405812244,0.0,470.87032915931457,1721.03,405190.98129652755,False,829886.7002850331,855976.3365655516
2021-02-15,1107356.9379796248,0.0008413375995806418,-640.3836476567278,1481.7212472374908,0.0,470.87032915931457,1721.03,405190.98129652755,False,830517.7034847187,849450.0738034035
2021-02-16,1111063.444801089,0.0037065068214640487,922.9058451522736,2783.600976311811,0.0,470.87032915931457,1721.03,405190.98129652755,False,833297.5836008167,838780.1521446534
2021-02-17,1114539.703549698,0.003476258748609107,-145.9698020393618,3622.228550648574,0.0,470.87032915931457,1721.03,405190.98129652755,False,835904.7776622735,840178.6370222565
2021-02-18,1120046.7915855963,0.005507088035898283,1012.3712076925691,4494.716828205513,0.0,470.87032915931457,1721.03,405190.98129652755,False,840035.0936891972,871048.8958019412
2021-02-19,1122658.6195000673,0.0026118279144710394,-960.5754714849846,3572.4033859561123,0.0,470.87032915931457,1721.03,405190.98129652755,False,841993.9646250505,914015.8133377286
2021-02-20,1127500.5042318453,0.004841884731777944,-433.2007028266037,5275.0854346044725,0.0,470.87032915931457,1721.03,405190.98129652755,False,845625.378173884,922241.9179881419
2021-02-21,1130039.9242020047,0.0025394199701594187,715.7229003221496,1823.6970698372722,0.0,470.87032915931457,1721.03,405190.98129652755,False,847529.9431515036,901485.9538787993
2021-02-22,1131756.9997810193,0.0017170755790146069,263.6873843291905,1453.38819468531,0.0,470.87032915931457,1721.03,405190.98129652755,False,848817.7498357645,910941.0300883183
2021-02-23,1132261.2871227409,0.0005042873417215887,117.71758228982864,386.5697594318168,0.0,470.87032915931457,1721.03,405190.98129652755,False,849195.9653420557,837311.0367176763
2021-02-24,1132142.347521645,-0.00011893960109585897,-546.2095818248434,606.4223088054806,179.15232807636855,537.4943887584958,1579.75,424553.3803206169,True,849241.124887291,743857.4024894271
2021-02-25,1133413.3238193954,0.0012709762977503706,634.2433787350593,636.7329190151505,0.0,537.4943887584958,1579.75,424553.3803206169,False,850059.9928645466,872858.6376804718
2021-02-26,1134304.293612367,0.0008909697929716204,392.3709037935895,498.5988891780448,0.0,537.4943887584958,1579.75,424553.3803206169,False,850728.2202092753,796636.5584106294
2021-02-27,1134601.4538123352,0.0002971601999681443,-403.12079156874967,700.2809915369091,0.0,537.4943887584958,1579.75,424553.3803206169,False,850951.0903592514,776872.8897359795
2021-02-28,1135067.7796440667,0.0004663258317315485,231.12258716606522,235.20324456560775,0.0,537.4943887584958,1579.75,424553.3803206169,False,851300.8347330501,784010.8152186924
2021-03-01,1135129.608276068,6.182863200129942e-05,-494.49483765773306,706.3300737867405,150.00660412767587,599.5571749958104,1419.96,425673.60310352553,True,851459.7111601466,763220.5322615138
2021-03-02,1136202.9057270484,0.0010732974509804045,53.96014574957386,1171.925247503319,152.58794227242547,542.3575479221527,1571.2,426076.08964764315,True,852266.6202519906,942024.2333534174
2021-03-03,1138015.2635885463,0.001812357861497905,949.1257088637672,863.2321526341292,0.0,542.3575479221527,1571.2,426076.08964764315,False,853511.4476914097,806073.4820238202
2021-03-04,1138023.0493491744,7.785760628059506e-06,-813.536321883229,821.3220825113858,0.0,542.3575479221527,1571.2,426076.08964764315,False,853517.2870118808,850758.3203971264
2021-03-05,1138215.6245268257,0.00019257517765136435,-287.4495003987261,480.0246780500997,0.0,542.3575479221527,1571.2,426076.08964764315,False,853661.7183951193,835610.2740836607
2021-03-06,1139123.7718701547,0.0009081473433289212,-103.0479341052386,1011.1952774340639,0.0,542.3575479221527,1571.2,426076.08964764315,False,854342.8289026159,829671.458933913
2021-03-07,1140682.0226136753,0.001558250743520679,244.06089656499336,1314.1898469556122,0.0,542.3575479221527,1571.2,426076.08964764315,False,855511.5169602565,895920.433412604
2021-03-08,1141707.2370849445,0.001025214471269166,-27.11787739608297,1052.3323486651286,0.0,542.3575479221527,1571.2,426076.08964764315,False,856280.4278137083,937047.4062715408
2021-03-09,1143492.037828737,0.001784800743792439,10.847150958433188,2007.0996899212182,233.14609708705186,467.5023458391539,1834.47,428809.51418577635,True,857793.887944368,994938.6509367514
2021-03-10,1144623.190826898,0.0011311529981610365,-757.3538002593783,1888.5067984204277,0.0,467.5023458391539,1834.47,428809.51418577635,False,858467.3931201735,875804.8696246957
2021-03-11,1146886.3793547938,0.002263188527895836,631.1281668828153,1632.0603610130167,0.0,467.5023458391539,1834.47,428809.51418577635,False,860164.7845160954,840008.2150037917
2021-03-12,1148156.8454463906,0.0012704660915967543,-776.0538940930338,2046.5199856897373,0.0,467.5023458391539,1834.47,428809.51418577635,False,861117.6340847929,855043.0904459789
2021-03-13,1150950.4888065106,0.0027936433601200117,930.3296682200269,1863.3136918998907,0.0,467.5023458391539,1834.47,428809.51418577635,False,863212.866604883,826226.2458484535
2021-03-14,1153273.611852572,0.0023231230460614895,-654.5032841749643,2977.62633023637,0.0,467.5023458391539,1834.47,428809.51418577635,False,864955.208889429,899913.965599621
2021-03-15,1154849.4455858355,0.0015758337332634255,88.82544570946476,1487.0082875538976,0.0,467.5023458391539,1834.47,428809.51418577635,False,866137.0841893766,865113.0909753543
2021-03-16,1156257.1408423225,0.0014076952564870007,607.7530495909851,799.9422068958221,0.0,467.5023458391539,1834.47,428809.51418577635,False,867192.8556317419,839208.7859924068
2021-03-17,1156831.0325988287,0.0005738917565061711,-532.9526742566823,1106.8444307629131,0.0,467.5023458391539,1834.47,428809.51418577635,False,867623.2744491214,844893.6145178109
2021-03-18,1158527.7786919125,0.0016967460930838716,-56.100281500753745,1752.8463745845959,0.0,467.5023458391539,1834.47,428809.51418577635,False,868895.8340189344,853631.2333615448
2021-03-19,1159349.0627044544,0.0008212840125418734,341.27671246269716,480.0073000791707,0.0,467.5023458391539,1834.47,428809.51418577635,False,869511.7970283409,831008.794846388
2021-03-20,1160987.1084067447,0.0016380457022902555,-187.0009383357041,1825.0466406259993,0.0,467.5023458391539,1834.47,428809.51418577635,False,870740.3313050584,846665.4484085413
2021-03-21,1162356.4861104372,0.0013693777036925313,546.9777446317378,822.3999590608635,0.0,467.5023458391539,1834.47,428809.51418577635,False,871767.3645828279,844977.764940062
2021-03-22,1163213.5016781788,0.0008570155677415897,-322.5766186289354,1179.5921863705166,0.0,467.5023458391539,1834.47,428809.51418577635,False,872410.126258634,834388.8368068051
2021-03-23,1164204.2610817582,0.0009907594035794027,495.55248658947767,495.2069169899998,0.0,467.5023458391539,1834.47,428809.51418577635,False,873153.1958113187,786179.9949038717
2021-03-24,1164550.2242572135,0.00034596317545534114,-299.201501336999,803.4613663343044,158.29668954166593,523.2115089244847,1669.33,436706.334096455,True,873531.3907100665,780415.6909796748
2021-03-25,1165536.4490460884,0.0009862247888748534,523.2115089244847,463.01327995050474,0.0,523.2115089244847,1669.33,436706.334096455,False,874152.3367845663,827725.8392336242
2021-03-26,1165280.627220314,-0.0002558218257743865,-774.3530332083659,518.5312074337959,0.0,523.2115089244847,1669.33,436706.334096455,False,873960.4704152355,830566.8777270841
2021-03-27,1166462.739433143,0.001182112212829059,648.7822710663659,533.3299417626555,0.0,523.2115089244847,1669.33,436706.334096455,False,874847.0545748572,889046.2280795737
2021-03-28,1166586.4442359437,0.0001237048028006684,-654.014386155606,777.719188956222,0.0,523.2115089244847,1669.33,436706.334096455,False,874939.8331769578,896857.7759078164
2021-03-29,1168157.995652775,0.0015715514168313238,245.90940919464106,1325.642007636514,0.0,523.2115089244847,1669.33,436706.334096455,False,876118.4967395812,883343.2226322968
2021-03-30,1169477.7523329668,0.0013197566801917274,-272.06998464084154,1591.8266648327678,0.0,523.2115089244847,1669.33,436706.334096455,False,877108.3142497251,951423.5041735509
2021-03-31,1170914.4477711339,0.0014366954381670803,-706.3355370480068,2143.030975215195,0.0,523.2115089244847,1669.33,436706.334096455,False,878185.8358283504,964503.7918966629
2021-04-01,1173672.8719927475,0.0027584242216136773,-355.7838260686829,3327.9955628044722,213.78751512206148,457.7340679198161,1923.07,440127.32699728035,True,880414.9946309021,1006172.3564674088
2021-04-02,1177192.3948493695,0.003519522856622003,915.4681358396322,2604.0547207825007,0.0,457.7340679198161,1923.07,440127.32699728035,False,882894.2961370272,901621.6802850578
2021-04-03,1178891.0429170118,0.001698648067642236,-1199.2632579499723,3058.3087638797674,160.39743828751168,413.54730903398894,2138.01,442084.1410938794,True,884288.5802664745,978640.0145532461
2021-04-04,1180707.1543569344,0.0018161114399225917,111.65777343916949,1704.4536664834059,0.0,413.54730903398894,2138.01,442084.1410938794,False,885530.3657677008,832321.8560541675
2021-04-05,1183492.477575314,0.0027853232183796353,785.7398871646166,1999.5833312150107,0.0,413.54730903398894,2138.01,442084.1410938794,False,887619.3581814854,859289.2760762739
2021-04-06,1185663.1321415391,0.0021706545662251303,-334.97332031750847,2505.627886542475,0.0,413.54730903398894,2138.01,442084.1410938794,False,889247.3491061544,872746.1055122399
2021-04-07,1187278.682259103,0.001615550117563922,289.483116323717,1326.0670012401056,0.0,413.54730903398894,2138.01,442084.1410938794,False,890459.0116943272,874437.514006189
2021-04-08,1188061.2298472167,0.0007825475881136954,132.33513889094417,650.2124492226981,0.0,413.54730903398894,2138.01,442084.1410938794,False,891045.9223854125,812785.8811754019
2021-04-09,1189448.7310303377,0.0013875011831209995,128.199665800514,1259.3015173205763,0.0,413.54730903398894,2138.01,442084.1410938794,False,892086.5482727534,861013.7683549457
2021-04-10,1192686.646658777,0.003237915628439281,330.83784722726637,2907.0777812119745,0.0,413.54730903398894,2138.01,442084.1410938794,False,894514.9849940827,855224.1060284697
2021-04-11,1194057.2711803021,0.001370624521525111,-690.6240060867916,2061.248527611794,0.0,413.54730903398894,2138.01,442084.1410938794,False,895542.9533852267,883332.91662351
2021-04-12,1196540.829739776,0.002483558559473837,-475.5794053891249,2959.137964862974,0.0,413.54730903398894,2138.01,442084.1410938794,False,897405.622304832,891223.3992798786
2021-04-13,1200421.6814743709,0.0038808517345949077,938.7523915073355,2942.0993430875537,0.0,413.54730903398894,2138.01,442084.1410938794,False,900316.2611057782,884676.9453778705
2021-04-14,1203659.9220006703,0.003238240526299458,-1066.9520573078494,4305.1925836073115,0.0,413.54730903398894,2138.01,442084.1410938794,False,902744.9415005028,952461.4848016317
2021-04-15,1206717.5627976034,0.00305764079693309,-78.5739887162924,3310.5299998705195,174.31521422124322,371.4135164597793,2436.74,452519.08604910126,True,905168.9085088684,1007707.2698154821
2021-04-16,1209757.0034875222,0.003039440689918818,-616.5464373233485,3655.9871272420914,0.0,371.4135164597793,2436.74,452519.08604910126,False,907317.7526156417,935906.3494511748
2021-04-17,1212242.033721357,0.0024850302338346375,334.27216481383516,2150.7580690206337,0.0,371.4135164597793,2436.74,452519.08604910126,False,909181.5252910177,901528.3143676578
2021-04-18,1214242.1077164123,0.002000073995055398,976.8175482892601,1023.2564467660984,0.0,371.4135164597793,2436.74,452519.08604910126,False,910681.5807873092,861653.3592405358
2021-04-19,1215808.5970162842,0.0015664892998719588,969.3892779599024,597.1000219119791,0.0,371.4135164597793,2436.74,452519.08604910126,False,911856.4477622132,830228.0616128739
2021-04-20,1215224.424907191,-0.0005841721090932842,-731.6846274258598,331.58524816024186,184.0727298276596,421.4144512938991,2162.76,455709.15934019664,True,911556.3732277639,803278.2968585524
2021-04-21,1216290.1909042168,0.0010657659970258828,771.1884458679964,294.5775511579127,0.0,421.4144512938991,2162.76,455709.15934019664,False,912217.6431781626,981925.1705263755
2021-04-22,1215661.918953895,-0.0006282719503217377,-1070.3927062864884,442.1207559646862,0.0,421.4144512938991,2162.76,455709.15934019664,False,911746.4392154213,994289.4705273384
2021-04-23,1216866.5894628696,0.0012046705089744647,459.34175191041135,912.4086662401431,167.07990917599014,380.39760840995007,2399.2,456324.97104857606,True,912775.2520290343,1011057.5515443226
2021-04-24,1217316.8248238163,0.0004502353609467391,-3.8039760841825334,454.03933703077917,0.0,380.39760840995007,2399.2,456324.97104857606,False,912987.6186178622,901032.5991363123
2021-04-25,1217493.582278528,0.00017675745471171104,-76.0795216820938,252.8369763937995,0.0,380.39760840995007,2399.2,456324.97104857606,False,913120.186708896,842789.921312665
2021-04-26,1218214.897168764,0.0007213148902358953,456.47713009204386,264.83776014391657,0.0,380.39760840995007,2399.2,456324.97104857606,False,913661.1728765729,882792.5338130553
2021-04-27,1218099.7521620067,-0.00011514500675722956,-699.9315994743635,584.786592716973,0.0,380.39760840995007,2399.2,456324.97104857606,False,913574.814121505,963992.2073042432
2021-04-28,1218555.9593725295,0.00045620721052284355,-15.215904336384163,643.0578942814208,171.6347794220343,342.5116440288864,2668.28,456958.48476469854,True,914045.6956139638,1015007.3305681016
2021-04-29,1219540.508750779,0.0009845493782495614,702.1488702592794,282.4005079901728,0.0,342.5116440288864,2668.28,456958.48476469854,False,914655.3815630843,941335.0266339093
2021-04-30,1219584.3726192128,4.38638684337493e-05,-688.4484044981364,732.3122729320219,0.0,342.5116440288864,2668.28,456958.48476469854,False,914688.2794644097,945041.0026223019
2021-05-01,1220540.5193683587,0.000956146749145817,469.2409523196927,545.3693978238824,58.46360099781978,330.0946896415169,2773.16,457702.69476313447,True,915449.2372270173,949839.5907551466
2021-05-02,1220780.3028940011,0.00023978352564247324,-472.0354061874652,711.818931829838,0.0,330.0946896415169,2773.16,457702.69476313447,False,915585.2271705009,972789.0503735503
2021-05-03,1221770.170814432,0.0009898679204308428,194.75586688854298,795.1120535423644,0.0,330.0946896415169,2773.16,457702.69476313447,False,916327.6281108239,974079.7206100485
2021-05-04,1223019.1751890017,0.0012490043745697476,-356.5022648128142,1972.5476446325179,367.04100524985904,267.1358538578651,3433.7,458632.1906958756,True,917539.6621456887,1133446.1358220764
2021-05-05,1224263.6066350394,0.001244431446037721,-528.9289906385777,1773.360436676263,0.0,267.1358538578651,3433.7,458632.1906958756,False,918197.7049762795,866495.2123660641
2021-05-06,1226641.8343726164,0.0023782277375769337,61.441246387313825,2316.7864911897314,0.0,267.1358538578651,3433.7,458632.1906958756,False,919981.3757794623,942652.9729424027
2021-05-07,1227959.9917115376,0.0013181573389212135,261.79313678059117,1056.364202140633,0.0,267.1358538578651,3433.7,458632.1906958756,False,920969.9937836532,933150.9506206786
2021-05-08,1229929.821723778,0.001969830012240447,598.3843126416809,1371.4456995988428,0.0,267.1358538578651,3433.7,458632.1906958756,False,922447.3662928336,929894.5645621512
2021-05-09,1230403.4580842673,0.00047363636048929764,-934.9754885024063,1617.4811004418193,208.86925145040303,235.71248510535267,3914.95,461401.2967816002,True,922959.2455017882,1045823.5110608488
2021-05-10,1232547.126876287,0.0021436687920195984,190.9271129352156,1952.741679084452,0.0,235.71248510535267,3914.95,461401.2967816002,False,924410.3451572151,925838.5703713574
2021-05-11,1233653.6164075446,0.0011064895312576555,44.78537217002987,1061.704159087685,0.0,235.71248510535267,3914.95,461401.2967816002,False,925240.2123056585,931139.7441613768
2021-05-12,1235060.91326585,0.0014072968583053443,306.42623063689416,1100.8706276683938,0.0,235.71248510535267,3914.95,461401.2967816002,False,926295.6849493874,984299.980927187
2021-05-13,1231564.1394718594,-0.003496773793990491,-4089.6116165777403,592.8378225872775,0.0,235.71248510535267,3914.95,461401.2967816002,False,923673.1046038945,902752.8895801391
2021-05-14,1236121.836484159,0.004557697012299672,4294.681478619478,263.01553368007586,0.0,235.71248510535267,3914.95,461401.2967816002,False,927091.3773631193,876718.445600253
2021-05-15,1236627.959796329,0.0005061233121699187,-810.850948762426,1316.9742609322989,0.0,235.71248510535267,3914.95,461401.2967816002,False,927470.9698472468,961702.2249801368
2021-05-16,1237683.1625916613,0.0010552027953322977,516.210342380628,538.9924529516294,0.0,235.71248510535267,3914.95,461401.2967816002,False,928262.371943746,860117.215274283
2021-05-17,1239440.6537706526,0.001757491178991273,751.922827486195,1005.5683515051333,0.0,235.71248510535267,3914.95,461401.2967816002,False,929580.4903279894,844178.337031459
2021-05-18,1239541.4116844782,0.00010075791382556781,-329.99747914751515,695.8816146001997,265.12622162712427,283.1528886990429,3283.23,464828.02938167925,True,929854.903429579,773898.302472447
2021-05-19,1236464.8402839326,-0.0030765714005455374,-274.6583020381437,-2801.913098507295,0.0,283.1528886990429,3283.23,464828.02938167925,False,927348.6302129495,956215.7997233288
2021-05-20,1235393.9853734646,-0.0010708549104679842,-891.9315994018821,220.2597294966094,399.18304056288594,379.10716321065235,2444.02,463272.7445150493,True,926844.8763105206,692031.3230382347
2021-05-21,1237227.3120433725,0.0018333266699078958,1724.9375926083646,314.8583558326903,206.46927853314827,335.1805304225982,2768.42,463960.2420162647,True,928075.3359914294,1049527.8527756343
2021-05-22,1237376.4225660085,0.00014911052263597957,97.20235382269371,244.4712938353913,192.56312502218023,381.7115204276445,2431.24,464016.1584622531,True,928176.7392682731,814904.3127846377
2021-05-23,1237734.7115041194,0.0003582889381109271,95.42788010673753,262.86105800425224,0.0,381.7115204276445,2431.24,464016.1584622531,False,928301.0336280896,876203.5266808408
2021-05-24,1237764.5261433516,2.9814639232121408e-05,7.634230408719528,240.09120238770237,217.91079356425433,442.7714104642299,2096.62,464161.69730375684,True,928486.8277026869,800304.0079590079
2021-05-25,1237000.2880464066,-0.0007642380969449878,-699.5788285334511,351.93552729326177,416.5947957047909,350.1618107767174,2649.49,463875.10801740247,True,928062.6621315836,1173118.4243108723
2021-05-26,1237232.111272584,0.00023182322617736645,-52.52427161669869,284.34749779399027,0.0,350.1618107767174,2649.49,463875.10801740247,False,927924.083454438,947824.9926466342
2021-05-27,1238368.4731886836,0.001136361916099675,833.3851096487849,302.97680645093317,0.0,350.1618107767174,2649.49,463875.10801740247,False,928776.3548915128,1009922.6881697772
2021-05-28,1238236.4030086747,-0.00013207018000888638,-420.19417293215645,288.12399292321714,0.0,350.1618107767174,2649.49,463875.10801740247,False,928677.302256506,960413.3097440571
2021-05-29,1238920.442355218,0.0006840393465433735,430.6990272553688,253.34031928790117,0.0,350.1618107767174,2649.49,463875.10801740247,False,929190.3317664135,844467.7309596705
2021-05-30,1238956.8268122438,3.638445702567696e-05,21.009708646583935,239.29953099937634,223.9247826203192,407.9111936879367,2277.99,464608.8100545914,True,929385.5636961481,797665.1033312544
2021-05-31,1238824.5954643197,-0.00013223134792409837,-424.22764143543935,291.99629351121683,0.0,407.9111936879367,2277.99,464608.8100545914,False,929118.4465982397,973320.9783707227
2021-06-01,1238850.757015165,2.616155084525235e-05,-8.158223873751314,331.19859878059594,296.8788240616964,343.30382409545075,2706.46,464569.03388068685,True,929360.72687942,1103995.3292686532
2021-06-02,1239125.5315598059,0.0002747745446409099,3.433038240873327,271.3415064000347,0.0,343.30382409545075,2706.46,464569.03388068685,False,929344.1486698544,904471.6880001156
2021-06-03,1239225.8136965586,0.00010028213675273582,-178.51798852962816,278.80012528233243,0.0,343.30382409545075,2706.46,464569.03388068685,False,929419.3602724189,929333.7509411081
2021-06-04,1239427.5053798223,0.00020169168326375074,-92.69203250576545,294.38371576949726,0.0,343.30382409545075,2706.46,464569.03388068685,False,929570.6290348668,981279.0525649907
2021-06-05,1240123.3214664871,0.0006958160866647959,418.8306653965373,276.98542126816386,0.0,343.30382409545075,2706.46,464569.03388068685,False,930092.4910998654,923284.7375605461
2021-06-06,1240414.5227558073,0.00029120128932013176,20.59822944570831,270.60305987440535,0.0,343.30382409545075,2706.46,464569.03388068685,False,930310.8920668554,902010.1995813511
2021-06-07,1240841.3832976492,0.0004268605418419465,147.62064436098763,279.2398974809987,0.0,343.30382409545075,2706.46,464569.03388068685,False,930631.0374732369,930799.6582699957
2021-06-08,1240737.6207467278,-0.00010376255092141218,-370.7681300230618,267.00557910170915,0.0,343.30382409545075,2706.46,464569.03388068685,False,930553.2155600458,890018.5970056971
2021-06-09,1241599.9446809397,0.0008623239342118613,604.2147304079122,258.10920380409965,0.0,343.30382409545075,2706.46,464569.03388068685,False,931199.9585107048,860364.0126803321
2021-06-10,1241422.4772021119,-0.00017746747882780618,-446.2949713239923,268.8274924961836,0.0,343.30382409545075,2706.46,464569.03388068685,False,931066.8579015839,896091.6416539454
2021-06-11,1241652.068937063,0.0002295917349511292,-13.732152963805541,243.323887914945,0.0,343.30382409545075,2706.46,464569.03388068685,False,931239.0517027972,848320.9145310636
2021-06-12,1241643.955526207,-8.113410855876281e-06,-41.19645889141662,242.4669083630145,209.38386032741596,395.5539839204228,2354.25,465616.4833223277,True,931390.0045399008,808223.027876715
2021-06-13,1242000.4220520982,0.00035646652589109727,75.15525694472204,281.3112689464781,0.0,395.5539839204228,2354.25,465616.4833223277,False,931500.3165390736,937704.2298215936
2021-06-14,1242529.1436342173,0.0005287215821191203,292.7099481012064,236.01163401772746,0.0,395.5539839204228,2354.25,465616.4833223277,False,931896.857725663,992270.9019034158
2021-06-15,1242839.2342243718,0.0003100905901545193,3.955539839110692,306.13505031537204,0.0,395.5539839204228,2354.25,465616.4833223277,False,932129.425668279,1020450.1677179069
2021-06-16,1242543.867735715,-0.0002953664886569604,-597.2865157197449,301.92002706271603,0.0,395.5539839204228,2354.25,465616.4833223277,False,931907.9008017862,1006400.0902090535
2021-06-17,1243580.2397423936,0.001036372006678721,755.50810928795,280.8638973906641,0.0,395.5539839204228,2354.25,465616.4833223277,False,932685.1798067952,936212.9913022136
2021-06-18,1243600.0518448974,1.981210250384174e-05,-158.2215935680252,178.03369607194173,0.0,395.5539839204228,2354.25,465616.4833223277,False,932700.038883673,938451.8268512031
2021-06-19,1244170.8392233239,0.0005707873784264084,644.7529937903323,-73.96561536406898,0.0,395.5539839204228,2354.25,465616.4833223277,False,933128.1294174929,882749.914835529
2021-06-20,1243837.872186847,-0.0003329670364768244,-170.08821308589694,-162.87882339093875,0.0,395.5539839204228,2354.25,465616.4833223277,False,932878.4041401353,855725.666654086
2021-06-21,1243276.2697660653,-0.000561602420781739,-470.7092408653247,-90.89317991638951,0.0,395.5539839204228,2354.25,465616.4833223277,False,932457.202324549,887108.9197383322
2021-06-22,1242953.6336715685,-0.00032263609449681825,-106.79957565850697,101.94991076078182,317.78642959916,494.60948415104195,1884.75,466107.61262683815,True,932453.5650758757,745520.3711940169
2021-06-23,1242997.7742941098,4.41406225413084e-05,153.32894008679602,-109.18831754544,0.0,494.60948415104195,1884.75,466107.61262683815,False,932248.3307205823,929104.1315983663
2021-06-24,1243465.7449059852,0.00046797061187541113,316.55006985671633,151.42054201867535,0.0,494.60948415104195,1884.75,466107.61262683815,False,932599.308679489,972639.658393341
2021-06-25,1243021.231085289,-0.0004445138206961565,-712.2376571775274,267.72383648124173,0.0,494.60948415104195,1884.75,466107.61262683815,False,932265.9233139667,984025.568718498
2021-06-26,1243338.42430575,0.00031719322046102027,464.9329151020064,-147.73969464088128,0.0,494.60948415104195,1884.75,466107.61262683815,False,932503.8182293125,894253.9473450838
2021-06-27,1242917.4076806838,-0.0004210166250662878,4.946094841505921,-425.9627199077691,0.0,494.60948415104195,1884.75,466107.61262683815,False,932188.0557605128,904571.5011844746
2021-06-28,1243093.4822815254,0.0001760746008416172,143.43675040378417,32.637850437718065,0.0,494.60948415104195,1884.75,466107.61262683815,False,932320.111711144,979821.3881032141
2021-06-29,1242756.6173077156,-0.0003368649738098029,-197.84379366046176,28.175061769817376,167.19624191915184,447.3458582615184,2083.55,466033.7314903934,True,932192.860162226,1030543.5907029036
2021-06-30,1242850.340291134,9.372298341849819e-05,-196.8321776350925,290.5551610535806,0.0,447.3458582615184,2083.55,466033.7314903934,False,932137.7552183506,968517.2035119353
2021-07-01,1243074.5834868506,0.0002242431957165245,116.30992314809244,252.93080871108592,144.9975361425154,409.8066090906501,2274.99,466152.968807569,True,932414.6857672449,1017707.3540863716
2021-07-02,1243126.764993433,5.2181506582302976e-05,200.8052384543291,-148.62373187208348,0.0,409.8066090906501,2274.99,466152.968807569,False,932345.0737450747,862737.1676559093
2021-07-03,1243234.037239534,0.00010727224610117264,53.27485918182924,53.99738691935523,0.0,409.8066090906501,2274.99,466152.968807569,False,932425.5279296506,882166.098992897
2021-07-04,1243085.6925745292,-0.0001483446650048718,-422.1008073634516,273.75614235847246,0.0,409.8066090906501,2274.99,466152.968807569,False,932314.269430897,912520.4745282416
2021-07-05,1243389.0693781944,0.0003033768036651891,114.74585054546402,188.63095311985583,0.0,409.8066090906501,2274.99,466152.968807569,False,932541.8020336458,951624.2211676714
2021-07-06,1243838.9071411157,0.0004498377629213501,372.924014272432,76.91374864895973,0.0,409.8066090906501,2274.99,466152.968807569,False,932879.1803558369,899681.2334654315
2021-07-07,1243738.5019664986,-0.00010040517461718991,-319.64915509060273,219.24398047340617,0.0,409.8066090906501,2274.99,466152.968807569,False,932803.8764748739,951497.1811188533
2021-07-08,1244282.128206606,0.0005436262401074637,377.0220803634279,166.60415974406288,0.0,409.8066090906501,2274.99,466152.968807569,False,933211.5961549545,948554.7696655823
2021-07-09,1244435.895414262,0.0001537672076560557,-40.98066090902774,194.7478685651329,0.0,409.8066090906501,2274.99,466152.968807569,False,933326.9215606966,866663.1149709978
2021-07-10,1243913.0723385161,-0.0005228230757459533,-786.8286894542643,264.00561370837863,0.0,409.8066090906501,2274.99,466152.968807569,False,932934.8042538872,880018.7123612621
2021-07-11,1244152.1297454764,0.00023905740696028807,-20.49033045442069,259.5477374146905,0.0,409.8066090906501,2274.99,466152.968807569,False,933114.0973091073,865159.124715635
2021-07-12,1244718.5144441552,0.0005663846986787394,303.2568907269916,263.1278079517065,0.0,409.8066090906501,2274.99,466152.968807569,False,933538.8858331164,877092.693172355
2021-07-13,1244909.3168954663,0.00019080245131114498,209.001370636321,154.49463245967524,172.69355178475752,459.7652072955218,2030.78,466840.99383579986,True,933811.5078354384,832227.0656091104
2021-07-14,1244770.4619155696,-0.0001388549798966851,-303.44503681497747,164.5900569183174,0.0,459.7652072955218,2030.78,466840.99383579986,False,933577.8464366773,892087.0293675739
2021-07-15,1245217.130490708,0.0004466685751383193,211.49199535595676,235.1765797822345,0.0,459.7652072955218,2030.78,466840.99383579986,False,933912.8478680309,916689.0656099572
2021-07-16,1245264.992313612,4.7861822904087606e-05,-188.50373499120158,236.36555789538713,0.0,459.7652072955218,2030.78,466840.99383579986,False,933948.744235209,882454.9482747327
2021-07-17,1245575.2853976514,0.00031029308403935285,91.95304145912527,218.3400425800372,0.0,459.7652072955218,2030.78,466840.99383579986,False,934181.4640482385,862560.9077550555
2021-07-18,1246099.2177361029,0.0005239323384515009,262.0661681584182,261.86617029327385,0.0,459.7652072955218,2030.78,466840.99383579986,False,934574.4133020772,872887.2343109129
2021-07-19,1246063.6644107804,-3.555332532245666e-05,-45.97652072951036,10.423195406912926,0.0,459.7652072955218,2030.78,466840.99383579986,False,934547.7483080854,869324.0539543726
2021-07-20,1245249.1807224923,-0.0008144836882881354,-239.0779077937675,-408.7635962969743,166.64218419752874,513.6036546094749,1818.4,466968.4427709346,True,934061.8671800173,836037.0529461768
2021-07-21,1245009.1957867797,-0.00023998493571253493,256.80182730473746,-496.7867630172308,0.0,513.6036546094749,1818.4,466968.4427709346,False,933756.8968400848,916885.2442088346
2021-07-22,1244890.373581286,-0.0001188222054936923,-426.2910333258268,307.4688278319622,0.0,513.6036546094749,1818.4,466968.4427709346,False,933667.7801859645,1024896.0927732072
2021-07-23,1245147.3844490023,0.0002570108677162789,138.6729867445489,297.7536654545388,179.4157844825881,461.3935466090671,2024.0,466930.2691683759,True,933995.1001751137,1039533.7969295772
2021-07-24,1245156.3067631656,8.922314163297414e-06,-161.48774131313152,170.41005547645747,0.0,461.3935466090671,2024.0,466930.2691683759,False,933867.2300723742,980156.7668035056
2021-07-25,1245956.1982059681,0.0007998914428025019,664.4067071170817,135.48473568529627,0.0,461.3935466090671,2024.0,466930.2691683759,False,934467.148654476,1007471.2647627624
2021-07-26,1246402.1096921207,0.0004459114861525595,143.03199944878563,302.87948670378904,0.0,461.3935466090671,2024.0,466930.2691683759,False,934801.5822690905,1009598.2890126301
2021-07-27,1246110.6160139665,-0.000291493678154191,-599.8116105918712,308.31793243767015,0.0,461.3935466090671,2024.0,466930.2691683759,False,934582.9620104749,1027726.4414589003
2021-07-28,1246653.9440908993,0.0005433280769328122,484.46322393939454,271.62904756411274,212.7641945704692,406.862539138911,2298.05,467495.2290340873,True,935150.0312141024,1060305.4397849666
2021-07-29,1246634.276301889,-1.9667789010331035e-05,-260.3920250486662,240.72423603832792,0.0,406.862539138911,2298.05,467495.2290340873,False,934975.7072264168,935832.663524192
2021-07-30,1246803.0164370588,0.00016874013516982085,-122.05876174174732,290.7988969114495,0.0,406.862539138911,2298.05,467495.2290340873,False,935102.2623277941,969329.6563714985
2021-07-31,1247009.8881362593,0.00020687169920047746,-93.57838400195693,300.45008320236366,0.0,406.862539138911,2298.05,467495.2290340873,False,935257.4161021945,1001500.2773412123
2021-08-01,1247354.4446825,0.00034455654624081217,195.2940187866847,308.8538289482779,159.59130149398197,369.7150351576548,2530.37,467757.9167559375,True,935635.5269879956,1029512.7631609262
2021-08-02,1247656.2859526433,0.0003018412701431662,18.48575175794999,283.3555183853892,0.0,369.7150351576548,2530.37,467757.9167559375,False,935742.2144644824,944518.3946179638
2021-08-03,1247505.1485954612,-0.00015113735718210228,-351.22928339987294,200.09192621779368,0.0,369.7150351576548,2530.37,467757.9167559375,False,935628.8614465959,963880.3710091704
2021-08-04,1248493.3425714504,0.000988193975989241,805.9787766437951,182.21519934548402,0.0,369.7150351576548,2530.37,467757.9167559375,False,936370.0069285878,926690.7356226618
2021-08-05,1247886.085626204,-0.0006072569452463649,-909.4989864878443,302.2420412413829,0.0,369.7150351576548,2530.37,467757.9167559375,False,935914.564219653,1007473.4708046094
2021-08-06,1248255.0014937832,0.00036891586757916957,240.31477285250926,313.5342475602031,184.933152833381,331.1829415915245,2826.81,468095.6255601687,True,936329.9509849625,1045114.1585340102
2021-08-07,1248306.305912885,5.130441910191439e-05,-314.62379451203867,365.92821361405936,0.0,331.1829415915245,2826.81,468095.6255601687,False,936229.7294346639,957877.1101357505
2021-08-08,1247796.519300644,-0.0005097866122410632,-672.3013714308611,352.2824214041099,189.7676622143256,295.8490258390025,3163.26,467923.69473774155,True,935989.7152221438,1047617.7518188059
2021-08-09,1248366.9850183066,0.0005704657176625915,165.6754544699598,404.7902631926769,0.0,295.8490258390025,3163.26,467923.69473774155,False,936275.23876373,891706.7148203038
2021-08-10,1248775.093683695,0.00040810866538831033,-207.09431808724793,615.2029834755837,0.0,295.8490258390025,3163.26,467923.69473774155,False,936581.3202627712,935897.6838098755
2021-08-11,1249535.2288641697,0.0007601351804747246,26.626412325418737,733.5087681494945,0.0,295.8490258390025,3163.26,467923.69473774155,False,937151.4216481273,930140.4617670486
2021-08-12,1250435.7194674509,0.000900490603281185,505.901834184705,394.5887690963786,0.0,295.8490258390025,3163.26,467923.69473774155,False,937826.7896005881,935332.6121705231
2021-08-13,1251173.8278751958,0.000738108407744905,177.50941550337458,560.5989922414458,0.0,295.8490258390025,3163.26,467923.69473774155,False,938380.3709063968,901342.5175918802
2021-08-14,1251650.6515574807,0.000476823682284914,-375.7282628155278,852.5519451005368,0.0,295.8490258390025,3163.26,467923.69473774155,False,938737.9886681105,983437.6637719449
2021-08-15,1251854.7974871632,0.0002041459296825342,-402.35467514108103,606.500604823697,0.0,295.8490258390025,3163.26,467923.69473774155,False,938891.0981153725,966334.6315881922
2021-08-16,1251768.0563628804,-8.674112428282388e-05,-535.4867367685783,448.7456124856938,0.0,295.8490258390025,3163.26,467923.69473774155,False,938826.0422721603,979943.6867767862
2021-08-17,1253621.268269791,0.0018532119069106412,1573.9168174634071,279.295089447207,0.0,295.8490258390025,3163.26,467923.69473774155,False,940215.9512023432,930983.6314906898
2021-08-18,1252924.3630501854,-0.0006969052196056583,-964.4678242350781,267.5626046295096,0.0,295.8490258390025,3163.26,467923.69473774155,False,939693.2722876391,891875.3487650321
2021-08-19,1254011.3990548826,0.0010870360046972055,819.5018015740314,267.53420312302904,0.0,295.8490258390025,3163.26,467923.69473774155,False,940508.5492911619,891780.6770767636
2021-08-20,1253973.430790876,-3.796826400654391e-05,-745.5395451142808,707.571281107816,0.0,295.8490258390025,3163.26,467923.69473774155,False,940480.073093157,942799.8415826996
2021-08-21,1254764.8394816567,0.000791408690780634,239.63771092957586,551.7709798510764,0.0,295.8490258390025,3163.26,467923.69473774155,False,941073.6296112426,972352.2007737575
2021-08-22,1254896.398442241,0.00013155896058422514,-352.06034074829455,483.6193013326045,0.0,295.8490258390025,3163.26,467923.69473774155,False,941172.2988316807,954524.3384766992
2021-08-23,1256341.1405369816,0.0014447420947407373,-76.92074671820522,1521.6628414590948,0.0,295.8490258390025,3163.26,467923.69473774155,False,942255.8554027362,958932.4889617004
2021-08-24,1257974.772859058,0.0016336323220764752,464.48297056728234,1169.1493515092004,0.0,295.8490258390025,3163.26,467923.69473774155,False,943481.0796442935,983106.3128630052
2021-08-25,1257925.859398189,-4.891346086910926e-05,-485.1924023759264,436.27894150675814,0.0,295.8490258390025,3163.26,467923.69473774155,False,943444.3945486418,939021.8495227355
2021-08-26,1258904.6374398037,0.0009787780416146852,692.2867204631743,286.4913211517148,0.0,295.8490258390025,3163.26,467923.69473774155,False,944178.4780798528,954971.0705057161
2021-08-27,1259259.1068791696,0.000354469439365901,79.87923697652529,274.5902023892893,0.0,295.8490258390025,3163.26,467923.69473774155,False,944444.3301593772,915300.6746309643
2021-08-28,1259756.8077365842,0.0004977008574146312,153.8414934362759,343.8593639782734,0.0,295.8490258390025,3163.26,467923.69473774155,False,944817.6058024382,968645.2124799947
2021-08-29,1259373.501890096,-0.00038330584648810326,-736.6640743390516,353.35822785088214,0.0,295.8490258390025,3163.26,467923.69473774155,False,944530.1264175721,960760.8359413854
2021-08-30,1259872.788835912,0.0004992869458158966,213.01129860402258,286.2756472118782,0.0,295.8490258390025,3163.26,467923.69473774155,False,944904.591626934,954252.1573729273
2021-08-31,1260474.8436949695,0.0006020548590575345,213.01129860402258,389.04356045339154,0.0,295.8490258390025,3163.26,467923.69473774155,False,945356.1327712272,955716.6100508304
2021-09-01,1260655.5428234783,0.00018069912850880065,-5.916980516640131,304.4721373951319,117.85602836964124,275.6141708961719,3430.49,472745.82855880435,True,945580.0491388859,1014907.1246504396
2021-09-02,1260978.490978516,0.0003229481550375931,-909.5267639574174,1419.6778585629968,187.20293956796183,246.83638657048482,3831.42,472866.9341169435,True,945874.2704385628,1055993.646655011
2021-09-03,1262564.3452179553,0.001585854239439359,365.31785212432203,1220.5363873150877,0.0,246.83638657048482,3831.42,472866.9341169435,False,946923.2589134665,935248.2585323728
2021-09-04,1264349.188184825,0.0017848429668697063,-394.9382185127533,2179.7811853825015,0.0,246.83638657048482,3831.42,472866.9341169435,False,948261.8911386188,973233.9100617047
2021-09-05,1266454.152751869,0.0021049645670440514,93.79782689681117,2011.166740147167,0.0,246.83638657048482,3831.42,472866.9341169435,False,949840.6145639018,960181.2019398573
2021-09-06,1268634.0946662703,0.00217994191440125,508.48295633518524,1671.4589580661202,0.0,246.83638657048482,3831.42,472866.9341169435,False,951475.5709997027,975635.6281030355
2021-09-07,1269924.8209162913,0.00129072625002102,-14.810183194327868,1305.5364332152506,0.0,246.83638657048482,3831.42,472866.9341169435,False,952443.6156872185,969822.6311993006
2021-09-08,1270538.5256711065,0.0006137047548152041,538.1033227237288,254.3648963608846,178.76346426925795,277.41015844347305,3435.0,476451.947126665,True,953037.9668515318,847882.9878696153
2021-09-09,1271242.9543960828,0.0007044287249762565,413.34113608084044,291.08758889537006,0.0,277.41015844347305,3435.0,476451.947126665,False,953432.215797062,970291.9629845668
2021-09-10,1270745.8156960309,-0.0004971387000519316,-782.2966468106395,285.1579467586408,0.0,277.41015844347305,3435.0,476451.947126665,False,953059.3617720231,950526.4891954693
2021-09-11,1271148.880172792,0.0004030644767610356,135.93097763724126,267.1334991239346,0.0,277.41015844347305,3435.0,476451.947126665,False,953361.6601295939,890444.997079782
2021-09-12,1271648.2695014593,0.0004993893286674284,227.47632992356716,271.9129987437572,0.0,277.41015844347305,3435.0,476451.947126665,False,953736.2021260945,906376.6624791907
2021-09-13,1271607.1281879116,-4.114131354773417e-05,-324.5698853787575,283.4285718309042,0.0,277.41015844347305,3435.0,476451.947126665,False,953705.3461409337,944761.906103014
2021-09-14,1272510.167883595,0.0009030396956834011,629.7210596666788,273.3186360165903,0.0,277.41015844347305,3435.0,476451.947126665,False,954382.6259126962,911062.1200553009
2021-09-15,1272285.6284950187,-0.00022453938857628963,-510.43469153603075,285.8953029597836,0.0,277.41015844347305,3435.0,476451.947126665,False,954214.221371264,952984.3431992786
2021-09-16,1272519.8772391404,0.00023424874412175268,-66.57843802637298,300.82718214816197,0.0,277.41015844347305,3435.0,476451.947126665,False,954389.9079293553,1002757.2738272065
2021-09-17,1272448.0662907055,-7.181094843498431e-05,-368.95551072992515,297.1445622948249,0.0,277.41015844347305,3435.0,476451.947126665,False,954336.0497180291,990481.8743160828
2021-09-18,1273113.9338940172,0.0006658676033117809,382.8260186520231,283.0415846598755,0.0,277.41015844347305,3435.0,476451.947126665,False,954835.4504205129,943471.9488662519
2021-09-19,1273785.4351428268,0.0006715012488095089,385.60012023639223,285.90112857311084,0.0,277.41015844347305,3435.0,476451.947126665,False,955339.0763571201,953003.7619103696
2021-09-20,1273868.2967249237,8.286158209689893e-05,-194.18711091025452,277.0486930070212,0.0,277.41015844347305,3435.0,476451.947126665,False,955401.2225436927,923495.6433567373
2021-09-21,1273730.008283074,-0.00013828844184963964,-166.44609506618474,247.8665313895601,219.70887817308295,320.748304831653,2978.34,477648.7531061527,True,955462.2878709353,826221.7712985335
2021-09-22,1274724.2128794107,0.0009942045963366982,728.0986519678465,266.1059443688374,0.0,320.748304831653,2978.34,477648.7531061527,False,956043.159659558,887019.8145627914
2021-09-23,1274715.548184704,-8.664694706676527e-06,-304.710889590012,296.04619488334805,0.0,320.748304831653,2978.34,477648.7531061527,False,956036.661138528,986820.6496111603
2021-09-24,1275063.8144392297,0.00034826625452563165,452.25510981258407,-103.98885528700487,0.0,320.748304831653,2978.34,477648.7531061527,False,956297.8608294223,1010581.6840330891
2021-09-25,1275118.9006687736,5.508622954390012e-05,48.112245724631265,6.973983819300766,0.0,320.748304831653,2978.34,477648.7531061527,False,956339.1755015801,938625.0093271561
2021-09-26,1274910.9365062232,-0.00020796416255040094,-352.82313531464325,144.8589727643067,0.0,320.748304831653,2978.34,477648.7531061527,False,956183.2023796674,936931.4582776449
2021-09-27,1275519.4877745039,0.0006085512682807166,314.3333387350258,294.21792954580764,0.0,320.748304831653,2978.34,477648.7531061527,False,956639.6158308779,980726.4318193588
2021-09-28,1275369.2382080285,-0.0001502495664753951,-182.82653375409473,32.576967278801106,0.0,320.748304831653,2978.34,477648.7531061527,False,956526.9286560214,937736.5365227724
2021-09-29,1275569.0052321516,0.00019976702412310987,205.2789150922171,-5.511890969073265,0.0,320.748304831653,2978.34,477648.7531061527,False,956676.7539241137,899166.5528667662
2021-09-30,1275716.8003757617,0.00014779514361009933,83.39455925615394,64.4005843538399,0.0,320.748304831653,2978.34,477648.7531061527,False,956787.6002818213,913613.0565163838
2021-10-01,1275579.3722410703,-0.00013742813469143583,-288.67347434837103,160.38644012301046,9.141100465953908,318.953317835204,2999.45,478342.2645904013,True,956691.3850061522,962068.5029273016
2021-10-02,1275776.643523978,0.0001972712829078082,47.84299767516457,316.5857273569133,167.1574421240617,289.19645004155353,3308.59,478416.24132149183,True,956957.8507245766,1055285.7578563776
2021-10-03,1275842.051663477,6.540813949890435e-05,-228.46519553268527,293.8733350316255,0.0,289.19645004155353,3308.59,478416.24132149183,False,956881.5387476077,979577.7834387517
2021-10-04,1275846.523508184,4.471844706917182e-06,-292.0884145420322,296.5602592489617,0.0,289.19645004155353,3308.59,478416.24132149183,False,956884.892631138,988534.1974965387
2021-10-05,1276334.061294736,0.0004875377865522169,193.7616215278619,293.7761650244116,0.0,289.19645004155353,3308.59,478416.24132149183,False,957250.545971052,979253.8834147052
2021-10-06,1276003.6137407885,-0.0003304475539475679,-679.6116575976245,349.164103649911,0.0,289.19645004155353,3308.59,478416.24132149183,False,957002.7103055913,1017289.0005241703
2021-10-07,1276832.7482225085,0.0008291344817199279,40.487503005780674,788.6469787139297,0.0,289.19645004155353,3308.59,478416.24132149183,False,957624.5611668814,1034426.7821536328
2021-10-08,1277302.7984566158,0.0004700502341073006,-104.1107220149961,574.1609561222731,0.0,289.19645004155353,3308.59,478416.24132149183,False,957977.0988424618,1038171.8761816709
2021-10-09,1278100.7336849621,0.0007979352283463814,488.74200057024126,309.19322777612683,0.0,289.19645004155353,3308.59,478416.24132149183,False,958575.5502637216,1030644.0925870894
2021-10-10,1277795.1383502209,-0.0003055953347412869,-615.9884385885406,310.39310384734915,0.0,289.19645004155353,3308.59,478416.24132149183,False,958346.3537626656,1034643.679491164
2021-10-11,1278906.3311174372,0.0011111927672163584,587.06879358428,524.1239736320946,0.0,289.19645004155353,3308.59,478416.24132149183,False,959179.7483380779,987608.7688564057
2021-10-12,1279161.6704714831,0.00025533935404592196,-52.05536100743229,307.3947150533184,0.0,289.19645004155353,3308.59,478416.24132149183,False,959371.2528536124,1024649.050177728
2021-10-13,1279320.1125305675,0.0001584420590843074,-144.59822502077677,303.0402841050427,0.0,289.19645004155353,3308.59,478416.24132149183,False,959490.0843979255,1010134.2803501424
2021-10-14,1279756.119481662,0.00043600695109460505,-393.3071720564181,829.3141231510838,0.0,289.19645004155353,3308.59,478416.24132149183,False,959817.0896112465,1044068.5917980182
2021-10-15,1280506.6781193872,0.0007505586377251893,-153.27411852194973,1136.2381823184603,232.40542607126508,253.11925332734356,3794.18,480190.0042947702,True,960554.3126590939,1097263.3868186616
2021-10-16,1281322.4079758893,0.0008157298565020319,-242.99448319425903,1058.7243396962858,0.0,253.11925332734356,3794.18,480190.0042947702,False,960991.805981917,980254.9323608034
2021-10-17,1282781.1492621247,0.0014587412862353958,250.58806079401486,1208.153225441444,0.0,253.11925332734356,3794.18,480190.0042947702,False,962085.8619465935,970279.5025871728
2021-10-18,1283366.6411600495,0.0005854918979248032,-212.62017279500543,798.1120707197716,0.0,253.11925332734356,3794.18,480190.0042947702,False,962524.9808700371,974805.2748366657
2021-10-19,1284508.4362812424,0.0011417951211929321,260.7128309272145,881.0822902658001,0.0,253.11925332734356,3794.18,480190.0042947702,False,963381.3272109318,948716.2733962163
2021-10-20,1285392.9754265426,0.0008845391453001649,-346.773377058433,1231.3125223583922,0.0,253.11925332734356,3794.18,480190.0042947702,False,964044.7315699069,982479.8505975507
2021-10-21,1287760.1346466749,0.0023671592201322785,442.9586933227361,1924.2005268096218,0.0,253.11925332734356,3794.18,480190.0042947702,False,965820.1009850062,1054021.476357991
2021-10-22,1288426.0556355175,0.0006659209888426121,-379.6788799910153,1045.599868833532,0.0,253.11925332734356,3794.18,480190.0042947702,False,966319.5417266381,1026970.621754898
2021-10-23,1289294.3251815576,0.000868269546040101,227.80732799463223,640.4622180455513,0.0,253.11925332734356,3794.18,480190.0042947702,False,966970.7438861681,1006288.2475655207
2021-10-24,1290396.5992595728,0.001102274078015238,-2.5311925332135807,1104.805270548445,0.0,253.11925332734356,3794.18,480190.0042947702,False,967797.4494446795,1055633.8460016863
2021-10-25,1291870.7045887408,0.001474105329168029,278.4311786600549,1195.6741505078705,0.0,253.11925332734356,3794.18,480190.0042947702,False,968903.0284415556,1033890.9021408674
2021-10-26,1292604.5584598936,0.0007338538711527362,-379.67887999113043,1282.9006686607402,169.36791751677578,229.50368924368334,4224.13,484726.70942246006,True,969580.4447830578,1069208.6315576318
2021-10-27,1294021.4151834003,0.001416856723506702,440.64708334809745,976.2096401585499,0.0,229.50368924368334,4224.13,484726.70942246006,False,970516.0613875502,948623.6640091634
2021-10-28,1294437.278462803,0.00041586327940272165,59.67095920319903,356.1923201995027,0.0,229.50368924368334,4224.13,484726.70942246006,False,970827.9588471022,900476.085042731
2021-10-29,1295157.2116711312,0.0007199332083282061,-300.6498329091083,1020.583041237135,0.0,229.50368924368334,4224.13,484726.70942246006,False,971367.9087533484,984320.6678341259
2021-10-30,1296068.8120974745,0.0009116004263432696,59.67095920340776,851.9294671396967,0.0,229.50368924368334,4224.13,484726.70942246006,False,972051.6090731059,1014757.4471016232
2021-10-31,1296634.7926189778,0.0005659805215033702,114.75184462184167,451.2286768815915,0.0,229.50368924368334,4224.13,484726.70942246006,False,972476.0944642334,992562.1453148666
2021-11-01,1297423.4295265868,0.0007886369076089468,172.12776693255378,635.59945694384,19.09031626750636,226.8820393588381,4288.87,486533.78607247,True,973081.8898821407,984311.4876865562
2021-11-02,1298149.4592016789,0.0007260296750920825,-431.0758747817099,1157.1055498738874,0.0,226.8820393588381,4288.87,486533.78607247,False,973612.0944012592,980747.5291772367
2021-11-03,1298939.6239670273,0.0007901647653484251,-45.37640787172635,835.5411732200324,0.0,226.8820393588381,4288.87,486533.78607247,False,974204.7179752705,1042107.7767218344
2021-11-04,1300119.3399712662,0.0011797160042389297,56.72050983970953,1122.9954943992634,0.0,226.8820393588381,4288.87,486533.78607247,False,975089.5049784497,1045152.5336900301
2021-11-05,1300879.4420980406,0.0007601021267743781,38.569946691018984,721.5321800835018,0.0,226.8820393588381,4288.87,486533.78607247,False,975659.5815735304,1028996.2636672872
2021-11-06,1301832.6611000507,0.0009532190020100679,4.537640787069462,948.6813612231307,0.0,226.8820393588381,4288.87,486533.78607247,False,976374.4958250381,1015816.6860009322
2021-11-07,1302443.7737375107,0.000611112637459999,-147.47332558316222,758.5859630432285,0.0,226.8820393588381,4288.87,486533.78607247,False,976832.830303133,1025892.5173688582
2021-11-08,1303155.5208244198,0.000711747086909134,-49.91404865900216,761.6611355680504,0.0,226.8820393588381,4288.87,486533.78607247,False,977366.6406183149,1047403.2035204698
2021-11-09,1302781.7343800075,-0.00037378644441231156,-505.9469477703163,327.671889641569,195.5113862835367,202.96217609100825,4814.13,488543.1503925028,True,977232.9343247182,1092239.6321385633
2021-11-10,1304157.1190456261,0.0013753846656186506,708.3379945577591,667.0466710608162,0.0,202.96217609100825,4814.13,488543.1503925028,False,978117.8392842195,961023.874169163
2021-11-11,1304341.9640406964,0.00018484499507024884,-219.19915017827412,404.04414524864916,0.0,202.96217609100825,4814.13,488543.1503925028,False,978256.4730305222,940206.0437675085
2021-11-12,1304944.0223124793,0.0006020582717829384,314.5913729410997,287.46689884173213,0.0,202.96217609100825,4814.13,488543.1503925028,False,978708.0167343596,958222.9961391072
2021-11-13,1305567.074991757,0.0006230526792777236,338.9468340719985,284.10584520566505,0.0,202.96217609100825,4814.13,488543.1503925028,False,979175.3062438178,947019.4840188836
2021-11-14,1305924.9634738748,0.0003578884821177926,75.09600515365089,282.7924769641802,0.0,202.96217609100825,4814.13,488543.1503925028,False,979443.7226054061,942641.5898806006
2021-11-15,1305836.3976946424,-8.856577923242002e-05,-629.1827458821994,540.6169666499436,0.0,202.96217609100825,4814.13,488543.1503925028,False,979377.2982709818,939664.1347573454
2021-11-16,1306169.832702211,0.0003334350075686816,2.029621760954385,331.4053858076438,0.0,202.96217609100825,4814.13,488543.1503925028,False,979627.3745266583,926930.2878293956
2021-11-17,1306904.064053708,0.0007342313514968846,692.1010204703085,256.3059129843036,214.17558195775325,232.85346865845676,4209.42,490089.0240201405,True,980338.6797267492,854353.043281012
2021-11-18,1307180.3214089244,0.0002762573552164249,-23.28534686593039,299.5427020822388,0.0,232.85346865845676,4209.42,490089.0240201405,False,980385.2410566933,998475.6736074626
2021-11-19,1307252.3467124363,7.202530351188034e-05,-207.239587105891,279.26489061758576,0.0,232.85346865845676,4209.42,490089.0240201405,False,980439.2600343272,930882.9687252857
2021-11-20,1308048.247319622,0.0007959006071856711,495.9778882425383,299.9227189430894,0.0,232.85346865845676,4209.42,490089.0240201405,False,981036.1854897165,999742.3964769645
2021-11-21,1308004.869279799,-4.337803982291371e-05,-351.60873767432054,308.2306978513544,0.0,232.85346865845676,4209.42,490089.0240201405,False,981003.6519598493,1027435.6595045149
2021-11-22,1308446.7748669635,0.0004419055871644523,144.36915056821778,297.5364365962775,0.0,232.85346865845676,4209.42,490089.0240201405,False,981335.0811502226,991788.1219875916
2021-11-23,1308604.1658820596,0.0001573910150961019,-128.06940776208768,285.4604228581813,0.0,232.85346865845676,4209.42,490089.0240201405,False,981453.1244115448,951534.7428606043
2021-11-24,1308492.956928256,-0.000111208953803638,-414.4791742120996,303.2702204085233,0.0,232.85346865845676,4209.42,490089.0240201405,False,981369.717696192,1010900.7346950778
2021-11-25,1309208.9955873988,0.0007160386591427959,167.65449743414817,548.3841617086392,0.0,232.85346865845676,4209.42,490089.0240201405,False,981906.7466905491,994584.6921461797
2021-11-26,1309286.7360674017,7.774048000294715e-05,-589.1192757060481,666.8597557090202,0.0,232.85346865845676,4209.42,490089.0240201405,False,981965.0520505513,1054407.076779224
2021-11-27,1310560.9563528877,0.0012742202854859642,991.9557764850766,282.26450900084393,0.0,232.85346865845676,4209.42,490089.0240201405,False,982920.7172646658,940881.6966694798
2021-11-28,1310711.9848798062,0.00015102852691849694,-135.05501182188797,286.0835387403113,0.0,232.85346865845676,4209.42,490089.0240201405,False,983033.9886598546,953611.7958010377
2021-11-29,1310499.8793537656,-0.00021210552604054102,-512.2776310485625,300.17210500802264,0.0,232.85346865845676,4209.42,490089.0240201405,False,982874.9095153243,1000573.6833600753
2021-11-30,1311299.1638298903,0.0007992844761246815,393.52236203269877,405.76211409211567,0.0,232.85346865845676,4209.42,490089.0240201405,False,983474.3728724178,1035054.6249990196
2021-12-01,1311382.2644098394,8.310057994909584e-05,-146.69768525485318,390.9361458764532,161.13788067261893,212.36134375503454,4631.43,491768.34915368987,True,983657.5517178841,1078444.5403488365
2021-12-02,1311135.0760180699,-0.00024718839176953773,-539.39781313778,292.2094213682713,0.0,212.36134375503454,4631.43,491768.34915368987,False,983351.3070135524,974031.4045609043
2021-12-03,1311606.5081944,0.0004714321763301268,159.27100781646905,312.1611685136049,0.0,212.36134375503454,4631.43,491768.34915368987,False,983704.8811458,958667.0613402275
2021-12-04,1312759.6557522868,0.001153147557886783,915.2773915840907,237.8701663025457,0.0,212.36134375503454,4631.43,491768.34915368987,False,984569.7418142151,894820.6233402764
2021-12-05,1312859.0731329238,9.94173806370236e-05,25.483361250580966,262.21040850406007,188.27638911759578,239.23579795122998,4115.79,492322.1524248464,True,984785.5121415311,874034.6950135336
2021-12-06,1312552.6733201123,-0.00030639981281151997,-607.658926796333,301.2591139848741,0.0,239.23579795122998,4115.79,492322.1524248464,False,984414.5049900842,1004197.046616247
2021-12-07,1313601.9318799989,0.001049258559886599,767.9469114236746,281.31164846279154,0.0,239.23579795122998,4115.79,492322.1524248464,False,985201.4489099991,1039584.8058491928
2021-12-08,1313537.7566379625,-6.417524203634821e-05,-373.2078448040145,309.0326027677034,0.0,239.23579795122998,4115.79,492322.1524248464,False,985153.3174784719,1030108.6758923446
2021-12-09,1314009.221017343,0.0004714643793804571,153.11091068886552,318.35346869168126,0.0,239.23579795122998,4115.79,492322.1524248464,False,985506.9157630072,1061178.2289722709
2021-12-10,1314346.1137278315,0.00033689271048852244,150.718552709301,186.17415777910503,0.0,239.23579795122998,4115.79,492322.1524248464,False,985759.5852958737,981775.8676322576
2021-12-11,1314762.1086944996,0.0004159949666680768,148.32619472973647,267.66877193851707,0.0,239.23579795122998,4115.79,492322.1524248464,False,986071.5815208748,932026.7834482993
2021-12-12,1314663.2224913028,-9.888620319683105e-05,-392.3467086400955,293.4605054432599,0.0,239.23579795122998,4115.79,492322.1524248464,False,985997.4168684771,978201.6848108663
2021-12-13,1314748.9016613166,8.567917001387104e-05,4.78471595912904,80.89445405477915,0.0,239.23579795122998,4115.79,492322.1524248464,False,986061.6762459874,987842.8874683008
2021-12-14,1315061.5723273854,0.0003126706660687923,179.4268484634225,133.24381760528183,0.0,239.23579795122998,4115.79,492322.1524248464,False,986296.179245539,904390.2640689733
2021-12-15,1315513.0105173553,0.00045143818996986376,174.64213250429344,276.79605746537106,0.0,239.23579795122998,4115.79,492322.1524248464,False,986634.7578880165,922653.5248845702
2021-12-16,1315308.1712729076,-0.00020483924444764852,-428.232078332693,223.39283388503188,0.0,239.23579795122998,4115.79,492322.1524248464,False,986481.1284546808,961491.0643239729
2021-12-17,1315563.5818031586,0.0002554105302509852,-28.708295754012696,284.11882600486024,0.0,239.23579795122998,4115.79,492322.1524248464,False,986672.6863523689,947062.7533495341
2021-12-18,1316287.1717602108,0.0007235899570521433,488.04102782039166,235.5489292316501,0.0,239.23579795122998,4115.79,492322.1524248464,False,987215.3788201581,926555.4607491547
2021-12-19,1316477.0786927335,0.0001899069325227756,-40.6700856517265,230.57701817464326,0.0,239.23579795122998,4115.79,492322.1524248464,False,987357.8090195502,946811.5557616854
2021-12-20,1316603.0968670116,0.0001260181742780842,-155.50326866832125,281.5214429465038,0.0,239.23579795122998,4115.79,492322.1524248464,False,987452.3226502587,938404.8098216791
2021-12-21,1316754.5551368082,0.00015145826979656704,-131.57968887311122,283.0379586697166,0.0,239.23579795122998,4115.79,492322.1524248464,False,987565.9163526061,943459.8622323886
2021-12-22,1316791.4725697332,3.6917432924965393e-05,-251.197587848835,288.1150207738376,0.0,239.23579795122998,4115.79,492322.1524248464,False,987593.6044272999,960383.4025794587
2021-12-23,1317217.3895759047,0.0004259170061715413,203.35042825863252,222.56657791295586,0.0,239.23579795122998,4115.79,492322.1524248464,False,987913.0421819285,951830.7228027022
2021-12-24,1317325.8574120451,0.00010846783614042215,-186.60392240211604,295.07175854246145,0.0,239.23579795122998,4115.79,492322.1524248464,False,987994.3930590339,983572.5284748714
2021-12-25,1317869.7736351278,0.0005439162230826914,253.58994582839952,290.3262772543008,0.0,239.23579795122998,4115.79,492322.1524248464,False,988402.3302263459,967754.257514336
2021-12-26,1318000.914087076,0.00013114045194815844,-162.6803426067972,293.82079455497444,0.0,239.23579795122998,4115.79,492322.1524248464,False,988500.685565307,979402.6485165814
2021-12-27,1318457.5482393415,0.0004566341522654984,165.07270058636175,291.5614516791231,0.0,239.23579795122998,4115.79,492322.1524248464,False,988843.1611795061,971871.5055970767
2021-12-28,1318305.7185033367,-0.00015182973600481636,-311.0065373366425,159.17680133186406,0.0,239.23579795122998,4115.79,492322.1524248464,False,988729.2888775025,965878.6488583983
2021-12-29,1318742.3430117392,0.00043662450840254314,210.5275021971085,226.0970062054761,0.0,239.23579795122998,4115.79,492322.1524248464,False,989056.7572588044,907182.1458310641
2021-12-30,1318921.3612295324,0.00017901821779320017,224.88165007416924,160.31418888982824,206.17762117094736,272.617816480726,3628.49,494595.5104610747,True,989345.6541380275,868064.7005080584
2021-12-31,1318864.3521753899,-5.700905414251611e-05,-237.17750033820187,180.16844619569565,0.0,272.617816480726,3628.49,494595.5104610747,False,989148.2641315424,1010989.5415279482
2022-01-01,1318976.7745012434,0.0001124223258534912,-166.29686805340154,300.64374586839415,21.924551961396844,269.10497546958044,3676.01,494616.29043796624,True,989249.0242899037,1002145.8195613136
2022-01-02,1319720.4904538938,0.0007437159526504111,613.5593440706972,130.15660857973162,0.0,269.10497546958044,3676.01,494616.29043796624,False,989790.3678404203,1012655.4779408047
2022-01-03,1319791.5919472163,7.110149332252332e-05,-129.17038822528113,200.2718815477559,0.0,269.10497546958044,3676.01,494616.29043796624,False,989843.6939604122,1029622.5466441617
2022-01-04,1320044.3409913816,0.00025274904416524804,-51.12994533935734,303.87898950473516,0.0,269.10497546958044,3676.01,494616.29043796624,False,990033.2557435362,1012929.9650157837
2022-01-05,1319725.6345868334,-0.0003187064045481384,-624.3235430893483,305.6171385412931,0.0,269.10497546958044,3676.01,494616.29043796624,False,989794.2259401251,1018723.7951376437
2022-01-06,1320588.7165664772,0.0008630819796437864,675.4534884287057,187.62849121527046,0.0,269.10497546958044,3676.01,494616.29043796624,False,990441.537424858,952042.2732660364
2022-01-07,1320840.8144313649,0.0002520978648876771,51.129945339112595,200.96791954852065,0.0,269.10497546958044,3676.01,494616.29043796624,False,990630.6108235237,916197.4905334883
2022-01-08,1320849.9683388153,9.153907450381667e-06,-26.91049754693357,258.0646747459654,222.00026974878185,309.90542274997387,3196.58,495318.7381270557,True,990803.976456423,860215.5824865514
2022-01-09,1320624.8707878892,-0.00022509755092603155,-303.70731429498005,78.60976336899209,0.0,309.90542274997387,3196.58,495318.7381270557,False,990468.6530909169,954465.3153107346
2022-01-10,1320702.4461383703,7.757535048108548e-05,266.518663565017,-188.9433130838152,0.0,309.90542274997387,3196.58,495318.7381270557,False,990526.8346037777,976198.9826081902
2022-01-11,1320771.508329401,6.906219103070907e-05,-111.56595219003005,180.6281432207552,0.0,309.90542274997387,3196.58,495318.7381270557,False,990578.6312470508,954896.083848357
2022-01-12,1320971.7680159835,0.00020025968658248894,387.38177843746735,-187.12209185494993,0.0,309.90542274997387,3196.58,495318.7381270557,False,990728.8260119876,1003120.4666824804
2022-01-13,1320668.1588509674,-0.0003036091650160961,-368.7874530724858,65.17828805619847,0.0,309.90542274997387,3196.58,495318.7381270557,False,990501.1191382256,1044356.482233592
2022-01-14,1320425.2346071857,-0.00024292424378171562,-430.7685376224242,187.84429384061826,0.0,309.90542274997387,3196.58,495318.7381270557,False,990318.9259553893,1004192.7394451954
2022-01-15,1321199.8488997254,0.0007746142925396562,471.05624257995464,303.5580499596151,0.0,309.90542274997387,3196.58,495318.7381270557,False,990899.886674794,1024426.4644965412
2022-01-16,1321610.336270859,0.0004104873711336404,198.33947056008475,212.14790057336054,0.0,309.90542274997387,3196.58,495318.7381270557,False,991207.7522031442,1030144.2195462781
2022-01-17,1321292.0903619167,-0.0003182459089423064,-328.49974811509634,10.253839173001266,0.0,309.90542274997387,3196.58,495318.7381270557,False,990969.0677714376,1036788.5918100376
2022-01-18,1321406.5759485897,0.00011448558667302132,-96.07068105247498,210.55626772548112,0.0,309.90542274997387,3196.58,495318.7381270557,False,991054.9319614423,994362.5394355662
2022-01-19,1321418.2041789545,1.1628230364760384e-05,-167.34892828497462,178.97715864989462,0.0,309.90542274997387,3196.58,495318.7381270557,False,991063.6531342159,979087.30114822
2022-01-20,1321915.5527976004,0.0004973486186459195,210.7356874699315,286.61293117608585,0.0,309.90542274997387,3196.58,495318.7381270557,False,991436.6645982002,955376.4372536195
2022-01-21,1322036.9764131228,0.00012142361552244984,105.36784373503622,16.055771787344078,0.0,309.90542274997387,3196.58,495318.7381270557,False,991527.7323098421,929691.4758161017
2022-01-22,1321604.5339206231,-0.00043244249249971473,-309.90542274997387,210.58458229641178,333.1216520462233,386.1465343313429,2566.91,495601.70022023364,True,991453.241679502,795499.3287111353
2022-01-23,1321930.606322003,0.0003260724013799336,405.45386104780465,-79.3814596677176,0.0,386.1465343313429,2566.91,495601.70022023364,False,991447.9547415023,930833.2512631053
2022-01-24,1321621.2193086643,-0.0003093870133387391,-390.007999674565,80.6209863359145,0.0,386.1465343313429,2566.91,495601.70022023364,False,991215.9144814983,980194.3627466807
2022-01-25,1322038.7865634027,0.00041756725473841654,420.8997224212199,-3.3324676828422444,0.0,386.1465343313429,2566.91,495601.70022023364,False,991529.089922552,941375.0516503508
2022-01-26,1321726.8636969666,-0.0003119228664361872,-7.722930686619834,-304.19993574960034,0.0,386.1465343313429,2566.91,495601.70022023364,False,991295.147772725,948904.909069812
2022-01-27,1321423.1275510073,-0.0003037361459592357,-111.98249495607539,-191.75365100322847,0.0,386.1465343313429,2566.91,495601.70022023364,False,991067.3456632555,950546.0318407202
2022-01-28,1321277.4760559106,-0.00014565149509673938,11.584396029841951,-157.23589112656728,0.0,386.1465343313429,2566.91,495601.70022023364,False,990958.1070419329,935482.4555364546
2022-01-29,1321450.221994228,0.00017274593831738457,92.67516823943801,80.07077007784042,0.0,386.1465343313429,2566.91,495601.70022023364,False,991087.666495671,982101.9266262776
2022-01-30,1321385.282375905,-6.493961832299828e-05,-57.92198014956095,-7.017638173438574,0.0,386.1465343313429,2566.91,495601.70022023364,False,991038.9617819288,1003953.9590040882
2022-01-31,1321209.8930192413,-0.00017538935666368342,-108.12102961267767,-67.26832705097799,0.0,386.1465343313429,2566.91,495601.70022023364,False,990907.419764431,1004154.7552019405
2022-02-01,1321059.7774942266,-0.0001501155250146985,146.73568304577682,-218.51325660146492,78.33795145900903,368.96438928428796,2685.34,495397.41656033497,True,990853.5865842642,1036934.7345013283
2022-02-02,1320818.6782807044,-0.00024109921352216042,-180.79255074922057,-60.306662773007794,0.0,368.96438928428796,2685.34,495397.41656033497,False,990614.0087105283,1028071.3053700614
2022-02-03,1320554.3116077986,-0.00026436667290586046,247.20614082049977,-511.5728137262183,0.0,368.96438928428796,2685.34,495397.41656033497,False,990415.7337058489,988260.0477662866
2022-02-04,1320556.3602501012,2.048642302630469e-06,-284.10257974889504,286.1512220515364,0.0,368.96438928428796,2685.34,495397.41656033497,False,990417.2701875758,994063.8576097286
2022-02-05,1320729.1238798662,0.00017276362976501695,125.44789235654382,240.8684671042731,193.55272969573525,330.8837545295693,2993.64,495273.4214549499,True,990692.0074571716,1104546.5543370158
2022-02-06,1320932.1124602924,0.00020298858042620122,-95.95628881356305,298.94486923984806,0.0,330.8837545295693,2993.64,495273.4214549499,False,990699.0843452193,996482.8974661602
2022-02-07,1320916.335202079,-1.5777258213376626e-05,-105.88280144951634,90.10554323632144,0.0,330.8837545295693,2993.64,495273.4214549499,False,990687.2514015592,1010605.0161094823
2022-02-08,1321275.9836075334,0.00035964840545435435,158.82420217419926,200.82420328026043,0.0,330.8837545295693,2993.64,495273.4214549499,False,990956.98770565,1038495.2077787797
2022-02-09,1321530.1539800472,0.00025417037251382134,79.41210108717488,174.75827142656885,0.0,330.8837545295693,2993.64,495273.4214549499,False,991147.6154850353,1030778.99862315
2022-02-10,1321601.6840690412,7.153008899395354e-05,115.80931408531916,-44.27922509149989,0.0,330.8837545295693,2993.64,495273.4214549499,False,991201.2630517809,1072655.6465964124
2022-02-11,1321427.09941735,-0.0001745846516911406,-112.50047653995124,-62.08417515108057,0.0,330.8837545295693,2993.64,495273.4214549499,False,991070.3245630125,1016107.6129473089
2022-02-12,1321730.787505211,0.00030368808786105365,13.235350181020264,290.45273767984673,0.0,330.8837545295693,2993.64,495273.4214549499,False,991298.0906289082,968175.7922661556
2022-02-13,1321789.2153754996,5.842787028849125e-05,9.926512635953284,48.501357652474965,0.0,330.8837545295693,2993.64,495273.4214549499,False,991341.9115316246,965201.1473129347
2022-02-14,1321789.978821237,7.634457375388592e-07,-241.54514080659158,242.30858654413697,0.0,330.8837545295693,2993.64,495273.4214549499,False,991342.4841159278,949745.5671388586
2022-02-15,1321879.5444782602,8.956565702310763e-05,23.161862817124018,66.40379420588042,0.0,330.8837545295693,2993.64,495273.4214549499,False,991409.6583586952,969115.5021290195
2022-02-16,1321834.915539217,-4.462893904326484e-05,-360.6632924371282,316.03435339379126,0.0,330.8837545295693,2993.64,495273.4214549499,False,991376.1866544127,1053447.8446459707
2022-02-17,1322242.370187357,0.0004074546481401194,238.2363032610732,169.21834487914688,0.0,330.8837545295693,2993.64,495273.4214549499,False,991681.7776405178,1032952.9048904094
2022-02-18,1322356.2295439178,0.00011385935656074434,205.1479278084473,-91.28857124750226,0.0,330.8837545295693,2993.64,495273.4214549499,False,991767.1721579384,956502.2134063523
2022-02-19,1322461.8125650827,0.00010558302116487176,-95.95628881356305,201.539309978494,0.0,330.8837545295693,2993.64,495273.4214549499,False,991846.359423812,919347.2766102271
2022-02-20,1322804.9991238946,0.0003431865588119253,294.4865415312745,48.700017280740724,0.0,330.8837545295693,2993.64,495273.4214549499,False,992103.749342921,913867.8416352174
2022-02-21,1322440.7100983288,-0.00036428902556584215,-152.2065270836139,0.13874458770732387,212.22124307003793,378.4572684505581,2620.72,495915.26628687326,True,991989.6985060491,867153.6731707327
2022-02-22,1322426.3526230666,-1.4357475262135267e-05,-45.41487221402567,31.057396951894592,0.0,378.4572684505581,2620.72,495915.26628687326,False,991819.7644672999,971454.3932403686
2022-02-23,1322275.9701760286,-0.00015038244703807869,-166.52119811826623,16.138751080305635,0.0,378.4572684505581,2620.72,495915.26628687326,False,991706.9776320214,997450.6230102375
2022-02-24,1322537.5744852936,0.00026160430926503613,367.10355039696566,-105.49924113171545,0.0,378.4572684505581,2620.72,495915.26628687326,False,991903.1808639702,975670.4072109078
2022-02-25,1322495.4298623363,-4.214462295733392e-05,-336.82696892077644,294.682345963611,0.0,378.4572684505581,2620.72,495915.26628687326,False,991871.5723967522,982274.48654537
2022-02-26,1323127.4254948108,0.0006319956324745435,317.9041054983518,314.09152697609784,0.0,378.4572684505581,2620.72,495915.26628687326,False,992345.5691211082,1046971.756586993
2022-02-27,1323225.716607736,9.829111292515882e-05,-117.32175321982446,215.61286614513742,0.0,378.4572684505581,2620.72,495915.26628687326,False,992419.287455802,1051411.060345918
2022-02-28,1322845.6524442013,-0.0003800641635346692,-196.79777959411123,-183.2663839406518,0.0,378.4572684505581,2620.72,495915.26628687326,False,992134.2393331509,990040.4296939754
2022-03-01,1322977.9647557645,0.00013231231156317518,-7.569145369176381,331.53424402171566,191.65278708925032,339.80016560224084,2920.05,496116.7367834117,True,992377.2131571404,1105114.1467390524
2022-03-02,1323260.9105770588,0.0002829458212943282,-20.388009936115907,303.3338312303052,0.0,339.80016560224084,2920.05,496116.7367834117,False,992445.6829327941,1011112.7707676839
2022-03-03,1323258.9546873055,-1.955889753298834e-06,-302.42214738595106,300.46625763278786,0.0,339.80016560224084,2920.05,496116.7367834117,False,992444.2160154791,1001554.1921092928
2022-03-04,1323952.1110063165,0.0006931563190110027,404.36219706668516,288.7941219443509,0.0,339.80016560224084,2920.05,496116.7367834117,False,992964.0832547373,962647.0731478363
2022-03-05,1324149.6853812623,0.00019757437494583428,285.43213910593175,87.04172889194797,174.89949305198908,379.0143169682079,2620.25,496556.13201797334,True,993243.4386557357,890361.3839192715
2022-03-06,1324098.2807447154,-5.1404636546969416e-05,-94.75357924222432,43.34894269527118,0.0,379.0143169682079,2620.25,496556.13201797334,False,993073.7105585365,1009523.5839606702
2022-03-07,1324335.227192585,0.00023694644786952996,125.07472459965338,111.87172326970084,0.0,379.0143169682079,2620.25,496556.13201797334,False,993251.4203944387,966243.9391060704
2022-03-08,1324179.21975968,-0.00015600743290479296,-250.1494491991344,94.14201629434186,0.0,379.0143169682079,2620.25,496556.13201797334,False,993134.41481976,943685.0069601227
2022-03-09,1324131.9942422532,-4.722551742685028e-05,-303.2114535744629,255.98593614772867,0.0,379.0143169682079,2620.25,496556.13201797334,False,993098.9956816899,976151.3733516193
2022-03-10,1324301.2257620017,0.00016923151974845678,49.27186120590839,119.95965854260486,0.0,379.0143169682079,2620.25,496556.13201797334,False,993225.9193215013,1033333.2633526128
2022-03-11,1324595.409464047,0.0002941837020453531,246.3593060293696,47.82439601610607,0.0,379.0143169682079,2620.25,496556.13201797334,False,993446.5570980352,987495.2718584778
2022-03-12,1324687.8493579712,9.243989392416551e-05,-113.7042950905313,206.1441890148683,0.0,379.0143169682079,2620.25,496556.13201797334,False,993515.8870184785,968722.6927390426
2022-03-13,1324859.0953767537,0.00017124601878249087,79.59300656333744,91.65301221916737,0.0,379.0143169682079,2620.25,496556.13201797334,False,993644.3215325653,973168.5306770797
2022-03-14,1325223.9074699625,0.0003648120932087768,272.89030821703386,91.9217849916478,0.0,379.0143169682079,2620.25,496556.13201797334,False,993917.9306024718,952754.819565172
2022-03-15,1324729.2428243572,-0.0004946646456052549,-541.9904732644752,47.3258276591779,0.0,379.0143169682079,2620.25,496556.13201797334,False,993546.932118268,981252.9060580115
2022-03-16,1324967.9645697915,0.00023872174543421715,-3.7901431697648094,242.511888603863,0.0,379.0143169682079,2620.25,496556.13201797334,False,993725.9734273436,991990.3816577208
2022-03-17,1325499.2797258042,0.0005313151560127735,216.03816067194055,315.2769953409323,0.0,379.0143169682079,2620.25,496556.13201797334,False,994124.4597943532,1050923.3178031074
2022-03-18,1325772.0734971797,0.00027279377137543636,53.06200437550084,219.73176699995716,0.0,379.0143169682079,2620.25,496556.13201797334,False,994329.0551228847,1065314.4914183903
2022-03-19,1325771.0570726092,-1.0164245704654604e-06,-132.65501093883827,334.0666301046312,202.42804373623628,338.43367589999315,2938.03,497164.14640222845,True,994480.113837259,1113555.4336821039
2022-03-20,1326117.9414373965,0.00034688436478725633,47.380714625955946,299.50365016121697,0.0,338.43367589999315,2938.03,497164.14640222845,False,994588.4560780474,998345.5005373898
2022-03-21,1326377.9123114422,0.0002599708740457427,-30.459030831048633,290.42990487666225,0.0,338.43367589999315,2938.03,497164.14640222845,False,994783.4342335816,968099.6829222075
2022-03-22,1326705.083253042,0.00032717094159987755,33.84336759012243,293.327574009718,0.0,338.43367589999315,2938.03,497164.14640222845,False,995028.8124397816,977758.5800323932
2022-03-23,1326922.6814137509,0.00021759816070878878,67.68673517993707,149.91142552871798,0.0,338.43367589999315,2938.03,497164.14640222845,False,995192.0110603131,1004633.5982356117
2022-03-24,1326869.2338219157,-5.344759183516726e-05,-240.28790988900744,186.84031805367627,0.0,338.43367589999315,2938.03,497164.14640222845,False,995151.9253664368,1027328.9605414652
2022-03-25,1327323.739080338,0.0004545052584223449,138.75780711910184,315.7474513033889,0.0,338.43367589999315,2938.03,497164.14640222845,False,995492.8043102536,1052491.5043446296
2022-03-26,1327552.0773074143,0.0002283382270762231,-33.84336758996854,262.181594666111,0.0,338.43367589999315,2938.03,497164.14640222845,False,995664.0579805607,1049608.0494259617
2022-03-27,1327886.216884885,0.0003341395774707198,263.9782672020624,70.16131026861014,0.0,338.43367589999315,2938.03,497164.14640222845,False,995914.6626636637,1063856.1071813514
2022-03-28,1327713.5204074092,-0.00017269647747580893,-304.5903083101785,334.54270392817097,202.6488730936607,302.21005104857244,3295.01,497892.57015277835,True,995937.1269603772,1115142.3464272365
2022-03-29,1327590.3338600344,-0.00012318654737481847,-407.98356891554533,284.79702154074465,0.0,302.21005104857244,3295.01,497892.57015277835,False,995692.7503950258,1007453.4703765421
2022-03-30,1328569.4037624164,0.0009790699023820926,670.9063133279078,308.1635890542293,0.0,302.21005104857244,3295.01,497892.57015277835,False,996427.0528218123,1027211.9635140977
2022-03-31,1328634.5381880887,6.513442567223683e-05,-241.76804083891292,306.90246651120367,0.0,302.21005104857244,3295.01,497892.57015277835,False,996475.9036410665,1023008.2217040121
2022-04-01,1328733.362507555,9.882431946625002e-05,-190.39233216049618,297.5043383436951,8.287686716757634,303.693823083432,3281.43,498275.0109403331,True,996556.2376457038,991681.127812317
2022-04-02,1329287.9982329581,0.0005546357254032046,239.91812023576213,314.7176051675375,0.0,303.693823083432,3281.43,498275.0109403331,False,996965.9986747187,1049058.6838917916
2022-04-03,1329553.0980376166,0.0002650998046584427,-48.59101169330493,313.69081635169243,0.0,303.693823083432,3281.43,498275.0109403331,False,997164.8235282125,1045636.0545056413
2022-04-04,1329961.896655832,0.00040879861821536907,163.99466446504223,244.80395375032933,0.0,303.693823083432,3281.43,498275.0109403331,False,997471.422491874,1069199.658238685
2022-04-05,1330042.1922906868,8.029563485481777e-05,-218.65955262001026,298.9551874747732,0.0,303.693823083432,3281.43,498275.0109403331,False,997531.644218015,1068689.4526159046
2022-04-06,1330490.1314650872,0.0004479391744004097,437.3191052400205,10.620069160309512,0.0,303.693823083432,3281.43,498275.0109403331,False,997867.5985988154,1034086.5784137785
2022-04-07,1330456.9216173838,-3.320984770334326e-05,-66.81264107829428,33.60279337511964,0.0,303.693823083432,3281.43,498275.0109403331,False,997842.6912130378,961728.48812592
2022-04-08,1330562.4679001223,0.00010554628273844719,136.66222038748916,-31.115937648938054,0.0,303.693823083432,3281.43,498275.0109403331,False,997921.8509250917,979412.5794440681
2022-04-09,1330525.2292672296,-3.723863289272413e-05,-327.98932893008447,290.75069603743924,0.0,303.693823083432,3281.43,498275.0109403331,False,997893.9219504222,969168.986791464
2022-04-10,1330754.915606073,0.00022968633884354493,-27.33244407741497,257.0187829209833,0.0,303.693823083432,3281.43,498275.0109403331,False,998066.1867045548,989294.776447203
2022-04-11,1331532.278019317,0.0007773624132438563,537.5380668576692,239.82434638608473,0.0,303.693823083432,3281.43,498275.0109403331,False,998649.2085144877,971893.1203845224
2022-04-12,1330792.1178081585,-0.0007401602111584507,-528.4272521652434,-211.73295899324364,0.0,303.693823083432,3281.43,498275.0109403331,False,998094.0883561189,904609.7538803881
2022-04-13,1330730.8726342134,-6.124517394509166e-05,85.03427046342172,-146.27944440856146,0.0,303.693823083432,3281.43,498275.0109403331,False,998048.1544756601,919071.653735621
2022-04-14,1330858.6240321912,0.00012775139797781594,124.51446746416292,3.236930513753394,0.0,303.693823083432,3281.43,498275.0109403331,False,998143.9680241435,946470.9104542084
2022-04-15,1330834.274717144,-2.4349315047264098e-05,124.51446746416292,-148.8637825113208,0.0,303.693823083432,3281.43,498275.0109403331,False,998125.706037858,917100.6808238097
2022-04-16,1330423.2626325733,-0.0004110120845707133,-239.91812023576213,-171.0939643351384,0.0,303.693823083432,3281.43,498275.0109403331,False,997817.44697443,922986.2671151664
2022-04-17,1330392.336342606,-3.092628996726126e-05,-21.258567615889955,-9.667722351396893,0.0,303.693823083432,3281.43,498275.0109403331,False,997794.2522569546,928695.7109891351
2022-04-18,1330413.02167987,2.0685337264090776e-05,227.770367312574,-207.0850300482757,0.0,303.693823083432,3281.43,498275.0109403331,False,997809.7662599026,906835.8296035896
2022-04-19,1330394.5247948552,-1.849688501493074e-05,-154.8838497726166,136.38696475774833,0.0,303.693823083432,3281.43,498275.0109403331,False,997795.8935961414,927487.009573263
2022-04-20,1330479.941994986,8.541720013087616e-05,-69.84957930919488,155.266779439933,0.0,303.693823083432,3281.43,498275.0109403331,False,997859.9564962395,941581.439902565
2022-04-21,1330491.1427241547,1.120072916871868e-05,230.8073055434746,-219.6065763747608,0.0,303.693823083432,3281.43,498275.0109403331,False,997868.3570431161,933542.6644055466
2022-04-22,1330261.6408935522,-0.0002295018306025304,57.70182638586865,-287.20365698856307,0.0,303.693823083432,3281.43,498275.0109403331,False,997696.2306701641,905405.4316968666
2022-04-23,1330048.6228324324,-0.00021301806111983024,-78.9603940017586,-134.05766711803722,0.0,303.693823083432,3281.43,498275.0109403331,False,997536.4671243243,899052.1569179612
2022-04-24,1329968.166224449,-8.045660798344761e-05,230.8073055433365,-128.16454092902646,183.0993725978721,340.40300744923235,2930.28,498738.0623341683,True,997613.4491977851,889907.9359049192
2022-04-25,1329382.3529647654,-0.0005858132596835494,-255.30225558692428,-330.51100409667225,0.0,340.40300744923235,2930.28,498738.0623341683,False,997036.764723574,993629.5706841602
2022-04-26,1329127.479429474,-0.0002548735352912918,-510.6045111736937,255.73097588233378,0.0,340.40300744923235,2930.28,498738.0623341683,False,996845.6095721056,1023292.2887532864
2022-04-27,1329206.2846983678,7.880526889371685e-05,435.7158495349307,-356.91058064105164,0.0,340.40300744923235,2930.28,498738.0623341683,False,996904.7135237758,955814.200586625
2022-04-28,1329091.7745425,-0.00011451015586778522,-139.56523305429053,25.055077186492394,0.0,340.40300744923235,2930.28,498738.0623341683,False,996818.830906875,982937.5122201799
2022-04-29,1329388.422199862,0.00029664765736204575,51.06045111757061,245.5872062444669,0.0,340.40300744923235,2930.28,498738.0623341683,False,997041.3166498966,999215.584036402
2022-04-30,1329273.228981618,-0.00011519321824400686,74.88866163876301,-190.08187988275733,0.0,340.40300744923235,2930.28,498738.0623341683,False,996954.9217362136,958363.8191124198
2022-05-01,1328836.651563075,-0.00043657741854316557,-61.27254134080609,-257.86320885206106,117.4416683502319,365.7214372581946,2725.1,498313.74433615303,True,996715.5699235689,927632.235599903
2022-05-02,1328754.2669299946,-8.238463308033534e-05,-51.20100121626699,-31.183631864086443,0.0,365.7214372581946,2725.1,498313.74433615303,False,996565.700197496,1032570.5915260415
2022-05-03,1328989.543960279,0.0002352770302845165,-14.628857490314479,249.90588777479246,0.0,365.7214372581946,2725.1,498313.74433615303,False,996742.1579702094,1044189.5615877344
2022-05-04,1329063.6437436996,7.409978342056274e-05,-223.09007672754527,297.1898601480701,0.0,365.7214372581946,2725.1,498313.74433615303,False,996797.7328077748,1017042.0593000586
2022-05-05,1329426.4130775162,0.0003627693338165991,40.229358098447975,322.5399757182451,0.0,365.7214372581946,2725.1,498313.74433615303,False,997069.8098081371,1075133.2523941502
2022-05-06,1329586.4586355626,0.00016004555804631672,259.6622204533315,-99.61666240717025,0.0,365.7214372581946,2725.1,498313.74433615303,False,997189.8439766719,1004402.7264284154
2022-05-07,1329689.6813490838,0.00010322271352121607,-124.34528866767307,227.56800218877453,0.0,365.7214372581946,2725.1,498313.74433615303,False,997267.2610118128,984375.8205241566
2022-05-08,1329710.506145571,2.08247964871116e-05,-266.976649198655,287.8014456857598,0.0,365.7214372581946,2725.1,498313.74433615303,False,997282.8796091782,963610.1573166364
2022-05-09,1330034.3087481828,0.0003238026026119478,54.858215588762455,268.94438702313414,0.0,365.7214372581946,2725.1,498313.74433615303,False,997525.7315611371,921263.27209651
2022-05-10,1330190.151357368,0.0001558426091852598,256.00500608083604,211.25684590916097,311.4192428045512,447.8513451657043,2227.62,498821.3067590131,True,997876.1779501296,814688.3880650995
2022-05-11,1330369.632403306,0.0001794810459378641,-85.09175558150825,264.5728015193395,0.0,447.8513451657043,2227.62,498821.3067590131,False,997777.2243024795,1048352.8213311388
2022-05-12,1329104.3739907818,-0.0012652584125241264,-80.61324212995711,-1184.6451703941273,0.0,447.8513451657043,2227.62,498821.3067590131,False,996828.2804930864,933313.2462984244
2022-05-13,1328398.2364743832,-0.0007061375163986813,-259.75378019597406,-244.49938130737124,201.88435489542772,508.3701199392728,1959.79,498149.3386778937,True,996450.090621959,877694.5877422956
2022-05-14,1329009.5637127706,0.0006113272383874282,396.5286935526189,214.79854483492582,0.0,508.3701199392728,1959.79,498149.3386778937,False,996757.1727845779,1021051.2184956307
2022-05-15,1329400.726442579,0.0003911627298083622,137.25993238359442,253.90279742459444,0.0,508.3701199392728,1959.79,498149.3386778937,False,997050.5448319342,1044695.5127740061
2022-05-16,1329487.988600494,8.726215791516007e-05,-127.0925299848182,214.3546878999471,0.0,508.3701199392728,1959.79,498149.3386778937,False,997115.9914503705,1089976.0393569972
2022-05-17,1329228.2108217957,-0.0002597777786983643,-183.01324317808735,-76.76453552017794,0.0,508.3701199392728,1959.79,498149.3386778937,False,996921.1581163468,1028325.9949119616
2022-05-18,1329134.4454100896,-9.376541170617566e-05,-76.25551799105274,-17.509893715092364,0.0,508.3701199392728,1959.79,498149.3386778937,False,996850.8340575672,1062493.5506730801
2022-05-19,1329225.1621366588,9.071672656922601e-05,101.67402398787767,-10.957297418722634,0.0,508.3701199392728,1959.79,498149.3386778937,False,996918.871602494,973116.9998865566
2022-05-20,1329081.864211784,-0.00014329792487481608,-416.8634983501713,273.5655734754173,0.0,508.3701199392728,1959.79,498149.3386778937,False,996811.398158838,1026628.0387113645
2022-05-21,1329298.6149284835,0.00021675071669952014,147.42733478237062,69.32338191698474,0.0,508.3701199392728,1959.79,498149.3386778937,False,996973.9611963626,995739.4702238543
2022-05-22,1329866.449710176,0.0005678347816925962,371.1101875556784,196.72459413695606,0.0,508.3701199392728,1959.79,498149.3386778937,False,997399.837282632,1003492.1145529281
2022-05-23,1329893.2860604378,2.6836350261699407e-05,-284.687267165965,311.52361742746706,0.0,508.3701199392728,1959.79,498149.3386778937,False,997419.9645453284,1038412.0580915569
2022-05-24,1329887.7958718284,-5.490188609343022e-06,162.67843838053494,-168.16862698997724,0.0,508.3701199392728,1959.79,498149.3386778937,False,997415.8469038713,1002734.6430742186
2022-05-25,1330045.012082312,0.00015721621048357337,-20.334804797436828,177.55101528118405,0.0,508.3701199392728,1959.79,498149.3386778937,False,997533.759061734,1005840.7845070475
2022-05-26,1329927.8288930387,-0.00011718318927334622,-106.75772518726578,-10.425464085941686,0.0,508.3701199392728,1959.79,498149.3386778937,False,997445.8716697791,987259.8566232672
2022-05-27,1330381.3848945955,0.0004535560015568044,315.18947436229365,138.3665271946925,0.0,508.3701199392728,1959.79,498149.3386778937,False,997786.0386709466,910485.8011100382
2022-05-28,1330074.1222667191,-0.0003072626278763637,-274.51986476718884,171.226872077771,203.96963518697297,577.7739374475337,1726.55,498777.79585001967,True,997708.5689264296,877726.4305811514
2022-05-29,1330070.4074662994,-3.714800419751555e-06,-144.44348436188343,140.72868394219483,0.0,577.7739374475337,1726.55,498777.79585001967,False,997552.8055997245,1035226.4524216186
2022-05-30,1330676.0930874331,0.0006056856211337727,415.99723496224004,189.68838617166767,0.0,577.7739374475337,1726.55,498777.79585001967,False,998007.0698155749,1047192.150666157
2022-05-31,1330575.0265526369,-0.00010106653479626402,-155.9989631108236,320.45000244710934,265.51757413248635,499.4975999011335,1997.87,498965.6349572388,True,998130.4080950769,1154317.2164083042
2022-06-01,1330473.687509245,-0.00010133904339186847,-344.6533439318094,290.9593499328099,47.645049393007305,513.9133459848861,1941.68,498927.6328159668,True,997890.9994189785,969864.499776033
2022-06-02,1330769.1611113995,0.000295473602154525,298.06974067119654,-2.59613851669591,0.0,513.9133459848861,1941.68,498927.6328159668,False,998076.8708335496,933862.7757898956
2022-06-03,1330897.633417791,0.0001284723063914571,-41.113067678753495,169.58537406998462,0.0,513.9133459848861,1941.68,498927.6328159668,False,998173.2250633433,942193.3111283105
2022-06-04,1331235.8175897272,0.00033818417193624194,128.47833649622152,209.70583543988548,0.0,513.9133459848861,1941.68,498927.6328159668,False,998426.8631922954,911764.5019125455
2022-06-05,1331324.1393365911,8.832174686389045e-05,-46.25220113871453,134.5739480025637,0.0,513.9133459848861,1941.68,498927.6328159668,False,998493.1045024433,926945.502152939
2022-06-06,1331567.9111710903,0.00024377183449920267,-30.83480075906512,274.60663525832433,0.0,513.9133459848861,1941.68,498927.6328159668,False,998675.9333783177,927819.1548411134
2022-06-07,1331604.0435113895,3.6132340299198406e-05,-41.113067678753495,77.24540797793256,0.0,513.9133459848861,1941.68,498927.6328159668,False,998703.0326335421,955416.3015205016
2022-06-08,1331840.5210326337,0.00023647752124420366,-15.41740037953256,251.89492162353514,0.0,513.9133459848861,1941.68,498927.6328159668,False,998880.3907744753,931529.6091991242
2022-06-09,1332156.7281382342,0.00031620710560050793,82.22613535762383,233.98097024304369,0.0,513.9133459848861,1941.68,498927.6328159668,False,999117.5461036756,920423.9417923908
2022-06-10,1332189.4522212567,3.27240830224473e-05,-51.391334598558714,84.11541762115493,0.0,513.9133459848861,1941.68,498927.6328159668,False,999142.0891659425,918892.4800213558
2022-06-11,1331687.336241587,-0.0005021159796696156,97.6435357371564,-353.51128031033073,246.24823509648309,600.9600181601072,1661.95,499382.7510905951,True,998950.1883575127,854098.2853595815
2022-06-12,1331321.4607396505,-0.0003658755019365344,-156.2496047216224,-209.6258972149631,0.0,600.9600181601072,1661.95,499382.7510905951,False,998491.0955547378,920784.9302247347
2022-06-13,1330930.7870831876,-0.00039067365646292457,-126.20160381364438,-32.61758815749442,231.85446449177678,695.9236520461469,1434.35,499099.04515619535,True,998371.9811607596,861987.0020479497
2022-06-14,1330444.1643457718,-0.0004866227374158334,-118.30702084789561,-102.02726340602437,266.2884531619404,825.3170916018038,1209.03,498916.5616296644,True,998032.8395992003,841392.573033353
2022-06-15,1330431.8531184471,-1.2311227324651554e-05,214.58244381664915,-226.89367114123883,0.0,825.3170916018038,1209.03,498916.5616296644,False,997823.8898388353,997247.1481242914
2022-06-16,1330766.1561176735,0.0003343029992263764,387.8990330526826,-53.59603382629789,0.0,825.3170916018038,1209.03,498916.5616296644,False,998074.6170882551,1020488.0774237984
2022-06-17,1330013.15258491,-0.0007530035327635706,-264.10146931252467,-291.0059889396851,197.89607451134336,934.1991856286302,1067.77,498754.9322193412,True,997658.2864945659,881248.830899658
2022-06-18,1329762.46395595,-0.0002506886289599352,196.1818289820463,-446.87045794196024,0.0,934.1991856286302,1067.77,498754.9322193412,False,997321.8479669625,1014530.9736008361
2022-06-19,1329601.2594312197,-0.0001612045247303322,84.07792670650025,-245.28245143678612,0.0,934.1991856286302,1067.77,498754.9322193412,False,997200.9445734147,928678.068441565
2022-06-20,1329417.6738941462,-0.00018358553707343526,-354.9956905389814,171.4101534655558,0.0,934.1991856286302,1067.77,498754.9322193412,False,997063.2554206096,1053664.5774868196
2022-06-21,1329371.8384972035,-4.5835396942682565e-05,-214.86581269438952,169.0304157516894,0.0,934.1991856286302,1067.77,498754.9322193412,False,997028.8788729026,1053608.5255356815
2022-06-22,1329174.3247206535,-0.00019751377655006946,-28.025975569045826,-169.48780098085206,0.0,934.1991856286302,1067.77,498754.9322193412,False,996880.74354049,1051413.1574494545
2022-06-23,1329332.2480330146,0.0001579233123611193,364.3376823952592,-206.4143700340784,0.0,934.1991856286302,1067.77,498754.9322193412,False,996999.186024761,980357.9673905409
2022-06-24,1329773.3550449298,0.00044110701191518454,205.52382083832413,235.58319107676226,0.0,934.1991856286302,1067.77,498754.9322193412,False,997330.0162836973,1068452.9505953207
2022-06-25,1329148.6223693492,-0.0006247326755805406,-373.67967425153705,-1.487007816927618,249.5659935119445,814.149937747678,1224.42,498430.733388506,True,997048.641272146,1143852.1668674075
2022-06-26,1329281.7969779824,0.000133174608633155,89.55649315234824,43.61811548082935,0.0,814.149937747678,1224.42,498430.733388506,False,996961.3477334868,1010848.562707517
2022-06-27,1329006.888722915,-0.0002749082550674211,-97.69799252981763,-177.21026253777708,0.0,814.149937747678,1224.42,498430.733388506,False,996755.1665421862,974700.3054715202
2022-06-28,1329078.0562892926,7.116756637766957e-05,24.424498132408125,46.743068245281194,0.0,814.149937747678,1224.42,498430.733388506,False,996808.5422169694,970377.1693020801
2022-06-29,1329069.2211746315,-8.835114661138505e-06,-65.131995019755,56.29688035862835,0.0,814.149937747678,1224.42,498430.733388506,False,996801.9158809737,930988.5953138473
2022-06-30,1328949.2599030102,-0.00011996127162128686,276.810978834329,-223.6743110154429,173.0979394400611,906.6540028265014,1099.33,498355.97246362886,True,996841.7683818378,895019.4510641547
2022-07-01,1328040.4084240147,-0.0009088514789955225,-689.057042148339,-177.0792660293141,42.715170817680466,930.0871288803912,1070.9,498015.1531590055,True,996062.3426961242,970935.7716269004
2022-07-02,1328367.7756012399,0.0003273671772251837,418.53920799621835,-91.1720307709796,0.0,930.0871288803912,1070.9,498015.1531590055,False,996275.8317009299,985111.0834249553
2022-07-03,1328292.1026828277,-7.567291841213591e-05,-83.70784159915908,8.034923187074904,0.0,930.0871288803912,1070.9,498015.1531590055,False,996219.0770121207,991965.8255648037
2022-07-04,1328177.1843352846,-0.00011491834754310549,-120.91132675455236,5.992979211455644,0.0,930.0871288803912,1070.9,498015.1531590055,False,996132.8882514634,998829.868575941
2022-07-05,1328650.5645399212,0.0004733802046366036,399.9374654186274,73.44273921800615,0.0,930.0871288803912,1070.9,498015.1531590055,False,996487.9234049409,1069814.1182520925
2022-07-06,1328832.727732349,0.00018216319242771715,-74.40697031036362,256.57016273789895,0.0,930.0871288803912,1070.9,498015.1531590055,False,996624.5457992617,1052681.9133381154
2022-07-07,1328491.9533098573,-0.0003407744224916678,-455.74269315140015,296.7201790778278,181.75190841821814,839.8538091156083,1186.36,498184.4824911965,True,996505.2789137067,1103418.1662185409
2022-07-08,1329067.6511720421,0.0005756978621848393,310.7459093726834,264.9519528122144,0.0,839.8538091156083,1186.36,498184.4824911965,False,996800.7383790317,1038823.5750331872
2022-07-09,1329112.6652514415,4.501407939940691e-05,-67.18830472918756,112.2023841287349,0.0,839.8538091156083,1186.36,498184.4824911965,False,996834.4989385812,1019187.7929760641
2022-07-10,1329353.9244325329,0.0002412591810913291,25.195614273445333,216.0635668178913,0.0,839.8538091156083,1186.36,498184.4824911965,False,997015.4433243996,1021673.7602510464
2022-07-11,1329488.8409879524,0.00013491655541956424,25.195614273445333,109.72094114622239,0.0,839.8538091156083,1186.36,498184.4824911965,False,997116.6307409643,980789.6768232986
2022-07-12,1329373.1994109577,-0.00011564157699467615,-58.78976663823008,-56.851810356447274,0.0,839.8538091156083,1186.36,498184.4824911965,False,997029.8995582183,920378.992333613
2022-07-13,1328897.9114236915,-0.00047528798726620154,176.3692999143083,-438.875855177657,212.78143200266726,960.2973692216524,1037.88,498336.71678388433,True,996833.0196417707,871667.4714049076
2022-07-14,1328844.3475986482,-5.356382504338398e-05,124.83865799891962,-178.40248304223834,0.0,960.2973692216524,1037.88,498336.71678388433,False,996633.2606989861,1069944.1228393808
2022-07-15,1328350.239101322,-0.0004941084973262623,-403.32489507294554,162.84188996365125,253.6254922169477,835.0832594244738,1193.01,498131.3396629957,True,996452.8984451542,1145644.3644551234
2022-07-16,1328724.9643247037,0.0003747252233817708,208.77081485611845,165.9544085256667,0.0,835.0832594244738,1193.01,498131.3396629957,False,996543.7232435278,1027645.1082151631
2022-07-17,1328433.8840185362,-0.0002910803061674815,-167.0166518851226,106.04350883099268,230.10716311326036,735.0893572384881,1355.38,498162.7065069511,True,996497.9933862372,1131855.1481587433
2022-07-18,1328410.696411602,-2.3187606934225185e-05,-66.15804215123661,42.970435217023805,0.0,735.0893572384881,1355.38,498162.7065069511,False,996308.0223087014,983755.3850051238
2022-07-19,1328809.2114075548,0.0003985149959528353,396.94825290875684,281.57795597460955,280.011212930337,630.7159636962168,1580.12,498303.45427783305,True,996816.9169653638,1161529.3951596797
2022-07-20,1328861.9672696928,5.275586213800125e-05,12.614319273769455,40.14154286416329,0.0,630.7159636962168,1580.12,498303.45427783305,False,996646.4754522697,972185.5864413487
2022-07-21,1328796.6112201028,-6.535604959004559e-05,-353.2009396697036,287.8448900797521,0.0,630.7159636962168,1580.12,498303.45427783305,False,996597.4584150771,959482.9669325068
2022-07-22,1328898.6952191994,0.00010208399909664876,-189.21478910897977,291.2987882056405,0.0,630.7159636962168,1580.12,498303.45427783305,False,996674.0214143996,993617.3148877461
2022-07-23,1329534.2411938882,0.0006355459746888373,422.57969567651116,212.96627901227706,0.0,630.7159636962168,1580.12,498303.45427783305,False,997150.6808954162,967852.5677707556
2022-07-24,1329770.383142844,0.00023614194895583206,-56.764436732607884,292.90638568841416,0.0,630.7159636962168,1580.12,498303.45427783305,False,997327.7873571331,976354.6189613806
2022-07-25,1329480.529113369,-0.0002898540294750128,-454.1154938612933,164.2614643863294,0.0,630.7159636962168,1580.12,498303.45427783305,False,997110.3968350268,1007739.0453149043
2022-07-26,1329987.2499540492,0.0005067208406801801,290.1293433001393,216.5914973800956,0.0,630.7159636962168,1580.12,498303.45427783305,False,997490.4374655369,908483.2741080307
2022-07-27,1330383.1528595737,0.0003959029055244755,283.82218366332626,112.0807218611701,0.0,630.7159636962168,1580.12,498303.45427783305,False,997787.3646446803,913453.3159019569
2022-07-28,1330339.4051389,-4.3747720673680305e-05,-353.200939669847,309.45321899598446,0.0,630.7159636962168,1580.12,498303.45427783305,False,997754.553854175,1031510.7299866148
2022-07-29,1330924.1728139252,0.0005847676750251558,258.59354511550055,326.1741299095349,0.0,630.7159636962168,1580.12,498303.45427783305,False,998193.129610444,1087247.0996984495
2022-07-30,1330653.7887948274,-0.00027038401909777895,-542.4157287786834,272.031709680807,0.0,630.7159636962168,1580.12,498303.45427783305,False,997990.3415961205,1085998.282090331
2022-07-31,1331176.425498799,0.0005226367039715406,309.05082221100855,213.58588176069296,0.0,630.7159636962168,1580.12,498303.45427783305,False,998382.3191240992,1070123.1612840972
2022-08-01,1331458.8532873783,0.00028242778857937083,107.22171382825934,276.25084242962765,101.04476767846604,595.240988755288,1677.63,499297.0699827669,True,998669.9235412925,1058108.0221756843
2022-08-02,1331789.361051743,0.00033050776436459274,202.38193617688452,128.12582818771685,0.0,595.240988755288,1677.63,499297.0699827669,False,998842.0207888072,969915.429127304
2022-08-03,1331889.722169488,0.00010036111774505116,59.52409887561,40.83701886937308,0.0,595.240988755288,1677.63,499297.0699827669,False,998917.291627116,970230.9068513443
2022-08-04,1331960.4629269363,7.074075744836591e-05,-83.33373842566452,154.07449587402175,0.0,595.240988755288,1677.63,499297.0699827669,False,998970.3471952023,962724.91798314
2022-08-05,1332213.0681596338,0.0002526052326974459,-11.904819775230274,264.5100524725821,0.0,595.240988755288,1677.63,499297.0699827669,False,999159.8011197253,956671.3171274988
2022-08-06,1331880.409399694,-0.0003326587599397171,-642.8602678556676,310.20150791597575,0.0,595.240988755288,1677.63,499297.0699827669,False,998910.3070497706,1034005.0263865858
2022-08-07,1332623.1641193356,0.0007427547196415253,636.9078579681202,105.84686167347554,0.0,595.240988755288,1677.63,499297.0699827669,False,999467.3730895016,1005862.0324382357
2022-08-08,1332852.325315153,0.0002291611958174035,113.0957878635372,116.06540795384305,0.0,595.240988755288,1677.63,499297.0699827669,False,999639.2439863647,1011463.2501424231
2022-08-09,1332772.4972713878,-7.98280437651556e-05,11.904819775094932,-91.73286354031785,0.0,595.240988755288,1677.63,499297.0699827669,False,999579.3729535409,1057195.6153084917
2022-08-10,1332587.0828550726,-0.00018541441631526686,-148.810247188822,-36.60416912646296,0.0,595.240988755288,1677.63,499297.0699827669,False,999440.3121413044,1013123.9725010503
2022-08-11,1332357.0286364919,-0.0002300542185807135,-232.14398561462184,178.43133611993676,176.34156908614176,539.1975024834043,1853.25,499633.8857386845,True,999400.0276541834,1103130.3624107374
2022-08-12,1332795.3496371403,0.00043832100064842964,274.9907262666539,163.33027438177453,0.0,539.1975024834043,1853.25,499633.8857386845,False,999596.5122278552,1013340.8262921858
2022-08-13,1332969.5003571545,0.00017415072001423688,21.567900099193956,152.582819915062,0.0,539.1975024834043,1853.25,499633.8857386845,False,999727.1252678658,1055425.1913610157
2022-08-14,1333029.4020585853,5.990170143079013e-05,-64.70370029794967,124.605401728864,0.0,539.1975024834043,1853.25,499633.8857386845,False,999772.0515439389,1069115.4159490692
2022-08-15,1332949.9170826506,-7.948497593472712e-05,0.0,-79.48497593480724,0.0,539.1975024834043,1853.25,499633.8857386845,False,999712.4378119879,1043109.9204042945
2022-08-16,1332812.0802268672,-0.00013783685578336007,-140.19135064568022,2.3544948621816975,0.0,539.1975024834043,1853.25,499633.8857386845,False,999609.0601701504,1023693.4183398671
2022-08-17,1333184.7397260526,0.00037265949918539263,204.89505094375247,167.7644482416214,0.0,539.1975024834043,1853.25,499633.8857386845,False,999888.5547945395,1011421.2831833449
2022-08-18,1333232.8233766947,4.808365064207464e-05,-102.44752547187623,150.53117611410013,0.0,539.1975024834043,1853.25,499633.8857386845,False,999924.617532521,988645.5806784459
2022-08-19,1333312.8635826306,8.00402059359476e-05,-86.27160039726621,166.31180633317416,0.0,539.1975024834043,1853.25,499633.8857386845,False,999984.647686973,995283.1019340166
2022-08-20,1333199.6703525602,-0.00011319323007040657,97.0555504469245,15.65270642040607,225.90148693800188,621.7160790432199,1608.29,499949.87638221006,True,1000069.1788796235,867185.9512690342
2022-08-21,1333395.9231363575,0.00019625278379721567,248.68643161720314,-52.43364781992135,0.0,621.7160790432199,1608.29,499949.87638221006,False,1000046.9423522681,979153.087206748
2022-08-22,1333390.7606767323,-5.162459625164047e-06,-93.25741185639816,88.0949522312889,0.0,621.7160790432199,1608.29,499949.87638221006,False,1000043.0705075492,1005420.591546324
2022-08-23,1333139.593379613,-0.0002511672971192747,-205.16630608421733,-46.0009910350948,0.0,621.7160790432199,1608.29,499949.87638221006,False,999854.6950347098,1009679.34668777
2022-08-24,1333389.956702222,0.00025036332260910423,360.59532584502233,-110.23200323584604,0.0,621.7160790432199,1608.29,499949.87638221006,False,1000042.4675266666,1034653.6815829362
2022-08-25,1333079.0532363935,-0.00031090346582862547,-223.81778845563832,-87.08567737308216,0.0,621.7160790432199,1608.29,499949.87638221006,False,999809.2899272952,1029381.5292326496
2022-08-26,1333316.0195163526,0.00023696627995907328,68.38876869469199,168.57751126453692,0.0,621.7160790432199,1608.29,499949.87638221006,False,999987.0146372644,1053280.295311071
2022-08-27,1332794.0379937154,-0.0005219815226371866,1.413618699742119e-10,-521.981522637472,0.0,621.7160790432199,1608.29,499949.87638221006,False,999595.5284952866,937062.9086555219
2022-08-28,1332389.7240283934,-0.00040431396532198413,62.17160790426544,-466.48557322645337,0.0,621.7160790432199,1608.29,499949.87638221006,False,999292.293021295,926356.9577743977
2022-08-29,1331402.4668018543,-0.0009872572265390773,-366.81248663544886,-430.13457411344524,190.31016579020462,700.104361736667,1426.29,499275.92505069537,True,998694.5827257333,886747.4263785541
2022-08-30,1331626.252106248,0.0002237853043936193,462.06887874609833,-238.28357435244664,0.0,700.104361736667,1426.29,499275.92505069537,False,998719.689079686,1085623.82957058
2022-08-31,1331561.8276082177,-6.442449803021736e-05,-21.003130852080908,-43.421367178271936,0.0,700.104361736667,1426.29,499275.92505069537,False,998671.3707061633,1066601.9940621948
2022-09-01,1331299.2087586368,-0.00026261884958087467,-21.003130852080908,-90.8213402112899,150.7943785177005,642.9160913878443,1553.04,499237.2032844888,True,998587.5023528659,1087290.0779515132
2022-09-02,1331176.8680498735,-0.00012234070876333863,-192.87482741632405,70.53411865301115,0.0,642.9160913878443,1553.04,499237.2032844888,False,998382.6510374051,1019279.1712862884
2022-09-03,1330908.9735123732,-0.00026789453750033864,57.86244822485336,-325.75698572503893,0.0,642.9160913878443,1553.04,499237.2032844888,False,998181.7301342799,1012264.956729247
2022-09-04,1330899.4723811068,-9.501131266355515e-06,109.29573553598031,-118.79686680235815,0.0,642.9160913878443,1553.04,499237.2032844888,False,998174.6042858302,1000647.4629578687
2022-09-05,1330830.3254654026,-6.914691570424475e-05,77.14993096647115,-146.29684667073298,0.0,642.9160913878443,1553.04,499237.2032844888,False,998122.7440990519,1014611.6004628127
2022-09-06,1330315.4594076406,-0.0005148660577619449,-180.01650558857887,-334.8495521732958,0.0,642.9160913878443,1553.04,499237.2032844888,False,997736.5945557305,1039550.3156477471
2022-09-07,1329630.1325874212,-0.0006853268202194013,-57.86244822485336,-627.4643719946912,0.0,642.9160913878443,1553.04,499237.2032844888,False,997222.5994405659,1001811.1410832807
2022-09-08,1329476.601402139,-0.00015353118528216146,-90.00825279421633,-63.522932487926646,0.0,642.9160913878443,1553.04,499237.2032844888,False,997107.4510516042,1047541.7626636979
2022-09-09,1329539.7515487964,6.315014665736817e-05,321.45804569377594,-258.30789903646985,0.0,642.9160913878443,1553.04,499237.2032844888,False,997154.8136615973,1050672.7640287569
2022-09-10,1328646.0068280643,-0.0008937447207320947,-250.7372756411774,-460.1209558143052,182.88648927649515,580.1981409621297,1717.49,498242.2525605241,True,996621.6699880057,1104201.9577977087
2022-09-11,1328221.7042820775,-0.0004243025459868368,191.4653865174606,-615.7679325040676,0.0,580.1981409621297,1717.49,498242.2525605241,False,996166.2782115581,1028714.5118514945
2022-09-12,1327211.0930546005,-0.0010106112274769694,23.207925638464083,-1033.8191531154935,0.0,580.1981409621297,1717.49,498242.2525605241,False,995408.3197909504,1024049.718798159
2022-09-13,1326045.0869511503,-0.0011660061034501996,58.019814096160204,-1224.0259175464014,0.0,580.1981409621297,1717.49,498242.2525605241,False,994533.8152133627,995126.8414711969
2022-09-14,1322533.9170416782,-0.0035111699094721115,736.8516390220261,-4248.0215484943055,0.0,580.1981409621297,1717.49,498242.2525605241,False,991900.4377812587,912019.2597597814
2022-09-15,1317807.361769754,-0.00472655527192424,295.9010518906809,-5022.456323814823,0.0,580.1981409621297,1717.49,498242.2525605241,False,988355.5213273155,948856.039729467
2022-09-16,1316392.4364407994,-0.0014149253289545886,-1264.8319472974797,76.7675747910249,226.86095644823513,670.7435950722173,1471.94,493647.16366529977,True,987464.4730479356,854016.8516077973
2022-09-17,1316243.8389517546,-0.00014859748904476873,-335.37179753595615,186.7743084913097,0.0,670.7435950722173,1471.94,493647.16366529977,False,987182.879213816,961564.6030236293
2022-09-18,1316757.8400935486,0.0005140011417940259,362.20154133882045,151.79960045515043,0.0,670.7435950722173,1471.94,493647.16366529977,False,987568.3800701615,984624.7678222122
2022-09-19,1316554.2530253734,-0.0002035870681751985,-20.122307852148218,-183.4647603231714,0.0,670.7435950722173,1471.94,493647.16366529977,False,987415.6897690301,894557.3178759149
2022-09-20,1316412.8954563693,-0.00014135756900417618,67.07435950731323,-208.4319285115118,0.0,670.7435950722173,1471.94,493647.16366529977,False,987309.671592277,922305.9804040524
2022-09-21,1316066.2782079068,-0.0003466172484625131,-53.659487605728586,-122.28743080608494,170.67033005054844,746.5828413012201,1322.09,493524.854327965,True,987177.711403468,886783.3996090278
2022-09-22,1316054.7409974763,-1.1537210430484266e-05,552.4713025627399,-564.008512993022,0.0,746.5828413012201,1322.09,493524.854327965,False,987041.0557481071,928898.3711469781
2022-09-23,1315308.727480764,-0.0007460135167122353,-634.5954151059692,-111.41810160621888,0.0,746.5828413012201,1322.09,493524.854327965,False,986481.545610573,989767.2701982666
2022-09-24,1315197.7838317323,-0.00011094364903168752,-89.58994095606494,-21.353708075666653,0.0,746.5828413012201,1322.09,493524.854327965,False,986398.3378737993,990431.7289270245
2022-09-25,1315407.5922315565,0.00020980839982419274,246.37233762934832,-36.56393780521549,0.0,746.5828413012201,1322.09,493524.854327965,False,986555.6941736673,982637.4040638399
2022-09-26,1315263.5223124383,-0.00014406991911819204,-231.44068080350726,87.37076168542004,0.0,746.5828413012201,1322.09,493524.854327965,False,986447.6417343288,966063.2649869529
2022-09-27,1315525.1406817297,0.0002616183692913037,209.04319556449101,52.57517372681473,0.0,746.5828413012201,1322.09,493524.854327965,False,986643.8555112972,996874.7388474542
2022-09-28,1315334.625874515,-0.00019051480721472762,-82.12411254322927,-108.39069467159298,0.0,746.5828413012201,1322.09,493524.854327965,False,986500.9694058863,990864.7469749794
2022-09-29,1315485.885154282,0.00015125927976705135,-29.863313652021645,181.12259341913244,0.0,746.5828413012201,1322.09,493524.854327965,False,986614.4138657115,997755.7066001897
2022-09-30,1315758.3000991875,0.00027241494490555485,89.58994095623468,182.82500394932467,0.0,746.5828413012201,1322.09,493524.854327965,False,986818.7250743906,996538.7765688685
2022-10-01,1315980.6776276415,0.00022237752845394426,29.863313652021645,199.8357164509733,7.321501649142277,743.3351219484637,1327.78,493492.7541103655,True,986990.999346968,991297.7650229341
2022-10-02,1315672.3821013651,-0.0003082955262763426,-341.93415609632035,33.638629820035476,0.0,743.3351219484637,1327.78,493492.7541103655,False,986754.2865760238,974750.2121134594
2022-10-03,1315885.9075380457,0.00021352543668053112,223.00053658450528,-9.475099904012922,0.0,743.3351219484637,1327.78,493492.7541103655,False,986914.4306535342,948458.4488501423
2022-10-04,1315910.7859026487,2.4878364603035153e-05,-185.83378048711592,210.71214509017577,0.0,743.3351219484637,1327.78,493492.7541103655,False,986933.0894269865,983120.165586599
2022-10-05,1316087.9917723795,0.0001772058697307948,185.83378048711592,-8.627910756170596,0.0,743.3351219484637,1327.78,493492.7541103655,False,987065.9938292846,1011478.400488933
2022-10-06,1316026.4877010817,-6.150407129782252e-05,-126.3669707311239,64.86289943329709,0.0,743.3351219484637,1327.78,493492.7541103655,False,987019.8657758113,1004691.7508255434
2022-10-07,1316062.4052267564,3.591752567468211e-05,-22.300053658602643,58.21757933330855,0.0,743.3351219484637,1327.78,493492.7541103655,False,987046.8039200673,1004617.4173133486
2022-10-08,1316360.118756441,0.0002977135296845809,81.76686341425663,215.94666627016255,0.0,743.3351219484637,1327.78,493492.7541103655,False,987270.0890673307,988947.9129426751
2022-10-09,1316402.7192997131,4.2600543272215875e-05,37.1667560975584,5.433787174794493,0.0,743.3351219484637,1327.78,493492.7541103655,False,987302.0394747849,977299.8515817426
2022-10-10,1316351.2351732652,-5.1484126447932796e-05,-148.66702438955753,97.1828979417714,0.0,743.3351219484637,1327.78,493492.7541103655,False,987263.4263799489,983135.032289038
2022-10-11,1316443.8518401163,9.261666685109958e-05,-52.033458536514146,144.650125387552,0.0,743.3351219484637,1327.78,493492.7541103655,False,987332.8888800873,958582.6732110803
2022-10-12,1316504.797663021,6.094582290458493e-05,-14.866702439124767,75.81252534365211,0.0,743.3351219484637,1327.78,493492.7541103655,False,987378.5982472657,951223.6555037906
2022-10-13,1316295.7733602296,-0.00020902430279133843,-14.866702438786737,-194.15760035258214,0.0,743.3351219484637,1327.78,493492.7541103655,False,987221.8300201722,961890.514503751
2022-10-14,1316697.0619040777,0.000401288543848088,208.13383414538052,193.15470970275712,0.0,743.3351219484637,1327.78,493492.7541103655,False,987522.7964280583,956211.4341720648
2022-10-15,1316904.8973585996,0.00020783545452193356,163.53372682885131,44.301727692945896,0.0,743.3351219484637,1327.78,493492.7541103655,False,987678.6730189497,962871.7168647229
2022-10-16,1316819.342102603,-8.555525599652902e-05,-81.76686341425663,-3.7883925823079063,0.0,743.3351219484637,1327.78,493492.7541103655,False,987614.5065769523,947098.1455769765
2022-10-17,1316640.9152968319,-0.00017842680577118882,-275.0339951210194,96.60718934983306,0.0,743.3351219484637,1327.78,493492.7541103655,False,987480.6864726238,970438.8684061583
2022-10-18,1317088.4663557466,0.00044755105891474523,245.30059024310793,202.25046867166535,0.0,743.3351219484637,1327.78,493492.7541103655,False,987816.34976681,989096.5799670647
2022-10-19,1317298.3938893562,0.00020992753360955975,7.433351219308861,202.49418239009006,0.0,743.3351219484637,1327.78,493492.7541103655,False,987973.7954170171,973716.976293951
2022-10-20,1317212.9737631364,-8.542012621974572e-05,-104.06691707285928,18.646790852962333,0.0,743.3351219484637,1327.78,493492.7541103655,False,987909.7303223524,954776.7973867042
2022-10-21,1317158.2297290638,-5.4744034072617066e-05,-193.2671317065938,138.52309763401337,0.0,743.3351219484637,1327.78,493492.7541103655,False,987868.6722967979,953096.8600111007
2022-10-22,1317362.3614296676,0.00020413170060375706,223.0005365846743,-18.86883598091463,0.0,743.3351219484637,1327.78,493492.7541103655,False,988021.7710722507,965651.7902208101
2022-10-23,1317314.538287121,-4.78231425464619e-05,-178.40042926780706,130.57728672144674,0.0,743.3351219484637,1327.78,493492.7541103655,False,987985.9037153409,976132.8154402835
2022-10-24,1317720.5326200328,0.0004059943329116795,237.86723902363008,168.1270938882352,0.0,743.3351219484637,1327.78,493492.7541103655,False,988290.3994650246,1013485.4053181938
2022-10-25,1317808.4053638366,8.787274380377493e-05,89.20021463373452,-1.3274708298308322,0.0,743.3351219484637,1327.78,493492.7541103655,False,988356.3040228775,998098.3682938606
2022-10-26,1317753.4421697427,-5.49631940938998e-05,-245.30059024293894,190.33739614906236,0.0,743.3351219484637,1327.78,493492.7541103655,False,988315.081627307,1084667.1765959787
2022-10-27,1317652.9819530754,-0.00010046021666727029,81.76686341425663,115.59738504743046,297.8244651289676,631.2815717300499,1565.45,494119.8682324033,True,988463.1048136533,1163653.9666542225
2022-10-28,1317529.175773816,-0.00012380617925943806,-202.01010295357577,78.20392369405724,0.0,631.2815717300499,1565.45,494119.8682324033,False,988146.8818303619,955570.9151277766
2022-10-29,1317932.7430856982,0.0004035673118822742,164.13320864995077,239.43410323222835,0.0,631.2815717300499,1565.45,494119.8682324033,False,988449.5573142737,980885.3061541516
2022-10-30,1318291.0479218715,0.000358304836173309,82.06660432483184,276.23823184849454,0.0,631.2815717300499,1565.45,494119.8682324033,False,988718.2859414036,1021931.2339480394
2022-10-31,1318350.8295140257,5.9781592154176905e-05,-101.00505147685966,160.78664363099992,0.0,631.2815717300499,1565.45,494119.8682324033,False,988763.1221355193,1003661.9452621718
2022-11-01,1318384.9183333362,3.408881931053474e-05,75.75378860768063,-35.57663051273303,6.0883387844316195,629.0004381361337,1572.0,494394.34437500103,True,988793.2550040905,992374.6307596385
2022-11-02,1318484.8258916684,9.990755833219737e-05,-62.90004381369918,162.80760214595685,0.0,629.0004381361337,1572.0,494394.34437500103,False,988863.6194187513,992487.2113262427
2022-11-03,1318630.5273711255,0.00014570147945708596,301.92021030535557,-156.21873084821692,0.0,629.0004381361337,1572.0,494394.34437500103,False,988972.8955283442,954357.2047664302
2022-11-04,1318622.1164814923,-8.410889633232728e-06,-207.57014458487834,199.15925495154033,0.0,629.0004381361337,1572.0,494394.34437500103,False,988966.5873611192,962540.5004665812
2022-11-05,1318767.4840129176,0.0001453675314253196,-25.160017525422465,170.52754895055793,0.0,629.0004381361337,1572.0,494394.34437500103,False,989075.6130096882,1034127.0403308546
2022-11-06,1319099.8444755024,0.00033236046258476565,106.93007448318849,225.43038810164364,0.0,629.0004381361337,1572.0,494394.34437500103,False,989324.8833566268,1022823.9024575482
2022-11-07,1319196.168025317,9.632354981452227e-05,-25.160017525565483,121.4835673401142,0.0,629.0004381361337,1572.0,494394.34437500103,False,989397.1260189877,985907.8667433386
2022-11-08,1318940.104414646,-0.00025606361067085525,-163.54011391538904,-92.52349675530635,0.0,629.0004381361337,1572.0,494394.34437500103,False,989205.0783109845,985970.7667871522
2022-11-09,1318310.6737176524,-0.0006294306969936006,509.49035489023396,-883.5549642904679,255.3660875934633,741.5126783322628,1333.4,494366.50264411967,True,988924.5298539344,838709.1842107207
2022-11-10,1316825.308440023,-0.0014853652776293457,-133.4722820996859,-1061.1273840716485,290.76561145796467,896.5883646655265,1101.53,493809.49066500866,True,987837.0555386108,816798.4605633374
2022-11-11,1316006.8001952511,-0.000818508244771976,-197.24944022644027,-320.6815652376288,300.57723930786744,760.2288378236451,1298.3,493502.55007321923,True,987230.5330759191,1164040.673845253
2022-11-12,1316022.0066987316,1.5206503480440006e-05,-228.06865134723182,243.27515482753304,0.0,760.2288378236451,1298.3,493502.55007321923,False,987016.5050240487,979684.0964381968
2022-11-13,1315702.8439594926,-0.0003191627392389346,-212.86407459042704,-106.29866464857463,0.0,760.2288378236451,1298.3,493502.55007321923,False,986777.1329696195,955493.6148186483
2022-11-14,1316041.7179008636,0.00033887394137098453,243.27322810351802,95.60071326735638,0.0,760.2288378236451,1298.3,493502.55007321923,False,987031.2884256477,928072.1606383495
2022-11-15,1315716.290687844,-0.0003254272130196914,-250.8755164819204,-74.55169653769657,0.0,760.2288378236451,1298.3,493502.55007321923,False,986787.2180158829,944888.4225310086
2022-11-16,1315609.8167832263,-0.00010647390461759642,22.806865134861468,-129.2807697525763,0.0,760.2288378236451,1298.3,493502.55007321923,False,986707.3625874198,952414.6880254626
2022-11-17,1315461.572097512,-0.00014824468571436592,15.204576756459074,-163.4492624708484,0.0,760.2288378236451,1298.3,493502.55007321923,False,986596.179073134,924225.4027189618
2022-11-18,1315485.295961314,2.3723863802151755e-05,212.8640745905999,-189.14021078852468,0.0,760.2288378236451,1298.3,493502.55007321923,False,986613.9719709856,912046.5367370271
2022-11-19,1315496.4276287968,1.1131667482666672e-05,-144.44347918653406,155.57514666935973,0.0,760.2288378236451,1298.3,493502.55007321923,False,986622.3207215976,921435.3628841491
2022-11-20,1315716.8033200323,0.0002203756912355311,182.45492107768175,37.92077015792387,0.0,760.2288378236451,1298.3,493502.55007321923,False,986787.6024900242,925122.4727475938
2022-11-21,1315290.5434061277,-0.00042625991390459237,-68.42059540406584,-155.8872296540095,201.9520888466887,864.1629283107721,1141.53,493233.95377729787,True,986619.3716212307,867824.0252408256
2022-11-22,1315019.1534926954,-0.0002713899134323001,-241.96561992718912,-29.42429350494667,0.0,864.1629283107721,1141.53,493233.95377729787,False,986264.3651195215,956576.5118643262
2022-11-23,1315015.3934372668,-3.760055428603664e-06,69.13303426499539,-72.89308969350158,0.0,864.1629283107721,1141.53,493233.95377729787,False,986261.5450779501,984376.6332680836
2022-11-24,1315215.039656031,0.00019964621876413,172.83258566219374,26.813633101957837,0.0,864.1629283107721,1141.53,493233.95377729787,False,986411.2797420232,1023030.6410514244
2022-11-25,1315393.228593228,0.00017818893719697372,95.05792211409847,83.13101508288959,0.0,864.1629283107721,1141.53,493233.95377729787,False,986544.9214449209,1039527.5113528772
2022-11-26,1315177.1343124304,-0.0002160942807975225,-43.20814641549931,-172.88613438217013,0.0,864.1629283107721,1141.53,493233.95377729787,False,986382.8507343228,1035742.4777268759
2022-11-27,1314936.3988284317,-0.0002407354839986656,-112.34118068049469,-128.39430331816544,0.0,864.1629283107721,1141.53,493233.95377729787,False,986202.2991213237,1041316.3286144804
2022-11-28,1314803.8335649655,-0.00013256526346621105,17.283258566396213,-149.84852203253635,0.0,864.1629283107721,1141.53,493233.95377729787,False,986102.8751737241,1031162.4142068288
2022-11-29,1314921.2152490006,0.00011738168403506278,-51.84977569879566,169.23145973390464,0.0,864.1629283107721,1141.53,493233.95377729787,False,986190.9114367504,1008650.9699243333
2022-11-30,1315375.0890312954,0.0004538737822948024,146.90769781289413,306.9660844818127,0.0,864.1629283107721,1141.53,493233.95377729787,False,986531.3167734715,1050606.0800938213
2022-12-01,1314961.4422711986,-0.0004136467600967735,-319.7402834748914,130.3495846303144,224.25606125219318,762.0962079170683,1294.09,493110.5408516995,True,986389.2737493381,1118304.603897687
2022-12-02,1315355.1288887418,0.00039368661754322237,251.4917486125771,142.19486893064575,0.0,762.0962079170683,1294.09,493110.5408516995,False,986516.3466665563,972206.1324398041
2022-12-03,1315216.9098628485,-0.0001382190258933697,-83.83058287097455,-54.3884430224908,0.0,762.0962079170683,1294.09,493110.5408516995,False,986412.6823971363,986906.9682905243
2022-12-04,1315316.6079844097,9.969812156120315e-05,114.31443118762957,-14.616309626430779,0.0,762.0962079170683,1294.09,493110.5408516995,False,986487.4559883073,944816.3947272646
2022-12-05,1315279.315200479,-3.7292783930664884e-05,-121.93539326662004,84.64260933604868,0.0,762.0962079170683,1294.09,493110.5408516995,False,986459.4864003593,974583.8726085053
2022-12-06,1315496.5402669092,0.00021722506643016823,121.93539326662004,95.28967316344513,0.0,762.0962079170683,1294.09,493110.5408516995,False,986622.4052001819,959227.6340189765
2022-12-07,1315463.4851937804,-3.305507312878035e-05,-114.31443118762957,81.25935805884849,0.0,762.0962079170683,1294.09,493110.5408516995,False,986597.6138953352,968410.8933243771
2022-12-08,1315334.7731472952,-0.0001287120464851614,-144.7982795041113,16.086233018879902,0.0,762.0962079170683,1294.09,493110.5408516995,False,986501.0798604714,937972.7707801694
2022-12-09,1315592.6688558832,0.00025789570858795194,45.72577247498251,212.16993611300947,0.0,762.0962079170683,1294.09,493110.5408516995,False,986694.5016419124,975269.7591956307
2022-12-10,1315963.1236391913,0.0003704547833080869,259.11271069174086,111.34207261633605,0.0,762.0962079170683,1294.09,493110.5408516995,False,986972.3427293934,962001.6642157945
2022-12-11,1315729.0640014284,-0.00023405963776283896,-243.87078653341334,9.811148770701507,0.0,762.0962079170683,1294.09,493110.5408516995,False,986796.7980010713,964714.7267159792
2022-12-12,1315786.0305753027,5.696657387423329e-05,68.58865871247377,-11.622084838389792,0.0,762.0962079170683,1294.09,493110.5408516995,False,986839.522931477,962093.1157607447
2022-12-13,1316029.1910166095,0.00024316044130688535,-38.10481039581876,281.2652517027027,0.0,762.0962079170683,1294.09,493110.5408516995,False,987021.8932624571,971588.8345113914
2022-12-14,1315660.5765122832,-0.00036861450432636774,-670.64466296693,302.0301586406529,0.0,762.0962079170683,1294.09,493110.5408516995,False,986745.4323842124,1006767.1954688431
2022-12-15,1315997.6730037385,0.0003370964914553333,38.10481039581876,298.9916810596876,0.0,762.0962079170683,1294.09,493110.5408516995,False,986998.2547528038,996638.9368656253
2022-12-16,1316596.2137416855,0.0005985407379469834,442.0158005918442,156.5249373552523,0.0,762.0962079170683,1294.09,493110.5408516995,False,987447.1603062642,965011.9442370669
2022-12-17,1316752.8571170985,0.00015664337541302666,274.35463485006835,50.48982936694089,168.20108880415555,846.8299701059208,1166.19,493782.3214189119,True,987690.7936544269,888748.976710806
2022-12-18,1317009.5182601803,0.00025666114308172836,76.2146973096561,180.44644577195137,0.0,846.8299701059208,1166.19,493782.3214189119,False,987757.1386951352,1004712.9497324687
2022-12-19,1316882.0612572657,-0.00012745700291451066,-93.15129671175912,-34.30570620267882,0.0,846.8299701059208,1166.19,493782.3214189119,False,987661.5459429494,1001334.0981517461
2022-12-20,1317103.686675223,0.00022162541795731522,0.0,221.62541795731192,0.0,846.8299701059208,1166.19,493782.3214189119,False,987827.7650064173,988428.4094073318
2022-12-21,1317408.8825410663,0.00030519586584321225,101.61959641281062,203.5762694302378,0.0,846.8299701059208,1166.19,493782.3214189119,False,988056.6619057998,1029931.546242223
2022-12-22,1317546.909812261,0.00013802727119461634,-135.49279521701663,273.52006641181373,0.0,846.8299701059208,1166.19,493782.3214189119,False,988160.1823591957,1027382.5880322042
2022-12-23,1317524.7139008082,-2.2195911452639847e-05,-194.77089312437718,172.57498167186318,0.0,846.8299701059208,1166.19,493782.3214189119,False,988143.5354256062,1030913.8690075459
2022-12-24,1317821.8668167724,0.0002971529159641359,118.55619581491364,178.59672014922882,0.0,846.8299701059208,1166.19,493782.3214189119,False,988366.4001125793,1032709.1485441704
2022-12-25,1317815.2612042737,-6.60561249870807e-06,-16.936599402103013,10.330986903304192,0.0,846.8299701059208,1166.19,493782.3214189119,False,988361.4459032053,1033098.6903304191
2022-12-26,1318000.5891356096,0.0001853279313358944,76.21469730946356,109.1132340264054,0.0,846.8299701059208,1166.19,493782.3214189119,False,988500.4418517072,1031413.4986899083
2022-12-27,1318206.1275906987,0.00020553845508908852,0.0,205.53845508918633,0.0,846.8299701059208,1166.19,493782.3214189119,False,988654.595693024,1039543.0664029251
2022-12-28,1318103.1373346888,-0.00010299025600985623,-245.58069133068622,142.59043532079943,0.0,846.8299701059208,1166.19,493782.3214189119,False,988577.3530010167,1025756.6744896007
2022-12-29,1318321.1291515767,0.00021799181688786484,-42.341498505257526,260.3333153931024,0.0,846.8299701059208,1166.19,493782.3214189119,False,988740.8468636825,1007676.8546278394
2022-12-30,1318549.864701142,0.00022873554956540464,-76.21469730946356,304.9502468749029,0.0,846.8299701059208,1166.19,493782.3214189119,False,988912.3985258566,1016500.822916343
2022-12-31,1319015.537348533,0.00046567264739098027,160.89769431997863,304.77495307109103,0.0,846.8299701059208,1166.19,493782.3214189119,False,989261.6530113998,1015916.51023697
2023-01-01,1319042.20422228,2.6666873747017235e-05,-237.11239162944216,303.86799817310754,40.08873279655331,827.0894182482318,1196.1,494640.826583355,True,989311.7197163075,1012893.3272436918
2023-01-02,1319584.8521830745,0.0005426479607943911,281.21040220414307,261.43755859015687,0.0,827.0894182482318,1196.1,494640.826583355,False,989688.6391373058,992474.2183211483
2023-01-03,1319990.119661188,0.0004052674781135283,314.29397893441836,90.97349917901865,0.0,827.0894182482318,1196.1,494640.826583355,False,989992.589745891,1003457.9657954848
2023-01-04,1319928.2814935779,-6.183816761011258e-05,-339.10666148184276,277.26849387160985,0.0,827.0894182482318,1196.1,494640.826583355,False,989946.2111201833,1004268.5134253681
2023-01-05,1320388.9016511205,0.00046062015754263846,148.8760952847344,311.74406225786885,0.0,827.0894182482318,1196.1,494640.826583355,False,990291.6762383403,1039146.8741928961
2023-01-06,1320409.8468635483,2.0945212427759543e-05,-289.4812963868059,310.42650881459934,0.0,827.0894182482318,1196.1,494640.826583355,False,990307.3851476612,1034755.0293819978
2023-01-07,1320933.835583681,0.0005239887201327365,347.3775556643175,176.61116446844093,0.0,827.0894182482318,1196.1,494640.826583355,False,990700.3766877607,1049196.010624612
2023-01-08,1320998.2247840418,6.438920036074706e-05,-140.60520110244764,204.9944014632849,0.0,827.0894182482318,1196.1,494640.826583355,False,990748.6685880313,1045143.2724751957
2023-01-09,1321306.567983307,0.00030834319926518946,74.43804764246123,233.9051516228047,0.0,827.0894182482318,1196.1,494640.826583355,False,990979.9259874802,1066647.5973496498
2023-01-10,1321106.7178735666,-0.00019985010974039324,-355.6484498466043,327.6068102104516,171.8084701043787,750.4468904547192,1320.32,495415.0192025874,True,990958.8947577532,1092022.7007015054
2023-01-11,1321530.0842550197,0.00042336638145311736,195.11619151822018,228.25018993476615,0.0,750.4468904547192,1320.32,495415.0192025874,False,991147.5631912648,1002064.228355282
2023-01-12,1321700.2668486026,0.00017018259358289652,-142.5849091864376,312.7675027692656,0.0,750.4468904547192,1320.32,495415.0192025874,False,991275.200136452,1042558.3425642187
2023-01-13,1321951.4826974168,0.00025121584881423044,-67.5402201408633,318.75606895509424,0.0,750.4468904547192,1320.32,495415.0192025874,False,991463.6120230625,1062520.229850314
2023-01-14,1323382.007180722,0.0014305244833051692,150.08937809080734,1280.435105214461,0.0,750.4468904547192,1320.32,495415.0192025874,False,992536.5053855415,1088860.9157052748
2023-01-15,1323344.5934232706,-3.7413757451344284e-05,-465.277072081844,718.00104388199,290.13772925143826,640.2165074906003,1550.27,496254.2225337264,True,992726.0483643916,1163395.3008652376
2023-01-16,1323300.4351736738,-4.415824959683232e-05,-384.12990449444754,339.9716548975126,0.0,640.2165074906003,1550.27,496254.2225337264,False,992475.3263802554,994563.5400564978
2023-01-17,1324019.5103494746,0.0007190751758008264,416.1407298689484,302.9344459318648,0.0,640.2165074906003,1550.27,496254.2225337264,False,993014.6327621059,1009781.4864395494
2023-01-18,1324345.8600739513,0.00032634972447669134,25.60866029960072,300.74106417720196,0.0,640.2165074906003,1550.27,496254.2225337264,False,993259.3950554635,1002470.2139240066
2023-01-19,1324706.6092715922,0.0003607491976409219,70.42381582404755,290.3253818168374,0.0,640.2165074906003,1550.27,496254.2225337264,False,993529.9569536941,967751.2727227913
2023-01-20,1325094.153450721,0.0003875441791287158,89.63031104860252,297.9138680801235,0.0,640.2165074906003,1550.27,496254.2225337264,False,993820.6150880407,993046.226933745
2023-01-21,1325118.2915337028,2.413808298180811e-05,-294.4995934456994,318.6376764275943,0.0,640.2165074906003,1550.27,496254.2225337264,False,993838.718650277,1062125.588091981
2023-01-22,1325110.7939581834,-7.4975755193736405e-06,-320.10825374530015,312.61067822607777,0.0,640.2165074906003,1550.27,496254.2225337264,False,993833.0954686375,1042035.5940869258
2023-01-23,1325606.4720772833,0.0004956781190999318,179.26062209735062,316.4174970025341,0.0,640.2165074906003,1550.27,496254.2225337264,False,994204.8540579625,1042355.7023406711
2023-01-24,1325970.1598686934,0.0003636877914101351,51.21732059920144,312.47047081093734,0.0,640.2165074906003,1550.27,496254.2225337264,False,994477.6199015201,1041568.2360364577
2023-01-25,1326646.7406738095,0.0006765808051161003,377.72773941954733,298.85306569661225,0.0,640.2165074906003,1550.27,496254.2225337264,False,994985.0555053572,996176.885655374
2023-01-26,1327301.9587345037,0.0006552180606941693,345.7169140449009,309.5011466491959,0.0,640.2165074906003,1550.27,496254.2225337264,False,995476.4690508777,1031670.488830653
2023-01-27,1327532.5692020173,0.00023061046751355753,-76.82598089894773,307.4364484125387,0.0,640.2165074906003,1550.27,496254.2225337264,False,995649.426901513,1024788.161375129
2023-01-28,1327928.942607001,0.00039637340498366395,89.6303110487481,306.7430939349264,0.0,640.2165074906003,1550.27,496254.2225337264,False,995946.7069552507,1022476.9797830879
2023-01-29,1328262.787346131,0.00033384473912999963,32.010825374500904,301.8339137554885,0.0,640.2165074906003,1550.27,496254.2225337264,False,996197.0905095981,1006113.0458516282
2023-01-30,1327605.7337847098,-0.0006570535614211112,-973.1290913857008,316.0755299646169,0.0,640.2165074906003,1550.27,496254.2225337264,False,995704.3003385323,1053585.0998820562
2023-01-31,1328687.5581945207,0.0010818244098108262,781.0641391385499,300.76027067242677,0.0,640.2165074906003,1550.27,496254.2225337264,False,996515.6686458904,1002534.2355747557
2023-02-01,1328974.1852748638,0.00028662708034319804,12.80433014980036,304.4267906108254,30.604040417693227,628.844203200053,1585.02,498365.31947807403,True,996753.5919864611,1014755.9687027512
2023-02-02,1329007.2266358326,3.3041360968723896e-05,-276.69144940791466,309.73281037676367,0.0,628.844203200053,1585.02,498365.31947807403,False,996755.4199768745,1032442.701255879
2023-02-03,1328965.1858854715,-4.204075036104769e-05,-352.15275379213836,310.1120034312933,0.0,628.844203200053,1585.02,498365.31947807403,False,996723.8894141037,1033706.6781043111
2023-02-04,1329612.333856894,0.0006471479714224115,333.2874276960109,313.8605437265689,0.0,628.844203200053,1585.02,498365.31947807403,False,997209.2503926705,1046201.8124218963
2023-02-05,1330002.1745014722,0.0003898406445782166,75.46130438408072,314.3793401942089,0.0,628.844203200053,1585.02,498365.31947807403,False,997501.6308761041,1047931.1339806964
2023-02-06,1330359.794426767,0.00035761992529476994,50.30753625595849,307.31238903864676,0.0,628.844203200053,1585.02,498365.31947807403,False,997769.8458200751,1024374.6301288224
2023-02-07,1330890.6439512495,0.000530849524482619,226.38391315195616,304.46561133076005,0.0,628.844203200053,1585.02,498365.31947807403,False,998167.9829634372,1014885.3711025337
2023-02-08,1331293.8274121315,0.0004031834608819336,88.03818844807033,315.14527243370657,0.0,628.844203200053,1585.02,498365.31947807403,False,998470.3705590987,1050484.2414456885
2023-02-09,1331372.4819873795,7.865457524801605e-05,-232.672355183951,311.32693043187584,0.0,628.844203200053,1585.02,498365.31947807403,False,998529.3614905346,1037756.4347729195
2023-02-10,1331960.0765687362,0.0005875945813567378,326.99898566387316,260.5955956927829,0.0,628.844203200053,1585.02,498365.31947807403,False,998970.0574265522,971356.7753570259
2023-02-11,1332105.1868900144,0.0001451103212782182,75.46130438408072,69.64901689422689,0.0,628.844203200053,1585.02,498365.31947807403,False,999078.8901675108,950969.6462892802
2023-02-12,1332304.1347815879,0.00019894789157342166,37.730652191968865,161.21723938146016,0.0,628.844203200053,1585.02,498365.31947807403,False,999228.1010861909,966936.0006085295
2023-02-13,1332153.7912724281,-0.00015034350915974938,-326.9989856640161,176.65547650428957,0.0,628.844203200053,1585.02,498365.31947807403,False,999115.3434543211,952371.9688624163
2023-02-14,1332272.8818713925,0.0001190905989643652,31.442210160117035,87.64838880407126,0.0,628.844203200053,1585.02,498365.31947807403,False,999204.6614035444,946322.4876276318
2023-02-15,1332617.367372435,0.0003444855010425672,232.672355183951,111.81314585878685,0.0,628.844203200053,1585.02,498365.31947807403,False,999463.0255293263,977815.0053238905
2023-02-16,1332454.6151602606,-0.0001627522121744696,-521.9406886559982,359.1884764815766,0.0,628.844203200053,1585.02,498365.31947807403,False,999340.9613701955,1053307.7519180567
2023-02-17,1332078.3757869534,-0.00037623937330720947,-685.4401814881493,309.2008081808565,0.0,628.844203200053,1585.02,498365.31947807403,False,999058.781840215,1030669.3606028549
2023-02-18,1332945.06773313,0.0008666919461765792,547.0944567841204,319.59748939236295,0.0,628.844203200053,1585.02,498365.31947807403,False,999708.8007998475,1065324.9646412097
2023-02-19,1333427.7025148647,0.00048263478173478505,163.49949283186507,319.1352889030109,0.0,628.844203200053,1585.02,498365.31947807403,False,1000070.7768861486,1063784.2963433696
2023-02-20,1333310.8242735695,-0.00011687824129522778,-433.9025002079279,317.02425891286833,0.0,628.844203200053,1585.02,498365.31947807403,False,999983.1182051771,1056747.529709561
2023-02-21,1333808.3110976955,0.0004974868241259828,176.0763768959977,321.4104472301887,0.0,628.844203200053,1585.02,498365.31947807403,False,1000356.2333232716,1071368.1574339624
2023-02-22,1334756.4572335125,0.0009481461358170491,635.1326452320478,313.0134905848584,0.0,628.844203200053,1585.02,498365.31947807403,False,1001067.3429251343,1043378.301949528
2023-02-23,1335334.5773713498,0.0005781201378372498,358.44119582413316,219.6789420130344,0.0,628.844203200053,1585.02,498365.31947807403,False,1001500.9330285124,1032568.4700965191
2023-02-24,1335338.8582197106,4.2808483608532695e-06,-188.6532609601303,192.93410932101912,0.0,628.844203200053,1585.02,498365.31947807403,False,1001504.143664783,1037391.7051350635
2023-02-25,1335477.5809780182,0.00013872275830758735,-94.32663047992216,233.04938878755544,0.0,628.844203200053,1585.02,498365.31947807403,False,1001608.1857335137,1010621.8074048371
2023-02-26,1335730.5756460403,0.00025299466802203096,182.3648189279925,70.62984909403771,0.0,628.844203200053,1585.02,498365.31947807403,False,1001797.9317345303,1002126.1222196044
2023-02-27,1335909.4924844073,0.00017891683836700396,-75.46130438408072,254.37814275096204,0.0,628.844203200053,1585.02,498365.31947807403,False,1001932.1193633054,1031625.2037917189
2023-02-28,1336058.5730642474,0.00014908057984011248,-12.57688406384664,161.65746390398058,0.0,628.844203200053,1585.02,498365.31947807403,False,1002043.9297981856,1026657.3345864385
2023-03-01,1336044.2897695946,-1.4283294652821496e-05,-207.5185870561147,205.2762396812924,12.040947278063394,624.424804999717,1604.73,501016.60866359796,True,1002042.2480376544,1009125.1582012211
2023-03-02,1336488.770235952,0.0004444804663574323,156.10620124992926,288.37426510765437,0.0,624.424804999717,1604.73,501016.60866359796,False,1002366.577676964,1039336.355177879
2023-03-03,1336424.9955130352,-6.377472291677259e-05,-118.64071294998031,54.865990033072656,0.0,624.424804999717,1604.73,501016.60866359796,False,1002318.7466347765,1028608.7370279839
2023-03-04,1336548.92080367,0.00012392529063485564,18.732744150116453,105.19254648467027,0.0,624.424804999717,1604.73,501016.60866359796,False,1002411.6906027526,979628.855323806
2023-03-05,1336739.7536186608,0.00019083281499077565,56.198232449923424,134.634582540955,0.0,624.424804999717,1604.73,501016.60866359796,False,1002554.8152139956,977880.4658698068
2023-03-06,1336776.8706438262,3.711702516535297e-05,-112.39646489998881,149.51349006514786,0.0,624.424804999717,1604.73,501016.60866359796,False,1002582.6529828697,976637.8605078574
2023-03-07,1337012.3344184482,0.00023546377462195232,99.90796879986385,135.55580582214318,0.0,624.424804999717,1604.73,501016.60866359796,False,1002759.2508138361,977330.9720414071
2023-03-08,1337230.5009316115,0.00021816651316336355,-12.488496099841004,230.6550092632169,0.0,624.424804999717,1604.73,501016.60866359796,False,1002922.8756987087,974914.4480460582
2023-03-09,1337374.9651698442,0.00014446423823270016,-49.953984399931926,194.4182226327053,0.0,624.424804999717,1604.73,501016.60866359796,False,1003031.2238773832,956500.1605466165
2023-03-10,1337320.5413036058,-5.4423866238445046e-05,206.06018564971922,-79.96186921915438,180.52218266892135,698.2570598973172,1436.42,501495.20298885216,True,1003125.7976147061,896936.2783976935
2023-03-11,1337149.0063612498,-0.00017153494235593825,-188.52940617210416,16.994463816147228,0.0,698.2570598973172,1436.42,501495.20298885216,False,1002861.7547709374,995574.9160015947
2023-03-12,1337371.61683943,0.0002226104781802278,188.52940617226292,34.08107200799251,0.0,698.2570598973172,1436.42,501495.20298885216,False,1003028.7126295725,1027157.0828207504
2023-03-13,1337821.1393729367,0.00044952253350662066,118.70370018243595,330.8188333240312,0.0,698.2570598973172,1436.42,501495.20298885216,False,1003365.8545297026,1102729.444413437
2023-03-14,1336814.274233922,-0.001006865139014786,-1075.315872241843,350.6458425398154,282.1951093129966,598.9633287783939,1673.91,501305.3528377207,True,1002822.3520074261,1168819.4751327182
2023-03-15,1337396.2006103648,0.0005819263764428906,-29.948166438892457,611.874542881754,0.0,598.9633287783939,1673.91,501305.3528377207,False,1003047.1504577736,1018195.7314902552
2023-03-16,1338081.9812777962,0.0006857806674314197,389.3261637060105,296.454503725551,0.0,598.9633287783939,1673.91,501305.3528377207,False,1003561.4859583471,988181.6790851698
2023-03-17,1338918.3595696073,0.0008363782918110955,616.9322286417294,219.4460631691991,0.0,598.9633287783939,1673.91,501305.3528377207,False,1004188.7696772055,1001808.0948148783
2023-03-18,1338575.011627908,-0.000343347941699205,-664.8492949440936,321.5013532450771,0.0,598.9633287783939,1673.91,501305.3528377207,False,1003931.2587209311,1071671.1774835903
2023-03-19,1339052.7184245554,0.0004777067966472823,161.72009877015546,315.9866978770144,0.0,598.9633287783939,1673.91,501305.3528377207,False,1004289.5388184165,1053288.9929233813
2023-03-20,1339574.9231419992,0.0005222047174437903,221.61643164807657,300.5882857956708,0.0,598.9633287783939,1673.91,501305.3528377207,False,1004681.1923564994,1066142.7459589657
2023-03-21,1340011.3189525204,0.0004363958105212077,221.61643164794037,214.7793788733439,0.0,598.9633287783939,1673.91,501305.3528377207,False,1005008.4892143903,1037230.7860788326
2023-03-22,1340164.1561489427,0.00015283719642227516,23.95853315111397,128.87866327125613,0.0,598.9633287783939,1673.91,501305.3528377207,False,1005123.117111707,1078211.8570338504
2023-03-23,1340129.2695815486,-3.488656739401631e-05,-221.61643164794037,186.72986425384346,0.0,598.9633287783939,1673.91,501305.3528377207,False,1005096.9521861614,1038368.8164035114
2023-03-24,1340329.3101561675,0.00020004057461884804,-125.78229904348451,325.8228736622132,0.0,598.9633287783939,1673.91,501305.3528377207,False,1005246.9826171256,1086076.2455407106
2023-03-25,1340524.850610825,0.0001955404546575155,167.70973205793396,27.830722599429233,0.0,598.9633287783939,1673.91,501305.3528377207,False,1005393.6379581187,1047449.1004677919
2023-03-26,1340625.5363055435,0.0001006856947185006,35.93779972680714,64.74789499164537,0.0,598.9633287783939,1673.91,501305.3528377207,False,1005469.1522291576,1042807.1346697594
2023-03-27,1340870.5881823106,0.0002450518767670728,233.59569822349738,11.456178543663478,0.0,598.9633287783939,1673.91,501305.3528377207,False,1005652.9411367329,1061740.3654924445
2023-03-28,1340731.0119783438,-0.00013957620396674611,-227.60606493571888,88.0298609688582,0.0,598.9633287783939,1673.91,501305.3528377207,False,1005548.2589837578,1026826.7930579518
2023-03-29,1341035.7757939536,0.0003047638156097382,11.979266575556984,292.7845490342386,0.0,598.9633287783939,1673.91,501305.3528377207,False,1005776.8318454651,1061428.9045614796
2023-03-30,1341322.2650251114,0.00028648923115781507,167.70973205779777,118.77949909998596,0.0,598.9633287783939,1673.91,501305.3528377207,False,1005991.6987688335,1073276.3992047163
2023-03-31,1341384.3050513368,6.204002622538246e-05,-197.65789849682642,259.6979247221872,0.0,598.9633287783939,1673.91,501305.3528377207,False,1006038.2287885025,1073797.4973007536
2023-04-01,1341449.8468259817,6.554177464498207e-05,-77.8652327411204,286.89282001611605,143.485812629849,552.5493517277949,1820.81,503043.6925597431,True,1006194.9994789587,1090598.4186729875
2023-04-02,1341719.2833369463,0.0002694365109645296,143.66283144922167,125.7736795152895,0.0,552.5493517277949,1820.81,503043.6925597431,False,1006289.4625027097,1005545.886754793
2023-04-03,1341660.5497170961,-5.873361985012889e-05,-5.525493517272924,-53.208126332899546,0.0,552.5493517277949,1820.81,503043.6925597431,False,1006245.4122878221,991024.8897913866
2023-04-04,1341784.6860547448,0.00012413633764861152,-71.83141572467365,195.9677533733955,0.0,552.5493517277949,1820.81,503043.6925597431,False,1006338.5145410586,999937.510834756
2023-04-05,1342305.1389795705,0.0005204529248257168,243.12171476038557,277.3312100654958,0.0,552.5493517277949,1820.81,503043.6925597431,False,1006728.8542346779,1032775.5188079388
2023-04-06,1342381.9216668727,7.678268730221316e-05,-44.20394813830903,120.9866354404192,0.0,552.5493517277949,1820.81,503043.6925597431,False,1006786.4412501545,1053982.3629272515
2023-04-07,1342448.1651922236,6.624352535093204e-05,-66.30592220727509,132.54944755810718,0.0,552.5493517277949,1820.81,503043.6925597431,False,1006836.1238941677,1034007.7038622918
2023-04-08,1342398.4620810917,-4.970311113190837e-05,-121.5608573802556,71.85774624836135,0.0,552.5493517277949,1820.81,503043.6925597431,False,1006798.8465608188,1029333.1363466748
2023-04-09,1342396.5782182268,-1.8838628649245947e-06,-22.101974069091696,20.21811120423235,0.0,552.5493517277949,1820.81,503043.6925597431,False,1006797.4336636701,1021116.7274864824
2023-04-10,1342544.8810479362,0.00014830282970936968,143.6628314493473,4.6399982600151315,0.0,552.5493517277949,1820.81,503043.6925597431,False,1006908.6607859521,1026548.2876139665
2023-04-11,1342861.9520278126,0.00031707097987644374,127.08635089727726,189.98462897916772,0.0,552.5493517277949,1820.81,503043.6925597431,False,1007146.4640208595,1054766.983006705
2023-04-12,1342741.7633712164,-0.00012018865659623407,-182.34128607025775,62.15262947386358,0.0,552.5493517277949,1820.81,503043.6925597431,False,1007056.3225284123,1043704.9449851146
2023-04-13,1342821.9150750795,8.015170386317186e-05,-237.59622124273574,317.7479251058823,0.0,552.5493517277949,1820.81,503043.6925597431,False,1007116.4363063097,1059159.750352941
2023-04-14,1342790.065601126,-3.18494739534799e-05,-187.8667795875307,333.4856357417933,177.46833010783914,500.5927772148546,2011.8,503546.27460042224,True,1007225.6504484254,1111618.7858059779
2023-04-15,1343115.4163654142,0.00032535076428810136,10.011855544174164,315.3389087437306,0.0,500.5927772148546,2011.8,503546.27460042224,False,1007336.5622740607,1051129.6958124354
2023-04-16,1343023.988100584,-9.142826483026147e-05,-405.48014954377726,314.0518847135112,0.0,500.5927772148546,2011.8,503546.27460042224,False,1007267.991075438,1046839.6157117039
2023-04-17,1343922.7658888001,0.0008987777882162481,580.6876215689308,318.0901666473035,0.0,500.5927772148546,2011.8,503546.27460042224,False,1007942.0744166002,1060300.5554910114
2023-04-18,1343698.6740303016,-0.00022409185849851928,-535.6342716197487,311.5424131213331,0.0,500.5927772148546,2011.8,503546.27460042224,False,1007774.0055227262,1038474.7104044437
2023-04-19,1344258.9923347828,0.0005603183044812177,360.4267995948228,199.89150488640578,0.0,500.5927772148546,2011.8,503546.27460042224,False,1008194.2442510871,1052891.7823882315
2023-04-20,1344688.7726473783,0.00042978031259542334,345.40901627816316,84.37129631734113,0.0,500.5927772148546,2011.8,503546.27460042224,False,1008516.5794855338,967560.7375841874
2023-04-21,1344907.1901020284,0.00021841745465015993,-15.017783316431979,233.4352379665418,0.0,500.5927772148546,2011.8,503546.27460042224,False,1008680.3925765213,972201.2326289691
2023-04-22,1344918.8420072885,1.1651905260048806e-05,-60.07113326584174,71.72303852586043,0.0,500.5927772148546,2011.8,503546.27460042224,False,1008689.1315054663,925100.4582208234
2023-04-23,1344914.5636110231,-4.278396265348419e-06,5.005927772143993,-9.284324037459665,0.0,500.5927772148546,2011.8,503546.27460042224,False,1008685.9227082673,937810.5088343087
2023-04-24,1345027.9342003695,0.00011337058934639208,-30.035566632863958,143.40615597916067,0.0,500.5927772148546,2011.8,503546.27460042224,False,1008770.9506502771,931753.3362300089
2023-04-25,1345212.9925925173,0.00018505839214776642,-30.03556663297778,215.09395878061852,0.0,500.5927772148546,2011.8,503546.27460042224,False,1008909.744444388,921686.4154802181
2023-04-26,1345366.8220607673,0.00015382946825004182,25.029638860719967,128.79982938942624,0.0,500.5927772148546,2011.8,503546.27460042224,False,1009025.1165455754,933805.7666165899
2023-04-27,1345572.8549679988,0.00020603290723147802,140.16597762025944,65.86692961124037,0.0,500.5927772148546,2011.8,503546.27460042224,False,1009179.6412259991,933620.5472890203
2023-04-28,1345823.232981262,0.0002503780132632237,10.011855544287986,240.36615771901177,0.0,500.5927772148546,2011.8,503546.27460042224,False,1009367.4247359466,954970.8292372338
2023-04-29,1345879.7175756758,5.648459441377781e-05,-100.11855544299368,156.6031498567822,0.0,500.5927772148546,2011.8,503546.27460042224,False,1009409.7881817569,946185.4259971132
2023-04-30,1346006.9918416184,0.00012727426594262944,-10.011855544287986,137.28612148692147,0.0,500.5927772148546,2011.8,503546.27460042224,False,1009505.2438812138,954635.4320764999
2023-05-01,1346331.0081537287,0.00032401631211023777,445.52757172115685,5.1909846573618355,126.70224426823506,540.4318410387958,1868.41,504874.12805764825,True,1009843.2827984977,935312.5508760065
2023-05-02,1346043.1218492796,-0.0002878863044490572,-491.79297534522556,203.9066708961339,0.0,540.4318410387958,1868.41,504874.12805764825,False,1009532.3413869597,988974.0561457652
2023-05-03,1346371.3479566502,0.000328226107370574,64.85182092459651,263.37428644605666,0.0,540.4318410387958,1868.41,504874.12805764825,False,1009778.5109674877,1010180.6015881276
2023-05-04,1346408.917297456,3.756934080575593e-05,-270.2159205193979,307.78526132517055,0.0,540.4318410387958,1868.41,504874.12805764825,False,1009806.687973092,1029382.1449002359
2023-05-05,1346901.1834365504,0.000492266139094485,297.2375125713131,195.02862652331936,0.0,540.4318410387958,1868.41,504874.12805764825,False,1010175.8875774129,1013925.7942465264
2023-05-06,1347026.746450142,0.00012556301359157077,-97.27773138689477,222.8407449785118,0.0,540.4318410387958,1868.41,504874.12805764825,False,1010270.0598376065,1076837.4648618526
2023-05-07,1347265.13120544,0.00023838475529802962,151.32091549084808,87.06383980727051,0.0,540.4318410387958,1868.41,504874.12805764825,False,1010448.84840408,1024280.4683208297
2023-05-08,1347298.8393331394,3.370812769932672e-05,-70.25613933497957,103.96426703435118,0.0,540.4318410387958,1868.41,504874.12805764825,False,1010474.1294998545,1010342.7311404392
2023-05-09,1347606.2222986233,0.00030738296548393556,59.447502514213475,247.93546296972923,0.0,540.4318410387958,1868.41,504874.12805764825,False,1010704.6667239675,997929.0117517781
2023-05-10,1347589.059070741,-1.7163227882236242e-05,-151.32091549084808,134.15768760855366,0.0,540.4318410387958,1868.41,504874.12805764825,False,1010691.7943030559,997529.0921894093
2023-05-11,1347790.6320846379,0.00020157301389682106,129.70364184931591,71.86937204743701,0.0,540.4318410387958,1868.41,504874.12805764825,False,1010842.9740634784,994318.9270536389
2023-05-12,1347852.5189492148,6.188686457695439e-05,48.638865693447386,13.247998883548357,0.0,540.4318410387958,1868.41,504874.12805764825,False,1010889.3892119111,969129.3989428206
2023-05-13,1347836.2276796272,-1.62912695875857e-05,-75.6604577453626,59.36918815788032,0.0,540.4318410387958,1868.41,504874.12805764825,False,1010877.1707597205,976306.3337918158
2023-05-14,1347791.9028098078,-4.4324869819451123e-05,-129.70364184943878,85.37877202987514,0.0,540.4318410387958,1868.41,504874.12805764825,False,1010843.9271073558,969772.5128336569
2023-05-15,1347892.258785189,0.0001003559753810987,140.5122786702049,-40.15630328911268,0.0,540.4318410387958,1868.41,504874.12805764825,False,1010919.1940888916,971836.962466425
2023-05-16,1347791.500425444,-0.00010075835974491201,-156.72523390123112,55.96687415636724,0.0,540.4318410387958,1868.41,504874.12805764825,False,1010843.625319083,981186.4333163961
2023-05-17,1347923.6303537698,0.00013212992832576856,21.617273641532172,110.51265468426722,0.0,540.4318410387958,1868.41,504874.12805764825,False,1010942.7227653273,985488.2707710649
2023-05-18,1347997.397627435,7.376727366517297e-05,-118.89500502867271,192.66227869378272,0.0,540.4318410387958,1868.41,504874.12805764825,False,1010998.0482205763,984477.6632283225
2023-05-19,1348384.5357109788,0.00038713808354386126,216.17273641556747,170.96534712824365,0.0,540.4318410387958,1868.41,504874.12805764825,False,1011288.4017832341,972609.7799991105
2023-05-20,1348500.6109701826,0.00011607525920378976,32.425910462298255,83.64934874147197,0.0,540.4318410387958,1868.41,504874.12805764825,False,1011375.458227637,978927.428220854
2023-05-21,1348511.021380182,1.0410409999312833e-05,-54.04318410370755,64.45359410289929,0.0,540.4318410387958,1868.41,504874.12805764825,False,1011383.2660351364,982823.9417947436
2023-05-22,1348773.5323698884,0.0002625109897064976,97.27773138689477,165.2332583194748,0.0,540.4318410387958,1868.41,504874.12805764825,False,1011580.1492774163,974884.9980498839
2023-05-23,1348793.207433743,1.967506385454908e-05,-178.34250754288618,198.01757139736534,0.0,540.4318410387958,1868.41,504874.12805764825,False,1011594.9055753072,981791.7169783596
2023-05-24,1348948.8647925388,0.0001556573587958701,5.404318410505923,150.2530403855232,0.0,540.4318410387958,1868.41,504874.12805764825,False,1011711.6485944041,1001620.1612260729
2023-05-25,1349223.1560321818,0.0002742912396430038,194.5554627740353,79.73577686886534,0.0,540.4318410387958,1868.41,504874.12805764825,False,1011917.3670241364,972150.4129342274
2023-05-26,1349373.164299259,0.00015000826707715169,-48.63886569369315,198.64713277083743,0.0,540.4318410387958,1868.41,504874.12805764825,False,1012029.8732244442,975290.321930663
2023-05-27,1349465.989118713,9.282481945399194e-05,16.21295523127201,76.6118642225792,0.0,540.4318410387958,1868.41,504874.12805764825,False,1012099.4918390347,987266.2915280826
2023-05-28,1349505.612412614,3.962329390109517e-05,27.021592052038095,12.601701849168473,0.0,540.4318410387958,1868.41,504874.12805764825,False,1012129.2093094606,988368.7724838017
2023-05-29,1349404.285765874,-0.00010132664674008266,-410.72819918947994,309.40155244943895,0.0,540.4318410387958,1868.41,504874.12805764825,False,1012053.2143244054,1031338.5081647964
2023-05-30,1350091.3171091238,0.0006870313432498369,437.74979124127225,249.28155200853337,0.0,540.4318410387958,1868.41,504874.12805764825,False,1012568.4878318429,1022232.2316432927
2023-05-31,1350055.5381530207,-3.5778956103138625e-05,-172.93818913238024,137.15923302927575,0.0,540.4318410387958,1868.41,504874.12805764825,False,1012541.6536147655,1026717.8159239147
2023-06-01,1350321.633244342,0.0002660950913212728,5.404318410505923,261.7009283134474,1.0101554025096469,540.7487118206244,1872.85,506370.6124666282,True,1012741.9825498085,1012147.7734895087
2023-06-02,1350773.9611276216,0.00045232788327964954,221.70697184637731,230.6209114333906,0.0,540.7487118206244,1872.85,506370.6124666282,False,1013080.4708457162,1006111.6457263355
2023-06-03,1350919.0895982299,0.00014512847060826607,-48.66738406381194,193.79585467219667,0.0,540.7487118206244,1872.85,506370.6124666282,False,1013189.3171986723,1030445.3377582636
2023-06-04,1351106.7109319593,0.00018762133372947573,27.03743559088368,160.58389813847322,0.0,540.7487118206244,1872.85,506370.6124666282,False,1013330.0331989694,1022501.7391816188
2023-06-05,1351377.5583012083,0.0002708473692489788,167.632100664487,103.21526858444943,0.0,540.7487118206244,1872.85,506370.6124666282,False,1013533.1687259062,1021225.572221722
2023-06-06,1350874.8250702084,-0.0005027332309999038,-540.7487118206244,38.015480820873634,0.0,540.7487118206244,1872.85,506370.6124666282,False,1013156.1188026563,978771.3908566848
2023-06-07,1351608.463741744,0.0007336386715355329,502.8963019932151,230.74236954230142,0.0,540.7487118206244,1872.85,506370.6124666282,False,1013706.347806308,1018370.4190233091
2023-06-08,1351470.604349773,-0.00013785939197102562,-319.0417399742471,181.18234800319905,0.0,540.7487118206244,1872.85,506370.6124666282,False,1013602.9532623297,990283.9309313459
2023-06-09,1351583.385875931,0.00011278152615809813,-43.259896945610606,156.04142310384773,0.0,540.7487118206244,1872.85,506370.6124666282,False,1013687.5394069483,997643.5208992247
2023-06-10,1351736.424510461,0.00015303863453003578,21.629948472805303,131.40868605708397,0.0,540.7487118206244,1872.85,506370.6124666282,False,1013802.3183828457,994766.7377523388
2023-06-11,1351894.9844856688,0.00015855997520778327,59.482358300214585,99.07761690762293,0.0,540.7487118206244,1872.85,506370.6124666282,False,1013921.2383642516,946661.7323487762
2023-06-12,1352139.0655000086,0.0002440810143398121,54.074871182136214,190.00614315762704,0.0,540.7487118206244,1872.85,506370.6124666282,False,1014104.2991250064,947283.5933673698
2023-06-13,1352306.9733089742,0.0001679078089655377,0.0,167.90780896559727,0.0,540.7487118206244,1872.85,506370.6124666282,False,1014230.2299817307,941767.9565067994
2023-06-14,1352384.7926656865,7.781935671227984e-05,-48.66738406393488,126.48674077616296,0.0,540.7487118206244,1872.85,506370.6124666282,False,1014288.5944992648,940491.7895469028
2023-06-15,1351999.7190057845,-0.00038507365990197285,-64.88984541841592,-113.09493291807065,207.0888815656015,614.4745691431522,1650.19,506999.8946271692,True,1014155.1059155124,892338.1167592763
2023-06-16,1352195.4386882775,0.00019571968249301427,344.1057587201317,-148.38607622697506,0.0,614.4745691431522,1650.19,506999.8946271692,False,1014146.5790162082,1023493.4213476001
2023-06-17,1351927.8286072726,-0.0002676100810049102,-442.4216897829466,174.81160877805362,0.0,614.4745691431522,1650.19,506999.8946271692,False,1013945.8714554545,1055243.3223352267
2023-06-18,1351942.6456124764,1.4817005203804e-05,-24.57898276584345,39.39598796962876,0.0,614.4745691431522,1650.19,506999.8946271692,False,1013956.9842093573,1061314.331078361
2023-06-19,1352315.2094093298,0.0003725637968534138,245.78982765731675,126.7739691959546,0.0,614.4745691431522,1650.19,506999.8946271692,False,1014236.4070569973,1056890.1141805302
2023-06-20,1352316.128788638,9.193793081212789e-07,-36.86847414869531,37.78785345683939,0.0,614.4745691431522,1650.19,506999.8946271692,False,1014237.0965914784,1066850.746946341
2023-06-21,1352262.7589154062,-5.3369873231742534e-05,-172.05287935992612,118.68300612839792,0.0,614.4745691431522,1650.19,506999.8946271692,False,1014197.0691865546,1100751.3089259684
2023-06-22,1352473.64693637,0.0002108880209638737,110.60542244566679,348.0936986739042,247.81110015555385,537.1790685814105,1888.3,507177.6176011388,True,1014541.0935273942,1160312.3289130141
2023-06-23,1352626.484236254,0.0001528372998838313,-91.32044165875674,244.15774154257164,0.0,537.1790685814105,1888.3,507177.6176011388,False,1014469.8631771904,1005260.7935711942
2023-06-24,1352757.0400802256,0.00013055584397166968,-107.43581371630654,237.99165768802013,0.0,537.1790685814105,1888.3,507177.6176011388,False,1014567.7800601692,1016450.2335697451
2023-06-25,1353085.9768482598,0.0003289367680342402,26.8589534290461,302.077814605139,0.0,537.1790685814105,1888.3,507177.6176011388,False,1014814.4826361949,1006926.0486837967
2023-06-26,1353364.8845592476,0.0002789077109878417,32.23074411485532,246.676966873049,0.0,537.1790685814105,1888.3,507177.6176011388,False,1015023.6634194357,1019705.5387253484
2023-06-27,1353639.4268418828,0.00027454228263511325,155.7819298885895,118.76035274647974,0.0,537.1790685814105,1888.3,507177.6176011388,False,1015229.570131412,998153.9144938622
2023-06-28,1353641.3954890184,1.9686471356544643e-06,-161.15372057439873,163.12236771022197,0.0,537.1790685814105,1888.3,507177.6176011388,False,1015231.0466167638,1014758.1195037136
2023-06-29,1353894.830090361,0.00025343460134253835,128.9229764595434,124.51162488299225,0.0,537.1790685814105,1888.3,507177.6176011388,False,1015421.1225677708,981565.8248560682
2023-06-30,1354154.6288433648,0.00025979875300382265,21.48716274323688,238.31159026050673,0.0,537.1790685814105,1888.3,507177.6176011388,False,1015615.9716325236,994415.1481765356
2023-07-01,1354196.261892267,4.163304890226573e-05,-230.98699949004074,311.57782643300123,38.95777804069794,525.3112083350748,1933.42,507823.59820960014,True,1015676.4147527309,1038592.7547766708
2023-07-02,1354520.4965775204,0.0003242346852533519,21.012448333503322,303.2222369200052,0.0,525.3112083350748,1933.42,507823.59820960014,False,1015890.3724331403,1010740.7897333506
2023-07-03,1354500.1707109362,-2.032586658420041e-05,-325.6929491678085,305.3670825836373,0.0,525.3112083350748,1933.42,507823.59820960014,False,1015875.1280332021,1017890.275278791
2023-07-04,1355202.249140876,0.0007020784299399238,393.98340625130606,308.09502368852134,0.0,525.3112083350748,1933.42,507823.59820960014,False,1016401.686855657,1026983.4122950712
2023-07-05,1355465.2808678688,0.0002630317269926891,-42.02489666676776,305.0566236595113,0.0,525.3112083350748,1933.42,507823.59820960014,False,1016598.9606509015,1016855.4121983709
2023-07-06,1355693.808298458,0.00022852743058931083,-1.1944194019067135e-10,228.52743058957182,0.0,525.3112083350748,1933.42,507823.59820960014,False,1016770.3562238435,1003281.3705749926
2023-07-07,1356291.155825515,0.0005973475270569324,467.52697541838853,129.82055163850637,0.0,525.3112083350748,1933.42,507823.59820960014,False,1017218.3668691362,969099.3702486292
2023-07-08,1356106.3653157009,-0.00018479050981416367,-231.13693166746157,46.346421853295304,0.0,525.3112083350748,1933.42,507823.59820960014,False,1017079.7739867757,982331.9595865898
2023-07-09,1356129.0038848415,2.2638569140573963e-05,-68.29045708361706,90.92902622418984,0.0,525.3112083350748,1933.42,507823.59820960014,False,1017096.752913631,979416.4823803301
2023-07-10,1356380.4391383473,0.00025143525350582787,110.31535375038482,141.11989975543605,0.0,525.3112083350748,1933.42,507823.59820960014,False,1017285.3293537605,978029.6607903255
2023-07-11,1356606.731104516,0.00022629196616867557,31.51867250019526,194.7732936683725,0.0,525.3112083350748,1933.42,507823.59820960014,False,1017455.048328387,987243.6193845227
2023-07-12,1356643.9592406042,3.722813608823344e-05,-215.3775954175431,252.605731505608,0.0,525.3112083350748,1933.42,507823.59820960014,False,1017482.9694304531,986355.8434424365
2023-07-13,1356829.970413867,0.00018601117326272652,183.85892291734783,2.1522503453625483,0.0,525.3112083350748,1933.42,507823.59820960014,False,1017622.4778104002,982762.7147774245
2023-07-14,1356473.5105125383,-0.00035645990132866426,-672.3983466688813,315.9384453401724,0.0,525.3112083350748,1933.42,507823.59820960014,False,1017355.1328844037,1053128.1511339077
2023-07-15,1357358.5604389952,0.0008850499264569953,714.4232433356491,170.62668312139368,0.0,525.3112083350748,1933.42,507823.59820960014,False,1018018.9203292464,1017391.2296308727
2023-07-16,1357467.34693541,0.00010878649641480297,-36.77178458342179,145.55828099806186,0.0,525.3112083350748,1933.42,507823.59820960014,False,1018100.5102015575,1014060.7565700284
2023-07-17,1357632.5678820568,0.00016522094664676114,73.54356916684358,91.67737747988268,0.0,525.3112083350748,1933.42,507823.59820960014,False,1018224.4259115426,1009107.0718754285
2023-07-18,1357694.4739510892,6.190606903238221e-05,-162.84647458372507,224.75254361610249,0.0,525.3112083350748,1933.42,507823.59820960014,False,1018270.8554633169,1003538.7730670767
2023-07-19,1357897.9657633349,0.00020349181224568746,-52.53112083357914,256.02293307923065,0.0,525.3112083350748,1933.42,507823.59820960014,False,1018423.4743225011,996236.9472712192
2023-07-20,1358269.9814365169,0.0003720156731819734,183.85892291734783,188.15675026453508,0.0,525.3112083350748,1933.42,507823.59820960014,False,1018702.4860773876,991551.1712928703
2023-07-21,1358334.2702425958,6.428880607895553e-05,-31.51867250019526,95.80747857915014,0.0,525.3112083350748,1933.42,507823.59820960014,False,1018750.7026819468,993132.3580299589
2023-07-22,1358330.286032974,-3.984209621790797e-06,-73.54356916684358,69.55935954513554,0.0,525.3112083350748,1933.42,507823.59820960014,False,1018747.7145247306,993279.4451682927
2023-07-23,1358447.8989091709,0.00011761287619685754,15.75933625003791,101.8535399467523,0.0,525.3112083350748,1933.42,507823.59820960014,False,1018835.9241818781,980020.5902699154
2023-07-24,1358601.5928495375,0.00015369394036661833,-15.75933625003791,169.45327661666323,0.0,525.3112083350748,1933.42,507823.59820960014,False,1018951.1946371531,991708.7646553708
2023-07-25,1358889.732908714,0.0002881400591765996,36.77178458342179,251.3682745932121,0.0,525.3112083350748,1933.42,507823.59820960014,False,1019167.2996815356,971321.4366598866
2023-07-26,1359030.0901442694,0.0001403572355553042,-110.31535375038482,250.6725893057399,0.0,525.3112083350748,1933.42,507823.59820960014,False,1019272.5676082021,975455.6358694837
2023-07-27,1359389.2500855336,0.0003591599412641954,141.83402625046062,217.3259150137422,0.0,525.3112083350748,1933.42,507823.59820960014,False,1019541.9375641502,982841.5114586748
2023-07-28,1359571.4343069682,0.00018218422143463978,-10.50622416669194,192.69044560126594,0.0,525.3112083350748,1933.42,507823.59820960014,False,1019678.5757302262,977231.1877536562
2023-07-29,1359688.3137883074,0.00011687948133912869,-94.5560175003469,211.43549883949333,0.0,525.3112083350748,1933.42,507823.59820960014,False,1019766.2353412305,984107.5114707624
2023-07-30,1359721.889637809,3.357584950164892e-05,-120.82157791695731,154.39742741855594,0.0,525.3112083350748,1933.42,507823.59820960014,False,1019791.4172283567,987511.5281007736
2023-07-31,1359991.1737175619,0.00026928407975286247,225.88381958399614,43.40026016873437,0.0,525.3112083350748,1933.42,507823.59820960014,False,1019993.3802881713,977483.3371336571
2023-08-01,1359966.753102561,-2.442061500088312e-05,-152.34025041715256,205.04947906648758,77.12984365009324,549.7332461069961,1855.4,509987.5324134604,True,1020032.9122096584,974662.4159448977
2023-08-02,1360105.2408024538,0.00013848769989283755,-170.4173062931388,308.9050061859511,0.0,549.7332461069961,1855.4,509987.5324134604,False,1020078.9306018404,1029683.3539531701
2023-08-03,1360633.930809633,0.000528690007179277,225.39063090391343,303.299376275398,0.0,549.7332461069961,1855.4,509987.5324134604,False,1020475.4481072249,1010997.9209179934
2023-08-04,1361043.7863701773,0.00040985556054417974,159.4226413708839,250.43291917320116,0.0,549.7332461069961,1855.4,509987.5324134604,False,1020782.839777633,1008590.0893000448
2023-08-05,1361152.1529837989,0.00010836661362159066,-153.9253089099439,262.29192253166286,0.0,549.7332461069961,1855.4,509987.5324134604,False,1020864.1147378492,1005682.0004281388
2023-08-06,1361449.9430296852,0.0002977900458863005,76.96265445503445,220.82739143125232,0.0,549.7332461069961,1855.4,509987.5324134604,False,1021087.457272264,1009035.3732293914
2023-08-07,1361695.4420126586,0.00024549898297339677,-49.47599214970965,294.9749751229932,0.0,549.7332461069961,1855.4,509987.5324134604,False,1021271.581509494,1005676.5030956777
2023-08-08,1361929.3883106199,0.0002339462979612872,16.491997383194885,217.45430057803497,0.0,549.7332461069961,1855.4,509987.5324134604,False,1021447.041232965,1005011.3258678883
2023-08-09,1362126.7692005585,0.0001973808899386786,10.994664922254918,186.38622501633571,0.0,549.7332461069961,1855.4,509987.5324134604,False,1021595.0769004188,1019953.0754970763
2023-08-10,1362259.695637037,0.0001329264364785049,-148.42797644900395,281.35441292761186,0.0,549.7332461069961,1855.4,509987.5324134604,False,1021694.7717277778,1019584.7542221848
2023-08-11,1362550.3217659597,0.00029062612892268225,203.40130105965358,87.22482786307738,0.0,549.7332461069961,1855.4,509987.5324134604,False,1021912.7413244698,1017792.6238398759
2023-08-12,1362596.762605654,4.644083969434723e-05,-131.93597906568408,178.37681876004393,0.0,549.7332461069961,1855.4,509987.5324134604,False,1021947.5719542406,1015929.0281355731
2023-08-13,1362781.6802573346,0.00018491765168053098,0.0,184.9176516804214,0.0,549.7332461069961,1855.4,509987.5324134604,False,1022086.260193001,1016533.7347062909
2023-08-14,1362995.9968934008,0.0002143166360661853,-87.95731937703938,302.2739554430885,0.0,549.7332461069961,1855.4,509987.5324134604,False,1022246.9976700506,1011558.6488290225
2023-08-15,1363296.533385145,0.0003005364917442203,32.98399476638977,267.552496977766,0.0,549.7332461069961,1855.4,509987.5324134604,False,1022472.4000388588,1014147.8924181864
2023-08-16,1363571.1156460883,0.0002745822609432507,5.497332461064961,269.08492848198796,0.0,549.7332461069961,1855.4,509987.5324134604,False,1022678.3367345661,1005060.8018600378
2023-08-17,1363765.7556982175,0.00019464005212928168,-49.47599214970965,244.1160442788882,0.0,549.7332461069961,1855.4,509987.5324134604,False,1022824.3167736632,993472.4250321024
2023-08-18,1363639.352536894,-0.00012640316132362932,-71.4653219938445,-54.937839329663404,0.0,549.7332461069961,1855.4,509987.5324134604,False,1022729.5144026704,924101.5867058606
2023-08-19,1363455.3656609666,-0.00018398687592730857,192.40663613739866,-189.80749954878777,186.58601251577653,615.737086782994,1660.76,511295.7621228625,True,1022731.4637551117,912974.9858046549
2023-08-20,1363313.8586298667,-0.0001415070310998708,86.20319214968076,-227.71022324953003,0.0,615.737086782994,1660.76,511295.7621228625,False,1022485.3939724001,1027480.4767147821
2023-08-21,1363294.7231255122,-1.9135504354489967e-05,61.5737086782434,-80.70921303253523,0.0,615.737086782994,1660.76,511295.7621228625,False,1022471.0423441342,1036993.6147055794
2023-08-22,1363029.2939209405,-0.00026542920457175935,-197.03586777051888,-68.39333680129296,0.0,615.737086782994,1660.76,511295.7621228625,False,1022271.9704407053,1026310.5762498943
2023-08-23,1362856.3887055528,-0.00017290521538769826,-153.9342716957485,-18.97094369189639,0.0,615.737086782994,1660.76,511295.7621228625,False,1022142.2915291646,1006416.1109759358
2023-08-24,1363045.251500591,0.00018886279503814877,190.87849690269454,-2.0157018646448224,0.0,615.737086782994,1660.76,511295.7621228625,False,1022283.9386254433,1033693.2639204224
2023-08-25,1363074.9236473523,2.9672146761324258e-05,67.73107954620774,-38.058932785045656,0.0,615.737086782994,1660.76,511295.7621228625,False,1022306.1927355141,1022265.1835897301
2023-08-26,1362806.3034573693,-0.00026862018998293207,-240.13746384542924,-28.4827261374971,0.0,615.737086782994,1660.76,511295.7621228625,False,1022104.727593027,1017967.3387239848
2023-08-27,1362976.3843424642,0.0001700808850948233,123.14741735662679,46.93346773817884,0.0,615.737086782994,1660.76,511295.7621228625,False,1022232.2882568481,1013681.8085999751
2023-08-28,1362983.6615030807,7.277160616591573e-06,0.0,7.2771606166628375,0.0,615.737086782994,1660.76,511295.7621228625,False,1022237.7461273106,1020639.637680623
2023-08-29,1362799.2050516326,-0.00018445645144814625,-98.51793388532944,-85.93851756286548,0.0,615.737086782994,1660.76,511295.7621228625,False,1022099.4037887244,1017505.5359088975
2023-08-30,1363196.358219534,0.00039715316790132785,190.87849690283454,206.27467099859453,0.0,615.737086782994,1660.76,511295.7621228625,False,1022397.2686646504,1064313.8692461408
2023-08-31,1363291.0653296197,9.470711008575744e-05,-30.7868543392617,125.49396442504438,0.0,615.737086782994,1660.76,511295.7621228625,False,1022468.2989972148,1049456.1333420672
2023-09-01,1363114.3770196505,-0.00017668830996914767,-203.19323863834322,42.314998226962594,15.810069557739736,621.3825065732699,1645.26,511167.89138236904,True,1022347.6403169062,1013047.5994005887
2023-09-02,1363373.2229115672,0.00025884589191665875,260.98065276081854,-2.1347608440974817,0.0,621.3825065732699,1645.26,511167.89138236904,False,1022529.9171836753,1011734.997202598
2023-09-03,1363262.670106213,-0.0001105528053541202,-93.207375986047,-17.345429368195923,0.0,621.3825065732699,1645.26,511167.89138236904,False,1022447.0025796598,1016730.9125554471
2023-09-04,1363211.7474965604,-5.09226096526254e-05,18.641475197181144,-69.56408484979912,0.0,621.3825065732699,1645.26,511167.89138236904,False,1022408.8106224204,1015979.0397224935
2023-09-05,1363026.3328065425,-0.00018541469001793302,-229.91152743204205,44.496837414116,0.0,621.3825065732699,1645.26,511167.89138236904,False,1022269.7496049069,1012903.1963149557
2023-09-06,1363323.8634661022,0.0002975306595596485,242.33917756349615,55.191481996076625,0.0,621.3825065732699,1645.26,511167.89138236904,False,1022492.8975995766,1015109.104213291
2023-09-07,1363486.906100128,0.0001630426340259146,-6.213825065585762,169.25645909153843,0.0,621.3825065732699,1645.26,511167.89138236904,False,1022615.1795750961,1014301.3069547456
2023-09-08,1363622.0820265443,0.00013517592641618104,24.855300262766903,110.3206261534348,0.0,621.3825065732699,1645.26,511167.89138236904,False,1022716.5615199083,1023572.3339528189
2023-09-09,1363624.5452870296,2.4632604853250086e-06,-124.27650131454095,126.73976179970873,0.0,621.3825065732699,1645.26,511167.89138236904,False,1022718.4089652721,1016438.8627773577
2023-09-10,1363725.3082249737,0.0001007629379441496,37.28295039436229,63.47998754983475,0.0,621.3825065732699,1645.26,511167.89138236904,False,1022793.9811687303,1015842.3355710473
2023-09-11,1363974.4822472222,0.00024917402224848047,149.13180157759044,100.0422206709126,0.0,621.3825065732699,1645.26,511167.89138236904,False,1022980.8616854167,1004439.9665754279
2023-09-12,1363812.2562874632,-0.00016222595975897276,-86.99355092031995,-75.23240883865202,0.0,621.3825065732699,1645.26,511167.89138236904,False,1022859.1922155975,963776.695345273
2023-09-13,1363751.1262054404,-6.113008202286438e-05,-86.99355092017866,25.863468897375164,0.0,621.3825065732699,1645.26,511167.89138236904,False,1022813.3446540802,989421.151391552
2023-09-14,1363889.9947730864,0.00013886856764601542,149.13180157744915,-10.263233931518206,0.0,621.3825065732699,1645.26,511167.89138236904,False,1022917.4960798149,998369.0594862071
2023-09-15,1363855.5865525445,-3.4408220541896296e-05,-55.924425591543425,21.51620504957082,0.0,621.3825065732699,1645.26,511167.89138236904,False,1022891.6899144084,1010150.4718108362
2023-09-16,1363851.2363880833,-4.350164461182431e-06,-118.06267624895519,113.71251178757626,0.0,621.3825065732699,1645.26,511167.89138236904,False,1022888.4272910624,1019477.423234501
2023-09-17,1363956.9116663656,0.00010567527828225865,49.710600525957666,55.964677756158096,0.0,621.3825065732699,1645.26,511167.89138236904,False,1022967.6837497742,1015140.1733386196
2023-09-18,1364087.7011864965,0.0001307895201309584,80.77972585445161,50.00979427649085,0.0,621.3825065732699,1645.26,511167.89138236904,False,1023065.7758898723,1007652.5141344117
2023-09-19,1364185.3922561414,9.769106964487583e-05,111.84885118322813,-14.157781538324278,0.0,621.3825065732699,1645.26,511167.89138236904,False,1023139.044192106,1016351.8692264375
2023-09-20,1364050.409190078,-0.00013498306606337429,-236.1253524977691,101.14228643418961,0.0,621.3825065732699,1645.26,511167.89138236904,False,1023037.8068925585,1020608.3393964643
2023-09-21,1364171.87290157,0.00012146371149201877,12.427650131454095,109.03606136045359,0.0,621.3825065732699,1645.26,511167.89138236904,False,1023128.9046761775,1007633.8726592144
2023-09-22,1364424.5252080918,0.00025265230652177706,167.77327677477157,84.8790297471644,0.0,621.3825065732699,1645.26,511167.89138236904,False,1023318.3939060689,983648.5079054863
2023-09-23,1364411.470336198,-1.3054871893720702e-05,-93.207375986047,80.15250409226105,0.0,621.3825065732699,1645.26,511167.89138236904,False,1023308.6027521486,989414.9375664862
2023-09-24,1364537.7132576334,0.00012624292143527418,55.924425591543425,70.31849584387739,0.0,621.3825065732699,1645.26,511167.89138236904,False,1023403.2849432251,989843.6914960218
2023-09-25,1364558.9722263569,2.125896872347221e-05,-99.42120105163276,120.68016977524134,0.0,621.3825065732699,1645.26,511167.89138236904,False,1023419.2291697676,981778.1465607007
2023-09-26,1364656.867258285,9.78950319280848e-05,-37.28295039450357,135.17798232252684,0.0,621.3825065732699,1645.26,511167.89138236904,False,1023492.6504437136,986556.5780362491
2023-09-27,1364849.0829372108,0.0001922156789258588,37.28295039450357,154.93272853120214,0.0,621.3825065732699,1645.26,511167.89138236904,False,1023636.8122029081,990048.7477231909
2023-09-28,1364934.558306072,8.547536886110902e-05,12.427650131454095,73.04771872952462,0.0,621.3825065732699,1645.26,511167.89138236904,False,1023700.9187295539,992900.8934283623
2023-09-29,1365056.8949893964,0.00012233668332453816,80.77972585445161,41.55695747007661,0.0,621.3825065732699,1645.26,511167.89138236904,False,1023792.6712420473,1026604.6805848965
2023-09-30,1365034.753178428,-2.2141810968518257e-05,-18.641475197039856,-3.5003357715666645,0.0,621.3825065732699,1645.26,511167.89138236904,False,1023776.064883821,1035602.2992800772
2023-10-01,1364968.9078793137,-6.584529911424034e-05,-74.56590078886586,32.63926354055939,23.91866186590915,612.9475927058236,1670.17,511863.3404547427,True,1023744.6199058846,1037814.4210034782
2023-10-02,1365013.7358750599,4.4827995746163654e-05,-196.1432296659639,240.9712254121151,0.0,612.9475927058236,1670.17,511863.3404547427,False,1023760.3019062949,1062483.3571962747
2023-10-03,1365422.6383166977,0.00040890244163782337,318.7327482071565,90.16969343055689,0.0,612.9475927058236,1670.17,511863.3404547427,False,1024066.9787375233,1018406.2958047988
2023-10-04,1365362.6293464187,-6.0008970279013736e-05,-140.97794632235056,80.9689760434214,0.0,612.9475927058236,1670.17,511863.3404547427,False,1024021.972009814,1015157.673563458
2023-10-05,1365511.1304565407,0.00014850111012207345,79.6831870516846,68.8179230703022,0.0,612.9475927058236,1670.17,511863.3404547427,False,1024133.3478424056,1008764.6301715362
2023-10-06,1365586.393119003,7.526266246219166e-05,-165.49585003056123,240.75851249276513,0.0,612.9475927058236,1670.17,511863.3404547427,False,1024189.7948392523,987605.6792713312
2023-10-07,1365843.901585144,0.00025750846614106557,98.07161483298195,159.43685130808151,0.0,612.9475927058236,1670.17,511863.3404547427,False,1024382.926188858,1007881.9856380398
2023-10-08,1365928.9025795492,8.500099440524355e-05,-196.1432296659639,281.14422407120605,0.0,612.9475927058236,1670.17,511863.3404547427,False,1024446.6769346619,1001047.6199793699
2023-10-09,1366397.6115850764,0.0004687090055271983,263.56746486354314,205.14154066353615,0.0,612.9475927058236,1670.17,511863.3404547427,False,1024798.2086888073,1000348.8597236852
2023-10-10,1366548.349447127,0.0001507378620505333,-49.035807416421285,199.7736694668318,0.0,612.9475927058236,1670.17,511863.3404547427,False,1024911.2620853452,968083.2984436507
2023-10-11,1366661.0625218602,0.00011271307473327033,-6.129475927192029,118.8425506603996,0.0,612.9475927058236,1670.17,511863.3404547427,False,1024995.7968913952,960421.4535348279
2023-10-12,1366824.4483257919,0.00016338580393162556,30.647379635402675,132.7384242963693,0.0,612.9475927058236,1670.17,511863.3404547427,False,1025118.3362443439,959924.9659847361
2023-10-13,1366923.569468599,9.912114280718379e-05,6.129475927052661,92.99166688016086,0.0,612.9475927058236,1670.17,511863.3404547427,False,1025192.6771014493,943216.0146075754
2023-10-14,1366916.1962012558,-7.373267343267799e-06,-110.3305666869479,102.95729934371413,0.0,612.9475927058236,1670.17,511863.3404547427,False,1025187.1471509419,951018.8374627206
2023-10-15,1367163.683915866,0.0002474877146102954,110.3305666869479,137.15714792331676,0.0,612.9475927058236,1670.17,511863.3404547427,False,1025372.7629368996,952612.5012037557
2023-10-16,1367175.98663984,1.2302723973989487e-05,-159.36637410350855,171.6690980775947,0.0,612.9475927058236,1670.17,511863.3404547427,False,1025381.98997988,954512.6387411437
2023-10-17,1367451.7759987272,0.00027578935888712295,165.49585003070058,110.29350885630939,0.0,612.9475927058236,1670.17,511863.3404547427,False,1025588.8319990453,979864.1511754566
2023-10-18,1367713.0475335338,0.00026127153480658307,128.71899446810588,132.55254033833114,0.0,612.9475927058236,1670.17,511863.3404547427,False,1025784.7856501504,958650.0349919081
2023-10-19,1367703.492633452,-9.554900081828237e-06,-134.8484703952979,125.293570313325,0.0,612.9475927058236,1670.17,511863.3404547427,False,1025777.619475089,957828.6852176823
2023-10-20,1367791.686884688,8.819425123604014e-05,-73.5537111247713,161.74796236064964,0.0,612.9475927058236,1670.17,511863.3404547427,False,1025843.7651635159,959814.6354180492
2023-10-21,1367930.7376330625,0.00013905074837454595,36.77685556245533,102.2738928122792,0.0,612.9475927058236,1670.17,511863.3404547427,False,1025948.0532247969,982646.9332463412
2023-10-22,1367989.5518040909,5.881417102832347e-05,-49.035807416421285,107.84997844465589,0.0,612.9475927058236,1670.17,511863.3404547427,False,1025992.1638530681,998056.4357269654
2023-10-23,1368254.2287112072,0.0002646769071163144,134.8484703952979,129.82843672121257,0.0,612.9475927058236,1670.17,511863.3404547427,False,1026190.6715334053,1019221.5161030975
2023-10-24,1367506.3744180847,-0.0007478542931224219,-1072.6582872351912,324.80399411277943,0.0,612.9475927058236,1670.17,511863.3404547427,False,1025629.7808135636,1082679.9803759314
2023-10-25,1368790.6773796054,0.0012843029615206179,956.1982446210513,328.1047168995003,0.0,612.9475927058236,1670.17,511863.3404547427,False,1026593.008034704,1093682.389665001
2023-10-26,1368978.245472449,0.0001875680928437505,-140.97794632235056,328.54603916624853,0.0,612.9475927058236,1670.17,511863.3404547427,False,1026733.6841043369,1095153.463887495
2023-10-27,1369083.0552201688,0.00010480974771967157,-226.79060930108784,331.6003570207016,0.0,612.9475927058236,1670.17,511863.3404547427,False,1026812.2914151265,1105334.5234023386
2023-10-28,1368981.3114363078,-0.00010174378386093304,-429.0633148941044,327.3195310332441,0.0,612.9475927058236,1670.17,511863.3404547427,False,1026735.983577231,1091065.1034441472
2023-10-29,1369350.9359972419,0.0003696245609340258,42.906331489368625,326.71822944479976,0.0,612.9475927058236,1670.17,511863.3404547427,False,1027013.2019979313,1089060.7648159992
2023-10-30,1369809.8155348354,0.0004588795375935733,128.71899446824526,330.16054312543565,0.0,612.9475927058236,1670.17,511863.3404547427,False,1027357.3616511265,1100535.1437514522
2023-10-31,1369866.7865617871,5.697102695167996e-05,-275.8264167176485,332.7974436692561,0.0,612.9475927058236,1670.17,511863.3404547427,False,1027400.0899213403,1109324.8122308536
2023-11-01,1369932.9803837778,6.619382199062966e-05,-122.58951854119259,333.8713278516767,145.08798731968542,565.8822330655702,1815.66,513724.8676439166,True,1027558.5512783232,1112904.4261722558
2023-11-02,1370408.2053654173,0.00047522498163953426,-124.49409127444088,599.7190729140976,0.0,565.8822330655702,1815.66,513724.8676439166,False,1027806.1540240629,1045863.5431517868
2023-11-03,1371460.8617588948,0.0010526563934774604,746.9645476465166,305.6918458309533,0.0,565.8822330655702,1815.66,513724.8676439166,False,1028595.6463191711,1018972.8194365109
2023-11-04,1371828.5420421825,0.0003676802832877729,56.58822330663422,311.0920599810981,0.0,565.8822330655702,1815.66,513724.8676439166,False,1028871.4065316368,1036973.5332703267
2023-11-05,1371719.227175928,-0.00010931486625457182,-424.4116747991776,315.09680854450306,0.0,565.8822330655702,1815.66,513724.8676439166,False,1028789.420381946,1050322.6951483435
2023-11-06,1371904.6933801684,0.0001854662042404525,-135.81173593574198,321.27794017627826,0.0,565.8822330655702,1815.66,513724.8676439166,False,1028928.5200351262,1070926.467254261
2023-11-07,1372233.1970705786,0.00032850369041017256,5.658822330650555,322.84486807963685,0.0,565.8822330655702,1815.66,513724.8676439166,False,1029174.8978029339,1076149.560265456
2023-11-08,1372689.1493234022,0.00045595225282362665,135.81173593574198,320.14051688781643,0.0,565.8822330655702,1815.66,513724.8676439166,False,1029516.8619925517,1067135.0562927215
2023-11-09,1373787.490538409,0.0010983412150067744,124.49409127431221,973.8471237325737,0.0,565.8822330655702,1815.66,513724.8676439166,False,1030340.6179038067,1068623.326565684
2023-11-10,1373753.2537621025,-3.4236776306526734e-05,-724.3292583239144,980.4355034914896,290.34302147419226,485.3291411459578,2122.92,515157.4701607884,True,1030532.6975876824,1201322.7102195602
2023-11-11,1374404.3370658613,0.0006510833037588745,101.9191196406688,549.1641841181347,0.0,485.3291411459578,2122.92,515157.4701607884,False,1030803.2527993959,1009047.8173565608
2023-11-12,1374913.9740467216,0.0005096369808602612,4.853291411344813,504.78368944874006,0.0,485.3291411459578,2122.92,515157.4701607884,False,1031185.4805350412,997123.2803586047
2023-11-13,1375689.731730168,0.000775757683446398,-4.853291411234462,780.6109748576472,0.0,485.3291411459578,2122.92,515157.4701607884,False,1031767.298797626,993017.3958245099
2023-11-14,1376040.3550803391,0.0003506233501711395,-72.79937117182746,423.4227213429414,0.0,485.3291411459578,2122.92,515157.4701607884,False,1032030.2663102543,997438.7443003495
2023-11-15,1376726.6265017812,0.0006862714214420412,397.9698957396545,288.30152570235674,0.0,485.3291411459578,2122.92,515157.4701607884,False,1032544.9698763359,961005.0856745224
2023-11-16,1376977.9250777748,0.0002512985759936273,-48.53291411488269,299.8314901085613,0.0,485.3291411459578,2122.92,515157.4701607884,False,1032733.4438083312,999438.300361871
2023-11-17,1377477.1550161815,0.00049922993840673,213.54482210435827,285.6851163024389,0.0,485.3291411459578,2122.92,515157.4701607884,False,1033107.8662621361,952283.7210081297
2023-11-18,1377752.9981428308,0.00027584312664926986,-9.706582822910327,285.5497094720592,0.0,485.3291411459578,2122.92,515157.4701607884,False,1033314.748607123,951832.3649068639
2023-11-19,1377936.9170181719,0.00018391887534107082,-101.9191196406688,285.8379949818999,0.0,485.3291411459578,2122.92,515157.4701607884,False,1033452.6877636289,952793.3166063329
2023-11-20,1378045.5021335664,0.00010858511539455503,-184.4250736354066,293.0101890297548,0.0,485.3291411459578,2122.92,515157.4701607884,False,1033534.1266001748,976700.6300991828
2023-11-21,1378330.255903247,0.00028475376968062485,-9.706582822910327,294.46035250349894,0.0,485.3291411459578,2122.92,515157.4701607884,False,1033747.6919274353,981534.5083449966
2023-11-22,1378888.3999460973,0.0005581440428502392,276.63761045316505,281.50643239717226,0.0,485.3291411459578,2122.92,515157.4701607884,False,1034166.299959573,938354.7746572407
2023-11-23,1379057.865234286,0.00016946528818877413,-131.03886810951013,300.5041562981896,0.0,485.3291411459578,2122.92,515157.4701607884,False,1034293.3989257145,1001680.5209939652
2023-11-24,1379474.6663860315,0.000416801151745487,116.47899387514464,300.32215787025984,0.0,485.3291411459578,2122.92,515157.4701607884,False,1034605.9997895237,1001073.8595675328
2023-11-25,1379845.6267444084,0.0003709603583768476,67.946079760593,303.01427861619646,0.0,485.3291411459578,2122.92,515157.4701607884,False,1034884.2200583064,1010047.5953873214
2023-11-26,1380415.821024504,0.0005701942800956313,266.9310276301444,303.26325246560435,0.0,485.3291411459578,2122.92,515157.4701607884,False,1035311.865768378,1010877.5082186811
2023-11-27,1380783.9873430151,0.0003681663185111247,67.946079760593,300.22023875061916,0.0,485.3291411459578,2122.92,515157.4701607884,False,1035587.9905072614,1000734.1291687305
2023-11-28,1380865.654162925,8.166681990982034e-05,-213.54482210435827,295.2116420139929,0.0,485.3291411459578,2122.92,515157.4701607884,False,1035649.2406221938,984038.8067133096
2023-11-29,1381163.870962981,0.0002982168000559323,-1.1035107062206357e-10,298.2168000559687,0.0,485.3291411459578,2122.92,515157.4701607884,False,1035872.9032222356,994056.0001865623
2023-11-30,1381682.4563128655,0.0005185853498845827,223.25140492715823,295.3339449575617,0.0,485.3291411459578,2122.92,515157.4701607884,False,1036261.8422346491,984446.4831918724
2023-12-01,1381810.2086648687,0.00012775235200324095,-101.9191196406688,298.7351315787126,69.06365993475346,505.10420588011885,2051.77,518178.82824932574,True,1036409.4542436027,995783.7719290418
2023-12-02,1382161.8101872692,0.00035160152240050957,35.35729441169101,316.24422798892476,0.0,505.10420588011885,2051.77,518178.82824932574,False,1036621.357640452,1054147.4266297491
2023-12-03,1382106.0355706476,-5.577461662166752e-05,-383.8791964690006,328.1045798471959,0.0,505.10420588011885,2051.77,518178.82824932574,False,1036579.5266779857,1093681.9328239863
2023-12-04,1382549.5044358054,0.0004434688651578035,111.12292529375478,332.34593986397124,0.0,505.10420588011885,2051.77,518178.82824932574,False,1036912.128326854,1107819.7995465707
2023-12-05,1382879.3884977698,0.00032988406196446157,-10.10208411759319,339.9861460821139,0.0,505.10420588011885,2051.77,518178.82824932574,False,1037159.5413733274,1133287.1536070462
2023-12-06,1382853.9345547564,-2.5453943013446405e-05,-166.68438794040247,347.6081685488449,206.37772362185515,452.11596093936157,2293.97,518570.22545803356,True,1037295.2342087837,1158693.8951628162
2023-12-07,1383165.8927593406,0.0003119582045841962,9.04231921857341,302.91588536552854,0.0,452.11596093936157,2293.97,518570.22545803356,False,1037374.4195695054,1009719.6178850951
2023-12-08,1383338.9039218938,0.0001730111625532154,-311.9600130481842,484.97117560143147,0.0,452.11596093936157,2293.97,518570.22545803356,False,1037504.1779414203,1065659.9257321223
2023-12-09,1383909.0843187426,0.0005701803968488239,-361.6927687513659,931.8731656001204,0.0,452.11596093936157,2293.97,518570.22545803356,False,1037931.813239057,1067364.4029048637
2023-12-10,1384577.6398549564,0.0006685555362137966,81.38087296921667,587.1746632445875,0.0,452.11596093936157,2293.97,518570.22545803356,False,1038433.2298912173,1059040.9480639698
2023-12-11,1385196.3117500837,0.0006186718951272779,149.19826710995642,469.4736280173236,0.0,452.11596093936157,2293.97,518570.22545803356,False,1038897.2338125628,1064276.4508916477
2023-12-12,1386022.6282678337,0.0008263165177500342,524.4545146895937,301.8620030605789,0.0,452.11596093936157,2293.97,518570.22545803356,False,1039516.9712008752,1006206.6768685962
2023-12-13,1386044.219105877,2.1590838043252007e-05,-361.6927687515715,383.28360679489225,0.0,452.11596093936157,2293.97,518570.22545803356,False,1039533.1643294077,996784.5802426198
2023-12-14,1386328.3445997902,0.00028412549391319044,-22.60579804684472,306.7312919598957,0.0,452.11596093936157,2293.97,518570.22545803356,False,1039746.2584498427,1022437.6398663191
2023-12-15,1386683.1042881473,0.00035475968835712413,36.16927687511603,318.59041148196627,0.0,452.11596093936157,2293.97,518570.22545803356,False,1040012.3282161105,1047340.1869948594
2023-12-16,1386988.9666132305,0.00030586232508323155,4.521159609492303,301.3411654735767,0.0,452.11596093936157,2293.97,518570.22545803356,False,1040241.724959923,1004470.551578589
2023-12-17,1387545.1363448913,0.000556169731660746,239.6214592977465,316.5482723628176,0.0,452.11596093936157,2293.97,518570.22545803356,False,1040658.8522586685,1008051.3099892288
2023-12-18,1387563.7182122797,1.858186738844961e-05,-330.0446514855366,348.6265188738506,0.0,452.11596093936157,2293.97,518570.22545803356,False,1040672.7886592099,993719.2340274509
2023-12-19,1388023.1344896404,0.0004594162773606367,158.24058632873542,301.17569103187293,0.0,452.11596093936157,2293.97,518570.22545803356,False,1041017.3508672302,1003918.9701062429
2023-12-20,1388421.1457224118,0.00039801123277144506,-27.126957656542622,425.13819042805727,0.0,452.11596093936157,2293.97,518570.22545803356,False,1041315.8592918089,985165.2000464783
2023-12-21,1389062.7245328187,0.0006415788104068488,-302.91769382919955,944.4965042360913,0.0,452.11596093936157,2293.97,518570.22545803356,False,1041797.043399614,996440.9721123058
2023-12-22,1390426.9571008894,0.0013642325680707581,-40.690436484608334,1404.9230045553252,0.0,452.11596093936157,2293.97,518570.22545803356,False,1042820.217825667,1013404.3629667506
2023-12-23,1390884.3431259375,0.00045738602504809386,-58.77507492216635,516.1610999704048,0.0,452.11596093936157,2293.97,518570.22545803356,False,1043163.2573444531,1051865.8677638622
2023-12-24,1391611.85624634,0.000727513120402582,153.71942671924313,573.7936936832867,0.0,452.11596093936157,2293.97,518570.22545803356,False,1043708.8921847551,1044324.5735353938
2023-12-25,1392549.4974947108,0.0009376412483707536,126.59246906311171,811.0487793075164,0.0,452.11596093936157,2293.97,518570.22545803356,False,1044412.1231210332,1024232.5402312485
2023-12-26,1393592.4269975356,0.001042929502824787,-153.71942671924313,1196.648929544136,0.0,452.11596093936157,2293.97,518570.22545803356,False,1045194.3202481517,1027695.7484920439
2023-12-27,1394887.1511342083,0.0012947241366726811,67.81739414094535,1226.906742531769,0.0,452.11596093936157,2293.97,518570.22545803356,False,1046165.3633506562,1009326.2769990776
2023-12-28,1396151.184909511,0.0012640337753025816,-180.84638437599133,1444.8801596786352,0.0,452.11596093936157,2293.97,518570.22545803356,False,1047113.3886821332,1076180.6641431812
2023-12-29,1397711.3835484278,0.001560198638916947,63.29623453165865,1496.9024043854358,0.0,452.11596093936157,2293.97,518570.22545803356,False,1048283.5376613209,1060655.0020445234
2023-12-30,1398787.5880784614,0.0010762045300335159,189.88870359435916,886.315826439091,0.0,452.11596093936157,2293.97,518570.22545803356,False,1049090.691058846,1040142.5008967047
2023-12-31,1399552.2006613777,0.0007646125829163939,-76.85971335972437,841.4722962761265,0.0,452.11596093936157,2293.97,518570.22545803356,False,1049664.1504960333,1036819.4485838005
2024-01-01,1400398.5320192282,0.0008463313578504603,-176.32522476629345,1052.8503303757054,30.193747758930908,459.88287227407403,2283.84,525149.4495072106,True,1050321.5443252404,1032560.5162317517
2024-01-02,1401943.1105826942,0.0015445785634659696,-280.5285520870346,1825.1071155529241,0.0,459.88287227407403,2283.84,525149.4495072106,False,1051457.3329370206,1082854.007542703
2024-01-03,1403089.6083338938,0.0011464977511996403,464.481700996706,682.016050203063,0.0,459.88287227407403,2283.84,525149.4495072106,False,1052317.2062504203,1083907.1393202106
2024-01-04,1403808.4590695542,0.0007188507356604096,413.89458504670847,304.95615061376714,0.0,459.88287227407403,2283.84,525149.4495072106,False,1052856.3443021658,1016520.5020458904
2024-01-05,1404089.150880061,0.00028069181050686167,-32.191801059051336,312.88361156602764,0.0,459.88287227407403,2283.84,525149.4495072106,False,1053066.8631600458,1042945.3718867587
2024-01-06,1404678.1118373934,0.0005889609573322814,275.9297233644026,313.03123396802766,0.0,459.88287227407403,2283.84,525149.4495072106,False,1053508.583878045,1043437.446560092
2024-01-07,1405240.1383746625,0.000562026537269121,252.93557975061523,309.0909575183834,0.0,459.88287227407403,2283.84,525149.4495072106,False,1053930.103780997,1030303.1917279445
2024-01-08,1405610.9239991452,0.0003707856244826689,64.38360211852094,306.40202236419685,0.0,459.88287227407403,2283.84,525149.4495072106,False,1054208.1929993588,1021340.0745473227
2024-01-09,1405362.2818858898,-0.0002486421132553369,-570.2547616199605,321.6126483646619,0.0,459.88287227407403,2283.84,525149.4495072106,False,1054021.7114144173,1072042.1612155393
2024-01-10,1405989.2397457785,0.0006269578598886728,303.52269570103107,323.435164187484,0.0,459.88287227407403,2283.84,525149.4495072106,False,1054491.9298093338,1078117.21395828
2024-01-11,1405468.2316575989,-0.0005210080881796311,-648.4348499065866,356.75091898650703,229.32415725959513,407.6483476137841,2585.81,527050.5868715995,True,1054273.166861144,1189169.7299550234
2024-01-12,1406134.9731419892,0.0006667414843903389,346.5010954718648,320.2403889184365,0.0,407.6483476137841,2585.81,527050.5868715995,False,1054601.229856492,1067467.963061455
2024-01-13,1406378.335129031,0.00024336198704177513,-65.22373561833152,308.58572266015847,0.0,407.6483476137841,2585.81,527050.5868715995,False,1054783.7513467732,1028619.0755338615
2024-01-14,1406864.8850372704,0.0004865499082393944,171.2123059976336,315.3376022416856,0.0,407.6483476137841,2585.81,527050.5868715995,False,1055148.6637779528,1051125.3408056186
2024-01-15,1406719.0651468455,-0.000145819890424842,-448.4131823751254,302.5932919502358,0.0,407.6483476137841,2585.81,527050.5868715995,False,1055039.298860134,1008644.3065007861
2024-01-16,1407442.0947150744,0.0007230295682288707,415.80131456623775,307.2282536626045,0.0,407.6483476137841,2585.81,527050.5868715995,False,1055581.5710363057,1024094.1788753483
2024-01-17,1407929.731821457,0.00048763710638252087,171.2123059976336,316.4248003847716,0.0,407.6483476137841,2585.81,527050.5868715995,False,1055947.2988660927,1054749.334615905
2024-01-18,1408067.9992109456,0.0001382673894886393,-171.212305997819,309.4796954864755,0.0,407.6483476137841,2585.81,527050.5868715995,False,1056050.9994082092,1031598.9849549183
2024-01-19,1408341.689012105,0.00027368980115954764,-28.535384332846245,302.2251854923406,0.0,407.6483476137841,2585.81,527050.5868715995,False,1056256.266759079,1007417.2849744685
2024-01-20,1408650.5796557292,0.00030889064362412316,4.076483476041445,304.8141601480357,0.0,407.6483476137841,2585.81,527050.5868715995,False,1056487.934741797,1016047.2004934524
2024-01-21,1409046.682586842,0.0003961029311127495,93.75911995117775,302.3438111614962,0.0,407.6483476137841,2585.81,527050.5868715995,False,1056785.0119401314,1007812.703871654
2024-01-22,1409461.3041670902,0.0004146215802482329,114.14153733194111,300.48004291620595,0.0,407.6483476137841,2585.81,527050.5868715995,False,1057095.9781253177,1001600.1430540198
2024-01-23,1409477.4625946225,1.6158427532296627e-05,-73.3767025704144,283.0298400999027,193.49470999727527,456.7663630277302,2314.33,528554.0484729834,True,1057253.217978465,943432.8003330089
2024-01-24,1410273.3784389647,0.0007959158443422056,488.7400084395384,307.1758359025116,0.0,456.7663630277302,2314.33,528554.0484729834,False,1057705.0338292236,1023919.453008372
2024-01-25,1410337.502041605,6.412360264034942e-05,-242.0861724045807,306.2097750447079,0.0,456.7663630277302,2314.33,528554.0484729834,False,1057753.1265312037,1020699.2501490265
2024-01-26,1410746.492013359,0.0004089899717539083,105.05626349617854,303.9337082577408,0.0,456.7663630277302,2314.33,528554.0484729834,False,1058059.869010019,1013112.360859136
2024-01-27,1411166.3649105732,0.00041987289721425624,141.59757253877916,278.2753246755577,0.0,456.7663630277302,2314.33,528554.0484729834,False,1058374.77368293,1035366.018065847
2024-01-28,1411383.382767495,0.00021701785692176782,0.0,217.01785692171828,0.0,456.7663630277302,2314.33,528554.0484729834,False,1058537.5370756213,1035489.3449838645
2024-01-29,1411674.251587471,0.00029086881997599266,-18.27065452109259,309.13947449716784,0.0,456.7663630277302,2314.33,528554.0484729834,False,1058755.6886906032,1030464.9149905593
2024-01-30,1412033.6422286984,0.0003593906412273645,82.21794534491666,277.1726958823453,0.0,456.7663630277302,2314.33,528554.0484729834,False,1059025.2316715238,1058112.982944628
2024-01-31,1412336.2901396442,0.000302647910945816,-18.27065452109259,320.9185654669269,0.0,456.7663630277302,2314.33,528554.0484729834,False,1059252.217604733,1069728.551556423
2024-02-01,1412605.849998382,0.0002695598587377463,54.81196356348549,243.8858411017068,29.13794592738943,464.2677608134946,2281.99,529727.1937493932,True,1059476.240958232,1042336.27276565
2024-02-02,1412766.1988484953,0.0001603488501133397,-92.8535521628256,253.20240227621028,0.0,464.2677608134946,2281.99,529727.1937493932,False,1059574.6491363714,1069357.2188369385
2024-02-03,1413059.7126781652,0.00029351382966991515,51.06945368954352,242.44437598031422,0.0,464.2677608134946,2281.99,529727.1937493932,False,1059794.7845086239,1071529.9919575455
2024-02-04,1413306.368679287,0.0002466560011217371,9.285355216261447,237.37064590548474,0.0,464.2677608134946,2281.99,529727.1937493932,False,1059979.7765094652,1065684.8608489037
2024-02-05,1413643.7047057585,0.0003373360264715739,18.570710432522894,318.76531603902373,0.0,464.2677608134946,2281.99,529727.1937493932,False,1060232.778529319,1062551.0534634124
2024-02-06,1413862.4241427265,0.00021871943696797824,-55.71213129756868,274.4315682656257,0.0,464.2677608134946,2281.99,529727.1937493932,False,1060396.8181070448,1068201.1921125127
2024-02-07,1413992.26215026,0.00012983800753345713,-55.71213129756868,185.5501388310482,0.0,464.2677608134946,2281.99,529727.1937493932,False,1060494.196612695,1101122.4190317974
2024-02-08,1414295.1575790134,0.00030289542875345794,-4.642677608236285,307.5381063616896,0.0,464.2677608134946,2281.99,529727.1937493932,False,1060721.36818426,1125482.5484416818
2024-02-09,1414565.0164882594,0.0002698589092460461,-41.78409847328207,311.6430077194791,0.0,464.2677608134946,2281.99,529727.1937493932,False,1060923.7623661945,1122956.9318228562
2024-02-10,1415127.7780394675,0.0005627615512080956,246.06191323124503,316.69963797699575,0.0,464.2677608134946,2281.99,529727.1937493932,False,1061345.8335296006,1153816.809884129
2024-02-11,1415285.4441435812,0.0001576661041136831,-129.99497302787137,287.66107714159523,0.0,464.2677608134946,2281.99,529727.1937493932,False,1061464.083107686,1160297.9878250856
2024-02-12,1415609.3662542077,0.000323922110626474,32.498743256809504,291.42336736976137,0.0,464.2677608134946,2281.99,529727.1937493932,False,1061707.0246906558,1163506.078052307
2024-02-13,1414741.550913135,-0.0008678153410726227,-942.4635544512757,370.61241822787076,295.9642048491709,398.7568776038466,2660.91,530528.0815924257,True,1061278.1363384882,1235374.7274262358
2024-02-14,1415101.8899268603,0.00036033901372528636,11.962706328013851,348.3763073973271,0.0,398.7568776038466,2660.91,530528.0815924257,False,1061326.4174451453,1053069.0629264463
2024-02-15,1415338.1075386212,0.00023621761176083236,-179.4405949214771,415.65820668241025,0.0,398.7568776038466,2660.91,530528.0815924257,False,1061503.580653966,1107004.9181911426
2024-02-16,1415463.4139791145,0.00012530644049332478,-243.24169533857852,368.54813583194414,0.0,398.7568776038466,2660.91,530528.0815924257,False,1061597.5604843358,1126300.763498393
2024-02-17,1415862.0800210983,0.0003986660419837572,23.925412656390368,374.7406293271683,0.0,398.7568776038466,2660.91,530528.0815924257,False,1061896.5600158237,1117994.6577379047
2024-02-18,1416355.7445510123,0.0004936645299140364,147.54004471337973,346.1244852007718,0.0,398.7568776038466,2660.91,530528.0815924257,False,1062266.8084132592,1111510.8709080662
2024-02-19,1416365.7405884198,9.996037407545373e-06,-334.9557771872892,344.95181459500435,0.0,398.7568776038466,2660.91,530528.0815924257,False,1062274.3054413148,1149839.381983348
2024-02-20,1417146.322141768,0.0007805815533481073,243.2416953383972,727.6626677926254,190.3228097829168,360.7132889672077,2946.55,531429.8708031629,True,1063002.4837136632,1174957.0777036143
2024-02-21,1417366.6758430726,0.00022035370130464436,-238.07077071830457,458.42447202299064,0.0,360.7132889672077,2946.55,531429.8708031629,False,1063025.0068823043,1088351.3497376384
2024-02-22,1417929.711412255,0.0005630355691823643,241.67790360789135,321.35766557444055,0.0,360.7132889672077,2946.55,531429.8708031629,False,1063447.2835591913,1071192.2185814683
2024-02-23,1418374.0524701364,0.0004443410578814801,122.6425182489031,321.69853963251455,0.0,360.7132889672077,2946.55,531429.8708031629,False,1063780.5393526023,1072328.465441715
2024-02-24,1418795.0077640675,0.00042095529393106697,104.60685380047711,316.34844013055294,0.0,360.7132889672077,2946.55,531429.8708031629,False,1064096.2558230506,1054494.8004351764
2024-02-25,1419172.2360250687,0.0003772282610011753,-238.07077071830457,615.2990317195756,0.0,360.7132889672077,2946.55,531429.8708031629,False,1064379.1770188014,1080116.265350517
2024-02-26,1419958.818216398,0.0007865821913292165,-313.82056140143135,1100.4027527306814,0.0,360.7132889672077,2946.55,531429.8708031629,False,1064969.1136622983,1123708.466322204
2024-02-27,1421388.1629149797,0.0014293446985818446,-3.607132889750813,1432.9518314716895,0.0,360.7132889672077,2946.55,531429.8708031629,False,1066041.1221862347,1146563.2603111663
2024-02-28,1422669.3594111393,0.0012811964961595367,3.607132889750813,1277.5893632696495,0.0,360.7132889672077,2946.55,531429.8708031629,False,1067002.0195583545,1170511.0155656992
2024-02-29,1424519.0661758406,0.0018497067647012882,-476.1415414367732,2586.2484579960537,260.4001518578568,315.43171520868486,3387.07,534194.6498159402,True,1068584.5997457737,1221761.15966216
2024-03-01,1426301.7759052832,0.0017827097294426057,283.8885436878451,1524.6731331379356,25.851947383135627,319.9746144153921,3343.16,534863.1659644812,True,1069745.7208894996,1054538.693017067
2024-03-02,1428287.3223188133,0.0019855464135301298,207.983499370034,1777.5629141600014,0.0,319.9746144153921,3343.16,534863.1659644812,False,1071215.49173911,1099378.3794468367
2024-03-03,1429343.5713757225,0.0010562490569092334,-201.58400708173195,1257.8330639910607,0.0,319.9746144153921,3343.16,534863.1659644812,False,1072007.678531792,1095730.6688425012
2024-03-04,1430394.302977566,0.0010507316018433775,-300.77613755048606,1351.507739394003,0.0,319.9746144153921,3343.16,534863.1659644812,False,1072795.7272331745,1117280.959123378
2024-03-05,1433626.3577760088,0.0032320547984428702,643.1489749750081,2588.9058234676495,0.0,319.9746144153921,3343.16,534863.1659644812,False,1075219.7683320066,1161418.257435837
2024-03-06,1434821.7771112549,0.0011954193352460862,63.99492288302022,1131.4244123628976,0.0,319.9746144153921,3343.16,534863.1659644812,False,1076116.3328334412,1137647.3433309176
2024-03-07,1435389.5605280958,0.0005677834168409463,-639.9492288307843,1456.4872384906755,248.75459281897977,281.64405938652186,3822.35,538271.0851980359,True,1076728.736340686,1223054.967410674
2024-03-08,1437258.9532259556,0.0018693926978597883,236.58100988471935,1632.8116879748773,0.0,281.64405938652186,3822.35,538271.0851980359,False,1077944.2149194668,1090438.4882862028
2024-03-09,1438483.8911253458,0.0012249378993902356,73.22745544042908,1151.7104439497523,0.0,281.64405938652186,3822.35,538271.0851980359,False,1078862.9183440094,1094480.0805383993
2024-03-10,1439655.713956898,0.001171822831552243,-81.6767772220811,1253.4996087744262,0.0,281.64405938652186,3822.35,538271.0851980359,False,1079741.7854676736,1100710.0471320292
2024-03-11,1441445.5633813334,0.0017898494244352914,30.98084653242519,1758.8685779029495,0.0,281.64405938652186,3822.35,538271.0851980359,False,1081084.1725360001,1093150.7205780952
2024-03-12,1442402.2317455024,0.0009566683641690761,-808.3184504391589,1764.986814608356,0.0,281.64405938652186,3822.35,538271.0851980359,False,1081801.673809127,1146437.776614025
2024-03-13,1444525.798961626,0.0021235672161234545,425.2825296735814,1698.284686449857,0.0,281.64405938652186,3822.35,538271.0851980359,False,1083394.3492212193,1122120.6285265926
2024-03-14,1446022.5028503025,0.001496703888676595,67.59457425270377,1429.1093144239062,0.0,281.64405938652186,3822.35,538271.0851980359,False,1084516.8771377269,1129043.4395063135
2024-03-15,1447272.552251896,0.0012500494015933946,188.7015197891182,1061.3478818042195,0.0,281.64405938652186,3822.35,538271.0851980359,False,1085454.414188922,1094184.3542760436
2024-03-16,1448201.5536400627,0.0009290013881667982,135.18914850540753,793.8122396613309,0.0,281.64405938652186,3822.35,538271.0851980359,False,1086151.165230047,1054759.8188431184
2024-03-17,1448849.3563526473,0.0006478027125846129,95.75898019145842,552.0437323930869,0.0,281.64405938652186,3822.35,538271.0851980359,False,1086637.0172644854,992955.8464513399
2024-03-18,1449655.8232805324,0.0008064669278850778,53.51237128345452,752.9545566015307,0.0,281.64405938652186,3822.35,538271.0851980359,False,1087241.8674603994,1027153.0681420513
2024-03-19,1450108.6221878626,0.00045279890733025967,-191.51796038291684,644.3168677130349,0.0,281.64405938652186,3822.35,538271.0851980359,False,1087581.466640897,992355.9446048466
2024-03-20,1450271.3527128797,0.0001627305250170175,177.43575741366757,321.3533229939416,336.05855539070166,344.1021687935298,3160.99,543851.7572673298,True,1087955.5584512027,890274.0552802017
2024-03-21,1451049.6747861884,0.000778322073308751,368.18932060897674,617.6003321327286,207.46757943302737,309.3658696030591,3517.8,544143.6280448206,True,1088442.856774216,1210482.6093818792
2024-03-22,1451397.2257761538,0.0003475509899654426,-324.83416308312763,672.3851530486887,0.0,309.3658696030591,3517.8,544143.6280448206,False,1088547.9193321154,1081283.212801828
2024-03-23,1451679.5700647885,0.00028234428863460197,-98.99707827302956,381.3413669076846,0.0,309.3658696030591,3517.8,544143.6280448206,False,1088759.6775485913,1032969.5449459181
2024-03-24,1452546.938476502,0.0008673684117135127,374.33270221971276,493.0357094938725,0.0,309.3658696030591,3517.8,544143.6280448206,False,1089410.2038573765,1030485.3370130057
2024-03-25,1452897.7877923418,0.0003508493158398196,-228.93074350633688,579.7800593461243,0.0,309.3658696030591,3517.8,544143.6280448206,False,1089673.3408442563,1069527.3097569116
2024-03-26,1453718.1769320483,0.0008203891397065017,-105.1843956650851,925.573535371576,0.0,309.3658696030591,3517.8,544143.6280448206,False,1090288.6326990363,1111533.0075316152
2024-03-27,1454680.4207619005,0.0009622438298522029,55.68585652864067,906.5579733235259,0.0,309.3658696030591,3517.8,544143.6280448206,False,1091010.3155714255,1110515.1938206211
2024-03-28,1455437.800693428,0.0007573799315274228,-451.6741696204775,1209.0541011479079,0.0,309.3658696030591,3517.8,544143.6280448206,False,1091578.3505200709,1084324.279300026
2024-03-29,1456646.5849162585,0.0012087842228305527,86.62244348877776,1122.1617793418543,0.0,309.3658696030591,3517.8,544143.6280448206,False,1092484.938687194,1102579.9592653026
2024-03-30,1457912.0034606997,0.0012654185444412288,241.30537829044798,1024.113166150949,0.0,309.3658696030591,3517.8,544143.6280448206,False,1093434.0025955248,1086638.336004657
2024-03-31,1459454.862192259,0.0015428587315592449,-86.62244348877776,1629.4811750481329,0.0,309.3658696030591,3517.8,544143.6280448206,False,1094591.1466441941,1085459.6520414692
2024-04-01,1460553.676717148,0.0010988145248889923,-154.68293480167023,1310.2033363965202,56.70587670582756,300.2124691783219,3648.8,547707.6287689304,True,1095457.7869453905,1128814.185007642
2024-04-02,1461187.460206891,0.0006337834897430148,237.1678506509999,396.61563909195326,0.0,300.2124691783219,3648.8,547707.6287689304,False,1095890.5951551683,1052701.0274231692
2024-04-03,1461596.6935494079,0.0004092333425169345,303.21459387003415,295.4694123777736,189.4506637310348,334.1383071634928,3280.67,548098.760081028,True,1096339.608159854,984898.0412592454
2024-04-04,1461681.5593332145,8.486578380665742e-05,-247.2623473010637,332.12813110759726,0.0,334.1383071634928,3280.67,548098.760081028,False,1096261.169499911,1107093.7703586575
2024-04-05,1462078.8146959099,0.00039725536269531584,63.486278361081865,333.7690843340772,0.0,334.1383071634928,3280.67,548098.760081028,False,1096559.1110219324,1112563.6144469238
2024-04-06,1462636.617671519,0.0005578029756092001,150.36223822366293,407.4407373856009,0.0,334.1383071634928,3280.67,548098.760081028,False,1096977.4632536392,1109225.5727583605
2024-04-07,1463052.9366270527,0.00041631895553367215,80.19319371931729,336.1257618145013,0.0,334.1383071634928,3280.67,548098.760081028,False,1097289.7024702895,1120419.2060483375
2024-04-08,1463575.3704777053,0.0005224338506525382,-76.85181064776137,599.285661300517,0.0,334.1383071634928,3280.67,548098.760081028,False,1097681.527858279,1154781.989557031
2024-04-09,1463567.6559582478,-7.714519457425922e-06,-394.2832024528668,620.5825413930226,234.01385839769793,296.8624812293104,3697.59,548837.8709843429,True,1097851.252362484,1235506.4631846594
2024-04-10,1464333.9235473906,0.0007662675891427789,273.1134827309872,493.154106411799,0.0,296.8624812293104,3697.59,548837.8709843429,False,1098250.442660543,1041530.1408937863
2024-04-11,1464725.4284894406,0.00039150494204997084,17.811748873742424,373.6931931762701,0.0,296.8624812293104,3697.59,548837.8709843429,False,1098544.0713670803,1053161.2129083506
2024-04-12,1465067.2139825043,0.00034178549306374044,29.68624812290404,312.09924494088597,0.0,296.8624812293104,3697.59,548837.8709843429,False,1098800.4104868784,1040330.81646962
2024-04-13,1465420.9998794638,0.00035378589695948175,299.8311060416683,288.3998224769065,234.4450315590845,339.3948540780833,3238.31,549532.874954799,True,1099241.5836832672,961332.7415896881
2024-04-14,1466551.7416904995,0.0011307418110356666,824.7294954098412,306.0123156258171,0.0,339.3948540780833,3238.31,549532.874954799,False,1099913.8062678745,1020041.052086057
2024-04-15,1466950.8690746066,0.00039912738410709426,139.15189017196477,259.9754939351524,0.0,339.3948540780833,3238.31,549532.874954799,False,1100213.151805955,1070166.2780848492
2024-04-16,1466943.7485297048,-7.120544901816175e-06,-240.97034639560584,233.84980149374053,0.0,339.3948540780833,3238.31,549532.874954799,False,1100207.8113972787,1052381.9877311578
2024-04-17,1467100.9539681878,0.00015720543848304078,44.121331030187875,113.08410745273217,0.0,339.3948540780833,3238.31,549532.874954799,False,1100325.7154761408,1046300.0319460784
2024-04-18,1467488.2758287936,0.00038732186060585084,264.72798618081856,122.59387442500508,0.0,339.3948540780833,3238.31,549532.874954799,False,1100616.2068715952,1012503.0923769829
2024-04-19,1467470.6394299176,-1.7636398876085876e-05,-203.63691244666478,186.00051357052035,0.0,339.3948540780833,3238.31,549532.874954799,False,1100602.9795724382,1039515.5288130575
2024-04-20,1467648.6891097694,0.00017804967985185794,-3.393948540854916,181.44362839254353,0.0,339.3948540780833,3238.31,549532.874954799,False,1100736.516832327,1036820.7336716774
2024-04-21,1467731.5698629306,8.288075316115282e-05,-16.969742703965903,99.85049586513935,0.0,339.3948540780833,3238.31,549532.874954799,False,1100798.677397198,1070553.1882184984
2024-04-22,1467945.315972649,0.00021374610971845688,145.9397872536746,67.80632246467462,0.0,339.3948540780833,3238.31,549532.874954799,False,1100958.986979487,1067647.9682675898
2024-04-23,1467908.485549026,-3.683042362309061e-05,-132.36399309040928,95.53356946719536,0.0,339.3948540780833,3238.31,549532.874954799,False,1100931.3641617694,1085608.7439454019
2024-04-24,1467999.6446840807,9.115913505479693e-05,-33.939485407931805,125.09862046267916,0.0,339.3948540780833,3238.31,549532.874954799,False,1100999.7335130605,1092182.8222688944
2024-04-25,1468305.7990720216,0.0003061543879408855,176.48532412059714,129.6690638202262,0.0,339.3948540780833,3238.31,549532.874954799,False,1101229.3493040162,1065306.143774451
2024-04-26,1468216.6524874282,-8.91465845934581e-05,-196.84901536526363,107.70243077190577,0.0,339.3948540780833,3238.31,549532.874954799,False,1101162.4893655712,1070600.7034980692
2024-04-27,1468405.5669343357,0.00018891444690758363,-16.969742703811562,205.88418961124015,0.0,339.3948540780833,3238.31,549532.874954799,False,1101304.1752007517,1062299.1053673192
2024-04-28,1468779.7779279468,0.00037421099361102097,88.24266206037575,285.9683315506358,0.0,339.3948540780833,3238.31,549532.874954799,False,1101584.8334459602,1104380.6733244606
2024-04-29,1468908.3916253105,0.0001286136973637622,-145.9397872536746,274.5534846174215,0.0,339.3948540780833,3238.31,549532.874954799,False,1101681.293718983,1107204.4385103905
2024-04-30,1469218.6934585525,0.00031030183324194514,105.21240476403297,205.08942847780858,0.0,339.3948540780833,3238.31,549532.874954799,False,1101914.0200939144,1091249.4864201797
2024-05-01,1469230.997698475,1.2304239922435954e-05,3.393948540854916,144.1860055476626,135.27571416609746,365.77515153966755,3012.57,550961.6241369281,True,1102024.7050594806,1022450.7555500115
2024-05-02,1469557.426499263,0.00032642880078800955,138.9945575851136,187.43424320288094,0.0,365.77515153966755,3012.57,550961.6241369281,False,1102168.0698744473,1086575.3229152518
2024-05-03,1469494.6126581868,-6.281384107610211e-05,-168.25656970826037,105.44272863224062,0.0,365.77515153966755,3012.57,550961.6241369281,False,1102120.95949364,1091765.6723155999
2024-05-04,1469861.338815903,0.00036672615771624257,142.65230910059012,224.0738486156665,0.0,365.77515153966755,3012.57,550961.6241369281,False,1102396.0041119272,1134206.5631487472
2024-05-05,1470132.781496634,0.00027144268073095006,-1.6633528118275878e-10,271.44268073127705,0.0,365.77515153966755,3012.57,550961.6241369281,False,1102599.5861224756,1139557.8536157727
2024-05-06,1470188.04314509,5.526164845610037e-05,-226.78059395438763,282.0422424106871,0.0,365.77515153966755,3012.57,550961.6241369281,False,1102641.0323588175,1146792.886113227
2024-05-07,1470367.9035730213,0.00017986042793118395,-25.604260607836608,205.46468853897125,0.0,365.77515153966755,3012.57,550961.6241369281,False,1102775.927679766,1119820.6264386922
2024-05-08,1470660.9397634878,0.00029303619046648963,18.288757576883576,274.747432889627,0.0,365.77515153966755,3012.57,550961.6241369281,False,1102995.7048226157,1098989.7315585082
2024-05-09,1471031.061055378,0.00037012129189027476,43.893018184720184,326.2282737055018,0.0,365.77515153966755,3012.57,550961.6241369281,False,1103273.2957915335,1087427.5790183393
2024-05-10,1471383.5627780743,0.0003525017226962373,84.12828485413019,268.3734378422104,0.0,365.77515153966755,3012.57,550961.6241369281,False,1103537.6720835557,1110036.141135006
2024-05-11,1471494.3127170615,0.00011074993898719549,-131.67905455416056,242.42899354137148,0.0,365.77515153966755,3012.57,550961.6241369281,False,1103620.7345377961,1063985.049556162
2024-05-12,1471742.0064673012,0.0002476937502396759,18.288757576883576,229.40499266285275,0.0,365.77515153966755,3012.57,550961.6241369281,False,1103806.5048504758,1064870.2254228878
2024-05-13,1472161.259182938,0.00041925271563674323,142.65230910059012,276.60040653612657,0.0,365.77515153966755,3012.57,550961.6241369281,False,1104120.9443872035,1070890.884417231
2024-05-14,1472345.687279575,0.0001844280966371298,-109.7325454619668,294.1606420990877,0.0,365.77515153966755,3012.57,550961.6241369281,False,1104259.2654596814,1078934.2799995882
2024-05-15,1472556.8961658725,0.00021120888629741968,-76.81278182334349,288.02166812085966,0.0,365.77515153966755,3012.57,550961.6241369281,False,1104417.6721244045,1053750.660816082
2024-05-16,1473099.0929474921,0.0005421967816196848,299.9356242625873,242.2611573570449,0.0,365.77515153966755,3012.57,550961.6241369281,False,1104824.319710619,1108543.7785167242
2024-05-17,1473148.5870270228,4.9494079530704766e-05,-146.31006061590028,195.80414014667184,0.0,365.77515153966755,3012.57,550961.6241369281,False,1104861.4402702672,1076556.7415145803
2024-05-18,1473378.9307345003,0.00023034370747744107,18.28875757704991,212.0549499004564,0.0,365.77515153966755,3012.57,550961.6241369281,False,1105034.1980508752,1130417.1325787962
2024-05-19,1473533.9577378412,0.00015502700334088875,-69.4972787925568,224.52428213340994,0.0,365.77515153966755,3012.57,550961.6241369281,False,1105150.468303381,1141803.7130462262
2024-05-20,1473672.3262543555,0.0001383685165143106,-43.89301818488652,182.26153469916161,0.0,365.77515153966755,3012.57,550961.6241369281,False,1105254.2446907666,1122922.3997237487
2024-05-21,1472402.4551801912,-0.0012698710741642861,-1397.2610788814236,528.1486798871763,400.75867517016644,301.3603468476727,3664.39,552150.9206925717,True,1104602.410391521,1340342.8075504424
2024-05-22,1472790.4478678096,0.0003879926876183599,-42.19044855863581,430.18313617697976,0.0,301.3603468476727,3664.39,552150.9206925717,False,1104592.835900857,1142857.8841608346
2024-05-23,1473191.8824518365,0.0004014345840269234,63.28567283788519,338.1489111891023,0.0,301.3603468476727,3664.39,552150.9206925717,False,1104893.9118388775,1127163.0372970079
2024-05-24,1473937.881004756,0.0007459985529195983,403.82286477592527,342.175688143681,0.0,301.3603468476727,3664.39,552150.9206925717,False,1105453.410753567,1140585.627145603
2024-05-25,1474232.8775251594,0.00029499652040330693,-42.19044855863581,337.1869689619646,0.0,301.3603468476727,3664.39,552150.9206925717,False,1105674.6581438696,1123956.5632065486
2024-05-26,1474397.223787592,0.00016434626243263484,-174.78900117162823,339.1352636043348,0.0,301.3603468476727,3664.39,552150.9206925717,False,1105797.917840694,1130450.8786811158
2024-05-27,1474996.407113536,0.0005991833259440027,253.14269135195187,346.0406345920024,0.0,301.3603468476727,3664.39,552150.9206925717,False,1106247.305335152,1153468.7819733412
2024-05-28,1475130.2567247534,0.0001338496112173889,-244.10188094659844,377.9514921640443,0.0,301.3603468476727,3664.39,552150.9206925717,False,1106347.692543565,1174127.0337497492
2024-05-29,1475521.504264803,0.0003912475400494877,-132.59855261299242,523.8460926625735,0.0,301.3603468476727,3664.39,552150.9206925717,False,1106641.1281986022,1159336.2679264655
2024-05-30,1476108.1312089295,0.0005866269441265613,-75.34008671191818,661.9670308383637,0.0,301.3603468476727,3664.39,552150.9206925717,False,1107081.0984066972,1136131.5212191946
2024-05-31,1476509.490701673,0.00040135949274362065,27.122431216334398,374.23706152721354,0.0,301.3603468476727,3664.39,552150.9206925717,False,1107382.1180262547,1130215.817610575
2024-06-01,1477063.873766957,0.0005543830652839969,126.57134567604446,473.02153485591765,45.20981524795084,294.28663788574863,3764.35,553898.9526626089,True,1107831.8126866538,1134425.8216560367
2024-06-02,1477579.6561420404,0.0005157823750833049,114.77178877553833,401.01058630783746,0.0,294.28663788574863,3764.35,553898.9526626089,False,1108184.7421065303,1123436.2972624665
2024-06-03,1477630.7268029167,5.107066087634303e-05,-409.05842666128694,460.1290875375213,0.0,294.28663788574863,3764.35,553898.9526626089,False,1108223.0451021874,1113574.752026915
2024-06-04,1478263.7064962266,0.0006329796933098696,291.34377150696076,341.6359218027727,0.0,294.28663788574863,3764.35,553898.9526626089,False,1108697.77987217,1109207.5383206906
2024-06-05,1478447.5759137818,0.00018386941755516454,-238.37217668757415,422.241594242587,0.0,294.28663788574863,3764.35,553898.9526626089,False,1108835.6819353364,1122147.321788527
2024-06-06,1479153.6112608407,0.0007060353470589035,82.4002586080685,623.6350884507829,0.0,294.28663788574863,3764.35,553898.9526626089,False,1109365.2084456305,1138477.2873248071
2024-06-07,1479762.5101164088,0.0006088988555681426,88.28599136564429,520.6128642026074,0.0,294.28663788574863,3764.35,553898.9526626089,False,1109821.8825873067,1122930.124245303
2024-06-08,1480319.873117086,0.0005573630006772,232.4864439297307,324.8765567474207,0.0,294.28663788574863,3764.35,553898.9526626089,False,1110239.9048378146,1082921.8558247355
2024-06-09,1480930.4107703627,0.0006105376532766968,285.4580387492511,325.07961452756183,0.0,294.28663788574863,3764.35,553898.9526626089,False,1110697.8080777721,1083598.7150918727
2024-06-10,1481042.9168463133,0.00011250607595057227,-214.82924565660184,327.3353216069561,0.0,294.28663788574863,3764.35,553898.9526626089,False,1110782.187634735,1091117.7386898536
2024-06-11,1481210.9236164489,0.000168006770135602,-155.97191807950566,323.9786882152313,0.0,294.28663788574863,3764.35,553898.9526626089,False,1110908.1927123368,1079928.9607174376
2024-06-12,1481802.278195235,0.000591354578786064,282.51517237032937,308.83940641583683,0.0,294.28663788574863,3764.35,553898.9526626089,False,1111351.7086464262,1029464.6880527893
2024-06-13,1482272.5870884126,0.0004703088931776583,155.97191807950566,314.33697509818046,0.0,294.28663788574863,3764.35,553898.9526626089,False,1111704.4403163095,1047789.9169939349
2024-06-14,1482734.8390020183,0.0004622519136057235,155.97191807950566,306.27999552614443,0.0,294.28663788574863,3764.35,553898.9526626089,False,1112051.1292515136,1020933.3184204814
2024-06-15,1483359.9479638834,0.000625108961865073,317.8295689165871,307.27939294840445,0.0,294.28663788574863,3764.35,553898.9526626089,False,1112519.9609729126,1024264.6431613481
2024-06-16,1483548.3985324665,0.00018845056858309546,-126.54325429095756,314.9938228739415,0.0,294.28663788574863,3764.35,553898.9526626089,False,1112661.2988993498,1049979.4095798049
2024-06-17,1484029.7401890857,0.00048134165661921726,170.6862499737128,310.6554066455246,0.0,294.28663788574863,3764.35,553898.9526626089,False,1113022.3051418143,1066188.7175945519
2024-06-18,1484378.8637687103,0.00034912357962457464,135.37185342745508,213.75172619715542,0.0,294.28663788574863,3764.35,553898.9526626089,False,1113284.1478265328,1032816.6128583079
2024-06-19,1484405.2478143375,2.6384045627200975e-05,-241.31504306622824,267.69908869326116,0.0,294.28663788574863,3764.35,553898.9526626089,False,1113303.935860753,1024803.187708679
2024-06-20,1484780.7582525574,0.00037551043821987696,170.6862499737128,204.82418824606975,0.0,294.28663788574863,3764.35,553898.9526626089,False,1113585.568689418,1047319.0583733177
2024-06-21,1484954.7296484897,0.0001739713959323708,41.20012930396734,132.77126662823832,0.0,294.28663788574863,3764.35,553898.9526626089,False,1113716.0472363674,1033319.8430090926
2024-06-22,1484958.6979028038,3.96825431403704e-06,-144.20045256395258,148.1687068781325,0.0,294.28663788574863,3764.35,553898.9526626089,False,1113719.0234271027,1035059.0770389973
2024-06-23,1485167.7793000282,0.00020908139722445048,55.9144611983083,153.16693602618767,0.0,294.28663788574863,3764.35,553898.9526626089,False,1113875.834475021,1028311.0844322771
2024-06-24,1485426.0596415813,0.0002582803415530361,5.885732757575793,252.3946087954029,0.0,294.28663788574863,3764.35,553898.9526626089,False,1114069.544731186,1006277.8438537712
2024-06-25,1485275.4049251578,-0.00015065471642347985,-229.543577550809,295.9337601979951,217.0448990705851,332.32693226825506,3351.99,556978.2768469341,True,1114119.3373681712,986445.8673266505
2024-06-26,1485975.9238445514,0.000700518919393653,362.23635617229525,338.2825632214345,0.0,332.32693226825506,3351.99,556978.2768469341,False,1114481.9428834135,1127608.5440714483
2024-06-27,1486029.5062451488,5.35824005973991e-05,-282.4778924279866,336.0602930253567,0.0,332.32693226825506,3351.99,556978.2768469341,False,1114522.1296838615,1120200.976751189
2024-06-28,1486077.727547675,4.822130252607167e-05,-295.7709697187047,343.9922722447353,0.0,332.32693226825506,3351.99,556978.2768469341,False,1114558.295660756,1146640.9074824513
2024-06-29,1486597.4370207028,0.0005197094730278477,182.77981274760074,336.9296602801704,0.0,332.32693226825506,3351.99,556978.2768469341,False,1114948.0777655272,1123098.8676005679
2024-06-30,1487106.9902503532,0.0005095532296504825,172.81000477948658,336.74322487116797,0.0,332.32693226825506,3351.99,556978.2768469341,False,1115330.242687765,1122477.4162372265
2024-07-01,1487494.3707364905,0.00038738048613723365,89.72827171242282,342.63438439948726,44.98216997468481,324.617885091706,3436.72,557810.3890261839,True,1115654.5146798487,1142114.6146649574
2024-07-02,1487923.5613517035,0.00042919061521301045,94.13918667658292,335.0514285364385,0.0,324.617885091706,3436.72,557810.3890261839,False,1115942.6710137776,1116838.0951214617
2024-07-03,1487993.7206905906,7.015933888708241e-05,-262.9404869242641,333.0998258112672,0.0,324.617885091706,3436.72,557810.3890261839,False,1115995.290517943,1110332.7527042239
2024-07-04,1488256.1499043459,0.0002624292137552984,-58.431219316601556,320.86043307176953,0.0,324.617885091706,3436.72,557810.3890261839,False,1116192.1124282593,1069534.7769058982
2024-07-05,1488179.4022368172,-7.67476675286889e-05,-110.37008093122728,243.04221854207628,209.41980513969955,364.8333120902209,3059.3,558067.2758388064,True,1116291.6165314678,993103.4958610563
2024-07-06,1488784.777144949,0.0006053749081317801,372.1299783321846,233.24492979958765,0.0,364.8333120902209,3059.3,558067.2758388064,False,1116588.5828587117,1087338.2583543316
2024-07-07,1488959.8984894515,0.00017512134450254962,-29.186664967191124,204.30800946957814,0.0,364.8333120902209,3059.3,558067.2758388064,False,1116719.9238670887,1118392.869879451
2024-07-08,1488991.8237370034,3.1925247551873325e-05,-211.6033210124675,243.52856856441994,0.0,364.8333120902209,3059.3,558067.2758388064,False,1116743.8678027526,1069045.5160861278
2024-07-09,1489421.572287709,0.0004297485507056117,269.9766509468497,159.77189975876107,0.0,364.8333120902209,3059.3,558067.2758388064,False,1117066.1792157819,1100888.1675653625
2024-07-10,1489630.9231568568,0.0002093508691478055,36.48333120898891,172.86753793870932,0.0,364.8333120902209,3059.3,558067.2758388064,False,1117223.1923676427,1118232.3432221315
2024-07-11,1489964.602564096,0.0003336794072391931,124.04332611072819,209.63608112834103,0.0,364.8333120902209,3059.3,558067.2758388064,False,1117473.4519230719,1130662.2141650454
2024-07-12,1489989.4181033615,2.4815539265517144e-05,-222.54832037491528,247.36385964050282,0.0,364.8333120902209,3059.3,558067.2758388064,False,1117492.0635775211,1130341.160850406
2024-07-13,1490056.6470036774,6.722890031593851e-05,-248.08665222145638,315.31555253721984,0.0,364.8333120902209,3059.3,558067.2758388064,False,1117542.485252758,1143110.3267735636
2024-07-14,1490749.972596234,0.0006933255925565026,466.98663947538984,226.33895308098462,0.0,364.8333120902209,3059.3,558067.2758388064,False,1118062.4794471755,1157980.932574361
2024-07-15,1490876.3339226064,0.00012636132637248375,-91.20832802255522,217.56965439506035,0.0,364.8333120902209,3059.3,558067.2758388064,False,1118157.250441955,1183344.1444308732
2024-07-16,1490820.8874822115,-5.544644039496779e-05,-36.48333120898891,239.26963778917093,258.2327469750305,321.14810508087004,3481.62,559057.8328058294,True,1118309.3401718899,1270210.956039555
2024-07-17,1490952.1093778235,0.0001312218956120778,-89.92146942270787,221.1433650347455,0.0,321.14810508087004,3481.62,559057.8328058294,False,1118214.0820333676,1105661.5420966228
2024-07-18,1491085.7015417092,0.00013359216388571075,-83.49850732095027,217.0906712066728,0.0,321.14810508087004,3481.62,559057.8328058294,False,1118314.276156282,1087410.6952848767
2024-07-19,1491481.3536775606,0.00039565213585132734,147.7281283372119,247.9240075140774,0.0,321.14810508087004,3481.62,559057.8328058294,False,1118611.0152581704,1099929.0484209291
2024-07-20,1491616.6455387312,0.00013529186117067002,-48.17221576201367,183.46407693277402,0.0,321.14810508087004,3481.62,559057.8328058294,False,1118712.4841540484,1124718.4706521214
2024-07-21,1491861.1997158953,0.0002445541771641001,38.537772609523316,206.01640455452184,0.0,321.14810508087004,3481.62,559057.8328058294,False,1118895.8997869215,1129166.3719074915
2024-07-22,1492144.5389094062,0.00028333919351082294,51.383696812892474,231.95549669781653,0.0,321.14810508087004,3481.62,559057.8328058294,False,1119108.4041820546,1135033.7477873191
2024-07-23,1492405.176296396,0.00026063738698977977,-35.32629155879055,295.9636785485568,0.0,321.14810508087004,3481.62,559057.8328058294,False,1119303.882222297,1104136.0885974886
2024-07-24,1492655.5059667833,0.00025032967038732024,-6.422962101611559,256.7526324890004,0.0,321.14810508087004,3481.62,559057.8328058294,False,1119491.6294750874,1117919.7652675596
2024-07-25,1492827.7227117952,0.00017221674501197412,28.903329457325036,143.31341555468316,0.0,321.14810508087004,3481.62,559057.8328058294,False,1119620.7920338465,1070781.6464037893
2024-07-26,1493018.489204767,0.00019076649297168478,67.44110206684834,123.32539090489257,0.0,321.14810508087004,3481.62,559057.8328058294,False,1119763.8669035751,1019218.1066520049
2024-07-27,1493144.05319425,0.00012556398948305287,-3.211481050732759,128.77547053383677,0.0,321.14810508087004,3481.62,559057.8328058294,False,1119858.0398956875,1051056.7297897222
2024-07-28,1493151.904623123,7.851428872905671e-06,-305.0906998267681,312.94212869984364,0.0,321.14810508087004,3481.62,559057.8328058294,False,1119863.9284673422,1043140.4289994788
2024-07-29,1493861.877906051,0.0007099732829281129,414.28105555416465,295.69222737409655,0.0,321.14810508087004,3481.62,559057.8328058294,False,1120396.4084295384,1049521.6418474359
2024-07-30,1493754.311917439,-0.00010756598861189558,-427.1269797575338,319.5609911455604,0.0,321.14810508087004,3481.62,559057.8328058294,False,1120315.7339380793,1065203.3038185346
2024-07-31,1494144.0094066977,0.0003896974892586004,73.86406416860595,315.83342508988676,0.0,321.14810508087004,3481.62,559057.8328058294,False,1120608.0070550232,1052778.0836329558
2024-08-01,1494342.9767287942,0.00019896732209646144,70.65258311787319,269.5443889624993,141.2296499837146,346.8236734591769,3231.49,560378.6162732978,True,1120863.1547840834,1037786.8900877807
2024-08-02,1494726.0860210592,0.00038310929226502774,169.9435999950787,213.16569227005218,0.0,346.8236734591769,3231.49,560378.6162732978,False,1121044.5645157944,1110411.4823673083
2024-08-03,1494814.546268247,8.846024718787521e-05,-79.769444895617,168.2296920836243,0.0,346.8236734591769,3231.49,560378.6162732978,False,1121110.9097011853,1036343.8186633665
2024-08-04,1494812.4251349035,-2.121133343549445e-06,65.89649795726254,127.12658899590257,195.1442202966207,386.3296469102423,2901.95,560554.6594255888,True,1121255.6770164,1006464.9591948584
2024-08-05,1494579.4817155504,-0.00023294341935310513,-150.66856229512098,-82.27485705801003,0.0,386.3296469102423,2901.95,560554.6594255888,False,1120934.6112866628,1038299.5590359671
2024-08-06,1494073.3174518687,-0.0005061642636817414,-57.949447036395796,-131.30798351092474,316.9068331342886,463.3072802815272,2418.6,560277.4940444508,True,1120792.6682137523,934376.884017112
2024-08-07,1494110.451846173,3.7134394304361196e-05,143.62525688703747,-106.4908625824668,0.0,463.3072802815272,2418.6,560277.4940444508,False,1120582.8388846298,1139671.0464733175
2024-08-08,1493976.8737051021,-0.00013357814107090236,-37.06458242248846,-96.51355864857238,0.0,463.3072802815272,2418.6,560277.4940444508,False,1120482.6552788266,1084787.6660511678
2024-08-09,1493579.2616022383,-0.0003976121028638445,-222.38749453514149,32.27755640958905,207.5021647383437,417.7314377670258,2681.59,560092.2231008394,True,1120340.0728252325,1242400.1697301406
2024-08-10,1493584.5148524838,5.253250245470554e-06,-4.177314377571477,9.43056462303843,0.0,417.7314377670258,2681.59,560092.2231008394,False,1120188.3861393628,1085220.3248605786
2024-08-11,1493693.7099860369,0.00010919513355311937,104.43285944175645,4.7622741114882245,0.0,417.7314377670258,2681.59,560092.2231008394,False,1120270.2824895277,1089765.2429034838
2024-08-12,1493666.0172925238,-2.7692693513119594e-05,-179.62451823975272,151.9318247265174,0.0,417.7314377670258,2681.59,560092.2231008394,False,1120249.5129693928,1067161.79480591
2024-08-13,1493815.223453789,0.00014920616126526146,179.62451823975272,-30.4183569743019,0.0,417.7314377670258,2681.59,560092.2231008394,False,1120361.4175903418,1136709.9018797423
2024-08-14,1493935.1105450515,0.00011988709126249887,116.96480257466084,2.9222886879728667,0.0,417.7314377670258,2681.59,560092.2231008394,False,1120451.3329087887,1128296.7907231145
2024-08-15,1494168.442933851,0.00023333238879940472,83.54628755332918,149.78610124596898,0.0,417.7314377670258,2681.59,560092.2231008394,False,1120626.3322003882,1111090.4328014906
2024-08-16,1494022.2769358533,-0.0001461659979976248,-192.1564613726571,45.99046337515862,0.0,417.7314377670258,2681.59,560092.2231008394,False,1120516.70770189,1073039.2761352921
2024-08-17,1493992.6552351722,-2.9621700681047515e-05,8.354628755142954,-37.97632943630662,0.0,417.7314377670258,2681.59,560092.2231008394,False,1120494.4914263792,1082563.5529163803
2024-08-18,1494006.7528780086,1.4097642836393788e-05,58.482401287710346,-44.38475845120052,0.0,417.7314377670258,2681.59,560092.2231008394,False,1120505.0646585065,1091607.4385440364
2024-08-19,1494022.180486301,1.542760829231702e-05,62.6597156649019,-47.2321073724323,0.0,417.7314377670258,2681.59,560092.2231008394,False,1120516.6353647257,1090558.9326352412
2024-08-20,1493907.6374199125,-0.00011454306638846174,-116.96480257466084,2.421736186201539,0.0,417.7314377670258,2681.59,560092.2231008394,False,1120430.7280649343,1100789.1755461555
2024-08-21,1494032.92965797,0.00012529223805759102,41.773143776474626,83.51909428113512,0.0,417.7314377670258,2681.59,560092.2231008394,False,1120524.6972434777,1074200.5695322845
2024-08-22,1494100.2518286058,6.732217063568533e-05,16.709257510855796,50.61291312483001,0.0,417.7314377670258,2681.59,560092.2231008394,False,1120575.1888714544,1098370.5105214845
2024-08-23,1494049.1841603385,-5.10676682672929e-05,-187.97914699527558,136.9114787281427,0.0,417.7314377670258,2681.59,560092.2231008394,False,1120536.8881202538,1095291.8298251417
2024-08-24,1494058.080980522,8.896820183610543e-06,8.354628755332918,0.5421914284370706,0.0,417.7314377670258,2681.59,560092.2231008394,False,1120543.5607353915,1153598.783908663
2024-08-25,1494379.3948493176,0.0003213138687955216,292.41200643703206,28.90186235846189,0.0,417.7314377670258,2681.59,560092.2231008394,False,1120784.5461369883,1155612.2494387003
2024-08-26,1494554.2763666136,0.00017488151729595848,12.531943132904395,162.34957416307836,0.0,417.7314377670258,2681.59,560092.2231008394,False,1120915.7072749601,1146455.576322847
2024-08-27,1494628.7852417056,7.450887509202585e-05,-171.26988948460976,245.77876457658925,0.0,417.7314377670258,2681.59,560092.2231008394,False,1120971.5889312793,1119211.1319516816
2024-08-28,1494623.5019917847,-5.283249920932576e-06,50.127772532187464,-55.41102245302652,0.0,417.7314377670258,2681.59,560092.2231008394,False,1120967.6264938386,1025940.05652706
2024-08-29,1494491.6400889405,-0.0001318619028441608,-142.02868884084955,10.166785996573573,0.0,417.7314377670258,2681.59,560092.2231008394,False,1120868.7300667055,1055741.0172973596
2024-08-30,1494726.7202576373,0.00023508016869681886,129.4967457077552,105.58342298903828,0.0,417.7314377670258,2681.59,560092.2231008394,False,1121045.040193228,1055306.576602082
2024-08-31,1494835.8959135017,0.00010917565586441196,-133.6740600853267,242.84971594962474,0.0,417.7314377670258,2681.59,560092.2231008394,False,1121126.9219351262,1054767.7030473624
2024-09-01,1494897.5776234325,6.168170993076638e-05,37.59582939909311,146.41984888090474,122.33396834919336,446.34289573176363,2511.91,560586.5916087872,True,1121264.9336938364,1049303.7758413698
2024-09-02,1495021.4779349146,0.00012390031148213894,31.244002701093553,92.65630878101284,0.0,446.34289573176363,2511.91,560586.5916087872,False,1121266.108451186,1082180.6678464476
2024-09-03,1495235.7322035437,0.00021425426862901076,35.70743165850862,178.5468369705937,0.0,446.34289573176363,2511.91,560586.5916087872,False,1121426.7991526579,1132264.804176509
2024-09-04,1495369.5213034763,0.00013378909993264825,-4.46342895721209,138.25252888981078,0.0,446.34289573176363,2511.91,560586.5916087872,False,1121527.140977607,1081957.4963985817
2024-09-05,1495395.3128351476,2.5791531671304256e-05,-84.80515018905945,110.59668186031824,0.0,446.34289573176363,2511.91,560586.5916087872,False,1121546.4846263607,1093392.8013872295
2024-09-06,1495724.2064815597,0.0003288936464120634,196.39087412200035,132.50277229002555,0.0,446.34289573176363,2511.91,560586.5916087872,False,1121793.1548611699,1056640.927352676
2024-09-07,1495554.564387771,-0.0001696420937885996,26.78057374388146,23.38407034694431,219.8067378793755,504.4142300179108,2223.7,560832.9616454141,True,1121830.7783442377,992532.6972387227
2024-09-08,1495586.6251912375,3.20608034664765e-05,-85.75041910308154,117.811222569573,0.0,504.4142300179108,2223.7,560832.9616454141,False,1121689.968893428,1146135.057588997
2024-09-09,1495632.9795797816,4.635438854410313e-05,15.132426900638253,31.221961643621356,0.0,504.4142300179108,2223.7,560832.9616454141,False,1121724.7346848361,1158084.6306981216
2024-09-10,1495567.1353579503,-6.584422183129937e-05,-40.353138401396166,-25.491083429831637,0.0,504.4142300179108,2223.7,560832.9616454141,False,1121675.3515184629,1189504.5930859372
2024-09-11,1495380.249754379,-0.00018688560357131063,-216.89811890784847,30.0125153366002,0.0,504.4142300179108,2223.7,560832.9616454141,False,1121535.1873157844,1204354.5480176646
2024-09-12,1495690.7387960085,0.0003104890416294802,237.07468810854655,73.4143535208305,0.0,504.4142300179108,2223.7,560832.9616454141,False,1121768.0540970063,1179915.6785732966
2024-09-13,1495660.0576487903,-3.068114721821621e-05,-201.76569200721022,171.08454478896593,0.0,504.4142300179108,2223.7,560832.9616454141,False,1121745.0432365928,1190816.0700839837
2024-09-14,1495702.3152555763,4.225760678597726e-05,35.308996101336334,6.948610684691652,0.0,504.4142300179108,2223.7,560832.9616454141,False,1121776.736441682,1229842.5990604693
2024-09-15,1495802.0843365488,9.976908097253181e-05,60.52970760209425,39.239373370433924,0.0,504.4142300179108,2223.7,560832.9616454141,False,1121851.5632524115,1218992.6489727842
2024-09-16,1495790.6991245267,-1.1385212022112683e-05,45.397280701685375,-56.782492723759,0.0,504.4142300179108,2223.7,560832.9616454141,False,1121843.0243433951,1167643.2803569608
2024-09-17,1495883.878687305,9.317956277821213e-05,-90.79456140337075,183.97412418146527,0.0,504.4142300179108,2223.7,560832.9616454141,False,1121912.9090154786,1157433.9363413984
2024-09-18,1496074.8615922313,0.00019098290492640808,70.61799220244329,120.36491272390556,0.0,504.4142300179108,2223.7,560832.9616454141,False,1122056.1461941735,1180626.902637622
2024-09-19,1496098.2781609169,2.341656868555583e-05,-196.721549706921,220.13811839253043,0.0,504.4142300179108,2223.7,560832.9616454141,False,1122073.7086206877,1197444.073066419
2024-09-20,1496186.7936354224,8.85154745054897e-05,-75.6621345027325,369.63943729622156,205.46182828786118,455.31236746122687,2464.55,561070.0476132834,True,1122294.1915977828,1243154.0905906423
2024-09-21,1496595.436488406,0.0004086428529836703,200.33744168296468,208.3054113006979,0.0,455.31236746122687,2464.55,561070.0476132834,False,1122446.5773663046,1165736.2544109793
2024-09-22,1496788.823457491,0.00019338696908485144,-45.53123674608128,238.9182058310545,0.0,455.31236746122687,2464.55,561070.0476132834,False,1122591.6175931182,1189002.716388248
2024-09-23,1496993.1644961075,0.00020434103861660696,18.21249469843251,186.12854391828577,0.0,455.31236746122687,2464.55,561070.0476132834,False,1122744.8733720807,1174683.142431592
2024-09-24,1497199.882408478,0.00020671791237057187,45.53123674608128,161.18667562449937,0.0,455.31236746122687,2464.55,561070.0476132834,False,1122899.9118063585,1204683.6743236126
2024-09-25,1497368.537667571,0.00016865525909303688,27.318742047648765,141.33651704526469,0.0,455.31236746122687,2464.55,561070.0476132834,False,1123026.4032506784,1207488.3985071736
2024-09-26,1497664.7219450024,0.0002961842774313409,-4.553123674504602,300.73740110584754,0.0,455.31236746122687,2464.55,561070.0476132834,False,1123248.5414587518,1174205.064445758
2024-09-27,1497901.8587348214,0.00023713678981899283,-45.53123674608128,282.668026565112,0.0,455.31236746122687,2464.55,561070.0476132834,False,1123426.394051116,1197999.6887692816
2024-09-28,1498106.7926156835,0.00020493388086208143,-81.95622614315334,286.890107005214,0.0,455.31236746122687,2464.55,561070.0476132834,False,1123580.0944617626,1226392.9680041638
2024-09-29,1498515.12262099,0.0004083300053065177,177.57182331002755,230.75818199632735,0.0,455.31236746122687,2464.55,561070.0476132834,False,1123886.3419657424,1217464.2924782492
2024-09-30,1498823.9417414914,0.0003088191205014009,9.106247349009204,299.7128731525192,0.0,455.31236746122687,2464.55,561070.0476132834,False,1124117.9563061185,1209446.241687257
2024-10-01,1498798.237995217,-2.5703746274346486e-05,-259.5280494527668,336.35978739765994,102.53548421912062,432.09802017167584,2601.49,562049.3392482065,True,1124175.5801095772,1184490.570826707
2024-10-02,1499159.9902163781,0.00036175222116103395,77.7776436310274,283.97457753008115,0.0,432.09802017167584,2601.49,562049.3392482065,False,1124369.9926622836,1057279.0406570649
2024-10-03,1499343.105445612,0.00018311522923386656,69.13568322740525,113.97954600653875,0.0,432.09802017167584,2601.49,562049.3392482065,False,1124507.329084209,1021047.6216656701
2024-10-04,1499459.814476948,0.00011670903133600951,-12.962940605040238,129.67197194105026,0.0,432.09802017167584,2601.49,562049.3392482065,False,1124594.860857711,1014885.9038980218
2024-10-05,1499690.526519287,0.0002307120423389133,-12.962940605433229,243.67498294415483,0.0,432.09802017167584,2601.49,562049.3392482065,False,1124767.894889465,1042816.719921919
2024-10-06,1499964.7954598593,0.00027426894057239404,90.74058423606765,183.52835633628132,0.0,432.09802017167584,2601.49,562049.3392482065,False,1124973.5965948945,1042834.0038427259
2024-10-07,1500133.9286271594,0.00016913316730014048,8.641960403425657,160.49120689673134,0.0,432.09802017167584,2601.49,562049.3392482065,False,1125100.4464703696,1053783.3676738762
2024-10-08,1500261.262191646,0.00012733356448658742,-133.95038625319594,261.28395073978027,0.0,432.09802017167584,2601.49,562049.3392482065,False,1125195.9466437346,1046433.380350756
2024-10-09,1500549.3757213894,0.0002881135297433939,38.8888218155137,249.22470792783045,0.0,432.09802017167584,2601.49,562049.3392482065,False,1125412.031791042,1054250.0335356616
2024-10-10,1500748.9213732725,0.00019954565188311972,-73.45666342921633,273.0023153124989,0.0,432.09802017167584,2601.49,562049.3392482065,False,1125561.6910299545,1023899.468598803
2024-10-11,1501175.4312565888,0.00042650988331623373,164.19724766528398,262.3126356507426,0.0,432.09802017167584,2601.49,562049.3392482065,False,1125881.5734424416,1030657.481634288
2024-10-12,1501314.3335628505,0.00013890230626170522,-90.74058423606765,229.6428904978374,0.0,432.09802017167584,2601.49,562049.3392482065,False,1125985.7501721377,1053649.4172876228
2024-10-13,1501581.293947127,0.0002669603842764627,120.9874456481557,145.97293862845115,0.0,432.09802017167584,2601.49,562049.3392482065,False,1126185.9704603453,1069477.1677665114
2024-10-14,1501782.4011572243,0.0002011072100973688,-82.09862383264199,283.20583393004455,0.0,432.09802017167584,2601.49,562049.3392482065,False,1126336.8008679182,1066327.17319946
2024-10-15,1502032.4394296748,0.00025003827245044524,-90.74058423606765,340.778856686614,0.0,432.09802017167584,2601.49,562049.3392482065,False,1126524.3295722562,1135929.5222887134
2024-10-16,1502348.7187607156,0.00031627933104080147,-21.60490100866239,337.884232049484,0.0,432.09802017167584,2601.49,562049.3392482065,False,1126761.5390705366,1126280.77349828
2024-10-17,1502617.966382751,0.0002692476220354438,-69.13568322740525,338.3833052627823,0.0,432.09802017167584,2601.49,562049.3392482065,False,1126963.4747870632,1127944.3508759409
2024-10-18,1502985.899143221,0.0003679327604700811,30.24686141189155,337.68589905822523,0.0,432.09802017167584,2601.49,562049.3392482065,False,1127239.4243574159,1125619.6635274175
2024-10-19,1503449.252109486,0.00046335296626482157,120.9874456481557,342.36552061668453,0.0,432.09802017167584,2601.49,562049.3392482065,False,1127586.9390821145,1141218.4020556149
2024-10-20,1503654.169410376,0.00020491730089019984,-138.271366455007,343.1886673451115,0.0,432.09802017167584,2601.49,562049.3392482065,False,1127740.6270577821,1143962.224483705
2024-10-21,1503660.2593998725,6.089989496394992e-06,-349.99939633903386,356.089385835357,0.0,432.09802017167584,2601.49,562049.3392482065,False,1127745.1945499044,1186964.61945119
2024-10-22,1504075.0674498652,0.0004148080499926582,69.13568322760175,345.6723667650583,0.0,432.09802017167584,2601.49,562049.3392482065,False,1128056.300587399,1152241.2225501942
2024-10-23,1504816.7796891164,0.0007417122392512392,401.8511587595878,339.8610804917694,0.0,432.09802017167584,2601.49,562049.3392482065,False,1128612.5847668373,1132870.268305898
2024-10-24,1505027.2784001331,0.0002104987110167276,-116.66646544634462,327.16517646308523,0.0,432.09802017167584,2601.49,562049.3392482065,False,1128770.4588000998,1090550.588210284
2024-10-25,1505217.6681334872,0.00019038973335409537,-138.2713664548105,328.66109980891963,0.0,432.09802017167584,2601.49,562049.3392482065,False,1128913.2511001155,1095536.9993630652
2024-10-26,1505577.1866492105,0.0003595185157232918,43.20980201712828,316.3087137062719,0.0,432.09802017167584,2601.49,562049.3392482065,False,1129182.8899869078,1054362.3790209063
2024-10-27,1505873.0061389965,0.0002958194897859357,-25.92588121027697,321.7453709960719,0.0,432.09802017167584,2601.49,562049.3392482065,False,1129404.7546042474,1072484.5699869064
2024-10-28,1506249.8660445632,0.00037685990556678736,51.85176242055394,325.00814314638825,0.0,432.09802017167584,2601.49,562049.3392482065,False,1129687.3995334224,1083360.4771546274
2024-10-29,1506764.0384910782,0.0005141724465149455,181.4811684719388,332.6912780430608,0.0,432.09802017167584,2601.49,562049.3392482065,False,1130073.0288683088,1108970.9268102027
2024-10-30,1506462.3407398262,-0.0003016977512519807,-643.8260500557027,342.1282988036103,0.0,432.09802017167584,2601.49,562049.3392482065,False,1129846.7555548698,1140427.6626787006
2024-10-31,1506945.3420672643,0.00048300132743804715,138.271366455007,344.7299609830638,0.0,432.09802017167584,2601.49,562049.3392482065,False,1130209.0065504482,1149099.8699435461
2024-11-01,1507372.5547464471,0.00042721267918287775,172.83920806870964,326.454807317923,72.08133620381615,448.91315257878523,2518.37,565264.7080299177,True,1130583.477061988,1088182.6910597433
2024-11-02,1507567.1455796082,0.00019459083316102625,-143.6522088254889,338.2430419866899,0.0,448.91315257878523,2518.37,565264.7080299177,False,1130675.3591847061,1127476.8066222996
2024-11-03,1508217.209084334,0.0006500635047259275,314.23920680527215,335.8242979205954,0.0,448.91315257878523,2518.37,565264.7080299177,False,1131162.9068132506,1119414.3264019848
2024-11-04,1508462.8498722936,0.0002456407879595645,-85.2934989899937,330.93428694955475,0.0,448.91315257878523,2518.37,565264.7080299177,False,1131347.1374042202,1103114.289831849
2024-11-05,1508974.2553270168,0.0005114054547231644,188.54352408312246,322.861930639883,0.0,448.91315257878523,2518.37,565264.7080299177,False,1131730.6914952626,1076206.4354662767
2024-11-06,1509447.671194253,0.00047341586723621,152.6304718768523,320.78539535945634,0.0,448.91315257878523,2518.37,565264.7080299177,False,1132085.7533956897,1087002.7967857963
2024-11-07,1509061.4910173824,-0.00038618017687066456,-812.5328061675767,426.3526292969298,0.0,448.91315257878523,2518.37,565264.7080299177,False,1131796.1182630367,1222166.0578957428
2024-11-08,1509314.44921686,0.00025295819947775453,148.14134035076233,389.983425213463,285.1665660863665,390.91148331099436,2895.76,565992.9184563225,True,1132199.71183721,1299944.7507115433
2024-11-09,1509630.554315079,0.0003161050982188899,-31.27291866467334,347.3780168835488,0.0,390.91148331099436,2895.76,565992.9184563225,False,1132222.9157363093,1157926.7229451626
2024-11-10,1510025.5971470266,0.00039504283194756137,-175.9101674900541,570.9529994377724,0.0,390.91148331099436,2895.76,565992.9184563225,False,1132519.1978602698,1222388.0265431455
2024-11-11,1510378.6093944174,0.00035301224739081225,-457.36643547389184,810.378682864698,0.0,390.91148331099436,2895.76,565992.9184563225,False,1132783.957045813,1245127.347527346
2024-11-12,1511100.3423081036,0.0007217329136861954,-562.9125359676755,1600.4577789783345,315.81232932454213,335.7980861538828,3375.02,566662.6283655388,True,1133562.115978071,1319334.0744042723
2024-11-13,1512167.9935902986,0.001067651282195002,413.03164596928195,654.6196362256998,0.0,335.7980861538828,3375.02,566662.6283655388,False,1134125.9951927238,1089997.229674642
2024-11-14,1512649.9194588084,0.000481925868509803,154.4671196306456,327.45874887906456,0.0,335.7980861538828,3375.02,566662.6283655388,False,1134487.4395941063,1070826.5169361169
2024-11-15,1512857.8965093142,0.00020797705050581134,-164.54106221532928,372.51811272104686,0.0,335.7980861538828,3375.02,566662.6283655388,False,1134643.4223819857,1027891.3736404815
2024-11-16,1513433.2132604755,0.0005753167511613574,164.541062215482,410.77568894586733,0.0,335.7980861538828,3375.02,566662.6283655388,False,1135074.9099453567,1038203.7328662672
2024-11-17,1513820.727496882,0.00038751423640642313,-30.221827753898317,417.73606416023574,0.0,335.7980861538828,3375.02,566662.6283655388,False,1135365.5456226615,1052629.618647438
2024-11-18,1514466.8033471492,0.000646075850267196,-90.66548326169496,736.7413335288838,0.0,335.7980861538828,3375.02,566662.6283655388,False,1135850.102510362,1033616.7310094052
2024-11-19,1515105.9998114286,0.0006391964642794337,-191.40490910761548,830.6013733870304,0.0,335.7980861538828,3375.02,566662.6283655388,False,1136329.4998585714,1078073.0396353176
2024-11-20,1515898.4812789222,0.0007924814674935769,265.2804880615552,527.2009794321051,0.0,335.7980861538828,3375.02,566662.6283655388,False,1136923.8609591916,1044107.0632208524
2024-11-21,1516581.1264617986,0.0006826451828763821,268.6384689230146,414.00671395337775,0.0,335.7980861538828,3375.02,566662.6283655388,False,1137435.844846349,1031252.7124828818
2024-11-22,1516964.5455176758,0.0003834190558772534,-580.9306890460707,964.3497449234374,0.0,335.7980861538828,3375.02,566662.6283655388,False,1137723.409138257,1127841.6739841846
2024-11-23,1518095.998688928,0.001131453171252273,184.68894738469663,946.7642238676376,0.0,335.7980861538828,3375.02,566662.6283655388,False,1138571.9990166961,1118221.058815876
2024-11-24,1518935.1560065483,0.0008391573176202364,-50.369712923265666,889.5270305433625,0.0,335.7980861538828,3375.02,566662.6283655388,False,1139201.3670049112,1140477.7559661553
2024-11-25,1519974.3411871595,0.00103918518061121,214.91077513859494,824.2744054725632,0.0,335.7980861538828,3375.02,566662.6283655388,False,1139980.7558903696,1129282.247773785
2024-11-26,1520386.4495072644,0.0004121083201048896,-218.26875600005437,630.377076104899,0.0,335.7980861538828,3375.02,566662.6283655388,False,1140289.8371304483,1147391.8385600636
2024-11-27,1521027.4026492983,0.0006409531420338898,-3.3579808616121256,644.3111228953948,0.0,335.7980861538828,3375.02,566662.6283655388,False,1140770.5519869737,1117257.3183086144
2024-11-28,1521484.3417151251,0.00045693906582682393,-63.801636369103356,520.7407021959203,0.0,335.7980861538828,3375.02,566662.6283655388,False,1141113.2562863438,1227640.8651891185
2024-11-29,1521855.8122341244,0.0003714705189992674,-53.72769378457239,425.1982127837591,0.0,335.7980861538828,3375.02,566662.6283655388,False,1141391.8591755934,1202687.7094070236
2024-11-30,1522675.3116863125,0.0008194994521881453,164.5410622151766,654.9583899730283,0.0,335.7980861538828,3375.02,566662.6283655388,False,1142006.4837647344,1207029.5786609934
2024-12-01,1523055.0077157968,0.000379696029484272,47.01173206180624,506.01484576812084,173.33054834583092,308.24916367226183,3705.74,571145.6278934238,True,1142421.2536981069,1244380.3997838898
2024-12-02,1523678.292164755,0.0006232844489582348,-450.0437789615135,1073.3282279198265,0.0,308.24916367226183,3705.74,571145.6278934238,False,1142758.7191235663,1143980.4612037714
2024-12-03,1524766.751763748,0.0010884595989929511,240.43434766414555,848.0252513286084,0.0,308.24916367226183,3705.74,571145.6278934238,False,1143575.063822811,1123956.5955316215
2024-12-04,1525531.2700466604,0.0007645182829124388,157.207073473061,607.311209439273,0.0,308.24916367226183,3705.74,571145.6278934238,False,1144148.4525349953,1114884.8226447466
2024-12-05,1526575.0985979983,0.0010438285513378214,-191.1144814767687,1234.9430328147719,0.0,308.24916367226183,3705.74,571145.6278934238,False,1144931.3239484988,1183904.8928826028
2024-12-06,1527609.7636201056,0.0010346650221073068,262.01178912125437,772.6532329860717,0.0,308.24916367226183,3705.74,571145.6278934238,False,1145707.3227150792,1167432.0575759574
2024-12-07,1528328.2569072396,0.0007184932871339843,-243.51683930107563,962.0101264349825,0.0,308.24916367226183,3705.74,571145.6278934238,False,1146246.1926804297,1233536.0907254738
2024-12-08,1528893.9043693966,0.0005656474621570669,-215.77441457066737,781.4218767278825,0.0,308.24916367226183,3705.74,571145.6278934238,False,1146670.4282770474,1232935.0048563129
2024-12-09,1529563.086781447,0.0006691824120504316,129.46464874251257,539.7177633080645,0.0,308.24916367226183,3705.74,571145.6278934238,False,1147172.3150860853,1235249.9560754916
2024-12-10,1530710.934228409,0.0011478474469620269,804.5303171845025,343.3171297774367,0.0,308.24916367226183,3705.74,571145.6278934238,False,1148033.2006713068,1144390.4325914558
2024-12-11,1531163.6052149925,0.0004526709865834564,117.13468219549314,335.5363043880215,0.0,308.24916367226183,3705.74,571145.6278934238,False,1148372.7039112444,1118454.3479600714
2024-12-12,1531995.6103966336,0.0008320051816410851,477.7862036920619,354.2189779490337,0.0,308.24916367226183,3705.74,571145.6278934238,False,1148996.7077974752,1180729.9264967786
2024-12-13,1532261.9857609158,0.00026637536428216846,-92.47474910173462,358.85011338404564,0.0,308.24916367226183,3705.74,571145.6278934238,False,1149196.4893206868,1196167.0446134855
2024-12-14,1532663.2266075371,0.0004012408466213383,40.07239127742768,361.1684553440247,0.0,308.24916367226183,3705.74,571145.6278934238,False,1149497.419955653,1203894.8511467492
2024-12-15,1533164.9092555323,0.0005016826479951851,151.04209019948118,350.64055779584186,0.0,308.24916367226183,3705.74,571145.6278934238,False,1149873.6819416492,1192492.7145825122
2024-12-16,1533172.4876444484,7.578388916095719e-06,-342.1565716762499,349.73496059236743,0.0,308.24916367226183,3705.74,571145.6278934238,False,1149879.3657333362,1220204.3143966484
2024-12-17,1533815.319081347,0.0006428314368985593,274.3417556681336,368.48968123040464,0.0,308.24916367226183,3705.74,571145.6278934238,False,1150361.48931101,1228298.9374346822
2024-12-18,1534373.6250750804,0.000558305993733462,221.9393978442472,336.366595889262,0.0,308.24916367226183,3705.74,571145.6278934238,False,1150780.2188063103,1199338.928507673
2024-12-19,1534357.674568444,-1.5950506636407226e-05,-249.68182257451525,233.7313159381028,0.0,308.24916367226183,3705.74,571145.6278934238,False,1150768.255926333,1117529.6004690547
2024-12-20,1534343.805513823,-1.3869054621085524e-05,-329.82660512937065,315.95755050821407,0.0,308.24916367226183,3705.74,571145.6278934238,False,1150757.854135367,1053191.8350273804
2024-12-21,1534933.9936337862,0.0005901881199632771,308.24916367212165,281.9389562911307,0.0,308.24916367226183,3705.74,571145.6278934238,False,1151200.4952253397,1069895.8572067802
2024-12-22,1534983.5382671556,4.9544633369427176e-05,-3.0824916366497273,261.0104901083519,208.383365102026,344.928752520626,3337.61,575618.8268501833,True,1151393.9412241932,1028815.4911641779
2024-12-23,1535107.0994864407,0.00012356121928500943,-100.02933823096899,223.5905575160906,0.0,344.928752520626,3337.61,575618.8268501833,False,1151330.3246148305,1131645.7005571949
2024-12-24,1535615.5879983583,0.000508488511917647,262.14585191575105,246.34266000200998,0.0,344.928752520626,3337.61,575618.8268501833,False,1151711.6909987687,1179915.0301849314
2024-12-25,1535559.7257205057,-5.586227785260417e-05,-203.50796398721954,147.6456861347227,0.0,344.928752520626,3337.61,575618.8268501833,False,1151669.7942903792,1204484.3052269756
2024-12-26,1535904.4998678537,0.00034477414734801275,27.594300201624982,317.1798471462705,0.0,344.928752520626,3337.61,575618.8268501833,False,1151928.3749008903,1205777.788048928
2024-12-27,1536391.7196901925,0.00048721982233878225,213.85582656275048,273.3639957760249,0.0,344.928752520626,3337.61,575618.8268501833,False,1152293.7897676444,1149699.2714641246
2024-12-28,1536563.3234195455,0.0001716037293530535,-165.5658012097499,337.1695305629342,0.0,344.928752520626,3337.61,575618.8268501833,False,1152422.492564659,1149337.0962739778
2024-12-29,1536828.9076839346,0.0002655842643890064,24.145012676343434,241.43925171275725,0.0,344.928752520626,3337.61,575618.8268501833,False,1152621.6807629508,1173630.4283140057
2024-12-30,1537017.4588473549,0.00018855116342031397,-158.6672261595005,347.21838957985796,0.0,344.928752520626,3337.61,575618.8268501833,False,1152763.094135516,1157394.6319328598
2024-12-31,1537592.834124842,0.0005753752774870954,244.89941428965702,330.47586319738656,0.0,344.928752520626,3337.61,575618.8268501833,False,1153194.6255936315,1158995.1013445554
2025-01-01,1537751.1486497629,0.0001583145249208901,-182.81223883584394,345.2647131255811,4.1379493689335884,345.65733819879097,3336.58,576656.680743661,True,1153316.464949349,1150882.3770852704
2025-01-02,1538044.1986693745,0.0002930500196116045,-55.305174111913445,348.3551937234325,0.0,345.65733819879097,3336.58,576656.680743661,False,1153533.149002031,1161183.9790781084
2025-01-03,1538336.7799776355,0.0002925813082610257,-65.67489425778915,358.25620251879866,0.0,345.65733819879097,3336.58,576656.680743661,False,1153752.5849832266,1194187.341729329
2025-01-04,1538797.3234453315,0.0004605434676960576,86.41433454969774,374.1291331462254,0.0,345.65733819879097,3336.58,576656.680743661,False,1154097.9925839987,1247097.110487418
2025-01-05,1539107.3068722843,0.00030998342695273456,-69.13146763969532,379.11489459240477,0.0,345.65733819879097,3336.58,576656.680743661,False,1154330.4801542133,1263716.3153080158
2025-01-06,1539532.6340790498,0.00042532720676553436,48.39202734778672,376.9351794177232,0.0,345.65733819879097,3336.58,576656.680743661,False,1154649.4755592872,1256450.5980590773
2025-01-07,1539947.7775355563,0.0004151434565065429,235.04698997527845,382.1988493638144,202.10238283233565,313.36098052800196,3685.72,577480.4165758337,True,1155112.4099387915,1273996.1645460478
2025-01-08,1540330.7841078795,0.0003830065723231528,68.93941571609773,314.0671566071313,0.0,313.36098052800196,3685.72,577480.4165758337,False,1155248.0880809096,1058962.6967669139
2025-01-09,1540598.6608562097,0.00026787674833019263,-9.40082941590276,277.2775777462717,0.0,313.36098052800196,3685.72,577480.4165758337,False,1155448.9956421573,1042044.3374282072
2025-01-10,1540290.5399915965,-0.0003081208646132145,-297.6929315015449,239.3605543426326,249.78848745424668,358.95952601226054,3218.24,577608.9524968487,True,1155405.246359288,1008470.841974437
2025-01-11,1540759.2431159418,0.0004687031243452802,208.196525087085,260.5065992582312,0.0,358.95952601226054,3218.24,577608.9524968487,False,1155569.4323369563,1172185.921788297
2025-01-12,1540889.6587398683,0.0001304156239265576,-201.0173345668463,331.4329584935285,0.0,358.95952601226054,3218.24,577608.9524968487,False,1155667.2440549012,1178051.3204433373
2025-01-13,1541378.842846522,0.000489184106653789,222.5549061277256,266.62920052614453,0.0,358.95952601226054,3218.24,577608.9524968487,False,1156034.1321348916,1172254.1240982392
2025-01-14,1541530.9531679626,0.00015211032144050115,-78.97109572278873,231.08141716347475,0.0,358.95952601226054,3218.24,577608.9524968487,False,1156148.214875972,1125743.7383128307
2025-01-15,1541807.9432857898,0.00027699011782719756,93.32947676326609,183.66064106397408,0.0,358.95952601226054,3218.24,577608.9524968487,False,1156355.9574643425,1157281.9222682677
2025-01-16,1542121.556239782,0.00031361295399209485,21.537571560716046,292.0753824312956,0.0,358.95952601226054,3218.24,577608.9524968487,False,1156591.1671798364,1238342.1624323565
2025-01-17,1542265.8863270413,0.00014433008725941182,-211.78612034728596,356.11620760671747,0.0,358.95952601226054,3218.24,577608.9524968487,False,1156699.414745281,1187054.0253557246
2025-01-18,1542693.6634196234,0.0004277770925820805,53.843928901708495,373.93316368033607,0.0,358.95952601226054,3218.24,577608.9524968487,False,1157020.2475647177,1246443.8789344532
2025-01-19,1542956.4264591383,0.00026276303951488806,-93.32947676310286,356.09251627800063,0.0,358.95952601226054,3218.24,577608.9524968487,False,1157217.3198443537,1186975.054260002
2025-01-20,1543316.910845217,0.0003604843860787805,14.358381040477363,346.1260050382702,0.0,358.95952601226054,3218.24,577608.9524968487,False,1157487.6831339127,1153753.3501275673
2025-01-21,1543577.1432200733,0.0002602323748562485,-93.32947676326609,353.5618516196142,0.0,358.95952601226054,3218.24,577608.9524968487,False,1157682.857415055,1178539.505398714
2025-01-22,1543956.9270650682,0.00037978384499484674,21.53757156087928,358.24627343407417,0.0,358.95952601226054,3218.24,577608.9524968487,False,1157967.6952988012,1194154.2447802473
2025-01-23,1544227.0789274664,0.0002701518623982556,-78.97109572262549,349.1229581209466,0.0,358.95952601226054,3218.24,577608.9524968487,False,1158170.3091955998,1163743.1937364885
2025-01-24,1544489.60792537,0.00026252899790368974,-96.91907202346705,359.4480699271632,0.0,358.95952601226054,3218.24,577608.9524968487,False,1158367.2059440275,1198160.2330905441
2025-01-25,1545164.6075623664,0.0006749996369963046,409.2138596539313,265.78577734226576,0.0,358.95952601226054,3218.24,577608.9524968487,False,1158873.4556717747,1187657.0773594254
2025-01-26,1545211.6250670378,4.701750467135571e-05,-229.7340966476378,276.75160131906273,0.0,358.95952601226054,3218.24,577608.9524968487,False,1158908.7188002784,1190995.4009513394
2025-01-27,1545741.782468794,0.0005301574017561507,452.2890027753634,77.8683989807521,0.0,358.95952601226054,3218.24,577608.9524968487,False,1159306.3368515954,1159618.7487826077
2025-01-28,1545729.0787116885,-1.2703757105395198e-05,-240.50288242824067,227.79912532287767,0.0,358.95952601226054,3218.24,577608.9524968487,False,1159296.8090337664,1141850.2522450008
2025-01-29,1546122.775533134,0.0003936968214453664,114.8670483238189,278.8297731215589,0.0,358.95952601226054,3218.24,577608.9524968487,False,1159592.0816498504,1104145.143632673
2025-01-30,1546195.295224037,7.25196909031365e-05,-143.58381040477363,216.1035013080804,0.0,358.95952601226054,3218.24,577608.9524968487,False,1159646.4714180278,1117275.8830942013
2025-01-31,1546571.788595606,0.00037649337156908587,57.43352416190945,319.05984740725444,0.0,358.95952601226054,3218.24,577608.9524968487,False,1159928.8414467047,1165132.367102156
2025-02-01,1546777.3243160946,0.0002055357204885222,-10.76878578043964,257.56863133816387,41.26412506918725,351.5935727343752,3299.5,580041.4966185355,True,1160113.941330873,1184386.9560774537
2025-02-02,1546935.4566618928,0.00015813234579819255,-63.28684309212998,221.4191888902571,0.0,351.5935727343752,3299.5,580041.4966185355,False,1160201.5924964196,1095646.439162042
2025-02-03,1546398.0858484479,-0.0005373708134449553,108.99400754763712,-388.64415345288137,257.72066753974525,404.3843449531516,2868.06,579899.282193168,True,1159991.8548869905,1008391.4622165521
2025-02-04,1546025.5453278164,-0.00037254052063147536,-165.79758143073332,-206.74293920064153,0.0,404.3843449531516,2868.06,579899.282193168,False,1159519.1589958624,1164093.1261297383
2025-02-05,1545938.2267426213,-8.731858519511297e-05,-32.3507475962227,-54.96783759893565,0.0,404.3843449531516,2868.06,579899.282193168,False,1159453.670056966,1103993.524782801
2025-02-06,1545949.076613183,1.0849870561622083e-05,48.526121394334055,-37.6762508325216,0.0,404.3843449531516,2868.06,579899.282193168,False,1159461.8074598871,1127019.1693844334
2025-02-07,1546042.6340581684,9.35574449854903e-05,48.526121394334055,45.031323591165474,0.0,404.3843449531516,2868.06,579899.282193168,False,1159531.9755436264,1085877.1061288998
2025-02-08,1546229.369750631,0.00018673569246265107,32.3507475964066,154.38494486617685,0.0,404.3843449531516,2868.06,579899.282193168,False,1159672.0273129733,1059753.8774449262
2025-02-09,1546345.2868613794,0.00011591711074835621,8.087686899055676,107.82942384926241,0.0,404.3843449531516,2868.06,579899.282193168,False,1159758.9651460345,1063931.1677282923
2025-02-10,1546341.8069022573,-3.479959122138098e-06,-145.57836418336996,142.09840506126773,0.0,404.3843449531516,2868.06,579899.282193168,False,1159756.3551766928,1061941.5967511227
2025-02-11,1546404.576635156,6.276973289879971e-05,36.39459104602638,26.375141852707007,0.0,404.3843449531516,2868.06,579899.282193168,False,1159803.432476367,1075658.3137319335
2025-02-12,1546738.514175087,0.00033393753993092107,145.57836418300218,188.35917574789605,0.0,404.3843449531516,2868.06,579899.282193168,False,1160053.8856313152,1051815.812753496
2025-02-13,1546792.276096675,5.376192158809863e-05,-173.88526832978897,227.6471899179224,0.0,404.3843449531516,2868.06,579899.282193168,False,1160094.2070725062,1106856.5659450693
2025-02-14,1547057.6929276444,0.0002654168309692759,88.96455588961244,176.4522750797884,0.0,404.3843449531516,2868.06,579899.282193168,False,1160293.2696957332,1081534.018264103
2025-02-15,1547096.7633794378,3.9070451793493706e-05,-60.65765174300952,99.72810353639365,0.0,404.3843449531516,2868.06,579899.282193168,False,1160322.5725345784,1101846.2439110999
2025-02-16,1547285.0088917238,0.00018824551228596828,40.438434495462275,147.807077790547,0.0,404.3843449531516,2868.06,579899.282193168,False,1160463.7566687928,1088497.5166841962
2025-02-17,1547532.6099184682,0.00024760102674434894,40.438434495094484,207.162592249253,0.0,404.3843449531516,2868.06,579899.282193168,False,1160649.4574388512,1075666.4014188328
2025-02-18,1547490.3792449539,-4.223067351430654e-05,-137.4906772837626,95.26000376949833,0.0,404.3843449531516,2868.06,579899.282193168,False,1160617.7844337155,1109222.214363045
2025-02-19,1547810.5925102842,0.0003202132653302979,153.66605108205783,166.5472142481224,0.0,404.3843449531516,2868.06,579899.282193168,False,1160857.9443827132,1079932.6562580885
2025-02-20,1547944.440443326,0.00013384793304186315,4.043843449619784,129.80408959242013,0.0,404.3843449531516,2868.06,579899.282193168,False,1160958.3303324946,1097523.3752635506
2025-02-21,1547994.9154641756,5.047502084961161e-05,-109.18377313752747,159.65879398726688,0.0,404.3843449531516,2868.06,579899.282193168,False,1160996.1865981317,1106743.3383284826
2025-02-22,1548439.47508574,0.00044455962156434543,388.2089711550402,56.35065040922769,0.0,404.3843449531516,2868.06,579899.282193168,False,1161329.606314305,1076010.128112043
2025-02-23,1548224.892860003,-0.0002145822257369291,-367.9897539073091,153.40752817046905,0.0,404.3843449531516,2868.06,579899.282193168,False,1161168.6696450023,1116909.5607606047
2025-02-24,1548323.4769342258,9.858407422271557e-05,-28.306904146786813,126.89097836932841,0.0,404.3843449531516,2868.06,579899.282193168,False,1161242.6077006692,1139773.4516242559
2025-02-25,1548114.7330433922,-0.00020874389083357529,40.43843449527838,-2.0826331596266043,247.0996921694329,462.167948294581,2512.26,580543.0248912721,True,1161271.374551671,1015918.6144520047
2025-02-26,1548232.2478690397,0.00011751482564746403,-13.865038448719734,131.37986409611852,0.0,462.167948294581,2512.26,580543.0248912721,False,1161174.1859017797,1152859.4603029005
2025-02-27,1548398.5293076152,0.0001662814385755919,-87.8119101759956,254.0933487514882,0.0,462.167948294581,2512.26,580543.0248912721,False,1161298.8969807115,1079319.2963702667
2025-02-28,1548482.3705046363,8.384119702107273e-05,13.865038448719734,69.97615857236775,0.0,462.167948294581,2512.26,580543.0248912721,False,1161361.7778784772,1066059.6979336953
2025-03-01,1548262.557865629,-0.00021981263900734484,-32.35175638048616,29.594264454562943,217.05514708170512,519.1818430732595,2236.59,580598.4591996107,True,1161359.709759533,1033680.211476177
2025-03-02,1548342.243341552,7.968547592312097e-05,-98.64455018394764,178.33002610709073,0.0,519.1818430732595,2236.59,580598.4591996107,False,1161256.682506164,1150813.2815377563
2025-03-03,1548231.4375197354,-0.00011080582181666978,98.64455018394764,37.8723101642436,247.32268216473435,461.3103777888228,2517.12,580586.7890699008,True,1161359.0701514252,1306843.000836563
2025-03-04,1547776.7388722918,-0.0004546986474436708,-87.6489717799015,-77.95139663424074,289.0982790293987,540.3720093260058,2148.21,580416.2770771094,True,1161049.377863491,990991.566669727
2025-03-05,1548062.8634304714,0.0002861245581796393,97.26696167859258,188.85759650091168,0.0,540.3720093260058,2148.21,580416.2770771094,False,1161047.1475728536,1172882.849962189
2025-03-06,1548182.8948605843,0.00012003143011289649,86.45952149232802,33.57190862064691,0.0,540.3720093260058,2148.21,580416.2770771094,False,1161137.1711454382,1210671.0645743564
2025-03-07,1548108.699715376,-7.419514520838857e-05,-145.90044251801174,71.70529730965808,0.0,540.3720093260058,2148.21,580416.2770771094,False,1161081.524786532,1189537.1152896164
2025-03-08,1548267.4222082503,0.00015872249287436716,0.0,158.72249287443722,0.0,540.3720093260058,2148.21,580416.2770771094,False,1161200.5666561876,1156785.1678043671
2025-03-09,1548316.6971152578,4.9274907007580624e-05,-75.65208130557201,124.92698831321337,0.0,540.3720093260058,2148.21,580416.2770771094,False,1161237.5228364435,1190347.6733036053
2025-03-10,1548525.021435288,0.00020832432003016583,189.13020326405288,19.194116766164694,0.0,540.3720093260058,2148.21,580416.2770771094,False,1161393.766076466,1091194.8133123766
2025-03-11,1548050.7840793042,-0.00047423735598381607,-270.18600466312574,57.23803033364847,261.28938165423045,622.7007959472027,1864.52,580519.0440297391,True,1161234.0550957187,1007534.4188285243
2025-03-12,1548186.4149855236,0.00013563090621936135,143.22118306800954,-7.590276848826499,0.0,622.7007959472027,1864.52,580519.0440297391,False,1161139.8112391427,1197204.5502880919
2025-03-13,1548364.6646520896,0.0001782496665660292,93.40511939199544,84.84454717404515,0.0,622.7007959472027,1864.52,580519.0440297391,False,1161273.4984890672,1187633.6390543834
2025-03-14,1548468.9619136965,0.00010429726160690188,-80.95110347320431,185.24836508024615,0.0,622.7007959472027,1864.52,580519.0440297391,False,1161351.7214352724,1160558.608446599
2025-03-15,1548595.867045799,0.0001269051321025472,12.454015919074312,114.45111618358682,0.0,622.7007959472027,1864.52,580519.0440297391,False,1161446.9002843492,1189844.2268799958
2025-03-16,1548532.3713982555,-6.349564754357562e-05,37.36204775679818,-100.85769530039512,0.0,622.7007959472027,1864.52,580519.0440297391,False,1161399.2785486917,1205710.6431607306
2025-03-17,1548747.4729335671,0.00021510153531166724,80.95110347306272,134.1504318386215,0.0,622.7007959472027,1864.52,580519.0440297391,False,1161560.6047001753,1174388.7931245863
2025-03-18,1548809.4546583572,6.198172479006462e-05,-68.49708755412999,130.47881234409232,0.0,622.7007959472027,1864.52,580519.0440297391,False,1161607.0909937678,1198923.204484906
2025-03-19,1549050.9908715945,0.0002415362132373266,-18.681023878540675,260.2172371157381,0.0,622.7007959472027,1864.52,580519.0440297391,False,1161788.243153696,1202204.837679548
2025-03-20,1548787.5964829668,-0.0002633943886277266,-49.81606367544774,-12.900254268853823,200.67807068333258,565.1904406157128,2055.22,580795.3486811125,True,1161741.2059152375,1279787.1298466097
2025-03-21,1549086.8182712835,0.00029922178831673227,135.64570574751917,163.57608256925502,0.0,565.1904406157128,2055.22,580795.3486811125,False,1161815.1137034628,1120614.390417586
2025-03-22,1548991.789366597,-9.50289046864491e-05,-79.12666168612782,-15.902243000246589,0.0,565.1904406157128,2055.22,580795.3486811125,False,1161743.8420249477,1110491.8296261586
2025-03-23,1549186.1658676798,0.00019437650108267553,113.03808812316825,81.33841295960463,0.0,565.1904406157128,2055.22,580795.3486811125,False,1161889.6244007598,1118822.7367208342
2025-03-24,1549234.3549937299,4.818912605009973e-05,-79.12666168625633,127.31578773636653,0.0,565.1904406157128,2055.22,580795.3486811125,False,1161925.7662452974,1133206.833434504
2025-03-25,1549217.70700862,-1.664798510982655e-05,-107.38618371714477,90.73819860733519,0.0,565.1904406157128,2055.22,580795.3486811125,False,1161913.280256465,1175822.192656929
2025-03-26,1549318.0191235286,0.00010031211490859277,79.12666168638484,21.185453222096132,0.0,565.1904406157128,2055.22,580795.3486811125,False,1161988.5143426466,1167242.6017683821
2025-03-27,1549427.2319136756,0.00010921279014693573,-62.17094846780037,171.38373861477038,0.0,565.1904406157128,2055.22,580795.3486811125,False,1162070.4239352567,1135292.386160376
2025-03-28,1549478.6593198327,5.14274061571341e-05,22.60761762473646,28.819788532282708,0.0,565.1904406157128,2055.22,580795.3486811125,False,1162108.9944898745,1131963.4144651494
2025-03-29,1549567.8500885628,8.919076873012818e-05,0.0,89.19076873016836,0.0,565.1904406157128,2055.22,580795.3486811125,False,1162175.887566422,1071618.03112061
2025-03-30,1549277.6801671023,-0.00029016992146056145,-50.867139655496395,-19.41622910798017,219.88655269719777,635.8845845123852,1827.31,580979.1300626633,True,1162123.1750398497,1032778.1440414981
2025-03-31,1549308.540781297,3.086061419476755e-05,-19.076537535354205,49.9371517300948,0.0,635.8845845123852,1827.31,580979.1300626633,False,1161981.4055859728,1149037.085368035
2025-04-01,1549423.5523341356,0.00011501155283860862,57.229612606207205,64.15940020672312,6.377459974233247,637.9413941944135,1821.59,581033.8321253009,True,1162072.4473455823,1158321.0003019157
2025-04-02,1549474.778578532,5.122624439629726e-05,-44.655897593713384,95.88214199011988,0.0,637.9413941944135,1821.59,581033.8321253009,False,1162106.083933899,1214774.3822389443
2025-04-03,1549744.0826607202,0.0002693040821882896,210.5206600842551,58.78342210415083,0.0,637.9413941944135,1821.59,581033.8321253009,False,1162308.0619955403,1144537.0347381392
2025-04-04,1549618.003969651,-0.00012607869106926955,-223.27948796813178,97.20079689895937,0.0,637.9413941944135,1821.59,581033.8321253009,False,1162213.5029772383,1158807.7837262682
2025-04-05,1549805.0840337009,0.00018708006404992192,102.07062307115838,85.0094409786855,0.0,637.9413941944135,1821.59,581033.8321253009,False,1162353.8130252757,1158482.433615229
2025-04-06,1549848.4416872568,4.3357653555925936e-05,-19.13824182596005,62.49589538171495,0.0,637.9413941944135,1821.59,581033.8321253009,False,1162386.3312654425,1151573.5283161036
2025-04-07,1549445.987035961,-0.00040245465129590594,-57.414725477444996,-82.65064080794173,262.3892850104465,735.5058230338173,1579.98,581042.2451384853,True,1162281.2822407286,1007934.6439992895
2025-04-08,1549298.111109526,-0.00014787592643499375,-139.7461063764654,-8.129820058563611,0.0,735.5058230338173,1579.98,581042.2451384853,False,1161973.5833321444,1141828.6599106193
2025-04-09,1549287.305933226,-1.0805176299996675e-05,95.61575699447651,-106.42093329447968,0.0,735.5058230338173,1579.98,581042.2451384853,False,1161965.4794499194,1083164.715465442
2025-04-10,1549505.258570881,0.00021795263765519486,58.84046584265187,159.11217181246627,0.0,735.5058230338173,1579.98,581042.2451384853,False,1162128.9439281607,1227338.5668965308
2025-04-11,1549328.6635627535,-0.00017659500812762416,-95.61575699430928,-80.97925113329845,0.0,735.5058230338173,1579.98,581042.2451384853,False,1161996.4976720652,1119116.2400953348
2025-04-12,1549525.6022502836,0.00019693868753011337,147.10116460662965,49.83752292343747,0.0,735.5058230338173,1579.98,581042.2451384853,False,1162144.2016877127,1151780.0536962668
2025-04-13,1549532.0552900569,6.453039773274213e-06,-213.296688679613,219.74972845282306,0.0,735.5058230338173,1579.98,581042.2451384853,False,1162149.0414675428,1208877.370738382
2025-04-14,1549928.0298550883,0.0003959745650314726,176.5213975279556,219.45316750353626,0.0,735.5058230338173,1579.98,581042.2451384853,False,1162446.0223913162,1174551.3139773938
2025-04-15,1549932.7338203846,4.703965296270326e-06,-51.48540761232038,56.18937290857929,0.0,735.5058230338173,1579.98,581042.2451384853,False,1162449.5503652885,1193740.660900346
2025-04-16,1549926.3066763005,-6.427144084125757e-06,7.355058230331483,-13.782202314336883,0.0,735.5058230338173,1579.98,581042.2451384853,False,1162444.7300072254,1167983.2469777018
2025-04-17,1549877.842425346,-4.8464250954566524e-05,-139.74610637629817,91.28185542189587,0.0,735.5058230338173,1579.98,581042.2451384853,False,1162408.3818190093,1159576.4154204251
2025-04-18,1550010.5283318923,0.00013268590654642322,154.4562228371284,-21.770316290606846,0.0,735.5058230338173,1579.98,581042.2451384853,False,1162507.8962489192,1164188.0369308472
2025-04-19,1550096.3633896005,8.583505770820193e-05,-73.5505823036493,159.38564001187672,0.0,735.5058230338173,1579.98,581042.2451384853,False,1162572.2725422005,1167917.0514536288
2025-04-20,1550281.05501345,0.00018469162384956143,88.26069876414503,96.43092508536995,0.0,735.5058230338173,1579.98,581042.2451384853,False,1162710.7912600876,1185966.3643508786
2025-04-21,1550475.1439455696,0.00019408893211954274,-14.710116460662967,208.79904858033112,0.0,735.5058230338173,1579.98,581042.2451384853,False,1162856.3579591773,1166931.4736507633
2025-04-22,1550638.0324338288,0.00016288848825916647,110.32587345497225,52.562614804216665,0.0,735.5058230338173,1579.98,581042.2451384853,False,1162978.5243253717,1161091.557415875
2025-04-23,1550561.113603128,-7.691883070091716e-05,-198.58657221895004,339.5313773012093,217.86363578329338,662.4140370717062,1755.58,581460.4176011729,True,1163084.2329291834,1291239.312801709
2025-04-24,1550746.782548041,0.00018566894491319546,-26.496561482994764,212.165506396275,0.0,662.4140370717062,1755.58,581460.4176011729,False,1163060.0869110308,1188668.8688233232
2025-04-25,1551042.3235317643,0.0002955409837232437,145.73108815594404,149.8098955674556,0.0,662.4140370717062,1755.58,581460.4176011729,False,1163281.7426488232,1171671.324632063
2025-04-26,1551018.672713173,-2.365081859123893e-05,-6.624140370861652,-17.026678220472853,0.0,662.4140370717062,1755.58,581460.4176011729,False,1163264.0045348797,1181587.6627670266
2025-04-27,1550985.444498474,-3.322821469907649e-05,26.496561482844147,-59.72477618177486,0.0,662.4140370717062,1755.58,581460.4176011729,False,1163239.0833738556,1205586.9233301345
2025-04-28,1550954.152089569,-3.1292408904992045e-05,125.85866704366032,-157.1510759488115,0.0,662.4140370717062,1755.58,581460.4176011729,False,1163215.6140671768,1185866.8574465099
2025-04-29,1550840.2499081248,-0.00011390218144422397,-264.9656148285921,151.06343338434266,0.0,662.4140370717062,1755.58,581460.4176011729,False,1163130.1874310935,1191821.9596397844
2025-04-30,1551068.6383345856,0.00022838842646079137,377.5760011308303,-149.18757466990888,0.0,662.4140370717062,1755.58,581460.4176011729,False,1163301.4787509392,1190073.186581915
2025-05-01,1550935.2652526046,-0.00013337308198097162,-218.59663223376546,126.50610807252613,41.2825578197,648.850873225147,1792.71,581600.7244697267,True,1163232.4108578183,1187516.2683988183
2025-05-02,1550858.5959454312,-7.666930717346259e-05,6.488508732245569,-83.15781590567907,0.0,648.850873225147,1792.71,581600.7244697267,False,1163143.9469590734,1192055.8472717756
2025-05-03,1550999.7674730115,0.00014117152758035808,38.931052393620945,102.2404751867502,0.0,648.850873225147,1792.71,581600.7244697267,False,1163249.8256047587,1194677.204799605
2025-05-04,1551080.4007799737,8.06333069622051e-05,-6.488508732245569,87.12181569448501,0.0,648.850873225147,1792.71,581600.7244697267,False,1163310.3005849803,1189051.667728743
2025-05-05,1551132.9443701287,5.254359015496448e-05,12.977017464491137,39.56657269042864,0.0,648.850873225147,1792.71,581600.7244697267,False,1163349.7082775966,1173038.0281775463
2025-05-06,1551001.1098103775,-0.00013183455975120887,-149.23570084179562,17.40114109056971,0.0,648.850873225147,1792.71,581600.7244697267,False,1163250.832357783,1180538.7442720293
2025-05-07,1551139.2679254615,0.00013815811508405021,6.488508732245569,131.66960635170437,0.0,648.850873225147,1792.71,581600.7244697267,False,1163354.450944096,1178462.4214777087
2025-05-08,1551548.962985455,0.00040969505999353717,136.25868337715693,273.4363766162725,0.0,648.850873225147,1792.71,581600.7244697267,False,1163661.7222390913,1174504.4311510355
2025-05-09,1551445.3816787351,-0.00010358130671991967,-77.86210478709435,429.5126751892452,455.23187712200416,527.3366037439107,2206.53,581792.0181295257,True,1163925.460166893,1431708.9172974837
2025-05-10,1551733.0258878847,0.0002876442091495264,-68.55375848652614,356.19796763614954,0.0,527.3366037439107,2206.53,581792.0181295257,False,1163799.7694159136,1236240.4735228873
2025-05-11,1551978.3495055037,0.00024532361761899667,311.1285962087442,269.5966299906399,335.401608580428,450.82449441462785,2581.9,581991.8810645639,True,1164235.313335563,1361530.377206403
2025-05-12,1552137.5803175005,0.0001592308119968511,-99.18138877112793,258.41220076796264,0.0,450.82449441462785,2581.9,581991.8810645639,False,1164103.1852381253,1133138.3502212788
2025-05-13,1552531.73301395,0.0003941526964495424,99.18138877133293,294.97130767809375,0.0,450.82449441462785,2581.9,581991.8810645639,False,1164398.7997604625,1124428.4209891881
2025-05-14,1552690.2106806203,0.00015847766667022369,-85.6566539388039,244.13432060894738,0.0,450.82449441462785,2581.9,581991.8810645639,False,1164517.658010465,1207569.4742491338
2025-05-15,1552933.834693328,0.0002436240127077326,-58.60718427395082,302.2311969816732,0.0,450.82449441462785,2581.9,581991.8810645639,False,1164700.3760199961,1176088.3998041605
2025-05-16,1553182.481908775,0.00024864721544692295,-27.04946966505808,275.6966851119717,0.0,450.82449441462785,2581.9,581991.8810645639,False,1164886.8614315812,1148592.6138898123
2025-05-17,1553433.1610398544,0.00025067913107946517,216.39575731923458,34.283373760176154,0.0,450.82449441462785,2581.9,581991.8810645639,False,1165074.8707798908,1143160.178732116
2025-05-18,1553359.870080051,-7.329095980338752e-05,-189.3462876541765,116.05532785084313,0.0,450.82449441462785,2581.9,581991.8810645639,False,1165019.9025600383,1115380.3733862867
2025-05-19,1553391.134412776,3.126433272496797e-05,-90.16489888284356,121.42923160786299,0.0,450.82449441462785,2581.9,581991.8810645639,False,1165043.350809582,1125699.7460634375
2025-05-20,1553785.2215570894,0.00039408714431338014,211.88751237478488,182.1996319388264,0.0,450.82449441462785,2581.9,581991.8810645639,False,1165338.916167817,1139174.8902014906
2025-05-21,1553868.3310338806,8.31094767912291e-05,-72.13191910627485,155.24139589737814,0.0,450.82449441462785,2581.9,581991.8810645639,False,1165401.2482754104,1137466.2653676593
2025-05-22,1553944.5882074654,7.625717358477413e-05,-166.8050629335681,243.0622365183557,0.0,450.82449441462785,2581.9,581991.8810645639,False,1165458.441155599,1149719.675125849
2025-05-23,1554342.8489970379,0.0003982607895724941,166.8050629335681,231.4557266388034,0.0,450.82449441462785,2581.9,581991.8810645639,False,1165757.1367477784,1200870.2222621324
2025-05-24,1554526.6831025581,0.00018383410552027634,-2.0501124454978155e-10,183.83410552047616,0.0,450.82449441462785,2581.9,581991.8810645639,False,1165895.0123269185,1138503.161704813
2025-05-25,1554748.6239879043,0.00022194088534615002,13.52473483252904,208.41615051364232,0.0,450.82449441462785,2581.9,581991.8810645639,False,1166061.4679909283,1140256.8689880858
2025-05-26,1554922.2592415982,0.00017363525369390846,22.541224720608387,151.0940289732311,0.0,450.82449441462785,2581.9,581991.8810645639,False,1166191.6944311988,1149615.9854921335
2025-05-27,1555240.3822067725,0.0003181229651742615,40.57420449738211,277.54876067695767,0.0,450.82449441462785,2581.9,581991.8810645639,False,1166430.2866550793,1155201.7009779308
2025-05-28,1555464.8698129419,0.00022448760616942308,-135.24734832426535,359.7349544936579,0.0,450.82449441462785,2581.9,581991.8810645639,False,1166598.6523597063,1199116.5149788596
2025-05-29,1555910.7875714286,0.00044591775848669933,103.68963371537261,342.22812477131214,0.0,450.82449441462785,2581.9,581991.8810645639,False,1166933.0906785715,1208389.9748289685
2025-05-30,1556131.5104901153,0.0002207229186866898,-54.098939329911154,274.82185801660256,0.0,450.82449441462785,2581.9,581991.8810645639,False,1167098.6328675863,1185803.6676587956
2025-05-31,1556581.771773276,0.00045026128316065294,288.5276764255094,161.7336067353196,0.0,450.82449441462785,2581.9,581991.8810645639,False,1167436.328829957,1140414.6575611308
2025-06-01,1556365.0075313903,-0.0002167642418856267,-338.1183708109709,169.0220324179113,47.667903492435364,461.9061350050425,2527.08,583636.8778242713,True,1167309.506576162,1139269.5633453177
2025-06-02,1556699.7475137115,0.00033473998232115993,152.42902455163042,182.31095776973515,0.0,461.9061350050425,2527.08,583636.8778242713,False,1167524.8106352836,1172266.9609679473
2025-06-03,1556701.5294470235,1.7819333120714872e-06,-175.5243313017565,177.30626461379998,0.0,461.9061350050425,2527.08,583636.8778242713,False,1167526.1470852676,1203953.721829293
2025-06-04,1557060.0143623613,0.0003584849153377581,120.09559510120182,238.38932023671094,0.0,461.9061350050425,2527.08,583636.8778242713,False,1167795.010771771,1197334.606914671
2025-06-05,1557207.8154618612,0.00014780109949992038,-60.04779755070594,207.84889705068204,0.0,461.9061350050425,2527.08,583636.8778242713,False,1167905.861596396,1204013.7696268437
2025-06-06,1557282.1173224512,7.43018605899997e-05,27.71436810027734,46.587492489823276,0.0,461.9061350050425,2527.08,583636.8778242713,False,1167961.5879918383,1114533.313153667
2025-06-07,1557336.4155204757,5.429819802450948e-05,-184.762454002059,239.06065202665295,0.0,461.9061350050425,2527.08,583636.8778242713,False,1168002.3116403567,1143393.208468782
2025-06-08,1557854.2558092356,0.0005178402887599077,235.57212885267248,282.2681599074266,0.0,461.9061350050425,2527.08,583636.8778242713,False,1168390.6918569268,1165578.5601330742
2025-06-09,1558141.1173472188,0.0002868615379831754,138.57184050159677,148.28969748152082,0.0,461.9061350050425,2527.08,583636.8778242713,False,1168605.838010414,1158603.777494498
2025-06-10,1558267.5590707087,0.00012644172348990105,-244.81025155276492,371.25197504281783,0.0,461.9061350050425,2527.08,583636.8778242713,False,1168700.6693030316,1237506.5834760596
2025-06-11,1558281.3737065548,1.3814635846065357e-05,-152.42902455163042,390.18227417372947,223.93861377604495,415.0635464495714,2815.74,584355.515139958,True,1168878.984240248,1300607.580579098
2025-06-12,1558767.8265607178,0.0004864528541630134,240.7368569407212,245.71599722227495,0.0,415.0635464495714,2815.74,584355.515139958,False,1169075.8699205383,1149871.29590657
2025-06-13,1558776.3535679409,8.52700722310692e-06,12.451906393381442,-3.9248991701490685,0.0,415.0635464495714,2815.74,584355.515139958,False,1169082.2651759556,1096340.550320969
2025-06-14,1558772.1185475672,-4.2350203737150875e-06,-78.86207382525247,74.62705345154836,0.0,415.0635464495714,2815.74,584355.515139958,False,1169079.0889106754,1070075.32910164
2025-06-15,1558760.227678628,-1.1890868939226492e-05,8.301270928983877,182.53722381098564,202.72936367918322,462.1451779128306,2529.66,584535.0853794855,True,1169222.2177817305,1049969.6509116227
2025-06-16,1559055.0643222241,0.0002948366435961798,87.80758380325287,207.0290597927882,0.0,462.1451779128306,2529.66,584535.0853794855,False,1169291.2982416681,1176769.5094229989
2025-06-17,1559116.352387674,6.128806544980034e-05,-110.91484269897848,172.2029081488462,0.0,462.1451779128306,2529.66,584535.0853794855,False,1169337.2642907554,1175286.0234018988
2025-06-18,1559243.4857555574,0.00012713336788350716,-46.21451779124103,173.3478856747612,0.0,462.1451779128306,2529.66,584535.0853794855,False,1169432.6143166681,1159517.6299315128
2025-06-19,1559668.8989715513,0.00042541321599390356,249.5583960729117,175.85481992106,0.0,462.1451779128306,2529.66,584535.0853794855,False,1169751.6742286636,1166223.3564630281
2025-06-20,1559648.7601111552,-2.013886039610952e-05,-249.5583960729117,229.41953567679352,0.0,462.1451779128306,2529.66,584535.0853794855,False,1169736.5700833665,1164684.4130205784
2025-06-21,1559679.8783149999,3.1118203844642266e-05,46.21451779124103,-15.096313946667156,0.0,462.1451779128306,2529.66,584535.0853794855,False,1169759.90873625,1111657.87530686
2025-06-22,1559711.9740628363,3.2095747836399824e-05,9.242903558248205,22.852844278039093,0.0,462.1451779128306,2529.66,584535.0853794855,False,1169783.9805471273,1060456.8110458977
2025-06-23,1559616.7622870968,-9.521177573944442e-05,134.02210159470405,10.4740765207364,239.70795385467062,525.3994563767827,2226.33,584856.2858576613,True,1169892.3526807136,1028887.6739426721
2025-06-24,1559606.7631452412,-9.999141855631024e-06,-57.793940201512996,47.79479834581354,0.0,525.3994563767827,2226.33,584856.2858576613,False,1169705.072358931,1266422.8496505972
2025-06-25,1559411.470746731,-0.00019529239851026796,-199.65179342299587,4.359394912877146,0.0,525.3994563767827,2226.33,584856.2858576613,False,1169558.603060048,1285957.2014386859
2025-06-26,1559738.954968374,0.00032748422164306974,178.63581516794366,148.84840647510703,0.0,525.3994563767827,2226.33,584856.2858576613,False,1169804.2162262804,1270037.5979104694
2025-06-27,1559899.350113851,0.00016039514547702856,78.8099184565652,81.58522702060579,0.0,525.3994563767827,2226.33,584856.2858576613,False,1169924.5125853883,1268624.273372816
2025-06-28,1559924.2604965735,2.4910382722504435e-05,-141.85785322172177,166.76823594421867,0.0,525.3994563767827,2226.33,584856.2858576613,False,1169943.1953724301,1272554.2613065143
2025-06-29,1559968.9710761162,4.4710579542675985e-05,-147.11184778560428,191.82242732810928,0.0,525.3994563767827,2226.33,584856.2858576613,False,1169976.7283070872,1279242.5963861907
2025-06-30,1559928.3300173343,-4.064105878188275e-05,10.507989127765022,191.9102360257549,243.05928393532727,468.118934685606,2499.25,584973.1237565004,True,1170128.5419759522,1313104.5913496742
2025-07-01,1560167.1515101718,0.00023882149283750915,154.47924844600306,96.55956159955763,12.217317207842273,471.008076171408,2484.3,585062.6818163145,True,1170134.5266205347,1162947.869439451
2025-07-02,1560388.378871069,0.00022122736089723186,84.7814537112047,136.44590718605247,0.0,471.008076171408,2484.3,585062.6818163145,False,1170291.2841533017,1132143.2723701664
2025-07-03,1560535.4511553822,0.00014707228431315163,-146.01250361332495,293.0847879264735,0.0,471.008076171408,2484.3,585062.6818163145,False,1170401.5883665367,1210194.0206725304
2025-07-04,1560684.3796197856,0.000148928464403376,18.840323047053374,130.08814135639642,0.0,471.008076171408,2484.3,585062.6818163145,False,1170513.2847148392,1219995.6987376574
2025-07-05,1560855.5435977362,0.00017116397795057856,42.39072685528107,128.77325109534283,0.0,471.008076171408,2484.3,585062.6818163145,False,1170641.657698302,1180756.0159118176
2025-07-06,1561076.38409582,0.00022084049808373675,0.0,220.84049808383682,0.0,471.008076171408,2484.3,585062.6818163145,False,1170807.288071865,1184703.063590134
2025-07-07,1561300.8058765396,0.00022442178071965463,18.840323046839185,205.58145767278222,0.0,471.008076171408,2484.3,585062.6818163145,False,1170975.6044074045,1210085.6888150112
2025-07-08,1561375.2326186178,7.442674207827076e-05,-127.17218056627159,201.5989226445796,0.0,471.008076171408,2484.3,585062.6818163145,False,1171031.4244639634,1197001.0844589695
2025-07-09,1561756.2774445037,0.00038104482588591053,160.14274589834727,220.9020799876551,0.0,471.008076171408,2484.3,585062.6818163145,False,1171317.2080833777,1231200.9808697752
2025-07-10,1561631.6967023695,-0.00012458074213424696,-108.33185751964659,208.51151455709814,224.76039917157001,423.1773690430565,2767.69,585611.8862633886,True,1171392.342826156,1303604.3423388442
2025-07-11,1561849.7104888854,0.00021801378651591948,-156.57562654588472,374.5894130616399,0.0,423.1773690430565,2767.69,585611.8862633886,False,1171387.282866664,1248631.376872133
2025-07-12,1562372.4460243774,0.0005227355354919564,249.67464773546493,273.0608877564783,0.0,423.1773690430565,2767.69,585611.8862633886,False,1171779.3345182831,1251310.0896181755
2025-07-13,1562627.9302814126,0.0002554842570351902,59.244831665974026,196.23942536935823,0.0,423.1773690430565,2767.69,585611.8862633886,False,1171970.9477110594,1244937.038440387
2025-07-14,1562997.66808976,0.00036973780834744684,105.79434226095657,263.9434660864953,0.0,423.1773690430565,2767.69,585611.8862633886,False,1172248.25106732,1256993.3616844236
2025-07-15,1563199.6184985423,0.00020195040878234432,-131.18498440351686,333.1353931857884,0.0,423.1773690430565,2767.69,585611.8862633886,False,1172399.7138739068,1274720.2616736374
2025-07-16,1562880.9510921463,-0.00031866740639600904,-452.7997848759473,398.33093299706246,264.1985545171915,373.58275167773974,3137.62,586080.3566595549,True,1172358.8622349976,1327769.776656875
2025-07-17,1563456.7026328875,0.0005757515407411847,197.9988583891069,377.7526823519667,0.0,373.58275167773974,3137.62,586080.3566595549,False,1172592.5269746657,1259175.607839889
2025-07-18,1563411.5635831328,-4.5139049754710866e-05,-220.4138234897509,389.64606283437917,214.37128909938608,337.26584500277556,3476.66,586279.3363436748,True,1172719.451154174,1298820.2094479306
2025-07-19,1563885.053801059,0.0004734902179262135,114.6703873008394,358.81983062521294,0.0,337.26584500277556,3476.66,586279.3363436748,False,1172913.7903507943,1196066.1020840432
2025-07-20,1564288.894574802,0.00040384077374287883,40.47190140029626,363.3688723426104,0.0,337.26584500277556,3476.66,586279.3363436748,False,1173216.6709311013,1211229.574475368
2025-07-21,1564780.1910802808,0.0004912965054789093,111.29772885104477,379.9987766280073,0.0,337.26584500277556,3476.66,586279.3363436748,False,1173585.1433102107,1266662.5887600242
2025-07-22,1565282.1387784109,0.0005019476981300395,121.41570420104215,380.53199392895664,0.0,337.26584500277556,3476.66,586279.3363436748,False,1173961.6040838081,1268439.9797631886
2025-07-23,1565263.1864615167,-1.8952316894195974e-05,-397.9736971033733,379.0213802091892,0.0,337.26584500277556,3476.66,586279.3363436748,False,1173947.3898461375,1263404.6006972974
2025-07-24,1565832.5755243427,0.000569389062826056,202.35950700163465,367.02955582427046,0.0,337.26584500277556,3476.66,586279.3363436748,False,1174374.431643257,1223431.8527475684
2025-07-25,1566187.3339996624,0.0003547584753197152,-20.23595070014813,374.99442601985606,0.0,337.26584500277556,3476.66,586279.3363436748,False,1174640.5004997468,1249981.4200661867
2025-07-26,1566584.3815647555,0.00039704756509303116,20.23595070014813,376.811614392731,0.0,337.26584500277556,3476.66,586279.3363436748,False,1174938.2861735667,1256038.7146424367
2025-07-27,1567048.0267903067,0.0004636452255512122,107.9250704009434,355.7201551501304,0.0,337.26584500277556,3476.66,586279.3363436748,False,1175286.02009273,1261374.2603103807
2025-07-28,1567056.413286235,8.386495928280056e-06,-161.8876056013384,391.7153920834037,221.4412905538816,303.5770067169858,3871.48,587646.1549823381,True,1175458.3909325916,1305717.9736113455
2025-07-29,1568061.1893637278,0.001004776077492861,722.5132759864593,282.26280150636103,0.0,303.5770067169858,3871.48,587646.1549823381,False,1176045.892022796,1152375.2817276109
2025-07-30,1567932.305174953,-0.00012888418877474031,-233.7542951722116,104.87010639739863,0.0,303.5770067169858,3871.48,587646.1549823381,False,1175949.2288812147,1151027.3998177876
2025-07-31,1567817.71342775,-0.00011459174720314331,-276.2550761124129,161.6633289093184,0.0,303.5770067169858,3871.48,587646.1549823381,False,1175863.2850708123,1156224.6381727823
2025-08-01,1567899.952689761,8.2239262011135e-05,148.7527332912568,24.946364966651338,91.45983624698614,318.1124568227629,3696.57,587962.4822586604,True,1175993.559394506,1122193.6557198083
2025-08-02,1568053.4851274865,0.0001535324377254583,-6.362249136304811,159.89468686176915,0.0,318.1124568227629,3696.57,587962.4822586604,False,1176040.113845615,1109070.4505914487
2025-08-03,1568139.8005203733,8.631539288675413e-05,-89.07148791043727,175.38688079710056,0.0,318.1124568227629,3696.57,587962.4822586604,False,1176104.85039028,1079171.0607746774
2025-08-04,1568281.418935482,0.00014161841510864907,69.98474050094418,71.63367460770763,0.0,318.1124568227629,3696.57,587962.4822586604,False,1176211.0642016116,1111806.2177201246
2025-08-05,1568285.3381653454,3.9192298634443434e-06,-50.89799309159577,54.8172229549333,0.0,318.1124568227629,3696.57,587962.4822586604,False,1176214.003624009,1183190.6530311524
2025-08-06,1568555.3017353285,0.0002699635699831415,76.34698963753833,193.61658034568424,0.0,318.1124568227629,3696.57,587962.4822586604,False,1176416.4763014964,1148446.4104969704
2025-08-07,1568884.5766931118,0.00032927495778328737,89.0714879102926,240.20346987286888,0.0,318.1124568227629,3696.57,587962.4822586604,False,1176663.4325198338,1171038.7571805231
2025-08-08,1569122.5813839345,0.00023800469082267954,-63.62249136449472,301.6271821873006,0.0,318.1124568227629,3696.57,587962.4822586604,False,1176841.936037951,1243310.7262460866
2025-08-09,1569050.2782398483,-7.230314408615231e-05,-454.9008132564989,382.5976691702188,0.0,318.1124568227629,3696.57,587962.4822586604,False,1176787.7086798863,1275325.5639007294
2025-08-10,1569487.8136661325,0.0004375354262841865,334.01807966395893,405.3246879988975,301.8073413786995,276.37601758339173,4259.11,588557.9301247997,True,1177342.2157556333,1354875.9459783977
2025-08-11,1569899.4205542153,0.00041160688808280973,80.14904509892219,331.45784298393755,0.0,276.37601758339173,4259.11,588557.9301247997,False,1177424.5654156615,1174258.1322277873
2025-08-12,1570203.0803384345,0.0003036597842192277,27.63760175843972,276.02218246085073,0.0,276.37601758339173,4259.11,588557.9301247997,False,1177652.310253826,1166668.8467849474
2025-08-13,1570390.129692503,0.00018704935406846926,-193.46321230832393,380.5125663766907,0.0,276.37601758339173,4259.11,588557.9301247997,False,1177792.5972693772,1268375.2212556356
2025-08-14,1570483.6637343527,9.353404184966348e-05,-71.85776457149082,393.69984805568214,228.30804163448195,248.05674965688462,4748.36,588931.3739003823,True,1178033.9788319904,1312332.826852274
2025-08-15,1570935.7795993306,0.00045211586497793905,156.27575228363878,295.840112694267,0.0,248.05674965688462,4748.36,588931.3739003823,False,1178201.834699498,1127482.4219454515
2025-08-16,1571305.6291464677,0.00036984954713704065,183.56199474626607,186.28755239075272,0.0,248.05674965688462,4748.36,588931.3739003823,False,1178479.2218598507,1100665.0067400455
2025-08-17,1571274.0335473,-3.1595599167747425e-05,-133.95064481493426,102.35504564714589,0.0,248.05674965688462,4748.36,588931.3739003823,False,1178455.525160475,1096465.4059683545
2025-08-18,1571457.5160054276,0.00018348245812766254,-24.8056749655531,208.28813309324119,0.0,248.05674965688462,4748.36,588931.3739003823,False,1178593.1370040707,1108977.3884210477
2025-08-19,1571676.6781126573,0.00021916210722969844,-101.7032673595122,320.8653745891748,0.0,248.05674965688462,4748.36,588931.3739003823,False,1178757.5085844928,1069551.2486305826
2025-08-20,1571680.572342537,3.8942298798356204e-06,94.26156486975603,195.9285039210608,286.2958389109037,289.34233756026805,4073.93,589380.2146284514,True,1178975.1511360859,1010565.8341296719
2025-08-21,1571868.5162420485,0.00018794389951135964,2.89342337553426,185.05047613596756,0.0,289.34233756026805,4073.93,589380.2146284514,False,1178901.3871815363,1254154.3621549818
2025-08-22,1572086.8577155082,0.00021834147345973178,-14.467116877802878,232.80859033755135,0.0,289.34233756026805,4073.93,589380.2146284514,False,1179065.1432866312,1222092.3377299285
2025-08-23,1572164.095461456,7.723774594790302e-05,28.934233755868913,419.28829609728484,370.98478390511207,244.1066652580951,4830.36,589561.535798046,True,1179401.310184021,1397627.6536576163
2025-08-24,1572377.2432988929,0.00021314783743675797,-136.69973254463093,349.84756998127045,0.0,244.1066652580951,4830.36,589561.535798046,False,1179282.9324741696,1166158.5666042347
2025-08-25,1572671.7956421003,0.00029455234320741145,163.5514657229415,131.00087748446276,0.0,244.1066652580951,4830.36,589561.535798046,False,1179503.8467315752,1166422.2018027136
2025-08-26,1572710.834943679,3.903930157865397e-05,24.410666525898314,14.628635052921545,0.0,244.1066652580951,4830.36,589561.535798046,False,1179533.1262077591,1067783.5805052225
2025-08-27,1572821.2094835632,0.00011037453988427296,51.26239970420885,59.112140179971185,0.0,244.1066652580951,4830.36,589561.535798046,False,1179615.9071126725,1122524.5001893502
2025-08-28,1572871.436640033,5.0227156469831245e-05,-68.34986627220447,118.5770227420456,0.0,244.1066652580951,4830.36,589561.535798046,False,1179653.5774800247,1099666.3520545822
2025-08-29,1573022.7758532895,0.00015133921325649136,61.02666631430176,90.31254694206845,0.0,244.1066652580951,4830.36,589561.535798046,False,1179767.0818899672,1100701.3643152767
2025-08-30,1572959.2943530728,-6.348150021675973e-05,-139.14079919682115,75.65929898024892,0.0,244.1066652580951,4830.36,589561.535798046,False,1179719.4707648046,1063975.5165271962
2025-08-31,1573032.7988440383,7.350449096551165e-05,41.49813309367191,32.00635787184667,0.0,244.1066652580951,4830.36,589561.535798046,False,1179774.5991330286,1067234.3405083918
2025-09-01,1572947.6336101983,-8.516523384000175e-05,134.2586658919967,-35.27462721870507,184.1492725132878,268.75252876303625,4389.58,589855.3626038244,True,1179848.8371620337,1071525.735683629
2025-09-02,1572849.7533614049,-9.788024879340083e-05,-201.5643965722772,103.68414777884254,0.0,268.75252876303625,4389.58,589855.3626038244,False,1179637.3150210537,1159129.6565549753
2025-09-03,1573016.601186476,0.00016684782507107594,110.18853679280575,56.65928827835499,0.0,268.75252876303625,4389.58,589855.3626038244,False,1179762.450889857,1162241.8108380514
2025-09-04,1573078.6544410463,6.205325457034633e-05,88.68833449178241,-26.635079921453297,0.0,268.75252876303625,4389.58,589855.3626038244,False,1179808.9908307847,1195470.373494313
2025-09-05,1572911.1342216048,-0.0001675202194415033,-96.75091035460505,-70.76930908699181,0.0,268.75252876303625,4389.58,589855.3626038244,False,1179683.3506662035,1154474.8627567997
2025-09-06,1572944.6083099062,3.3474088301416484e-05,-34.937828739224045,68.41191704067171,0.0,268.75252876303625,4389.58,589855.3626038244,False,1179708.4562324297,1157170.450620293
2025-09-07,1573078.516240541,0.000133907930634683,-75.25070805382614,209.15863868849323,0.0,268.75252876303625,4389.58,589855.3626038244,False,1179808.8871804057,1148024.8020664868
2025-09-08,1573476.1806896257,0.00039766444908478297,239.18975059919026,158.47469848563057,0.0,268.75252876303625,4389.58,589855.3626038244,False,1180107.1355172193,1156665.1958662183
2025-09-09,1573731.2108848472,0.0002550301952215377,8.062575862822648,246.96761935873454,0.0,268.75252876303625,4389.58,589855.3626038244,False,1180298.4081636355,1156702.8212202452
2025-09-10,1573826.9051896902,9.569430484296754e-05,-193.5018207092101,289.1961255522008,0.0,268.75252876303625,4389.58,589855.3626038244,False,1180370.1788922676,1157896.082447953
2025-09-11,1574013.0691065416,0.0001861639168513939,-45.68792988973572,231.85184674109016,0.0,268.75252876303625,4389.58,589855.3626038244,False,1180509.8018299062,1168490.307131792
2025-09-12,1574434.4431714718,0.000421374064930249,123.62616323100646,297.7479016993556,0.0,268.75252876303625,4389.58,589855.3626038244,False,1180825.832378604,1197795.0828681134
2025-09-13,1574645.287857046,0.00021084468557406216,-166.62656783305314,377.47125340728303,0.0,268.75252876303625,4389.58,589855.3626038244,False,1180983.9658927843,1266044.7875474864
2025-09-14,1574947.3726167968,0.00030208475975086914,123.62616323100646,178.45859651999388,0.0,268.75252876303625,4389.58,589855.3626038244,False,1181210.5294625976,1253660.6710220857
2025-09-15,1575346.9599611186,0.0003995873443218879,182.75171955869845,216.83562476326884,0.0,268.75252876303625,4389.58,589855.3626038244,False,1181510.219970839,1236799.1373674928
2025-09-16,1575406.6301676126,5.967020649393089e-05,-75.2507080535817,134.92091454752438,0.0,268.75252876303625,4389.58,589855.3626038244,False,1181554.9726257094,1215175.308903219
2025-09-17,1575470.6371084515,6.400694083888084e-05,-83.31328391640436,147.32022475526145,0.0,268.75252876303625,4389.58,589855.3626038244,False,1181602.9778313385,1209227.815441693
2025-09-18,1575702.7489441582,0.0002321118357067462,91.375859779227,140.7359759273372,0.0,268.75252876303625,4389.58,589855.3626038244,False,1181777.0617081188,1233119.915248727
2025-09-19,1575738.682797827,3.593385366885923e-05,29.56277816409042,6.371075504620543,0.0,268.75252876303625,4389.58,589855.3626038244,False,1181804.0120983704,1232316.3451877253
2025-09-20,1575667.578792081,-7.110400574607774e-05,-61.81308161538101,-9.29092413074213,0.0,268.75252876303625,4389.58,589855.3626038244,False,1181750.6840940607,1200377.794669526
2025-09-21,1575744.4636195165,7.688482743548229e-05,10.750101150267245,66.1347262852366,0.0,268.75252876303625,4389.58,589855.3626038244,False,1181808.3477146374,1203543.6994583549
2025-09-22,1575674.165958755,-7.029766076151281e-05,-45.68792988973572,-24.609730871912845,0.0,268.75252876303625,4389.58,589855.3626038244,False,1181755.6244690663,1194067.48529417
2025-09-23,1575774.895337602,0.00010072937884693965,64.50060690331446,36.22877194351794,0.0,268.75252876303625,4389.58,589855.3626038244,False,1181831.1715032014,1127919.4253897239
2025-09-24,1575694.247624579,-8.064771302300505e-05,-59.125556327936415,-21.522156695117552,0.0,268.75252876303625,4389.58,589855.3626038244,False,1181770.6857184342,1118615.2128439476
2025-09-25,1575700.0037041046,5.7560795256868006e-06,80.62575862895976,-74.86967910344882,0.0,268.75252876303625,4389.58,589855.3626038244,False,1181775.0027780784,1115460.0581562696
2025-09-26,1575354.9347524089,-0.0003450689516956918,-282.19015520123696,176.46469570885816,239.34349220328374,305.0569830534473,3873.1,590758.1005321534,True,1181695.708683459,1040905.4191521157
2025-09-27,1575762.1905300755,0.0004072557776665781,250.14672610373802,157.10905156294908,0.0,305.0569830534473,3873.1,590758.1005321534,False,1181821.6428975565,1229431.501392512
2025-09-28,1575801.7352865518,3.95447564763017e-05,-210.48931830689529,250.03407478314767,0.0,305.0569830534473,3873.1,590758.1005321534,False,1181851.3014649139,1225416.9514955285
2025-09-29,1576228.8003668897,0.00042706508033792486,378.2706589863468,48.794421351427175,0.0,305.0569830534473,3873.1,590758.1005321534,False,1182171.6002751673,1262795.5836290673
2025-09-30,1576065.1106096762,-0.00016368975721346214,-164.73077084885045,1.0410136354178177,0.0,305.0569830534473,3873.1,590758.1005321534,False,1182048.832957257,1285202.0190343428
2025-10-01,1576027.1205623115,-3.799004736472853e-05,97.61823457701436,3.1973502858580134,138.80563222789925,285.32263361818445,4142.75,591010.1702108668,True,1182124.4446459045,1263774.8165446687
2025-10-02,1576066.6842547995,3.956369248800911e-05,-62.77097939607324,102.3346718840602,0.0,285.32263361818445,4142.75,591010.1702108668,False,1182050.0131910997,1239969.367309587
2025-10-03,1576390.523916339,0.0003238396615395322,134.10163780087885,189.7380237387123,0.0,285.32263361818445,4142.75,591010.1702108668,False,1182292.8929372542,1278730.4470866171
2025-10-04,1576279.3932511122,-0.00011113066522683948,-253.93714392027758,142.80647869346234,0.0,285.32263361818445,4142.75,591010.1702108668,False,1182209.5449383343,1287124.6389676642
2025-10-05,1576779.3444618464,0.0004999512107342016,174.0468065069991,325.9044042270993,0.0,285.32263361818445,4142.75,591010.1702108668,False,1182584.5083463849,1279612.0940244975
2025-10-06,1577024.3438483041,0.00024499938645772637,-114.12905344742948,359.12843990500875,0.0,285.32263361818445,4142.75,591010.1702108668,False,1182768.2578862282,1287475.5858070147
2025-10-07,1577059.4563629262,3.5112514622043817e-05,-105.5693744384376,400.8001218319378,260.1182327714659,252.60326759927443,4682.42,591397.2961360973,True,1182989.6809467734,1336000.4061064592
2025-10-08,1577238.8670021936,0.00017941063926741482,83.35907830751245,96.0515609599275,0.0,252.60326759927443,4682.42,591397.2961360973,False,1182929.1502516451,1123016.0289948264
2025-10-09,1577376.1359846608,0.00013726898246724158,32.83842478816299,104.43055767926833,0.0,252.60326759927443,4682.42,591397.2961360973,False,1183032.1019884956,1142691.2975081338
2025-10-10,1577425.8736339046,4.9737649243790655e-05,50.52065351980894,-0.7830042758858914,0.0,252.60326759927443,4682.42,591397.2961360973,False,1183069.4052254285,1102822.9237829403
2025-10-11,1578905.594462926,0.0014797208290214185,1884.4203762904815,-31.52473623442887,373.1748110346116,309.99455388670015,3820.0,592089.5979235973,True,1184459.0769554705,964944.4822292284
2025-10-12,1576329.4461076313,-0.0025761483552947176,-2452.056921243612,-124.09143405105675,0.0,309.99455388670015,3820.0,592089.5979235973,False,1182247.0845807234,1160926.504360153
2025-10-13,1576579.437805673,0.0002499916980417911,148.79738586548075,101.1943121762205,0.0,309.99455388670015,3820.0,592089.5979235973,False,1182434.5783542548,1286477.3986298055
2025-10-14,1576118.34449966,-0.00046109330601315013,-350.293845892005,113.64612970750939,224.44558982875412,278.8142459076692,4239.7,591044.3791873725,True,1182257.0925671165,1314283.9101134425
2025-10-15,1576432.6194139048,0.00031427491424488837,220.26325426704852,94.01165997778907,0.0,278.8142459076692,4239.7,591044.3791873725,False,1182324.4645604286,1149567.8647320748
2025-10-16,1576403.4043627826,-2.9215051122242586e-05,-39.03399442703819,9.818943304767238,0.0,278.8142459076692,4239.7,591044.3791873725,False,1182302.553272087,1110740.1928469727
2025-10-17,1576719.8528522744,0.0003164484894918278,186.80554475815865,129.64294473358848,0.0,278.8142459076692,4239.7,591044.3791873725,False,1182539.8896392058,1085150.6213575667
2025-10-18,1576565.2301946487,-0.00015462265762570315,-250.93282131692763,96.3101636911206,0.0,278.8142459076692,4239.7,591044.3791873725,False,1182423.9226459865,1067858.561826373
2025-10-19,1576863.775055598,0.00029854486094927415,170.07669000358692,128.4681709457694,0.0,278.8142459076692,4239.7,591044.3791873725,False,1182647.8312916984,1083753.7619855693
2025-10-20,1576959.4152448275,9.564018922951072e-05,-58.55099164049388,154.19118087004125,0.0,278.8142459076692,4239.7,591044.3791873725,False,1182719.5614336208,1109847.987260068
2025-10-21,1577001.0984751738,4.168323034630157e-05,-83.64427377235148,125.32750411859442,0.0,278.8142459076692,4239.7,591044.3791873725,False,1182750.8238563803,1108994.8156675906
2025-10-22,1577093.3922171327,9.229374195891433e-05,69.7035614769173,22.590180481905094,0.0,278.8142459076692,4239.7,591044.3791873725,False,1182820.0441628494,1079320.6154756374
2025-10-23,1576895.656789839,-0.00019773542729369364,-94.79684360852131,104.86079654908875,207.79938023421073,310.90704443087407,3803.94,591335.8712961896,True,1182827.592127555,1060592.6625780193
2025-10-24,1577052.9224138649,0.00015726562402583658,-3.109070444235221,160.37469447016025,0.0,310.90704443087407,3803.94,591335.8712961896,False,1182789.6918103986,1198615.0558307942
2025-10-25,1577197.017572757,0.00014409515889221802,31.09070444305913,113.00445444904103,0.0,310.90704443087407,3803.94,591335.8712961896,False,1182897.7631795679,1222859.587155514
2025-10-26,1577434.1199700849,0.000237102397327777,-34.19977488743574,271.30217221517745,0.0,310.90704443087407,3803.94,591335.8712961896,False,1183075.5899775636,1228779.2572814776
2025-10-27,1577958.4927745531,0.0005243728044682648,164.78073354842547,359.5920709198782,0.0,310.90704443087407,3803.94,591335.8712961896,False,1183468.8695809147,1292241.6031907077
2025-10-28,1577966.6189694463,8.126194893149658e-06,-124.36281777251929,132.4890126656153,0.0,310.90704443087407,3803.94,591335.8712961896,False,1183474.9642270848,1280458.2262067776
2025-10-29,1577917.006086276,-4.961288317036815e-05,-21.763493110070698,-27.849390060518445,0.0,310.90704443087407,3803.94,591335.8712961896,False,1183437.754564707,1236651.4236464675
2025-10-30,1578078.9700956468,0.00016196400937088765,307.7979739864975,-145.833964615544,0.0,310.90704443087407,3803.94,591335.8712961896,False,1183559.2275717352,1212655.6179572926
2025-10-31,1578047.6822649448,-3.128783070202917e-05,-146.12631088259,114.83848018060064,0.0,310.90704443087407,3803.94,591335.8712961896,False,1183535.7616987086,1182317.3085617279
2025-11-01,1578133.9982955996,8.631603065482341e-05,-177.21701532550773,284.38004375910504,20.846997778607555,307.7148358010045,3846.42,591800.2493608498,True,1183616.1339700336,1195879.0738398028
2025-11-02,1578381.4107784517,0.0002474124828521162,18.46289014818341,228.94959270395705,0.0,307.7148358010045,3846.42,591800.2493608498,False,1183786.0580838388,1191514.9242985016
2025-11-03,1578569.7608288534,0.00018835005040164106,46.157225370038724,142.19282503176743,0.0,307.7148358010045,3846.42,591800.2493608498,False,1183927.32062164,1201561.8136874044
2025-11-04,1578780.0628725055,0.00021030204365216196,-30.771483580072463,241.07352723232015,0.0,307.7148358010045,3846.42,591800.2493608498,False,1184085.047154379,1108434.9957805884
2025-11-05,1578572.5485923027,-0.00020751428020279855,24.61718686405797,62.34401583653918,294.47548290333674,360.37397465184915,3285.28,591964.7057221135,True,1184150.2680564045,1010929.3957603241
2025-11-06,1578501.0087601407,-7.15398321619723e-05,-194.60194631198544,123.06211415013466,0.0,360.37397465184915,3285.28,591964.7057221135,False,1183875.7565701054,1233581.7376717587
2025-11-07,1578823.164238713,0.00032215547857224007,75.67853467690144,246.47694389551103,0.0,360.37397465184915,3285.28,591964.7057221135,False,1184117.3731790348,1194171.2398038325
2025-11-08,1579186.045524339,0.0003628812856259756,82.88601416993185,279.99527145595084,0.0,360.37397465184915,3285.28,591964.7057221135,False,1184389.5341432542,1237657.5673250712
2025-11-09,1579252.595783355,6.655025901598855e-05,-86.48975391636513,153.04001293240898,0.0,360.37397465184915,3285.28,591964.7057221135,False,1184439.4468375163,1225300.3437342593
2025-11-10,1579777.8147394685,0.0005252189561135601,259.46926174925926,265.7496943643208,0.0,360.37397465184915,3285.28,591964.7057221135,False,1184833.3610546014,1290610.9191604138
2025-11-11,1579574.2990876194,-0.0002035156518490985,-245.0543027633623,41.53865091443361,0.0,360.37397465184915,3285.28,591964.7057221135,False,1184680.7243157146,1285230.5357188617
2025-11-12,1579642.5932169843,6.829412936489097e-05,-14.414958985896977,82.70908835084559,0.0,360.37397465184915,3285.28,591964.7057221135,False,1184731.9449127382,1231156.4208223517
2025-11-13,1579890.6697009471,0.0002480764839628246,10.811219239463702,237.26526472339037,0.0,360.37397465184915,3285.28,591964.7057221135,False,1184918.0022757105,1230118.5437753545
2025-11-14,1580006.0817723265,0.00011541207137936726,-14.414958986060856,129.82703036535506,0.0,360.37397465184915,3285.28,591964.7057221135,False,1185004.5613292449,1164054.7867421776
2025-11-15,1580084.3835268246,7.830175449815579e-05,-79.28227442333471,157.58402892162187,0.0,360.37397465184915,3285.28,591964.7057221135,False,1185063.2876451185,1121195.509936833
2025-11-16,1580441.0235594776,0.00035664003265299833,39.641137211585416,316.99889544148306,0.0,360.37397465184915,3285.28,591964.7057221135,False,1185330.7676696084,1141145.8131735595
2025-11-17,1580709.2149081375,0.000268191348659806,-21.622438479091283,289.8137871388674,0.0,360.37397465184915,3285.28,591964.7057221135,False,1185531.911181103,1115011.4925318074
2025-11-18,1581028.8775034882,0.00031966259535076095,46.84861670477972,272.8139786458941,0.0,360.37397465184915,3285.28,591964.7057221135,False,1185771.6581276162,1091954.7656335821
2025-11-19,1581278.3592463052,0.0002494817428169772,25.226178225688436,224.25556459127662,0.0,360.37397465184915,3285.28,591964.7057221135,False,1185958.769434729,1125159.6236580033
2025-11-20,1581497.0777427608,0.00021871849645557813,-18.01869873265801,236.73719518827158,0.0,360.37397465184915,3285.28,591964.7057221135,False,1186122.8083070705,1089799.729265164
2025-11-21,1581271.5784062056,-0.0002254993365551345,-54.05609619781015,109.46358442172873,280.9068247790111,418.62704867158527,2832.96,592976.8419023271,True,1186164.3639232386,1020925.0552297026
2025-11-22,1581392.5900970278,0.00012101169082219712,-37.676434380313225,158.6881252025003,0.0,418.62704867158527,2832.96,592976.8419023271,False,1186044.4425727709,1157378.2014623317
2025-11-23,1581391.3226957677,-1.267401260090992e-06,-41.862704867310825,40.595303607116776,0.0,418.62704867158527,2832.96,592976.8419023271,False,1186043.4920218259,1159203.41539454
2025-11-24,1581689.008710914,0.00029768601514631885,150.705737521824,146.98027762436368,0.0,418.62704867158527,2832.96,592976.8419023271,False,1186266.7565331855,1172465.5202964556
2025-11-25,1581698.2514770513,9.242766137234866e-06,-92.09795070766499,101.34071684487701,0.0,418.62704867158527,2832.96,592976.8419023271,False,1186273.6886077884,1235862.4005472804
2025-11-26,1581735.0157043382,3.67642272869125e-05,-33.49016389369636,70.25439118062233,0.0,418.62704867158527,2832.96,592976.8419023271,False,1186301.2617782536,1238399.2804622303
2025-11-27,1581975.4358432656,0.00024042013892740943,175.8233604419059,64.59677848534619,0.0,418.62704867158527,2832.96,592976.8419023271,False,1186481.5768824492,1266355.194772519
2025-11-28,1581945.2610293555,-3.0174813910154625e-05,-50.23524584054454,20.060431930354877,0.0,418.62704867158527,2832.96,592976.8419023271,False,1186458.9457720167,1261662.3855569104
2025-11-29,1581948.9590701857,3.6980408302042634e-06,-33.49016389388673,37.18820472415076,0.0,418.62704867158527,2832.96,592976.8419023271,False,1186461.7193026394,1268356.2320651691
2025-11-30,1582090.194083737,0.00014123501355131157,-54.421516327161406,195.65652987847147,0.0,418.62704867158527,2832.96,592976.8419023271,False,1186567.6455628027,1250840.87634875
2025-12-01,1582120.646355462,3.0452271725051106e-05,8.37254097342409,132.63047616539262,110.55074541370652,396.8503504212669,2990.02,593295.2423832982,True,1186673.3978256567,1251703.2480690135
2025-12-02,1582448.3354008917,0.0003276890454296954,142.86612615170662,184.82291927799895,0.0,396.8503504212669,2990.02,593295.2423832982,False,1186836.2515506689,1110180.9182964857
2025-12-03,1582517.3948885286,6.905948763689957e-05,-59.52755256322613,128.58704020023657,0.0,396.8503504212669,2990.02,593295.2423832982,False,1186888.0461663965,1188419.9648820385
2025-12-04,1582793.803322971,0.0002764084344424773,-51.59054555480801,327.99897999742916,0.0,396.8503504212669,2990.02,593295.2423832982,False,1187095.3524922284,1264793.8148206114
2025-12-05,1582982.0377407293,0.00018823441775818356,-23.81102102525436,212.04543878350884,0.0,396.8503504212669,2990.02,593295.2423832982,False,1187236.5283055468,1242939.2660229122
2025-12-06,1583134.9742108888,0.0001529364701595623,55.55904905892684,97.37742110057357,0.0,396.8503504212669,2990.02,593295.2423832982,False,1187351.2306581666,1198638.8614053861
2025-12-07,1583241.02477092,0.0001060505600310862,55.55904905892684,50.49151097226051,0.0,396.8503504212669,2990.02,593295.2423832982,False,1187430.76857819,1205047.9945646897
2025-12-08,1583488.5910283003,0.00024756625738041473,75.40156658024283,172.1646908002064,0.0,396.8503504212669,2990.02,593295.2423832982,False,1187616.4432712253,1213623.930637293
2025-12-09,1583397.3266210249,-9.126440727547742e-05,-281.76374879929443,190.4993415238242,0.0,396.8503504212669,2990.02,593295.2423832982,False,1187547.9949657687,1239423.1719181798
2025-12-10,1583664.6032940221,0.0002672766729972791,210.33068572335085,274.95777124213004,218.01178396818594,358.13310793623293,3316.5,593874.2262352583,True,1187911.9613084928,1316154.1871721316
2025-12-11,1583708.097726247,4.349443222489208e-05,-71.6266215873443,115.1210538122268,0.0,358.13310793623293,3316.5,593874.2262352583,False,1187781.0732946852,1190004.6910505148
2025-12-12,1583832.8834300893,0.00012478570384229532,93.11460806349874,31.671095778782714,0.0,358.13310793623293,3316.5,593874.2262352583,False,1187874.662572567,1158839.947997904
2025-12-13,1583826.8146149565,-6.06881513283588e-06,-28.650648634872578,22.58183350214294,0.0,358.13310793623293,3316.5,593874.2262352583,False,1187870.1109612174,1104246.1370241046
2025-12-14,1584108.338971969,0.00028152435701247303,42.975972952308865,238.54838406022535,0.0,358.13310793623293,3316.5,593874.2262352583,False,1188081.2542289768,1114868.3650054932
2025-12-15,1584178.463426439,7.01244544701185e-05,-57.30129726990801,127.42575174005803,0.0,358.13310793623293,3316.5,593874.2262352583,False,1188133.8475698293,1096607.1578318246
2025-12-16,1584003.2238135503,-0.00017523961288877762,42.97597295247173,-2.4408472438116977,215.7747385975169,400.91197767996715,2963.25,594001.2089300813,True,1188164.248914111,1061237.9320920422
2025-12-17,1584000.438315136,-2.785498414421454e-06,-52.11855709825717,49.3330586839308,0.0,400.91197767996715,2963.25,594001.2089300813,False,1188000.3287363518,1187032.210874177
2025-12-18,1584026.3639428217,2.5925627685850487e-05,16.0364791071841,9.889148578644738,0.0,400.91197767996715,2963.25,594001.2089300813,False,1188019.7729571164,1135378.71166989
2025-12-19,1584170.481585485,0.00014411764266318642,-108.24623397376615,252.36387663672554,0.0,400.91197767996715,2963.25,594001.2089300813,False,1188127.8611891137,1133506.4527341248
2025-12-20,1584191.8214768108,2.1339891325915233e-05,-36.08207799125538,57.42196931712527,0.0,400.91197767996715,2963.25,594001.2089300813,False,1188143.8661076082,1194052.1796033534
2025-12-21,1584360.058575677,0.00016823709886614233,92.20975486639973,76.02734399977426,0.0,400.91197767996715,2963.25,594001.2089300813,False,1188270.0439317578,1193334.5471633063
2025-12-22,1584348.125758407,-1.1932817270047963e-05,16.036479107366414,-27.969296377301152,0.0,400.91197767996715,2963.25,594001.2089300813,False,1188261.0943188053,1202980.4893462863
2025-12-23,1584331.4420349754,-1.668372343154624e-05,-176.40127017920742,159.717546747861,0.0,400.91197767996715,2963.25,594001.2089300813,False,1188248.5815262315,1206143.6848501812
2025-12-24,1584807.1979152525,0.0004757558802771382,304.69310303686257,171.06277724031145,0.0,400.91197767996715,2963.25,594001.2089300813,False,1188605.3984364395,1188018.4543392698
2025-12-25,1584825.548428427,1.8350513174431398e-05,-196.4468690632787,214.797382237609,0.0,400.91197767996715,2963.25,594001.2089300813,False,1188619.16132132,1181178.8960000495
2025-12-26,1585131.8270927917,0.00030627866436471233,132.30095263436,173.9777117305095,0.0,400.91197767996715,2963.25,594001.2089300813,False,1188848.8703195937,1163574.8510601223
2025-12-27,1585104.1778901902,-2.764920260151848e-05,-164.3739108487282,136.72470824732395,0.0,400.91197767996715,2963.25,594001.2089300813,False,1188828.1334176427,1173401.2036330581
2025-12-28,1585423.682381429,0.00031950449123885485,108.24623397358384,211.25825726519366,0.0,400.91197767996715,2963.25,594001.2089300813,False,1189067.7617860718,1181732.1545292481
2025-12-29,1585602.5119273474,0.00017882954591838643,-52.11855709843948,230.9481030169515,0.0,400.91197767996715,2963.25,594001.2089300813,False,1189201.8839455105,1182529.969364831
2025-12-30,1585808.4403518536,0.0002059284245062154,60.136796652031535,145.79162785413678,0.0,400.91197767996715,2963.25,594001.2089300813,False,1189356.3302638903,1177257.9768583395
2025-12-31,1585926.2779337014,0.00011783758184779435,0.0,117.83758184773698,0.0,400.91197767996715,2963.25,594001.2089300813,False,1189444.708450276,1191602.6074197288
2026-01-01,1586057.037402111,0.00013075946840969847,-84.19151531280768,217.20258569311977,2.2516019707723753,400.4655191393695,2970.4,594771.3890257917,True,1189544.4667530614,1190868.9385005746
2026-01-02,1586451.3932490926,0.00039435584698151795,176.20482842134444,218.1510185602111,0.0,400.4655191393695,2970.4,594771.3890257917,False,1189838.5449368195,1202397.721215957
2026-01-03,1586555.448669075,0.00010405541998241097,-44.051207105381636,148.1066270877454,0.0,400.4655191393695,2970.4,594771.3890257917,False,1189916.5865018063,1251006.2259290938
2026-01-04,1586771.7402716065,0.00021629160253144801,28.032586339821425,188.25901619159433,0.0,400.4655191393695,2970.4,594771.3890257917,False,1190078.8052037049,1251638.961449334
2026-01-05,1586839.556397763,6.781612615659833e-05,-108.12569016762248,175.94181632422604,0.0,400.4655191393695,2970.4,594771.3890257917,False,1190129.6672983223,1258795.2802763544
2026-01-06,1587042.8715361084,0.00020331513834535145,-44.051207105381636,247.3663454508035,0.0,400.4655191393695,2970.4,594771.3890257917,False,1190282.1536520813,1290988.7033599683
2026-01-07,1587111.7213704695,6.884983436111361e-05,40.04655191390053,248.47652381208587,219.67324136505633,361.20413873263584,3295.46,595166.895513926,True,1190498.545958876,1319718.0997030267
2026-01-08,1587215.4744962172,0.00010375312574766576,-65.01674497197958,168.76987071952402,0.0,361.20413873263584,3295.46,595166.895513926,False,1190411.6058721629,1144124.9455597862
2026-01-09,1587405.6140106057,0.00019013951438851654,10.836124162051348,179.30339022665237,0.0,361.20413873263584,3295.46,595166.895513926,False,1190554.2105079542,1121697.7805858767
2026-01-10,1587683.0925100504,0.00027747849944466727,7.2240827748104035,270.254416669837,0.0,361.20413873263584,3295.46,595166.895513926,False,1190762.3193825379,1115094.968929844
2026-01-11,1587934.9336916811,0.00025184118163073437,3.612041387240945,248.22914024342847,0.0,361.20413873263584,3295.46,595166.895513926,False,1190951.2002687608,1114484.5339353858
2026-01-12,1588237.8447921232,0.0003029111004420556,75.85286913386666,227.0582313081743,0.0,361.20413873263584,3295.46,595166.895513926,False,1191178.3835940924,1127679.3211232892
2026-01-13,1588581.6110027973,0.0003437662106740754,158.92982104237947,184.83638963181147,0.0,361.20413873263584,3295.46,595166.895513926,False,1191436.208252098,1117511.4246179655
2026-01-14,1588650.9315278796,6.93205250822939e-05,-270.9031040494769,340.2236291316865,0.0,361.20413873263584,3295.46,595166.895513926,False,1191488.1986459098,1200888.1759616197
2026-01-15,1589018.5431413818,0.0003676116135022603,176.9900279789127,190.6215855231567,0.0,361.20413873263584,3295.46,595166.895513926,False,1191763.9073560364,1211218.6143293732
2026-01-16,1589155.342176282,0.0001367990349002648,21.67224832393844,115.12678657644655,0.0,361.20413873263584,3295.46,595166.895513926,False,1191866.5066322116,1198114.1281761532
2026-01-17,1589354.089688057,0.00019874751177500002,-68.62878635905626,267.37629813387167,0.0,361.20413873263584,3295.46,595166.895513926,False,1192015.5672660428,1190084.5601721266
2026-01-18,1589513.420223697,0.00015933053564000875,68.62878635905626,90.70174928108852,0.0,361.20413873263584,3295.46,595166.895513926,False,1192135.0651677728,1195173.9264868696
2026-01-19,1589423.42541763,-8.999480606708676e-05,-155.3177796549743,65.32297358784909,0.0,361.20413873263584,3295.46,595166.895513926,False,1192067.5690632225,1185750.110507335
2026-01-20,1589708.1613089389,0.0002847358913088683,101.13715884504605,183.5987324638251,0.0,361.20413873263584,3295.46,595166.895513926,False,1192281.1209817042,1151522.4063210306
2026-01-21,1589537.6326045177,-0.00017052870442112907,28.896331098748842,23.29571193085412,222.72074745077586,405.7358034385734,2938.25,596076.6122266941,True,1192320.2650139765,1061308.0606311671
2026-01-22,1589612.5649512208,7.493234670301899e-05,-8.114716068764087,83.04706277194482,0.0,405.7358034385734,2938.25,596076.6122266941,False,1192209.4237134156,1209364.5372352526
2026-01-23,1589678.6725011098,6.610754988901317e-05,-48.688296412769034,114.79584630187082,0.0,405.7358034385734,2938.25,596076.6122266941,False,1192259.0043758324,1197411.5604659521
2026-01-24,1589687.3482728673,8.675771757494658e-06,-64.9177285501127,73.59350030759042,0.0,405.7358034385734,2938.25,596076.6122266941,False,1192265.5112046504,1198981.7580252595
2026-01-25,1589788.5223721387,0.00010117409927141852,-77.08980265335109,178.26390192461832,0.0,405.7358034385734,2938.25,596076.6122266941,False,1192341.391779104,1197768.6079729781
2026-01-26,1589832.2376911144,4.371531897573732e-05,109.54866692859194,-65.83334795297698,0.0,405.7358034385734,2938.25,596076.6122266941,False,1192374.1782683358,1142345.0972232688
2026-01-27,1590154.8064793178,0.0003225687882034108,20.286790171817966,302.2819980314469,0.0,405.7358034385734,2938.25,596076.6122266941,False,1192616.1048594883,1188355.5373332032
2026-01-28,1590592.3565519638,0.00043755007264600134,158.23696334099196,279.31310930498364,0.0,405.7358034385734,2938.25,596076.6122266941,False,1192944.2674139729,1227318.3465374094
2026-01-29,1590511.1993660314,-8.115718593238853e-05,-174.46639547852013,93.30920954605187,0.0,405.7358034385734,2938.25,596076.6122266941,False,1192883.3995245236,1221005.0974359054
2026-01-30,1590585.479403615,7.428003758355044e-05,73.03244461887678,1.247592964635234,0.0,405.7358034385734,2938.25,596076.6122266941,False,1192939.1095527112,1144580.7015002156
2026-01-31,1590475.7949668567,-0.00010968443675828166,44.630938378294736,-154.3153751367665,0.0,405.7358034385734,2938.25,596076.6122266941,False,1192856.8462251425,1097783.1339316105
2026-02-01,1589863.787602946,-0.0006120073639107868,-52.74565444705882,-221.9069796402539,337.3547298236014,486.617520834405,2450.38,596198.9203511047,True,1192650.856749577,994206.8980298114
2026-02-02,1589264.6399170118,-0.000599147685934091,-218.97788437561502,-380.1698015583408,0.0,486.617520834405,2450.38,596198.9203511047,False,1191948.4799377588,1104149.75329889
2026-02-03,1589210.6270023682,-5.4012914643622936e-05,155.71760666731055,-209.73052131093377,0.0,486.617520834405,2450.38,596198.9203511047,False,1191907.9702517763,1141390.592168347
2026-02-04,1589159.3230220126,-5.130398035561666e-05,19.464700833137208,-70.76868118887178,0.0,486.617520834405,2450.38,596198.9203511047,False,1191869.4922665094,1086242.228532184
2026-02-05,1588758.5637081387,-0.0004007593138739467,-121.65438020860125,-29.232739681718797,249.87219398385676,554.989926819672,2147.01,595784.461390552,True,1191756.3269265918,1044772.683406676
2026-02-06,1588468.1557172919,-0.00029040799084678294,360.7434524328372,-347.2667307170337,303.88471256256776,652.8165949499539,1824.94,595675.5583939845,True,1191579.0303223908,1012823.3170502922
2026-02-07,1587659.4620479578,-0.000808693669334054,-698.5137565965575,154.21085038219357,264.39076311972286,577.3167179151867,2062.55,595372.2982679842,True,1190942.8896083082,1346466.8679140275
2026-02-08,1587774.609903773,0.00011514785581524484,184.74134973295426,-69.593493917685,0.0,577.3167179151867,2062.55,595372.2982679842,False,1190830.9574278297,1204248.0345680045
2026-02-09,1587663.2924858413,-0.00011131741793174297,0.0,-111.31741793172272,0.0,577.3167179151867,2062.55,595372.2982679842,False,1190747.469364381,1205777.92387048
2026-02-10,1587248.1203820154,-0.00041517210382595657,-46.18533743317293,-368.9867663927488,0.0,577.3167179151867,2062.55,595372.2982679842,False,1190436.0902865115,1214651.2818248363
2026-02-11,1586912.2055766396,-0.0003359148053757381,57.73167179159743,-393.6464771673595,0.0,577.3167179151867,2062.55,595372.2982679842,False,1190184.1541824797,1167051.518432729
2026-02-12,1586839.6857702164,-7.25198064232245e-05,-23.092668716586466,-49.427137706571855,0.0,577.3167179151867,2062.55,595372.2982679842,False,1190129.7643276623,1120034.8449257163
2026-02-13,1586493.0515812582,-0.00034663418895821086,-242.47302152455168,-104.16116743375758,0.0,577.3167179151867,2062.55,595372.2982679842,False,1189869.7886859437,1124122.2472885558
2026-02-14,1586726.694213357,0.0002336426320988685,242.47302152442043,-8.830389425675428,0.0,577.3167179151867,2062.55,595372.2982679842,False,1190045.0206600178,1182113.7116031363
2026-02-15,1586656.9259406712,-6.976827268581837e-05,23.092668716848998,-92.86094140261929,0.0,577.3167179151867,2062.55,595372.2982679842,False,1189992.6944555035,1203953.6030418677
2026-02-16,1586460.8273610584,-0.0001960985796127934,-28.865835895995616,-167.23274371684397,0.0,577.3167179151867,2062.55,595372.2982679842,False,1189845.6205207938,1134704.462727941
2026-02-17,1586402.011966951,-5.881539410748519e-05,-75.05117332890602,16.23577922130668,0.0,577.3167179151867,2062.55,595372.2982679842,False,1189801.5089752132,1153109.3196950771
2026-02-18,1586367.239493793,-3.477247315784916e-05,5.773167179146617,-40.54564033700457,0.0,577.3167179151867,2062.55,595372.2982679842,False,1189775.429620345,1149252.844019404
2026-02-19,1586206.1652720657,-0.00016107422172743826,80.8243405081839,-241.89856223555856,0.0,577.3167179151867,2062.55,595372.2982679842,False,1189654.6239540493,1128521.4006790696
2026-02-20,1585922.1432048248,-0.000284022067240905,-115.46334358319486,-168.55872365764984,0.0,577.3167179151867,2062.55,595372.2982679842,False,1189441.6074036185,1124699.564006471
2026-02-21,1586141.9924513844,0.0002198492465596646,57.731671791728694,162.11757476795938,0.0,577.3167179151867,2062.55,595372.2982679842,False,1189606.4943385383,1136072.7033494
2026-02-22,1586026.93996679,-0.00011505248459451832,-127.00967794148809,11.957193346942436,0.0,577.3167179151867,2062.55,595372.2982679842,False,1189520.2049750923,1138780.3187564223
2026-02-23,1585600.9566945678,-0.00042598327222210353,5.773167179146617,-431.7564394012718,0.0,577.3167179151867,2062.55,595372.2982679842,False,1189200.717520926,1129808.8169600205
2026-02-24,1585555.2054375336,-4.5751257034251464e-05,5.773167179146617,-51.5244242133834,0.0,577.3167179151867,2062.55,595372.2982679842,False,1189166.4040781502,1071193.8505900914
2026-02-25,1585445.7425730452,-0.00010946286448836326,11.546334358424499,83.95479191641694,204.96399076309223,642.3663264706304,1851.1,594542.153464892,True,1189238.0299228563,1068670.976532802
2026-02-26,1585419.270673191,-2.6471899854252115e-05,77.08395917625948,120.50460964885158,224.06046867931326,578.1953177980622,2056.51,594532.2265024466,True,1189232.4983564026,1321032.7740501163
2026-02-27,1585316.1780450256,-0.00010309262816538103,5.781953178106829,-108.87458134351161,0.0,578.1953177980622,2056.51,594532.2265024466,False,1188987.1335337693,1171828.4505813327
2026-02-28,1585234.619836429,-8.155820859665982e-05,202.3683612292692,-283.92656982595804,0.0,578.1953177980622,2056.51,594532.2265024466,False,1188925.9648773216,1115055.4523267408
2026-03-01,1585048.0809481705,-0.00018653888825839385,-173.45859533939236,78.00474130536847,91.08503422431687,605.4485203369161,1963.48,594393.030355564,True,1188854.374486796,1135274.942590139
2026-03-02,1584889.529281226,-0.00015855166694452055,60.544852033774205,-219.0965189781931,0.0,605.4485203369161,1963.48,594393.030355564,False,1188667.1469609195,1173710.3925547388
2026-03-03,1584507.9768370888,-0.0003815524441371672,-290.6152897618684,-90.9371543752252,0.0,605.4485203369161,1963.48,594393.030355564,False,1188380.9826278165,1227056.4616816244
2026-03-04,1584685.0586903472,0.00017708185325842352,187.68904130454862,-10.607188046262696,0.0,605.4485203369161,1963.48,594393.030355564,False,1188513.7940177605,1199908.150029717
2026-03-05,1584850.228697126,0.00016517000677878968,211.9069821181409,-46.73697533924625,0.0,605.4485203369161,1963.48,594393.030355564,False,1188637.6715228446,1287165.3907806734
2026-03-06,1584376.1769332376,-0.0004740517638884485,-375.37808260909725,-98.67368127940193,0.0,605.4485203369161,1963.48,594393.030355564,False,1188282.1326999282,1254592.2603865475
2026-03-07,1584478.137734332,0.00010196080109430478,199.79801171113826,-97.8372106168079,0.0,605.4485203369161,1963.48,594393.030355564,False,1188358.6033007489,1197371.3207295055
2026-03-08,1584342.1527944251,-0.00013598493990674615,115.03521886390944,-251.02015877081226,0.0,605.4485203369161,1963.48,594393.030355564,False,1188256.6145958188,1191758.8129459822
2026-03-09,1584123.6868317963,-0.00021846596262883395,-48.435881626909236,-170.0300810018542,0.0,605.4485203369161,1963.48,594393.030355564,False,1188092.7651238472,1172136.226401863
2026-03-10,1584002.1206758283,-0.00012156615596800111,-266.3973489481385,144.8311929800865,0.0,605.4485203369161,1963.48,594393.030355564,False,1188001.5905068712,1206222.9780968311
2026-03-11,1584293.5672410803,0.00029144656525203024,260.3428637447748,31.103701507321418,0.0,605.4485203369161,1963.48,594393.030355564,False,1188220.1754308103,1232317.8093233523
2026-03-12,1584122.6952979572,-0.00017087194312317297,-78.70830764386517,-92.16363547917796,0.0,605.4485203369161,1963.48,594393.030355564,False,1188092.0214734678,1241762.8062406082
2026-03-13,1584128.2180782703,5.522780313156545e-06,-48.43588162663391,53.95866193976257,0.0,605.4485203369161,1963.48,594393.030355564,False,1188096.1635587027,1254852.6032502921
2026-03-14,1584261.896824985,0.00013367874671472237,181.63455610090963,-47.95580938620774,0.0,605.4485203369161,1963.48,594393.030355564,False,1188196.4226187388,1265992.8560244916
2026-03-15,1584064.230034689,-0.00019766679029609076,-199.79801171141358,2.131221415161771,0.0,605.4485203369161,1963.48,594393.030355564,False,1188048.1725260168,1268584.1756915336
2026-03-16,1583974.3399294459,-8.989010524307377e-05,-193.74352650763694,325.45938078475723,221.60595952019915,545.5133349621324,2177.73,593990.3774735422,True,1188146.9594167245,1318503.4061933123
2026-03-17,1584461.2420183967,0.0004869020889508538,409.1350012215993,77.76708772918705,0.0,545.5133349621324,2177.73,593990.3774735422,False,1188345.9315137975,1282861.889297048
2026-03-18,1584271.71393148,-0.00018952808691677638,-207.29506728542177,17.766980368708822,0.0,545.5133349621324,2177.73,593990.3774735422,False,1188203.7854486099,1263654.3647730316
2026-03-19,1584530.2363962256,0.000258522464745678,272.7566674808181,-14.234202735180622,0.0,545.5133349621324,2177.73,593990.3774735422,False,1188397.6772971693,1201198.543053217
2026-03-20,1584293.3590271354,-0.00023687736909021624,-92.73726694335413,-144.14010214697757,0.0,545.5133349621324,2177.73,593990.3774735422,False,1188220.0192703516,1165521.9709466936
2026-03-21,1584287.480327993,-5.878699142485857e-06,-70.91673354513675,65.03803440267653,0.0,545.5133349621324,2177.73,593990.3774735422,False,1188215.6102459948,1170169.744560571
2026-03-22,1584400.5592302282,0.00011307890223525465,196.3848005864371,-83.30589835118224,0.0,545.5133349621324,2177.73,593990.3774735422,False,1188300.4194226712,1136506.1166600576
2026-03-23,1584153.5664151136,-0.00024699281511455774,-245.4810007331084,-1.5118143814939902,0.0,545.5133349621324,2177.73,593990.3774735422,False,1188115.1748113353,1119862.504810363
2026-03-24,1584175.3341428216,2.176772770797834e-05,-5.455133349492327,27.22286105728228,0.0,545.5133349621324,2177.73,593990.3774735422,False,1188131.5006071161,1173399.1835035468
2026-03-25,1584114.1401736357,-6.119396918592975e-05,-60.006466846152094,-1.1875023397523186,0.0,545.5133349621324,2177.73,593990.3774735422,False,1188085.6051302268,1175744.890843884
2026-03-26,1584132.6909437457,1.8550770109985022e-05,54.551333496411694,-36.000563386424176,0.0,545.5133349621324,2177.73,593990.3774735422,False,1188099.5182078092,1182672.910197903
2026-03-27,1583994.4507201873,-0.0001382402235583868,125.46806704130037,-263.70829059974005,0.0,545.5133349621324,2177.73,593990.3774735422,False,1187995.8380401405,1123310.1490873236
2026-03-28,1583820.1257598256,-0.00017432496036170052,-32.73080009769817,-141.59416026389792,0.0,545.5133349621324,2177.73,593990.3774735422,False,1187865.0943198693,1086427.992510534
2026-03-29,1583765.2351425649,-5.489061726070941e-05,38.18593344731454,-93.07655070788488,0.0,545.5133349621324,2177.73,593990.3774735422,False,1187823.9263569238,1087469.9229803116
2026-03-30,1583761.7615798581,-3.4735627067275345e-06,-32.73080009769817,29.257237391196547,0.0,545.5133349621324,2177.73,593990.3774735422,False,1187821.3211848936,1081998.4242306415
2026-03-31,1583549.6266891889,-0.00021213489066925832,-223.66046733451893,11.525576665219182,0.0,545.5133349621324,2177.73,593990.3774735422,False,1187662.2200168916,1105040.9074994419
2026-04-01,1583672.0603528363,0.00012243366364738905,87.2821335938618,102.78240099001404,67.63087093642635,564.3931257434746,2104.48,593877.0226323137,True,1187804.7684178296,1148021.9031611083
2026-04-02,1583653.2547355078,-1.8805617328500375e-05,338.6358754460334,-357.4414927745899,0.0,564.3931257434746,2104.48,593877.0226323137,False,1187739.9410516308,1207124.0173401434
2026-04-03,1583422.9642529287,-0.00023029048257903196,-191.89366275260682,-38.39681982637491,0.0,564.3931257434746,2104.48,593877.0226323137,False,1187567.2231896967,1160375.3347348112
2026-04-04,1583313.1190523237,-0.00010984520060499198,-174.96186898044633,65.11666837534938,0.0,564.3931257434746,2104.48,593877.0226323137,False,1187484.8392892429,1158659.5796325512
2026-04-05,1583399.8541511754,8.673509885161183e-05,101.59076263398968,-14.855663782377162,0.0,564.3931257434746,2104.48,593877.0226323137,False,1187549.8906133815,1165150.100578601
2026-04-06,1583373.54283447,-2.6311316705308855e-05,-152.38614395098452,126.07482724576327,0.0,564.3931257434746,2104.48,593877.0226323137,False,1187530.1571258525,1190508.2837182556
2026-04-07,1583422.2060244586,4.866318998858333e-05,118.52255640615019,-69.85936641764205,0.0,564.3931257434746,2104.48,593877.0226323137,False,1187566.654518344,1188690.9378533615
2026-04-08,1583622.460670753,0.0002002546462942846,-84.65896886131586,284.91361515548954,0.0,564.3931257434746,2104.48,593877.0226323137,False,1187716.8455030648,1263755.2235772435
2026-04-09,1583815.4556297483,0.00019299495899537578,146.74221269316993,46.2527463021107,0.0,564.3931257434746,2104.48,593877.0226323137,False,1187861.5917223112,1235383.181146119
2026-04-10,1583896.5870185362,8.113138878787867e-05,67.72717508915535,13.404213698706112,0.0,564.3931257434746,2104.48,593877.0226323137,False,1187922.440263902,1235411.4008024065
2026-04-11,1583618.240796251,-0.00027834622228518126,-56.439312574296125,-221.90690971106514,0.0,564.3931257434746,2104.48,593877.0226323137,False,1187713.6805971882,1266447.37878704
2026-04-12,1583602.5169249994,-1.5723871251568197e-05,-5.643931257557941,-10.079939994135056,0.0,564.3931257434746,2104.48,593877.0226323137,False,1187701.8876937495,1288994.8841604919
2026-04-13,1583602.944306953,4.2738195369020104e-07,-62.08324383185407,62.51062578534919,0.0,564.3931257434746,2104.48,593877.0226323137,False,1187702.208230215,1236365.2251849128
2026-04-14,1583454.6041179176,-0.00014834018903551622,-208.82545652502398,314.04589907774243,253.56063158832237,501.3470757718837,2368.8,593795.4765442191,True,1187781.1235621294,1336934.4362611426
2026-04-15,1583808.6244634427,0.0003540203455251176,310.83518697874115,43.185158546374474,0.0,501.3470757718837,2368.8,593795.4765442191,False,1187856.468347582,1163706.7783986654
2026-04-16,1583582.407342812,-0.0002262171206306666,-100.26941515451352,-125.9477054760358,0.0,501.3470757718837,2368.8,593795.4765442191,False,1187686.805507109,1182607.5631552655
2026-04-17,1583698.8148639468,0.00011640752113470807,75.20206136582814,41.20545976879657,0.0,501.3470757718837,2368.8,593795.4765442191,False,1187774.1111479602,1176626.492541307
2026-04-18,1583535.1534956552,-0.00016366136829159221,60.161649092571324,-223.82301738424894,0.0,501.3470757718837,2368.8,593795.4765442191,False,1187651.3651217413,1212081.7577398946
2026-04-19,1583002.654662384,-0.0005324988332712092,-5.013470757600284,-527.4853625137172,0.0,501.3470757718837,2368.8,593795.4765442191,False,1187251.990996788,1177659.267517397
2026-04-20,1582849.9951283094,-0.00015265953407459892,-135.36371045839948,-17.295823616299177,0.0,501.3470757718837,2368.8,593795.4765442191,False,1187137.496346232,1134152.368281913
2026-04-21,1582803.6822645925,-4.6312863716855646e-05,90.24247363885699,-136.5553373557264,0.0,501.3470757718837,2368.8,593795.4765442191,False,1187102.7616984444,1159410.2339593004
2026-04-22,1582876.1167611538,7.243449656129815e-05,-110.2963566697141,182.7308532308683,0.0,501.3470757718837,2368.8,593795.4765442191,False,1187157.0875708654,1166193.459894494
2026-04-23,1582899.8041197658,2.3687358611961827e-05,-2.279862545819395e-10,23.687358612174926,0.0,501.3470757718837,2368.8,593795.4765442191,False,1187174.8530898243,1189721.6781604686
2026-04-24,1582784.3440697032,-0.00011546005006250926,150.4041227316563,-265.8641727941885,0.0,501.3470757718837,2368.8,593795.4765442191,False,1187088.2580522774,1167607.2586481709
2026-04-25,1582546.9176189327,-0.00023742645077058115,-110.2963566697141,-127.13009410092305,0.0,501.3470757718837,2368.8,593795.4765442191,False,1186910.1882141996,1160051.9582162884
2026-04-26,1582563.5286922345,1.661107330187224e-05,85.22900288102872,-68.61792957916417,0.0,501.3470757718837,2368.8,593795.4765442191,False,1186922.646519176,1162227.8045251386
2026-04-27,1582225.9934541523,-0.00033753523808228785,-75.20206136582814,-262.3331767163574,0.0,501.3470757718837,2368.8,593795.4765442191,False,1186669.495090614,1187350.3064920676
2026-04-28,1582030.9474527948,-0.00019504600135749207,125.33676894297092,-320.38277030043827,0.0,501.3470757718837,2368.8,593795.4765442191,False,1186523.210589596,1154241.3456080924
2026-04-29,1582011.514961389,-1.943249140586704e-05,-160.43106424685686,140.99857284111044,0.0,501.3470757718837,2368.8,593795.4765442191,False,1186508.6362210417,1147262.5943133477
2026-04-30,1581958.725767188,-5.2789194200886416e-05,155.41759348925657,-208.20678769001188,0.0,501.3470757718837,2368.8,593795.4765442191,False,1186469.044325391,1128797.9815126695
2026-05-01,1581594.1878425258,-0.0003645379246622324,-180.48494727771399,-90.59367729245878,93.45930009210346,525.6794331406578,2256.5,593097.8204409472,True,1186265.7353569635,1131289.6764792555
2026-05-02,1581685.3673872417,9.117954471590929e-05,147.19024127925033,-56.010696563347146,0.0,525.6794331406578,2256.5,593097.8204409472,False,1186264.0255404313,1206087.350631937
2026-05-03,1581693.9830969959,8.615709754172713e-06,-120.90626962236085,129.52197937634864,0.0,525.6794331406578,2256.5,593097.8204409472,False,1186270.4873227468,1217426.2560047808
2026-05-04,1581807.4634217108,0.00011348032471491024,-42.054354651214375,155.5346793661357,0.0,525.6794331406578,2256.5,593097.8204409472,False,1186355.597566283,1220454.1695396712
2026-05-05,1581709.9908454919,-9.747257621889003e-05,36.7975603199321,-134.27013653899724,0.0,525.6794331406578,2256.5,593097.8204409472,False,1186282.4931341188,1233307.03167996
2026-05-06,1581630.235177498,-7.975566799379885e-05,126.16306395388219,-205.91873194769863,0.0,525.6794331406578,2256.5,593097.8204409472,False,1186222.6763831235,1240324.8521123878
2026-05-07,1581273.8200434078,-0.0003564151340902317,-73.5951206398642,-282.82001345046865,0.0,525.6794331406578,2256.5,593097.8204409472,False,1185955.365032556,1235183.7072562722
2026-05-08,1581182.1931930154,-9.162685039243661e-05,-5.256794331521323,-86.37005606081242,0.0,525.6794331406578,2256.5,593097.8204409472,False,1185886.6448947615,1203763.8475374551
2026-05-09,1581289.6778911015,0.00010748469808604568,-126.16306395364313,233.64776203956822,0.0,525.6794331406578,2256.5,593097.8204409472,False,1185967.258418326,1212306.1383259909
2026-05-10,1581752.7430995181,0.000463065208416665,157.70382994205391,305.36137847451505,0.0,525.6794331406578,2256.5,593097.8204409472,False,1186314.5573246386,1222325.5883216518
2026-05-11,1581833.5374038324,8.079430431430229e-05,-78.85191497090743,159.64621928511193,0.0,525.6794331406578,2256.5,593097.8204409472,False,1186375.1530528744,1245970.6492243186
2026-05-12,1582049.7783627256,0.00021624095889320597,110.39268095955727,105.84827793369398,0.0,525.6794331406578,2256.5,593097.8204409472,False,1186537.3337720442,1229364.435931405
2026-05-13,1582184.9817437446,0.00013520338101894594,52.56794331377892,82.63543770505984,0.0,525.6794331406578,2256.5,593097.8204409472,False,1186638.7363078084,1195190.015982931
2026-05-14,1582246.9991292825,6.201738553796895e-05,-120.90626962236085,182.92365516019424,0.0,525.6794331406578,2256.5,593097.8204409472,False,1186685.249346962,1186737.0906980294
2026-05-15,1582296.8966711212,4.989754183869809e-05,36.79756032017116,13.099981518547224,0.0,525.6794331406578,2256.5,593097.8204409472,False,1186722.672503341,1199632.0071929696
2026-05-16,1582402.974217043,0.00010607754592178389,-105.13588662827499,211.2134325499175,0.0,525.6794331406578,2256.5,593097.8204409472,False,1186802.2306627822,1168927.0715032239
2026-05-17,1582654.4200011163,0.000251445784073323,52.567943314017974,198.8778407591489,0.0,525.6794331406578,2256.5,593097.8204409472,False,1186990.8150008372,1145807.6900336978
2026-05-18,1582751.5484846104,9.712848349404521e-05,10.513588662803594,86.61489483141781,0.0,525.6794331406578,2256.5,593097.8204409472,False,1187063.6613634578,1119634.1110576242
2026-05-19,1582951.4973975301,0.0001999489129197318,-15.770382994085866,215.71929591380038,0.0,525.6794331406578,2256.5,593097.8204409472,False,1187213.6230481477,1119166.256362129
2026-05-20,1583026.494848802,7.49974512718618e-05,-78.85191497114648,153.8493662430544,0.0,525.6794331406578,2256.5,593097.8204409472,False,1187269.8711366015,1109704.0265655972
2026-05-21,1583116.0991540935,8.960430529154837e-05,-47.3111489827357,136.9154542742945,0.0,525.6794331406578,2256.5,593097.8204409472,False,1187337.0743655702,1118955.9845888729
2026-05-22,1583346.2304358701,0.00023013128177658656,73.59512063962516,156.5361611369853,0.0,525.6794331406578,2256.5,593097.8204409472,False,1187509.6728269025,1121158.5814137324
2026-05-23,1583462.7595018547,0.0001165290659845341,-63.08153197658251,179.61059796120085,0.0,525.6794331406578,2256.5,593097.8204409472,False,1187597.069626391,1085522.7726411268
2026-05-24,1583688.1396819802,0.0002253801801255904,-2.3905132963621227e-10,225.38018012581995,0.0,525.6794331406578,2256.5,593097.8204409472,False,1187766.1047614852,1112768.7376608073
2026-05-25,1583843.895043465,0.00015575536148482934,2.3905132963621227e-10,155.75536148461404,0.0,525.6794331406578,2256.5,593097.8204409472,False,1187882.9212825987,1103395.873367909
2026-05-26,1584225.054533138,0.00038115948967286384,262.8397165703289,118.31977310263298,0.0,525.6794331406578,2256.5,593097.8204409472,False,1188168.7908998535,1110045.7181971385
2026-05-27,1584089.670841655,-0.0001353836914829444,-315.40765988458594,180.0239684015764,0.0,525.6794331406578,2256.5,593097.8204409472,False,1188067.2531312413,1089733.4649005837
2026-05-28,1584151.8939257953,6.222308414033614e-05,189.2445959305842,84.55221242393962,211.5737242142885,587.0998272690351,2023.7,594056.9602221732,True,1188272.6007375072,1063817.4688467493
2026-05-29,1584319.6513429116,0.00016775741711631419,-93.93597236296019,261.6933894792032,0.0,587.0998272690351,2023.7,594056.9602221732,False,1188239.7385071837,1179436.58499731
2026-05-30,1584644.9180467157,0.0003252667038040236,123.29096372651874,201.97574007732578,0.0,587.0998272690351,2023.7,594056.9602221732,False,1188483.6885350368,1182043.3082303845
2026-05-31,1584668.5394168217,2.362137010600418e-05,-193.74294299873887,217.36431310458522,0.0,587.0998272690351,2023.7,594056.9602221732,False,1188501.4045626163,1186875.1398088087
2026-06-01,1584825.519865178,0.00015698044835636392,-76.32297754503864,251.5519787695532,18.248552868238114,592.4433733234729,2006.3,594309.5699494418,True,1188632.8263135348,1177898.3834498653
2026-06-02,1585130.938944854,0.00030541907967603766,0.0,305.4190796760861,0.0,592.4433733234729,2006.3,594309.5699494418,False,1188848.2042086406,1188447.33132062
2026-06-03,1585437.669547529,0.00030673060267488473,94.79093973166945,211.9396629431337,0.0,592.4433733234729,2006.3,594309.5699494418,False,1189078.2521606467,1101328.533273403
2026-06-04,1585444.4375231687,6.767975639784709e-06,-165.88414453055626,172.65212017048486,0.0,592.4433733234729,2006.3,594309.5699494418,False,1189083.3281423766,1073773.9919801285
2026-06-05,1585327.7109303162,-0.0001167265928525012,183.65744573037898,-61.29740896400702,239.08662961878477,671.8059627639277,1769.85,594497.8915988686,True,1189175.0981699512,1048535.9042765484
2026-06-06,1585053.1485072765,-0.0002745624230396934,94.05283478701709,-154.55424649544764,214.06101133107302,751.2812344806506,1582.35,594394.9306902287,True,1188950.4071389558,1063032.165179501
2026-06-07,1584883.1148374777,-0.00017003366979886778,22.53843703439902,-192.57210683344138,0.0,751.2812344806506,1582.35,594394.9306902287,False,1188662.3361281082,1178459.7444063486
2026-06-08,1584457.1892291994,-0.00042592560827825216,-180.3074962755338,-245.618112002767,0.0,751.2812344806506,1582.35,594394.9306902287,False,1188342.8919218995,1269409.8506525762
2026-06-09,1584665.2628898718,0.00020807366067240947,330.5637431715273,-122.49008249920071,0.0,751.2812344806506,1582.35,594394.9306902287,False,1188498.947167404,1269064.261284715
2026-06-10,1584219.6307467332,-0.000445632143138675,-300.51249379232854,-145.11964934633772,0.0,751.2812344806506,1582.35,594394.9306902287,False,1188164.7230600498,1231079.4820693734
2026-06-11,1584154.3421488048,-6.52885979283601e-05,0.0,-65.28859792827188,0.0,751.2812344806506,1582.35,594394.9306902287,False,1188115.7566116035,1217616.52234748
2026-06-12,1584030.2417717606,-0.0001241003770441748,7.512812344970495,-131.6131893891743,0.0,751.2812344806506,1582.35,594394.9306902287,False,1188022.6813288205,1256570.4543553018
2026-06-13,1584130.300536031,0.00010005876427027396,30.051249379198694,70.00751489088925,0.0,751.2812344806506,1582.35,594394.9306902287,False,1188097.7254020232,1251251.3832151787
2026-06-14,1583964.103828835,-0.0001661967071958352,-120.20499751696559,-45.99170967883487,0.0,751.2812344806506,1582.35,594394.9306902287,False,1187973.0778716262,1262468.0120459748
2026-06-15,1584171.4206298597,0.00020731680102460088,90.1537481377669,117.1630528867046,0.0,751.2812344806506,1582.35,594394.9306902287,False,1188128.5654723947,1295764.7963581574
2026-06-16,1584028.5488467577,-0.0001428717831019312,75.12812344799673,54.74221120288359,272.74211775274694,661.7950653901169,1795.15,594010.7058175341,True,1188225.968223383,1348662.50807794
2026-06-17,1583871.8120247722,-0.0001567368219855707,-211.77442092479527,55.037598939151,0.0,661.7950653901169,1795.15,594010.7058175341,False,1187903.8590185791,1186155.1495506682
2026-06-18,1584170.23865419,0.00029842662941780874,244.86417419427102,53.56245522357518,0.0,661.7950653901169,1795.15,594010.7058175341,False,1188127.6789906425,1157856.7925545867
2026-06-19,1584147.8850186842,-2.235363550577313e-05,-72.79745719299711,50.44382168727974,0.0,661.7950653901169,1795.15,594010.7058175341,False,1188110.9137640132,1131788.68492887
2026-06-20,1584215.350427449,6.746540876477957e-05,-33.08975326932527,100.55516203391392,0.0,661.7950653901169,1795.15,594010.7058175341,False,1188161.5128205868,1131868.1003367167
2026-06-21,1584419.691169122,0.00020434074167301878,132.359013077903,71.981728595313,0.0,661.7950653901169,1795.15,594010.7058175341,False,1188314.7683768414,1151523.4137788033
2026-06-22,1584203.1428431673,-0.0002165483259547036,-291.18982877153707,74.64150281696784,0.0,661.7950653901169,1795.15,594010.7058175341,False,1188152.3571323755,1129220.9200751563
2026-06-23,1584342.2211232234,0.00013907828005612827,152.21286503973892,-13.13458498349755,0.0,661.7950653901169,1795.15,594010.7058175341,False,1188256.6658424176,1143131.8523496566
2026-06-24,1584324.9362114633,-1.7284911760129035e-05,-92.65130915468256,75.36639739466264,0.0,661.7950653901169,1795.15,594010.7058175341,False,1188243.7021585975,1102815.2969660908
2026-06-25,1584223.2252451943,-0.00010171096626902,-66.1795065389515,-35.53145973006152,0.0,661.7950653901169,1795.15,594010.7058175341,False,1188167.4189338956,1073133.788283344
2026-06-26,1584099.2912787425,-0.00012393396645179019,165.44876634737875,-32.26168073798732,257.1210520612658,758.1937666460689,1566.98,594037.2342295285,True,1188267.3092481028,1037019.6315650053
2026-06-27,1584097.019845084,-2.2714336584322154e-06,-37.90968833209657,35.638254673787465,0.0,758.1937666460689,1566.98,594037.2342295285,False,1188072.764883813,1196316.0347024996
2026-06-28,1584073.6165476795,-2.34032974045258e-05,53.07356366517655,-76.4768610696169,0.0,758.1937666460689,1566.98,594037.2342295285,False,1188055.2124107596,1192714.614310931
2026-06-29,1584061.6155856866,-1.2000961992889643e-05,-37.90968833226896,25.90872633955789,0.0,758.1937666460689,1566.98,594037.2342295285,False,1188046.211689265,1191205.8087153053
2026-06-30,1584285.5165267966,0.00022390094110998326,75.81937666453793,148.08156444560353,0.0,758.1937666460689,1566.98,594037.2342295285,False,1188214.1373950974,1222299.3350854605
2026-07-01,1584115.2624660057,-0.00017025406079087407,-326.0233196578579,161.5417180326474,5.772459165645693,756.0302688227049,1571.48,594043.2234247521,True,1188090.7761938786,1191486.3404089643
2026-07-02,1584440.4193651744,0.0003251568991686217,151.20605376457536,173.9508454040983,0.0,756.0302688227049,1571.48,594043.2234247521,False,1188330.3145238808,1216354.418600785
2026-07-03,1584706.7692932342,0.000266349928059848,-30.24121075305259,296.5911388129383,0.0,756.0302688227049,1571.48,594043.2234247521,False,1188530.0769699258,1285168.293669028
2026-07-04,1584867.0527748037,0.00016028348156949505,98.28393494703415,299.7047432528318,237.7051966303283,676.3648150295621,1757.41,594325.1447905514,True,1188828.5684785757,1328655.15473171
2026-07-05,1585018.1169375288,0.00015106416272511706,-74.40012965318417,225.46429237839726,0.0,676.3648150295621,1757.41,594325.1447905514,False,1188763.5877031465,1203888.7888637187
2026-07-06,1585178.1109545778,0.00015999401704897172,-81.16377780347364,241.1577948524692,0.0,676.3648150295621,1757.41,594325.1447905514,False,1188883.5832159333,1207358.5403648205
2026-07-07,1585455.0473401244,0.0002769363855465781,94.69107410405257,182.24531144255437,0.0,676.3648150295621,1757.41,594325.1447905514,False,1189091.2855050932,1216672.0838677774
2026-07-08,1585603.8939764134,0.00014884663628903218,40.58188890173682,108.2647473873669,0.0,676.3648150295621,1757.41,594325.1447905514,False,1189202.92048231,1197618.8870283947
2026-07-09,1585851.6210778228,0.00024772710140934213,67.6364815028947,180.09061990659418,0.0,676.3648150295621,1757.41,594325.1447905514,False,1189388.7158083671,1178680.6722075671
2026-07-10,1585996.9661680537,0.00014534509023092688,20.290944451022195,125.0541457799272,0.0,676.3648150295621,1757.41,594325.1447905514,False,1189497.7246260403,1179756.0922634641
2026-07-11,1586100.536952485,0.00010357078443141654,-60.87283335275902,164.44361778410138,0.0,676.3648150295621,1757.41,594325.1447905514,False,1189575.4027143638,1214771.4987375445
2026-07-12,1586325.917955271,0.0002253810027858708,169.09120375739053,56.28979902858954,0.0,676.3648150295621,1757.41,594325.1447905514,False,1189744.4384664532,1208454.2513651685
2026-07-13,1586255.5379573535,-7.037999791745097e-05,-128.5093148556537,58.12931693822212,0.0,676.3648150295621,1757.41,594325.1447905514,False,1189691.6534680151,1221460.746758187
2026-07-14,1586268.9667749372,1.3428817583713681e-05,-114.98201855492098,128.4108361385485,0.0,676.3648150295621,1757.41,594325.1447905514,False,1189701.725081203,1201223.9114925023
2026-07-15,1586520.8337037554,0.00025186692881817,27.05459260115788,224.8123362168125,0.0,676.3648150295621,1757.41,594325.1447905514,False,1189890.6252778166,1279087.0289987056
2026-07-16,1586837.0374949072,0.00031620379115175455,135.2729630057894,180.9308281460543,0.0,676.3648150295621,1757.41,594325.1447905514,False,1190127.7781211804,1296530.477578318
2026-07-17,1587035.1684412067,0.00019813094629952683,20.290944451022195,177.84000184855867,0.0,676.3648150295621,1757.41,594325.1447905514,False,1190276.3763309051,1260561.396715046
2026-07-18,1587072.7135578725,3.754511666577309e-05,-81.16377780347364,118.70889446929553,0.0,676.3648150295621,1757.41,594325.1447905514,False,1190304.5351684042,1245241.7336546262
2026-07-19,1587204.1889471875,0.00013147538931504823,-1.5378755393375334e-10,131.4753893153502,0.0,676.3648150295621,1757.41,594325.1447905514,False,1190403.1417103906,1259222.1943812873
2026-07-20,1587224.6865923107,2.0497645123163237e-05,-74.40012965318417,94.89777477634524,0.0,676.3648150295621,1757.41,594325.1447905514,False,1190418.514944233,1265809.9876796752
2026-07-21,1587702.3576404958,0.0004776710481850896,344.94605566507056,132.72499251987807,0.0,676.3648150295621,1757.41,594325.1447905514,False,1190776.7682303719,1287467.1890569218
2026-07-22,1587507.8621338392,-0.00019449550665658898,-311.1278149136232,116.63230825708176,0.0,676.3648150295621,1757.41,594325.1447905514,False,1190630.8966003794,1304903.873988384
2026-07-23,1587528.8849739416,2.1022840102436022e-05,101.45472225449583,-80.43188215211082,0.0,676.3648150295621,1757.41,594325.1447905514,False,1190646.6637304563,1307622.8605448026
2026-07-24,1587565.527506246,3.664253230439499e-05,6.76364815028947,29.878884154201796,0.0,676.3648150295621,1757.41,594325.1447905514,False,1190674.1456296844,1269820.8310328005
2026-07-25,1587637.8788722244,7.23513659783639e-05,-67.6364815028947,139.98784748120644,0.0,676.3648150295621,1757.41,594325.1447905514,False,1190728.4091541683,1258430.8475477027
2026-07-26,1587729.386221459,9.150734923454001e-05,60.87283335260523,30.63451588191116,0.0,676.3648150295621,1757.41,594325.1447905514,False,1190797.0396660941,1267460.3178283474
2026-07-27,1587748.4560100182,1.906978855933994e-05,-20.29094445086841,261.2172630497926,221.85653003951575,609.4847691716212,1953.8,595405.6710037568,True,1190977.7344050433,1321481.5756047585
2026-07-28,1587865.2529747973,0.00011679696477903053,109.70725845079204,7.089706328268824,0.0,609.4847691716212,1953.8,595405.6710037568,False,1190898.939731098,1152797.7769542795
2026-07-29,1588031.8775086035,0.00016662453380622902,-6.094847691710669,172.7193814980508,0.0,609.4847691716212,1953.8,595405.6710037568,False,1191023.9081314527,1170899.4745986767
2026-07-30,1588123.6731579578,9.17956493543461e-05,-30.474238458553344,122.26988781282407,0.0,609.4847691716212,1953.8,595405.6710037568,False,1191092.7548684683,1163920.8739916617
2026-07-31,1588162.5551200795,3.888196212169714e-05,-18.284543075132007,57.16650519681919,0.0,609.4847691716212,1953.8,595405.6710037568,False,1191121.9163400596,1168571.242780441
