date,nav,basis_pnl,funding_pnl,switch_cost,venue,ret
2023-05-12,1000044.3708451337,0.0,44.37084513372693,0.0,binance,0.0
2023-05-13,1000040.2980094559,-68.7084326208664,64.63559694313051,0.0,binance,-4.072835677769035e-06
2023-05-14,1000159.5940341653,65.0407226945407,54.25530201479532,0.0,binance,0.00011929602470935788
2023-05-15,1000256.1887788237,79.22253440973786,17.372210248692962,0.0,binance,9.659474465844687e-05
2023-05-16,1000225.0286029849,-148.17548102565706,117.01530518680869,0.0,binance,-3.116017583885696e-05
2023-05-17,1000344.1815162445,-12.225699754685817,131.37861301436857,0.0,binance,0.00011915291325969156
2023-05-18,1000552.8617235791,18.827577622089844,189.85262971245157,0.0,binance,0.00020868020733457525
2023-05-19,1000672.9272514848,47.924743037998354,72.1407848676957,0.0,binance,0.00012006552790571004
2023-05-20,1000676.3294734703,-42.05640715575272,45.45862914117794,0.0,binance,3.4022219855105506e-06
2023-05-21,1000854.6965563383,65.04072269445176,113.32636017356049,0.0,binance,0.00017836708286800423
2023-05-22,1000959.7973925584,52.81502293985489,52.28581328022193,0.0,binance,0.00010510083622008097
2023-05-23,1001012.4182713861,-144.26325710427858,196.88413593199846,0.0,binance,5.2620878827641716e-05
2023-05-24,1001137.128098139,15.404381690816955,109.30544506215104,0.0,binance,0.00012470982675289268
2023-05-25,1001435.0500376684,131.79304335453995,166.12889617491197,0.0,binance,0.00029792193952947856
2023-05-26,1001520.4500399623,-73.35419852758119,158.75420082156703,0.0,binance,8.540000229387078e-05
2023-05-27,1001769.5577355202,98.53914002211121,150.56855553579683,0.0,binance,0.00024910769555787555
2023-05-28,1001881.3072351111,-84.35732830673615,196.10682789771317,0.0,binance,0.00011174949959095102
2023-05-29,1002002.2619511193,-84.8463562969307,205.80107230501125,0.0,binance,0.00012095471600815654
2023-05-30,1002255.834836749,124.21310950674683,129.3597761229861,0.0,binance,0.000253572885629721
2023-05-31,1002360.2962622211,2.4451399508837914,102.01628552121493,0.0,binance,0.0001044614254720509
2023-06-01,1002379.4344485875,-125.43567948209977,144.57386584850804,0.0,binance,1.913818636641372e-05
2023-06-02,1002619.0201918789,82.40121634595795,157.18452694544226,0.0,binance,0.00023958574329141993
2023-06-03,1002824.8663063025,52.81502293985489,153.03109148379986,0.0,binance,0.00020584611442359165
2023-06-04,1002977.7643954256,-11.492157769349516,164.3902468924494,0.0,binance,0.00015289808912307489
2023-06-05,1003122.1360078308,-37.16612725398514,181.53773965928087,0.0,binance,0.00014437161240528804
2023-06-06,1003104.4998066537,19.561119607426146,-37.197320784578714,0.0,binance,-1.7636201177141628e-05
2023-06-07,1003141.2874525285,-122.99053953130493,159.7781854060711,0.0,binance,3.6787645874777806e-05
2023-06-08,1003341.5047957839,119.07831560974854,81.13902764564142,0.0,binance,0.00020021734325541184
2023-06-09,1003443.9065938065,-20.05014759753174,122.45194562008749,0.0,binance,0.00010240179802256171
2023-06-10,1003466.9663073383,-73.84322651777573,96.90294004961413,0.0,binance,2.30597135318676e-05
2023-06-11,1003675.4190398311,122.74602553625213,85.70670695664543,0.0,binance,0.00020845273249282036
2023-06-12,1003795.1557313789,22.495287548415533,97.2414039993598,0.0,binance,0.00011973669154779054
2023-06-13,1003813.0961507072,-125.68019347724153,143.62061280542022,0.0,binance,1.7940419328282588e-05
2023-06-14,1004011.7557443249,142.79617313369494,55.863420484048795,0.0,binance,0.00019865959361766
2023-06-15,1003984.2453227715,-86.5579542626561,59.04753270930399,0.0,binance,-2.7510421553393825e-05
2023-06-16,1004010.3161306458,-5.13479389682038,31.205601771170464,0.0,binance,2.6070807874319145e-05
2023-06-17,1004104.1834285415,-82.64573034118865,176.51302823692075,0.0,binance,9.386729789571836e-05
2023-06-18,1004202.5343092189,-22.495287548326576,120.84616822562865,0.0,binance,9.835088067734614e-05
2023-06-19,1004366.3457411639,53.54856492510224,110.26286701995232,0.0,binance,0.00016381143194506875
2023-06-20,1004506.2105149885,131.30401536434542,8.560758460184232,0.0,binance,0.00013986477382457816
2023-06-21,1004674.4768630653,37.89966923923249,130.36667883753603,0.0,binance,0.00016826634807675145
2023-06-22,1004597.6368206977,-291.21616815449374,214.3761257868905,0.0,binance,-7.684004236757755e-05
2023-06-23,1004927.5473285755,110.76483977661913,219.1456681011488,0.0,binance,0.00032991050787782296
2023-06-24,1005277.0079529309,124.45762350179963,225.00300085357617,0.0,binance,0.00034946062435535713
2023-06-25,1005213.1228033772,-287.79297222322083,223.90782266955938,0.0,binance,-6.388514955365099e-05
2023-06-26,1005471.5105225507,34.965501298154145,223.42221787530676,0.0,binance,0.00025838771917345
2023-06-27,1005772.2145672569,78.73350641972122,221.97053828644593,0.0,binance,0.00030070404470618813
2023-06-28,1005984.5330329536,33.009389337287,179.30907635949782,0.0,binance,0.0002123184656967642
2023-06-29,1006220.2287399148,45.47960308720352,190.21610387399085,0.0,binance,0.00023569570696121083
2023-06-30,1006353.2925225018,-90.22566418898178,223.2894467759719,0.0,binance,0.00013306378258694894
2023-07-01,1006683.828008151,107.09712985029343,223.43835579898285,0.0,binance,0.0003305354856492486
2023-07-02,1006920.5684143112,12.470213749738615,224.27019241028563,0.0,binance,0.00023674040616012643
2023-07-03,1006950.0032535542,-195.12216808344422,224.55700732652846,0.0,binance,2.9434839243069292e-05
2023-07-04,1007248.9142771343,70.42003058650285,228.49099299356266,0.0,binance,0.00029891102358011996
2023-07-05,1007553.2566900874,78.73350641963226,225.60890653341394,0.0,binance,0.00030434241295303216
2023-07-06,1007842.6984546069,146.21936906487886,143.22239545470714,0.0,binance,0.0002894417645195499
2023-07-07,1007989.2343207045,115.41060568342286,31.12526041407333,0.0,binance,0.0001465358660975471
2023-07-08,1007941.0328543319,-108.07518583059358,59.87371945797917,0.0,binance,-4.8201466372585856e-05
2023-07-09,1008048.2421978163,-31.053277376686708,138.26262086104495,0.0,binance,0.00010720934348437004
2023-07-10,1008028.3698097903,-61.617526763178866,41.745138737240815,0.0,binance,-1.987238802597858e-05
2023-07-11,1008221.7556571224,43.034463136141824,150.3513841959491,0.0,binance,0.00019338584733207245
2023-07-12,1008336.4700852486,-21.272717572973637,135.98714569922112,0.0,binance,0.0001147144281262299
2023-07-13,1008311.3961811292,-66.01877867484086,40.9448745554291,0.0,binance,-2.5073904119431972e-05
2023-07-14,1008579.4441592208,37.41064124912689,230.63733684247964,0.0,binance,0.0002680479780916357
2023-07-15,1008718.0719207041,148.4199950207988,-9.79223353753957,0.0,binance,0.00013862776148330886
2023-07-16,1008685.4066168398,-138.8839492122275,106.21864534801011,0.0,binance,-3.266530386428349e-05
2023-07-17,1008849.4862112934,50.8589109790767,113.22068347441052,0.0,binance,0.0001640795944535639
2023-07-18,1008908.4239888834,-75.55482448341218,134.49260207347868,0.0,binance,5.893777759000659e-05
2023-07-19,1009110.6087896223,34.965501298154145,167.2192994407298,0.0,binance,0.00020218480073893442
2023-07-20,1009247.7356730024,6.601877867492981,130.52500551267914,0.0,binance,0.00013712688338011504
2023-07-21,1009186.2622777033,-115.16609168828111,53.69269638919515,0.0,binance,-6.147339529916645e-05
2023-07-22,1009240.329264624,29.830707401244812,24.23627951950777,0.0,binance,5.406698692077771e-05
2023-07-23,1009409.184854214,6.601877867492981,162.25371172244553,0.0,binance,0.00016885558958991897
2023-07-24,1009645.8415300284,57.705302841622476,178.95137297275676,0.0,binance,0.00023665667581441812
2023-07-25,1009813.8872706835,-3.6677099263256867,171.71345058149876,0.0,binance,0.00016804574065515772
2023-07-26,1009994.2905148462,0.24451399505279767,180.15873016769217,0.0,binance,0.00018040324416267685
2023-07-27,1010144.1103309718,79.22253440982682,70.59728171568801,0.0,binance,0.00014981981612555682
2023-07-28,1010221.8188030348,-72.62065654233383,150.32912860547,0.0,binance,7.770847206306643e-05
2023-07-29,1010408.4910809272,28.363623430661164,158.3086544617136,0.0,binance,0.00018667227789235768
2023-07-30,1010529.794194853,-8.313475833040473,129.61658975886473,0.0,binance,0.00012130311392585282
2023-07-31,1010562.8044311869,-95.60497208103287,128.615208414838,0.0,binance,3.301023633382283e-05
2023-08-01,1010766.0115558446,38.38869722942704,164.81842742824625,0.0,binance,0.00020320712465769612
2023-08-02,1010820.7914932491,-163.09083472627947,217.87077213073945,0.0,binance,5.4779937404557134e-05
2023-08-03,1011303.9770660343,269.2099085961838,213.9756641889249,0.0,binance,0.00048318557278520893
2023-08-04,1011449.5674696958,-55.01564889559693,200.6060525571718,0.0,binance,0.0001455904036614811
2023-08-05,1011605.7370177028,-15.893409681011505,172.06295768796457,0.0,binance,0.00015616954800696113
2023-08-06,1011856.2980884073,37.41064124903794,213.1504294554896,0.0,binance,0.00025056107070448345
2023-08-07,1012006.5522017573,-46.45765906750366,196.71177241748768,0.0,binance,0.00015025411335006355
2023-08-08,1012083.6728244234,-101.96233595329515,179.08295861934062,0.0,binance,7.7120622666087e-05
2023-08-09,1012353.6229929291,77.02190845390687,192.92826005174808,0.0,binance,0.00026995016850566025
2023-08-10,1012498.921251685,-59.17238681220612,204.47064556807274,0.0,binance,0.00014529825875593815
2023-08-11,1012766.8111453903,72.62065654224489,195.26923716301525,0.0,binance,0.0002678898937052581
2023-08-12,1012939.9322443363,-37.655155244090736,210.77625419008075,0.0,binance,0.00017312109894608148
2023-08-13,1013089.291234129,-27.874595440466617,177.233585233133,0.0,binance,0.00014935898979264313
2023-08-14,1013332.7780259275,28.608137425713963,214.87865437279936,0.0,binance,0.0002434867917984957
2023-08-15,1013569.8551278587,21.272717572973637,215.80438435821748,0.0,binance,0.00023707710193120873
2023-08-16,1013776.388030551,-7.579933847882079,214.11283654017143,0.0,binance,0.00020653290269232822
2023-08-17,1014109.2772079171,122.25699754596863,210.63217982003772,0.0,binance,0.00033288917736604346
2023-08-18,1014148.9712832096,-58.68335882201158,98.3774341145926,0.0,binance,3.969407529255841e-05
2023-08-19,1014069.7049700362,-41.811893160699924,-37.454420012803645,0.0,binance,-7.926631317345891e-05
2023-08-20,1014011.5228310633,-9.536045808660274,-48.64609316427784,0.0,binance,-5.818213897291571e-05
2023-08-21,1014049.3654698584,60.88398477793152,-23.04134598285735,0.0,binance,3.784263879514765e-05
2023-08-22,1013991.465950724,-63.08461073376252,5.185091599388274,0.0,binance,-5.789951913442928e-05
2023-08-23,1014009.620622653,-0.733541985158393,18.888213914180035,0.0,binance,1.8154671929078176e-05
2023-08-24,1014088.6244668753,49.39182700849305,29.612017213785258,0.0,binance,7.900384422228671e-05
2023-08-25,1014183.1529955813,47.435715047892764,47.09281365810719,0.0,binance,9.452852870593778e-05
2023-08-26,1014079.9880481074,-174.82750649077073,71.662559016787,0.0,binance,-0.0001031649474739097
2023-08-27,1014230.609847666,116.8776896540065,33.744109904595085,0.0,binance,0.00015062179955863394
2023-08-28,1014312.064120677,26.89653946007752,54.55773355087669,0.0,binance,8.145427301095333e-05
2023-08-29,1014254.9600003604,-16.62695166625885,-40.47716865019383,0.0,binance,-5.710412031656597e-05
2023-08-30,1014420.4574773605,66.99683465522995,98.50064234493367,0.0,binance,0.00016549747700011358
2023-08-31,1014377.1201394332,-162.60180673617387,119.26446880890568,0.0,binance,-4.333733792731073e-05
2023-09-01,1014548.735719865,77.75545043924318,93.8601299925312,0.0,binance,0.00017161558043176774
2023-09-02,1014498.3259725858,-81.42316036556886,31.013413086389015,0.0,binance,-5.0409747279132716e-05
2023-09-03,1014653.3272063412,104.65198989932068,50.349243856030164,0.0,binance,0.00015500123375537805
2023-09-04,1014560.285354659,-112.72095173739731,19.679100055126792,0.0,binance,-9.304185168223921e-05
2023-09-05,1014665.7297449744,71.39808656680299,34.04630374862183,0.0,binance,0.00010544439031544608
2023-09-06,1014682.0118554481,9.291531813518523,6.99057866015222,0.0,binance,1.628211047372315e-05
2023-09-07,1014777.5837432696,3.4231959312728892,92.14869189013764,0.0,binance,9.557188782142475e-05
2023-09-08,1014803.0242378814,42.789949141089025,-17.34945452928833,0.0,binance,2.5440494611859323e-05
2023-09-09,1014687.1528458432,-90.47017818403458,-25.401213854162968,0.0,binance,-0.00011587139203818515
2023-09-10,1014684.9409375227,-39.12223921467438,36.91033089412099,0.0,binance,-2.2119083205470817e-06
2023-09-11,1014808.8628925765,102.6958779385425,21.226077115268346,0.0,binance,0.00012392195505381097
2023-09-12,1014811.3140992131,-26.16299747483017,28.614204111391686,0.0,binance,2.4512066366150974e-06
2023-09-13,1014906.6889067984,53.05953693499664,42.31527065031831,0.0,binance,9.537480758526362e-05
2023-09-14,1014847.390765436,-53.79307892024399,-5.505062442205784,0.0,binance,-5.9298141362378374e-05
2023-09-15,1014882.4189448892,8.068961838076628,26.959217615232774,0.0,binance,3.502817945322022e-05
2023-09-16,1014738.2411874338,-86.55795426247819,-57.6198031929082,0.0,binance,-0.00014417775745538528
2023-09-17,1014848.115589397,92.42629014463488,17.44811181847281,0.0,binance,0.00010987440196319949
2023-09-18,1014820.0637989189,15.404381690816955,-43.45617216897251,0.0,binance,-2.8051790478173644e-05
2023-09-19,1014794.7065058666,-17.1159796564534,-8.241313395810364,0.0,binance,-2.535729305224959e-05
2023-09-20,1014788.4077926371,42.789949141089025,-49.088662370629876,0.0,binance,-6.2987132294802e-06
2023-09-21,1014938.35390051,72.37614254719209,77.56996532569265,0.0,binance,0.0001499461078728782
2023-09-22,1014913.7864744156,-44.746061101689314,20.17863500729096,0.0,binance,-2.4567426094436085e-05
2023-09-23,1014918.7377641535,-49.88085499886551,54.83214473672512,0.0,binance,4.951289737946354e-06
2023-09-24,1014947.6186833484,-11.492157769260563,40.37307696411423,0.0,binance,2.8880919194896706e-05
2023-09-25,1015099.05435329,73.84322651768677,77.59244342390724,0.0,binance,0.00015143566994159482
2023-09-26,1015060.9521141086,-41.322865170505374,3.2206259891702445,0.0,binance,-3.8102239181404e-05
2023-09-27,1015127.3398999055,-32.2758473521286,98.6636331489846,0.0,binance,6.638778579689096e-05
2023-09-28,1015101.2644911581,10.269587793907622,-36.3449965412384,0.0,binance,-2.6075408747419714e-05
2023-09-29,1014971.0204379717,-90.71469217917634,-39.52936100713092,0.0,binance,-0.0001302440531863831
2023-09-30,1015153.2870648523,155.75541487353914,26.511212006970872,0.0,binance,0.0001822666268806206
2023-10-01,1015026.4522183405,-109.78678379623003,-17.048062715616886,0.0,binance,-0.00012683484651183243
2023-10-02,1015051.6864232433,-9.536045808571322,34.770250711313444,0.0,binance,2.523420490277931e-05
2023-10-03,1015245.3748933703,137.66137923669663,56.02709089029769,0.0,binance,0.000193688470127061
2023-10-04,1015250.4999282247,-57.705302841622476,62.830337696055764,0.0,binance,5.125034854398109e-06
2023-10-05,1015288.1398241083,108.07518583059358,-70.43528994691823,0.0,binance,3.7639895883621645e-05
2023-10-06,1015103.4740995312,-165.780488672305,-18.88523590487961,0.0,binance,-0.00018466572457714937
2023-10-07,1015217.9011263477,66.26329266989366,48.1637341466017,0.0,binance,0.00011442702681652736
2023-10-08,1015234.3472093001,-27.63008144541382,44.07616439787317,0.0,binance,1.6446082952432336e-05
2023-10-09,1015392.5829531119,53.548564925191194,104.68717888643882,0.0,binance,0.0001582357438117033
2023-10-10,1015377.6077703576,-101.22879396813676,86.25361121385639,0.0,binance,-1.4975182754220441e-05
2023-10-11,1015444.3970608248,-70.90905857660844,137.698349043728,0.0,binance,6.678929046716075e-05
2023-10-12,1015629.3351580502,53.79307892024399,131.1450183052068,0.0,binance,0.00018493809722538573
2023-10-13,1015785.6011905216,112.72095173739731,43.545080734075476,0.0,binance,0.00015626603247143793
2023-10-14,1015735.5068181757,-81.42316036565781,31.32878801970338,0.0,binance,-5.009437234594952e-05
2023-10-15,1015860.7884183375,92.42629014472382,32.85531001707153,0.0,binance,0.0001252816001618048
2023-10-16,1015885.8179915806,-42.54543514594727,67.5750083890529,0.0,binance,2.5029573243111373e-05
2023-10-17,1015884.7199799195,3.1786819362200918,-4.276693597289899,0.0,binance,-1.0980116610880941e-06
2023-10-18,1015850.7976902459,-13.692783725180512,-20.229505948358646,0.0,binance,-3.3922289673588235e-05
2023-10-19,1015736.0442067307,-27.14105345521927,-87.61243006010598,0.0,binance,-0.0001147534835152328
2023-10-20,1015799.0420250212,95.60497208094391,-32.6071537904115,0.0,binance,6.299781829048879e-05
2023-10-21,1015845.3750425907,-16.1379236760643,62.470941245509835,0.0,binance,4.6333017569500954e-05
2023-10-22,1015865.4168521141,-40.34480919020523,60.386618713767476,0.0,binance,2.0041809523478152e-05
2023-10-23,1015919.2823373011,-81.6676743607106,135.53315954760467,0.0,binance,5.3865485186921435e-05
2023-10-24,1015793.4114229076,-368.48259060354235,242.61167621012203,0.0,binance,-0.00012587091439345387
2023-10-25,1016280.3634892732,238.156631219675,248.7954351459971,0.0,binance,0.00048695206636562943
2023-10-26,1016594.9635088344,61.61752676308991,252.98249279795147,0.0,binance,0.0003146000195611268
2023-10-27,1016586.5571176832,-258.9403208022762,250.53392965110078,0.0,binance,-8.406391151132994e-06
2023-10-28,1016863.2970792723,28.11910943560837,248.62085215350143,0.0,binance,0.0002767399615891045
2023-10-29,1017003.3060373759,-110.03129779137177,250.04025589501015,0.0,binance,0.00014000895810360088
2023-10-30,1017329.2084718461,72.62065654215593,253.28177792794395,0.0,binance,0.000325902434470132
2023-10-31,1017427.1397500762,-155.02187288838076,252.95315111854046,0.0,binance,9.793127823015675e-05
2023-11-01,1017618.7267348185,-62.595582743479014,254.18256748586268,0.0,binance,0.0001915869847423164
2023-11-02,1017769.8669480348,-108.80872781584092,259.94894103211584,0.0,binance,0.00015114021321630572
2023-11-03,1018455.2893126187,429.1220613864211,256.3003031973539,0.0,binance,0.000685422364583821
2023-11-04,1019071.7127619552,361.8807127359604,254.54273660063308,0.0,binance,0.0006164234493365511
2023-11-05,1018744.0862593057,-584.8774762598713,257.2509736102714,0.0,binance,-0.00032762650264950933
2023-11-06,1018855.0381522886,-145.974855069915,256.9267480527795,0.0,binance,0.00011095189298293554
2023-11-07,1019165.9927126968,53.79307892015504,257.16148148806775,0.0,binance,0.00031095456040813586
2023-11-08,1019524.4979097306,98.78365401716401,259.72154301668036,0.0,binance,0.0003585051970338682
2023-11-09,1020004.9752261653,131.79304335471787,348.6842730798983,0.0,binance,0.0004804773164346116
2023-11-10,1019885.493552249,-403.93711989198,284.4554459757442,0.0,binance,-0.00011948167391621973
2023-11-11,1020013.3894157723,-248.6707330086354,376.56659653190246,0.0,binance,0.00012789586352324113
2023-11-12,1020530.2496930913,-84.11281431150545,600.9730916305082,0.0,binance,0.0005168602773189777
2023-11-13,1021369.4192133815,260.16289077780704,579.0066295123946,0.0,binance,0.0008391695202902192
2023-11-14,1021755.6673237241,-44.012519116441965,430.2606294590462,0.0,binance,0.0003862481103426544
2023-11-15,1022392.3262622665,375.81801045619375,260.8409280862112,0.0,binance,0.0006366589385423577
2023-11-16,1022262.6930382939,-474.3571504783939,344.72392650576165,0.0,binance,-0.00012963322397263255
2023-11-17,1022890.1844136185,362.12522673128007,265.3661485933777,0.0,binance,0.0006274913753246655
2023-11-18,1023268.8527237156,110.03129779137177,268.6370123057226,0.0,binance,0.00037866831009706947
2023-11-19,1023419.8222661632,-117.36671764420106,268.33626009175947,0.0,binance,0.000150969542447594
2023-11-20,1023616.7230290468,-77.26642244913758,274.16718533271694,0.0,binance,0.00019690076288359705
2023-11-21,1023943.8529237725,52.325994949838254,274.80389977593626,0.0,binance,0.00032712989472574554
2023-11-22,1024657.3716579903,451.3728349396949,262.1458992780169,0.0,binance,0.0007135187342177378
2023-11-23,1024692.1916734612,-239.6237151901697,274.4437306611659,0.0,binance,3.482001547096297e-05
2023-11-24,1025088.507781154,122.74602553607423,273.57008215670237,0.0,binance,0.00039631610769277903
2023-11-25,1025546.0396791161,180.94035636806916,276.59154159405347,0.0,binance,0.00045753189796209336
2023-11-26,1025986.898656781,163.82437671170473,277.03460095316,0.0,binance,0.00044085897766484413
2023-11-27,1026152.7126438705,-108.80872781601883,274.62271490557316,0.0,binance,0.00016581398708955385
2023-11-28,1026396.0118934348,-29.830707401244812,273.1299569655369,0.0,binance,0.0002432992495642975
2023-11-29,1026638.6578016042,-34.72098730301239,277.36689547249,0.0,binance,0.00024264590816944838
2023-11-30,1027174.6608424694,258.45129281234847,277.55174805277943,0.0,binance,0.0005360030408651801
2023-12-01,1027197.5246126084,-253.80552690554475,276.6692970444927,0.0,binance,2.2863770138937978e-05
2023-12-02,1027818.2076653346,379.9747483728919,240.7083043532383,0.0,binance,0.0006206830527262063
2023-12-03,1027927.5183803824,-179.96230038768007,289.2730154355017,0.0,binance,0.00010931071504787542
2023-12-04,1027663.5396041973,-557.2473948145464,293.26861862929906,0.0,binance,-0.00026397877618519126
2023-12-05,1028107.0373768971,135.4607532809546,308.0370194188569,0.0,binance,0.00044349777269980404
2023-12-06,1028286.6209251065,-143.77422911399506,323.3577773233275,0.0,binance,0.00017958354820939713
2023-12-07,1028496.9648229262,-110.76483977661913,321.10873759647194,0.0,binance,0.00021034389781975188
2023-12-08,1028808.3863757234,-255.27261087603944,566.6941636732226,0.0,binance,0.0003114215527971974
2023-12-09,1029059.4914920231,-385.1095422698012,636.2146585695488,0.0,binance,0.0002511051162997028
2023-12-10,1030194.7785355821,439.88067717034534,695.4063663886617,0.0,binance,0.0011352870435590158
2023-12-11,1030567.0571504548,0.24451399514175134,372.03410087758294,0.0,binance,0.0003722786148727173
2023-12-12,1030940.9515693118,71.15357257183915,302.74084628516556,0.0,binance,0.00037389441885694397
2023-12-13,1031174.8058821117,-118.10025962962631,351.9545724294911,0.0,binance,0.00023385431279987097
2023-12-14,1031893.982670176,404.67066187722736,314.5061261870044,0.0,binance,0.0007191767880643019
2023-12-15,1032110.1254619034,-99.51719600241135,315.65998772984324,0.0,binance,0.00021614279172744137
2023-12-16,1031985.9221329564,-432.05622932741045,307.8529003805527,0.0,binance,-0.00012420332894695456
2023-12-17,1032744.3121194413,448.1941530033858,310.19583348152366,0.0,binance,0.0007583899864848936
2023-12-18,1032831.1292379018,-307.5986058255219,394.4157242860191,0.0,binance,8.68171184604289e-05
2023-12-19,1033338.7779468679,194.63314009316073,313.0155688729239,0.0,binance,0.000507648708966095
2023-12-20,1033594.5810168211,-200.74598997045916,456.54905992371164,0.0,binance,0.0002558030699532246
2023-12-21,1034071.7929005412,-434.50136927847217,911.7132529986309,0.0,binance,0.0004772118837201269
2023-12-22,1035044.8761906949,131.30401536443438,841.7792747892735,0.0,binance,0.0009730832901536487
2023-12-23,1035598.5563510783,108.80872781601883,444.87143256748584,0.0,binance,0.000553680160383461
2023-12-24,1036312.5258172109,173.84945051038164,540.1200156222214,0.0,binance,0.0007139694661325775
2023-12-25,1037071.871468845,150.3761069813991,608.9695446527013,0.0,binance,0.0007593456516341539
2023-12-26,1037641.4854067275,-461.6424227335135,1031.2563606159085,0.0,binance,0.0005696139378824737
2023-12-27,1038808.825824184,149.3980510011879,1017.9423664553474,0.0,binance,0.001167340417456464
2023-12-28,1039998.1647333313,115.6551196783867,1073.6837894690048,0.0,binance,0.0011893389091473072
2023-12-29,1041304.407793144,-278.7459544046662,1584.9890142173772,0.0,binance,0.0013062430598126957
2023-12-30,1042682.4873663449,200.01244798521182,1178.067125215617,0.0,binance,0.0013780795732008992
2023-12-31,1043529.6763163684,-143.04068712892564,990.2296371523456,0.0,binance,0.0008471889500234975
2024-01-01,1044633.7078684989,87.780524238098,1016.2510278923783,0.0,binance,0.0011040315521304727
2024-01-02,1045810.2749996273,-497.09695202195115,1673.6640831503187,0.0,binance,0.001176567131128395
2024-01-03,1046780.4355926273,439.1471351852759,531.0134578146672,0.0,binance,0.0009701605930000078
2024-01-04,1047792.1085796101,697.3539140021269,314.319072980759,0.0,binance,0.001011672986982856
2024-01-05,1048398.8245788275,282.9026923211864,323.8133068961838,0.0,binance,0.0006067159992173547
2024-01-06,1048539.7524205248,-182.89646832866944,323.824310025963,0.0,binance,0.00014092784169735388
2024-01-07,1049153.164190984,290.97165415944096,322.4401162997475,0.0,binance,0.0006134117704592645
2024-01-08,1049484.8491369244,9.536045808571322,322.14890013159305,0.0,binance,0.0003316849459402729
2024-01-09,1049006.1342580256,-823.2786214745101,344.56374257566597,0.0,binance,-0.00047871487889881244
2024-01-10,1049776.210790906,431.8117153322687,338.26481754810266,0.0,binance,0.0007700765328805428
2024-01-11,1049993.8013499985,-124.70213749685243,342.29269658925205,0.0,binance,0.0002175905590923503
2024-01-12,1050584.5806605578,250.87135896437746,339.9079515951204,0.0,binance,0.0005907793105593883
2024-01-13,1050714.5814163282,-183.87452430923645,313.87528007966716,0.0,binance,0.00013000075577036476
2024-01-14,1051220.8212356544,191.9434861471352,314.2963331792155,0.0,binance,0.0005062398193262052
2024-01-15,1051425.7354556993,-101.2287939680478,306.1430140128748,0.0,binance,0.00020491422004485503
2024-01-16,1051704.591441402,-33.00938933737595,311.86537504001143,0.0,binance,0.00027885598570271395
2024-01-17,1052237.1404775723,216.15037166136506,316.39866450901593,0.0,binance,0.000532549036170356
2024-01-18,1052253.8894417218,-297.0845040369173,313.8334681865064,0.0,binance,1.67489641495049e-05
2024-01-19,1052838.6925857274,281.68012234618925,303.12302165949427,0.0,binance,0.0005848031440055929
2024-01-20,1052963.8502527971,-180.45132837796356,305.608995447594,0.0,binance,0.0001251576670696959
2024-01-21,1053448.6613546216,178.98424440729096,305.82685741722094,0.0,binance,0.0004848111018245108
2024-01-22,1053660.0185184372,-93.64886012025467,305.0060239356973,0.0,binance,0.0002113571638155263
2024-01-23,1053962.485509048,12.225699754596864,290.24129085606575,0.0,binance,0.00030246699061081743
2024-01-24,1054420.6306481096,165.53597467716327,292.6091643845361,0.0,binance,0.000458145139061613
2024-01-25,1054675.5032340898,-39.12223921467438,293.99482519472207,0.0,binance,0.0002548725859802216
2024-01-26,1055010.1448432587,41.56737916555817,293.07423000320097,0.0,binance,0.00033464160916884427
2024-01-27,1055516.751752033,227.88704342585632,278.7198653483658,0.0,binance,0.0005066069087742363
2024-01-28,1055803.5610187799,32.2758473521286,254.53341939485009,0.0,binance,0.0002868092667469755
2024-01-29,1055893.195401769,-209.79300778874696,299.42739077782124,0.0,binance,8.963438298902475e-05
2024-01-30,1056282.6205553147,128.6143614182309,260.81079212753855,0.0,binance,0.0003894251535458025
2024-01-31,1056703.1386626917,188.03126222557879,232.4868451515098,0.0,binance,0.0004205181073769927
2024-02-01,1056934.6481809546,-80.68961838023256,312.19913664331193,0.0,binance,0.0002315095182629302
2024-02-02,1057026.8734805954,-223.7303055091582,315.95560514990933,0.0,binance,9.222529964079149e-05
2024-02-03,1057474.4479994362,186.80869225022585,260.7658265906747,0.0,binance,0.00044757451884075997
2024-02-04,1057777.2474403705,17.360493651506196,285.4389472827827,0.0,binance,0.00030279944093432277
2024-02-05,1057939.8758991319,-149.64256499632967,312.271023757869,0.0,binance,0.00016262845876137725
2024-02-06,1058297.5711109634,78.73350641963226,278.9617054117616,0.0,binance,0.00035769521183148025
2024-02-07,1058620.2159819624,99.27268200744751,223.37218899153538,0.0,binance,0.0003226448709990364
2024-02-08,1058911.6132096737,84.11281431150545,207.28441339981154,0.0,binance,0.00029139722771127707
2024-02-09,1059071.8740641659,-93.89337411504061,254.15422860724829,0.0,binance,0.00016026085449219682
2024-02-10,1059326.9467995458,-67.97489063570801,323.04762601584457,0.0,binance,0.00025507273537991567
2024-02-11,1059721.097980326,44.01251911661987,350.1386616637622,0.0,binance,0.0003941511807802599
2024-02-12,1059540.4270783805,-534.9966212612726,354.3257193157165,0.0,binance,-0.0001806709019455593
2024-02-13,1059346.358276588,-560.4260767506776,366.3572749582104,0.0,binance,-0.00019406880179257131
2024-02-14,1060460.4493445626,721.8053135113206,392.28575446349186,0.0,binance,0.0011140910679746886
2024-02-15,1060079.421474413,-761.1720667211367,380.14419657146925,0.0,binance,-0.0003810278701495845
2024-02-16,1060693.3843794172,233.26635131772952,380.696553686382,0.0,binance,0.0006139629050041549
2024-02-17,1061001.1031141619,-151.8431909520717,459.56192569664256,0.0,binance,0.0003077187347447034
2024-02-18,1061328.5979166834,-299.7741579827649,627.2689605043213,0.0,binance,0.00032749480252154174
2024-02-19,1062009.5859616494,-33.2539033325177,714.2419482986272,0.0,binance,0.0006809880449660122
2024-02-20,1062518.9350107654,-18.094035636753546,527.4430847529965,0.0,binance,0.0005093490491160192
2024-02-21,1062930.1763130159,11.73667176431336,399.504630486005,0.0,binance,0.00041124130225041883
2024-02-22,1063630.8370055084,243.53593911154817,457.1247533809617,0.0,binance,0.0007006606924925
2024-02-23,1064045.7762399327,0.978055980389098,413.9611784440908,0.0,binance,0.00041493923442438243
2024-02-24,1064436.0589647968,17.8495216417897,372.43320322225,0.0,binance,0.00039028272486408243
2024-02-25,1064809.7023595225,-150.13159298643527,523.7749877120604,0.0,binance,0.00037364339472563006
2024-02-26,1065713.2052940126,-52.815022939943844,956.3179574301134,0.0,binance,0.0009035029344900976
2024-02-27,1067449.5657669385,20.294661592851398,1716.0658113330014,0.0,binance,0.0017363604729259386
2024-02-28,1068853.03629201,-47.19120105292892,1450.66172612432,0.0,binance,0.0014034705250714906
2024-02-29,1071490.6668893155,-455.77408685135686,3093.4046841568265,0.0,binance,0.002637630597305484
2024-03-01,1073543.3347162262,-403.93711989198,2456.6049468026463,0.0,binance,0.002052667826910736
2024-03-02,1076511.257442104,724.0059394674184,2243.916786410357,0.0,binance,0.0029679227258777247
2024-03-03,1078299.214383647,-242.55788313133698,2030.514824674574,0.0,binance,0.0017879569415431469
2024-03-04,1080565.0175092916,-291.2161681544048,2557.019293799125,0.0,binance,0.0022658031256445684
2024-03-05,1084576.1446106785,335.9622292564499,3675.1648721302954,0.0,binance,0.004011127101386897
2024-03-06,1087106.488819142,667.523206600882,1862.8210018627524,0.0,binance,0.002530344208463561
2024-03-07,1088390.886000918,-745.0341430453393,2029.4313248212825,0.0,binance,0.0012843971817758865
2024-03-08,1090874.6550625623,174.582992495629,2309.186069148558,0.0,binance,0.002483769061644329
2024-03-09,1091930.8917825273,-224.46384749422762,1280.7005674591883,0.0,binance,0.0010562367199650035
2024-03-10,1094642.4464040198,222.01870754352174,2489.5359139488564,0.0,binance,0.0027115546214925125
2024-03-11,1097709.1217516165,24.451399509193728,3042.2239480874564,0.0,binance,0.00306667534759664
2024-03-12,1099407.9934483329,-730.6078173344666,2429.479514050663,0.0,binance,0.0016988716967164072
2024-03-13,1102508.0057089266,599.0592879748905,2500.9529726188784,0.0,binance,0.003100012260593707
2024-03-14,1104225.8219467541,-95.36045808606903,1813.1766959135043,0.0,binance,0.00171781623782753
2024-03-15,1105136.301028102,-280.21303837516086,1190.6921197229435,0.0,binance,0.0009104790813478175
2024-03-16,1106407.0052172157,352.10015293224734,918.6040361814028,0.0,binance,0.001270704189113807
2024-03-17,1107343.3304437024,46.45765906768157,889.867567419177,0.0,binance,0.0009363252264866606
2024-03-18,1108548.8059828272,-99.51719600223345,1304.9927351268807,0.0,binance,0.0012054755391248035
2024-03-19,1109980.7302981878,108.31969982555742,1323.6046155350857,0.0,binance,0.0014319243153606076
2024-03-20,1110976.4950367913,325.4481274674895,670.3166111360565,0.0,binance,0.000995764738603495
2024-03-21,1111812.8974038379,19.561119607248237,816.8412474392717,0.0,binance,0.0008364023670465686
2024-03-22,1112359.3418606967,-66.75232065999924,613.1967775189387,0.0,binance,0.0005464444568587933
2024-03-23,1113064.086659275,223.97481950412202,480.7699790740478,0.0,binance,0.000704744798578322
2024-03-24,1113681.0681776712,-22.49528754859344,639.4768059448022,0.0,binance,0.0006169815183961764
2024-03-25,1114341.8766630006,-501.7427179283991,1162.5512032578154,0.0,binance,0.000660808485329384
2024-03-26,1115740.4781917685,251.84941494441074,1146.752113823488,0.0,binance,0.0013986015287679621
2024-03-27,1117104.6794032645,-381.6863463381725,1745.8875578342286,0.0,binance,0.0013642012114960234
2024-03-28,1118368.2399206203,-156.48895685905333,1420.049474214888,0.0,binance,0.0012635605173557996
2024-03-29,1119755.6825504529,107.83067183562973,1279.6119579969413,0.0,binance,0.0013874426298325416
2024-03-30,1121355.3555560985,125.43567948192187,1474.2373261638868,0.0,binance,0.001599673005645629
2024-03-31,1123106.4621718028,-165.2914606820215,1916.3980763861719,0.0,binance,0.0017511066157042514
2024-04-01,1124827.8866470535,-566.538926627976,2287.963401878757,0.0,binance,0.0017214244752507657
2024-04-02,1126267.2244898176,802.2504178965893,637.0874248675179,0.0,binance,0.0014393378427641
2024-04-03,1127035.7495813994,288.03748621827367,480.4876053633034,0.0,binance,0.0007685250915817451
2024-04-04,1128250.2882501765,730.6078173348225,483.9308514421881,0.0,binance,0.0012145386687770952
2024-04-05,1128912.3573276028,159.66763879500658,502.401438631433,0.0,binance,0.0006620690774263348
2024-04-06,1129332.377111008,-77.51093644410142,497.5307198492016,0.0,binance,0.0004200197834051214
2024-04-07,1129829.7295801546,-8.068961838076628,505.4214309848136,0.0,binance,0.0004973524691467173
2024-04-08,1130843.4987979168,77.75545043942108,936.0137673227051,0.0,binance,0.0010137692177621647
2024-04-09,1130536.438058255,-1368.789344524921,1061.7286048631613,0.0,binance,-0.00030706073966179975
2024-04-10,1131487.387175853,369.21613258896764,581.7329850090694,0.0,binance,0.000950949117597891
2024-04-11,1132234.9631912748,-183.87452430923645,931.4505397313013,0.0,binance,0.0007475760154218878
2024-04-12,1133108.8244403233,32.7648753422342,841.0963737062988,0.0,binance,0.0008738612490484957
2024-04-13,1134322.6144072474,721.3162855215708,492.4736814027101,0.0,binance,0.001213789966924116
2024-04-14,1134906.5605296998,114.92157769296145,469.0245447593982,0.0,binance,0.0005839461224523839
2024-04-15,1136750.3761049993,1494.7140519973043,349.10152330218375,0.0,binance,0.0018438155752995517
2024-04-16,1136586.0364553386,-458.70825479288,294.3686051321265,0.0,binance,-0.00016433964966074564
2024-04-17,1136875.061007071,32.03133335716476,256.99321837544903,0.0,binance,0.0002890245517324656
2024-04-18,1136881.2042702103,-137.4168652417328,143.5601283809617,0.0,binance,6.143263139296323e-06
2024-04-19,1137081.081366251,54.03759291529679,145.83950312533344,0.0,binance,0.00019987709604064004
2024-04-20,1137425.6443951393,134.971725290849,209.59130359746774,0.0,binance,0.0003445630288883112
2024-04-21,1137886.479281258,312.2443717325035,148.59051438631434,0.0,binance,0.00046083488611876964
2024-04-22,1137645.285470992,-365.0593946722695,123.86558440623114,0.0,binance,-0.00024119381026597693
2024-04-23,1138010.1145936071,317.134651634449,47.69447098063449,0.0,binance,0.0003648291226150468
2024-04-24,1137900.4762015399,-333.02806131546055,223.38966924814167,0.0,binance,-0.00010963839206728152
2024-04-25,1138380.6315735125,288.03748621827367,192.11788575417006,0.0,binance,0.00048015537197259255
2024-04-26,1138015.8150626116,-490.2505601594054,125.43404925845576,0.0,binance,-0.00036481651090085505
2024-04-27,1138375.5816107143,43.27897713137253,316.4875709712985,0.0,binance,0.00035976654810272155
2024-04-28,1138885.7012500628,483.6486822918235,26.470957056673903,0.0,binance,0.0005101196393484716
2024-04-29,1138849.1425468228,-265.5421986698581,228.98349542981114,0.0,binance,-3.655870324000716e-05
2024-04-30,1139138.3200320096,-161.86826475092653,451.0457499377601,0.0,binance,0.0002891774851868395
2024-05-01,1139497.9184065163,-68.21940463049394,427.8177791371768,0.0,binance,0.0003595983745066915
2024-05-02,1140570.1958097776,891.4980261051819,180.77937715616886,0.0,binance,0.0010722774032612798
2024-05-03,1139794.353869817,-815.9432016218587,40.101261661094696,0.0,binance,-0.0007758419399606064
2024-05-04,1140154.5832120767,107.83067183562973,252.39867042403174,0.0,binance,0.0003602293422596995
2024-05-05,1140319.1388758165,-14.181811715552968,178.7374754552406,0.0,binance,0.00016455566373979673
2024-05-06,1140344.8616171142,-88.75858021830918,114.48132151589786,0.0,binance,2.5722741297679022e-05
2024-05-07,1140562.6693626086,-39.61126720477998,257.41901269916775,0.0,binance,0.00021780774549441412
2024-05-08,1140706.559456146,-156.73347085401718,300.6235643916492,0.0,binance,0.00014389009353751316
2024-05-09,1141415.0965860498,466.04367464517554,242.4934552583846,0.0,binance,0.0007085371299036778
2024-05-10,1141368.2353933104,-272.14407653726215,225.2828837980581,0.0,binance,-4.686119273933582e-05
2024-05-11,1141582.4114078658,-49.14731301352921,263.32332756873063,0.0,binance,0.00021417601455538533
2024-05-12,1141684.7476528601,-127.14727744773622,229.48352244193904,0.0,binance,0.0001023362449943088
2024-05-13,1142381.2228896832,281.43560835086964,415.03962847209874,0.0,binance,0.0006964752368230838
2024-05-14,1142744.3565282202,-10.025073798854823,373.15871233595334,0.0,binance,0.0003631336385370232
2024-05-15,1142902.769173017,-22.006259558309935,180.41890435501656,0.0,binance,0.00015841264479677194
2024-05-16,1143178.1646175792,100.7397659779422,174.6556785841306,0.0,binance,0.000275395444562193
2024-05-17,1142927.9740351648,-332.53903332499914,82.3484509104812,0.0,binance,-0.0002501905824143905
2024-05-18,1143704.2226000899,647.7175729984921,128.53099192659246,0.0,binance,0.0007762485649250448
2024-05-19,1143587.2084587163,-334.9841732758829,217.9700319024078,0.0,binance,-0.00011701414137356914
2024-05-20,1143864.647421559,105.14101788960419,172.2979449532311,0.0,binance,0.00027743896284280345
2024-05-21,1143065.8063064304,-1332.1122452611305,533.2711301325711,0.0,binance,-0.0007988411151287146
2024-05-22,1143667.5949924632,-11.73667176431336,613.525357797329,0.0,binance,0.0006017886860328727
2024-05-23,1143387.522794149,-787.8240921862504,507.75189387203477,0.0,binance,-0.0002800721983143594
2024-05-24,1144432.5748756302,546.2442650356583,498.80781644556674,0.0,binance,0.0010450520814813207
2024-05-25,1144843.4855346621,-92.18177614975998,503.09243518156285,0.0,binance,0.00041091065903194247
2024-05-26,1145598.1620871036,246.2255930573958,508.4509593840026,0.0,binance,0.0007546765524414368
2024-05-27,1146277.1119217235,176.29459046144333,502.6552441583384,0.0,binance,0.0006789498346198815
2024-05-28,1146582.716515919,-203.92467190694612,509.52926610235806,0.0,binance,0.0003056045941954944
2024-05-29,1146713.60058906,-413.962193690479,544.8462668314543,0.0,binance,0.00013088407314103097
2024-05-30,1147396.1868358145,186.0751502649785,496.51109648966826,0.0,binance,0.0006825862467545084
2024-05-31,1147620.6014514428,-392.2004481276666,616.6150637559128,0.0,binance,0.00022441461562830954
2024-06-01,1148427.0652061333,306.6205498454886,499.84320484493367,0.0,binance,0.0008064637546904851
2024-06-02,1149059.6170431003,135.21623928581286,497.3355976811182,0.0,binance,0.0006325518369670026
2024-06-03,1149431.9029013335,-193.65508411277162,565.9409423458228,0.0,binance,0.0003722858582332265
2024-06-04,1149943.1309065083,-27.63008144550277,538.8580866201943,0.0,binance,0.0005112280051747803
2024-06-05,1150608.1809860866,-18.58306362685914,683.6331432051784,0.0,binance,0.0006650500795783009
2024-06-06,1151580.8726537253,412.4951097199843,560.196557918697,0.0,binance,0.0009726916676387191
2024-06-07,1151965.4094904256,-137.90589323183838,522.4427299320696,0.0,binance,0.00038453683670028115
2024-06-08,1152707.5852648683,233.2663513179074,508.9094231248,0.0,binance,0.0007421757744427305
2024-06-09,1152855.858062464,-360.41362876564364,508.6864263612762,0.0,binance,0.00014827279759570955
2024-06-10,1153787.2150484507,420.3195575627413,511.0374284240852,0.0,binance,0.0009313569859866984
2024-06-11,1154301.1257608314,3.667709926592548,510.2430024540314,0.0,binance,0.0005139107123806607
2024-06-12,1155098.8815224702,303.93089589910727,493.8248657395883,0.0,binance,0.0007977557616387494
2024-06-13,1155600.8954064194,1.2225699755308492,500.7913139737526,0.0,binance,0.0005020138839492575
2024-06-14,1155908.1526707078,-182.65195433370562,489.9092186221859,0.0,binance,0.00030725726428837516
2024-06-15,1156834.6629002846,442.0813031266211,484.42892645019026,0.0,binance,0.0009265102295768447
2024-06-16,1157571.2395487532,250.87135896419954,485.70528950457026,0.0,binance,0.0007365766484686173
2024-06-17,1158275.5877855849,215.41682967593982,488.93140715581325,0.0,binance,0.0007043482368316035
2024-06-18,1158951.4015364205,216.8839136464345,458.92983718924506,0.0,binance,0.0006758137508356012
2024-06-19,1159057.1959912123,-166.51403065755235,272.30848544919445,0.0,binance,0.00010579445479181595
2024-06-20,1159698.7216721529,375.32898246626604,266.1966984742327,0.0,binance,0.0006415256809405983
2024-06-21,1159420.6265866172,-605.90567983797,327.8105943023794,0.0,binance,-0.0002780950855356641
2024-06-22,1159884.0638688798,84.8463562969307,378.590925965608,0.0,binance,0.0004634372822626028
2024-06-23,1160210.7320278517,59.905928797631375,266.76223017436075,0.0,binance,0.00032666815897193735
2024-06-24,1160462.007467661,-166.2695166625885,417.5449564720632,0.0,binance,0.00025127543980930933
2024-06-25,1160888.3577130197,114.67706369817552,311.6731816605612,0.0,binance,0.00042635024535865525
2024-06-26,1161544.7156770627,203.19112992134293,453.16683412170585,0.0,binance,0.0006563579640430398
2024-06-27,1161423.1440522452,-568.0060105984707,446.4343857808443,0.0,binance,-0.0001215716248175595
2024-06-28,1162351.9214155842,476.3132624389942,452.46410089981157,0.0,binance,0.0009287773633389734
2024-06-29,1162151.6385351203,-643.5608350821497,443.27795461820256,0.0,binance,-0.00020028288046387025
2024-06-30,1162749.1023692777,150.13159298661316,447.33224117082193,0.0,binance,0.0005974638341574464
2024-07-01,1163251.818986449,42.30092115098343,460.4156960202014,0.0,binance,0.0005027166171711869
2024-07-02,1163967.1473687442,254.0500409005086,461.2783413948856,0.0,binance,0.0007153283822953235
2024-07-03,1164316.730250097,-106.11907386999329,455.70195522281904,0.0,binance,0.0003495828813528642
2024-07-04,1164479.879768182,-278.5014404097023,441.6509584948609,0.0,binance,0.00016314951808494516
2024-07-05,1164870.22994854,86.80246825753099,303.5477121003308,0.0,binance,0.00039035018035792746
2024-07-06,1165581.8809395975,483.4041682968596,228.24682276069638,0.0,binance,0.0007116509910575114
2024-07-07,1165744.1393078445,-238.6456592097806,400.9040274566988,0.0,binance,0.0001622583682469558
2024-07-08,1166410.8547715098,310.0437457765836,356.6717178886439,0.0,binance,0.0006667154636653141
2024-07-09,1166734.2330856614,34.2319593129068,289.1463548387097,0.0,binance,0.0003233783141516615
2024-07-10,1167052.773888623,-32.031333356986856,350.57213631877505,0.0,binance,0.00031854080296168106
2024-07-11,1167279.2451960172,-196.83376604908068,423.3050734431127,0.0,binance,0.00022647130739409478
2024-07-12,1167598.1844400845,130.570473379187,188.36877068810685,0.0,binance,0.0003189392440672964
2024-07-13,1167829.8365295676,-124.70213749703034,356.35422698011877,0.0,binance,0.00023165208948310465
2024-07-14,1168400.0838060842,269.4544225914145,300.79285392511656,0.0,binance,0.0005702472765166313
2024-07-15,1168552.2338493855,44.01251911661987,108.13752418465697,0.0,binance,0.0001521500433012843
2024-07-16,1168936.9567664687,282.4136643310808,102.3092527518939,0.0,binance,0.00038472291708318516
2024-07-17,1168713.5785586673,-231.3102393569513,7.932031555642492,0.0,binance,-0.00022337820780137554
2024-07-18,1168753.3040627127,-44.25703311176162,83.98253715723584,0.0,binance,3.972550404537469e-05
2024-07-19,1168859.8682498594,-104.40747590417894,210.97166305082334,0.0,binance,0.00010656418714672327
2024-07-20,1168970.2861348155,102.45136394357864,7.9665210126436,0.0,binance,0.00011041788495611399
2024-07-21,1169229.488716732,299.774157982587,-40.57157606608103,0.0,binance,0.0002592025819164701
2024-07-22,1169110.8525812093,-416.16281964622107,297.526684123484,0.0,binance,-0.00011863613552274183
2024-07-23,1169469.580670159,133.26012732503466,225.46796162463988,0.0,binance,0.000358728088949807
2024-07-24,1169632.791072229,-320.31333357058014,483.52373564036003,0.0,binance,0.00016321040206984617
2024-07-25,1170249.3382456473,137.17235124676895,479.3748221716399,0.0,binance,0.0006165471734183375
2024-07-26,1170664.8022002832,40.100295194885575,375.36365944090767,0.0,binance,0.0004154639546358958
2024-07-27,1171022.3603542694,-35.45452928825974,393.01268327435355,0.0,binance,0.00035755815398623236
2024-07-28,1171290.6904197703,-66.26329266971574,334.5933581707685,0.0,binance,0.0002683300655009225
2024-07-29,1171974.1267321436,283.3917203114699,400.04459206174204,0.0,binance,0.0006834363123732619
2024-07-30,1172218.1082282998,4.890279901411768,239.09121625484585,0.0,binance,0.00024398149615619333
2024-07-31,1172301.8940963715,-143.77422911381717,227.56009718542163,0.0,binance,8.378586807171814e-05
2024-08-01,1172686.5849266166,-60.88398477784257,445.57481502294,0.0,binance,0.0003846908302451484
2024-08-02,1173136.7034047614,-29.097165415997466,479.21564356083513,0.0,binance,0.0004501184781447519
2024-08-03,1173244.231057616,-253.80552690536683,361.3331797600207,0.0,binance,0.00010752765285456554
2024-08-04,1173592.1566924297,-28.11910943560837,376.04474424947546,0.0,binance,0.0003479256348137278
2024-08-05,1173955.728273724,73.59871252272293,289.9728687715617,0.0,binance,0.00036357158129429447
2024-08-06,1173995.618829949,-28.852651420855715,68.74320764573035,0.0,binance,3.989055622508749e-05
2024-08-07,1174312.154380141,376.0625244513355,-59.52697425934489,0.0,binance,0.00031653555019199846
2024-08-08,1174408.6290696752,3.912223921556392,92.56246561244089,0.0,binance,9.647468953416682e-05
2024-08-09,1174475.967596794,-113.94352171292816,181.28204883166768,0.0,binance,6.733852711878718e-05
2024-08-10,1174445.87317567,77.99996443438492,-108.09438555855888,0.0,binance,-3.0094421124085785e-05
2024-08-11,1174602.0493675866,105.63004587970978,50.54614603709501,0.0,binance,0.00015617619191668928
2024-08-12,1174364.2526022356,-347.6989010207633,109.90213566970161,0.0,binance,-0.0002377967653509695
2024-08-13,1174488.6305357658,84.35732830682511,40.02060522326351,0.0,binance,0.00012437793353013693
2024-08-14,1174708.2683749378,337.91834121705017,-118.28050204502614,0.0,binance,0.00021963783917203545
2024-08-15,1174552.8702749673,-35.943557278543246,-119.45454269214355,0.0,binance,-0.00015539809997053817
2024-08-16,1174152.5995478295,-130.57047337900912,-269.700253758847,0.0,binance,-0.00040027072713780216
2024-08-17,1173987.1666458994,-250.87135896455536,85.43845703444536,0.0,binance,-0.00016543290193006397
2024-08-18,1174072.7242784926,92.91531813500733,-7.357685541665177,0.0,binance,8.55576325932052e-05
2024-08-19,1174233.2376417315,336.4512572465555,-175.93789400762887,0.0,binance,0.00016051336323888972
2024-08-20,1174304.5507892224,69.68648860116654,1.6266588896397174,0.0,binance,7.131314749084414e-05
2024-08-21,1173984.240206997,-220.06259558256565,-100.2479866428673,0.0,binance,-0.0003203105822254438
2024-08-22,1173982.956449839,120.54539958015428,-121.82915673791655,0.0,binance,-1.2837571578565985e-06
2024-08-23,1173658.4524582704,-246.95913504282106,-77.54485652585626,0.0,binance,-0.00032450399156869387
2024-08-24,1173522.6733477677,-212.48266173495043,76.70355123235053,0.0,binance,-0.0001357791105026845
2024-08-25,1174038.8344443596,566.7834406231177,-50.6223440311911,0.0,binance,0.000516161096591968
2024-08-26,1173933.2296830853,-257.4732368317815,151.8684755574919,0.0,binance,-0.00010560476127429866
2024-08-27,1174034.3293497749,-87.78052423792009,188.88019092764165,0.0,binance,0.00010109966668952256
2024-08-28,1174092.6133050597,105.14101788942628,-46.857062604474166,0.0,binance,5.828395528485998e-05
2024-08-29,1173923.5026311348,-139.3729772023331,-29.737696722623323,0.0,binance,-0.00016911067392490805
2024-08-30,1174295.5122567236,264.0751146991855,107.9345108897642,0.0,binance,0.00037200962558877655
2024-08-31,1174178.5498761265,-198.30085001957536,81.33846942241351,0.0,binance,-0.00011696238059713505
2024-09-01,1174293.1349116277,110.27581178651353,4.309223714745536,0.0,binance,0.0001145850355012808
2024-09-02,1174282.499624277,38.38869722942704,-49.023984580058325,0.0,binance,-1.0635287350742146e-05
2024-09-03,1174177.0616160703,-336.2067432512358,230.76873504463492,0.0,binance,-0.00010543800820666365
2024-09-04,1174589.01430279,386.82114023525975,25.13154648433332,0.0,binance,0.0004119526867195964
2024-09-05,1174545.0142756,-235.7114912686133,191.71146407867127,0.0,binance,-4.400002718996257e-05
2024-09-06,1174796.406965274,200.5014759754953,50.89121369856314,0.0,binance,0.00025139268967392856
2024-09-07,1174616.703207163,23.717857523946382,-203.421615635114,0.0,binance,-0.00017970375811099076
2024-09-08,1174289.798359426,-227.64252943071457,-99.26231830609598,0.0,binance,-0.0003269048477369361
2024-09-09,1174148.160768716,107.34164384534623,-248.97923455560695,0.0,binance,-0.0001416375907100737
2024-09-10,1174045.7363383803,38.14418323446319,-140.56861357008214,0.0,binance,-0.00010242443033563904
2024-09-11,1173689.3615452303,-125.19116548713593,-231.1836276629797,0.0,binance,-0.00035637479314999654
2024-09-12,1173750.2104170162,137.17235124659103,-76.32347946082442,0.0,binance,6.0848871785914526e-05
2024-09-13,1173770.889871481,68.70843262077744,-48.02897815600882,0.0,binance,2.067945446493104e-05
2024-09-14,1173850.2699983884,160.8902087705374,-81.51008186328555,0.0,binance,7.938012690725737e-05
2024-09-15,1173539.1805094846,-309.7992317816197,-1.29025712202582,0.0,binance,-0.0003110894889037591
2024-09-16,1173781.3058874588,58.19433083199493,183.93104714229827,0.0,binance,0.0002421253779742401
2024-09-17,1173895.355633142,-110.27581178651353,224.3255574696803,0.0,binance,0.00011404974568309263
2024-09-18,1174155.1163644167,146.70839705516238,113.05233421951134,0.0,binance,0.0002597607312747277
2024-09-19,1174110.9223951078,-203.19112992134293,158.997160612352,0.0,binance,-4.419396930886432e-05
2024-09-20,1174225.026568506,-87.53601024295624,201.64018364112462,0.0,binance,0.00011410417339811102
2024-09-21,1174679.812060237,101.47330796318955,353.3121837678273,0.0,binance,0.0004547854917310178
2024-09-22,1175082.4153478744,76.28836646874848,326.31492116868804,0.0,binance,0.00040260328763746655
2024-09-23,1175089.4725154466,-198.30085001957536,205.35801759167055,0.0,binance,7.057167572202161e-06
2024-09-24,1175598.514630864,431.0781733470214,77.96394207018885,0.0,binance,0.0005090421154173091
2024-09-25,1175206.974331401,-449.6612369740584,58.12093751111427,0.0,binance,-0.000391540299462853
2024-09-26,1175830.6231929618,347.45438702562154,276.1944745349789,0.0,binance,0.0006236488615607378
2024-09-27,1176162.049072094,28.852651420855715,302.5732277114379,0.0,binance,0.0003314258791322354
2024-09-28,1176052.8379147092,-353.0782089128144,243.8670515279902,0.0,binance,-0.00010921115738479421
2024-09-29,1176594.6875067756,363.1032827116692,178.74630935466087,0.0,binance,0.00054184959206637
2024-09-30,1176895.19063218,-36.43258526882675,336.9357106732582,0.0,binance,0.0003005031254044734
2024-10-01,1176987.6829411036,-371.90578653481526,464.3980954582637,0.0,binance,9.249230892350897e-05
2024-10-02,1177568.1504349331,235.22246327850772,345.24503055091225,0.0,binance,0.0005804674938295503
2024-10-03,1177722.2402096891,-40.34480919020523,194.43458394610022,0.0,binance,0.00015408977475599387
2024-10-04,1177839.4645318943,-23.22882953366288,140.45315173871677,0.0,binance,0.00011722432220517658
2024-10-05,1177993.4851610265,148.66450901576266,5.356120116388663,0.0,binance,0.0001540206291321665
2024-10-06,1178193.904901842,78.48899242466842,121.93074839065333,0.0,binance,0.0002004197408154141
2024-10-07,1178180.2247794427,-102.6958779385425,89.0157555393534,0.0,binance,-1.3680122399237008e-05
2024-10-08,1178451.774234523,66.0187786747519,205.5306764057332,0.0,binance,0.0002715494550804142
2024-10-09,1178687.1961108476,-115.16609168845902,350.5879680131237,0.0,binance,0.00023542187632457354
2024-10-10,1178913.757648454,24.69591350433548,201.86562410196683,0.0,binance,0.00022656153760640881
2024-10-11,1179003.6800918402,82.8902443361525,7.032199049951988,0.0,binance,8.992244338616728e-05
2024-10-12,1179116.1343025267,-51.592452964413,164.04666365099405,0.0,binance,0.00011245421068649739
2024-10-13,1179194.3910907689,-18.58306362685914,96.83985186897607,0.0,binance,7.825678824214265e-05
2024-10-14,1179587.313033995,2.20062595574204,390.7213172702458,0.0,binance,0.0003929219432261307
2024-10-15,1179797.5821105326,-274.3447024930042,484.6137790304798,0.0,binance,0.0002102690765375737
2024-10-16,1180507.273051511,269.9434505813422,439.7474903972687,0.0,binance,0.0007096909409784712
2024-10-17,1180950.7627552492,-52.32599494966034,495.81569868762676,0.0,binance,0.00044348970373813063
2024-10-18,1181256.4162522438,-188.76480421100405,494.41830120567636,0.0,binance,0.00030565349699463693
2024-10-19,1181756.0155604915,-2.20062595574204,501.79993420350684,0.0,binance,0.000499599308247678
2024-10-20,1182274.5595685649,17.115979656364445,501.42802841697204,0.0,binance,0.000518544008073397
2024-10-21,1182558.5884923479,-222.2632215384856,506.29214532133585,0.0,binance,0.0002840289237829857
2024-10-22,1182979.411993255,-73.35419852758119,494.1776994345059,0.0,binance,0.0004208235009070486
2024-10-23,1183735.741460303,261.87448874326554,494.45497830494014,0.0,binance,0.00075632946704817
2024-10-24,1184269.6179629527,44.990575096831066,488.8859275527261,0.0,binance,0.0005338765026496258
2024-10-25,1184845.9897753794,76.28836646892638,500.08344595796143,0.0,binance,0.0005763718124267179
2024-10-26,1185482.5032561654,272.63310452772356,363.88037625813564,0.0,binance,0.0006365134807860013
2024-10-27,1185609.074741201,-360.9026567559271,487.4741417914429,0.0,binance,0.0001265714850355871
2024-10-28,1186279.5372240562,198.78987800985885,471.67260484537826,0.0,binance,0.0006704624828551896
2024-10-29,1186629.240406295,-163.33534872124332,513.0385309599176,0.0,binance,0.0003497031822388526
2024-10-30,1186541.7496311408,-621.0655475337342,533.5747723796992,0.0,binance,-8.749077515420504e-05
2024-10-31,1187044.0962986373,-28.36362343075012,530.7102909271972,0.0,binance,0.0005023466674964875
2024-11-01,1186933.0030765652,-626.9338834157129,515.8406613436711,0.0,binance,-0.00011109322207211517
2024-11-02,1188188.3041844359,745.5231710354449,509.7779368353665,0.0,binance,0.0012553011078706476
2024-11-03,1188881.5008714932,184.36355229916416,508.8331347583314,0.0,binance,0.0006931966870573815
2024-11-04,1189516.7176664928,130.81498737432878,504.4018076252802,0.0,binance,0.0006352167949995491
2024-11-05,1190066.148437912,51.836966959376845,497.59380445993526,0.0,binance,0.0005494307714193128
2024-11-06,1190655.5721628824,80.68961838005465,508.73410659031913,0.0,binance,0.0005894237249703146
2024-11-07,1190554.195926976,-655.7865348360349,554.4102989294734,0.0,binance,-0.00010137623590650038
2024-11-08,1191267.1454326129,156.48895685869752,556.4605487783192,0.0,binance,0.0007129495056369342
2024-11-09,1192539.465692598,711.2912117223601,561.0290482626169,0.0,binance,0.0012723202599850484
2024-11-10,1192854.8836778826,-616.6642956218943,932.0822809065692,0.0,binance,0.000315417985284701
2024-11-11,1192940.1100803749,-1033.071629263435,1118.2980317556994,0.0,binance,8.522640249226242e-05
2024-11-12,1194790.5592049258,-1005.1970338229684,2855.6461583739374,0.0,binance,0.0018504491245509124
2024-11-13,1197249.1369613542,1491.5353700608173,967.0423863676781,0.0,binance,0.0024585777564283926
2024-11-14,1197470.0306600065,-442.32581712122914,663.2195157733756,0.0,binance,0.0002208936986522749
2024-11-15,1197669.2730845667,-462.62047871425847,661.8629032747094,0.0,binance,0.00019924242456024512
2024-11-16,1198763.595477572,354.3007788883452,740.0216141169046,0.0,binance,0.0010943223930052481
2024-11-17,1199258.5297459506,-310.53277376668916,805.4670421453213,0.0,binance,0.0004949342683786527
2024-11-18,1201022.0485957568,273.8556745028986,1489.6631753031975,0.0,binance,0.0017635188498061616
2024-11-19,1202583.1963371902,16.871465661756417,1544.276275771775,0.0,binance,0.0015611477414334658
2024-11-20,1203706.267944225,445.74901305250205,677.3225939822884,0.0,binance,0.0011230716070348863
2024-11-21,1204976.4301236891,578.5201123872532,691.6420670768575,0.0,binance,0.0012701621794640086
2024-11-22,1204518.4563889378,-1179.5355123236336,721.5617775722874,0.0,binance,-0.0004579737347513437
2024-11-23,1205737.516365998,493.42924209571447,725.6307349646122,0.0,binance,0.0012190599770601838
2024-11-24,1206337.8713887953,-579.498168368176,1179.8531911654873,0.0,binance,0.000600355022797361
2024-11-25,1207508.3700096032,-177.27264644129872,1347.771267249351,0.0,binance,0.0011704986208078917
2024-11-26,1209246.3962625817,157.95604082919223,1580.0702121492336,0.0,binance,0.0017380262529784814
2024-11-27,1210493.9670604977,-57.46078884639177,1305.031586762457,0.0,binance,0.0012475707979160361
2024-11-28,1211690.9436734454,348.4324430060106,848.5441699416722,0.0,binance,0.0011969766129476484
2024-11-29,1212757.7489162881,-203.4356439163068,1270.2408867589002,0.0,binance,0.0010668052428427618
2024-11-30,1213521.5825536426,-141.57360315843093,905.407240512857,0.0,binance,0.0007638336373544298
2024-12-01,1214325.271947746,-269.20990859609486,1072.8993026994344,0.0,binance,0.0008036893941033631
2024-12-02,1215530.9130664417,-308.57666180626677,1514.2177805020092,0.0,binance,0.0012056411186957266
2024-12-03,1217424.8303310457,729.6297613542554,1164.2875032498132,0.0,binance,0.0018939172646040097
2024-12-04,1218877.026387893,-333.0280613151047,1785.2241181625,0.0,binance,0.0014521960568472277
2024-12-05,1221965.3084862232,-461.39790873837177,3549.6800070686777,0.0,binance,0.0030882820983303247
2024-12-06,1223434.9729142915,648.2066009885976,821.4578270797028,0.0,binance,0.001469664428068325
2024-12-07,1224721.8644698896,-139.12846320736924,1426.0200188053493,0.0,binance,0.0012868915555980056
2024-12-08,1225835.2700451291,-135.70526727574054,1249.1108425152042,0.0,binance,0.0011134055752395652
2024-12-09,1226813.834188174,-569.4730945693211,1548.037237614255,0.0,binance,0.000978564143044874
2024-12-10,1227965.121732186,437.1910232241419,714.0965207881354,0.0,binance,0.0011512875440120697
2024-12-11,1230222.0027783506,1548.2626169223176,708.6184292420955,0.0,binance,0.002256881046164548
2024-12-12,1231428.302548063,464.5765906746808,741.723179037593,0.0,binance,0.0012062997697123792
2024-12-13,1232462.2223963751,300.50769996783436,733.412148344418,0.0,binance,0.001033919848312158
2024-12-14,1233867.3705624095,742.0999751045277,663.0481909298645,0.0,binance,0.0014051481660343707
2024-12-15,1234240.0920266034,-326.1816694529147,698.903133646904,0.0,binance,0.0003727214641938917
2024-12-16,1234117.1655131842,-868.2691965713411,745.3426831520967,0.0,binance,-0.00012292651341925376
2024-12-17,1235621.0347782904,781.4667283136323,722.4025367926879,0.0,binance,0.0015038692651062739
2024-12-18,1236956.5773743044,579.2536543728563,756.2889416411781,0.0,binance,0.0013355425960139837
2024-12-19,1236803.1291934885,-888.3193441690509,734.8711633531316,0.0,binance,-0.00015344818081590347
2024-12-20,1237633.994839717,116.1441476686702,714.7214985595904,0.0,binance,0.0008308656462284271
2024-12-21,1238468.079509512,327.1597254331259,506.92494436195193,0.0,binance,0.0008340846697951201
2024-12-22,1238912.5489586508,-260.16289077780704,704.6323399166874,0.0,binance,0.00044446944913873447
2024-12-23,1239649.9153103996,63.08461073376252,674.2817410152221,0.0,binance,0.0007373663517488166
2024-12-24,1240042.318705143,-303.44186790917956,695.8452626524879,0.0,binance,0.0003924033947433345
2024-12-25,1241162.145611463,396.3571860441869,723.4697202759896,0.0,binance,0.0011198269063201732
2024-12-26,1242116.5945857044,325.93715545723927,628.5118187840098,0.0,binance,0.0009544489742412698
2024-12-27,1242591.3251090536,-227.64252943018087,702.3730527794573,0.0,binance,0.0004747305233492516
2024-12-28,1243103.1501236088,-13.937297720411216,525.7623122754918,0.0,binance,0.0005118250145551283
2024-12-29,1243774.4616266873,18.827577621822982,652.4839254565744,0.0,binance,0.0006713115030785557
2024-12-30,1244140.200629695,-63.81815271865405,429.55715572651775,0.0,binance,0.0003657390030077659
2024-12-31,1244685.168287162,-135.4607532811325,680.4284107479463,0.0,binance,0.0005449676574668847
2025-01-01,1245235.6827446076,-135.70526727609635,686.2197247216986,0.0,binance,0.0005505144574455917
2025-01-02,1245530.4265161694,-399.0468399898566,693.7906115517303,0.0,binance,0.0002947437715618871
2025-01-03,1246283.2010331694,154.28833090259968,598.4861860973789,0.0,binance,0.0007527745169999543
2025-01-04,1247002.9037739914,275.8117864640326,443.8909543581285,0.0,binance,0.0007197027408219874
2025-01-05,1248143.3818491772,460.66436675312445,679.8137084326208,0.0,binance,0.0011404780751857906
2025-01-06,1248280.3600563118,-584.3884482695878,721.3666554042039,0.0,binance,0.00013697820713464172
2025-01-07,1249734.3552785306,774.8648504464062,679.1303717724153,0.0,binance,0.0014539952222188002
2025-01-08,1249939.161667904,-506.143969840239,710.9503592132874,0.0,binance,0.00020480638937326147
2025-01-09,1250685.8634110661,298.5515880070562,448.15015515524425,0.0,binance,0.0007467017431622372
2025-01-10,1250931.3764668687,-2.9341679409893864,248.44722374364264,0.0,binance,0.00024551305580255576
2025-01-11,1251315.1609708786,98.05011203173875,285.7343919781627,0.0,binance,0.0003837845040098764
2025-01-12,1251343.2225311093,-315.6675676634206,343.7291278941566,0.0,binance,2.8061560230795295e-05
2025-01-13,1251832.0917550307,185.34160827973116,303.5276156417825,0.0,binance,0.000488869223921327
2025-01-14,1252648.9986739408,135.4607532807767,681.4461656293346,0.0,binance,0.0008169069189100992
2025-01-15,1252995.815969287,-116.38866166363405,463.205957009994,0.0,binance,0.00034681729534617625
2025-01-16,1253102.2605499676,-210.28203577920837,316.72661645979304,0.0,binance,0.0001064445806806907
2025-01-17,1253834.680172238,306.8650638404524,425.5545584299534,0.0,binance,0.0007324196222703904
2025-01-18,1254146.5982933966,-367.5045346235091,679.4226557820892,0.0,binance,0.00031191812115861103
2025-01-19,1254841.4408041553,-71.88711455708649,766.7296253156454,0.0,binance,0.0006948425107586664
2025-01-20,1255294.6095943893,-289.993598178696,743.1623884127041,0.0,binance,0.00045316879023402
2025-01-21,1255854.6520286817,-189.98737418653488,750.0298084788564,0.0,binance,0.0005600424342923798
2025-01-22,1257027.2096006137,394.15656008844485,778.4010118433689,0.0,binance,0.001172557571931975
2025-01-23,1258044.6181091003,326.18166945255894,691.2268390342142,0.0,binance,0.0010174085084865801
2025-01-24,1258599.0232986652,112.23192374711381,442.17326581783266,0.0,binance,0.0005544051895649173
2025-01-25,1259557.4142488018,395.1346160683002,563.2563340683572,0.0,binance,0.0009583909501365851
2025-01-26,1259812.1102497089,-431.56720133712696,686.263202244194,0.0,binance,0.00025469600090710447
2025-01-27,1260505.8963719837,370.43870256414266,323.34741971049544,0.0,binance,0.0006937861222748179
2025-01-28,1261130.8315663636,37.16612725407409,587.7690671257603,0.0,binance,0.0006249351943798829
2025-01-29,1261732.88021772,-139.6174911972969,741.6661425538821,0.0,binance,0.0006020486513564828
2025-01-30,1261914.3286328223,-505.41042785534745,686.8588429575525,0.0,binance,0.0001814484151022043
2025-01-31,1262723.857548325,266.2757406554613,543.2531748475121,0.0,binance,0.0008095289155028295
2025-02-01,1263301.3388217315,90.95920617387331,486.52206723245723,0.0,binance,0.0005774812734064181
2025-02-02,1263073.7784086096,-432.7897713126578,205.2293581907743,0.0,binance,-0.00022756041312194428
2025-02-03,1263765.6245232266,98.53914002202225,593.306974594996,0.0,binance,0.0006918461146170739
2025-02-04,1264072.374244925,-28.852651421033624,335.6023731194651,0.0,binance,0.00030674972169846297
2025-02-05,1264659.632390131,445.74901305285783,141.50913215314577,0.0,binance,0.0005872581452059094
2025-02-06,1264994.1371138124,149.15353700622407,185.351186675321,0.0,binance,0.0003345047236813698
2025-02-07,1264983.0644405852,-486.33833623784903,475.26566301081203,0.0,binance,-1.1072673227172345e-05
2025-02-08,1265237.4706343357,316.6456236439876,-62.23942989339189,0.0,binance,0.0002544061937504448
2025-02-09,1265143.9862206357,-478.0248604048085,384.5404467048405,0.0,binance,-9.348441369994544e-05
2025-02-10,1265735.1156913738,156.48895685869752,434.64051387950354,0.0,binance,0.0005911294707381167
2025-02-11,1266251.0339786736,304.9089518800301,211.0093354198528,0.0,binance,0.0005159182872998062
2025-02-12,1266394.5820885317,-117.6112316391649,261.15934149713695,0.0,binance,0.00014354810985806399
2025-02-13,1266919.948484186,168.47014261797474,356.8962530364193,0.0,binance,0.0005253663956543897
2025-02-14,1267163.4481623124,-150.8651349716826,394.36481309794794,0.0,binance,0.00024349967812630348
2025-02-15,1267521.5619248138,189.25383220128754,168.85993030017426,0.0,binance,0.0003581137625013944
2025-02-16,1267120.3028684154,-577.0530284171143,175.79397201870756,0.0,binance,-0.0004012590563984122
2025-02-17,1267939.8896256485,475.57972045374686,344.0070367793506,0.0,binance,0.0008195867572331336
2025-02-18,1268282.764884851,-347.4543870257994,690.3296462282606,0.0,binance,0.0003428752592024393
2025-02-19,1269151.679601304,313.71145570335403,555.2032607497244,0.0,binance,0.0008689147164530586
2025-02-20,1269379.6042085588,-79.95607639516312,307.88068365001595,0.0,binance,0.0002279246072547976
2025-02-21,1269575.4991566683,140.35103318254428,55.54391492691256,0.0,binance,0.00019589494810951874
2025-02-22,1270060.5338303535,43.523491126692186,441.51118255859444,0.0,binance,0.00048503467368520795
2025-02-23,1270112.9756782344,-153.55478891806396,205.99663679891168,0.0,binance,5.2441847880836574e-05
2025-02-24,1270054.9177574571,-198.30085001921955,140.2429292420955,0.0,binance,-5.80579207772389e-05
2025-02-25,1270397.2095089997,-29.830707401244812,372.12245894387735,0.0,binance,0.00034229175154259426
2025-02-26,1270891.5598515992,71.15357257148332,423.19677002791906,0.0,binance,0.0004943503425994423
2025-02-27,1271269.5648051547,4.890279901767583,373.11467365383936,0.0,binance,0.00037800495355552993
2025-02-28,1271627.0812302362,-27.3855674498273,384.90199253120886,0.0,binance,0.00035751642508152873
2025-03-01,1271727.2314221126,244.02496710129796,-143.87477522495288,0.0,binance,0.0001001501918763388
2025-03-02,1271744.0520425069,158.6895828147954,-141.8689624204218,0.0,binance,1.6820620394311846e-05
2025-03-03,1271540.2131925675,-216.394885656151,12.556035716826102,0.0,binance,-0.0002038388499394059
2025-03-04,1271037.679541062,-492.2066721201836,-10.326979385247359,0.0,binance,-0.0005025336515053641
2025-03-05,1271491.7415682322,200.9905039656009,253.07152320437814,0.0,binance,0.00045406202717009
2025-03-06,1271956.4900353493,93.40434612493502,371.3441209921933,0.0,binance,0.00046474846711708234
2025-03-07,1272053.5483468538,99.76170999790892,-2.7033984933492192,0.0,binance,9.705831150454468e-05
2025-03-08,1272296.933177343,96.8275420562079,146.55728843315433,0.0,binance,0.00024338483048928902
2025-03-09,1272268.00279084,-248.91524700342134,219.9848605003201,0.0,binance,-2.8930386502994224e-05
2025-03-10,1272599.3403565052,147.19742504509006,184.1401406199986,0.0,binance,0.0003313375656651333
2025-03-11,1272535.998151696,-384.37600028455387,321.03379547515743,0.0,binance,-6.334220480918885e-05
2025-03-12,1272965.2302404682,218.350997617285,210.88109115481737,0.0,binance,0.0004292320887721144
2025-03-13,1273140.9947104794,59.41690080716997,116.3475692041292,0.0,binance,0.0001757644700112287
2025-03-14,1273137.0680179314,-223.48579151401643,219.55909896592811,0.0,binance,-3.926692547975108e-06
2025-03-15,1273275.6941453523,318.11270761483814,-179.48658019392184,0.0,binance,0.0001386261274209246
2025-03-16,1273205.6781117916,-191.94348614731308,121.92745258651351,0.0,binance,-7.00160335607361e-05
2025-03-17,1273353.9190141992,-61.61752676326782,209.85842917096423,0.0,binance,0.0001482409024075605
2025-03-18,1273827.5308341838,344.76473307977386,128.84708690471956,0.0,binance,0.0004736118199846242
2025-03-19,1274097.870751249,44.257033111583716,226.08288395365793,0.0,binance,0.0002703399170651101
2025-03-20,1273932.1007365778,-310.532773767045,144.76275909592064,0.0,binance,-0.00016577001467114313
2025-03-21,1274216.0118792409,89.2476082087706,194.6635344542448,0.0,binance,0.00028391114266309886
2025-03-22,1274311.0255547173,-31.542305367059164,126.55598084343993,0.0,binance,9.50136754764244e-05
2025-03-23,1274364.1785159267,-68.46391862545778,121.61687983470856,0.0,binance,5.315296120941639e-05
2025-03-24,1274517.3117844542,66.26329266971574,86.86997585757727,0.0,binance,0.00015313326852745376
2025-03-25,1274366.8666393866,-89.00309421309512,-61.442050854465265,0.0,binance,-0.00015044514506752603
2025-03-26,1273984.5535135262,-288.03748621827367,-94.2756396419426,0.0,binance,-0.0003823131258604117
2025-03-27,1274388.891544237,300.50769996783436,103.8303307429669,0.0,binance,0.0004043380307108164
2025-03-28,1274721.4507851764,135.4607532807767,197.09848765871183,0.0,binance,0.00033255924093932845
2025-03-29,1275121.5260330336,67.73037664056625,332.3448712167017,0.0,binance,0.000400075247857254
2025-03-30,1275233.3743898282,3.6677099262367334,108.1806468684426,0.0,binance,0.00011184835679456591
2025-03-31,1275277.965520701,-167.00305864783584,211.59418952057476,0.0,binance,4.4591130872722714e-05
2025-04-01,1275380.6809359193,-107.58615784031008,210.3015730585589,0.0,binance,0.00010271541521837935
2025-04-02,1275533.7578215003,118.5892876197319,34.487597961197864,0.0,binance,0.00015307688558101654
2025-04-03,1275733.506433603,-150.86513497203842,350.6137470747235,0.0,binance,0.00019974861210258677
2025-04-04,1276085.565081972,5.134793897087241,346.9238544719387,0.0,binance,0.0003520586483690422
2025-04-05,1276350.5357060963,-71.39808656680299,336.36871069104103,0.0,binance,0.00026497062412439844
2025-04-06,1276535.863593253,83.62378632139985,101.70410083534874,0.0,binance,0.00018532788715674541
2025-04-07,1277053.7520764458,195.85571006851367,322.03277312435546,0.0,binance,0.0005178884831927717
2025-04-08,1276852.6069658655,-409.8054557739588,208.66034519374404,0.0,binance,-0.0002011451105803717
2025-04-09,1277148.2965801558,31.297791371739507,264.39182291851904,0.0,binance,0.0002956896142903715
2025-04-10,1277513.9153770271,70.9090585768753,294.70973829444813,0.0,binance,0.00036561879687127655
2025-04-11,1278015.7591961867,481.20354234076177,20.64027681873955,0.0,binance,0.0005018438191595488
2025-04-12,1278279.1399401894,-35.943557278543246,299.3243012812534,0.0,binance,0.0002633807440027595
2025-04-13,1278601.7473410326,-159.42312479968692,482.0305256428495,0.0,binance,0.00032260740084317515
2025-04-14,1279139.2026528188,175.805562470804,361.64974931536085,0.0,binance,0.0005374553117861506
2025-04-15,1279063.5250388843,-208.32592381807436,132.64830988370022,0.0,binance,-7.5677613934502e-05
2025-04-16,1279239.0127766363,-55.99370487625289,231.48144262812536,0.0,binance,0.00017548773775203153
2025-04-17,1279574.3803407166,119.5673435999431,215.80022048049227,0.0,binance,0.00033536756408028307
2025-04-18,1279642.9863768914,-177.51716043661835,246.1231966114806,0.0,binance,6.860603617480955e-05
2025-04-19,1280293.1567727148,505.6549418499555,144.51545397357472,0.0,binance,0.0006501703958234284
2025-04-20,1279640.534142709,-577.0530284167585,-75.5696015888964,0.0,binance,-0.0006526226300057024
2025-04-21,1280144.6420232886,250.38233097427187,253.7255496052211,0.0,binance,0.0005041078805795405
2025-04-22,1280385.3663839954,241.57982715059208,-0.8554664437884583,0.0,binance,0.0002407243607067503
2025-04-23,1280193.1899255987,-296.59547604627795,104.41901764946473,0.0,binance,-0.00019217645839671605
2025-04-24,1280709.8525067505,508.1000818010172,8.56249935092648,0.0,binance,0.000516662581151817
2025-04-25,1280433.929458839,-242.06885514123138,-33.854192770388025,0.0,binance,-0.00027592304791160857
2025-04-26,1280151.4433285794,-51.10342497448531,-231.38270528505882,0.0,binance,-0.0002824861302594654
2025-04-27,1280224.2840766434,132.52658534014313,-59.685837275936265,0.0,binance,7.284074806398713e-05
2025-04-28,1280104.8605576423,-0.24451399531965867,-119.17900500586832,0.0,binance,-0.00011942351900110953
2025-04-29,1279879.6009894763,-247.2036490379628,21.944080871892453,0.0,binance,-0.00022525956816598773
2025-04-30,1280096.026585137,355.52334886387604,-139.09775320313335,0.0,binance,0.00021642559566069394
2025-05-01,1279882.1453031546,-242.5578831311591,28.676601148771198,0.0,binance,-0.00021388128198240883
2025-05-02,1279654.2797208198,486.58285023281286,-714.4484325674861,0.0,binance,-0.000227865582334809
2025-05-03,1279290.5967869721,-263.3415727137603,-100.3413611338336,0.0,binance,-0.00036368293384765274
2025-05-04,1279393.9233729164,-68.70843262113326,172.03501856528078,0.0,binance,0.0001033265859442763
2025-05-05,1279230.9196700188,-139.6174911972969,-23.386211700216954,0.0,binance,-0.0001630037028975785
2025-05-06,1279142.0263191878,-255.0280968810756,166.13474604998757,0.0,binance,-8.889335083100013e-05
2025-05-07,1279156.0261234147,-45.47960308675875,59.47940731363588,0.0,binance,1.3999804226914421e-05
2025-05-08,1279626.7867697675,170.67076857407258,300.0898777785681,0.0,binance,0.00047076064635277726
2025-05-09,1280034.5119454619,-207.59238183318283,615.3175575274745,0.0,binance,0.00040772517569432964
2025-05-10,1280550.3759815122,-86.06892627210573,601.9329623226163,0.0,binance,0.0005158640360503923
2025-05-11,1280940.2901064185,-228.86509940642333,618.7792243126935,0.0,binance,0.0003899141249062959
2025-05-12,1281967.4293587727,600.7708859410607,426.3683664131131,0.0,binance,0.001027139252354158
2025-05-13,1282737.238967437,164.31340470181033,605.4962039624604,0.0,binance,0.0007698096086643636
2025-05-14,1282521.5884596482,-740.8774051286412,525.2268973396878,0.0,binance,-0.00021565050778887235
2025-05-15,1283453.193345978,684.8837002523882,246.72118607737312,0.0,binance,0.0009316048863297329
2025-05-16,1283874.032388048,-5.37930789169527,426.21834996176693,0.0,binance,0.0004208390420700889
2025-05-17,1284098.4619174162,53.54856492483538,170.88096444321943,0.0,binance,0.0002244295293681789
2025-05-18,1284557.9612428355,-111.25386776690263,570.7531931860619,0.0,binance,0.00045949932541931046
2025-05-19,1284916.5659692911,-9.291531813251662,367.8962582690188,0.0,binance,0.00035860472645564005
2025-05-20,1285237.7982247213,-111.00935377193878,432.2416092021731,0.0,binance,0.0003212322554301936
2025-05-21,1285977.0433522244,189.98737418653488,549.2577533164989,0.0,binance,0.0007392451275030616
2025-05-22,1286399.3894417787,-381.6863463385283,804.0324358928763,0.0,binance,0.00042234608955425213
2025-05-23,1287068.4899762773,-18.827577622178797,687.928112120781,0.0,binance,0.0006691005344986916
2025-05-24,1287806.6995605058,319.82430558029665,418.38527864814887,0.0,binance,0.0007382095842284616
2025-05-25,1288691.5169855065,396.11267204886724,488.7047529519508,0.0,binance,0.0008848174250007142
2025-05-26,1289054.4060808048,-359.43557278507666,722.3246680833661,0.0,binance,0.0003628890952982474
2025-05-27,1289514.2037006079,-5.379307892051085,465.17692769498876,0.0,binance,0.00045979761980311016
2025-05-28,1289825.7468664509,24.206885514229885,287.3362803286268,0.0,binance,0.0003115431658430025
2025-05-29,1290441.857340001,237.42308923407182,378.6873843159832,0.0,binance,0.0006161104735501576
2025-05-30,1290583.6998189886,-215.9058576658675,357.74833665353697,0.0,binance,0.00014184247898752801
2025-05-31,1290761.8137587425,-349.165984991258,527.2799247452608,0.0,binance,0.0001781139397539664
2025-06-01,1291198.1922135472,286.32588825245927,150.05256655226376,0.0,binance,0.0004363784548046533
2025-06-02,1291743.3076844676,301.97478393832904,243.14068698207493,0.0,binance,0.0005451154709204566
2025-06-03,1291753.083400156,-391.95593413199117,401.7316498203934,0.0,binance,9.77571568847634e-06
2025-06-04,1291923.066061406,78.24447842899295,91.73818282089127,0.0,binance,0.00016998266124981456
2025-06-05,1292332.3099227666,201.96855994616791,207.2753014146246,0.0,binance,0.00040924386136070824
2025-06-06,1291972.2677134005,-123.96859551142717,-236.07361385460752,0.0,binance,-0.00036004220936610364
2025-06-07,1291785.019498588,-40.589323185702796,-146.6588916269517,0.0,binance,-0.00018724821481248363
2025-06-08,1291870.9553218335,-89.98115019366213,175.9169734391116,0.0,binance,8.593582324543968e-05
2025-06-09,1292312.4525667278,314.44499768824556,127.05224720587191,0.0,binance,0.0004414972448942717
2025-06-10,1292423.9228029728,-549.9119749615392,661.3822112067434,0.0,binance,0.0001114702362450771
2025-06-11,1293119.59146862,97.07205605152757,598.5966095956182,0.0,binance,0.0006956686656472739
2025-06-12,1293540.8131923792,147.68645303537355,273.53527072367257,0.0,binance,0.0004212217237590812
2025-06-13,1294010.1867535792,423.2537255044423,46.11983569548671,0.0,binance,0.0004693735611999873
2025-06-14,1293626.7877730976,-563.6047586873424,180.20577820580078,0.0,binance,-0.0003833989804815501
2025-06-15,1294139.8744944897,379.97474837306976,133.11197301899205,0.0,binance,0.0005130867213921156
2025-06-16,1294476.716931412,109.78678379640793,227.055653125778,0.0,binance,0.00033684243692224845
2025-06-17,1294369.3216126855,-364.08133869223616,256.6860199656792,0.0,binance,-0.00010739531872654334
2025-06-18,1294559.1687776567,-30.808763381456004,220.65592835295374,0.0,binance,0.0001898471649712883
2025-06-19,1294922.5997359203,264.5641426892911,98.86681557420778,0.0,binance,0.00036343095826357606
2025-06-20,1295215.136859562,-61.128498772984315,353.6656224148203,0.0,binance,0.0002925371236416977
2025-06-21,1295561.6952091593,9.536045808571322,337.0223037886333,0.0,binance,0.0003465583495972678
2025-06-22,1295701.6097443698,-285.10331827692846,425.0178534872142,0.0,binance,0.00013991453521046787
2025-06-23,1296190.1051560047,463.35402069915,25.141390935643926,0.0,binance,0.0004884954116349109
2025-06-24,1295868.177250067,-396.84621403411455,74.91830809652525,0.0,binance,-0.00032192790593765677
2025-06-25,1296008.2174256393,126.16922146752503,13.870954104723118,0.0,binance,0.00014004017557227053
2025-06-26,1296432.5695820476,302.95283991854023,121.39931649002385,0.0,binance,0.00042435215640836393
2025-06-27,1295932.3147551056,-665.8116086352455,165.5567816934595,0.0,binance,-0.0005002548269419931
2025-06-28,1296267.2942473078,90.95920617422914,244.02028602802574,0.0,binance,0.00033497949220216835
2025-06-29,1297165.2159859135,462.3759647189388,435.5457738867945,0.0,binance,0.0008979217386057135
2025-06-30,1297188.4706524585,-214.19425970076477,237.4489262456877,0.0,binance,2.3254666544962675e-05
2025-07-01,1297653.9370542085,295.37290607110293,170.0934956787709,0.0,binance,0.000465466401749989
2025-07-02,1297504.4553759983,-390.7333641564603,241.2516859462247,0.0,binance,-0.00014948167821019889
2025-07-03,1298018.0709110834,155.5109008781305,358.1046342070634,0.0,binance,0.0005136155350850896
2025-07-04,1298097.9010196389,-242.5578831311591,322.3879916865243,0.0,binance,7.983010855549947e-05
2025-07-05,1298539.268891518,226.9089874452893,214.4588844337945,0.0,binance,0.00044136787187913434
2025-07-06,1298558.3856938886,-103.42941992378984,122.54622229434149,0.0,binance,1.9116802370641382e-05
2025-07-07,1299153.041055018,325.9371554575951,268.71820567183556,0.0,binance,0.0005946553611294366
2025-07-08,1299421.63464758,24.206885514229885,244.38670704778247,0.0,binance,0.00026859359256201424
2025-07-09,1299481.4222106736,-226.17544546004197,285.9630085535441,0.0,binance,5.978756309347227e-05
2025-07-10,1299655.741889422,-381.1973183486006,555.5169970969521,0.0,binance,0.00017431967874849215
2025-07-11,1300423.607771273,-82.8902443361525,850.7561261870044,0.0,binance,0.0007678658818509429
2025-07-12,1301208.4976955182,-77.02190845381791,861.9118326990789,0.0,binance,0.000784889924245188
2025-07-13,1302141.4853453385,71.88711455708649,861.1005352633638,0.0,binance,0.0009329876498202793
2025-07-14,1303391.9649681265,434.01234128783284,816.4672815000712,0.0,binance,0.0012504796227880287
2025-07-15,1303691.8601605368,-579.0091403775367,878.9043327879931,0.0,binance,0.0002998951924103312
2025-07-16,1304428.61946096,-126.90276345277238,863.6620638759471,0.0,binance,0.0007367593004230876
2025-07-17,1305793.9173901489,495.38535405649264,869.9125751324823,0.0,binance,0.0013652979291889351
2025-07-18,1305722.3469212153,-945.7801330157984,874.2096640822278,0.0,binance,-7.157046893355436e-05
2025-07-19,1307254.201426497,667.0341786107764,864.8203266706976,0.0,binance,0.0015318545052816627
2025-07-20,1308054.1116009466,-64.30718070929336,864.2173551588008,0.0,binance,0.0007999101744496729
2025-07-21,1309483.6585165139,569.717608564285,859.8293070028808,0.0,binance,0.001429546915567247
2025-07-22,1310372.4439043577,28.119109435786275,860.6662784080806,0.0,binance,0.0008887853878438473
2025-07-23,1309065.9594154363,-2186.68865810738,880.2041691859018,0.0,binance,-0.0013064844889214729
2025-07-24,1311938.6081244026,2001.8360778179324,870.8126311484157,0.0,binance,0.0028726487089663277
2025-07-25,1312903.6637846793,97.3165700464914,867.73909023011,0.0,binance,0.0009650556602766738
2025-07-26,1313383.0339610851,-383.153430309023,862.5236067147989,0.0,binance,0.00047937017640587874
2025-07-27,1314242.4221648409,-5.379307892051085,864.7675116477578,0.0,binance,0.0008593882037557195
2025-07-28,1314173.8861145866,-944.5575630402676,876.0215127858592,0.0,binance,-6.853605025424622e-05
2025-07-29,1315742.9923270205,703.2222498846393,865.8839625493476,0.0,binance,0.0015691062124338932
2025-07-30,1317410.5565008298,802.7394458865169,864.8247279226092,0.0,binance,0.0016675641738092526
2025-07-31,1318530.433200811,379.974748372714,739.9019516084577,0.0,binance,0.0011198766999812797
2025-08-01,1318635.9629178555,-59.17238681185031,164.702103856208,0.0,binance,0.00010552971704443916
2025-08-02,1318583.0049805932,-333.76160330070786,280.80366603833977,0.0,binance,-5.295793726225383e-05
2025-08-03,1318688.3979691768,-380.7082903579613,486.1012789415656,0.0,binance,0.00010539298858353868
2025-08-04,1319571.9373794557,497.8304940071985,385.70891627173955,0.0,binance,0.0008835394102788996
2025-08-05,1320025.8905694603,-121.76796955604095,575.7211595609418,0.0,binance,0.0004539531900046859
2025-08-06,1320836.5455094432,176.5391044564072,634.1158355265499,0.0,binance,0.0008106549399828073
2025-08-07,1321144.7498184913,-217.12842764139836,525.3327366895473,0.0,binance,0.0003082043090481311
2025-08-08,1321513.0778492312,20.783689582956995,347.5443411570402,0.0,binance,0.0003683280307399109
2025-08-09,1322034.6170213644,-136.4388092613437,657.9779813947079,0.0,binance,0.000521539172133198
2025-08-10,1322728.079070389,-156.2444428640895,849.7064918888041,0.0,binance,0.0006934620490246453
2025-08-11,1323574.014114135,-28.85265142067781,874.7876951666253,0.0,binance,0.000845935043745907
2025-08-12,1324471.5481138902,127.88081943298357,769.6531803224029,0.0,binance,0.0008975339997552801
2025-08-13,1325487.7370911483,219.81808158777972,796.370895670324,0.0,binance,0.0010161889772580472
2025-08-14,1324664.8783002035,-1727.4913753243945,904.6325843795569,0.0,binance,-0.0008228587909447961
2025-08-15,1326779.7102300455,1720.1559554715652,394.67597437048767,0.0,binance,0.00211483192984201
2025-08-16,1327775.0760781998,245.7365650671123,749.6292830871893,0.0,binance,0.0009953658481542953
2025-08-17,1327902.8052721575,-295.3729060707471,423.1021000284526,0.0,binance,0.00012772919395775533
2025-08-18,1328122.9803671623,6.112849877298432,214.06224512750293,0.0,binance,0.00022017509500472807
2025-08-19,1328406.2981262938,-187.29772024050934,470.6154793719103,0.0,binance,0.00028331775913154706
2025-08-20,1328837.4622991984,132.0375573495038,299.12661555509123,0.0,binance,0.00043116417290456593
2025-08-21,1329339.056655082,45.968631077398065,455.6257248061671,0.0,binance,0.0005015943558835424
2025-08-22,1329659.8497100978,-316.15659565370413,636.9496506695237,0.0,binance,0.00032079305501584896
2025-08-23,1330526.1974233917,17.115979656364445,849.2317336375681,0.0,binance,0.0008663477132939733
2025-08-24,1331921.7153262617,549.1784329762919,846.3394698936587,0.0,binance,0.001395517902869964
2025-08-25,1332376.149254597,-331.80549133957385,786.2394196749299,0.0,binance,0.00045443392833531836
2025-08-26,1332883.9072246903,11.981185759277205,495.7767843342106,0.0,binance,0.0005077579700932838
2025-08-27,1333309.5033233587,130.57047337936493,295.02562528897107,0.0,binance,0.00042559609866840763
2025-08-28,1334260.933597699,339.62993918268666,611.8003351575559,0.0,binance,0.0009514302743403241
2025-08-29,1334373.3344941381,-183.63001031427262,296.03090675347653,0.0,binance,0.00011240089643909596
2025-08-30,1334639.9960841374,-356.99043283401494,623.6520228331615,0.0,binance,0.0002666615899992175
2025-08-31,1335325.3888346532,325.9371554575951,359.4555950581499,0.0,binance,0.0006853927505158354
2025-09-01,1335346.508347875,-498.07500800216235,519.1945212238147,0.0,binance,2.1119513221783565e-05
2025-09-02,1336219.6230551316,282.9026923211864,590.2120149353594,0.0,binance,0.0008731147072566673
2025-09-03,1336506.6741523815,63.08461073376252,223.9664865161646,0.0,binance,0.00028705109724984503
2025-09-04,1336743.6566762505,-148.9090230109044,385.89154688000144,0.0,binance,0.00023698252386902458
2025-09-05,1337561.9721570536,130.81498737397294,687.5004934292422,0.0,binance,0.0008183154808031395
2025-09-06,1337737.48156212,-150.8651349716826,326.37454003805533,0.0,binance,0.0001755094050662592
2025-09-07,1338260.7896221902,185.34160827973116,337.9664517907316,0.0,binance,0.0005233080600702669
2025-09-08,1339118.0149709228,221.7741935485579,635.4511551841413,0.0,binance,0.0008572253487326671
2025-09-09,1339541.9509509415,-227.88704342585632,651.8230234444466,0.0,binance,0.000423935980018694
2025-09-10,1339961.9414946053,-147.9309670303374,567.9215106941531,0.0,binance,0.00041999054366373455
2025-09-11,1340745.3985065904,408.82739979339175,374.6296121919124,0.0,binance,0.0007834570119851269
2025-09-12,1341035.8106863217,-183.6300103139168,474.04219004516847,0.0,binance,0.00029041217973129824
2025-09-13,1341030.104019572,-114.43254970285585,108.7258829533734,0.0,binance,-5.7066667496692385e-06
2025-09-14,1341597.5536698478,111.98740975179416,455.4622405239712,0.0,binance,0.0005674496502757539
2025-09-15,1342294.9277684803,59.17238681220612,638.2017118202511,0.0,binance,0.0006973740986324846
2025-09-16,1342487.4202447848,-215.17231568062016,407.6647919852758,0.0,binance,0.00019249247630452737
2025-09-17,1342922.7246877106,-184.60806629448382,619.9125092204005,0.0,binance,0.00043530444292584435
2025-09-18,1343518.9011068298,81.66767436062166,514.5087447585091,0.0,binance,0.0005961764191191178
2025-09-19,1344002.7297827685,279.4794963899135,204.34917954884946,0.0,binance,0.0004838286759387702
2025-09-20,1344235.2165233172,155.51090087848635,76.97583966995057,0.0,binance,0.00023248674054862932
2025-09-21,1344210.1928082386,-52.81502293958803,27.791307860902663,0.0,binance,-2.5023715078597888e-05
2025-09-22,1344283.9690231038,-299.28512999265934,373.061344858093,0.0,binance,7.377621486526914e-05
2025-09-23,1344827.9763342747,-51.34793896909334,595.3552501400397,0.0,binance,0.0005440073111709207
2025-09-24,1345426.5871368807,134.72721129552934,463.8835913104173,0.0,binance,0.000598610802605981
2025-09-25,1345765.1707207223,32.031333356986856,306.55225048458226,0.0,binance,0.000338583583841566
2025-09-26,1346336.3250146413,165.780488672305,405.3738052468258,0.0,binance,0.0005711542939189822
2025-09-27,1346516.858594104,-120.54539958015428,301.07897904292776,0.0,binance,0.0001805335794626735
2025-09-28,1346970.1583551294,90.22566418898178,363.07409683643345,0.0,binance,0.0004532997610254679
2025-09-29,1346718.3120371012,-351.8556389372835,100.00932090905859,0.0,binance,-0.00025184631802816876
2025-09-30,1347280.30407757,259.4293487922039,302.5626916767436,0.0,binance,0.0005619920404688455
2025-10-01,1347880.189339787,131.30401536461227,468.5812468524381,0.0,binance,0.000599885262216907
2025-10-02,1348250.547475968,-421.7866415335918,792.14477771455,0.0,binance,0.0003703581361810211
2025-10-03,1349255.872484455,123.72408151646333,881.6009269703384,0.0,binance,0.0010053250084868632
2025-10-04,1350139.8477370422,38.144183234285286,845.8310693530605,0.0,binance,0.0008839752525873482
2025-10-05,1350939.3574085224,-44.50154710654756,844.0112185866202,0.0,binance,0.0007995096714801621
2025-10-06,1351831.3095298081,191.4544581570296,700.4976631286232,0.0,binance,0.0008919521212857217
2025-10-07,1351959.1997721256,-627.9119393966357,755.8021817139099,0.0,binance,0.0001278902423174586
2025-10-08,1352892.6659433658,401.4919799412741,531.9741912988584,0.0,binance,0.0009334661712402013
2025-10-09,1353682.2655916791,544.0436390795604,245.5560092337376,0.0,binance,0.000789599648313364
2025-10-10,1354203.1308331657,352.1001529326032,168.7650885540776,0.0,binance,0.0005208652414865791
2025-10-11,1354192.11252029,-575.0969164563361,564.078603580574,0.0,binance,-1.1018312875647098e-05
2025-10-12,1354033.9166343375,142.06263114800282,-300.2585171004197,0.0,binance,-0.0001581958859525621
2025-10-13,1353904.97787718,-24.20688551387407,-104.73187164348971,0.0,binance,-0.00012893875715741887
2025-10-14,1353432.5813318517,-252.0939289397304,-220.30261638866168,0.0,binance,-0.0004723965453284327
2025-10-15,1353159.7938790142,-238.89017320456654,-33.89727963287334,0.0,binance,-0.0002727874528374523
2025-10-16,1353431.7361526494,487.8054202079879,-215.86314657280298,0.0,binance,0.0002719422736351844
2025-10-17,1353416.6162448984,16.871465661756417,-31.991373412881885,0.0,binance,-1.5119907750980929e-05
2025-10-18,1352743.8392722036,-285.8368602628874,-386.94011243198065,0.0,binance,-0.0006727769726947881
2025-10-19,1353169.6250232619,350.14404097182495,75.64171008642458,0.0,binance,0.0004257857510582544
2025-10-20,1352825.9047913738,-267.25379663531663,-76.4664352526941,0.0,binance,-0.00034372023188811726
2025-10-21,1352805.2777411481,137.4168652415549,-158.0439154670662,0.0,binance,-2.062705022562295e-05
2025-10-22,1352461.241342639,-448.1941530035637,104.15775449461178,0.0,binance,-0.00034403639850905164
2025-10-23,1352661.150017833,-208.08140982346634,407.99008501751615,0.0,binance,0.00019990867519401945
2025-10-24,1353298.842113096,411.7615677350928,225.93052752783018,0.0,binance,0.0006376920952629298
2025-10-25,1353316.1527844782,-310.28825977172534,327.59893115375036,0.0,binance,1.7310671382118017e-05
2025-10-26,1353995.7716521297,424.720809474937,254.898058176548,0.0,binance,0.0006796188676515594
2025-10-27,1354873.638184779,113.45449372264466,764.412038926628,0.0,binance,0.0008778665326493792
2025-10-28,1354902.1925827719,-441.5922751363376,470.14667312924564,0.0,binance,2.8554397992789744e-05
2025-10-29,1355663.790574901,525.4605754527013,236.13741667629904,0.0,binance,0.0007615979921291583
2025-10-30,1355166.8802469142,-714.9589216489527,218.04859366219728,0.0,binance,-0.0004969103279868141
2025-10-31,1356278.277569148,576.3194864315111,535.0778358021837,0.0,binance,0.0011113973222337662
2025-11-01,1356869.2269466245,-206.85883984757967,797.8082173240388,0.0,binance,0.0005909493774764706
2025-11-02,1357460.5571204408,-0.244513994963844,591.5746878111997,0.0,binance,0.0005913301738162991
2025-11-03,1357831.936412595,-122.50151154093248,493.88080369527336,0.0,binance,0.000371379292154219
2025-11-04,1358244.096530317,-164.80243269209382,576.9625504143402,0.0,binance,0.0004121601177221164
2025-11-05,1358756.214491955,195.12216808326633,316.99579355461105,0.0,binance,0.0005121179616379086
2025-11-06,1359200.107060619,27.63008144550277,416.26248721858656,0.0,binance,0.0004438925686639268
2025-11-07,1359446.388953708,-188.76480421135986,435.0466973005656,0.0,binance,0.00024628189308918084
2025-11-08,1359651.6425796929,-162.60180673599595,367.85543272086284,0.0,binance,0.0002052536259847693
2025-11-09,1360180.180511338,241.09079916066437,287.44713248435113,0.0,binance,0.0005285379316450563
2025-11-10,1360933.146082674,210.28203577920837,542.6835355567806,0.0,binance,0.0007529655713359825
2025-11-11,1360903.7061858543,-181.42938435817476,151.98948753867768,0.0,binance,-2.94398968196474e-05
2025-11-12,1361333.4045234479,204.65821389183765,225.04012370185302,0.0,binance,0.0004296983375935815
2025-11-13,1361664.3314482754,-113.20997972768082,444.13690455507356,0.0,binance,0.0003309269248275086
2025-11-14,1362051.6525154435,-265.05317067957463,652.3742378476544,0.0,binance,0.0003873210671681445
2025-11-15,1362894.4267040351,278.01241241977465,564.7617761718889,0.0,binance,0.000842774188591633
2025-11-16,1363149.546670203,-324.47007148710037,579.5900376551552,0.0,binance,0.0002551199661679566
2025-11-17,1363862.2756827045,95.84948607599671,616.8795264252943,0.0,binance,0.0007127290125014261
2025-11-18,1364533.6447288997,136.68332325630755,534.6857229389694,0.0,binance,0.0006713690461951774
2025-11-19,1364876.211818703,-32.031333356986856,374.59842316036566,0.0,binance,0.00034256708980328406
2025-11-20,1365443.8061464673,47.19120105292892,520.4031267115981,0.0,binance,0.0005675943277643528
2025-11-21,1365438.0715140651,-247.93719102321018,242.2025586211189,0.0,binance,-5.734632402192801e-06
2025-11-22,1365711.9900883257,-3.5581469287271797e-10,273.91857426112324,0.0,binance,0.00027391857426054775
2025-11-23,1366130.883111337,355.2788348689122,63.614188142404956,0.0,binance,0.0004188930230112746
2025-11-24,1365551.5571958409,-683.4166162822494,104.09070078600135,0.0,binance,-0.0005793259154960979
2025-11-25,1366161.349684253,746.0121990253725,-136.21971061324115,0.0,binance,0.000609792488412233
2025-11-26,1366181.5289764896,-172.1378525445673,192.3171447811822,0.0,binance,2.0179292236454783e-05
2025-11-27,1366282.9806826194,3.4231959312728892,98.02851019845643,0.0,binance,0.00010145170612982474
2025-11-28,1366314.1806965123,-104.40747590400103,135.60748979709788,0.0,binance,3.1200013892957944e-05
2025-11-29,1366396.7899947083,28.608137425713963,54.00116077017463,0.0,binance,8.260929819592274e-05
2025-11-30,1366565.4948507608,-131.30401536425646,300.0088714167585,0.0,binance,0.00016870485605252906
2025-12-01,1366795.5751745747,48.169257032784294,181.91106678121776,0.0,binance,0.0002300803238139488
2025-12-02,1367036.6166722563,122.25699754596863,118.78450013559413,0.0,binance,0.00024104149768152275
2025-12-03,1366687.4494206582,-384.6205142795177,35.45326268138494,0.0,binance,-0.0003491672515980899
2025-12-04,1367533.7506833817,595.8806060389372,250.4206566845681,0.0,binance,0.0008463012627235149
2025-12-05,1367523.2798528434,-239.37920119485003,228.9083706565423,0.0,binance,-1.047083053831011e-05
2025-12-06,1367559.0776294104,-46.94668705796507,82.74446362520897,0.0,binance,3.5797776567051186e-05
2025-12-07,1367757.9682220016,-42.54543514576937,241.4360277367785,0.0,binance,0.00019889059259113856
2025-12-08,1368215.536333807,249.8933029843442,207.67480882117582,0.0,binance,0.0004575681118054781
2025-12-09,1367851.5531134952,-644.7834050576805,280.8001847458833,0.0,binance,-0.0003639832203118131
2025-12-10,1368446.961405885,414.6957356757264,180.71255671390975,0.0,binance,0.0005954082923897077
2025-12-11,1368542.624072877,-64.30718070893755,159.9698477011239,0.0,binance,9.566266699205152e-05
2025-12-12,1368830.344085058,-51.34793896944915,339.06795115054956,0.0,binance,0.00028772001218097285
2025-12-13,1369171.2401679303,72.13162855205033,268.76445432034,0.0,binance,0.000340896082872292
2025-12-14,1369782.6667689478,243.78045310668992,367.6461479109614,0.0,binance,0.0006114266010175924
2025-12-15,1369947.8473440981,113.94352171292816,51.237053437422205,0.0,binance,0.00016518057515029795
2025-12-16,1369944.6562750828,-275.81178646367675,272.6207174485187,0.0,binance,-3.191069015301764e-06
2025-12-17,1370277.2761416778,-121.0344275707936,453.65429416589615,0.0,binance,0.00033261986659490503
2025-12-18,1370676.4485515365,110.03129779137177,289.1411120674326,0.0,binance,0.0003991724098587874
2025-12-19,1371330.941771604,121.76796955604095,532.7252505112566,0.0,binance,0.0006544932200673502
2025-12-20,1371491.2159273636,-236.2005192588968,396.474675018672,0.0,binance,0.00016027415575971826
2025-12-21,1372057.5206126166,79.71156240019927,486.59312285272256,0.0,binance,0.0005663046852529515
2025-12-22,1372330.2925465908,-64.55169470461303,337.3236286788242,0.0,binance,0.00027277193397423253
2025-12-23,1372581.5572572974,42.056407155841676,209.2083035507878,0.0,binance,0.0002512647107066587
2025-12-24,1372702.2311011064,-400.75843795567096,521.4322817645909,0.0,binance,0.00012067384380893782
2025-12-25,1373646.490808739,467.9997866063095,476.2599210264253,0.0,binance,0.0009442597076327074
2025-12-26,1374079.1963092813,10.514101788782511,422.1913987534232,0.0,binance,0.0004327055005421862
2025-12-27,1374517.173268974,214.9278016856563,223.0491580071665,0.0,binance,0.0004379769596927799
2025-12-28,1374798.5453522224,-91.93726215444032,373.3093454026924,0.0,binance,0.00028137208324833775
2025-12-29,1374960.8321883539,-371.41675854435385,533.7035946758189,0.0,binance,0.00016228683613147586
2025-12-30,1375489.963179427,39.61126720477998,489.5197238681225,0.0,binance,0.0005291309910730925
2025-12-31,1375576.93644071,-88.7585802184871,175.73184150158266,0.0,binance,8.697326128301211e-05
2026-01-01,1376276.995608969,234.97794928336594,465.08121897561983,0.0,binance,0.0007000591682589148
2026-01-02,1376573.8434234583,-21.028203577920838,317.8760180673614,0.0,binance,0.00029684781448938884
2026-01-03,1376930.279177395,112.23192374711381,244.20383018947615,0.0,binance,0.0003564357539366465
2026-01-04,1377088.0125404536,-279.47949639026933,437.21285944890997,0.0,binance,0.00015773336305865087
2026-01-05,1377584.8277710797,8.068961838432443,488.74626878756624,0.0,binance,0.0004968152306261473
2026-01-06,1377798.6748016637,119.0783156096596,94.76871497448165,0.0,binance,0.0002138470305840019
2026-01-07,1378304.871484491,60.150442792417316,446.04624003494337,0.0,binance,0.0005061966828273143
2026-01-08,1378772.8673160588,-93.15983212997118,561.1556636976741,0.0,binance,0.0004679958315677941
2026-01-09,1378977.919649198,101.2287939680478,103.82353917114202,0.0,binance,0.00020505233313911593
2026-01-10,1379346.3883708457,-64.30718070893755,432.7759023566704,0.0,binance,0.0003684687216477469
2026-01-11,1379617.1567005636,-62.84009673879867,333.60842645685887,0.0,binance,0.00027076832971791736
2026-01-12,1380174.1306323935,348.67695700133027,208.29697482839566,0.0,binance,0.0005569739318299108
2026-01-13,1380384.649558221,-135.94978127141601,346.46870709890817,0.0,binance,0.00021051892582746223
2026-01-14,1380420.8876547108,-120.05637158987078,156.2944680798094,0.0,binance,3.6238096489803866e-05
2026-01-15,1380611.8062516449,122.01248355064898,68.90611338336238,0.0,binance,0.0001909185969340615
2026-01-16,1380857.318693424,-155.75541487345018,401.2678566525589,0.0,binance,0.000245512441779254
2026-01-17,1381230.7892616969,237.91211722435534,135.5584510482982,0.0,binance,0.00037347056827275084
2026-01-18,1381510.9227232372,-177.7616744315822,457.8951359720098,0.0,binance,0.00028013346154033206
2026-01-19,1382163.1605628892,471.17846854190697,181.05937111000463,0.0,binance,0.0006522378396519925
2026-01-20,1382229.4122145413,-434.0123412881887,500.2639929402141,0.0,binance,6.625165165215731e-05
2026-01-21,1382520.1721869449,-108.31969982555742,399.0796722289896,0.0,binance,0.00029075997240352443
2026-01-22,1383132.5006815742,155.75541487345018,456.5730797560195,0.0,binance,0.000612328494629357
2026-01-23,1383420.5088855787,-50.12536899391831,338.1335729985418,0.0,binance,0.0002880082040044945
2026-01-24,1383741.399594129,6.8463918625457785,314.0443166878579,0.0,binance,0.00032089070855034513
2026-01-25,1384128.6219164964,75.31031048835938,311.91201187893444,0.0,binance,0.0003872223223673645
2026-01-26,1384316.0648359936,-77.75545043906526,265.1983699363375,0.0,binance,0.00018744291949714535
2026-01-27,1384823.08271812,122.74602553589632,384.27185659031903,0.0,binance,0.0005070178821263835
2026-01-28,1385316.918212834,139.61749119765275,354.2180035165559,0.0,binance,0.0004938354947140906
2026-01-29,1385350.2682569423,-339.62993918268666,372.9799832908028,0.0,binance,3.335004410822876e-05
2026-01-30,1385659.8473672983,175.07202048591247,134.50708987000746,0.0,binance,0.00030957911035604774
2026-01-31,1386157.0849677804,89.00309421345094,408.2345062684497,0.0,binance,0.000497237600482069
2026-02-01,1385833.7528079927,-359.43557278507666,36.10341299747484,0.0,binance,-0.00032333215978764927
2026-02-02,1385724.6062252133,54.282106910082724,-163.42868968951169,0.0,binance,-0.00010914658277947456
2026-02-03,1385948.2663729333,231.79926734741272,-8.139119627360673,0.0,binance,0.00022366014772001654
2026-02-04,1385899.0384023818,-202.70210193105945,153.47413137959242,0.0,binance,-4.922797055146657e-05
2026-02-05,1385748.2081534439,-231.55475335244887,80.72450441458903,0.0,binance,-0.00015083024893794208
2026-02-06,1385634.4418651822,328.3822954086568,-442.1485836704663,0.0,binance,-0.00011376628826162778
2026-02-07,1385031.9225111324,-146.95291105048202,-455.5664429993421,0.0,binance,-0.0006025193540498149
2026-02-08,1384815.0138903493,-16.871465661400602,-200.03715512190138,0.0,binance,-0.00021690862078312784
2026-02-09,1384894.1144497844,173.84945051073746,-94.74889107568376,0.0,binance,7.910055943508632e-05
2026-02-10,1384147.9819019972,-361.3916847462106,-384.74086304104276,0.0,binance,-0.0007461325477871578
2026-02-11,1384220.05480176,209.79300778892488,-137.72010802628304,0.0,binance,7.207289976277389e-05
2026-02-12,1384024.4806182592,-201.9685599458121,6.394376444855435,0.0,binance,-0.00019557418350083753
2026-02-13,1384140.5022945404,30.564249386492158,85.45742689476118,0.0,binance,0.00011602167628123425
2026-02-14,1384249.1531339237,85.57989828217805,23.07094110102429,0.0,binance,0.00010865083938324824
2026-02-15,1384149.5135256576,-120.54539958015428,20.90579131397375,0.0,binance,-9.96396082660649e-05
2026-02-16,1384269.2252946272,199.27890599978656,-79.56713703008856,0.0,binance,0.00011971176896966063
2026-02-17,1384355.4739296876,-143.2852011242453,229.5338361845147,0.0,binance,8.624863506038673e-05
2026-02-18,1384411.6153357371,-54.03759291476307,110.1789989641498,0.0,binance,5.614140604948625e-05
2026-02-19,1384599.174230178,258.6958068069565,-71.13691236618416,0.0,binance,0.00018755889444076456
2026-02-20,1384492.706847198,-204.65821389183765,98.19083091190383,0.0,binance,-0.0001064673829798121
2026-02-21,1384927.6379148085,265.78671266482195,169.1443549454067,0.0,binance,0.00043493106761039233
2026-02-22,1385072.6856463589,49.636341003634804,95.41139054664438,0.0,binance,0.0001450477315504104
2026-02-23,1384754.3006401348,-316.40110964902374,-1.9838965750257884,0.0,binance,-0.00031838500622403807
2026-02-24,1384833.008311157,10.269587793996575,68.43808322811824,0.0,binance,7.870767102227547e-05
2026-02-25,1384770.9519345877,-84.60184230178895,22.54546573247502,0.0,binance,-6.205637656943872e-05
2026-02-26,1385000.5178483918,214.9278016856563,14.638112118558169,0.0,binance,0.00022956591380410827
2026-02-27,1384877.2906347178,37.89966923932144,-161.12688291336204,0.0,binance,-0.00012322721367399208
2026-02-28,1384788.5928220956,-24.451399509193728,-64.24641311306328,0.0,binance,-8.869781262218021e-05
2026-03-01,1384904.421828146,4.156737916520236,111.67226813404703,0.0,binance,0.00011582900605048053
2026-03-02,1384614.068020214,-236.68954724882448,-53.66426068303873,0.0,binance,-0.00029035380793199873
2026-03-03,1384701.1068155512,41.07835117527467,45.96044416189494,0.0,binance,8.703879533708096e-05
2026-03-04,1385087.1502050844,355.7678628588399,30.27552667425399,0.0,binance,0.00038604338953318075
2026-03-05,1384815.3523673085,-426.4324074400397,154.63456966426006,0.0,binance,-0.0002717978377758991
2026-03-06,1385019.1809866845,265.29768467453846,-61.469065298573824,0.0,binance,0.00020382861937605777
2026-03-07,1384890.818460255,-127.14727744773622,-1.215248981932632,0.0,binance,-0.00012836252642958425
2026-03-08,1384746.2957796943,-5.134793897087241,-139.3878866633176,0.0,binance,-0.00014452268056059256
2026-03-09,1384673.0455842165,148.9090230109044,-222.15921848881462,0.0,binance,-7.325019547785632e-05
2026-03-10,1384713.4535161618,30.80876338181182,9.599168563502506,0.0,binance,4.040793194528669e-05
2026-03-11,1384547.4805875418,212.23814773963076,-378.21107635949784,0.0,binance,-0.00016597292861994357
2026-03-12,1384072.7967052376,-121.76796955568514,-352.9159127485151,0.0,binance,-0.00047468388230423444
2026-03-13,1384561.0719257358,473.8681224879325,14.407098010100643,0.0,binance,0.00048827522049820984
2026-03-14,1383747.692522061,-653.5859088806487,-159.79349479407477,0.0,binance,-0.0008133794036747422
2026-03-15,1383723.0879433365,74.33225450814818,-98.93683323256394,0.0,binance,-2.460457872459665e-05
2026-03-16,1383903.8107457247,-26.896539460255426,207.619341848348,0.0,binance,0.00018072280238824897
2026-03-17,1383883.8195960291,44.501547106903374,-64.49269680264608,0.0,binance,-1.9991149695590137e-05
2026-03-18,1383692.5628770243,-29.341679411317124,-161.9150395934844,0.0,binance,-0.0001912567190048285
2026-03-19,1383805.0355822854,160.89020877089325,-48.41750350988725,0.0,binance,0.00011247270526108332
2026-03-20,1383799.34328352,-25.429455489760734,19.737156724579435,0.0,binance,-5.6922987652942535e-06
2026-03-21,1383670.1915246462,-109.54226980144409,-19.609489072447268,0.0,binance,-0.0001291517588738352
2026-03-22,1383457.1648280749,-36.921613258754434,-176.1050833125867,0.0,binance,-0.00021302669657138177
2026-03-23,1383174.4170580115,-203.4356439163068,-79.31212614699291,0.0,binance,-0.00028274777006334623
2026-03-24,1383661.413469435,297.08450403656144,189.9119073869901,0.0,binance,0.0004869964114234317
2026-03-25,1383612.656650162,-188.52029021568438,139.76347094284597,0.0,binance,-4.875681927287951e-05
2026-03-26,1383796.5108529131,153.79930291267198,30.054899838176205,0.0,binance,0.00018385420275107025
2026-03-27,1383474.7760241749,-166.75854465287202,-154.97628408525094,0.0,binance,-0.00032173482873826286
2026-03-28,1383485.5672956589,268.23185261588367,-257.4405811319665,0.0,binance,1.0791271483991296e-05
2026-03-29,1383446.1198963542,-22.984315538699033,-16.463083766049017,0.0,binance,-3.944739930471405e-05
2026-03-30,1383243.4828106943,-227.64252943053668,25.00544377067255,0.0,binance,-0.0002026370856598951
2026-03-31,1383170.1335564358,1.222569975886664,-74.57182423444891,0.0,binance,-7.334925425844267e-05
2026-04-01,1383361.7228429841,247.2036490379628,-55.61436248977486,0.0,binance,0.00019158928654831834
2026-04-02,1382930.5375811139,-380.70829035831713,-50.47697151189672,0.0,binance,-0.00043118526187026874
2026-04-03,1383056.4253133265,143.52971511885332,-17.64198290624889,0.0,binance,0.00012588773221266456
2026-04-04,1383234.3439926396,22.00625955813203,155.9124197549525,0.0,binance,0.00017791867931303567
2026-04-05,1383246.1868027456,-121.52345556072129,133.36626566667854,0.0,binance,1.1842810105998069e-05
2026-04-06,1383636.3657597823,170.1817405841449,219.99721645267985,0.0,binance,0.0003901789570366964
2026-04-07,1383805.0622685428,-12.714727744524552,181.41123650505034,0.0,binance,0.00016869650876056403
2026-04-08,1383966.9684124724,-42.54543514612518,204.451579075826,0.0,binance,0.0001619061439295765
2026-04-09,1383964.9254122677,-55.99370487625289,53.95070467155101,0.0,binance,-2.043000204721466e-06
2026-04-10,1384119.9310916788,143.04068712892564,11.96499228224917,0.0,binance,0.00015500567941111512
2026-04-11,1383951.2306667091,189.0093182063237,-357.70974317583665,0.0,binance,-0.00016870042496966198
2026-04-12,1383354.4034046389,-380.21926236803364,-216.60799970213745,0.0,binance,-0.0005968272620702628
2026-04-13,1383268.3434150594,14.670839705302747,-100.73082928477434,0.0,binance,-8.605998957948759e-05
2026-04-14,1383183.3600760563,66.9968346553189,-151.98017365828503,0.0,binance,-8.498333900305442e-05
2026-04-15,1382586.2741167368,-206.61432585261582,-390.47163346685284,0.0,binance,-0.0005970859593194909
2026-04-16,1382652.1945691942,221.04065156295474,-155.12019910552337,0.0,binance,6.5920452457387e-05
2026-04-17,1382902.86343761,337.18479923162494,-86.51593081587652,0.0,binance,0.00025066886841575614
2026-04-18,1382382.149651564,-148.41999502097673,-372.2937910250027,0.0,binance,-0.0005207137860460207
2026-04-19,1381781.8715879815,-84.35732830664719,-515.9207352758118,0.0,binance,-0.0006002780635824893
2026-04-20,1381695.9788440194,133.01561333042662,-218.90835729274102,0.0,binance,-8.58927439621184e-05
2026-04-21,1381545.0038806228,182.6519543333498,-333.6269177299321,0.0,binance,-0.00015097496339655481
2026-04-22,1381481.6232818346,-74.08774051282853,10.707141724757257,0.0,binance,-6.338059878814966e-05
2026-04-23,1380907.5500906315,-227.8870434255005,-346.18614777759007,0.0,binance,-0.000574073191203177
2026-04-24,1380661.76082781,38.144183234285286,-283.933446055767,0.0,binance,-0.0002457892628214322
2026-04-25,1380458.3275683206,42.789949141089025,-246.2232086304549,0.0,binance,-0.0002034332594894804
2026-04-26,1380424.7552014028,-44.74606110186722,11.173694184123486,0.0,binance,-3.357236691773869e-05
2026-04-27,1380230.973051387,77.02190845417373,-270.80405846996473,0.0,binance,-0.00019378215001593344
2026-04-28,1380120.7132343368,-74.08774051282853,-36.17207653732616,0.0,binance,-0.00011025981705007143
2026-04-29,1380267.7500467454,109.05324181080476,37.98357059785895,0.0,binance,0.0001470368124085944
2026-04-30,1379747.7189402776,-354.05626489302557,-165.97484157493687,0.0,binance,-0.0005200311064678245
2026-05-01,1379856.3367822282,270.9215065619092,-162.3036646112672,0.0,binance,0.00010861784195061773
2026-05-02,1379646.8141009212,-47.6802290428566,-161.84245226419958,0.0,binance,-0.0002095226813070476
2026-05-03,1379550.5859154814,-126.90276345312819,30.674578013301563,0.0,binance,-9.622818543971517e-05
2026-05-04,1379704.9792881298,135.4607532811325,18.932619367286705,0.0,binance,0.0001543933726483956
2026-05-05,1379332.1893392575,-114.18803570824782,-258.601913164189,0.0,binance,-0.0003727899488722905
2026-05-06,1379168.5735446964,213.21620372055358,-376.8319982817335,0.0,binance,-0.00016361579456110486
2026-05-07,1379228.3037119438,327.15972543277013,-267.4295581854394,0.0,binance,5.973016724735498e-05
2026-05-08,1378599.0614346184,-501.49820393343526,-127.74407339198709,0.0,binance,-0.0006292422773253639
2026-05-09,1378668.4503273878,36.18807127350709,33.200821495892164,0.0,binance,6.938889276934788e-05
2026-05-10,1379032.2979889452,157.2224988443007,206.62516271294948,0.0,binance,0.0003638476615573745
2026-05-11,1378998.0147615273,-294.3948500905359,260.1116226726714,0.0,binance,-3.4283227417850865e-05
2026-05-12,1379536.4355994186,346.96535903516013,191.455478856208,0.0,binance,0.0005384208378912881
2026-05-13,1379707.8464954735,-75.55482448332322,246.96572053828646,0.0,binance,0.00017141089605493472
2026-05-14,1379478.5426866123,-441.59227513598177,212.28846627485152,0.0,binance,-0.00022930380886117927
2026-05-15,1379773.7865628437,386.0875982500124,-90.84372201870754,0.0,binance,0.00029524387623136865
2026-05-16,1379892.766960868,-48.902799018387455,167.88319704271436,0.0,binance,0.00011898039802419953
2026-05-17,1380104.4932729146,111.25386776690263,100.47244427970624,0.0,binance,0.00021172631204663777
2026-05-18,1379925.414763472,-402.959063911413,223.8805544688267,0.0,binance,-0.00017907850944250822
2026-05-19,1380496.7706830937,278.99046839998584,292.3654512216808,0.0,binance,0.000571355919621652
2026-05-20,1380730.940758137,-105.63004587988769,339.80012092328485,0.0,binance,0.00023417007504333742
2026-05-21,1381144.8098402626,185.34160827973116,228.52747384589398,0.0,binance,0.0004138690821256023
2026-05-22,1380940.6892638654,-311.0218017569727,106.90122535965787,0.0,binance,-0.000204120576397283
2026-05-23,1381060.9739533078,-68.95294661609711,189.23763605870118,0.0,binance,0.00012028468944248744
2026-05-24,1381717.9766432222,251.84941494476655,405.1532749693246,0.0,binance,0.0006570026899143123
2026-05-25,1381884.735801752,-49.88085499859864,216.6400135282925,0.0,binance,0.00016675915852980687
2026-05-26,1382361.9783662814,143.04068712856983,334.20187740068286,0.0,binance,0.00047724256452941335
2026-05-27,1382503.9890204049,-393.66753209816136,535.6781862218587,0.0,binance,0.0001420106541235
2026-05-28,1383127.8098978545,168.71465661365022,455.10622083614896,0.0,binance,0.000623820877449587
2026-05-29,1383398.4513870385,-126.90276345241656,397.54425263630543,0.0,binance,0.0002706414891839959
2026-05-30,1383815.1277745885,157.95604082919223,258.72034672084504,0.0,binance,0.0004166763875500765
2026-05-31,1383980.8692688292,-124.70213749667452,290.44363173747195,0.0,binance,0.00016574149424070493
2026-06-01,1384189.7940321662,-153.79930291302782,362.7240662499555,0.0,binance,0.00020892476333701052
2026-06-02,1384521.9203631557,-92.67080414004349,424.797135129548,0.0,binance,0.000332126330989413
2026-06-03,1385213.4924648511,326.18166945255894,365.39043224294915,0.0,binance,0.000691572101695463
2026-06-04,1385123.701644816,-139.12846320701343,49.33764317183554,0.0,binance,-8.979082003515213e-05
2026-06-05,1385292.7800212295,184.36355229916416,-15.285175885585236,0.0,binance,0.0001690783764135558
2026-06-06,1385352.6249340049,45.968631077398065,13.876281697905181,0.0,binance,5.984491277532652e-05
2026-06-07,1385368.4040954262,11.003129779243922,4.7760316423338125,0.0,binance,1.577916142134927e-05
2026-06-08,1385431.7314085509,-46.702173062645414,110.02948618718213,0.0,binance,6.332731312466785e-05
2026-06-09,1385343.776435265,-120.0563715902266,32.10139830440659,0.0,binance,-8.795497328578494e-05
2026-06-10,1385507.725474454,171.1597965643561,-7.210757375431243,0.0,binance,0.00016394903918891214
2026-06-11,1385386.1047072134,-188.5202902158623,66.89952297542412,0.0,binance,-0.00012162076724064537
2026-06-12,1385431.8569028156,14.915353700622406,30.83684190169648,0.0,binance,4.5752195602282884e-05
2026-06-13,1385652.8587218886,122.25699754596863,98.74482152701214,0.0,binance,0.00022100181907298974
2026-06-14,1385621.1089939305,164.06889070666855,-195.8186186648647,0.0,binance,-3.174972795811482e-05
2026-06-15,1385691.991017817,113.45449372246675,-42.572469835864425,0.0,binance,7.088202388654463e-05
2026-06-16,1385634.128887905,-36.92161325839862,-20.94051665362592,0.0,binance,-5.786212991201319e-05
2026-06-17,1385208.2188875491,-308.57666180626677,-117.33333854963189,0.0,binance,-0.00042591000035591424
2026-06-18,1385446.9651768848,153.55478891770815,85.19150041789665,0.0,binance,0.0002387462893356569
2026-06-19,1385552.9555640172,-60.88398477784257,166.87437191023224,0.0,binance,0.00010599038713239134
2026-06-20,1385682.2025809465,-63.81815271900986,193.0651696482555,0.0,binance,0.00012924701692932286
2026-06-21,1385722.602422926,-85.33538428703629,125.7352262665825,0.0,binance,4.039984197961167e-05
2026-06-22,1385846.1655146678,-76.04385247360672,199.60694421524346,0.0,binance,0.000123563091741642
2026-06-23,1386030.6782964747,124.94665149199417,59.566130314845125,0.0,binance,0.00018451278180698865
2026-06-24,1386291.46133844,194.63314009316073,66.14990187208805,0.0,binance,0.0002607830419652164
2026-06-25,1385996.213067216,-270.67699256676747,-24.571278657040224,0.0,binance,-0.00029524827122385616
2026-06-26,1386165.0205706838,-101.7178219583313,270.5253254258989,0.0,binance,0.00016880750346765853
2026-06-27,1386426.8498008403,66.75232065999924,195.076909496479,0.0,binance,0.00026182923015649433
2026-06-28,1386653.4125606744,79.22253440991577,147.34022542412066,0.0,binance,0.00022656275983410888
2026-06-29,1386889.1723539222,-44.012519116441965,279.7723123644059,0.0,binance,0.00023575979324779472
2026-06-30,1387364.5249501427,212.4826617347725,262.86993448580927,0.0,binance,0.00047535259622056035
2026-07-01,1387175.8376258637,-395.86815805390336,207.18083377494042,0.0,binance,-0.00018868732427898796
2026-07-02,1387571.703974514,124.45762350188859,271.40872514848667,0.0,binance,0.00039586634865030647
2026-07-03,1387809.120087764,-119.81185759508485,357.2279708450404,0.0,binance,0.00023741611324995757
2026-07-04,1388217.5638304285,-42.54543514594727,450.9891778105773,0.0,binance,0.00040844374266453087
2026-07-05,1388911.980130945,277.52338442931324,416.8929160872426,0.0,binance,0.0006944163005165756
2026-07-06,1389372.9774533836,90.47017818412354,370.5271442543657,0.0,binance,0.0004609973224385176
2026-07-07,1389399.8787607441,-327.1597254331259,354.0610327937725,0.0,binance,2.690130736050196e-05
2026-07-08,1389821.4102106986,224.2193334992638,197.31211645534734,0.0,binance,0.0004215314499544911
2026-07-09,1390244.9343573605,154.28833090313339,269.2358157587047,0.0,binance,0.00042352414666186087
2026-07-10,1390594.9088871223,-48.902799018387455,398.8773287801864,0.0,binance,0.000349974529761821
2026-07-11,1390814.782520089,-16.871465661400602,236.74509862805422,0.0,binance,0.00021987363296677357
2026-07-12,1391194.217823251,90.22566418898178,289.2096389728634,0.0,binance,0.0003794353031618521
2026-07-13,1391307.4356548851,-142.06263114853652,255.28046278274712,0.0,binance,0.00011321783163421787
2026-07-14,1391508.4486162385,-63.08461073376252,264.09757208717144,0.0,binance,0.00020101296135340818
2026-07-15,1391942.9651630386,45.72411708225632,388.79242971778643,0.0,binance,0.0004345165468000341
2026-07-16,1392332.1803879202,134.23818330542375,254.9770415762706,0.0,binance,0.0003892152248816565
2026-07-17,1392428.0376799589,-141.3290891631113,237.18638120176408,0.0,binance,9.585729203862138e-05
2026-07-18,1392457.5057032965,-179.22875840243273,208.69678174013944,0.0,binance,2.9468023337656633e-05
2026-07-19,1392796.6624732267,140.3510331829001,198.80573674734146,0.0,binance,0.0003391567699301522
2026-07-20,1393066.4830390944,5.86833588215668,263.9522299854181,0.0,binance,0.00026982056586770343
2026-07-21,1393399.986590638,74.82128249825378,258.68226904541734,0.0,binance,0.00033350355154369024
2026-07-22,1393650.2967322047,74.33225450761446,175.9778870589857,0.0,binance,0.00025031014156667517
2026-07-23,1393752.7881113528,-33.009389337198044,135.50076848525805,0.0,binance,0.00010249137914809399
2026-07-24,1393972.847374112,-76.28836646857057,296.3476292278692,0.0,binance,0.00022005926275928505
2026-07-25,1394020.7761667909,-143.77422911417298,191.70302179286554,0.0,binance,4.7928792678751054e-05
2026-07-26,1394596.2277209663,330.3384073692571,245.11314680620268,0.0,binance,0.0005754515541754663
2026-07-27,1394579.638217303,-298.55158800723405,281.9620843439912,0.0,binance,-1.658950366335921e-05
2026-07-28,1395004.6841216802,253.31649891526126,171.72940546199808,0.0,binance,0.00042504590437724256
2026-07-29,1394793.492174504,-580.9652523384927,369.7733051623573,0.0,binance,-0.00021119194717612118
2026-07-30,1395522.9258341917,342.07507913357045,387.35858055402423,0.0,binance,0.0007294336596876383
2026-07-31,1396033.279784871,113.45449372264466,396.8994569566455,0.0,binance,0.0005103539506793022
