date,nav,basis_pnl,funding_pnl,switch_cost,venue,ret
2023-05-12,999996.945884724,0.0,-3.054115276022031,0.0,binance,0.0
2023-05-13,1000011.5944927455,-25.728271583601835,40.37687960505433,0.0,binance,1.4648608021438122e-05
2023-05-14,999981.4492273688,-88.21121685823057,58.065951481603165,0.0,binance,-3.0145265376660974e-05
2023-05-15,1000049.7011482951,95.56215159640253,-27.310230670104527,0.0,binance,6.825192092626821e-05
2023-05-16,999981.1755664763,-106.58855370357688,38.06297188490218,0.0,binance,-6.852558181877248e-05
2023-05-17,1000071.0368964653,14.701869476343905,75.159460512672,0.0,binance,8.986132998904214e-05
2023-05-18,1000121.2058884961,-80.86028212005861,131.0292741508835,0.0,binance,5.0168992030783554e-05
2023-05-19,1000384.4978127214,147.0186947636062,116.2732294616554,0.0,binance,0.00026329192422528286
2023-05-20,1000463.4403907054,22.052804214515856,56.88977376941454,0.0,binance,7.894257798395119e-05
2023-05-21,1000470.5204920883,-36.754673690776194,43.83477507364857,0.0,binance,7.080101382918656e-06
2023-05-22,1000649.0537507576,66.15841264354758,112.37484602576167,0.0,binance,0.00017853325866931118
2023-05-23,1000662.4347268014,-121.29042318000435,134.67139922369674,0.0,binance,1.3380976043757982e-05
2023-05-24,1000768.2970205392,3.6754673691695467,102.18682636869391,0.0,binance,0.00010586229373782407
2023-05-25,1000954.8420063041,132.31682528726228,54.228160477588,0.0,binance,0.00018654498576489278
2023-05-26,1001056.8623627797,-33.07920632194093,135.09956279758754,0.0,binance,0.00010202035647560842
2023-05-27,1001119.9923579125,11.026402107341498,52.10359302552222,0.0,binance,6.312999513279646e-05
2023-05-28,1001146.9400898429,18.37733684551345,8.570395084897726,0.0,binance,2.6947731930413283e-05
2023-05-29,1001078.0280170463,-279.3355200507849,210.42344725425878,0.0,binance,-6.891207279660739e-05
2023-05-30,1001545.276815489,297.7128568961312,169.53594154670347,0.0,binance,0.00046724879844277167
2023-05-31,1001520.9436108791,-117.61495581083481,93.28175120093111,0.0,binance,-2.4333204609923997e-05
2023-06-01,1001702.6014156005,3.6754673691695467,177.98233735221555,0.0,binance,0.0001816578047213843
2023-06-02,1002010.048541924,150.6941621326086,156.7529641909238,0.0,binance,0.0003074471263234736
2023-06-03,1002108.6923197799,-33.07920632177379,131.72298417766984,0.0,binance,9.864377785590477e-05
2023-06-04,1002236.2184839285,18.37733684534631,109.14882730315365,0.0,binance,0.00012752616414858493
2023-06-05,1002420.313359407,113.93948844183241,70.15538703673795,0.0,binance,0.00018409487547853495
2023-06-06,1002078.6057333869,-367.5467369089319,25.839110888850517,0.0,binance,-0.00034170762602007016
2023-06-07,1002577.2597179433,341.81846532533007,156.83551923104767,0.0,binance,0.0004986539845563239
2023-06-08,1002483.5567306526,-216.8525747763233,123.1495874855905,0.0,binance,-9.370298729068599e-05
2023-06-09,1002560.2143000872,-29.40373895268781,106.06130838730516,0.0,binance,7.665756943461019e-05
2023-06-10,1002664.2346139832,14.701869476343905,89.31844441969379,0.0,binance,0.00010402031389600597
2023-06-11,1002772.0077814786,40.43014105994574,67.3430264355206,0.0,binance,0.00010777316749538295
2023-06-12,1002937.9095735698,36.754673690943335,129.1471184001693,0.0,binance,0.00016590179209120107
2023-06-13,1003052.036460861,0.0,114.12688729123624,0.0,binance,0.00011412688729120419
2023-06-14,1003104.9302542306,-33.079206321857356,85.9729996914835,0.0,binance,5.289379336964339e-05
2023-06-15,1002983.9540538865,-44.10560842903171,-76.87059191508556,0.0,binance,-0.0001209762003441574
2023-06-16,1003101.0233912709,205.8261726689818,-88.75683528448674,0.0,binance,0.00011706933738442603
2023-06-17,1002940.9529555254,-264.63365057435743,104.56321482884016,0.0,binance,-0.00016007043574552517
2023-06-18,1002949.8157176101,-14.701869476427476,23.56463156112692,0.0,binance,8.862762084696443e-06
2023-06-19,1003172.66400898,147.0186947636062,75.82959660631846,0.0,binance,0.00022284829136996995
2023-06-20,1003173.2139338779,-22.052804214599426,22.602729112486006,0.0,binance,5.499248978449032e-07
2023-06-21,1003141.2908507423,-102.91308633440734,70.9900031987704,0.0,binance,-3.192308313562535e-05
2023-06-22,1003415.6608143774,66.15841264354758,208.21155099154086,0.0,binance,0.00027436996363510845
2023-06-23,1003520.2346038935,-62.4829452744616,167.05673479052618,0.0,binance,0.00010457378951611463
2023-06-24,1003609.5630555082,-73.5093473818031,162.83779899648601,0.0,binance,8.932845161471051e-05
2023-06-25,1003834.6269919337,18.37733684542988,206.68659958010568,0.0,binance,0.00022506393642548938
2023-06-26,1004025.4602262648,22.052804214515856,168.78043011655686,0.0,binance,0.0001908332343311049
2023-06-27,1004213.3065628553,106.58855370357688,81.25778288680117,0.0,binance,0.0001878463365904754
2023-06-28,1004214.6535435424,-110.26402107266286,111.61100175976921,0.0,binance,1.3469806871144101e-06
2023-06-29,1004388.0576580944,88.211216858147,85.19289769392266,0.0,binance,0.00017340411455207504
2023-06-30,1004565.8162296853,14.701869476343905,163.05670211450752,0.0,binance,0.000177758571590879
2023-07-01,1004620.9577964369,-158.0450968708641,213.18666362234012,0.0,binance,5.5141566751524806e-05
2023-07-02,1004847.8164635788,14.701869476427476,212.1567976655213,0.0,binance,0.00022685866714199074
2023-07-03,1004833.5949776876,-227.87897688358123,213.6574909923205,0.0,binance,-1.4221485891263e-05
2023-07-04,1005324.8211915664,275.6600526816989,215.56616119708858,0.0,binance,0.0004912262138788355
2023-07-05,1005508.8577234845,-29.40373895268781,213.44027087080732,0.0,binance,0.00018403653191810009
2023-07-06,1005668.7524869592,-8.357045246815048e-11,159.8947634747646,0.0,binance,0.00015989476347470191
2023-07-07,1006086.7011826785,327.1165958490697,90.83209987024486,0.0,binance,0.0004179486957192421
2023-07-08,1005957.408017377,-161.7205642399501,32.427398938569574,0.0,binance,-0.00012929316530143841
2023-07-09,1005973.2476417442,-47.781075798201265,63.62070016539603,0.0,binance,1.5839624367188663e-05
2023-07-10,1006149.1704195255,77.18481475088907,98.73796303036715,0.0,binance,0.000175922777781263
2023-07-11,1006307.5010860604,22.052804214599426,136.27786232033367,0.0,binance,0.0001583306665349519
2023-07-12,1006333.5486550505,-150.69416213277574,176.74173112285527,0.0,binance,2.604756899003405e-05
2023-07-13,1006463.6958871607,128.6413579181763,1.5058741920932839,0.0,binance,0.00013014723211026284
2023-07-14,1006214.2900654431,-470.4598232434228,221.05400152587583,0.0,binance,-0.0002494058217175771
2023-07-15,1006833.5367278203,499.8635621961106,119.38310018098892,0.0,binance,0.000619246662377147
2023-07-16,1006909.6518404288,-25.728271583601835,101.84338419214896,0.0,binance,7.61151126085315e-05
2023-07-17,1007025.252685881,51.45654316720367,64.14430228491554,0.0,binance,0.00011560084545216523
2023-07-18,1007068.5667696216,-113.93948844166526,157.2535721822809,0.0,binance,4.331408374058083e-05
2023-07-19,1007210.9447550745,-36.754673690943335,179.13265914383885,0.0,binance,0.00014237798545288388
2023-07-20,1007471.2345501282,128.6413579181763,131.64843713558577,0.0,binance,0.00026028979505377355
2023-07-21,1007516.2157736756,-22.052804214599426,67.03402776203019,0.0,binance,4.4981223547365516e-05
2023-07-22,1007513.4281247117,-51.45654316720367,48.66889420334245,0.0,binance,-2.7876489638583735e-06
2023-07-23,1007595.7188281628,11.026402107257928,71.26430134377313,0.0,binance,8.22907034510281e-05
2023-07-24,1007703.2545238953,-11.026402107257928,118.56209783982757,0.0,binance,0.00010753569573257118
2023-07-25,1007904.8587098382,25.728271583601835,175.8759143593827,0.0,binance,0.00020160418594290967
2023-07-26,1008003.0630563501,-77.18481475088907,175.38916126280145,0.0,binance,9.820434651186224e-05
2023-07-27,1008254.3580265421,99.23761896540493,152.057351226548,0.0,binance,0.00025129497019201516
2023-07-28,1008381.8276389206,-7.3509347381719525,134.8205471167072,0.0,binance,0.00012746961237851065
2023-07-29,1008463.605204859,-66.15841264363114,147.93597858204924,0.0,binance,8.17775659384206e-05
2023-07-30,1008487.097362893,-84.53574948897746,108.02790752301343,0.0,binance,2.3492158034001478e-05
2023-07-31,1008675.5085051726,158.04509687078055,30.366045408728674,0.0,binance,0.0001884111422795104
2023-08-01,1008712.3877963197,-106.58855370357688,143.4678448507259,0.0,binance,3.687929114711005e-05
2023-08-02,1008804.9794351882,-113.93948844174884,206.53112731039317,0.0,binance,9.259163886855822e-05
2023-08-03,1009158.456850555,150.69416213269216,202.78325323413281,0.0,binance,0.0003534774153667968
2023-08-04,1009432.4826165948,106.5885537034933,167.437212336205,0.0,binance,0.00027402576603973285
2023-08-05,1009504.935566291,-102.9130863344909,175.366036030718,0.0,binance,7.245294969622046e-05
2023-08-06,1009704.0353304485,51.456543167287236,147.64322099025998,0.0,binance,0.00019909976415755228
2023-08-07,1009868.1737571224,-33.079206321857356,197.21763299567294,0.0,binance,0.00016413842667383142
2023-08-08,1010024.5881618113,11.026402107257928,145.3880025817374,0.0,binance,0.00015641440468898508
2023-08-09,1010156.5552613799,7.350934738255523,124.61616483023236,0.0,binance,0.00013196709956857377
2023-08-10,1010245.4286892154,-99.2376189654885,188.11104680095113,0.0,binance,8.887342783552595e-05
2023-08-11,1010439.7387224952,135.99229265634827,58.31774062338154,0.0,binance,0.00019431003327970392
2023-08-12,1010470.7886530021,-88.211216858147,119.2611473650797,0.0,binance,3.104993050696794e-05
2023-08-13,1010594.4229428205,0.0,123.6342898183985,0.0,binance,0.00012363428981835022
2023-08-14,1010737.7131309421,-58.80747790537562,202.09766602698681,0.0,binance,0.0001432901881216094
2023-08-15,1010938.6491442629,22.052804214515856,178.8832091062488,0.0,binance,0.00020093601332081017
2023-08-16,1011122.2323907508,3.6754673690859763,179.90777911889023,0.0,binance,0.0001835832464878913
2023-08-17,1011252.3669906472,-33.079206321857356,163.2138062182225,0.0,binance,0.00013013459989638068
2023-08-18,1011167.8549663001,-47.78107579811769,-36.73094854902572,0.0,binance,-8.45120243470883e-05
2023-08-19,1011169.5927258019,128.64135791809275,-126.9035984162077,0.0,binance,1.7377595017896965e-06
2023-08-20,1011085.1241293069,51.456543167287236,-135.92513966219113,0.0,binance,-8.446859649498947e-05
2023-08-21,1011073.7017343667,36.75467369085976,-48.17706863099978,0.0,binance,-1.142239494016394e-05
2023-08-22,1010915.2613218679,-117.61495581083481,-40.82545668795838,0.0,binance,-0.00015844041249877774
2023-08-23,1010812.0504725063,-91.88668422723298,-11.324165134293779,0.0,binance,-0.0001032108493616106
2023-08-24,1010924.7867450645,113.93948844174884,-1.2032158835879248,0.0,binance,0.00011273627255822066
2023-08-25,1010942.4986889336,40.43014106002931,-22.718197191051907,0.0,binance,1.771194386901334e-05
2023-08-26,1010782.1535084737,-143.34322739452023,-17.001953065395472,0.0,binance,-0.00016034518045990263
2023-08-27,1010883.678454216,73.5093473818031,28.015598360518794,0.0,binance,0.00010152494574233424
2023-08-28,1010888.0223482188,0.0,4.34389400286241,0.0,binance,4.3438940028427166e-06
2023-08-29,1010777.916317111,-58.80747790545919,-51.29855320239017,0.0,binance,-0.00011010603110783268
2023-08-30,1011014.9856021168,113.93948844183241,123.12979656399489,0.0,binance,0.0002370692850057967
2023-08-31,1011071.5183171689,-18.37733684551345,74.91005189759925,0.0,binance,5.6532715052133424e-05
2023-09-01,1010975.4866283651,-121.29042317992078,25.258734376200792,0.0,binance,-9.60316888038069e-05
2023-09-02,1011128.5935503172,154.36962950177815,-1.2627075497441105,0.0,binance,0.0001531069219521014
2023-09-03,1011063.2017466628,-55.132010536373215,-10.259793117965792,0.0,binance,-6.539180365437642e-05
2023-09-04,1011033.0811062928,11.026402107257928,-41.147042477265,0.0,binance,-3.0120640370063484e-05
2023-09-05,1010923.4086202312,-135.99229265626468,26.319806594679477,0.0,binance,-0.00010967248606157955
2023-09-06,1011099.3975190087,143.34322739443664,32.6456713831452,0.0,binance,0.00017598889877751937
2023-09-07,1011195.836970521,-3.675467369002406,100.11491888132137,0.0,binance,9.643945151229854e-05
2023-09-08,1011275.7933100339,14.701869476260335,65.25447003658759,0.0,binance,7.995633951283526e-05
2023-09-09,1011277.2503245843,-73.50934738171952,74.96636193218205,0.0,binance,1.4570145504549145e-06
2023-09-10,1011336.8514376684,22.052804214515856,37.54830886957102,0.0,binance,5.960111308412161e-05
2023-09-11,1011484.2374645215,88.211216858147,59.174809995043674,0.0,binance,0.00014738602685311343
2023-09-12,1011388.2810745032,-51.456543167287236,-44.49984685107117,0.0,binance,-9.595639001834206e-05
2023-09-13,1011352.1227309116,-51.45654316720367,15.298199575650585,0.0,binance,-3.61583435916109e-05
2023-09-14,1011434.2632616757,88.21121685806342,-6.0706860939248966,0.0,binance,8.214053076412529e-05
2023-09-15,1011413.9108554698,-33.07920632177379,12.726800115832916,0.0,binance,-2.0352406205958685e-05
2023-09-16,1011411.3377403017,-69.83388001271712,67.2607648447115,0.0,binance,-2.573115168022923e-06
2023-09-17,1011473.8444946659,29.40373895277138,33.10301541134605,0.0,binance,6.250675436411984e-05
2023-09-18,1011551.2062820311,47.78107579811769,29.58071156714132,0.0,binance,7.736178736528382e-05
2023-09-19,1011608.9903900375,66.15841264363114,-8.374304637214664,0.0,binance,5.77841080063954e-05
2023-09-20,1011529.148127108,-139.66776002535067,59.82549709582389,0.0,binance,-7.984226292953826e-05
2023-09-21,1011600.9937139075,7.3509347381719525,64.49465206132462,0.0,binance,7.18455867995508e-05
2023-09-22,1011750.4371402229,99.23761896540493,50.20580734982095,0.0,binance,0.00014944342631532346
2023-09-23,1011742.7152048375,-55.132010536373215,47.410075151056134,0.0,binance,-7.72193538537249e-06
2023-09-24,1011817.3876865063,33.07920632177379,41.59327534708106,0.0,binance,7.46724816687638e-05
2023-09-25,1011829.9623317558,-58.80747790537562,71.38212315488752,0.0,binance,1.257464524952229e-05
2023-09-26,1011887.8670831192,-22.052804214599426,79.95755557807863,0.0,binance,5.790475136344321e-05
2023-09-27,1012001.5623430028,22.052804214599426,91.64245566885153,0.0,binance,0.00011369525988353417
2023-09-28,1012052.1208839637,7.3509347381719525,43.20760622267764,0.0,binance,5.055854096089024e-05
2023-09-29,1012124.4828321751,47.78107579811769,24.580872413389837,0.0,binance,7.236194821144454e-05
2023-09-30,1012111.3859871808,-11.026402107174357,-2.0704428871353073,0.0,binance,-1.3096844994346612e-05
2023-10-01,1012086.5864497828,-44.105608429115286,19.30607103119135,0.0,binance,-2.4799537397921086e-05
2023-10-02,1012113.4670244922,-117.61495581091837,144.49553052030137,0.0,binance,2.6880574709386563e-05
2023-10-03,1012358.6605123638,191.12430319272147,54.06918467886996,0.0,binance,0.0002451934878715547
2023-10-04,1012322.6768467556,-84.53574948906102,48.55208388084803,0.0,binance,-3.598366560821887e-05
2023-10-05,1012411.7237719776,47.78107579811769,41.26584942389833,0.0,binance,8.90469252220355e-05
2023-10-06,1012456.8541327592,-99.23761896540493,144.36797974706099,0.0,binance,4.5130360781564376e-05
2023-10-07,1012611.2660230787,58.80747790545919,95.60441241416947,0.0,binance,0.00015441189031954855
2023-10-08,1012662.2358588354,-117.61495581091837,168.58479156758685,0.0,binance,5.096983575669583e-05
2023-10-09,1012943.29164173,158.0450968708641,123.01068602375686,0.0,binance,0.0002810557828946039
2023-10-10,1013033.6798086541,-29.40373895268781,119.79190587684957,0.0,binance,9.038816692412366e-05
2023-10-11,1013101.266863923,-3.6754673691695467,71.26252263809454,0.0,binance,6.758705526893028e-05
2023-10-12,1013199.2392188307,18.37733684551345,79.59501806213765,0.0,binance,9.797235490765889e-05
2023-10-13,1013258.6760337085,3.6754673690859763,55.76134750875707,0.0,binance,5.943681487778667e-05
2023-10-14,1013254.2547416035,-66.15841264354758,61.737120538623024,0.0,binance,-4.421292104991153e-06
2023-10-15,1013402.6578074,66.15841264354758,82.24465315282704,0.0,binance,0.00014840306579647585
2023-10-16,1013410.0349895696,-95.56215159631896,102.93933376585045,0.0,binance,7.377182169584557e-06
2023-10-17,1013575.408799891,99.2376189654885,66.136191355969,0.0,binance,0.00016537381032144185
2023-10-18,1013732.0771695984,77.1848147508055,79.4835549565905,0.0,binance,0.0001566683697074186
2023-10-19,1013726.3476873582,-80.86028211997505,75.13079987971197,0.0,binance,-5.729482240276411e-06
2023-10-20,1013779.2323216102,-44.105608429115286,96.99024268108639,0.0,binance,5.288463425205555e-05
2023-10-21,1013862.6124497616,22.052804214599426,61.32732393675968,0.0,binance,8.33801281513879e-05
2023-10-22,1013897.8796682035,-29.40373895268781,64.67095739465051,0.0,binance,3.5267218441935255e-05
2023-10-23,1014056.5900289317,80.86028211997505,77.85007860822301,0.0,binance,0.00015871036072820426
2023-10-24,1013608.1480929628,-643.2067895906308,194.76485362172755,0.0,binance,-0.00044844193596893457
2023-10-25,1014378.2650953407,573.3729095779137,196.74409279998213,0.0,binance,0.0007701170023778686
2023-10-26,1014490.7380723022,-84.53574948906102,197.0087264505566,0.0,binance,0.00011247297696152236
2023-10-27,1014553.5859914866,-135.99229265626468,198.8402118405738,0.0,binance,6.28479191843653e-05
2023-10-28,1014492.5765410803,-257.28271583626906,196.27326543000183,0.0,binance,-6.1009450406301765e-05
2023-10-29,1014714.217514745,25.728271583601835,195.9127020810942,0.0,binance,0.00022164097366470377
2023-10-30,1014989.3791740515,77.18481475088907,197.9768445555747,0.0,binance,0.0002751616593064973
2023-10-31,1015023.5411730602,-165.39603160903607,199.5580306177569,0.0,binance,3.416199900873471e-05
2023-11-01,1015150.2337981792,-73.5093473818031,200.2019725008214,0.0,binance,0.0001266926251190016
2023-11-02,1015458.8976527643,-80.86028211997505,389.52413670511055,0.0,binance,0.0003086638545851456
2023-11-03,1016142.6095629493,485.16169271976673,198.55021746515268,0.0,binance,0.0006837119101849384
2023-11-04,1016381.4219526157,36.754673690943335,202.0577159754746,0.0,binance,0.00023881238966644741
2023-11-05,1016310.4207441666,-275.6600526816989,204.65884423257907,0.0,binance,-7.100120844913181e-05
2023-11-06,1016430.8830845483,-88.211216858147,208.67355723983536,0.0,binance,0.00012046234038169496
2023-11-07,1016644.2498460717,3.6754673690859763,209.6912941543362,0.0,binance,0.00021336676152341533
2023-11-08,1016940.3958512285,88.211216858147,207.9347882986484,0.0,binance,0.0002961460051567992
2023-11-09,1017653.7805556775,80.86028211989148,632.524422329021,0.0,binance,0.0007133847044489812
2023-11-10,1017820.12437991,-470.4598232434228,636.8036474759006,0.0,binance,0.0001663438242324628
2023-11-11,1018313.1991274667,77.18481475088907,415.88993280577375,0.0,binance,0.0004930747475567041
2023-11-12,1018699.1545409021,3.675467369002406,382.2799460664146,0.0,binance,0.0003859554134354694
2023-11-13,1019286.6469888304,-3.6754673689188353,591.1679152971838,0.0,binance,0.0005874924479282927
2023-11-14,1019552.179093363,-55.13201053628964,320.66411506885925,0.0,binance,0.0002655321045325836
2023-11-15,1020071.9023083944,301.38832426530075,218.33489076622357,0.0,binance,0.0005197232150314376
2023-11-16,1020262.2143332983,-36.754673691110476,227.06669859496907,0.0,binance,0.00019031202490383295
2023-11-17,1020640.2883438459,161.72056424003367,216.3534463075475,0.0,binance,0.00037807401054759974
2023-11-18,1020849.1883098757,-7.3509347381719525,216.2509007679499,0.0,binance,0.00020889996602979955
2023-11-19,1020988.4727186544,-77.18481475088907,216.4692235296738,0.0,binance,0.0001392844087787671
2023-11-20,1021070.7057878368,-139.66776002535067,221.90082920771403,0.0,binance,8.223306918237359e-05
2023-11-21,1021286.3539119562,-7.3509347381719525,222.9990588575979,0.0,binance,0.0002156481241193833
2023-11-22,1021709.044420897,209.5016400380678,213.1888689027616,0.0,binance,0.0004226905089408392
2023-11-23,1021837.382920304,-99.2376189654885,227.57611837232486,0.0,binance,0.00012833849940693473
2023-11-24,1022153.0324255081,88.21121685823057,227.438288345984,0.0,binance,0.0003156495052041719
2023-11-25,1022433.9660387711,51.45654316737081,229.47707009561782,0.0,binance,0.0002809336132629542
2023-11-26,1022865.7823656426,202.15070529981227,229.6656215716521,0.0,binance,0.0004318163268715143
2023-11-27,1023144.6000123412,51.45654316737081,227.36110353123306,0.0,binance,0.0002788176466985606
2023-11-28,1023206.4474693075,-161.72056424003367,223.56802120633296,0.0,binance,6.184745696629398e-05
2023-11-29,1023432.2913399086,-8.357045246815048e-11,225.84387060127307,0.0,binance,0.00022584387060115113
2023-11-30,1023825.0234818708,169.07149897812204,223.66064298403398,0.0,binance,0.0003927321419621585
2023-12-01,1023974.0750776362,-77.18481475088907,226.23641051629178,0.0,binance,0.00014905159576539883
2023-12-02,1024229.9232585583,25.728271583685405,230.11990933847153,0.0,binance,0.00025584818092209754
2023-12-03,1024189.3380127753,-279.33552005086847,238.7502742678302,0.0,binance,-4.058524578297511e-05
2023-12-04,1024512.034859113,80.86028212005861,241.8365642176545,0.0,binance,0.00032269684633775615
2023-12-05,1024752.080000535,-7.3509347381719525,247.39607616013902,0.0,binance,0.00024004514142195695
2023-12-06,1024883.7319337751,-121.29042317992078,252.94235642009474,0.0,binance,0.00013165193324012216
2023-12-07,1025137.3377120552,7.350934738004812,246.25484354203678,0.0,binance,0.0002536057782800635
2023-12-08,1025277.9867794164,-253.60724846718307,394.2563158284559,0.0,binance,0.00014064906736125705
2023-12-09,1025741.5137557164,-294.03738952704526,757.5643658270636,0.0,binance,0.00046352697629993783
2023-12-10,1026285.0145984365,66.15841264371471,477.3424300764608,0.0,binance,0.0005435008427201538
2023-12-11,1026787.9626381361,121.29042317992078,381.6576165195551,0.0,binance,0.0005029480396995786
2023-12-12,1027459.7149450487,426.3542148143075,245.39809209830207,0.0,binance,0.00067175230691256
2023-12-13,1027477.2671722549,-294.0373895272124,311.5896167334005,0.0,binance,1.755222720617894e-05
2023-12-14,1027708.2464058643,-18.37733684534631,249.35657045481122,0.0,binance,0.00023097923360939604
2023-12-15,1027996.6475620003,29.40373895268781,258.99741718336685,0.0,binance,0.0002884011561360676
2023-12-16,1028245.2977076268,3.6754673691695467,244.97467825738295,0.0,binance,0.00024865014562651047
2023-12-17,1028697.4347425916,194.79977056164032,257.3372644030985,0.0,binance,0.0004521370349647477
2023-12-18,1028712.5408333167,-268.3091179433598,283.4152086685341,0.0,binance,1.5106090725166723e-05
2023-12-19,1029086.0223473865,128.64135791809275,244.84015615167425,0.0,binance,0.0003734815140697174
2023-12-20,1029409.5847572477,-22.052804214682997,345.61521407592625,0.0,binance,0.00032356240986124613
2023-12-21,1029931.1549264251,-246.256313728844,767.8264829062921,0.0,binance,0.000521570169177372
2023-12-22,1031040.2049757476,-33.079206321857356,1142.1292556443482,0.0,binance,0.001109050049322541
2023-12-23,1031412.0360003922,-47.781075798201265,419.6121004427267,0.0,binance,0.00037183102464454713
2023-12-24,1032003.4662894419,124.9658905489232,466.4643985008548,0.0,binance,0.0005914302890497493
2023-12-25,1032765.7198062473,102.91308633457447,659.3404304707383,0.0,binance,0.0007622535168053582
2023-12-26,1033613.5671921102,-124.9658905489232,972.8132764118527,0.0,binance,0.0008478473858629587
2023-12-27,1034666.1105056499,55.132010536373215,997.4113030033022,0.0,binance,0.0010525433135397033
2023-12-28,1035693.7041532838,-147.01869476377334,1174.6123423976298,0.0,binance,0.001027593647633912
2023-12-29,1036962.0644152669,51.45654316737081,1216.9037188156085,0.0,binance,0.0012683602619830052
2023-12-30,1037836.9626657921,154.369629501611,720.5286210236733,0.0,binance,0.0008748982505252353
2023-12-31,1038458.5528862888,-62.482945274545166,684.0731657713748,0.0,binance,0.0006215902204967569
2024-01-01,1039171.1221610301,-143.34322739443664,855.9125021356692,0.0,binance,0.0007125692747412249
2024-01-02,1040405.5773780599,-224.20350951432812,1458.658726544114,0.0,binance,0.001234455217029783
2024-01-03,1041321.8791860468,371.22220427793434,545.0796037088807,0.0,binance,0.0009163018079869216
2024-01-04,1041896.3977388036,330.79206321807214,243.7264895388402,0.0,binance,0.0005745185527568683
2024-01-05,1042120.7317274098,-25.728271583518264,250.0622601896764,0.0,binance,0.00022433398860611487
2024-01-06,1042591.4400122473,220.5280421453257,250.18024269222417,0.0,binance,0.00047070828483754306
2024-01-07,1043040.6218197976,202.15070529981227,247.03110225038841,0.0,binance,0.0004491818075502524
2024-01-08,1043336.9604194446,51.45654316737081,244.88205647968186,0.0,binance,0.00029633859964704604
2024-01-09,1043138.2411304803,-455.75795376716246,257.0386648029448,0.0,binance,-0.00019871928896429016
2024-01-10,1043639.3172293616,242.5808463600087,258.4952525213149,0.0,binance,0.0005010760988813127
2024-01-11,1043406.1981386498,-518.2408990417076,285.12180832994557,0.0,binance,-0.00023311909071181436
2024-01-12,1044007.3502306034,312.41472637272585,288.7373655809188,0.0,binance,0.0006011520919535542
2024-01-13,1044226.7719570706,-58.80747790554276,278.2292043726924,0.0,binance,0.0002194217264672043
2024-01-14,1044665.4584675482,154.369629501611,284.31688097611504,0.0,binance,0.0004386865104776807
2024-01-15,1044533.9833242885,-404.30141059979167,272.82626734013104,0.0,binance,-0.00013147514325974043
2024-01-16,1045185.8862696745,374.897671647271,277.0052737387856,0.0,binance,0.0006519029453860131
2024-01-17,1045625.5530272996,154.369629501611,285.29712812345116,0.0,binance,0.00043966675762506204
2024-01-18,1045750.2186321645,-154.36962950177815,279.0352343667337,0.0,binance,0.00012466560486494563
2024-01-19,1045996.9847332176,-25.728271583518264,272.4943726367023,0.0,binance,0.000246766101053101
2024-01-20,1046275.4888625494,3.675467369002406,274.82866196281094,0.0,binance,0.00027850412933179175
2024-01-21,1046632.6259407756,84.53574948906102,272.6013287371428,0.0,binance,0.0003571370782261947
2024-01-22,1047006.4599321662,102.91308633457447,270.92090505599515,0.0,binance,0.0003738339913905365
2024-01-23,1047195.4888514117,-66.15841264354758,255.18733188913453,0.0,binance,0.00018902891924558207
2024-01-24,1047835.9394080221,393.2750084924502,247.17554811799363,0.0,binance,0.0006404505566103616
2024-01-25,1047887.5378242299,-194.79977056164032,246.39818676943122,0.0,binance,5.1598416207823905e-05
2024-01-26,1048216.6402750982,84.53574948889388,244.56670137941404,0.0,binance,0.00032910245086823127
2024-01-27,1048554.4999026431,113.93948844191597,223.92013910307455,0.0,binance,0.0003378596275449963
2024-01-28,1048729.1279217333,0.0,174.62801909015474,0.0,binance,0.0001746280190901598
2024-01-29,1048963.181683797,-14.701869476343905,248.75563153996512,0.0,binance,0.0002340537620636169
2024-01-30,1049252.3729819106,66.15841264354758,223.03288547020924,0.0,binance,0.0002891912981136702
2024-01-31,1049495.9050392257,-14.701869476343905,258.23392679137265,0.0,binance,0.00024353205731511115
2024-02-01,1049736.2585597846,44.10560842919885,196.24791212959917,0.0,binance,0.00024035352055891418
2024-02-02,1049863.2018920612,-73.50934738188667,200.45267965851568,0.0,binance,0.00012694333227653988
2024-02-03,1050095.5679089127,40.43014106002931,191.93587579147845,0.0,binance,0.00023236601685150526
2024-02-04,1050290.8380008794,7.3509347381719525,187.91915722869757,0.0,binance,0.0001952700919667259
2024-02-05,1050557.8967248239,14.701869476343905,252.35685446819883,0.0,binance,0.00026705872394447216
2024-02-06,1050731.0502843459,-44.10560842903171,217.2591679510383,0.0,binance,0.0001731535595220048
2024-02-07,1050833.8391058485,-44.10560842903171,146.89442993166966,0.0,binance,0.00010278882150258868
2024-02-08,1051073.6322507954,-3.6754673691695467,243.46861231615702,0.0,binance,0.00023979314494691788
2024-02-09,1051287.2713829752,-33.079206321857356,246.71833850163443,0.0,binance,0.00021363913217978551
2024-02-10,1051732.7926731934,194.79977056180746,250.7215196565108,0.0,binance,0.00044552129021822477
2024-02-11,1051857.6121566454,-102.91308633457447,227.7325697865444,0.0,binance,0.0001248194834520109
2024-02-12,1052114.0514893376,25.728271583518264,230.71106110854322,0.0,binance,0.0002564393326921854
2024-02-13,1051661.3342497249,-746.1198759250382,293.4026363125038,0.0,binance,-0.00045271723961271346
2024-02-14,1051993.4700349972,11.026402107174357,321.1093831652456,0.0,binance,0.00033213578527234493
2024-02-15,1052211.1992260895,-165.39603160878536,383.12522270102295,0.0,binance,0.00021772919109230862
2024-02-16,1052326.6981074975,-224.20350951466241,339.70239092270936,0.0,binance,0.0001154988814080134
2024-02-17,1052694.1611183626,22.052804214682997,345.41020665036837,0.0,binance,0.00036746301086503083
2024-02-18,1053149.1872189478,135.99229265626468,319.0338079289855,0.0,binance,0.00045502610058523716
2024-02-19,1053158.4008805484,-308.7392590035563,317.95292060433593,0.0,binance,9.21366160060279e-06
2024-02-20,1054053.313922961,224.20350951449527,670.7095328982173,0.0,binance,0.0008949130424126051
2024-02-21,1054277.8420630586,-242.58084635984156,467.1089864575734,0.0,binance,0.0002245281400976237
2024-02-22,1054851.543926966,246.256313728844,327.4455501784829,0.0,binance,0.0005737018639072776
2024-02-23,1055304.3026993598,124.96589054909033,327.7928818448619,0.0,binance,0.0004527587723939214
2024-02-24,1055733.2326817065,106.58855370357688,322.34142864302856,0.0,binance,0.0004289299823467154
2024-02-25,1056117.6072546472,-242.58084635984156,626.9554193006587,0.0,binance,0.00038437457294063644
2024-02-26,1056919.0906670315,-319.76566111073066,1121.2490734948678,0.0,binance,0.0008014834123842884
2024-02-27,1058375.513249593,-3.6754673691695467,1460.098049930667,0.0,binance,0.0014564225825616159
2024-02-28,1059680.9810710056,3.6754673691695467,1301.7923540432926,0.0,binance,0.001305467821412487
2024-02-29,1061831.0624110384,-485.1616927198503,2635.243032752869,0.0,binance,0.0021500813400328624
2024-03-01,1063938.4311719004,330.79206321807214,1776.5766976438026,0.0,binance,0.002107368760861922
2024-03-02,1066219.1780574229,238.90537899083915,2041.8415065317508,0.0,binance,0.0022807468855225014
2024-03-03,1067432.4646018553,-231.55444425266722,1444.8409886851293,0.0,binance,0.0012132865444323979
2024-03-04,1068639.4133853712,-345.49393269441606,1552.4427162104816,0.0,binance,0.0012069487835159524
2024-03-05,1072351.9928874949,738.7689411870333,2973.810560936464,0.0,binance,0.003712579502123641
2024-03-06,1073725.1408064642,73.50934738171952,1299.638571587523,0.0,binance,0.0013731479189693927
2024-03-07,1074663.0773410888,-735.0934738178638,1673.0300084424368,0.0,binance,0.0009379365346245468
2024-03-08,1077102.6430382894,308.7392590035563,2130.826438197016,0.0,binance,0.002439565697200596
2024-03-09,1078701.1923874842,95.56215159623538,1502.9871975986944,0.0,binance,0.0015985493491948582
2024-03-10,1080230.4263394114,-106.58855370357688,1635.8225056307047,0.0,binance,0.0015292339519271628
2024-03-11,1082566.1877147534,40.430141059862166,2295.3312342820864,0.0,binance,0.00233576137534203
2024-03-12,1083814.6441399318,-1054.8591349284272,2303.3155601066996,0.0,binance,0.0012484564251783305
2024-03-13,1086585.908701993,554.9955727324003,2216.268989328893,0.0,binance,0.0027712645620612893
2024-03-14,1088539.1138631466,88.21121685806342,1864.9939442955074,0.0,binance,0.0019532051611535718
2024-03-15,1090170.4338332228,246.25631372917826,1385.0636563471421,0.0,binance,0.0016313199700762051
2024-03-16,1091382.7847329658,176.42243371612685,1035.9284660269868,0.0,binance,0.0012123508997429163
2024-03-17,1092228.1701236246,124.96589054909033,720.4195001097071,0.0,binance,0.0008453853906588629
2024-03-18,1093280.613013472,69.83388001271712,982.6090098346594,0.0,binance,0.0010524428898473271
2024-03-19,1093871.5175801353,-249.93178109818066,840.8363477615845,0.0,binance,0.0005909045666633173
2024-03-20,1094522.43952505,231.55444425283434,419.36750066214097,0.0,binance,0.0006509219449148514
2024-03-21,1095575.393568944,393.2750084924502,659.6790354014333,0.0,binance,0.001052954043893842
2024-03-22,1095988.3067077952,-385.9240737542782,798.8372126057392,0.0,binance,0.0004129131388512906
2024-03-23,1096323.7500522912,-117.61495581091837,453.0583003068457,0.0,binance,0.00033544334449595774
2024-03-24,1097354.2400343705,444.731551659821,585.7584304195044,0.0,binance,0.001030489982079249
2024-03-25,1097771.0717984855,-271.98458531269654,688.8163494277965,0.0,binance,0.00041683176411502065
2024-03-26,1098745.7473555582,-124.96589054909033,1099.6414476218056,0.0,binance,0.0009746755570727401
2024-03-27,1099888.9554936334,66.15841264371471,1077.0497254314496,0.0,binance,0.0011432081380751916
2024-03-28,1100788.7720208748,-536.618235887054,1436.4347631283795,0.0,binance,0.0008998165272413753
2024-03-29,1102224.886151042,102.91308633440734,1333.201043832733,0.0,binance,0.0014361141301672906
2024-03-30,1103728.2855319441,286.68645478904045,1216.7129261130817,0.0,binance,0.0015033993809020613
2024-03-31,1105561.3018663693,-102.91308633440734,1935.9294207597077,0.0,binance,0.0018330163344251924
2024-04-01,1106934.1351190577,-183.7733684546331,1556.6066211428474,0.0,binance,0.0013728332526884042
2024-04-02,1107710.0690907522,290.36192215820995,485.5720495363899,0.0,binance,0.0007759339716944378
2024-04-03,1108443.0311610426,371.22220427793434,361.7398660125077,0.0,binance,0.0007329620702904649
2024-04-04,1108536.3821514696,-271.98458531269654,365.33557573968784,0.0,binance,9.335099042695947e-05
2024-04-05,1108973.3566292468,69.83388001271712,367.14059776464757,0.0,binance,0.00043697447777725756
2024-04-06,1109586.9308861576,165.39603160911963,448.1782253016945,0.0,binance,0.0006135742569107097
2024-04-07,1110044.8750079158,88.21121685823057,369.7329049000662,0.0,binance,0.0004579441217582207
2024-04-08,1110619.5437990767,-84.53574948922817,659.2045406501122,0.0,binance,0.0005746687911609188
2024-04-09,1110868.4694140358,-433.7051495524795,682.630764511692,0.0,binance,0.00024892561495909465
2024-04-10,1111817.188668898,338.1429979562441,610.5762569062589,0.0,binance,0.0009487192548622843
2024-04-11,1112301.91265065,22.052804214515856,462.67117753732543,0.0,binance,0.0004847239817518275
2024-04-12,1112725.0787650682,36.75467369085976,386.4114407275198,0.0,binance,0.00042316611441830176
2024-04-13,1113453.370051426,371.22220427810146,357.06908207986896,0.0,binance,0.0007282912863579113
2024-04-14,1114677.9038295283,893.1385706888115,331.39520741330625,0.0,binance,0.001224533778102137
2024-04-15,1115110.1377478593,150.6941621326086,281.53975619845295,0.0,binance,0.0004322339183310978
2024-04-16,1115102.4265730663,-260.9581832055222,253.24700841236512,0.0,binance,-7.71117479307577e-06
2024-04-17,1115272.6717763876,47.781075798201265,122.46412752312482,0.0,binance,0.00017024520332133397
2024-04-18,1115692.1209350552,286.6864547888733,132.76270387873183,0.0,binance,0.00041944915866758673
2024-04-19,1115673.021644716,-220.52804214515857,201.42875180571252,0.0,binance,-1.9099290339276195e-05
2024-04-20,1115865.8400627056,-3.6754673691695467,196.49388535883142,0.0,binance,0.00019281841798964887
2024-04-21,1115955.595549599,-18.37733684551345,108.1328237390641,0.0,binance,8.975548689346761e-05
2024-04-22,1116187.0713195172,158.0450968709477,73.4306730471295,0.0,binance,0.00023147576991817913
2024-04-23,1116147.1859121253,-143.34322739443664,103.45782000233889,0.0,binance,-3.9885407391935584e-05
2024-04-24,1116245.9064502425,-36.7546736910269,135.47521180827425,0.0,binance,9.872053811722435e-05
2024-04-25,1116577.455514484,191.1243031926379,140.42476104895613,0.0,binance,0.00033154906424158253
2024-04-26,1116480.9144624316,-213.17710740715376,116.63605535476614,0.0,binance,-9.654105205251835e-05
2024-04-27,1116685.498850443,-18.37733684534631,222.96172485674032,0.0,binance,0.000204584388011368
2024-04-28,1117090.7496312505,95.56215159640253,309.68862921105534,0.0,binance,0.00040525078080757524
2024-04-29,1117230.0314860572,-158.0450968709477,297.3269516776281,0.0,binance,0.00013928185480670073
2024-04-30,1117566.0720149414,113.93948844158169,222.10104044239262,0.0,binance,0.0003360405288841575
2024-05-01,1117725.8933260385,3.6754673691695467,156.14584372803768,0.0,binance,0.00015982131109712645
2024-05-02,1118053.9031431563,139.66776002543423,188.34205709225978,0.0,binance,0.00032800981711782515
2024-05-03,1117990.7850712396,-169.07149897812204,105.95342706146383,0.0,binance,-6.311807191674597e-05
2024-05-04,1118359.2874204025,143.3432273946038,225.1591217682339,0.0,binance,0.0003685023491629399
2024-05-05,1118632.0447991926,-1.6714090493630097e-10,272.75737879032573,0.0,binance,0.0002727573787900619
2024-05-06,1118687.5741004061,-227.87897688333052,283.4082780969989,0.0,binance,5.552930121356621e-05
2024-05-07,1118868.3056594168,-25.728271583685405,206.45983059436762,0.0,binance,0.00018073155901068822
2024-05-08,1119162.761133357,18.37733684534631,276.07813709493286,0.0,binance,0.00029445547394012103
2024-05-09,1119534.6750605938,44.10560842903171,327.808318807812,0.0,binance,0.00037191392723680473
2024-05-10,1119888.8840804968,84.53574948906102,269.6732704141583,0.0,binance,0.0003542090199030936
2024-05-11,1120000.1704227107,-132.31682528709516,243.60316750107194,0.0,binance,0.00011128634221386165
2024-05-12,1120249.0638460887,18.37733684534631,230.5160865327534,0.0,binance,0.0002488934233780019
2024-05-13,1120670.3471588667,143.3432273946038,277.9400853833345,0.0,binance,0.0004212833127779886
2024-05-14,1120855.668509505,-110.26402107274643,295.5853717111528,0.0,binance,0.000185321350638289
2024-05-15,1121067.9003591482,-77.18481475088907,289.4166643941883,0.0,binance,0.00021223184964316898
2024-05-16,1121612.7232018372,301.3883242653843,243.4345184235586,0.0,binance,0.0005448228426889982
2024-05-17,1121662.4569996397,-147.0186947636062,196.75249256608876,0.0,binance,4.973379780258983e-05
2024-05-18,1121893.9163475328,18.37733684551345,213.08201104756387,0.0,binance,0.0002314593478930183
2024-05-19,1122049.6942044236,-69.83388001271712,225.61173690336304,0.0,binance,0.00015577785689081065
2024-05-20,1122188.7328912278,-44.10560842919885,183.14429523358706,0.0,binance,0.00013903868680424056
2024-05-21,1121315.4110570005,-1404.028534992013,530.7067007646086,0.0,binance,-0.000873321834227303
2024-05-22,1121788.6167981352,-51.45654316720367,524.6622843018561,0.0,binance,0.000473205741134705
2024-05-23,1122278.216617703,77.18481475072193,412.4150048170898,0.0,binance,0.000489599819567753
2024-05-24,1123188.0554094766,492.5126274580222,417.3261643156669,0.0,binance,0.0009098387917736545
2024-05-25,1123547.8406619425,-51.45654316720367,411.2417956328765,0.0,binance,0.0003597852524658665
2024-05-26,1123748.2815398222,-213.17710740715376,413.6179852869927,0.0,binance,0.00020044087787973695
2024-05-27,1124479.060750042,308.7392590033891,422.03995121652406,0.0,binance,0.0007307792102198582
2024-05-28,1124642.3071371468,-297.71285689621476,460.95924400091326,0.0,binance,0.00016324638710473664
2024-05-29,1125119.482579016,-161.7205642399501,638.8960061090722,0.0,binance,0.0004771754418690689
2024-05-30,1125834.9477068998,-91.88668422723298,807.351812111222,0.0,binance,0.0007154651278839446
2024-05-31,1126324.4559432303,33.079206321857356,456.4290300085204,0.0,binance,0.0004895082363304683
2024-06-01,1127055.734656633,154.36962950177815,576.909083900896,0.0,binance,0.000731278713402804
2024-06-02,1127699.9165681158,143.3432273946038,500.8386840880107,0.0,binance,0.0006441819114827085
2024-06-03,1127763.700825844,-510.8899643035357,574.6742220316423,0.0,binance,6.37842577281408e-05
2024-06-04,1128554.2553086334,363.8712695399295,426.68321324950296,0.0,binance,0.0007905544827894773
2024-06-05,1128783.8974185342,-297.71285689638194,527.3549667971643,0.0,binance,0.00022964210990071297
2024-06-06,1129665.6941246917,102.91308633457447,778.8836198230206,0.0,binance,0.0008817967061575037
2024-06-07,1130426.1730546204,110.26402107257928,650.2149088562057,0.0,binance,0.0007604789299287367
2024-06-08,1131122.286726802,290.36192215804283,405.75175002366774,0.0,binance,0.0006961136721814982
2024-06-09,1131884.812418876,356.52033480175754,406.0053572721349,0.0,binance,0.000762525692074094
2024-06-10,1132025.325903943,-268.309117943527,408.82260301054185,0.0,binance,0.00014051348506705837
2024-06-11,1132235.1564983106,-194.79977056180746,404.6303649293586,0.0,binance,0.00020983059436758048
2024-06-12,1132973.7236563389,352.844867432588,385.7222905958155,0.0,binance,0.0007385671580282505
2024-06-13,1133561.1118580885,194.79977056180746,392.5884311880113,0.0,binance,0.0005873882017496507
2024-06-14,1134138.437365275,194.79977056180746,382.5257366249185,0.0,binance,0.0005773255071865861
2024-06-15,1134919.1617664802,396.95047586161974,383.77392534346126,0.0,binance,0.0007807244012050796
2024-06-16,1135154.525465114,-158.0450968709477,393.408795504792,0.0,binance,0.00023536369863385334
2024-06-17,1135755.6929408098,213.17710740715376,387.990368288513,0.0,binance,0.0006011674756957219
2024-06-18,1136191.7277991741,169.07149897812204,266.96335938608553,0.0,binance,0.00043603485836437905
2024-06-19,1136224.679923492,-301.3883242652172,334.3404485829959,0.0,binance,3.295212431787513e-05
2024-06-20,1136693.6704194061,213.17710740715376,255.81338850692492,0.0,binance,0.00046899049591412765
2024-06-21,1136910.9504812865,51.45654316720367,165.8235187131409,0.0,binance,0.00021728006188035943
2024-06-22,1136915.9065979994,-180.0979010852964,185.05401779817225,0.0,binance,4.956116712884978e-06
2024-06-23,1137177.036990634,69.83388001271712,191.29651262188906,0.0,binance,0.00026113039263454265
2024-06-24,1137499.6139768932,7.350934738004812,315.22605152114227,0.0,binance,0.00032257698625931514
2024-06-25,1137582.5314180998,-286.6864547888733,369.60389599541116,0.0,binance,8.291744120651856e-05
2024-06-26,1138357.2909033115,400.6259432306221,374.13354198107686,0.0,binance,0.000774759485211689
2024-06-27,1138416.5519338902,-312.4147263725587,371.67575695136685,0.0,binance,5.926103057875298e-05
2024-06-28,1138469.883700509,-327.1165958489026,380.44836246790925,0.0,binance,5.3331766618881374e-05
2024-06-29,1139044.6716650242,202.1507052999794,372.6372592151206,0.0,binance,0.0005747879645151551
2024-06-30,1139608.2270337127,191.1243031926379,372.4310654957147,0.0,binance,0.0005635553686884232
2024-07-01,1140086.411219179,99.23761896540493,378.94656650089934,0.0,binance,0.00047818418546626343
2024-07-02,1140572.3598294624,106.58855370357688,379.3600565799219,0.0,binance,0.0004859486102834344
2024-07-03,1140651.7973381637,-297.71285689621476,377.1503655976254,0.0,binance,7.943750870134681e-05
2024-07-04,1140948.9313089491,-66.15841264371471,363.29238342921104,0.0,binance,0.0002971339707854204
2024-07-05,1141099.1485751476,-124.96589054909033,275.18315674754547,0.0,binance,0.0001502172661984805
2024-07-06,1141709.025921094,374.897671647271,234.97967429901593,0.0,binance,0.0006098773459463846
2024-07-07,1141885.4497195848,-29.40373895268781,205.82753744354534,0.0,binance,0.00017642379849078135
2024-07-08,1141917.6124091581,-213.1771074073209,245.33979698054785,0.0,binance,3.216268957336433e-05
2024-07-09,1142350.5571876878,271.98458531269654,160.960193217092,0.0,binance,0.0004329447785296943
2024-07-10,1142561.4650907612,36.75467369085976,174.1532293825772,0.0,binance,0.00021090790307335555
2024-07-11,1142897.6262176107,124.96589054909033,211.19523630025222,0.0,binance,0.00033616112684947436
2024-07-12,1142922.6263208892,-224.20350951432812,249.20361279285396,0.0,binance,2.500010327855125e-05
2024-07-13,1142990.3552319237,-249.93178109818066,317.6606921328291,0.0,binance,6.772891103453003e-05
2024-07-14,1143688.83738998,470.45982324333926,228.02233481280177,0.0,binance,0.0006984821580562274
2024-07-15,1143816.138520772,-91.88668422723298,219.18781501929618,0.0,binance,0.00012730113079212606
2024-07-16,1144020.4330377567,-36.75467369085976,241.04919067545063,0.0,binance,0.00020429451698460616
2024-07-17,1144170.6135270083,-102.91308633457447,253.09357558598646,0.0,binance,0.00015018048925162294
2024-07-18,1144323.5067346469,-95.56215159623538,248.45535923461176,0.0,binance,0.00015289320763852449
2024-07-19,1144776.3216483346,169.07149897812204,283.7434147096659,0.0,binance,0.00045281491368776185
2024-07-20,1144931.160121042,-55.132010536206074,209.97048324376698,0.0,binance,0.0001548384727074299
2024-07-21,1145211.046841194,44.10560842886457,235.78111172307024,0.0,binance,0.0002798867201518733
2024-07-22,1145535.3221346354,58.80747790537562,265.4678155360892,0.0,binance,0.0003242752934414893
2024-07-23,1145833.6157243808,-40.430141059862166,338.72373080542854,0.0,binance,0.00029829358974541536
2024-07-24,1146120.1123657958,-7.3509347381719525,293.8475761528994,0.0,binance,0.0002864966414149385
2024-07-25,1146317.2105322455,33.079206321857356,164.0189601278617,0.0,binance,0.00019709816644969397
2024-07-26,1146535.5384653518,77.18481475072193,141.14311835561816,0.0,binance,0.0002183279331063386
2024-07-27,1146679.2436091085,-3.675467369002406,147.38061112552833,0.0,binance,0.0001437051437566988
2024-07-28,1146688.2293917325,-349.16940006341844,358.1551826874349,0.0,binance,8.985782623989508e-06
2024-07-29,1147500.7777434255,474.13529061234163,338.41306108069875,0.0,binance,0.0008125483516929671
2024-07-30,1147377.6709042718,-488.83716008885267,365.730320935128,0.0,binance,-0.00012310683915368282
2024-07-31,1147823.6708597206,84.53574948906102,361.464205959826,0.0,binance,0.00044599995544878767
2024-08-01,1148213.0185937292,80.86028212005861,308.48745188868895,0.0,binance,0.0003893477340086829
2024-08-02,1148619.0190516768,180.09790108546355,225.90255686226462,0.0,binance,0.00040600045794760806
2024-08-03,1148712.7648876398,-84.53574948906102,178.2815854518319,0.0,binance,9.374583596293815e-05
2024-08-04,1148917.3212982507,69.83388001271712,134.72253059826585,0.0,binance,0.00020455641061090863
2024-08-05,1148695.7033241903,-143.3432273946038,-78.27474666562713,0.0,binance,-0.00022161797406035474
2024-08-06,1148515.6473756246,-55.132010536206074,-124.92393802939256,0.0,binance,-0.00018005594856571405
2024-08-07,1148545.1064971075,113.93948844158169,-84.48036695866213,0.0,binance,2.945912148291245e-05
2024-08-08,1148439.1374956206,-29.40373895268781,-76.56526253417904,0.0,binance,-0.00010596900148689747
2024-08-09,1148288.3212007212,-176.422433716294,25.606138816833642,0.0,binance,-0.00015081629489944318
2024-08-10,1148292.9433450259,-3.675467369002406,8.297611673507124,0.0,binance,4.622144304681569e-06
2024-08-11,1148389.0201814699,91.88668422723298,4.190152216696646,0.0,binance,9.607683644397184e-05
2024-08-12,1148364.6543851309,-158.04509687078055,133.67930053182897,0.0,binance,-2.4365796338999643e-05
2024-08-13,1148495.9354732696,158.04509687078055,-26.76400873201944,0.0,binance,0.00013128108813869767
2024-08-14,1148601.4197754008,102.91308633440734,2.57121579671324,0.0,binance,0.00010548430213122628
2024-08-15,1148806.7204790702,73.50934738171952,131.79135628755523,0.0,binance,0.00020530070366943254
2024-08-16,1148678.1143202947,-169.07149897795492,40.465340202373454,0.0,binance,-0.00012860615877551026
2024-08-17,1148652.0512605326,7.350934738004812,-33.413994500164286,0.0,binance,-2.6063059762120248e-05
2024-08-18,1148664.4552650058,51.45654316753795,-39.05253869431806,0.0,binance,1.2404004473239184e-05
2024-08-19,1148678.029457833,55.132010536206074,-41.55781770907005,0.0,binance,1.3574192827101797e-05
2024-08-20,1148577.2471693088,-102.91308633440734,2.130797810312469,0.0,binance,-0.00010078228852408938
2024-08-21,1148687.4872640076,36.75467369069262,73.48542100808046,0.0,binance,0.00011024009469873272
2024-08-22,1148746.72159952,14.701869476511046,44.53246603589706,0.0,binance,5.92343355123885e-05
2024-08-23,1148701.789010933,-165.39603160911963,120.46344302190245,0.0,binance,-4.4932588587049396e-05
2024-08-24,1148709.6170002383,7.3509347381719525,0.4770545673250961,0.0,binance,7.827989305369555e-06
2024-08-25,1148992.3294162122,257.2827158363526,25.429700137551578,0.0,binance,0.0002827124159738887
2024-08-26,1149146.2013186272,11.026402107174357,142.8455003079596,0.0,binance,0.00015387190241506323
2024-08-27,1149211.7589746593,-150.69416213277574,216.25181816460525,0.0,binance,6.555765603203326e-05
2024-08-28,1149207.110434729,44.10560842919885,-48.75414835968347,0.0,binance,-4.648539930349216e-06
2024-08-29,1149091.08993033,-124.96589054909033,8.94538615017069,0.0,binance,-0.00011602050439896993
2024-08-30,1149297.928442122,113.93948844174884,92.89902335035558,0.0,binance,0.00020683851179201156
2024-08-31,1149393.988140854,-117.61495581075124,213.67465454282194,0.0,binance,9.605969873210415e-05
2024-09-01,1149555.896860134,33.079206321857356,128.82951295825,0.0,binance,0.00016190871928003616
2024-09-02,1149657.9241481738,25.728271583518264,76.29901645606981,0.0,binance,0.00010202728803968057
2024-09-03,1149834.3545519204,29.40373895268781,147.02666479403462,0.0,binance,0.00017643040374666454
2024-09-04,1149944.524888638,-3.675467369002406,113.84580408645144,0.0,binance,0.00011017033671750687
2024-09-05,1149965.7632535729,-69.83388001271712,91.07224494762458,0.0,binance,2.1238364934921263e-05
2024-09-06,1150236.5949116652,161.7205642399501,109.11109385250236,0.0,binance,0.0002708316580923274
2024-09-07,1150277.9036261537,22.052804214515856,19.255910274045068,0.0,binance,4.1308714488521216e-05
2024-09-08,1150301.2650679916,-62.482945274545166,85.84438711247486,0.0,binance,2.3361441837856547e-05
2024-09-09,1150335.0416810152,11.026402107341498,22.75021091613808,0.0,binance,3.377661302359775e-05
2024-09-10,1150287.0635958656,-29.40373895268781,-18.574346196726605,0.0,binance,-4.7978085149545225e-05
2024-09-11,1150150.8874341315,-158.0450968709477,21.868935136911155,0.0,binance,-0.00013617616173415445
2024-09-12,1150377.1285417483,172.7469663472916,53.49414126937276,0.0,binance,0.0002262411076168064
2024-09-13,1150354.7724009545,-147.0186947636062,124.66255396978318,0.0,binance,-2.2356140793766827e-05
2024-09-14,1150385.5638508375,25.728271583685405,5.06317829914963,0.0,binance,3.079144988302142e-05
2024-09-15,1150458.2616416088,44.10560842903171,28.592182342163735,0.0,binance,7.269779077125714e-05
2024-09-16,1150449.9656870565,33.079206321857356,-41.375160874092956,0.0,binance,-8.295954552246258e-06
2024-09-17,1150517.8619560506,-66.15841264371471,134.05468163769916,0.0,binance,6.789626899408177e-05
2024-09-18,1150657.023659535,51.45654316720367,87.70516031720399,0.0,binance,0.0001391617034843657
2024-09-19,1150674.0863887323,-143.34322739443664,160.4059565916166,0.0,binance,1.706272919732146e-05
2024-09-20,1150888.296044085,-55.132010536373215,269.34166588887837,0.0,binance,0.0002142096553526353
2024-09-21,1151218.1692430335,161.7205642399501,168.15263470866353,0.0,binance,0.00032987319894856775
2024-09-22,1151374.2791019513,-36.75467369085976,192.8645326086351,0.0,binance,0.0001561098589177709
2024-09-23,1151539.2315331337,14.701869476343905,150.2505617060851,0.0,binance,0.00016495243118237705
2024-09-24,1151706.102673876,36.75467369085976,130.11646705166257,0.0,binance,0.00016687114074244165
2024-09-25,1151842.2480865028,22.052804214515856,114.09260841236514,0.0,binance,0.00013614541262667627
2024-09-26,1152081.3401307198,-3.675467369002406,242.7675115860755,0.0,binance,0.00023909204421704636
2024-09-27,1152272.7666315748,-36.75467369085976,228.18117454571777,0.0,binance,0.00019142650085501373
2024-09-28,1152438.197629228,-66.15841264371471,231.5894102968775,0.0,binance,0.00016543099765316583
2024-09-29,1152767.8182847556,143.3432273946038,186.27742813291823,0.0,binance,0.0003296206555275712
2024-09-30,1153017.1096902764,7.350934738004812,241.94047078281886,0.0,binance,0.00024929140552086755
2024-10-01,1153079.1314067743,-209.5016400379842,271.52335653592763,0.0,binance,6.20217164978385e-05
2024-10-02,1153386.8413296398,66.15841264371471,241.55151022169747,0.0,binance,0.0003077099228654988
2024-10-03,1153542.6009069611,58.80747790537562,96.95209941582344,0.0,binance,0.0001557595773213543
2024-10-04,1153641.8747328823,-11.026402107174357,110.3002280282231,0.0,binance,9.927382592111826e-05
2024-10-05,1153838.1206177708,-11.02640210750864,207.27228699608509,0.0,binance,0.00019624588488857263
2024-10-06,1154071.4164197345,77.18481475088907,156.1109872127149,0.0,binance,0.00023329580196365714
2024-10-07,1154215.2827205323,7.3509347381719525,136.5153660598433,0.0,binance,0.00014386630079778843
2024-10-08,1154323.5938766617,-113.93948844174884,222.25064457116764,0.0,binance,0.0001083111561294645
2024-10-09,1154568.6660194928,33.079206321857356,211.99293650908567,0.0,binance,0.00024507214283104987
2024-10-10,1154738.4014725387,-62.482945274545166,232.21839832042275,0.0,binance,0.000169735453045927
2024-10-11,1155101.1948864264,139.66776002543423,223.1256538623036,0.0,binance,0.00036279341388773174
2024-10-12,1155219.3465257126,-77.18481475088907,195.33645403716673,0.0,binance,0.00011815163928619585
2024-10-13,1155446.4255993122,102.91308633457447,124.16598726506244,0.0,binance,0.0002270790735995397
2024-10-14,1155617.4893288123,-69.83388001271712,240.89760951277776,0.0,binance,0.00017106372950016522
2024-10-15,1155830.1742911388,-77.18481475088907,289.86977707733513,0.0,binance,0.00021268496232642792
2024-10-16,1156099.20453578,-18.37733684551345,287.40758148678225,0.0,binance,0.0002690302446412388
2024-10-17,1156328.2291558424,-58.80747790537562,287.83209796791203,0.0,binance,0.00022902462006243877
2024-10-18,1156641.1963049606,25.728271583518264,287.2388775345411,0.0,binance,0.00031296714911819434
2024-10-19,1157035.3287999905,102.91308633457447,291.2194086952648,0.0,binance,0.00039413249502982947
2024-10-20,1157209.6334294088,-117.61495581091837,291.9195852290763,0.0,binance,0.00017430462941830046
2024-10-21,1157214.8136331188,-297.71285689621476,302.8930606062293,0.0,binance,5.180203709984198e-06
2024-10-22,1157567.6533548972,58.80747790554276,294.03224387282876,0.0,binance,0.0003528397217784077
2024-10-23,1158198.5609280306,341.8184653252465,289.08910780814057,0.0,binance,0.0006309075731334743
2024-10-24,1158377.6131586495,-99.23761896540493,278.28984958428236,0.0,binance,0.0001790522306188941
2024-10-25,1158539.5604992262,-117.61495581075124,279.56229638746106,0.0,binance,0.00016194734057667666
2024-10-26,1158845.3704107364,36.75467369085976,269.05523781944544,0.0,binance,0.0003058099115102086
2024-10-27,1159096.9973173852,-22.052804214515856,273.6797108632336,0.0,binance,0.0002516269066487439
2024-10-28,1159417.5579820878,44.10560842903171,276.4550562736329,0.0,binance,0.0003205606647026725
2024-10-29,1159854.918016392,154.369629501611,282.9904048026107,0.0,binance,0.00043736003430420534
2024-10-30,1159598.2910039346,-547.6446379942283,291.01762553670176,0.0,binance,-0.00025662701245746577
2024-10-31,1160009.136584185,117.61495581091837,293.23062443963045,0.0,binance,0.00041084558025049047
2024-11-01,1160433.8408816974,147.0186947636062,277.68560274880406,0.0,binance,0.00042470429751230405
2024-11-02,1160593.1617332918,-117.61495581108552,276.9358074055099,0.0,binance,0.0001593208515944425
2024-11-03,1161125.3999147152,257.2827158363526,274.9554655870445,0.0,binance,0.0005322381814233958
2024-11-04,1161326.5178136844,-69.83388001271712,270.95177898189553,0.0,binance,0.00020111789896921255
2024-11-05,1161745.229996745,154.36962950177815,264.3425535587991,0.0,binance,0.0004187121830605902
2024-11-06,1162132.8382817865,124.96589054909033,262.6423944923678,0.0,binance,0.000387608285041526
2024-11-07,1161816.6540420237,-665.2595938051467,349.0753540421788,0.0,binance,-0.0003161842397628352
2024-11-08,1162257.2426068648,121.29042317975365,319.2981416614226,0.0,binance,0.00044058856484107675
2024-11-09,1162554.454130012,-29.40373895252067,326.6152620998056,0.0,binance,0.00029721152314729986
2024-11-10,1162925.885285198,-165.39603160911963,536.8271867950482,0.0,binance,0.0003714311551859137
2024-11-11,1163257.7980203228,-430.02968218347706,761.9424173081098,0.0,binance,0.0003319127351248171
2024-11-12,1164233.329271628,-529.2673011487149,1504.798552453931,0.0,binance,0.0009755312513052486
2024-11-13,1165401.923617778,452.0824863979929,716.5118597519614,0.0,binance,0.0011685943461500574
2024-11-14,1165929.4140583328,169.07149897795492,358.41894157677547,0.0,binance,0.000527490440554684
2024-11-15,1166157.0546835097,-180.0979010852964,407.7385262623281,0.0,binance,0.0002276406251769513
2024-11-16,1166786.765820343,180.09790108546355,449.6132357478184,0.0,binance,0.000629711136833299
2024-11-17,1167210.9183065237,-33.079206321857356,457.2316925026034,0.0,binance,0.0004241524861806538
2024-11-18,1167918.078592281,-99.23761896557207,806.3979047229757,0.0,binance,0.000707160285757389
2024-11-19,1168617.7090677863,-209.5016400379842,909.1321155433287,0.0,binance,0.0006996304755052552
2024-11-20,1169485.1171604714,290.36192215804283,577.0461705272068,0.0,binance,0.0008674080926850438
2024-11-21,1170232.3042939855,294.03738952704526,453.1497439869911,0.0,binance,0.0007471871335140895
2024-11-22,1170651.9744132245,-635.8558548522917,1055.5259740912963,0.0,binance,0.0004196701192390174
2024-11-23,1171890.4029159662,202.1507052999794,1036.277797441652,0.0,binance,0.0012384285027417354
2024-11-24,1172808.8999133052,-55.132010536540356,973.6290078755239,0.0,binance,0.0009184969973389525
2024-11-25,1173946.3367776794,235.22991162183675,902.2069527524237,0.0,binance,0.0011374368643742054
2024-11-26,1174397.4086406624,-238.90537899083915,689.9772419738372,0.0,binance,0.0004510718629830517
2024-11-27,1175098.9618822676,-3.6754673691695467,705.2287089742662,0.0,binance,0.0007015532416051719
2024-11-28,1175599.1030966933,-69.83388001254998,569.9750944383495,0.0,binance,0.0005001412144256755
2024-11-29,1176005.694982549,-58.80747790537562,465.3993637610055,0.0,binance,0.0004065918858556543
2024-11-30,1176902.6755252327,180.09790108512925,716.8826415984942,0.0,binance,0.0008969805426837411
2024-12-01,1177507.9890230952,51.45654316753795,553.8569546948524,0.0,binance,0.0006053134978625458
2024-12-02,1178251.1740577326,-536.618235887054,1279.803270524422,0.0,binance,0.0007431850346373394
2024-12-03,1179549.0195055546,286.68645478870616,1011.1589930333187,0.0,binance,0.0012978454478220084
2024-12-04,1180460.6073809087,187.44883582380265,724.1390395302084,0.0,binance,0.0009115878753541037
2024-12-05,1181705.2361525362,-227.87897688349767,1472.507748511157,0.0,binance,0.0012446287716275546
2024-12-06,1182938.9386162797,312.41472637239156,921.2877373711498,0.0,binance,0.0012337024637435097
2024-12-07,1183795.647714955,-290.36192215804283,1147.0710208332173,0.0,binance,0.0008567090986752883
2024-12-08,1184470.1081951715,-257.2827158363526,931.7431960527708,0.0,binance,0.0006744604802164249
2024-12-09,1185268.0205366549,154.3696295019453,643.5427119814667,0.0,binance,0.000797912341483403
2024-12-10,1186636.6782114203,959.296983332192,409.3606914333766,0.0,binance,0.0013686576747654472
2024-12-11,1187176.4290481461,139.66776002543423,400.08307670032127,0.0,binance,0.0005397508367258124
2024-12-12,1188168.4862072326,569.6974422089113,422.3597168776348,0.0,binance,0.0009920571590864564
2024-12-13,1188486.1039252128,-110.26402107274643,427.8817390529546,0.0,binance,0.00031761771798017436
2024-12-14,1188964.5310590721,47.781075798201265,430.64605806124666,0.0,binance,0.00047842713385936805
2024-12-15,1189562.7218798932,180.09790108546355,418.09291973558913,0.0,binance,0.0005981908208210953
2024-12-16,1189571.7581156576,-407.9768779689612,417.01311373343947,0.0,binance,9.036235764389858e-06
2024-12-17,1190338.250372116,327.11659584873547,439.3756606095707,0.0,binance,0.0007664922564583831
2024-12-18,1191003.9571132106,264.6336505746917,401.0730905200786,0.0,binance,0.0006657067410945892
2024-12-19,1190984.9382240872,-297.71285689621476,278.6939677728338,0.0,binance,-1.901888912334107e-05
2024-12-20,1190968.4011937534,-393.2750084926173,376.73797815881363,0.0,binance,-1.6537030333885924e-05
2024-12-21,1191672.1231927709,367.5467369087648,336.1752621087158,0.0,binance,0.0007037219990175217
2024-12-22,1191979.6685339045,-3.675467369002406,311.2208085025812,0.0,binance,0.0003075453411336057
2024-12-23,1192111.3320227405,-106.58855370357688,238.25204253963656,0.0,binance,0.0001316634888360277
2024-12-24,1192653.16360954,279.33552005086847,262.49606674871495,0.0,binance,0.0005418315867995843
2024-12-25,1192593.63827919,-216.8525747763233,157.32724442637647,0.0,binance,-5.95253303500358e-05
2024-12-26,1192961.0202730142,29.40373895268781,337.97825487138647,0.0,binance,0.00036738199382415043
2024-12-27,1193480.188520223,227.87897688349767,291.2892703250561,0.0,binance,0.0005191682472086977
2024-12-28,1193663.0448066422,-176.42243371612685,359.2787201354354,0.0,binance,0.0001828562864193227
2024-12-29,1193946.0442059014,25.728271583518264,257.27112767571236,0.0,binance,0.0002829993992592208
2024-12-30,1194146.9592190718,-169.07149897812204,369.9865121485334,0.0,binance,0.00020091501317033545
2024-12-31,1194760.0635317538,260.958183205355,352.1461294766914,0.0,binance,0.0006131043126820587
2025-01-01,1194933.1684886229,-194.79977056164032,367.9047274306812,0.0,binance,0.00017310495686903595
2025-01-02,1195244.7764499078,-58.80747790554276,370.4154391905061,0.0,binance,0.000311607961284928
2025-01-03,1195555.8860178178,-69.83388001271712,380.94344792252554,0.0,binance,0.00031110956790996716
2025-01-04,1196045.594263673,91.88668422723298,397.82156162812066,0.0,binance,0.0004897082458552905
2025-01-05,1196375.2079720525,-73.50934738171952,403.1230557612951,0.0,binance,0.0003296137083794456
2025-01-06,1196827.469821258,51.45654316720367,400.8053060383473,0.0,binance,0.0004522618492054753
2025-01-07,1197483.8039101043,249.93178109818066,406.4023077479965,0.0,binance,0.0006563340888463427
2025-01-08,1197933.0392157729,80.86028211989148,368.375023548608,0.0,binance,0.0004492353056685533
2025-01-09,1198247.23667768,-11.026402107341498,325.22386401439,0.0,binance,0.00031419746190705335
2025-01-10,1198178.8175820902,-349.16940006341844,280.7503044734892,0.0,binance,-6.841909558977932e-05
2025-01-11,1198658.7332590634,213.17710740715376,266.7385695660164,0.0,binance,0.00047991567697329445
2025-01-12,1198792.268751348,-205.8261726689818,339.3616649533048,0.0,binance,0.00013353549228445626
2025-01-13,1199293.1553670221,227.87897688366482,273.0076387906598,0.0,binance,0.0005008866156742442
2025-01-14,1199448.9045483207,-80.86028212005861,236.60946341851877,0.0,binance,0.00015574918129853904
2025-01-15,1199732.5209635037,95.56215159640253,188.05426358669922,0.0,binance,0.00028361641518305985
2025-01-16,1200053.6363248166,22.052804214515856,299.0625570983856,0.0,binance,0.00032111536131286994
2025-01-17,1200201.419149246,-216.8525747763233,364.6353992058763,0.0,binance,0.00014778282442945055
2025-01-18,1200639.4297412748,55.132010536206074,382.87858149235115,0.0,binance,0.0004380105920287315
2025-01-19,1200908.4787307999,-95.56215159623538,364.6111411212402,0.0,binance,0.00026904898952506484
2025-01-20,1201277.5868062472,14.701869476343905,354.40620597096375,0.0,binance,0.00036910807544738054
2025-01-21,1201544.044591277,-95.56215159640253,362.01993662603235,0.0,binance,0.00026645778502966275
2025-01-22,1201932.9138170343,22.052804214682997,366.8164215426939,0.0,binance,0.00038886922575742937
2025-01-23,1202209.528388592,-80.86028211989148,357.4748536774165,0.0,binance,0.0002766145715576131
2025-01-24,1202478.3377376443,-99.23761896557207,368.04696801786497,0.0,binance,0.0002688093490523752
2025-01-25,1203169.4850565323,419.0032800761356,272.1440388118216,0.0,binance,0.0006911473188879899
2025-01-26,1203217.6273376734,-235.22991162150248,283.3721927626706,0.0,binance,4.814228114113212e-05
2025-01-27,1203760.467432289,463.1088885051673,79.73120611018605,0.0,binance,0.0005428400946154725
2025-01-28,1203747.4597694962,-246.2563137290111,233.24865093640886,0.0,binance,-1.3007662792690099e-05
2025-01-29,1204150.5748049465,117.61495581075124,285.5000796395815,0.0,binance,0.00040311503545031885
2025-01-30,1204224.829348486,-147.01869476343904,221.27323830282506,0.0,binance,7.425454353936948e-05
2025-01-31,1204610.329384452,58.80747790537562,326.69255806068975,0.0,binance,0.000385500035966048
2025-02-01,1204863.0333004396,-11.026402107341498,263.7303180949941,0.0,binance,0.00025270391598762945
2025-02-02,1205028.3407241388,-66.15841264354758,231.4658363425758,0.0,binance,0.00016530742369918152
2025-02-03,1204736.001766392,113.93948844174884,-406.27844618837315,0.0,binance,-0.000292338957746746
2025-02-04,1204397.398023608,-150.6941621326086,-187.90958065144872,0.0,binance,-0.000338603742784122
2025-02-05,1204318.0337716022,-29.40373895268781,-49.96051305292116,0.0,binance,-7.936425200570375e-05
2025-02-06,1204327.895267406,44.10560842903171,-34.244112625230414,0.0,binance,9.861495803808793e-06
2025-02-07,1204412.9300469349,44.10560842903171,40.929171099688695,0.0,binance,8.503477952885442e-05
2025-02-08,1204582.6549516837,29.40373895285495,140.32116579587787,0.0,binance,0.000169724904748844
2025-02-09,1204688.0125312714,7.3509347381719525,98.00664484961212,0.0,binance,0.00010535757958772592
2025-02-10,1204684.8495808856,-132.31682528742942,129.15387490156988,0.0,binance,-3.162950385827571e-06
2025-02-11,1204741.901271416,33.0792063220245,23.972484208298752,0.0,binance,5.705169053049758e-05
2025-02-12,1205045.4185926598,132.31682528709516,171.200495956429,0.0,binance,0.00030351732124364936
2025-02-13,1205094.2830432656,-158.04509687078055,206.90954747645748,0.0,binance,4.8864450605819e-05
2025-02-14,1205335.5215861544,80.86028211989148,160.3782607688409,0.0,binance,0.0002412385428887792
2025-02-15,1205371.0328942589,-55.132010536373215,90.64331864074535,0.0,binance,3.5511308104498314e-05
2025-02-16,1205542.1300809872,36.7546736910269,134.34251303732825,0.0,binance,0.00017109718672838063
2025-02-17,1205767.1757598594,36.75467369069262,188.29100518129522,0.0,binance,0.00022504567887214944
2025-02-18,1205728.7921121211,-124.96589054875605,86.58224281028461,0.0,binance,-3.838364773825742e-05
2025-02-19,1206019.8353788941,139.66776002526709,151.37550674782395,0.0,binance,0.00029104326677299107
2025-02-20,1206141.4903629348,3.6754673691695467,117.97951667158583,0.0,binance,0.00012165498404065147
2025-02-21,1206187.3673347817,-99.23761896557207,145.11459081244536,0.0,binance,4.5876971846912054e-05
2025-02-22,1206591.4295600054,352.844867432588,51.217357791155486,0.0,binance,0.0004040622252237517
2025-02-23,1206396.394816815,-334.4675305870745,139.43278739648827,0.0,binance,-0.0001950347431905102
2025-02-24,1206485.9983221036,-25.728271583685405,115.3317768724,0.0,binance,8.96035052887164e-05
2025-02-25,1206520.8600812156,36.75467369085976,-1.8929145787970043,0.0,binance,3.48617591119837e-05
2025-02-26,1206614.315698085,-11.026402107174357,104.4820189765494,0.0,binance,9.345561686926521e-05
2025-02-27,1206746.5537738374,-69.83388001271712,202.0719557651933,0.0,binance,0.00013223807575250975
2025-02-28,1206813.2298782652,11.026402107174357,55.64970232055644,0.0,binance,6.667610442778095e-05
2025-03-01,1206811.0369370126,-25.728271583518264,23.53533033095913,0.0,binance,-2.1929412526078524e-06
2025-03-02,1206867.4490343255,-69.83388001271712,126.24597732570768,0.0,binance,5.641209731297567e-05
2025-03-03,1206964.0940291833,69.83388001271712,26.811114844989945,0.0,binance,9.664499485772103e-05
2025-03-04,1206832.1527636664,-69.83388001271712,-62.107385504179454,0.0,binance,-0.00013194126551691442
2025-03-05,1207026.7671143236,66.15841264354758,128.4559380137997,0.0,binance,0.00019461435065721162
2025-03-06,1207108.4093158129,58.80747790554276,22.83472358369206,0.0,binance,8.164220148930326e-05
2025-03-07,1207057.9437420135,-99.23761896540493,48.77204516592507,0.0,binance,-5.046557379933074e-05
2025-03-08,1207165.9025802272,0.0,107.95883821372283,0.0,binance,0.0001079588382137008
2025-03-09,1207199.41806765,-51.45654316720367,84.9720305899125,0.0,binance,3.351548742270097e-05
2025-03-10,1207341.1147557173,128.64135791809275,13.055330149413312,0.0,binance,0.00014169668806740082
2025-03-11,1207196.2731803851,-183.7733684545495,38.9317931224209,0.0,binance,-0.0001448415753322188
2025-03-12,1207276.3287983148,84.53574948914459,-4.48013155945625,0.0,binance,8.00556179296691e-05
2025-03-13,1207381.5399747384,55.13201053628964,50.0791658872077,0.0,binance,0.00010521117642358877
2025-03-14,1207443.1010300987,-47.781075798201265,109.34213115849617,0.0,binance,6.156105536036194e-05
2025-03-15,1207518.0062935976,7.350934738255523,67.55432876053216,0.0,binance,7.490526349889114e-05
2025-03-16,1207480.528233164,22.052804214515856,-59.53086464812968,0.0,binance,-3.747806043364108e-05
2025-03-17,1207607.4910826136,47.78107579811769,79.18177365135406,0.0,binance,0.00012696284944959917
2025-03-18,1207644.075555996,-40.43014105994574,77.0146144423592,0.0,binance,3.658447338244878e-05
2025-03-19,1207786.6413718716,-11.026402107341498,153.59221798305944,0.0,binance,0.00014256581587553956
2025-03-20,1207749.6233077205,-29.40373895252067,-7.614325198670148,0.0,binance,-3.701806415105239e-05
2025-03-21,1207944.2090331763,88.21121685797986,106.37450859780921,0.0,binance,0.00019458572545577772
2025-03-22,1207882.4111659098,-51.45654316720367,-10.341324099371267,0.0,binance,-6.179786726646125e-05
2025-03-23,1208008.8153715911,73.5093473818031,52.894858299595136,0.0,binance,0.00012640420568129049
2025-03-24,1208040.1530495866,-51.456543167287236,82.7942211628956,0.0,binance,3.133767799544148e-05
2025-03-25,1208029.3267649158,-69.83388001280069,59.00759534218044,0.0,binance,-1.082628467073664e-05
2025-03-26,1208094.56033551,51.45654316737081,13.777027426783015,0.0,binance,6.523357059410773e-05
2025-03-27,1208165.582068651,-40.43014106002931,111.45187420100352,0.0,binance,7.102173314103857e-05
2025-03-28,1208199.0256196426,14.701869476427476,18.741681515183572,0.0,binance,3.3443550991592926e-05
2025-03-29,1208257.026912045,0.0,58.00129240236343,0.0,binance,5.800129240239039e-05
2025-03-30,1208211.3212153602,-33.079206321857356,-12.626490363035934,0.0,binance,-4.570569668477401e-05
2025-03-31,1208229.1589147204,-11.026402107257928,28.8641014674025,0.0,binance,1.7837699360214175e-05
2025-04-01,1208299.3228039586,33.079206321857356,37.08468291631628,0.0,binance,7.016388923814521e-05
2025-04-02,1208328.8365479219,-25.728271583685405,55.24201554722697,0.0,binance,2.9513743963325397e-05
2025-04-03,1208483.9947451253,121.29042318000435,33.86777402335592,0.0,binance,0.00015515819720341825
2025-04-04,1208411.355139171,-128.6413579181763,56.00175196386903,0.0,binance,-7.263960595428944e-05
2025-04-05,1208519.1403804298,58.80747790545919,48.977763353362775,0.0,binance,0.0001077852412587963
2025-04-06,1208544.1206752176,-11.026402107341498,36.00669689534385,0.0,binance,2.4980294787790625e-05
2025-04-07,1208463.4227164385,-33.07920632177379,-47.61875245727269,0.0,binance,-8.069795877905562e-05
2025-04-08,1208389.5262053215,-69.83388001271712,-4.062631104477944,0.0,binance,-7.389651111699641e-05
2025-04-09,1208384.1266460435,47.781075798201265,-53.18063507621025,0.0,binance,-5.399559278041124e-06
2025-04-10,1208493.0418690941,29.40373895268781,79.51148409803474,0.0,binance,0.00010891522305062972
2025-04-11,1208404.7938675703,-47.78107579811769,-40.46692572548713,0.0,binance,-8.824800152378156e-05
2025-04-12,1208503.208006121,73.50934738171952,24.90479116885431,0.0,binance,9.84141385506373e-05
2025-04-13,1208506.4327171126,-106.5885537034933,109.81326469490836,0.0,binance,3.2247109916061164e-06
2025-04-14,1208704.309001322,88.21121685806342,109.66506735126887,0.0,binance,0.00019787628420931286
2025-04-15,1208706.6596653697,-25.728271583601835,28.078935631428585,0.0,binance,2.3506640477571635e-06
2025-04-16,1208703.447894964,3.6754673690859763,-6.887237774894331,0.0,binance,-3.211770405760035e-06
2025-04-17,1208679.2293548284,-69.83388001263354,45.61533987715028,0.0,binance,-2.4218540135538205e-05
2025-04-18,1208745.5351140185,77.18481475088907,-10.879055560815061,0.0,binance,6.630575919011608e-05
2025-04-19,1208788.4285818676,-36.7546736910269,79.64814154002082,0.0,binance,4.28934678491205e-05
2025-04-20,1208880.722621635,44.105608429115286,48.188431338371316,0.0,binance,9.229403976746835e-05
2025-04-21,1208977.7126813147,-7.3509347381719525,104.3409944177447,0.0,binance,9.699005967960692e-05
2025-04-22,1209059.1112650712,55.13201053628964,26.26657322032199,0.0,binance,8.139858375652693e-05
2025-04-23,1209129.5441584215,-99.23761896532136,169.6705123156001,0.0,binance,7.043289335025474e-05
2025-04-24,1209232.5643407078,-14.701869476427476,117.72205176283212,0.0,binance,0.00010302018228638918
2025-04-25,1209396.5480700843,80.86028212005861,83.12344725648636,0.0,binance,0.00016398372937645762
2025-04-26,1209383.4251881526,-3.6754673691695467,-9.447414562647225,0.0,binance,-1.3122881931718438e-05
2025-04-27,1209364.988196781,14.701869476343905,-33.138860847919176,0.0,binance,-1.843699137168005e-05
2025-04-28,1209347.6253056894,69.83388001271712,-87.1967711041438,0.0,binance,-1.736289109149948e-05
2025-04-29,1209284.425595578,-147.01869476352263,83.81898465213926,0.0,binance,-6.319971011136659e-05
2025-04-30,1209411.1490890363,209.5016400380678,-82.77814657986622,0.0,binance,0.0001267234934582375
2025-05-01,1209360.0517846898,-121.29042318000435,70.19311883342893,0.0,binance,-5.109730434650555e-05
2025-05-02,1209316.6218459543,3.6754673690859763,-47.105406104617174,0.0,binance,-4.3429938735440374e-05
2025-05-03,1209396.5895803717,22.052804214599426,57.91493020287465,0.0,binance,7.996773441741243e-05
2025-05-04,1209442.26495831,-3.6754673690859763,49.350845307374875,0.0,binance,4.567537793819793e-05
2025-05-05,1209472.0286927884,7.3509347381719525,22.41279974048972,0.0,binance,2.9763734478503465e-05
2025-05-06,1209397.349958047,-84.53574948906102,9.857014747534372,0.0,binance,-7.467873474140652e-05
2025-05-07,1209475.6107209928,3.6754673690859763,74.5852955766307,0.0,binance,7.826076294574887e-05
2025-05-08,1209707.6857456898,77.1848147508055,154.89020994603746,0.0,binance,0.0002320750246969983
2025-05-09,1209906.881007678,-44.105608429115286,243.30087041749968,0.0,binance,0.00019919526198832317
2025-05-10,1210107.3652708852,-47.781075798034124,248.26533900506212,0.0,binance,0.00020048426320706494
2025-05-11,1210512.1231815156,216.85257477615616,187.90533585418416,0.0,binance,0.0004047579106304329
2025-05-12,1210641.9403633457,-80.86028211989148,210.6774639497909,0.0,binance,0.0001298171818300616
2025-05-13,1210963.2838999517,80.86028212005861,240.48325448601923,0.0,binance,0.0003213435366060585
2025-05-14,1211092.4870598936,-69.83388001271712,199.03703995455783,0.0,binance,0.00012920315994182602
2025-05-15,1211291.1080576715,-47.781075798201265,246.40207357617405,0.0,binance,0.0001986209977779072
2025-05-16,1211493.8243559455,-22.052804214682997,224.7691024887369,0.0,binance,0.00020271629827399738
2025-05-17,1211698.19722783,176.42243371646114,27.950438168057957,0.0,binance,0.00020437287188461052
2025-05-18,1211638.4448109707,-154.36962950177815,94.61721264249395,0.0,binance,-5.97524168593809e-05
2025-05-19,1211663.93389512,-73.50934738171952,98.9984315310549,0.0,binance,2.548908414924517e-05
2025-05-20,1211985.2239885926,172.74696634712444,148.54312712550606,0.0,binance,0.00032129009347269314
2025-05-21,1212052.9812142518,-58.80747790537562,126.56470356464644,0.0,binance,6.775722565921024e-05
2025-05-22,1212115.1519162972,-135.99229265643183,198.16299470175812,0.0,binance,6.217070204531774e-05
2025-05-23,1212439.8446857885,135.99229265643183,188.70047683508844,0.0,binance,0.0003246927694913466
2025-05-24,1212589.7203612535,-1.6714090493630097e-10,149.87567546514154,0.0,binance,0.0001498756754649803
2025-05-25,1212770.663609028,11.026402107341498,169.91684566712516,0.0,binance,0.00018094324777461588
2025-05-26,1212912.2243975347,18.37733684534631,123.18345166147832,0.0,binance,0.00014156078850664197
2025-05-27,1213171.5826605267,33.079206321857356,226.27905667013795,0.0,binance,0.00025935826299199836
2025-05-28,1213354.602190624,-110.26402107257928,293.2835511697453,0.0,binance,0.00018301953009725548
2025-05-29,1213718.1485797223,84.53574948906102,279.01063960928667,0.0,binance,0.00036354638909827917
2025-05-30,1213898.0988475746,-44.10560842919885,224.0558762815408,0.0,binance,0.000179950267852284
2025-05-31,1214265.1864114327,235.22991162183675,131.85765223618773,0.0,binance,0.00036708756385813465
2025-06-01,1214127.326095124,-275.6600526816989,137.7997363732047,0.0,binance,-0.00013786031630868092
2025-06-02,1214393.6845149226,121.29042317992078,145.06799661857,0.0,binance,0.0002663584197985474
2025-06-03,1214395.1024302188,-139.66776002526709,141.08567532146415,0.0,binance,1.4179152962751686e-06
2025-06-04,1214680.3551057696,95.56215159623538,189.6905239545801,0.0,binance,0.000285252675550757
2025-06-05,1214797.963008579,-47.781075798201265,165.38897860766613,0.0,binance,0.00011760790280951187
2025-06-06,1214857.0862899916,22.052804214515856,37.070477198180086,0.0,binance,5.91232814125251e-05
2025-06-07,1214900.2923095517,-147.0186947636062,190.22471432374186,0.0,binance,4.320601956010796e-05
2025-06-08,1215312.3468244192,187.4488358236355,224.6056790437102,0.0,binance,0.00041205451486748645
2025-06-09,1215540.6075342044,110.26402107274643,117.99668871241693,0.0,binance,0.00022826070978515783
2025-06-10,1215641.219410419,-194.79977056180746,295.41164677644804,0.0,binance,0.00010061187621462159
2025-06-11,1215830.403801934,-121.29042317992078,310.47481469518675,0.0,binance,0.00018918439151509664
2025-06-12,1216261.167141035,213.17710740715376,217.58623169366646,0.0,binance,0.0004307633391008712
2025-06-13,1216268.7179695943,11.026402107174357,-3.4755735477727256,0.0,binance,7.550828559324146e-06
2025-06-14,1216264.9677777684,-69.83388001254998,66.08368818671373,0.0,binance,-3.7501918259076775e-06
2025-06-15,1216433.9589277217,7.3509347381719525,161.64021521532112,0.0,binance,0.00016899114995333367
2025-06-16,1216668.444218176,69.83388001254998,164.65141044166865,0.0,binance,0.00023448529045423493
2025-06-17,1216717.1869716311,-88.21121685806342,136.95397031336142,0.0,binance,4.874275345518254e-05
2025-06-18,1216818.2968755122,-36.75467369085976,137.86457757185258,0.0,binance,0.00010110990388109349
2025-06-19,1217156.6304703422,198.47523793080987,139.8583568990193,0.0,binance,0.00033833359483000823
2025-06-20,1217140.6139180174,-198.47523793080987,182.45868560609009,0.0,binance,-1.6016552324872464e-05
2025-06-21,1217165.362405783,36.75467369085976,-12.00618592518753,0.0,binance,2.474848776566796e-05
2025-06-22,1217190.8883399474,7.3509347381719525,18.174999426404327,0.0,binance,2.552593416441232e-05
2025-06-23,1217305.8069873778,106.58855370357688,8.330093726645467,0.0,binance,0.0001149186474303715
2025-06-24,1217298.8120201842,-40.43014106002931,33.43517386631322,0.0,binance,-6.994967193575576e-06
2025-06-25,1217162.1939043025,-139.66776002526709,3.04964414347688,0.0,binance,-0.00013661811588169074
2025-06-26,1217391.2877025416,124.9658905489232,104.12790769008012,0.0,binance,0.00022909379823901692
2025-06-27,1217503.4932094575,55.132010536373215,57.07349637966465,0.0,binance,0.00011220550691592508
2025-06-28,1217520.919435872,-99.23761896540493,116.66384537977044,0.0,binance,1.7426226414507255e-05
2025-06-29,1217552.1970236516,-102.91308633457447,134.19067411412883,0.0,binance,3.1277587779564785e-05
2025-06-30,1217693.8000596713,7.3509347383390935,134.25210128140156,0.0,binance,0.0001416030360197183
2025-07-01,1217890.9048734976,121.29042317975365,75.81439064649243,0.0,binance,0.0001971048138262704
2025-07-02,1218063.5375707408,66.15841264388186,106.47428459923482,0.0,binance,0.00017263269724324346
2025-07-03,1218178.3040491173,-113.93948844191597,228.7059668183261,0.0,binance,0.00011476647837646305
2025-07-04,1218294.518980227,14.701869476511046,101.51306163313265,0.0,binance,0.00011621493110968731
2025-07-05,1218428.0851858926,33.079206321690215,100.48699934398475,0.0,binance,0.000133566205665702
2025-07-06,1218600.415998366,0.0,172.33081247319967,0.0,binance,0.00017233081247331576
2025-07-07,1218775.5414311723,14.701869476343905,160.42356332997343,0.0,binance,0.00017512543280632234
2025-07-08,1218833.6196416607,-99.23761896540493,157.31582945385895,0.0,binance,5.807821048842743e-05
2025-07-09,1219130.9643995443,124.96589054909033,172.37886733456216,0.0,binance,0.0002973447578835767
2025-07-10,1219209.1386558078,-84.53574948922817,162.7100057526633,0.0,binance,7.81742562635336e-05
2025-07-11,1219398.4924863689,-135.99229265626468,325.3461232172591,0.0,binance,0.00018935383056104183
2025-07-12,1219852.5095354633,216.8525747763233,237.16447431795018,0.0,binance,0.00045401704909442923
2025-07-13,1220074.4079919362,51.45654316720367,170.44191330574876,0.0,binance,0.0002218984564729035
2025-07-14,1220395.5402993592,91.88668422740011,229.24562319554042,0.0,binance,0.00032113230742304586
2025-07-15,1220570.9424337721,-113.93948844191597,289.34162285472433,0.0,binance,0.0001754021344128996
2025-07-16,1220523.6340230778,-393.2750084924502,345.96659779806083,0.0,binance,-4.730841069435701e-05
2025-07-17,1221090.083087226,194.79977056164032,371.64929358630945,0.0,binance,0.0005664490641481243
2025-07-18,1221256.5810239522,-216.85257477615616,383.3505115025422,0.0,binance,0.00016649793672631494
2025-07-19,1221772.5828282724,124.9658905489232,391.03591377130795,0.0,binance,0.0005160018043201417
2025-07-20,1222212.6818208601,44.10560842903171,395.9933841587356,0.0,binance,0.00044009899258776566
2025-07-21,1222748.0886227023,121.29042318008793,414.11637866224123,0.0,binance,0.0005354068018421531
2025-07-22,1223295.1029180428,132.31682528726228,414.69747005329424,0.0,binance,0.0005470142953405157
2025-07-23,1223274.448996709,-433.7051495526466,413.0512282186791,0.0,binance,-2.0653921333840116e-05
2025-07-24,1223894.9597752953,220.5280421453257,399.9827364411452,0.0,binance,0.0006205107785863802
2025-07-25,1224281.5696912608,-22.052804214515856,408.66272017998654,0.0,binance,0.00038660991596546954
2025-07-26,1224714.2655574738,22.052804214515856,410.6430619984518,0.0,binance,0.0004326958662129473
2025-07-27,1225219.5384520157,117.61495581091837,387.6579387310727,0.0,binance,0.0005052728945419658
2025-07-28,1225470.000970602,-176.422433716294,426.88495230245746,0.0,binance,0.0002504625185863115
2025-07-29,1226686.5034079917,874.7612338432981,341.74120354626905,0.0,binance,0.0012165024373896887
2025-07-30,1226530.4607500327,-283.010987420038,126.9683294610985,0.0,binance,-0.00015604265795904213
2025-07-31,1226391.722236149,-334.4675305870745,195.7290167033285,0.0,binance,-0.00013873851388366892
2025-08-01,1226602.0231988574,180.0979010852964,30.203061623108667,0.0,binance,0.00021030096270842477
2025-08-02,1226779.4143864245,-7.350934738004812,184.7421223050749,0.0,binance,0.00017739118756703102
2025-08-03,1226879.143083997,-102.91308633457447,202.6417839070218,0.0,binance,9.972869757260195e-05
2025-08-04,1227042.7688246525,80.86028211989148,82.76545853571608,0.0,binance,0.00016362574065546505
2025-08-05,1227047.2970979614,-58.80747790537562,63.335751214296444,0.0,binance,4.528273308882489e-06
2025-08-06,1227359.2126709088,88.21121685823057,223.70435608930268,0.0,binance,0.00031191557294735683
2025-08-07,1227739.6565475422,102.91308633440734,277.5307902989937,0.0,binance,0.0003804438766334206
2025-08-08,1228014.6468712618,-73.50934738171952,348.49967110135935,0.0,binance,0.00027499032371956853
2025-08-09,1227931.1079085232,-525.5918337797125,442.0528710412153,0.0,binance,-8.353896273858845e-05
2025-08-10,1228785.343622603,385.9240737544454,468.31164032544586,0.0,binance,0.0008542357140798122
2025-08-11,1229332.7310910486,106.5885537032426,440.79891474252236,0.0,binance,0.0005473874684455805
2025-08-12,1229736.5619436535,36.7546736910269,367.0761789139551,0.0,binance,0.00040383085260493683
2025-08-13,1229985.3150023664,-257.2827158361855,506.03577454905917,0.0,binance,0.0002487530587129295
2025-08-14,1230413.3261178709,-95.56215159606825,523.5732671006688,0.0,binance,0.0004280111155044287
2025-08-15,1231083.2281104885,231.55444425233293,438.3475483652523,0.0,binance,0.0006699019926176406
2025-08-16,1231631.2357514235,271.98458531286366,276.02305562207283,0.0,binance,0.0005480076409350149
2025-08-17,1231584.4204182755,-198.47523793114414,151.6599047831196,0.0,binance,-4.68153331479989e-05
2025-08-18,1231856.2871538436,-36.75467369069262,308.62140925883637,0.0,binance,0.00027186673556803725
2025-08-19,1232181.02057665,-150.69416213294286,475.427584939494,0.0,binance,0.0003247334228064865
2025-08-20,1232610.9964310261,139.66776002560138,290.3080943503611,0.0,binance,0.00042997585437609816
2025-08-21,1232849.7384263035,3.675467369002406,235.066527908492,0.0,binance,0.0002387419952773489
2025-08-22,1233127.0939518677,-18.37733684517917,295.7328624094358,0.0,binance,0.0002773555255641695
2025-08-23,1233696.4635423871,36.75467369069262,532.6149168286286,0.0,binance,0.0005693695905194618
2025-08-24,1234017.3961643875,-205.82617266914895,526.7587946694586,0.0,binance,0.00032093262200034225
2025-08-25,1234460.8979937222,246.2563137290111,197.2455156057003,0.0,binance,0.00044350182933476754
2025-08-26,1234519.678723414,36.7546736910269,22.026056000757368,0.0,binance,5.8780729691730816e-05
2025-08-27,1234685.86755701,77.18481475088907,89.0040188451236,0.0,binance,0.000166188833595952
2025-08-28,1234761.4936258236,-102.91308633440734,178.5391551481603,0.0,binance,7.562606881372631e-05
2025-08-29,1234989.3621845944,91.8866842268987,135.98187454404712,0.0,binance,0.00022786855877074413
2025-08-30,1234893.779303914,-209.50164003764993,113.91875935712733,0.0,binance,-9.558288068044931e-05
2025-08-31,1235004.4536100577,62.482945274210884,48.191360869637855,0.0,binance,0.00011067430614377372
2025-09-01,1235153.491983844,202.1507052999794,-53.112331513791354,0.0,binance,0.00014903837378625758
2025-09-02,1235019.6306720362,-275.6600526816989,141.7987408739816,0.0,binance,-0.00013386131180776283
2025-09-03,1235247.8122409596,150.6941621326086,77.4874067907044,0.0,binance,0.0002281815689234063
2025-09-04,1235332.6764516775,121.29042317992078,-36.42621246206193,0.0,binance,8.486421071784571e-05
2025-09-05,1235103.5753142652,-132.31682528709516,-96.7843121251441,0.0,binance,-0.00022910113741224632
2025-09-06,1235149.3545744002,-47.781075798201265,93.56033593326242,0.0,binance,4.577926013502292e-05
2025-09-07,1235332.4874482658,-102.91308633474162,286.04596020025724,0.0,binance,0.00018313287386554294
2025-09-08,1235876.334500863,327.1165958490697,216.7304567481024,0.0,binance,0.0005438470525972079
2025-09-09,1236225.1145346672,11.026402107174357,337.75363169700785,0.0,binance,0.00034878003380424345
2025-09-10,1236355.9863431957,-264.6336505741903,395.50545910262906,0.0,binance,0.00013087180852843449
2025-09-11,1236610.584655196,-62.482945274545166,317.0812572749194,0.0,binance,0.0002545983120002784
2025-09-12,1237186.85704711,169.07149897812204,407.20089293586307,0.0,binance,0.0005762723919141572
2025-09-13,1237475.2088499155,-227.87897688349767,516.2307796891445,0.0,binance,0.0002883518028054386
2025-09-14,1237888.3408424868,169.07149897812204,244.0604935929921,0.0,binance,0.00041313199257128874
2025-09-15,1238434.8176521808,249.9317810978464,296.54502859624995,0.0,binance,0.000546476809693966
2025-09-16,1238516.4227994457,-102.91308633440734,184.51823359934065,0.0,binance,8.160514726489783e-05
2025-09-17,1238603.9588771642,-113.93948844158169,201.47556616008328,0.0,binance,8.753607771848328e-05
2025-09-18,1238921.3956961012,124.96589054875605,192.4709283885303,0.0,binance,0.00031743681893707255
2025-09-19,1238970.5389384783,40.43014106019645,8.713101317042472,0.0,binance,4.914324237708934e-05
2025-09-20,1238873.2968942325,-84.53574948889388,-12.706294756890117,0.0,binance,-9.724204424582422e-05
2025-09-21,1238978.4448069679,14.701869476009623,90.44604325913716,0.0,binance,0.00010514791273535229
2025-09-22,1238882.3055224589,-62.482945274545166,-33.65633923450038,0.0,binance,-9.61392845090013e-05
2025-09-23,1239020.0633127815,88.2112168583977,49.54657346423938,0.0,binance,0.00013775779032264835
2025-09-24,1238909.7692668159,-80.86028212005861,-29.433763845652642,0.0,binance,-0.00011029404596565291
2025-09-25,1238917.6412978503,110.26402107274643,-102.39199003836964,0.0,binance,7.872031034436077e-06
2025-09-26,1238773.0508531632,-385.9240737544454,241.33362906737796,0.0,binance,-0.00014459044468705543
2025-09-27,1239263.7314160876,301.3883242652172,189.29223865923404,0.0,binance,0.0004906805629243608
2025-09-28,1239311.3767643739,-253.60724846718307,301.2525967533372,0.0,binance,4.7645348286256195e-05
2025-09-29,1239825.924489703,455.75795376716246,58.78977156190656,0.0,binance,0.0005145477253291756
2025-09-30,1239628.7035130612,-198.47523793080987,1.2542612889752673,0.0,binance,-0.0001972209766418673
2025-10-01,1239750.1707841102,117.61495581075124,3.852315238153583,0.0,binance,0.0001214672710490413
2025-10-02,1239801.1359174738,-80.86028212005861,131.82541548374164,0.0,binance,5.096513336361386e-05
2025-10-03,1240218.2994960207,172.7469663476259,244.4166121992103,0.0,binance,0.0004171635785468388
2025-10-04,1240075.143263174,-327.1165958490697,183.96036300252268,0.0,binance,-0.000143156232846668
2025-10-05,1240719.1701102164,224.20350951432812,419.82333752819244,0.0,binance,0.0006440268470423761
2025-10-06,1241034.7732710848,-147.01869476377334,462.62185563209687,0.0,binance,0.00031560316086839886
2025-10-07,1241415.0834359801,-135.9922926559304,516.3024575511363,0.0,binance,0.00038031016489537434
2025-10-08,1241676.1322959422,121.2904231795865,139.75843678251815,0.0,binance,0.0002610488599620294
2025-10-09,1241875.8635467063,47.78107579853555,151.95017496561206,0.0,binance,0.0001997312507641036
2025-10-10,1241948.2335950232,73.50934738171952,-1.1392990649833905,0.0,binance,7.23700483168941e-05
2025-10-11,1244644.2626401256,2741.898657340478,-45.86961223819255,0.0,binance,0.002696029045102419
2025-10-12,1241589.8382642448,-2907.2946889494306,-147.1296869314859,0.0,binance,-0.0030544243758807424
2025-10-13,1241886.2422872107,176.42243371612685,119.9815892498148,0.0,binance,0.00029640402296581307
2025-10-14,1241605.6596292574,-415.32781270713315,134.7451547538829,0.0,binance,-0.0002805826579532586
2025-10-15,1242019.952374045,290.36192215804283,123.93082262974121,0.0,binance,0.0004142927447876427
2025-10-16,1241981.439647862,-51.45654316720367,12.94381698400058,0.0,binance,-3.851272618304938e-05
2025-10-17,1242398.5977071063,246.2563137290111,170.90174551509446,0.0,binance,0.00041715805924427696
2025-10-18,1242194.7664678611,-330.79206321807214,126.96082397295744,0.0,binance,-0.00020383123924513346
2025-10-19,1242588.3230779462,224.20350951432812,169.35310057081122,0.0,binance,0.0003935566100850701
2025-10-20,1242714.4007084284,-77.18481475072193,203.26244523275173,0.0,binance,0.0001260776304821484
2025-10-21,1242769.3496054895,-110.26402107274643,165.21291813397636,0.0,binance,5.494889706117101e-05
2025-10-22,1242891.0157835705,91.88668422723298,29.779493853616156,0.0,binance,0.0001216661780809518
2025-10-23,1242904.2825843815,-124.9658905489232,138.23269135986723,0.0,binance,1.3266800811048597e-05
2025-10-24,1243090.1981754692,-3.675467369002406,189.5910584566378,0.0,binance,0.00018591559108765797
2025-10-25,1243260.5439633946,36.75467369085976,133.59111423463958,0.0,binance,0.00017034578792541287
2025-10-26,1243540.8406437438,-40.43014106002931,320.7268214090405,0.0,binance,0.0002802966803491581
2025-10-27,1244160.7414039818,194.79977056180746,425.10098967639175,0.0,binance,0.0006199007602380589
2025-10-28,1244170.3479937003,-147.01869476377334,156.62528448228815,0.0,binance,9.606589718488976e-06
2025-10-29,1244111.6968513585,-25.728271583518264,-32.92287075831573,0.0,binance,-5.865114234178327e-05
2025-10-30,1244303.1667591888,363.87126953976235,-172.40136170942645,0.0,binance,0.0001914699078302365
2025-10-31,1244266.1790476348,-172.7469663472916,135.759254793422,0.0,binance,-3.698771155392751e-05
2025-11-01,1244392.8645702808,-209.5016400379842,336.18716268398214,0.0,binance,0.00012668552264594472
2025-11-02,1244688.3837983548,22.052804214682997,273.46642385935206,0.0,binance,0.00029551922807400115
2025-11-03,1244913.356527543,55.132010536206074,169.8407186518831,0.0,binance,0.00022497272918815724
2025-11-04,1245164.54958331,-36.75467369085976,287.94772945775713,0.0,binance,0.0002511930557671003
2025-11-05,1245268.419473779,29.40373895268781,74.46615151613028,0.0,binance,0.00010386989046889357
2025-11-06,1245195.4557368844,-198.47523793080987,125.51150103637042,0.0,binance,-7.296373689454049e-05
2025-11-07,1245524.0232896358,77.18481475088907,251.38273800043433,0.0,binance,0.00032856755275139586
2025-11-08,1245894.1272421922,84.53574948906102,285.56820306734454,0.0,binance,0.0003701039525563829
2025-11-09,1245962.0020951568,-88.21121685806342,156.0860698227422,0.0,binance,6.787485296465456e-05
2025-11-10,1246497.6748325368,264.63365057435743,271.039086805629,0.0,binance,0.0005356727373800241
2025-11-11,1246290.108473675,-249.93178109818066,42.36542223657757,0.0,binance,-0.00020756635886174627
2025-11-12,1246359.761906397,-14.701869476176764,84.35530219804085,0.0,binance,6.96534327219706e-05
2025-11-13,1246612.7760211718,11.026402107174357,241.98771266755392,0.0,binance,0.00025301411477476356
2025-11-14,1246730.4852155617,-14.701869476343905,132.4110638662575,0.0,binance,0.00011770919438987039
2025-11-15,1246810.3454618182,-80.86028211989148,160.72052837627874,0.0,binance,7.98602462564595e-05
2025-11-16,1247174.083937604,40.430141059862166,323.30833472592707,0.0,binance,0.00036373847578582356
2025-11-17,1247447.61327657,-22.052804214515856,295.58214318061584,0.0,binance,0.0002735293389661238
2025-11-18,1247773.6383285914,47.781075798201265,278.2439762230674,0.0,binance,0.0003260250520212576
2025-11-19,1248028.0856720195,25.728271583685405,228.71907184424924,0.0,binance,0.0002544473434281535
2025-11-20,1248251.1574677883,-18.37733684551345,241.449132614204,0.0,binance,0.000223071795768803
2025-11-21,1248307.6677680027,-55.132010536373215,111.64231075074206,0.0,binance,5.6510300214402376e-05
2025-11-22,1248413.913774396,-33.079206321690215,139.32521271488952,0.0,binance,0.00010624600639333948
2025-11-23,1248412.80101974,-36.7546736910269,35.641919035022745,0.0,binance,-1.1127546560019255e-06
2025-11-24,1248674.1637860439,132.31682528726228,129.04594101654513,0.0,binance,0.00026136276630382054
2025-11-25,1248682.278762237,-80.86028211989148,88.97525831296046,0.0,binance,8.114976193057373e-06
2025-11-26,1248714.5570677528,-29.40373895268781,61.68204446870004,0.0,binance,3.2278305515879764e-05
2025-11-27,1248925.641463351,154.369629501611,56.714766096597955,0.0,binance,0.00021108439559815452
2025-11-28,1248899.1485398174,-44.10560842903171,17.612684895499783,0.0,binance,-2.6492923533543944e-05
2025-11-29,1248902.3953506588,-29.40373895285495,32.65054979422952,0.0,binance,3.246810841374099e-06
2025-11-30,1249026.3970570292,-47.781075798034124,171.78278216841431,0.0,binance,0.00012400170637038535
2025-12-01,1249150.1950748784,7.3509347381719525,116.44708311122743,0.0,binance,0.00012379801784921437
2025-12-02,1249453.6874095597,132.31682528726228,171.17550939416046,0.0,binance,0.00030349233468133027
2025-12-03,1249517.6475126734,-55.132010536373215,119.09211364990614,0.0,binance,6.39601031136699e-05
2025-12-04,1249773.6458204126,-47.781075798201265,303.77938353724755,0.0,binance,0.00025599830773915166
2025-12-05,1249947.9809216605,-22.052804214515856,196.38790546252415,0.0,binance,0.00017433510124799796
2025-12-06,1250089.6244920942,51.45654316720367,90.18702726639897,0.0,binance,0.0001416435704336036
2025-12-07,1250187.844229699,51.45654316720367,46.76319443779272,0.0,binance,9.821973760495894e-05
2025-12-08,1250417.1300800766,69.83388001288426,159.45197036459518,0.0,binance,0.00022928585037752054
2025-12-09,1250332.6046788658,-260.9581832055222,176.43278199466496,0.0,binance,-8.452540121087805e-05
2025-12-10,1250782.059211608,194.79977056180746,254.6547621805545,0.0,binance,0.00044945453274226747
2025-12-11,1250826.6969071566,-73.50934738188667,118.14704293057265,0.0,binance,4.4637695548590274e-05
2025-12-12,1250954.7626381482,95.56215159640253,32.50357939510717,0.0,binance,0.00012806573099154048
2025-12-13,1250948.5343025113,-29.40373895268781,23.175403315717077,0.0,binance,-6.228335636900738e-06
2025-12-14,1251237.458606038,44.10560842903171,244.81869509770615,0.0,binance,0.0002889243035267573
2025-12-15,1251309.4263014195,-58.80747790554276,130.77517328714868,0.0,binance,7.196769538149238e-05
2025-12-16,1251351.0269042521,44.10560842919885,-2.505005596734403,0.0,binance,4.1600602832622825e-05
2025-12-17,1251348.4732243677,-47.781075798034124,45.22739591354854,0.0,binance,-2.5536798844113947e-06
2025-12-18,1251372.241234277,14.701869476343905,9.066140432925508,0.0,binance,2.3768009909195826e-05
2025-12-19,1251504.3649228688,-99.23761896557207,231.36130755754056,0.0,binance,0.000132123688591877
2025-12-20,1251523.9288367936,-33.079206321857356,52.6431202468132,0.0,binance,1.9563913924852385e-05
2025-12-21,1251678.1646794667,84.53574948906102,69.70009318423558,0.0,binance,0.00015423584267310799
2025-12-22,1251667.2249513124,14.701869476511046,-25.64159763099421,0.0,binance,-1.093972815433517e-05
2025-12-23,1251651.9297033576,-161.7205642399501,146.42531628510488,0.0,binance,-1.52952479547821e-05
2025-12-24,1252088.091582015,279.33552005086847,156.82635860644098,0.0,binance,0.00043616187865729445
2025-12-25,1252104.9149038745,-180.09790108546355,196.92122294494035,0.0,binance,1.682332185958512e-05
2025-12-26,1252385.7040295165,121.29042317992078,159.49870246200624,0.0,binance,0.00028078912564204076
2025-12-27,1252360.3558863827,-150.6941621326086,125.34601899882495,0.0,binance,-2.534814313380048e-05
2025-12-28,1252653.2701411827,99.23761896540493,193.67663583469306,0.0,binance,0.00029291425479995085
2025-12-29,1252817.2168919025,-47.781075798201265,211.72782651794017,0.0,binance,0.00016394675071979874
2025-12-30,1253006.0072615542,55.132010536373215,133.6583591154375,0.0,binance,0.000188790369651746
2025-12-31,1253114.0380042226,0.0,108.03074266827792,0.0,binance,0.00010803074266831391
2026-01-01,1253235.9794467655,-77.18481475088907,199.1262572938536,0.0,binance,0.00012194144254294224
2026-01-02,1253597.9187344487,161.7205642399501,200.218723443356,0.0,binance,0.000361939287683228
2026-01-03,1253693.4206646883,-40.43014106002931,135.93207129961183,0.0,binance,9.550193023961038e-05
2026-01-04,1253891.932818499,25.728271583685405,172.7838822268877,0.0,binance,0.00019851215381058864
2026-01-05,1253954.1743716102,-99.23761896540493,161.47917207647197,0.0,binance,6.224155311123469e-05
2026-01-06,1254140.7767433291,-40.43014106002931,227.03251277893173,0.0,binance,0.00018660237171896733
2026-01-07,1254405.5828500667,36.75467369085976,228.05143304690674,0.0,binance,0.000264806106737582
2026-01-08,1254511.1578386214,-66.15841264371471,171.7334011984251,0.0,binance,0.00010557498855469748
2026-01-09,1254704.6361257646,11.026402107341498,182.4518850358358,0.0,binance,0.00019347828714316712
2026-01-10,1254986.9870351176,7.3509347383390935,274.99997461477204,0.0,binance,0.00028235090935300105
2026-01-11,1255243.250445754,3.675467369002406,252.58794326749043,0.0,binance,0.0002562634106364567
2026-01-12,1255551.480542263,77.18481475088907,231.04528175798717,0.0,binance,0.0003082300965089817
2026-01-13,1255901.2831481693,161.7205642399501,188.08204166643458,0.0,binance,0.0003498026059062686
2026-01-14,1255971.8209135563,-275.6600526816989,346.1978180688203,0.0,binance,7.053776538698002e-05
2026-01-15,1256345.887637893,180.0979010852964,193.9688232512293,0.0,binance,0.0003740667243367061
2026-01-16,1256485.0888083621,22.052804214515856,117.14836625475442,0.0,binance,0.00013920117046916858
2026-01-17,1256687.3262458341,-69.83388001254998,272.0713174846437,0.0,binance,0.00020223743747198024
2026-01-18,1256849.4545610577,69.83388001254998,92.29443521097738,0.0,binance,0.00016212831522361375
2026-01-19,1256757.8794826968,-158.04509687078055,66.47001850987643,0.0,binance,-9.15750783609692e-05
2026-01-20,1257047.6152207719,102.91308633440734,186.82265174055655,0.0,binance,0.0002897357380751055
2026-01-21,1257100.7237349087,29.40373895285495,23.704775183912588,0.0,binance,5.3108514136867595e-05
2026-01-22,1257168.603225174,-7.3509347381719525,75.2304250032021,0.0,binance,6.787949026515708e-05
2026-01-23,1257228.4885348775,-44.10560842919885,103.99091813286256,0.0,binance,5.988530970364809e-05
2026-01-24,1257236.347717066,-58.80747790537562,66.66666009389148,0.0,binance,7.859182188520208e-06
2026-01-25,1257327.9990077133,-69.83388001271712,161.4851706597464,0.0,binance,9.165129064721987e-05
2026-01-26,1257367.5997102056,99.23761896557207,-59.63691647333337,0.0,binance,3.9600702492287384e-05
2026-01-27,1257659.8073599322,18.37733684534631,273.8303128813993,0.0,binance,0.00029220764972665345
2026-01-28,1258056.1739119405,143.34322739443664,253.02332461393672,0.0,binance,0.0003963665520083159
2026-01-29,1257982.6554829201,-158.04509687078055,84.52666785024141,0.0,binance,-7.351842902041972e-05
2026-01-30,1258049.9440613494,66.15841264354758,1.130165785853905,0.0,binance,6.728857842925936e-05
2026-01-31,1257950.583451616,40.43014106002931,-139.79075079328837,0.0,binance,-9.936060973326675e-05
2026-02-01,1257701.7819443627,-47.781075798201265,-201.02043145531798,0.0,binance,-0.00024880150725343266
2026-02-02,1257249.240127714,-165.39603160911963,-287.14578503973405,0.0,binance,-0.0004525418166487943
2026-02-03,1257208.4436711988,117.61495581108552,-158.41141232618102,0.0,binance,-4.079645651509054e-05
2026-02-04,1257169.6932979326,14.701869476176764,-53.45224274234416,0.0,binance,-3.875037326617166e-05
2026-02-05,1257055.7268536866,-91.88668422723298,-22.079760018711468,0.0,binance,-0.00011396644424600527
2026-02-06,1257064.6519257491,238.90537899083915,-229.98030692825597,0.0,binance,8.92507206252776e-06
2026-02-07,1256758.2002230554,-393.2750084926173,86.82330579888512,0.0,binance,-0.0003064517026937101
2026-02-08,1256831.5087162163,117.61495581091837,-44.306462650011966,0.0,binance,7.330849316087551e-05
2026-02-09,1256760.6388583856,0.0,-70.86985783069461,0.0,binance,-7.086985783069395e-05
2026-02-10,1256496.3209419257,-29.40373895268781,-234.91417750725347,0.0,binance,-0.0002643179164598696
2026-02-11,1256282.461916604,36.754673690943335,-250.61369901263578,0.0,binance,-0.00021385902532166802
2026-02-12,1256236.2924269894,-14.701869476343905,-31.467620138219846,0.0,binance,-4.616948961466551e-05
2026-02-13,1256015.6089423455,-154.3696295018617,-66.31385514203453,0.0,binance,-0.00022068348464393057
2026-02-14,1256164.3567342695,154.36962950177815,-5.621837577755626,0.0,binance,0.00014874779192404822
2026-02-15,1256119.9389993078,14.701869476511046,-59.1196044384053,0.0,binance,-4.441773496172391e-05
2026-02-16,1255995.0935014857,-18.37733684559702,-106.46816097656054,0.0,binance,-0.00012484549782215617
2026-02-17,1255957.6488796456,-47.78107579811769,10.336453958088534,0.0,binance,-3.744462184002623e-05
2026-02-18,1255935.511102154,3.6754673690859763,-25.813244860749908,0.0,binance,-2.2137777491705493e-05
2026-02-19,1255832.9637433838,51.456543167287236,-154.0039019374168,0.0,binance,-0.00010254735877015628
2026-02-20,1255652.1420543783,-73.50934738188667,-107.31234162355418,0.0,binance,-0.00018082168900547549
2026-02-21,1255792.1083340258,36.7546736910269,103.21160595648468,0.0,binance,0.0001399662796475459
2026-02-22,1255718.8605586302,-80.86028212005861,7.612506724434617,0.0,binance,-7.324777539563366e-05
2026-02-23,1255447.6597483568,3.6754673690859763,-274.87627764257746,0.0,binance,-0.00027120081027341074
2026-02-24,1255418.5323652227,3.6754673690859763,-32.8028505031492,0.0,binance,-2.9127383134094997e-05
2026-02-25,1255479.3328344352,7.350934738255523,53.44953447421325,0.0,binance,6.080046921246685e-05
2026-02-26,1255592.388314976,44.105608428948145,68.949872111556,0.0,binance,0.00011305548054073006
2026-02-27,1255526.854475605,3.6754673691695467,-69.2093067400275,0.0,binance,-6.553383937082253e-05
2026-02-28,1255475.0096188323,128.64135791809275,-180.48621469073169,0.0,binance,-5.184485677280463e-05
2026-03-01,1255414.331589288,-110.26402107266286,49.585991528604595,0.0,binance,-6.067802954418585e-05
2026-03-02,1255318.0803873125,36.754673690943335,-133.00587566673534,0.0,binance,-9.625120197562501e-05
2026-03-03,1255086.4531703126,-176.42243371637758,-55.20478328330614,0.0,binance,-0.0002316272169998847
2026-03-04,1255193.9534038496,113.93948844183241,-6.439254904799824,0.0,binance,0.00010750023353705182
2026-03-05,1255294.2223697281,128.64135791825987,-28.372392039828696,0.0,binance,0.00010026896587852389
2026-03-06,1255006.4420331833,-227.87897688366482,-59.90135966118872,0.0,binance,-0.00028778033654484897
2026-03-07,1255068.3388889458,121.29042317992078,-59.393567417538655,0.0,binance,6.18968557624612e-05
2026-03-08,1254985.7871619985,69.83388001263354,-152.38560695999868,0.0,binance,-8.255172694730573e-05
2026-03-09,1254853.1640751583,-29.40373895268781,-103.2193478874416,0.0,binance,-0.00013262308684014714
2026-03-10,1254779.3654904005,-161.72056423986652,87.92197948198185,0.0,binance,-7.37985847578384e-05
2026-03-11,1254956.292562552,158.04509687078055,18.881975280811275,0.0,binance,0.00017692707215156406
2026-03-12,1254852.562149454,-47.781075798201265,-55.949337299868006,0.0,binance,-0.00010373041309812106
2026-03-13,1254855.914837279,-29.40373895252067,32.75642677745044,0.0,binance,3.35268782498315e-06
2026-03-14,1254937.0665545573,110.26402107257928,-29.112303794084728,0.0,binance,8.115171727840789e-05
2026-03-15,1254817.0699217666,-121.29042318008793,1.2937903892097218,0.0,binance,-0.00011999663279065863
2026-03-16,1254897.030035323,-117.61495581075124,197.575069367207,0.0,binance,7.99601135563571e-05
2026-03-17,1255225.0866794388,275.6600526816989,52.396591433933466,0.0,binance,0.00032805664411582986
2026-03-18,1255097.389654574,-139.66776002526709,11.970735160300496,0.0,binance,-0.00012769702486484312
2026-03-19,1255271.5725429566,183.7733684542988,-9.5904800717273,0.0,binance,0.00017418288838258014
2026-03-20,1255111.9733205787,-62.482945274378025,-97.11627710350893,0.0,binance,-0.00015959922237787397
2026-03-21,1255108.0124702225,-47.781075798201265,43.82022544203063,0.0,binance,-3.960850356146693e-06
2026-03-22,1255184.2008580512,132.31682528726228,-56.128437458581374,0.0,binance,7.618838782864623e-05
2026-03-23,1255017.7862217498,-165.39603160911963,-1.0186046923466847,0.0,binance,-0.0001664146363013424
2026-03-24,1255032.4525127022,-3.675467369002406,18.34175832131381,0.0,binance,1.4666290952358396e-05
2026-03-25,1254991.2222764252,-40.43014106019645,-0.8000952168804156,0.0,binance,-4.1230236276984214e-05
2026-03-26,1255003.7211001643,36.7546736910269,-24.255849951829106,0.0,binance,1.2498823739122599e-05
2026-03-27,1254910.5799433454,84.53574948906102,-177.6769063078816,0.0,binance,-9.314115681895055e-05
2026-03-28,1254793.1262236356,-22.052804214515856,-95.4009154954363,0.0,binance,-0.00011745371970976703
2026-03-29,1254756.1429530755,25.728271583601835,-62.711542143688504,0.0,binance,-3.698327056015842e-05
2026-03-30,1254753.8025948177,-22.052804214515856,19.712445956707448,0.0,binance,-2.3403582577593627e-06
2026-03-31,1254610.8739405521,-150.69416213269216,7.765507867170835,0.0,binance,-0.00014292865426559
2026-04-01,1254738.932404042,58.80747790537562,69.25098558437148,0.0,binance,0.0001280584634898696
2026-04-02,1254726.685721775,220.5280421453257,-232.77472441234286,0.0,binance,-1.224668226693757e-05
2026-04-03,1254576.714874236,-124.9658905489232,-25.004956990349108,0.0,binance,-0.00014997084753913805
2026-04-04,1254505.1809678045,-113.93948844174884,42.40558201025789,0.0,binance,-7.153390643140301e-05
2026-04-05,1254561.6650054448,66.15841264371471,-9.674375003480556,0.0,binance,5.648403764027171e-05
2026-04-06,1254544.530426447,-99.23761896557207,82.1030399679232,0.0,binance,-1.7134578997734935e-05
2026-04-07,1254576.2210971375,77.18481475088907,-45.49414406050042,0.0,binance,3.169067069049925e-05
2026-04-08,1254706.63186658,-55.132010536206074,185.5427799787268,0.0,binance,0.000130410769442562
2026-04-09,1254832.3149484303,95.56215159623538,30.120930254108448,0.0,binance,0.00012568308185017667
2026-04-10,1254885.1497117358,44.10560842903171,8.729154876398487,0.0,binance,5.2834763305494565e-05
2026-04-11,1254703.8837801262,-36.75467369085976,-144.51125791868304,0.0,binance,-0.00018126593160955237
2026-04-12,1254693.644006985,-3.6754673691695467,-6.564305772154441,0.0,binance,-1.0239773141220212e-05
2026-04-13,1254693.9223286642,-40.43014106002931,40.70846273911421,0.0,binance,2.7832167921587823e-07
2026-04-14,1254762.4444784785,-135.99229265626468,204.51444247058237,0.0,binance,6.852214981429279e-05
2026-04-15,1255021.9832871906,227.87897688366482,31.65983182843363,0.0,binance,0.0002595388087120373
2026-04-16,1254856.1393668032,-73.50934738188667,-92.33457300536284,0.0,binance,-0.00016584392038732768
2026-04-17,1254941.4798556827,55.132010536373215,30.208478343143852,0.0,binance,8.534048887947574e-05
2026-04-18,1254821.4967047267,44.10560842903171,-164.0887593849718,0.0,binance,-0.0001199831509559881
2026-04-19,1254431.1120430124,-3.675467369002406,-386.7091943453491,0.0,binance,-0.0003903846617143136
2026-04-20,1254319.1945385155,-99.23761896540493,-12.679885531467015,0.0,binance,-0.00011191750449687243
2026-04-21,1254285.2417286586,66.15841264354758,-100.11122250054297,0.0,binance,-3.395280985697172e-05
2026-04-22,1254338.3447866742,-80.86028211989148,133.96334013554676,0.0,binance,5.3103058015694845e-05
2026-04-23,1254355.7104237438,-1.6714090493630097e-10,17.365637069872868,0.0,binance,1.736563706956804e-05
2026-04-24,1254271.0645432856,110.26402107274643,-194.90990153088785,0.0,binance,-8.4645880458178e-05
2026-04-25,1254097.0028573724,-80.86028211989148,-93.20140379352783,0.0,binance,-0.0001740616859132424
2026-04-26,1254109.1807398887,62.482945274378025,-50.30506275804843,0.0,binance,1.2177882516290993e-05
2026-04-27,1253861.7274658114,-55.132010536373215,-192.32126354103434,0.0,binance,-0.0002474532740772702
2026-04-28,1253718.735664701,91.88668422723298,-234.87848533766964,0.0,binance,-0.00014299180111032912
2026-04-29,1253704.4893488225,-117.61495581075124,103.36863993228228,0.0,binance,-1.424631587858312e-05
2026-04-30,1253665.7886222994,113.93948844174884,-152.64021496472108,0.0,binance,-3.870072652306408e-05
2026-05-01,1253467.0559105284,-132.31682528709516,-66.4158864837472,0.0,binance,-0.00019873271177103742
2026-05-02,1253530.807204607,102.91308633440734,-39.16179225590163,0.0,binance,6.37512940785382e-05
2026-05-03,1253536.83117246,-84.53574948906102,90.55971734208019,0.0,binance,6.023967853048817e-06
2026-05-04,1253616.1748188399,-29.40373895268781,108.74738533265763,0.0,binance,7.93436463798862e-05
2026-05-05,1253548.023536768,25.728271583685405,-93.87955365569779,0.0,binance,-6.815128207183443e-05
2026-05-06,1253492.2596364266,88.21121685823057,-143.9751171995166,0.0,binance,-5.576390034146607e-05
2026-05-07,1253243.0598175614,-51.45654316737081,-197.7432756979211,0.0,binance,-0.00024919981886516326
2026-05-08,1253178.9957744358,-3.6754673691695467,-60.388575756394474,0.0,binance,-6.406404312560335e-05
2026-05-09,1253254.1473736016,-88.21121685806342,163.36281602392393,0.0,binance,7.515159916575066e-05
2026-05-10,1253577.915235914,110.26402107257928,213.50384123985765,0.0,binance,0.0003237678623124957
2026-05-11,1253634.4053343264,-55.132010536206074,111.62210894864924,0.0,binance,5.6490098412381485e-05
2026-05-12,1253785.5975891813,77.18481475088907,74.0074401038041,0.0,binance,0.00015119225485483184
2026-05-13,1253880.129652602,36.75467369069262,57.77738972985315,0.0,binance,9.453206342062912e-05
2026-05-14,1253923.4912266887,-84.53574948906102,127.89732357589561,0.0,binance,4.3361574086826295e-05
2026-05-15,1253958.3787979467,25.728271583852546,9.159299674219938,0.0,binance,3.4887571258004754e-05
2026-05-16,1254032.5465385977,-73.50934738188667,147.67708803301238,0.0,binance,7.416774065094068e-05
2026-05-17,1254208.353449843,36.75467369085976,139.0522375543663,0.0,binance,0.00017580691124522127
2026-05-18,1254276.2641477294,7.3509347381719525,60.55976314842762,0.0,binance,6.791069788648747e-05
2026-05-19,1254416.0652619808,-11.026402107174357,150.82751635861422,0.0,binance,0.00013980111425137146
2026-05-20,1254468.5022925239,-55.132010536373215,107.56904107947362,0.0,binance,5.243703054310754e-05
2026-05-21,1254531.1522041366,-33.079206321857356,95.72911793461009,0.0,binance,6.264991161273792e-05
2026-05-22,1254692.0563528347,51.45654316720367,109.4476055310215,0.0,binance,0.00016090414869808592
2026-05-23,1254773.5316308418,-44.10560842886457,125.58088643585472,0.0,binance,8.14752780070994e-05
2026-05-24,1254931.1138844867,-1.6714090493630097e-10,157.5822536451169,0.0,binance,0.00015758225364494136
2026-05-25,1255040.015567263,1.6714090493630097e-10,108.90168277598023,0.0,binance,0.00010890168277616612
2026-05-26,1255306.5162477903,183.77336845446595,82.72731207279651,0.0,binance,0.000266500680527417
2026-05-27,1255211.8581141478,-220.52804214549286,125.86990850313806,0.0,binance,-9.465813364251517e-05
2026-05-28,1255403.2925077013,132.31682528717872,59.117568266237484,0.0,binance,0.00019143439355352894
2026-05-29,1255508.315007095,-58.80747790537562,163.82997729897698,0.0,binance,0.00010502249939367175
2026-05-30,1255711.9442879353,77.18481475088907,126.44446608935837,0.0,binance,0.00020362928084027954
2026-05-31,1255726.732160628,-121.29042317992078,136.07829587289564,0.0,binance,1.4787872692802921e-05
2026-06-01,1255836.4321547695,-47.781075798201265,157.4810699396889,0.0,binance,0.00010969999414146878
2026-06-02,1256025.91150618,0.0,189.47935141032139,0.0,binance,0.00018947935141040944
2026-06-03,1256216.204515098,58.80747790537562,131.48553101259125,0.0,binance,0.00019029300891794265
2026-06-04,1256220.403308559,-102.9130863344909,107.11187979551033,0.0,binance,4.19879346108064e-06
2026-06-05,1256296.314415454,113.93948844183241,-38.02838154692625,0.0,binance,7.59111068949569e-05
2026-06-06,1256263.2139404889,51.456543167287236,-84.55701813230569,0.0,binance,-3.310047496506013e-05
2026-06-07,1256180.0289524563,11.026402107257928,-94.21139013972343,0.0,binance,-8.318498803256079e-05
2026-06-08,1255971.6548306178,-88.21121685823057,-120.16290498025828,0.0,binance,-0.0002083741218384821
2026-06-09,1256073.4499926781,161.7205642399501,-59.92540217966352,0.0,binance,0.00010179516206029803
2026-06-10,1255855.4349105025,-147.0186947636062,-70.99638741208115,0.0,binance,-0.0002180150821756106
2026-06-11,1255823.4939940725,0.0,-31.940916429896024,0.0,binance,-3.1940916429972276e-05
2026-06-12,1255762.7807930256,3.6754673691695467,-64.38866841604062,0.0,binance,-6.071320104692131e-05
2026-06-13,1255811.732198463,14.701869476343905,34.24953596110687,0.0,binance,4.8951405437430366e-05
2026-06-14,1255730.424354461,-58.80747790545919,-22.500366096597965,0.0,binance,-8.130784400203265e-05
2026-06-15,1255831.8492406763,44.105608429115286,57.319277786254865,0.0,binance,0.00010142488621524535
2026-06-16,1255895.3852582572,36.75467369085976,26.781343890092387,0.0,binance,6.353601758088916e-05
2026-06-17,1255808.3370004399,-117.61495581083481,30.566697993528955,0.0,binance,-8.704825781728141e-05
2026-06-18,1255974.0767280164,135.99229265626468,29.747434920281336,0.0,binance,0.00016573972757649607
2026-06-19,1255961.6619999264,-40.43014106002931,28.015412969944702,0.0,binance,-1.2414728089934214e-05
2026-06-20,1255999.1308360398,-18.37733684534631,55.84617295858415,0.0,binance,3.7468836113344875e-05
2026-06-21,1256112.6172863736,73.50934738171952,39.97710295206856,0.0,binance,0.00011348645033384673
2026-06-22,1255992.3510064478,-161.72056423986652,41.45428431410766,0.0,binance,-0.00012026627992582508
2026-06-23,1256069.5920901047,84.53574948906102,-7.29466583207569,0.0,binance,7.724108365690336e-05
2026-06-24,1256059.9924220995,-51.456543167287236,41.856875162193916,0.0,binance,-9.599668005248531e-06
2026-06-25,1256003.5043403427,-36.75467369085976,-19.7334080659802,0.0,binance,-5.64880817567464e-05
2026-06-26,1256077.4735813874,91.8866842271494,-17.917443182286476,0.0,binance,7.396924104471691e-05
2026-06-27,1256076.372467047,-18.37733684534631,17.276222504998074,0.0,binance,-1.1011143403593451e-06
2026-06-28,1256065.0273387008,25.728271583601835,-37.07339992983198,0.0,binance,-1.134512834623456e-05
2026-06-29,1256059.209677551,-18.37733684542988,12.559675695693576,0.0,binance,-5.817661149892956e-06
2026-06-30,1256167.7492935648,36.75467369085976,71.78494232300675,0.0,binance,0.0001085396160138771
2026-07-01,1256088.0141669805,-158.0450968708641,78.30997028663076,0.0,binance,-7.973512658430263e-05
2026-07-02,1256246.0903210728,73.5093473818031,84.5668067105124,0.0,binance,0.00015807615409232676
2026-07-03,1256375.577262233,-14.701869476427476,144.1888106365798,0.0,binance,0.0001294869411601685
2026-07-04,1256569.0608382635,47.781075798201265,145.70250023222272,0.0,binance,0.00019348357603047044
2026-07-05,1256651.1513592955,-40.43014105994574,122.52066209200919,0.0,binance,8.209052103199065e-05
2026-07-06,1256738.0944964672,-44.10560842903171,131.04874560085534,0.0,binance,8.694313717167824e-05
2026-07-07,1256888.5858623353,51.45654316720367,99.03482270102299,0.0,binance,0.00015049136586813255
2026-07-08,1256969.4713463997,22.052804214515856,58.83267985008548,0.0,binance,8.088548406446353e-05
2026-07-09,1257104.0899512467,36.75467369085976,97.8639311562686,0.0,binance,0.0001346186048469972
2026-07-10,1257183.0726429143,11.026402107341498,67.956289560002,0.0,binance,7.898269166750834e-05
2026-07-11,1257239.354553225,-33.079206321857356,89.36111663260361,0.0,binance,5.62819103107322e-05
2026-07-12,1257361.8299545092,91.88668422723298,30.588717056953037,0.0,binance,0.00012247540128417314
2026-07-13,1257323.5844130449,-69.83388001271712,31.588338548413144,0.0,binance,-3.824554146430455e-05
2026-07-14,1257330.881832978,-62.4829452744616,69.78036520780313,0.0,binance,7.297419933136553e-06
2026-07-15,1257467.750081836,14.701869476343905,122.16637938174183,0.0,binance,0.00013686824885802344
2026-07-16,1257639.5799420737,73.50934738171952,98.32051285578245,0.0,binance,0.00017182986023765988
2026-07-17,1257747.2472558885,11.026402107341498,96.64091170747734,0.0,binance,0.0001076673138148617
2026-07-18,1257767.6498327386,-44.10560842903171,64.50818527919628,0.0,binance,2.0402576850028707e-05
2026-07-19,1257839.0955218887,-8.357045246815048e-11,71.4456891501317,0.0,binance,7.144568915013224e-05
2026-07-20,1257850.2342482267,-40.43014105994574,51.568867398047544,0.0,binance,1.1138726338045672e-05
2026-07-21,1258109.8078262352,187.44883582355192,72.12474218489828,0.0,binance,0.0002595735780084506
2026-07-22,1258004.1160645904,-169.07149897812204,63.37973733328134,0.0,binance,-0.00010569176164478995
2026-07-23,1258015.54018972,55.132010536373215,-43.707885406723875,0.0,binance,1.1424125129589812e-05
2026-07-24,1258035.452288755,3.6754673690859763,16.23663166582205,0.0,binance,1.9912099034991117e-05
2026-07-25,1258074.7691010511,-36.75467369085976,76.0714859870022,0.0,binance,3.9316812296165154e-05
2026-07-26,1258124.4955605993,33.07920632177379,16.647253226336396,0.0,binance,4.972645954811014e-05
2026-07-27,1258255.4185185486,-11.026402107257928,141.9493600565799,0.0,binance,0.00013092295794934035
2026-07-28,1258325.8523430782,66.15841264354758,4.275411886238716,0.0,binance,7.043382452963852e-05
2026-07-29,1258426.3344335046,-3.6754673690859763,104.1575577956106,0.0,binance,0.0001004820904263761
2026-07-30,1258481.6913400085,-18.37733684542988,73.73424334935316,0.0,binance,5.535690650390461e-05
2026-07-31,1258505.1389124915,-11.026402107257928,34.47397459026892,0.0,binance,2.344757248298265e-05
