interval_start,F_liq,F_entry,q,margin,worst_ts,worst_high,worst_approach,pair,k
2021-01-01,43206.253731343284,28948.19,22.773772038942678,329629.74,1609613700000,33480.0,0.22511217454355523,A_BTC,0.66
2021-01-03,48057.32835820896,32198.41,20.55276747376564,330883.21687748516,1609977120000,37037.51,0.229305680000969,A_BTC,0.66
2021-01-07,54963.83582089552,36825.77,18.14126268170159,334032.98351296294,1610118600000,42125.51,0.23357769029676761,A_BTC,0.66
2021-01-22,46083.23880597015,30875.77,22.083064571710494,340915.81130564085,1611928620000,38641.1,0.1614933975735666,A_BTC,0.66
2021-01-30,51144.835820895525,34267.04,19.991107956589495,342518.04799638526,1611969900000,34988.88,0.315886356101957,A_BTC,0.66
2021-02-01,49440.46268656717,33125.11,20.71038117806726,343016.82733270375,1612396740000,37700.0,0.2374666831295051,A_BTC,0.66
2021-02-04,56196.89552238806,37651.92,18.295310065474027,344426.7754802114,1612826760000,47146.0,0.16105685978298057,A_BTC,0.66
2021-02-09,69330.32835820896,46451.32,14.985176949234354,348040.62486275437,1613769120000,56582.0,0.18387809000906766,A_BTC,0.66
2021-02-20,83590.8208955224,56005.85,12.759783829347233,357311.2695894234,1613934660000,58472.14,0.3004956839330178,A_BTC,0.66
2021-02-24,73029.8656716418,48930.01,14.687618024058716,359332.64839668665,1614258720000,52134.96,0.28611452971295137,A_BTC,0.66
2021-03-01,67406.92537313433,45162.64,15.941884223125262,359988.78904534294,1614776400000,52681.51,0.21845552651483618,A_BTC,0.66
2021-03-04,75184.70149253732,50373.75,14.304595907648054,360288.0690514431,1615404000000,57500.92,0.23520451822625882,A_BTC,0.66
2021-03-11,83506.41791044778,55949.3,12.930748820263094,361733.172484773,1615668120000,61950.0,0.2581408525218369,A_BTC,0.66
2021-04-01,87777.59701492538,58810.99,12.519521974073907,368142.74081102037,1618380840000,64986.11,0.2596503867729485,A_BTC,0.66
2021-04-22,80290.62686567164,53794.72,14.055655815110281,378060.0344951147,1619826660000,57935.0,0.27843383142434797,A_BTC,0.66
2021-05-01,86101.92537313433,57688.29,13.142147860654424,379074.018504156,1620619500000,59654.0,0.30716996464967156,A_BTC,0.66
2021-05-13,74025.00000000001,49596.75,15.43152694506146,382676.7920062385,1621005300000,51533.0,0.30384329618372186,A_BTC,0.66
2021-05-18,65022.55223880598,43565.11,17.622312687218635,383858.9953365377,1621318260000,45846.61,0.29491217398509967,A_BTC,0.66
2021-05-20,54759.9104477612,36689.14,20.921665983850012,383798.9661573554,1621516680000,42460.0,0.2246152403681308,A_BTC,0.66
2021-05-21,60447.761194029845,40500.0,18.967893220151037,384099.8377080585,1621557780000,42270.42,0.30071157037037033,A_BTC,0.66
2021-05-24,51726.16417910448,34656.53,22.159498586073653,383985.66376660956,1621886460000,39917.09,0.2282998240158494,A_BTC,0.66
2021-05-25,57885.94029850748,38783.58,19.804145931747012,384037.8390377924,1622016120000,40900.0,0.29343809931935133,A_BTC,0.66
2021-05-30,51659.62686567164,34611.95,22.19661203317038,384134.0129307457,1622504340000,37500.0,0.27409464072379625,A_BTC,0.66
2021-06-01,55588.59701492538,37244.36,20.641022482185623,384380.8360473075,1622715600000,39470.0,0.2899622922772737,A_BTC,0.66
2021-06-08,50076.07462686568,33550.97,22.9408001821872,384843.04934427864,1623282060000,37511.31,0.25091352947470685,A_BTC,0.66
2021-06-10,55776.104477611945,37369.99,20.59713210732553,384857.31043971697,1623780060000,41413.0,0.25751358242268735,A_BTC,0.66
2021-06-22,47173.13432835822,31606.0,24.364557266275867,385033.09847895755,1624987980000,36623.0,0.22364709232424237,A_BTC,0.66
2021-06-30,53597.970149253735,35910.64,21.423769614683764,384670.63903792365,1625013180000,36089.96,0.3266543509110392,A_BTC,0.66
2021-07-01,52285.656716417914,35031.39,21.970168691093505,384822.77389174304,1625435760000,35955.55,0.3123247892818412,A_BTC,0.66
2021-07-17,46840.238805970155,31382.96,24.51167921064499,384624.5241002516,1627257360000,35400.0,0.2442395491056294,A_BTC,0.66
2021-07-26,52792.04477611941,35370.67,21.70807147787204,383914.5162901121,1627261260000,48168.6,0.08757843716276803,A_BTC,0.66
2021-07-28,58877.701492537315,39448.06,19.466110831381407,383950.15402149176,1627689600000,42494.0,0.278266662543101,A_BTC,0.66
2021-08-01,61862.83582089553,41448.1,18.53977787108726,384219.28358930594,1628534940000,46483.0,0.2486118784697008,A_BTC,0.66
2021-08-10,69044.32835820896,46259.7,16.63166462039061,384687.9079199417,1629713820000,50600.0,0.26713748684059785,A_BTC,0.66
2021-09-01,70373.6119402985,47150.32,16.417788003372173,387051.9790255795,1630971240000,52830.0,0.24929247563961388,A_BTC,0.66
2021-09-07,78632.80597014926,52683.98,14.743850312586721,388382.3574956563,1630984740000,52950.0,0.3266169336485209,A_BTC,0.66
2021-09-08,69946.83582089552,46864.38,16.580154254469264,388509.3247200321,1631956740000,48850.0,0.30161243998106874,A_BTC,0.66
2021-09-22,60787.80597014926,40727.83,19.127991596606847,389520.7949940161,1632437700000,44976.48,0.2601068704126884,A_BTC,0.66
2021-09-24,66907.89552238806,44828.29,17.386243784744522,389697.7891966125,1632469440000,45134.33,0.3254259508894941,A_BTC,0.66
2021-10-01,65372.37313432837,43799.49,17.80479883200093,389920.5541971182,1633369920000,49544.48,0.24211899270973258,A_BTC,0.66
2021-10-05,73432.50746268657,49199.78,15.858892775924645,390127.0178095409,1633525980000,56416.02,0.2317296256202772,A_BTC,0.66
2021-10-07,82578.28358208956,55327.45,14.103836768728195,390164.6618149854,1634329020000,63997.61,0.22500677873279903,A_BTC,0.66
2021-10-16,92093.02985074627,61702.33,12.682400840307807,391266.8409204748,1634741400000,67150.0,0.2708460118118716,A_BTC,0.66
2021-11-01,91562.89552238806,61347.14,12.879720724323645,395067.015217992,1636553760000,69198.7,0.24424954447754213,A_BTC,0.66
2021-11-27,80232.32835820896,53755.66,14.887328812871356,400139.09298645816,1638286200000,59224.99,0.2618313438994146,A_BTC,0.66
2021-12-01,85041.88059701493,56978.06,14.061937740656692,400610.9661517007,1638375420000,59100.0,0.3050482940275608,A_BTC,0.66
2021-12-05,73336.80597014926,49135.66,16.325723580481533,401087.6015522616,1640627340000,52134.0,0.28911548150569266,A_BTC,0.66
2022-01-01,68971.00000000001,46210.57,17.44168416376427,402995.08348376007,1641142800000,48000.0,0.3040553276014558,A_BTC,0.66
2022-01-08,62020.70149253732,41553.87,19.42198456595238,403529.31089779583,1642084680000,44396.68,0.2841635303763525,A_BTC,0.66
2022-01-22,54367.85074626866,36426.46,22.18818052842909,404118.43524580053,1643224140000,38886.58,0.28475046436024803,A_BTC,0.66
2022-02-01,57371.70149253732,38439.04,21.03268319611817,404238.0753414571,1644191100000,42656.8,0.2564836166563994,A_BTC,0.66
2022-02-07,63225.880597014926,42361.34,19.088332639404694,404303.6744854598,1644513420000,45847.5,0.27486181976301977,A_BTC,0.66
2022-02-22,55203.58208955225,36986.4,21.890441346711807,404824.3099130108,1646087820000,44341.0,0.19677313823459447,A_BTC,0.66
2022-03-01,64410.44776119403,43155.0,18.753235032392208,404647.92891144287,1646233260000,45350.0,0.2959216776735025,A_BTC,0.66
2022-03-07,57315.07462686567,38401.1,21.089973907192533,404939.09850374557,1647923220000,43517.7,0.2407285468385021,A_BTC,0.66
2022-03-23,63208.80597014925,42349.9,19.152551310286224,405554.3163677453,1648419900000,47047.0,0.25568915156824457,A_BTC,0.66
2022-03-28,69881.94029850748,46820.9,17.327290045599803,405639.6572480119,1648493520000,48200.0,0.3102652875104923,A_BTC,0.66
2022-04-01,67919.2537313433,45505.9,17.840514728294462,405924.33958714746,1649024640000,47448.0,0.30140575178163725,A_BTC,0.66
2022-04-12,58963.58208955224,39505.6,20.585679225494275,406624.8046053433,1650548100000,42966.0,0.271312927787453,A_BTC,0.66
2022-05-01,56140.89552238807,37614.4,21.616146417894697,406539.1889106292,1651691520000,40071.7,0.28622976838657554,A_BTC,0.66
2022-05-10,44859.70149253732,30056.0,27.076997583711638,406913.1196880185,1652164620000,32650.0,0.2721752728240619,A_BTC,0.66
2022-06-01,47459.55223880598,31797.9,25.63663048726465,407595.50628549635,1654044000000,31986.1,0.3260345180027614,A_BTC,0.66
2022-06-12,42412.83582089552,28416.6,28.713618795412128,407971.7099308541,1654994700000,28530.3,0.3273192077869977,A_BTC,0.66
2022-06-14,33539.40298507463,22471.4,36.30494218276014,407911.4388828382,1655184180000,23424.2,0.3015916231298451,A_BTC,0.66
2022-06-19,28298.059701492533,18959.7,43.01845625866637,407808.51256371837,1655822760000,21740.0,0.23174944751235504,A_BTC,0.66
2022-06-24,31487.462686567167,21096.6,38.670714677531926,407910.29963301,1656245520000,21888.0,0.3048661869685163,A_BTC,0.66
2022-07-01,29736.26865671642,19923.3,40.96319694441124,408061.0308412942,1658159760000,22800.0,0.23325955037569082,A_BTC,0.66
2022-07-19,33467.9104477612,22423.5,36.465115274545,408837.7561793799,1659186480000,24700.0,0.26197961959551375,A_BTC,0.66
2022-08-01,34761.34328358209,23290.1,35.17907820074775,409662.1246016176,1660533360000,25200.0,0.2750567837836678,A_BTC,0.66
2022-08-20,31082.08955223881,20825.0,39.39700677258323,410221.3330195229,1661357400000,21925.6,0.29459054021608655,A_BTC,0.66
2022-09-01,29912.537313432844,20041.4,40.91739788179595,410020.9689541127,1663013400000,22474.0,0.24867624018282175,A_BTC,0.66
2022-09-13,33411.94029850747,22386.0,36.67567962427973,410510.88203456305,1663072200000,22850.0,0.3161127490395785,A_BTC,0.66
2022-09-16,29389.253731343288,19690.8,41.69800465288135,410533.53500947804,1664281200000,20375.0,0.30671938164015694,A_BTC,0.66
2022-10-01,28972.537313432833,19411.6,42.34161387300095,410959.2359285726,1667038920000,21088.0,0.27213830905231917,A_BTC,0.66
2022-11-01,30570.29850746269,20482.1,40.25930136522274,412297.5182463143,1667618520000,21473.7,0.29756328696764495,A_BTC,0.66
2022-11-10,23738.805970149257,15905.0,51.808699033618026,412008.67906484735,1668113640000,18230.0,0.2320591009116631,A_BTC,0.66
2022-11-11,26250.746268656723,17588.0,46.82812690033806,411806.54796157294,1668129420000,17678.0,0.32657152604048234,A_BTC,0.66
2022-11-22,23541.641791044778,15772.9,52.18641016434171,411565.51444057265,1669849080000,17248.3,0.2673280753697799,A_BTC,0.66
2022-12-01,25602.08955223881,17153.4,48.0149579617313,411809.88995038084,1671044220000,18400.0,0.2813086618396354,A_BTC,0.66
2023-01-01,24682.835820895525,16537.5,49.928038469712284,412842.46809643344,1673557200000,19120.0,0.2253726379440666,A_BTC,0.66
2023-01-13,28116.567164179105,18838.1,43.88858116684382,413388.74043956026,1673656800000,21544.0,0.23376136659217225,A_BTC,0.66
2023-01-15,31287.761194029856,20962.8,39.440709559359014,413393.85317546554,1675021680000,23962.7,0.23411905852271653,A_BTC,0.66
2023-01-30,35433.13432835821,23740.2,34.94585670125356,414810.8136295499,1675037400000,23804.6,0.3281824921441269,A_BTC,0.66
2023-02-01,34506.71641791045,23119.5,35.89919658369608,414985.7377083808,1676968140000,25347.6,0.26542996172062555,A_BTC,0.66
2023-03-01,34521.94029850746,23129.7,36.05469532243058,416967.14319961134,1677660840000,24022.7,0.3041323925515679,A_BTC,0.66
2023-03-10,30370.746268656723,20348.4,41.00703917584486,417213.8179828808,1678721520000,24517.2,0.19273633307778515,A_BTC,0.66
2023-03-14,35999.25373134328,24119.5,34.58674376272367,417107.48309250677,1679093280000,27763.4,0.22877845726486848,A_BTC,0.66
2023-03-18,40871.49253731344,27383.9,30.50386684620873,417657.41966494767,1680144000000,29184.8,0.2859375034235446,A_BTC,0.66
2023-04-01,42469.85074626866,28454.8,29.394617867050354,418208.9862416722,1681455180000,31059.0,0.26868120668569107,A_BTC,0.66
2023-05-01,43616.41791044777,29223.0,28.701851235744645,419377.0993310829,1683333420000,29840.0,0.31585395065530597,A_BTC,0.66
2023-05-25,39274.47761194031,26313.9,31.949443483897177,420357.230445461,1685319840000,28442.0,0.2758146834942751,A_BTC,0.66
2023-06-01,40598.656716417914,27201.1,30.93617531173498,420748.99913601717,1687365300000,30822.0,0.24081232008999642,A_BTC,0.66
2023-06-22,44758.9552238806,29988.5,28.119299418389314,421627.805304184,1687535580000,31500.0,0.29623022158494094,A_BTC,0.66
2023-07-01,45462.98507462688,30460.2,27.73540341034966,422412.9674799664,1689276720000,31850.0,0.29943007596798465,A_BTC,0.66
2023-08-01,43613.13432835822,29220.8,29.014949441585173,423920.017321336,1691529660000,30250.0,0.30640160433663705,A_BTC,0.66
2023-08-19,38868.656716417914,26042.0,32.65190982758996,425160.5178650489,1693326420000,28168.0,0.2753029721219569,A_BTC,0.66
2023-09-01,38698.50746268657,25928.0,32.81157743450132,425369.28986087505,1695138840000,27480.0,0.2898950941067572,A_BTC,0.66
2023-10-01,40225.37313432836,26951.0,31.58044183103254,425562.243894079,1697463000000,30720.0,0.23630292011428147,A_BTC,0.66
2023-10-22,44620.00000000001,29895.4,28.49054097385398,425868.0593148772,1698100920000,35981.9,0.19359255939040798,A_BTC,0.66
2023-10-24,49364.17910447761,33074.0,25.747689245622993,425789.5370548674,1698114360000,35300.0,0.28490657313902157,A_BTC,0.66
2023-11-01,51718.50746268657,34651.4,24.610939348359118,426401.75186786556,1701251520000,38500.0,0.25558563290372105,A_BTC,0.66
2023-12-01,56293.88059701493,37716.9,22.77730275988205,429544.6252320977,1701728340000,42440.0,0.24609922872770573,A_BTC,0.66
2023-12-05,62676.26865671642,41993.1,20.46859541946393,429769.8871545454,1702070700000,44779.3,0.2855461730617649,A_BTC,0.66
2024-01-01,63155.22388059703,42314.0,20.529087298318366,434333.8999705217,1704741120000,47312.0,0.25086165335350014,A_BTC,0.66
2024-01-09,70108.35820895524,46972.6,18.542428915362986,435493.0482348897,1704984660000,49027.5,0.300689657374725,A_BTC,0.66
2024-01-15,62290.89552238807,41734.9,20.895863833576776,436043.39375397173,1706617380000,43888.0,0.2954347560435033,A_BTC,0.66
2024-02-01,63523.13432835822,42560.5,20.563153572064106,437589.0488019172,1707503040000,48230.3,0.24074432866155243,A_BTC,0.66
2024-02-10,70322.53731343284,47116.1,18.600909667443208,438201.15999111044,1708007640000,52859.0,0.24833485793603466,A_BTC,0.66
2024-02-16,77460.29850746269,51898.4,16.898196194879777,438494.6727001743,1709140560000,64300.0,0.1698973378755415,A_BTC,0.66
2024-02-29,93265.52238805972,62487.9,14.110235252891137,440859.48472956807,1709189220000,63762.8,0.31633042557039054,A_BTC,0.66
2024-03-01,91348.2089552239,61203.3,14.418823010572753,441239.7751814937,1709593980000,68600.0,0.2490274217239922,A_BTC,0.66
2024-03-05,101935.07462686567,68296.5,12.982562163626355,443331.77840405365,1710399900000,73881.4,0.2752112040880572,A_BTC,0.66
2024-03-20,92498.65671641793,61974.1,14.454627702724048,447906.2713556952,1711396800000,71228.3,0.22995314171565231,A_BTC,0.66
2024-03-26,104359.10447761197,69920.6,12.836624479222627,448772.2427809668,1711546200000,71888.0,0.3111477876334015,A_BTC,0.66
2024-04-01,106511.94029850747,71363.0,12.621049319936997,450337.97130933194,1712578320000,72890.4,0.31565982371817336,A_BTC,0.66
2024-04-14,95432.3880597015,63939.7,14.138328552997795,452000.2430900565,1713827520000,67222.0,0.29560601629347655,A_BTC,0.66
2024-05-01,90524.17910447762,60651.2,14.932903832875613,452849.26847425266,1715959980000,67400.6,0.25544091460680085,A_BTC,0.66
2024-05-18,99970.14925373136,66980.0,13.545683079395287,453644.9263289482,1716250680000,72132.8,0.27845661391460147,A_BTC,0.66
2024-06-01,100862.53731343284,67577.9,13.451283826040973,454504.7566339071,1717763400000,72144.0,0.28472947516865726,A_BTC,0.66
2024-06-25,89960.44776119405,60273.5,15.154564764409312,456709.3296638123,1719788580000,63058.4,0.29904306204219117,A_BTC,0.66
2024-07-01,93680.74626865673,62766.1,14.567483902746813,457172.07569409837,1719857940000,63849.0,0.31844052760964925,A_BTC,0.66
2024-07-08,83329.85074626867,55831.0,16.397190995766827,457735.7852423289,1721087880000,64870.7,0.22151906646844957,A_BTC,0.66
2024-07-16,96538.20895522389,64680.6,14.168515155537518,458214.03068463,1722258360000,70081.0,0.27405945523078024,A_BTC,0.66
2024-08-01,96420.59701492538,64601.8,14.207951041888908,458929.60580894945,1722551160000,65650.0,0.31912887876189217,A_BTC,0.66
2024-08-05,86782.83582089555,58144.5,15.792421487036,459121.22557648236,1724448000000,65000.0,0.2510039642614523,A_BTC,0.66
2024-08-24,95552.23880597015,64020.0,14.338543195585816,458976.76769070193,1724628480000,65175.4,0.3179081849422055,A_BTC,0.66
2024-09-01,87972.98507462686,58941.9,15.577538173721624,459084.8486408413,1727370420000,65800.0,0.2520431136424173,A_BTC,0.66
2024-09-27,97222.53731343284,65139.1,14.105937815401127,459424.04697559774,1727447880000,66450.0,0.3165165008420442,A_BTC,0.66
2024-10-01,94491.04477611942,63309.0,14.51820654619822,459566.5691166316,1730153340000,70331.0,0.25568607938839677,A_BTC,0.66
2024-10-29,104387.91044776121,69939.9,13.19429536271844,461403.8491194957,1730229060000,73660.0,0.2943627314308429,A_BTC,0.66
2024-11-01,104958.05970149254,70321.9,13.124081515725402,461455.17397034506,1731277320000,81699.8,0.2215957475551713,A_BTC,0.66
2024-11-11,120014.77611940299,80409.9,11.502218031092623,462446.1008291773,1731366840000,89800.0,0.2517588008441747,A_BTC,0.66
2024-11-12,132431.3432835821,88729.0,10.429059225480602,462679.99800883414,1732216560000,99100.0,0.251687723292272,A_BTC,0.66
2024-11-22,146816.11940298512,98366.8,9.43396287802534,463994.3698150716,1732304220000,99660.0,0.32119170289162624,A_BTC,0.66
2024-12-01,143992.83582089553,96475.2,9.644583969653011,465231.5836945341,1734447420000,108366.8,0.24741533575468103,A_BTC,0.66
2025-01-01,139625.07462686568,93548.8,10.031869670289792,469234.6847060029,1737143520000,105784.0,0.24237104056920028,A_BTC,0.66
2025-01-18,155287.4626865672,104042.6,9.042131678561791,470383.4446899665,1737356160000,110000.0,0.2916363105112715,A_BTC,0.66
2025-02-01,152805.67164179106,102379.8,9.210624489223132,471490.9465408832,1738376160000,102734.9,0.3276761333778735,A_BTC,0.66
2025-02-25,136588.80597014926,91514.5,10.322208787430846,472315.88803867006,1740452580000,92500.0,0.3227849138661087,A_BTC,0.66
2025-03-01,125820.2985074627,84299.6,11.209049295467636,472459.1859941018,1740937620000,94971.0,0.24518538640752757,A_BTC,0.66
2025-03-03,140629.85074626864,94222.0,10.026712816551308,472368.4675005487,1740960000000,94373.4,0.32892341491371435,A_BTC,0.66
2025-03-10,120433.88059701493,80690.7,11.709788529628323,472435.51665384,1742826000000,88752.0,0.26306451672869363,A_BTC,0.66
2025-04-01,123160.44776119404,82517.5,11.460928032395158,472863.5644565837,1745358540000,94142.5,0.23561093101463332,A_BTC,0.66
2025-04-23,139410.2985074627,93404.9,10.139484973672582,473538.79000869504,1745592900000,95769.6,0.3130378384859895,A_BTC,0.66
2025-05-01,140485.37313432837,94125.2,10.060899320881928,473492.0803789378,1746919500000,105000.1,0.2525905177359517,A_BTC,0.66
2025-05-11,156401.19402985077,104788.8,9.038670794700467,473575.73308585415,1747935240000,111959.5,0.2841518845525477,A_BTC,0.66
2025-06-01,156036.71641791047,104544.6,9.083671946546756,474824.42509147606,1749504600000,110653.6,0.29084895824365875,A_BTC,0.66
2025-07-01,159831.79104477612,107087.3,8.882543414167218,475603.7956779746,1752416280000,119655.0,0.25136920998101553,A_BTC,0.66
2025-07-14,177669.10447761195,119038.3,8.001338904444811,476232.89045448636,1752478680000,123300.0,0.3060132747191451,A_BTC,0.66
2025-08-01,172682.53731343287,115697.3,8.260559330073994,477862.20548968494,1755131520000,124545.6,0.2787597290515856,A_BTC,0.66
2025-09-01,161505.07462686565,108208.4,8.86601039079731,479688.3993857758,1758219360000,117875.2,0.27014553398811914,A_BTC,0.66
2025-10-01,170132.38805970148,113988.7,8.442259201356782,481161.07571284886,1759777080000,126208.5,0.25817475767334824,A_BTC,0.66
2025-11-01,163518.2089552239,109557.2,8.80203459383728,482163.13220197486,1762084800000,111216.0,0.31985556403413024,A_BTC,0.66
2025-11-15,141111.79104477612,94544.9,10.213220487646666,482803.9548412526,1763177280000,96800.0,0.3140190533809862,A_BTC,0.66
2025-11-22,127005.37313432836,85093.6,11.355442421254935,483137.7376086495,1764340200000,93080.0,0.26711762106668424,A_BTC,0.66
2025-12-01,134806.71641791047,90320.5,10.701240386443468,483270.6911618836,1765299900000,94555.0,0.2985883603390151,A_BTC,0.66
2026-01-01,130758.65671641793,87608.3,11.063386292435197,484622.23266177526,1768421460000,97932.1,0.25104690993889855,A_BTC,0.66
2026-01-15,144638.80597014926,96908.0,10.01387881933495,485212.4843120557,1768470900000,97155.0,0.32829229784950675,A_BTC,0.66
2026-01-26,129296.86567164178,86628.9,11.212304515876937,485654.80333772575,1769622840000,90592.7,0.2993434177278021,A_BTC,0.66
2026-02-01,117472.68656716417,78706.7,12.345438835239134,485834.37538675795,1769904960000,79396.8,0.3241254429419604,A_BTC,0.66
2026-02-06,93832.98507462686,62868.1,15.451127341678756,485691.50941469707,1770419160000,71714.4,0.23572291830037814,A_BTC,0.66
2026-02-07,105290.29850746269,70544.5,13.76433839290122,485499.18487901,1770591960000,72300.0,0.3133270488840378,A_BTC,0.66
2026-03-01,99905.97014925376,66937.0,14.50461388551265,485447.66982728016,1773704700000,74880.0,0.2504952417945234,A_BTC,0.66
2026-03-17,111711.0447761194,74846.4,12.964773097009008,485183.29656398745,1773711300000,75998.9,0.3196832045362235,A_BTC,0.66
2026-03-28,99050.89552238808,66364.1,14.617903261178766,485051.9969075969,1774977300000,68600.0,0.30742675633362027,A_BTC,0.66
2026-04-01,101852.83582089553,68241.4,14.214601157164182,485012.14170325187,1776177120000,76009.0,0.2537370276694207,A_BTC,0.66
2026-04-17,112099.70149253734,75106.8,12.911461193909428,484869.26679935836,1777251660000,79455.0,0.2912113150873158,A_BTC,0.66
2026-05-01,113888.65671641793,76305.4,12.694491251142,484329.11635744537,1778066520000,82828.7,0.27272212713648064,A_BTC,0.66
2026-06-01,109930.14925373136,73653.2,13.17123582251561,485051.8331414534,1780273800000,74070.5,0.3262039531208421,A_BTC,0.66
2026-06-04,95698.05970149254,64117.7,15.13301945991831,485147.20091260213,1781538840000,67255.4,0.29721250138417327,A_BTC,0.66
2026-07-01,87470.74626865673,58605.4,16.5690894264477,485519.05673636904,1784067660000,65130.0,0.25540820470468606,A_BTC,0.66
2026-07-15,97036.71641791046,65014.6,14.966690507053304,486526.69831993384,1784642760000,66924.1,0.31032188154660645,A_BTC,0.66
2021-01-01,43206.253731343284,28948.19,25.87532242948523,374521.875,1609613700000,33480.0,0.22511217454355523,A_BTC,0.75
2021-01-03,48057.328358208964,32198.41,23.363919228444924,376140.52526217664,1609977120000,37037.51,0.2293056800009691,A_BTC,0.75
2021-01-07,54963.83582089552,36825.77,20.64912707266454,380210.0021393588,1610118600000,42125.51,0.23357769029676761,A_BTC,0.75
2021-01-22,46083.238805970155,30875.77,25.204958995634357,389111.2584043187,1611928620000,38641.1,0.16149339757356673,A_BTC,0.75
2021-01-30,51144.835820895525,34267.04,22.831835167469716,391189.70447854575,1611969900000,34988.88,0.315886356101957,A_BTC,0.75
2021-02-01,49440.46268656716,33125.11,23.658000758011188,391836.93874460197,1612396740000,37700.0,0.237466683129505,A_BTC,0.75
2021-02-04,56196.89552238806,37651.92,20.910884698820468,393667.47890460613,1612826760000,47146.0,0.16105685978298057,A_BTC,0.75
2021-02-09,69330.32835820895,46451.32,17.151803856714395,398361.9647627372,1613769120000,56582.0,0.1838780900090675,A_BTC,0.75
2021-02-20,83590.8208955224,56005.85,14.656391112909574,410421.8211054733,1613934660000,58472.14,0.3004956839330178,A_BTC,0.75
2021-02-24,73029.86567164179,48930.01,16.88370209668304,413059.8562138611,1614258720000,52134.96,0.2861145297129512,A_BTC,0.75
2021-03-01,67406.92537313433,45162.64,18.3300540853593,413916.81691880565,1614776400000,52681.51,0.21845552651483618,A_BTC,0.75
2021-03-04,75184.70149253731,50373.75,16.449358014246446,414307.92413507344,1615404000000,57500.92,0.23520451822625868,A_BTC,0.75
2021-03-11,83506.41791044777,55949.3,14.87763395284651,416196.60265899764,1615668120000,61950.0,0.25814085252183677,A_BTC,0.75
2021-04-01,87777.5970149254,58810.99,14.438734140775495,424578.1245829031,1618380840000,64986.11,0.2596503867729486,A_BTC,0.75
2021-04-22,80290.62686567166,53794.72,16.268265314736617,437573.3887459841,1619826660000,57935.0,0.2784338314243481,A_BTC,0.75
2021-05-01,86101.92537313435,57688.29,15.216510615699294,438907.2385932697,1620619500000,59654.0,0.3071699646496717,A_BTC,0.75
2021-05-13,74025.00000000001,49596.75,17.89015488960421,443646.7697604888,1621005300000,51533.0,0.30384329618372186,A_BTC,0.75
2021-05-18,65022.55223880598,43565.11,20.43855611933824,445203.9727900718,1621318260000,45846.61,0.29491217398509967,A_BTC,0.75
2021-05-20,54759.91044776119,36689.14,24.264665494486184,445124.8546901864,1621516680000,42460.0,0.2246152403681307,A_BTC,0.75
2021-05-21,60447.76119402985,40500.0,22.00105949176438,445521.4547082287,1621557780000,42270.42,0.30071157037037044,A_BTC,0.75
2021-05-24,51726.16417910449,34656.53,25.70199467730492,445370.97479692916,1621886460000,39917.09,0.2282998240158495,A_BTC,0.75
2021-05-25,57885.94029850748,38783.58,22.970533614735576,445439.7640448932,1622016120000,40900.0,0.29343809931935133,A_BTC,0.75
2021-05-30,51659.626865671635,34611.95,25.746396686138993,445566.4973904042,1622504340000,37500.0,0.27409464072379613,A_BTC,0.75
2021-06-01,55588.59701492537,37244.36,23.944129544182033,445891.89031507575,1622715600000,39470.0,0.2899622922772736,A_BTC,0.75
2021-06-08,50076.07462686568,33550.97,26.616284616885522,446501.08334629383,1623282060000,37511.31,0.25091352947470685,A_BTC,0.75
2021-06-10,55776.10447761195,37369.99,23.897244732535853,446519.89834120875,1623780060000,41413.0,0.25751358242268746,A_BTC,0.75
2021-06-22,47173.13432835822,31606.0,28.270050896942195,446751.6143243775,1624987980000,36623.0,0.22364709232424237,A_BTC,0.75
2021-06-30,53597.97014925375,35910.64,24.854675081335483,446273.64458140463,1625013180000,36089.96,0.32665435091103945,A_BTC,0.75
2021-07-01,52285.656716417914,35031.39,25.489949337380132,446474.1781590025,1625435760000,35955.55,0.3123247892818412,A_BTC,0.75
2021-07-17,46840.238805970155,31382.96,28.436631417131125,446212.8331492847,1627257360000,35400.0,0.2442395491056294,A_BTC,0.75
2021-07-26,52792.04477611941,35370.67,25.177735127037376,445276.68026292353,1627261260000,48168.6,0.08757843716276803,A_BTC,0.75
2021-07-28,58877.701492537315,39448.06,22.577722082402992,445323.6676849791,1627689600000,42494.0,0.278266662543101,A_BTC,0.75
2021-08-01,61862.835820895525,41448.1,21.505373775500143,445678.44139215373,1628534940000,46483.0,0.2486118784697007,A_BTC,0.75
2021-08-10,69044.32835820896,46259.7,19.295250763574685,446296.2558738679,1629713820000,50600.0,0.26713748684059785,A_BTC,0.75
2021-09-01,70373.61194029852,47150.32,19.06300599563531,449413.4164280618,1630971240000,52830.0,0.24929247563961404,A_BTC,0.75
2021-09-07,78632.80597014926,52683.98,17.127372207709662,451169.0674217659,1630984740000,52950.0,0.3266169336485209,A_BTC,0.75
2021-09-08,69946.83582089552,46864.38,19.261393737132117,451336.6377132898,1631956740000,48850.0,0.30161243998106874,A_BTC,0.75
2021-09-22,60787.80597014927,40727.83,22.229109343179644,452671.69319021615,1632469440000,45134.33,0.257510132506446,A_BTC,0.75
2021-10-01,65372.373134328365,43799.49,20.697003521163204,453259.09937757626,1633369920000,49544.48,0.2421189927097325,A_BTC,0.75
2021-10-05,73432.50746268658,49199.78,18.43633776025548,453531.88090513117,1633525980000,56416.02,0.23172962562027738,A_BTC,0.75
2021-10-07,82578.28358208954,55327.45,16.396260052103354,453581.62910987285,1634329020000,63997.61,0.2250067787327989,A_BTC,0.75
2021-10-16,92093.02985074627,61702.33,14.749456440068375,455037.91429286206,1634741400000,67150.0,0.2708460118118716,A_BTC,0.75
2021-11-01,91562.89552238808,61347.14,14.99855936185052,460059.36048487725,1636553760000,69198.7,0.24424954447754224,A_BTC,0.75
2021-11-27,80232.32835820896,53755.66,17.366366053206445,466770.23449585383,1638286200000,59224.99,0.2618313438994146,A_BTC,0.75
2021-12-01,85041.88059701494,56978.06,16.406169191962736,467395.8462949021,1638375420000,59100.0,0.3050482940275609,A_BTC,0.75
2021-12-05,73336.80597014926,49135.66,19.050427411988537,468027.66208507435,1640627340000,52134.0,0.28911548150569266,A_BTC,0.75
2022-01-01,68971.00000000001,46210.57,20.365757259406273,470556.6257194009,1641142800000,48000.0,0.3040553276014558,A_BTC,0.75
2022-01-08,62020.70149253732,41553.87,22.6821405565171,471265.3600036197,1642084680000,44396.68,0.2841635303763525,A_BTC,0.75
2022-01-22,54367.85074626866,36426.46,25.917811569711702,472047.06321582024,1643224140000,38886.58,0.28475046436024803,A_BTC,0.75
2022-02-01,57371.701492537315,38439.04,24.56907872627855,472205.8999612852,1644191100000,42656.8,0.2564836166563993,A_BTC,0.75
2022-02-07,63225.880597014926,42361.34,22.298303165483986,472293.00090807164,1644513420000,45847.5,0.27486181976301977,A_BTC,0.75
2022-02-22,55203.58208955225,36986.4,25.576103950672923,472984.0055805845,1646087820000,44341.0,0.19677313823459447,A_BTC,0.75
2022-03-01,64410.44776119404,43155.0,21.909387352246483,472749.8055930985,1646233260000,45350.0,0.2959216776735026,A_BTC,0.75
2022-03-07,57315.07462686567,38401.1,24.64180956438125,473136.2966313804,1647923220000,43517.7,0.2407285468385021,A_BTC,0.75
2022-03-23,63208.80597014926,42349.9,22.382734405631375,473953.2819025241,1648419900000,47047.0,0.2556891515682446,A_BTC,0.75
2022-03-28,69881.94029850747,46820.9,20.250214889727342,474066.6431652175,1648493520000,48200.0,0.3102652875104922,A_BTC,0.75
2022-04-01,67919.2537313433,45505.9,20.852006297328387,474444.65668279794,1649024640000,47448.0,0.30140575178163725,A_BTC,0.75
2022-04-12,58963.58208955225,39505.6,24.06620061104895,475374.8474299277,1650548100000,42966.0,0.27131292778745303,A_BTC,0.75
2022-05-01,56140.89552238807,37614.4,25.270168895657715,475261.1204544138,1651691520000,40071.7,0.28622976838657554,A_BTC,0.75
2022-05-10,44859.701492537315,30056.0,31.65808998723086,475757.77632810536,1652164620000,32650.0,0.2721752728240618,A_BTC,0.75
2022-06-01,47459.552238805976,31797.9,29.9808826555939,476664.55429715465,1654044000000,31986.1,0.3260345180027613,A_BTC,0.75
2022-06-12,42412.835820895525,28416.6,33.58349799951445,477164.41462650115,1654994700000,28530.3,0.3273192077869978,A_BTC,0.75
2022-06-14,33539.40298507463,22471.4,42.46146671593405,477084.3015802202,1655184180000,23424.2,0.3015916231298451,A_BTC,0.75
2022-06-19,28298.05970149254,18959.7,50.31171506880436,476947.512095005,1655822760000,21740.0,0.23174944751235524,A_BTC,0.75
2022-06-24,31487.462686567167,21096.6,45.228408400362675,477082.8203295456,1656245520000,21888.0,0.3048661869685163,A_BTC,0.75
2022-07-01,29736.26865671642,19923.3,47.912054341828856,477283.1161342794,1658159760000,22800.0,0.23325955037569082,A_BTC,0.75
2022-07-19,33467.9104477612,22423.5,42.66199803510447,478315.6564700825,1659186480000,24700.0,0.26197961959551375,A_BTC,0.75
2022-08-01,34761.34328358209,23290.1,41.16872032994183,479411.806678189,1660533360000,25200.0,0.2750567837836678,A_BTC,0.75
2022-08-20,31082.08955223881,20825.0,46.1133581787209,480155.34203593136,1661357400000,21925.6,0.29459054021608655,A_BTC,0.75
2022-09-01,29912.537313432844,20041.4,47.88975592493278,479888.87719697395,1663013400000,22474.0,0.24867624018282175,A_BTC,0.75
2022-09-13,33411.94029850747,22386.0,42.93224091568181,480540.5725692265,1663072200000,22850.0,0.3161127490395785,A_BTC,0.75
2022-09-16,29389.253731343288,19690.8,48.81169785305866,480570.6900425037,1664281200000,20375.0,0.30671938164015694,A_BTC,0.75
2022-10-01,28972.537313432837,19411.6,49.57209927096964,481136.8811041771,1667038920000,21088.0,0.2721383090523192,A_BTC,0.75
2022-11-01,30570.29850746269,20482.1,47.15508953227798,482917.6296545353,1667618520000,21473.7,0.29756328696764495,A_BTC,0.75
2022-11-10,23738.805970149257,15905.0,60.67692185952555,482533.22108787694,1668113640000,18230.0,0.2320591009116631,A_BTC,0.75
2022-11-11,26250.74626865672,17588.0,54.84013851782653,482264.1781257665,1668129420000,17678.0,0.32657152604048223,A_BTC,0.75
2022-11-22,23541.641791044778,15772.9,61.110316158335635,481943.45286690607,1669849080000,17248.3,0.2673280753697799,A_BTC,0.75
2022-12-01,25602.08955223881,17153.4,56.23009980418241,482268.6969905313,1671044220000,18400.0,0.2813086618396354,A_BTC,0.75
2023-01-01,24682.835820895525,16537.5,58.49041609884363,483642.62811731326,1673557200000,19120.0,0.2253726379440666,A_BTC,0.75
2023-01-13,28116.567164179105,18838.1,51.42450395010167,484369.9739312051,1673656800000,21544.0,0.23376136659217225,A_BTC,0.75
2023-01-15,31287.761194029856,20962.8,46.21298616043245,484376.7931419567,1675021680000,23962.7,0.23411905852271653,A_BTC,0.75
2023-01-30,35433.13432835822,23740.2,40.96543054801271,486263.7571479657,1675037400000,23804.6,0.32818249214412704,A_BTC,0.75
2023-02-01,34506.71641791045,23119.5,42.085402936022625,486496.7365896875,1676968140000,25347.6,0.26542996172062555,A_BTC,0.75
2023-03-01,34521.94029850746,23129.7,42.295051665344594,489135.92825196043,1677660840000,24022.7,0.3041323925515679,A_BTC,0.75
2023-03-10,30370.74626865672,20348.4,48.10842082637767,489464.6951717317,1678721520000,24517.2,0.19273633307778504,A_BTC,0.75
2023-03-14,35999.25373134329,24119.5,40.5748817759115,489322.9304970487,1679093280000,27763.4,0.2287784572648688,A_BTC,0.75
2023-03-18,40871.49253731343,27383.9,35.79155486099125,490056.1795789491,1680144000000,29184.8,0.2859375034235445,A_BTC,0.75
2023-04-01,42469.850746268654,28454.8,34.49623438044281,490791.725024312,1681455180000,31059.0,0.26868120668569095,A_BTC,0.75
2023-05-01,43616.417910447766,29223.0,33.69604390767001,492349.74555692036,1683333420000,29840.0,0.3158539506553058,A_BTC,0.75
2023-05-25,39274.4776119403,26313.9,37.52063528758206,493657.1224469528,1685319840000,28442.0,0.27581468349427496,A_BTC,0.75
2023-06-01,40598.65671641791,27201.1,36.33529730000429,494180.0276935733,1687535580000,31500.0,0.2241122601659491,A_BTC,0.75
2023-06-24,45781.34328358209,30673.5,32.32212486063395,495716.3484563277,1688100480000,31300.0,0.31631538624545624,A_BTC,0.75
2023-07-01,45462.98507462688,30460.2,32.59390539665335,496408.43858157017,1689276720000,31850.0,0.29943007596798465,A_BTC,0.75
2023-08-01,43613.13432835821,29220.8,34.114102091440074,498420.677196776,1691529660000,30250.0,0.30640160433663693,A_BTC,0.75
2023-08-19,38868.65671641791,26042.0,38.405484158383615,500077.809226313,1693326420000,28168.0,0.27530297212195676,A_BTC,0.75
2023-09-01,38698.507462686575,25928.0,38.59586632560835,500356.81104518665,1695138840000,27480.0,0.28989509410675735,A_BTC,0.75
2023-10-01,40225.373134328365,26951.0,37.14999623181249,500614.77422178915,1697463000000,30720.0,0.2363029201142816,A_BTC,0.75
2023-10-22,44620.000000000015,29895.4,33.51844453493394,501023.6533748321,1698100920000,35981.9,0.19359255939040812,A_BTC,0.75
2023-10-24,49364.17910447762,33074.0,30.290782543615208,500918.6709237647,1698114360000,35300.0,0.2849065731390217,A_BTC,0.75
2023-11-01,51718.507462686575,34651.4,28.959133137682855,501737.25300355186,1701251520000,38500.0,0.25558563290372116,A_BTC,0.75
2023-12-01,56293.88059701493,37716.9,26.828310091654128,505940.3444479548,1701728340000,42440.0,0.24609922872770573,A_BTC,0.75
2023-12-05,62676.26865671642,41993.1,24.110718562213204,506241.9078274376,1702070700000,44779.3,0.2855461730617649,A_BTC,0.75
2024-01-01,63155.223880597034,42314.0,24.21658081381688,512350.2002779237,1704741120000,47312.0,0.25086165335350025,A_BTC,0.75
2024-01-09,70108.35820895522,46972.6,21.88102274164583,513904.2644171164,1704984660000,49027.5,0.3006896573747248,A_BTC,0.75
2024-01-15,62290.89552238806,41734.9,24.662435312425757,514642.13576027885,1706617380000,43888.0,0.29543475604350317,A_BTC,0.75
2024-02-01,63523.13432835822,42560.5,24.28145742220888,516715.48430896056,1707503040000,48230.3,0.24074432866155243,A_BTC,0.75
2024-02-10,70322.53731343285,47116.1,21.968583094318475,517536.97896510933,1708007640000,52859.0,0.2483348579360348,A_BTC,0.75
2024-02-16,77460.2985074627,51898.4,19.959419677534047,517930.9730962665,1709140560000,64300.0,0.16989733787554165,A_BTC,0.75
2024-02-29,93265.5223880597,62487.9,16.678607712447253,521105.58543731633,1709189220000,63762.8,0.3163304255703904,A_BTC,0.75
2024-03-01,91348.20895522389,61203.3,17.045365652102195,521616.31380765315,1709593980000,68600.0,0.2490274217239921,A_BTC,0.75
2024-03-05,101935.07462686567,68296.5,15.357363196175747,524427.0777638084,1710399900000,73881.4,0.2752112040880572,A_BTC,0.75
2024-03-20,92498.65671641791,61974.1,17.122484938206416,530575.2969044491,1711396800000,71228.3,0.22995314171565218,A_BTC,0.75
2024-03-26,104359.10447761197,69920.6,15.209857242086063,531741.1721405014,1711546200000,71888.0,0.3111477876334015,A_BTC,0.75
2024-04-01,106511.94029850748,71363.0,14.961525676713192,533849.6784336418,1712578320000,72890.4,0.31565982371817347,A_BTC,0.75
2024-04-14,95432.38805970151,63939.7,16.76856663828343,536088.5601409256,1713827520000,67222.0,0.2956060162934766,A_BTC,0.75
2024-05-01,90524.17910447762,60651.2,17.71548358091529,537232.6688814047,1715959980000,67400.6,0.25544091460680085,A_BTC,0.75
2024-05-18,99970.14925373135,66980.0,16.073618389826247,538305.479875281,1716250680000,72132.8,0.27845661391460136,A_BTC,0.75
2024-06-01,100862.53731343284,67577.9,15.965724990769683,539465.0834268673,1717763400000,72144.0,0.28472947516865726,A_BTC,0.75
2024-06-25,89960.44776119404,60273.5,17.999223813136624,542438.1082505451,1719788580000,63058.4,0.29904306204219105,A_BTC,0.75
2024-07-01,93680.74626865673,62766.1,17.3043334719573,543062.7625671095,1719857940000,63849.0,0.31844052760964925,A_BTC,0.75
2024-07-08,83329.85074626867,55831.0,19.48106110904947,543823.5613896705,1721087880000,64870.7,0.22151906646844957,A_BTC,0.75
2024-07-16,96538.20895522388,64680.6,16.835630712241024,544469.3479230884,1722258360000,70081.0,0.2740594552307801,A_BTC,0.75
2024-08-01,96420.59701492538,64601.8,16.886075104298264,545435.4233364278,1722551160000,65650.0,0.31912887876189217,A_BTC,0.75
2024-08-05,86782.83582089553,58144.5,18.77027637919927,545694.167465176,1724448000000,65000.0,0.25100396426145216,A_BTC,0.75
2024-08-24,95552.23880597015,64020.0,17.041519460946468,545499.0379448964,1724628480000,65175.4,0.3179081849422055,A_BTC,0.75
2024-09-01,87972.98507462688,58941.9,18.51467221810472,545644.9792061533,1727370420000,65800.0,0.2520431136424175,A_BTC,0.75
2024-09-27,97222.53731343284,65139.1,16.7672930662049,546103.1898844137,1727447880000,66450.0,0.3165165008420442,A_BTC,0.75
2024-10-01,94491.04477611941,63309.0,17.25807296478509,546295.6706637896,1730229060000,73660.0,0.22045522753478972,A_BTC,0.75
2024-10-30,108566.41791044777,72739.5,15.087370773694484,548723.903196575,1730322240000,72984.9,0.32773963252428195,A_BTC,0.75
2024-11-01,104958.05970149254,70321.9,15.607970382525101,548791.0662214459,1731277320000,81699.8,0.2215957475551713,A_BTC,0.75
2024-11-11,120014.77611940299,80409.9,13.683152409694909,550130.4584741633,1731366840000,89800.0,0.2517588008441747,A_BTC,0.75
2024-11-12,132431.3432835821,88729.0,12.407368661384949,550446.7069780126,1732216560000,99100.0,0.251687723292272,A_BTC,0.75
2024-11-22,146816.1194029851,98366.8,11.227851660490906,552223.9193585884,1732304220000,99660.0,0.3211917028916261,A_BTC,0.75
2024-12-01,143992.83582089553,96475.2,11.482680016302819,553896.9255544088,1734447420000,108366.8,0.24741533575468103,A_BTC,0.75
2025-01-01,139625.0746268657,93548.8,11.957652693899329,559312.0301655248,1737143520000,105784.0,0.24237104056920045,A_BTC,0.75
2025-01-18,155287.4626865672,104042.6,10.781512266918721,560868.2840910589,1737356160000,110000.0,0.2916363105112715,A_BTC,0.75
2025-02-01,152805.67164179106,102379.8,10.98593027500982,562368.6721847252,1738376160000,102734.9,0.3276761333778735,A_BTC,0.75
2025-02-25,136588.80597014926,91514.5,12.314695678008901,563486.6088125728,1740452580000,92500.0,0.3227849138661087,A_BTC,0.75
2025-03-01,125820.29850746269,84299.6,13.373274405919636,563680.8415546315,1740937620000,94971.0,0.24518538640752746,A_BTC,0.75
2025-03-03,140629.85074626867,94222.0,11.962340901132382,563557.8421932476,1740960000000,94373.4,0.3289234149137145,A_BTC,0.75
2025-03-10,120433.88059701493,80690.7,13.9705991737006,563648.7133726615,1742826000000,88752.0,0.26306451672869363,A_BTC,0.75
2025-04-01,123160.44776119404,82517.5,13.675381229355018,564229.1352966514,1745358540000,94142.5,0.23561093101463332,A_BTC,0.75
2025-04-23,139410.2985074627,93404.9,12.10096788728895,565144.8477077178,1745592900000,95769.6,0.3130378384859895,A_BTC,0.75
2025-05-01,140485.37313432837,94125.2,12.007018133223406,565081.4915966399,1746919500000,105000.1,0.2525905177359517,A_BTC,0.75
2025-05-11,156401.19402985077,104788.8,10.787316375562769,565194.969107786,1747935240000,111959.5,0.2841518845525477,A_BTC,0.75
2025-06-01,156036.71641791047,104544.6,10.84490628974584,566888.1950494815,1749504600000,110653.6,0.29084895824365875,A_BTC,0.75
2025-07-01,159831.79104477615,107087.3,10.607153718670745,567945.7262087049,1752416280000,119655.0,0.25136920998101564,A_BTC,0.75
2025-07-14,177669.10447761195,119038.3,9.556580506944899,568799.5486799295,1752478680000,123300.0,0.3060132747191451,A_BTC,0.75
2025-08-01,172682.53731343284,115697.3,9.870767616894357,571010.5811010557,1755131520000,124545.6,0.27875972905158547,A_BTC,0.75
2025-09-01,161505.07462686568,108208.4,10.599730361601917,573489.9314301824,1758219360000,117875.2,0.2701455339881193,A_BTC,0.75
2025-10-01,170132.3880597015,113988.7,10.097333959451605,575490.9857518706,1759777080000,126208.5,0.2581747576733484,A_BTC,0.75
2025-11-01,163518.20895522388,109557.2,10.5306216570676,576852.7115038432,1762084800000,111216.0,0.3198555640341301,A_BTC,0.75
2025-11-15,141111.79104477612,94544.9,12.221151625586488,577723.7791629559,1763177280000,96800.0,0.3140190533809862,A_BTC,0.75
2025-11-22,127005.37313432837,85093.6,13.589213936498227,578177.5675134028,1764340200000,93080.0,0.2671176210666843,A_BTC,0.75
2025-12-01,134806.71641791047,90320.5,12.806802572287458,578358.4058651447,1765299900000,94555.0,0.2985883603390151,A_BTC,0.75
2026-01-01,130758.65671641794,87608.3,13.24523256252275,580196.153953631,1768421460000,97932.1,0.2510469099388986,A_BTC,0.75
2026-01-15,144638.80597014926,96908.0,11.99073983780133,580999.3081008256,1768470900000,97155.0,0.32829229784950675,A_BTC,0.75
2026-01-26,129296.86567164179,86628.9,13.42741430224202,581601.0654237468,1769622840000,90592.7,0.29934341772780215,A_BTC,0.75
2026-02-01,117472.68656716419,78706.7,14.785155286724061,581845.3908028023,1769904960000,79396.8,0.3241254429419605,A_BTC,0.75
2026-02-06,93832.98507462688,62868.1,18.50385065647053,581650.9667280274,1770419160000,71714.4,0.23572291830037825,A_BTC,0.75
2026-02-07,105290.29850746269,70544.5,16.482906825934855,581389.2102910806,1770591960000,72300.0,0.3133270488840378,A_BTC,0.75
2026-03-01,99905.97014925374,66937.0,17.36914153008209,581319.1132995524,1773704700000,74880.0,0.2504952417945233,A_BTC,0.75
2026-03-17,111711.0447761194,74846.4,15.524041678302845,580959.316535463,1773711300000,75998.9,0.3196832045362235,A_BTC,0.75
2026-03-28,99050.89552238808,66364.1,17.502856928066883,580780.6737299617,1774977300000,68600.0,0.30742675633362027,A_BTC,0.75
2026-04-01,101852.83582089552,68241.4,17.01976924019708,580726.4403139924,1776177120000,76009.0,0.2537370276694206,A_BTC,0.75
2026-04-17,112099.70149253731,75106.8,15.458840578369765,580532.0237757511,1777251660000,79455.0,0.2912113150873156,A_BTC,0.75
2026-05-01,113888.6567164179,76305.4,15.196748964791807,579797.0042290123,1778066520000,82828.7,0.2727221271364805,A_BTC,0.75
2026-06-01,109930.14925373136,73653.2,15.770665826680933,580780.002132848,1780273800000,74070.5,0.3262039531208421,A_BTC,0.75
2026-06-04,95698.05970149254,64117.7,18.12010499625513,580909.7280591937,1781538840000,67255.4,0.29721250138417327,A_BTC,0.75
2026-07-01,87470.74626865672,58605.4,19.841707878338063,581415.6134465768,1784067660000,65130.0,0.2554082047046859,A_BTC,0.75
2026-07-15,97036.71641791046,65014.6,17.927882196126237,582787.0449141344,1784642760000,66924.1,0.31032188154660645,A_BTC,0.75
2021-01-01,1100.268656716418,737.18,894.2991942266475,329629.74,1609717320000,1022.51,0.07067242735831152,B_ETH,0.66
2021-01-04,1463.029850746269,980.23,678.3348843707503,332462.10185337026,1609742280000,1173.94,0.1975966864919459,B_ETH,0.66
2021-01-06,1643.7164179104482,1101.29,608.001660779941,334793.0745001706,1610043360000,1297.15,0.21084319298277487,B_ETH,0.66
2021-01-08,1832.0895522388062,1227.5,548.2907480216263,336513.4465982732,1610265600000,1354.66,0.2605929124236253,B_ETH,0.66
2021-01-12,1622.1492537313434,1086.84,625.7359926309102,340037.4531154892,1610642460000,1249.32,0.2298365904824998,B_ETH,0.66
2021-01-15,1842.5373134328356,1234.5,551.576568024059,340460.6366128504,1611057600000,1444.05,0.2162709599027946,B_ETH,0.66
2021-01-21,2058.5522388059703,1379.23,499.0525476357853,344154.1226378521,1611187260000,1391.0,0.32428238944918547,B_ETH,0.66
2021-01-22,1659.4328358208957,1111.82,619.8924607585043,344604.4178602601,1611345660000,1274.52,0.23195445305894846,B_ETH,0.66
2021-01-23,1842.5970149253733,1234.54,557.7730397336138,344296.56423636776,1611532440000,1401.88,0.23918252952516728,B_ETH,0.66
2021-01-25,2080.940298507463,1394.23,495.51115113475646,345428.25612330576,1611535980000,1481.46,0.2880814499759725,B_ETH,0.66
2021-01-28,1848.582089552239,1238.55,559.0974454329124,346235.07052046683,1611928860000,1443.0,0.219401719752937,B_ETH,0.66
2021-01-30,2062.8955223880603,1382.14,502.390721930144,347187.15620426467,1611965220000,1409.35,0.3168098021908058,B_ETH,0.66
2021-02-01,1959.8358208955224,1313.09,530.7873458750485,348485.7779975337,1612305240000,1551.5,0.2083520550761943,B_ETH,0.66
2021-02-03,2262.9850746268658,1516.2,461.5039370444772,349866.1346734182,1612541280000,1767.19,0.2190889724310777,B_ETH,0.66
2021-02-06,2568.7014925373137,1721.03,410.545980311588,353280.97424782615,1613794020000,2048.0,0.20271000505511244,B_ETH,0.66
2021-02-24,2357.835820895523,1579.75,466.0728212567886,368139.26969020587,1614159540000,1714.04,0.27304522867542347,B_ETH,0.66
2021-03-01,2119.3432835820895,1419.96,519.7247975612088,368994.211772507,1614643080000,1573.42,0.25759077720499163,B_ETH,0.66
2021-03-02,2345.0746268656717,1571.2,470.0880668700641,369301.1853331224,1615247760000,1844.57,0.21342801680244403,B_ETH,0.66
2021-03-09,2738.0149253731347,1834.47,404.8970513291948,371385.746875934,1615666560000,1948.75,0.28826173227144636,B_ETH,0.66
2021-03-24,2491.537313432836,1669.33,452.1637759314099,377405.2780377902,1617225960000,1952.98,0.21615462490939485,B_ETH,0.66
2021-04-01,2870.253731343284,1923.07,395.208231971653,380006.54732886335,1617406200000,2150.0,0.25093730337429226,B_ETH,0.66
2021-04-03,3191.0597014925384,2138.01,356.8674486605982,381493.0869554228,1618441620000,2450.0,0.23222997086075395,B_ETH,0.66
2021-04-15,3636.9253731343288,2436.74,319.62051866588155,389416.0513269501,1618534260000,2553.0,0.29803343811814154,B_ETH,0.66
2021-04-20,3228.000000000001,2162.76,362.34461990032986,391832.22506781877,1619108940000,2645.63,0.18041201982651817,B_ETH,0.66
2021-04-23,3580.89552238806,2399.2,327.0240917665913,392298.1004832029,1619539320000,2683.42,0.250628792930977,B_ETH,0.66
2021-04-28,3982.507462686568,2668.28,294.40485269006234,392777.2901679198,1619774820000,2803.55,0.2960339619530185,B_ETH,0.66
2021-05-01,4139.044776119404,2773.16,283.6764722930847,393340.1229521454,1620084900000,3459.8,0.16410665089645035,B_ETH,0.66
2021-05-04,5124.925373134329,3433.7,229.51506195507508,394042.93411757064,1620511860000,3964.83,0.22636336896059653,B_ETH,0.66
2021-05-09,5843.20895522388,3914.95,202.37103473027898,396136.24120865285,1620829860000,4379.18,0.25055221650340354,B_ETH,0.66
2021-05-18,4900.34328358209,3283.23,242.88619960705103,398725.6285679291,1621338840000,3570.27,0.2714245118374285,B_ETH,0.66
2021-05-20,3647.7910447761196,2444.02,325.325855784462,397551.4490271704,1621517280000,2990.85,0.18009283884747268,B_ETH,0.66
2021-05-21,4131.970149253732,2768.42,287.5795808451702,398070.5316016931,1621561320000,2940.0,0.2884750146292833,B_ETH,0.66
2021-05-22,3628.7164179104475,2431.24,327.4977088038041,398112.76477608026,1621690440000,2489.65,0.3139033990885309,B_ETH,0.66
2021-05-24,3129.283582089553,2096.62,379.8711021161356,398222.6750593661,1621886460000,2675.0,0.1451717526304244,B_ETH,0.66
2021-05-25,3954.4626865671644,2649.49,300.43994805825633,398006.31899043475,1622016180000,2913.0,0.26336389267368443,B_ETH,0.66
2021-05-30,3399.9850746268658,2277.99,349.9228617249304,398560.3898903871,1622504760000,2721.51,0.19955236853541933,B_ETH,0.66
2021-06-01,4039.4925373134342,2706.46,294.50304426918456,398530.35459638864,1622715000000,2892.23,0.28401155014299145,B_ETH,0.66
2021-06-12,3513.8059701492543,2354.25,339.23433129923035,399321.2122306065,1623732840000,2639.99,0.24868076882234277,B_ETH,0.66
2021-06-22,2813.0597014925374,1884.75,424.13257991678904,399691.93999908405,1624908720000,2146.91,0.2368061016049875,B_ETH,0.66
2021-06-29,3109.776119402986,2083.55,383.6108468088583,399636.1899342984,1625089140000,2290.0,0.2636125842912339,B_ETH,0.66
2021-07-01,3395.507462686567,2274.99,351.4091482869549,399726.1491306698,1625644200000,2410.0,0.2902386384115974,B_ETH,0.66
2021-07-13,3031.0149253731347,2030.78,394.1790048166576,400245.41970078595,1626170400000,2048.97,0.3239987098553267,B_ETH,0.66
2021-07-20,2714.029850746269,1818.4,440.32291860940603,400341.597599672,1626969720000,2046.0,0.24613946326440836,B_ETH,0.66
2021-07-23,3020.89552238806,2024.0,395.5660024414673,400312.7944707649,1627327380000,2433.53,0.19443423913043476,B_ETH,0.66
2021-07-28,3429.9253731343297,2298.05,348.7643468820473,400738.9536761444,1627774380000,2553.8,0.25543569548095146,B_ETH,0.66
2021-08-01,3776.671641791045,2530.37,316.8999571342451,400937.07226688985,1628199360000,2845.9,0.24645289028877207,B_ETH,0.66
2021-08-06,4219.119402985076,2826.81,283.84769779789747,401191.75530603726,1628339220000,3176.0,0.2472362840091837,B_ETH,0.66
2021-08-08,4721.2835820895525,3163.26,253.57516780723037,401062.0926589498,1630418520000,3478.0,0.2633359255957462,B_ETH,0.66
2021-09-01,5120.134328358209,3430.49,235.94218810502434,404698.65843620244,1630540680000,3849.0,0.24826191010613646,B_ETH,0.66
2021-09-02,5718.537313432836,3831.42,211.3001806875093,404789.86914486845,1630679640000,4036.44,0.29414817482813155,B_ETH,0.66
2021-09-08,5126.865671641792,3435.0,237.25817403346252,407490.9139024719,1631766240000,3678.0,0.28260262008733633,B_ETH,0.66
2021-09-21,4445.2835820895525,2978.34,274.24123050239336,408391.81322724913,1632418260000,3173.99,0.2859870599058537,B_ETH,0.66
2021-10-01,4476.791044776119,2999.45,272.65900999082766,408913.53375849396,1633123680000,3331.56,0.2558151661137874,B_ETH,0.66
2021-10-02,4938.194029850747,3308.59,247.21658997771647,408969.1687171865,1634224860000,3830.0,0.2244128163356597,B_ETH,0.66
2021-10-15,5662.955223880598,3794.18,216.28034700058836,410303.28349134617,1634815740000,4389.6,0.22485701785366016,B_ETH,0.66
2021-10-26,6304.671641791045,4224.13,195.88128985526538,413714.01645816106,1635523620000,4467.89,0.29133660659117966,B_ETH,0.66
2021-11-01,6401.298507462688,4288.87,193.55730826562305,415071.06635059137,1636415280000,4830.66,0.24536248475705738,B_ETH,0.66
2021-11-09,7185.268656716418,4814.13,173.0652667177155,416579.34623187786,1636553820000,4877.54,0.32117499942876493,B_ETH,0.66
2021-11-17,6282.716417910448,4209.42,198.47842007030295,417739.5155061673,1638285360000,4757.8,0.24271609865492164,B_ETH,0.66
2021-12-01,6912.582089552241,4631.43,180.93718807553952,418998.96048434806,1638344760000,4783.19,0.30804583033749866,B_ETH,0.66
2021-12-05,6142.970149253732,4115.79,203.80741673942407,419414.2638709771,1639008360000,4490.97,0.2689253096003441,B_ETH,0.66
2021-12-30,5415.656716417911,3628.49,232.11794811049396,421118.8267697231,1640940360000,3814.95,0.2955701958666003,B_ETH,0.66
2022-01-01,5486.58208955224,3676.01,229.12581479150253,421134.39321585564,1641307800000,3893.19,0.29041615773624135,B_ETH,0.66
2022-01-08,4771.014925373134,3196.58,263.8199589394789,421660.80217337975,1642022640000,3411.0,0.2850577805029125,B_ETH,0.66
2022-01-22,3831.208955223881,2566.91,328.7009098469367,421872.82624760014,1643224140000,2720.06,0.290025672890752,B_ETH,0.66
2022-02-01,4007.9701492537315,2685.34,314.0904469078952,421719.8203498237,1644019140000,2995.0,0.2527389455338989,B_ETH,0.66
2022-02-05,4468.119402985075,2993.64,281.6817911950029,421626.9386965042,1644492780000,3282.96,0.26524792560227684,B_ETH,0.66
2022-02-21,3911.522388059702,2620.72,322.1312130716452,422107.856360561,1646087760000,2966.0,0.24172746420830923,B_ETH,0.66
2022-03-01,4358.283582089553,2920.05,289.21335749658397,422258.73227895005,1646193960000,3046.46,0.3009954624064658,B_ETH,0.66
2022-03-05,3910.8208955223886,2620.25,322.55540032897494,422587.8938559983,1647633720000,2984.72,0.23680473237286534,B_ETH,0.66
2022-03-19,4385.119402985075,2938.03,287.9774307076031,423043.1653709296,1648425540000,3299.33,0.24760771673536355,B_ETH,0.66
2022-03-28,4917.925373134329,3295.01,257.10909470596204,423588.519073546,1648555860000,3480.0,0.2923845451151894,B_ETH,0.66
2022-04-01,4897.6567164179105,3281.43,258.3476628744707,423874.8856930872,1649024820000,3580.0,0.2690381937143258,B_ETH,0.66
2022-04-24,4373.552238805971,2930.28,289.5433801592332,424221.588006499,1650933360000,3043.0,0.30422689981844747,B_ETH,0.66
2022-05-01,4067.313432835821,2725.1,311.1107367088974,423903.93430270813,1651691400000,2965.0,0.2710175773366115,B_ETH,0.66
2022-05-10,3324.805970149254,2227.62,380.9302886435465,424283.9647940685,1652187780000,2455.88,0.26134636966807623,B_ETH,0.66
2022-05-13,2925.0597014925374,1959.79,432.47585253190914,423780.9255167551,1652652180000,2174.32,0.2566579072247536,B_ETH,0.66
2022-05-28,2576.940298507463,1726.55,491.4441924307481,424251.48522065405,1653952200000,2013.56,0.21862372940256594,B_ETH,0.66
2022-05-31,2981.89552238806,1997.87,424.8445115899258,424392.0521850825,1653955860000,2016.77,0.32366174976349815,B_ETH,0.66
2022-06-01,2898.0298507462685,1941.68,437.1097256982732,424363.6060969116,1654090260000,1972.77,0.31927202216637135,B_ETH,0.66
2022-06-11,2480.5223880597014,1661.95,511.0915708730451,424704.31810622866,1654908000000,1680.97,0.3223322602966395,B_ETH,0.66
2022-06-13,2140.820895522388,1434.35,591.8945432580291,424491.969061077,1655080440000,1454.58,0.320550353818803,B_ETH,0.66
2022-06-14,1804.5223880597016,1209.03,701.9765911191241,424355.3789803773,1655222520000,1268.9,0.29682224593268985,B_ETH,0.66
2022-06-17,1593.6865671641795,1067.77,794.6175513469149,424234.39140084764,1656109020000,1244.94,0.21883008513069307,B_ETH,0.66
2022-06-25,1827.4925373134329,1224.42,692.5593336562363,423991.7496576844,1656245520000,1280.0,0.299586743111024,B_ETH,0.66
2022-06-30,1640.7910447761194,1099.33,771.2621039674681,423935.7843772783,1656547860000,1106.6,0.32556921033720543,B_ETH,0.66
2022-07-01,1598.3582089552244,1070.9,791.2608344481623,423680.61380526854,1657148700000,1205.45,0.24581987113642753,B_ETH,0.66
2022-07-07,1770.6865671641792,1186.36,714.4666964022226,423807.3549718704,1657243740000,1277.0,0.2788108162783641,B_ETH,0.66
2022-07-13,1549.074626865672,1037.88,816.8985760656436,423921.34706350515,1657827000000,1216.9,0.21443423131768613,B_ETH,0.66
2022-07-15,1780.6119402985075,1193.01,710.4175422872243,423767.6160620407,1657988040000,1440.57,0.19096914527120484,B_ETH,0.66
2022-07-17,2022.9552238805975,1355.38,625.346522319258,423791.08471053804,1658188680000,1597.19,0.21046695391698284,B_ETH,0.66
2022-07-19,2358.3880597014927,1580.12,536.537001756205,423896.42360750725,1659040620000,1784.5,0.24333911348505183,B_ETH,0.66
2022-08-01,2503.9253731343288,1677.63,506.23811443586897,424640.12396052346,1660167060000,1886.75,0.2464831339449105,B_ETH,0.66
2022-08-11,2766.0447761194037,1853.25,458.5373339385144,424892.1570607759,1660463580000,2030.0,0.2661000944287065,B_ETH,0.66
2022-08-20,2400.4328358208954,1608.29,528.6716663278521,425128.6771192106,1661438340000,1722.0,0.28262937654278764,B_ETH,0.66
2022-08-29,2128.7910447761196,1426.29,595.4248986471395,424624.28934571426,1661916240000,1621.29,0.23839871274425267,B_ETH,0.66
2022-09-01,2317.970149253731,1553.04,546.7924935100262,424595.30706040555,1662727200000,1746.3,0.2466253283881934,B_ETH,0.66
2022-09-10,2563.4179104477616,1717.49,493.5699918209733,423850.76262630173,1662852720000,1788.98,0.3021114533417954,B_ETH,0.66
2022-09-16,2196.9253731343288,1471.94,571.2329589804513,420410.32082084275,1663289880000,1482.65,0.32512500509531644,B_ETH,0.66
2022-09-21,1973.268656716418,1322.09,635.83969335219,420318.6500919984,1663783200000,1420.0,0.28038181969457454,B_ETH,0.66
2022-10-01,1981.761194029851,1327.78,633.0786657668716,420294.5954159684,1666795380000,1595.0,0.19516034282787817,B_ETH,0.66
2022-10-27,2336.4925373134333,1565.45,537.5636596275798,420764.5154819974,1667065860000,1665.0,0.2873934012584242,B_ETH,0.66
2022-11-01,2346.268656716418,1572.0,535.585451270254,420970.1646984196,1667571780000,1679.4,0.2842251908396946,B_ETH,0.66
2022-11-09,1990.1492537313434,1333.4,631.3923960512594,420949.3104473747,1667953920000,1336.47,0.32845740212989355,B_ETH,0.66
2022-11-10,1644.0746268656717,1101.53,763.5414062399071,420531.8826077224,1668097740000,1350.0,0.17886939075649327,B_ETH,0.66
2022-11-11,1937.761194029851,1298.3,647.4649604984126,420301.8791075445,1668172980000,1309.88,0.32402403142571057,B_ETH,0.66
2022-11-21,1703.7761194029852,1141.53,736.030681566349,420100.5519642172,1669849080000,1312.99,0.22936471227212604,B_ETH,0.66
2022-12-01,1931.4776119402984,1294.09,649.1172268912082,420008.0560738218,1671043200000,1354.4,0.298775201106569,B_ETH,0.66
2022-12-17,1740.582089552239,1166.19,721.1717955660174,420511.6681355669,1671740520000,1239.99,0.28760039101690127,B_ETH,0.66
2023-01-01,1785.2238805970148,1196.1,704.2136088570059,421154.9487769323,1673282220000,1345.0,0.24659309422289102,B_ETH,0.66
2023-01-10,1970.626865671642,1320.32,638.8374439085246,421734.9269706516,1673656800000,1644.92,0.16528084100824048,B_ETH,0.66
2023-01-15,2313.835820895523,1550.27,544.8902252474085,422363.48474715,1674295980000,1682.44,0.2728784018267787,B_ETH,0.66
2023-02-01,2365.701492537314,1585.02,534.9388540805808,423944.3912474011,1676563440000,1744.5,0.262586591967294,B_ETH,0.66
2023-03-01,2395.119402985075,1604.73,530.841717190597,425928.8144136334,1677716520000,1677.74,0.29951717734447547,B_ETH,0.66
2023-03-10,2143.910447761194,1436.42,593.5407748200125,426286.9198834812,1678720140000,1700.0,0.2070564319627964,B_ETH,0.66
2023-03-14,2498.3731343283584,1673.91,509.16108543210146,426144.9162578245,1679584560000,1860.0,0.255515529508755,B_ETH,0.66
2023-04-01,2717.626865671642,1820.81,469.51092884289795,427445.0971732185,1681413120000,2025.0,0.2548645932304854,B_ETH,0.66
2023-04-14,3002.686567164179,2011.8,425.3115006915737,427820.83854565397,1681671600000,2146.1,0.28527338701660204,B_ETH,0.66
2023-05-01,2788.671641791045,1868.41,459.01465015267854,428813.7812458831,1683333360000,2023.66,0.2743283326464749,B_ETH,0.66
2023-06-01,2795.298507462687,1872.85,459.12108712062883,429932.46400693484,1685886900000,1914.53,0.3150892490055265,B_ETH,0.66
2023-06-15,2462.970149253732,1650.19,521.6401991918392,430402.7201521906,1687365000000,1901.6,0.22792405722977377,B_ETH,0.66
2023-06-22,2818.358208955224,1888.3,456.00323805288895,430535.4572076351,1688146860000,1947.31,0.30906227823968657,B_ETH,0.66
2023-07-01,2885.7014925373137,1933.42,445.8606421250845,431017.9413487404,1689296820000,2031.28,0.296087968470379,B_ETH,0.66
2023-08-01,2769.253731343284,1855.4,466.3516701315115,432634.44438100327,1690939980000,1879.27,0.32138034925083553,B_ETH,0.66
2023-08-19,2478.7462686567164,1660.76,522.1840935991515,433611.22764286347,1693326420000,1747.15,0.295147703461066,B_ETH,0.66
2023-09-01,2455.6119402985078,1645.26,526.9875695299655,433515.78432243556,1696088760000,1694.11,0.3101067916317179,B_ETH,0.66
2023-10-01,2492.7910447761196,1670.17,519.7491634659532,434034.73017296556,1698307320000,1872.64,0.24877778908733844,B_ETH,0.66
2023-11-01,2709.940298507463,1815.66,479.6311823259329,435423.5762509517,1699573920000,2134.3,0.21241807386845557,B_ETH,0.66
2023-11-10,3168.537313432836,2122.92,411.21845171206496,436491.9377542885,1699592160000,2139.6,0.3247357413374033,B_ETH,0.66
2023-12-01,3062.34328358209,2051.77,427.67471733855933,438745.0773968679,1701800100000,2311.51,0.24518259843939624,B_ETH,0.66
2023-12-06,3423.8358208955224,2293.97,382.7745388872812,439036.6544856282,1703723580000,2455.52,0.28281607867583275,B_ETH,0.66
2024-01-01,3408.7164179104484,2283.84,388.7655430323155,443939.1488994618,1704928740000,2645.65,0.22385740682359548,B_ETH,0.66
2024-01-11,3859.4179104477616,2585.81,344.4593430764026,445353.2069601963,1705072260000,2719.89,0.295259009749363,B_ETH,0.66
2024-01-23,3454.2238805970155,2314.33,385.8320541291989,446471.3489164145,1706650260000,2392.84,0.30727130530218255,B_ETH,0.66
2024-02-01,3405.9552238805977,2281.99,392.06440703580705,447343.52810582065,1707777600000,2667.74,0.2167424922983889,B_ETH,0.66
2024-02-13,3971.507462686567,2660.91,336.680757698444,447938.59748368326,1708380840000,2988.22,0.24758545009038266,B_ETH,0.66
2024-02-20,4397.835820895523,2946.55,304.4974783116556,448608.5223596044,1709140560000,3502.07,0.203683324566018,B_ETH,0.66
2024-02-29,5055.328358208956,3387.07,266.1073008744742,450662.02778645273,1709206500000,3531.0,0.30152905018201587,B_ETH,0.66
2024-03-01,4989.7910447761205,3343.16,269.89938070623583,451158.4068009297,1709726820000,3906.42,0.21711751755823847,B_ETH,0.66
2024-03-07,5705.0,3822.35,237.38676306333454,453687.64689756837,1710202920000,4098.64,0.2815705521472392,B_ETH,0.66
2024-03-20,4717.89552238806,3160.99,289.6735371626077,457827.5771178157,1710978060000,3539.16,0.24984349839765402,B_ETH,0.66
2024-03-21,5250.44776119403,3517.8,260.41489262547674,458043.75463895104,1711438140000,3684.45,0.2982598499061914,B_ETH,0.66
2024-04-01,5445.9701492537315,3648.8,252.51228281407836,460683.4087660046,1711929900000,3649.67,0.32984024884893665,B_ETH,0.66
2024-04-03,4896.522388059701,3280.67,281.02367387507667,460972.9680858739,1712617140000,3735.31,0.23715042963784835,B_ETH,0.66
2024-04-09,5518.7910447761205,3697.59,249.63281578109797,461519.90165201505,1712629680000,3730.0,0.3241273369951781,B_ETH,0.66
2024-04-13,4833.298507462688,3238.31,285.3551945626464,462034.2900520817,1714330020000,3365.69,0.3036453273466717,B_ETH,0.66
2024-05-01,4496.373134328359,3012.57,307.43953842423286,463091.5651353456,1716247680000,3698.86,0.17736809435133466,B_ETH,0.66
2024-05-21,5469.238805970149,3664.39,253.23236917895213,463971.08064783015,1716824820000,3980.0,0.27229361503551747,B_ETH,0.66
2024-06-01,5618.432835820896,3764.35,247.194593460506,465263.4839465279,1717617660000,3892.06,0.3072694621913478,B_ETH,0.66
2024-06-25,5002.9701492537315,3351.99,278.96265855002036,467540.02091654134,1719538740000,3487.98,0.3028181468321803,B_ETH,0.66
2024-07-01,5129.432835820895,3436.72,272.4426774992399,468154.59930759383,1719799200000,3524.16,0.3129532810354058,B_ETH,0.66
2024-07-05,4566.119402985076,3059.3,306.17746762522415,468344.3633529242,1721083260000,3493.94,0.2348119504461807,B_ETH,0.66
2024-07-16,5196.447761194031,3481.62,269.45834708405675,469075.7851873968,1721609280000,3562.33,0.3144682360510339,B_ETH,0.66
2024-08-01,4823.119402985074,3231.49,290.91914617106573,470051.1558301686,1722471000000,3241.83,0.32785615923304723,B_ETH,0.66
2024-08-04,4331.268656716418,2901.95,324.04495646982747,470181.1307138079,1722738840000,2934.66,0.32244794017815614,B_ETH,0.66
2024-08-06,3609.8507462686566,2418.6,388.6351857629134,469976.53014309116,1723157820000,2723.77,0.24546187877284378,B_ETH,0.66
2024-08-09,4002.3731343283584,2681.59,350.41880455660464,469839.78105547273,1724517420000,2819.35,0.2955804205713775,B_ETH,0.66
2024-09-01,3749.1194029850744,2511.91,374.38027951598355,470204.7839594971,1725310500000,2564.49,0.3159753733214964,B_ETH,0.66
2024-09-07,3318.955223880597,2223.7,423.0666652499456,470386.67175815196,1726770180000,2494.68,0.24835382470657014,B_ETH,0.66
2024-09-20,3678.4328358208963,2464.55,381.86413339736004,470561.6249822319,1727455020000,2727.66,0.2584722565985679,B_ETH,0.66
2024-10-01,3882.8208955223886,2601.49,362.3187251211764,471284.27010774455,1729470180000,2770.0,0.2866011401158568,B_ETH,0.66
2024-11-01,3758.761194029851,2518.37,376.16174126899097,473657.2221797944,1731015120000,2916.56,0.22406350139177333,B_ETH,0.66
2024-11-08,4322.029850746269,2895.76,327.5092550670956,474194.1002265464,1731369120000,3392.06,0.21516969638367836,B_ETH,0.66
2024-11-12,5037.34328358209,3375.02,281.29478923259177,474687.76977789094,1733008140000,3742.18,0.2571123726674214,B_ETH,0.66
2024-12-01,5530.955223880597,3705.74,257.973834158163,477991.9780966355,1734375180000,4109.99,0.2569113591347478,B_ETH,0.66
2024-12-22,4981.507462686568,3337.61,288.402106967683,481286.87811820424,1735122060000,3547.01,0.28796453150607776,B_ETH,0.66
2025-01-01,4979.970149253732,3336.58,288.948944018436,482050.6338165166,1736181180000,3744.28,0.24813203939363074,B_ETH,0.66
2025-01-07,5501.074626865672,3685.72,261.9062193383127,482656.495369803,1736216160000,3700.31,0.3273477909336575,B_ETH,0.66
2025-01-10,4803.3432835820895,3218.24,300.0093583688878,482751.05873854464,1737147600000,3524.85,0.26616737719996025,B_ETH,0.66
2025-02-01,4924.626865671643,3299.5,293.70503133590654,484539.87544641184,1738372020000,3330.82,0.3236401272920141,B_ETH,0.66
2025-02-03,4280.686567164179,2868.06,337.8139417461674,484435.3268822564,1738621800000,2919.34,0.31802061323682207,B_ETH,0.66
2025-02-25,3749.6417910447767,2512.26,386.03380716800615,484908.6461979476,1740521160000,2532.89,0.3244981411159674,B_ETH,0.66
2025-03-01,3338.1940298507466,2236.59,433.6506983922998,484949.4077586169,1740956100000,2550.0,0.23611390554370723,B_ETH,0.66
2025-03-03,3756.89552238806,2517.12,385.3140261741742,484940.8207817687,1740960000000,2522.84,0.3284774663107043,B_ETH,0.66
2025-03-04,3206.2835820895525,2148.21,451.3669358196757,484815.48259859276,1741240620000,2318.99,0.27673584053700534,B_ETH,0.66
2025-03-11,2782.865671641792,1864.52,520.12426199951,484891.0444916632,1742427780000,2069.69,0.25627383991590347,B_ETH,0.66
2025-03-20,3067.4925373134333,2055.22,472.06050898771576,485094.09964086657,1742815080000,2104.24,0.31401952102451336,B_ETH,0.66
2025-03-30,2727.3283582089553,1827.31,531.0858128449476,485229.20833485055,1743433380000,1853.34,0.3204558613481019,B_ETH,0.66
2025-04-01,2718.7910447761196,1821.59,532.797631827487,485269.419080316,1743624960000,1957.97,0.27983799867149034,B_ETH,0.66
2025-04-07,2358.179104477612,1579.98,614.2807052314114,485275.61432576267,1745358540000,1779.02,0.24559589361890655,B_ETH,0.66
2025-04-23,2620.268656716418,1755.58,553.1880039146179,485582.8979562124,1745716440000,1857.0,0.2912940452727873,B_ETH,0.66
2025-05-01,2675.6865671641795,1792.71,541.8455761385817,485685.9913996984,1746739260000,2227.0,0.16769025665054593,B_ETH,0.66
2025-05-09,3293.328358208956,2206.53,440.3534305655732,485826.5275729272,1746919080000,2600.76,0.21029435357778972,B_ETH,0.66
2025-05-11,3853.5820895522393,2581.9,376.4463064975123,485973.3593729635,1748485920000,2788.88,0.2762889345055967,B_ETH,0.66
2025-06-01,3771.7611940298507,2527.08,385.56936476994014,487182.31516141014,1749594720000,2827.0,0.2504827706285515,B_ETH,0.66
2025-06-11,4202.597014925373,2815.74,346.4170074448735,487710.112271414,1749656280000,2879.0,0.3149474028141802,B_ETH,0.66
2025-06-15,3775.6119402985078,2529.66,385.6977047422029,487842.02788908046,1750106700000,2680.0,0.29018128918510794,B_ETH,0.66
2025-06-23,3322.8805970149256,2226.33,438.4596837254895,488077.9738342845,1751238300000,2524.41,0.24029470024659427,B_ETH,0.66
2025-06-30,3730.2238805970155,2499.25,390.6481978611376,488163.75425222405,1751243940000,2523.43,0.32351781534460355,B_ETH,0.66
2025-07-01,3707.9104477611945,2484.3,393.05199306241576,488229.5331824798,1752090840000,2795.73,0.24600929839391386,B_ETH,0.66
2025-07-10,4130.880597014926,2767.69,353.0979057818165,488632.7714266379,1752623820000,3144.48,0.23878700287965787,B_ETH,0.66
2025-07-16,4683.014925373135,3137.62,311.686368077676,488976.69110393885,1752794640000,3524.0,0.24749332296454013,B_ETH,0.66
2025-07-18,5189.044776119404,3476.66,281.3750843423798,489122.75036488904,1753656540000,3878.53,0.252554146796063,B_ETH,0.66
2025-07-28,5778.328358208956,3871.48,253.19829272520644,490126.0631598911,1753681980000,3940.81,0.31800172027235074,B_ETH,0.66
2025-08-01,5517.268656716419,3696.57,265.304471586483,490358.2752662227,1754778240000,4325.24,0.21605412585180336,B_ETH,0.66
2025-08-10,6356.880597014925,4259.11,230.46843336899482,490795.2046231097,1755128460000,4783.62,0.24748940506349917,B_ETH,0.66
2025-08-14,7087.104477611941,4748.36,206.83739070254254,491069.1962581624,1755153540000,4794.0,0.3235601344464194,B_ETH,0.66
2025-08-20,6080.492537313433,4073.93,241.24057365240049,491398.60510986194,1755896760000,4888.49,0.19603716804166987,B_ETH,0.66
2025-08-23,7209.492537313433,4830.36,203.51758678536683,491531.6052522822,1756060140000,4957.67,0.31234133687758264,B_ETH,0.66
2025-09-01,6551.611940298507,4389.58,224.05205964713846,491747.219992943,1757735220000,4768.0,0.2722401687632985,B_ETH,0.66
2025-09-26,5780.746268656718,3873.1,254.27157059105204,492409.61002810183,1759193400000,4246.87,0.26534225813947504,B_ETH,0.66
2025-10-01,6183.208955223881,4142.75,237.81037656002516,492594.4687470221,1759781340000,4734.99,0.23421801943153714,B_ETH,0.66
2025-10-07,6988.686567164181,4682.42,210.52291604393176,492878.3562712135,1759843680000,4754.0,0.31975773211288194,B_ETH,0.66
2025-10-11,5701.492537313434,3820.0,258.31737504534436,493386.18633660773,1760389200000,4293.03,0.24703400523560226,B_ETH,0.66
2025-10-14,6327.910447761195,4239.7,232.38428865536986,492619.8343060858,1760401980000,4262.0,0.3264759299007007,B_ETH,0.66
2025-10-23,5677.522388059702,3803.94,259.1174795601498,492833.6725990181,1761542880000,4253.0,0.2509056399417447,B_ETH,0.66
2025-11-01,5740.925373134329,3846.42,256.4328392075977,493174.20069244393,1762070040000,3917.0,0.31770581475761883,B_ETH,0.66
2025-11-05,4903.402985074627,3285.28,300.3061137304245,493294.8346581445,1762738080000,3658.0,0.25398748356304496,B_ETH,0.66
2025-11-21,4228.298507462687,2832.96,348.77808339219644,494037.1795633784,1764340200000,3099.0,0.2670810742121315,B_ETH,0.66
2025-12-01,4462.716417910448,2990.02,330.6135616593174,494270.5808162961,1765299900000,3397.5,0.2386923833285397,B_ETH,0.66
2025-12-10,4950.000000000001,3316.5,298.3235174497742,494694.9728110881,1765397820000,3446.12,0.30381414141414154,B_ETH,0.66
2025-12-16,4422.76119402985,2963.25,333.9496020232119,494788.07909764134,1766406780000,3077.99,0.30405693073483503,B_ETH,0.66
2026-01-01,4433.432835820896,2970.4,333.52582036790443,495352.5484104117,1767709440000,3308.0,0.25385133315378405,B_ETH,0.66
2026-01-07,4918.597014925374,3295.46,300.80314314373567,495642.3630522276,1768408380000,3403.77,0.30797949299946004,B_ETH,0.66
2026-01-21,4385.447761194031,2938.25,337.82636335446426,496309.15606312733,1769025360000,3069.34,0.3001079554156387,B_ETH,0.66
2026-02-01,3657.2835820895525,2450.38,405.1606693647279,496398.80049897096,1769904960000,2474.98,0.32327369632465175,B_ETH,0.66
2026-02-05,3204.4925373134333,2147.01,462.12648589887084,496095.0932448674,1770255000000,2173.0,0.32188951146012373,B_ETH,0.66
2026-02-06,2723.7910447761196,1824.94,543.5962767676535,496015.2946621808,1770410100000,2095.1,0.2308147117165497,B_ETH,0.66
2026-02-07,3078.4328358208963,2062.55,480.7574094988021,495793.0974808771,1770592020000,2152.0,0.300943007442244,B_ETH,0.66
2026-02-25,2762.835820895523,1851.1,535.0166605956143,495184.6702142708,1772055360000,2149.95,0.22183215385446511,B_ETH,0.66
2026-02-26,3069.4179104477616,2056.51,481.5706085140996,495177.3860576655,1772080620000,2083.09,0.3213403776300626,B_ETH,0.66
2026-03-01,2930.567164179105,1963.48,504.28356992352803,495075.35193672444,1773412020000,2209.49,0.24605379224641985,B_ETH,0.66
2026-03-16,3250.34328358209,2177.73,454.4000030486729,494780.2593195932,1773698820000,2385.78,0.2659913763414198,B_ETH,0.66
2026-04-01,3141.0149253731347,2104.48,470.1371912520869,494697.1581230959,1776122940000,2395.85,0.2372369896601537,B_ETH,0.66
2026-04-14,3535.5223880597023,2368.8,417.62696753665324,494637.38035041216,1776443940000,2463.86,0.3031128841607566,B_ETH,0.66
2026-05-01,3367.910447761195,2256.5,437.9578021371604,494125.89026125125,1778066520000,2422.52,0.28070534012851783,B_ETH,0.66
2026-05-28,3020.44776119403,2023.7,489.03414724103396,494829.2018858402,1780068960000,2046.0,0.32261698868409355,B_ETH,0.66
2026-06-01,2994.4776119402986,2006.3,493.4599974500732,495014.3964420409,1780273800000,2020.9,0.3251243582714449,B_ETH,0.66
2026-06-05,2641.5671641791046,1769.85,559.541726402887,495152.46223707474,1780619520000,1774.34,0.32830025143373737,B_ETH,0.66
2026-06-06,2361.716417910448,1582.35,625.7490378554655,495076.9950252979,1781538840000,1848.78,0.21718797990330843,B_ETH,0.66
2026-06-16,2679.3283582089557,1795.15,551.2580064622862,494795.40515038656,1781613240000,1839.54,0.3134324151185139,B_ETH,0.66
2026-06-26,2338.7761194029854,1566.98,631.5522402541933,494814.8647167579,1782755160000,1637.2,0.29997574953094497,B_ETH,0.66
2026-07-01,2345.492537313433,1571.48,629.7493496079051,494819.2539609153,1783113180000,1775.5,0.2430161376536768,B_ETH,0.66
2026-07-04,2623.0000000000005,1757.41,563.3584242186482,495025.8641530473,1785107340000,1966.97,0.25010674799847515,B_ETH,0.66
2026-07-27,2916.119402985075,1953.8,507.5419463788735,495817.7274175215,1785132360000,1982.0,0.32032961408537214,B_ETH,0.66
2021-01-01,1100.268656716418,737.18,1016.0934235871837,374521.875,1609717320000,1022.51,0.07067242735831152,B_ETH,0.75
2021-01-04,1463.0298507462687,980.23,771.6135800421889,378179.3897823774,1609742280000,1173.94,0.19759668649194576,B_ETH,0.75
2021-01-06,1643.716417910448,1101.29,692.2662264535708,381192.93626552646,1610043360000,1297.15,0.2108431929827748,B_ETH,0.75
2021-01-08,1832.089552238806,1227.5,624.7155967485378,383419.19750441506,1610265600000,1354.66,0.2605929124236252,B_ETH,0.75
2021-01-12,1622.1492537313434,1086.84,713.9619949751931,387981.22730941937,1610642460000,1249.32,0.2298365904824998,B_ETH,0.75
2021-01-15,1842.537313432836,1234.5,629.453244522405,388530.01518145454,1611057600000,1444.05,0.2162709599027948,B_ETH,0.75
2021-01-21,2058.552238805971,1379.23,570.3479343343992,393320.49073601665,1611187260000,1391.0,0.32428238944918564,B_ETH,0.75
2021-01-22,1659.4328358208954,1111.82,708.5772651665627,393905.18747874384,1611345660000,1274.52,0.23195445305894835,B_ETH,0.75
2021-01-23,1842.5970149253733,1234.54,637.4929160384863,393505.25228307646,1611532440000,1401.88,0.23918252952516728,B_ETH,0.75
2021-01-25,2080.940298507463,1394.23,566.5855765539619,394975.30419941514,1611535980000,1481.46,0.2880814499759725,B_ETH,0.75
2021-01-28,1848.582089552239,1238.55,639.4953407843764,396023.4771642447,1611928860000,1443.0,0.219401719752937,B_ETH,0.75
2021-01-30,2062.89552238806,1382.14,574.8493924303738,397261.16962685843,1611965220000,1409.35,0.3168098021908056,B_ETH,0.75
2021-02-01,1959.8358208955224,1313.09,607.6498206502802,398949.45149883814,1612305240000,1551.5,0.2083520550761943,B_ETH,0.75
2021-02-03,2262.985074626866,1516.2,528.6182162141955,400745.46971198166,1612541280000,1767.19,0.21908897243107786,B_ETH,0.75
2021-02-06,2568.7014925373132,1721.03,470.87032915931457,405190.98129652755,1613794020000,2048.0,0.20271000505511227,B_ETH,0.75
2021-02-24,2357.835820895523,1579.75,537.4943887584958,424553.3803206169,1614159540000,1714.04,0.27304522867542347,B_ETH,0.75
2021-03-01,2119.3432835820904,1419.96,599.5571749958104,425673.60310352553,1614643080000,1573.42,0.25759077720499196,B_ETH,0.75
2021-03-02,2345.0746268656717,1571.2,542.3575479221527,426076.08964764315,1615247760000,1844.57,0.21342801680244403,B_ETH,0.75
2021-03-09,2738.0149253731342,1834.47,467.5023458391539,428809.51418577635,1615666560000,1948.75,0.28826173227144625,B_ETH,0.75
2021-03-24,2491.537313432836,1669.33,523.2115089244847,436706.334096455,1617225960000,1952.98,0.21615462490939485,B_ETH,0.75
2021-04-01,2870.253731343284,1923.07,457.7340679198161,440127.32699728035,1617406200000,2150.0,0.25093730337429226,B_ETH,0.75
2021-04-03,3191.059701492538,2138.01,413.54730903398894,442084.1410938794,1618441620000,2450.0,0.23222997086075384,B_ETH,0.75
2021-04-15,3636.9253731343283,2436.74,371.4135164597793,452519.08604910126,1618534260000,2553.0,0.2980334381181414,B_ETH,0.75
2021-04-20,3228.0000000000005,2162.76,421.4144512938991,455709.15934019664,1619108940000,2645.63,0.18041201982651806,B_ETH,0.75
2021-04-23,3580.89552238806,2399.2,380.39760840995007,456324.97104857606,1619539320000,2683.42,0.250628792930977,B_ETH,0.75
2021-04-28,3982.5074626865685,2668.28,342.5116440288864,456958.48476469854,1619774820000,2803.55,0.2960339619530186,B_ETH,0.75
2021-05-01,4139.044776119404,2773.16,330.0946896415169,457702.69476313447,1620084900000,3459.8,0.16410665089645035,B_ETH,0.75
2021-05-04,5124.925373134329,3433.7,267.1358538578651,458632.1906958756,1620511860000,3964.83,0.22636336896059653,B_ETH,0.75
2021-05-09,5843.208955223881,3914.95,235.71248510535267,461401.2967816002,1620829860000,4379.18,0.25055221650340365,B_ETH,0.75
2021-05-18,4900.3432835820895,3283.23,283.1528886990429,464828.02938167925,1621338840000,3570.27,0.2714245118374284,B_ETH,0.75
2021-05-20,3647.79104477612,2444.02,379.10716321065235,463272.7445150493,1621517280000,2990.85,0.1800928388474728,B_ETH,0.75
2021-05-21,4131.970149253732,2768.42,335.1805304225982,463960.2420162647,1621561320000,2940.0,0.2884750146292833,B_ETH,0.75
2021-05-22,3628.7164179104475,2431.24,381.7115204276445,464016.1584622531,1621690440000,2489.65,0.3139033990885309,B_ETH,0.75
2021-05-24,3129.2835820895525,2096.62,442.7714104642299,464161.69730375684,1621886460000,2675.0,0.14517175263042428,B_ETH,0.75
2021-05-25,3954.4626865671644,2649.49,350.1618107767174,463875.10801740247,1622016180000,2913.0,0.26336389267368443,B_ETH,0.75
2021-05-30,3399.9850746268658,2277.99,407.9111936879367,464608.8100545914,1622504760000,2721.51,0.19955236853541933,B_ETH,0.75
2021-06-01,4039.4925373134333,2706.46,343.30382409545075,464569.03388068685,1622715000000,2892.23,0.2840115501429913,B_ETH,0.75
2021-06-12,3513.8059701492543,2354.25,395.5539839204228,465616.4833223277,1623732840000,2639.99,0.24868076882234277,B_ETH,0.75
2021-06-22,2813.059701492538,1884.75,494.60948415104195,466107.61262683815,1624908720000,2146.91,0.2368061016049876,B_ETH,0.75
2021-06-29,3109.776119402986,2083.55,447.3458582615184,466033.7314903934,1625089140000,2290.0,0.2636125842912339,B_ETH,0.75
2021-07-01,3395.507462686567,2274.99,409.8066090906501,466152.968807569,1625644200000,2410.0,0.2902386384115974,B_ETH,0.75
2021-07-13,3031.0149253731342,2030.78,459.7652072955218,466840.99383579986,1626170400000,2048.97,0.3239987098553266,B_ETH,0.75
2021-07-20,2714.029850746269,1818.4,513.6036546094749,466968.4427709346,1626969720000,2046.0,0.24613946326440836,B_ETH,0.75
2021-07-23,3020.89552238806,2024.0,461.3935466090671,466930.2691683759,1627327380000,2433.53,0.19443423913043476,B_ETH,0.75
2021-07-28,3429.925373134329,2298.05,406.862539138911,467495.2290340873,1627774380000,2553.8,0.25543569548095135,B_ETH,0.75
2021-08-01,3776.6716417910447,2530.37,369.7150351576548,467757.9167559375,1628199360000,2845.9,0.24645289028877196,B_ETH,0.75
2021-08-06,4219.119402985075,2826.81,331.1829415915245,468095.6255601687,1628339220000,3176.0,0.24723628400918354,B_ETH,0.75
2021-08-08,4721.283582089553,3163.26,295.8490258390025,467923.69473774155,1630418520000,3478.0,0.26333592559574637,B_ETH,0.75
2021-09-01,5120.134328358209,3430.49,275.6141708961719,472745.82855880435,1630540680000,3849.0,0.24826191010613646,B_ETH,0.75
2021-09-02,5718.5373134328365,3831.42,246.83638657048482,472866.9341169435,1630679640000,4036.44,0.29414817482813166,B_ETH,0.75
2021-09-08,5126.865671641792,3435.0,277.41015844347305,476451.947126665,1631766240000,3678.0,0.28260262008733633,B_ETH,0.75
2021-09-21,4445.2835820895525,2978.34,320.748304831653,477648.7531061527,1632418260000,3173.99,0.2859870599058537,B_ETH,0.75
2021-10-01,4476.79104477612,2999.45,318.953317835204,478342.2645904013,1633123680000,3331.56,0.2558151661137876,B_ETH,0.75
2021-10-02,4938.194029850747,3308.59,289.19645004155353,478416.24132149183,1634224860000,3830.0,0.2244128163356597,B_ETH,0.75
2021-10-15,5662.955223880597,3794.18,253.11925332734356,480190.0042947702,1634815740000,4389.6,0.22485701785366005,B_ETH,0.75
2021-10-26,6304.671641791046,4224.13,229.50368924368334,484726.70942246006,1635523620000,4467.89,0.29133660659117977,B_ETH,0.75
2021-11-01,6401.298507462688,4288.87,226.8820393588381,486533.78607247,1636415280000,4830.66,0.24536248475705738,B_ETH,0.75
2021-11-09,7185.268656716418,4814.13,202.96217609100825,488543.1503925028,1636553820000,4877.54,0.32117499942876493,B_ETH,0.75
2021-11-17,6282.716417910448,4209.42,232.85346865845676,490089.0240201405,1638285360000,4757.8,0.24271609865492164,B_ETH,0.75
2021-12-01,6912.58208955224,4631.43,212.36134375503454,491768.34915368987,1638344760000,4783.19,0.30804583033749855,B_ETH,0.75
2021-12-05,6142.970149253732,4115.79,239.23579795122998,492322.1524248464,1639008360000,4490.97,0.2689253096003441,B_ETH,0.75
2021-12-30,5415.656716417911,3628.49,272.617816480726,494595.5104610747,1640940360000,3814.95,0.2955701958666003,B_ETH,0.75
2022-01-01,5486.58208955224,3676.01,269.10497546958044,494616.29043796624,1641307800000,3893.19,0.29041615773624135,B_ETH,0.75
2022-01-08,4771.014925373135,3196.58,309.90542274997387,495318.7381270557,1642022640000,3411.0,0.28505778050291264,B_ETH,0.75
2022-01-22,3831.2089552238804,2566.91,386.1465343313429,495601.70022023364,1643224140000,2720.06,0.2900256728907519,B_ETH,0.75
2022-02-01,4007.970149253732,2685.34,368.96438928428796,495397.41656033497,1644019140000,2995.0,0.252738945533899,B_ETH,0.75
2022-02-05,4468.119402985075,2993.64,330.8837545295693,495273.4214549499,1644492780000,3282.96,0.26524792560227684,B_ETH,0.75
2022-02-21,3911.5223880597014,2620.72,378.4572684505581,495915.26628687326,1646087760000,2966.0,0.24172746420830915,B_ETH,0.75
2022-03-01,4358.2835820895525,2920.05,339.80016560224084,496116.7367834117,1646193960000,3046.46,0.3009954624064657,B_ETH,0.75
2022-03-05,3910.8208955223886,2620.25,379.0143169682079,496556.13201797334,1647633720000,2984.72,0.23680473237286534,B_ETH,0.75
2022-03-19,4385.119402985075,2938.03,338.43367589999315,497164.14640222845,1648425540000,3299.33,0.24760771673536355,B_ETH,0.75
2022-03-28,4917.925373134329,3295.01,302.21005104857244,497892.57015277835,1648555860000,3480.0,0.2923845451151894,B_ETH,0.75
2022-04-01,4897.6567164179105,3281.43,303.693823083432,498275.0109403331,1649024820000,3580.0,0.2690381937143258,B_ETH,0.75
2022-04-24,4373.552238805972,2930.28,340.40300744923235,498738.0623341683,1650933360000,3043.0,0.30422689981844764,B_ETH,0.75
2022-05-01,4067.3134328358215,2725.1,365.7214372581946,498313.74433615303,1651691400000,2965.0,0.2710175773366116,B_ETH,0.75
2022-05-10,3324.8059701492543,2227.62,447.8513451657043,498821.3067590131,1652187780000,2455.88,0.26134636966807634,B_ETH,0.75
2022-05-13,2925.0597014925374,1959.79,508.3701199392728,498149.3386778937,1652652180000,2174.32,0.2566579072247536,B_ETH,0.75
2022-05-28,2576.940298507463,1726.55,577.7739374475337,498777.79585001967,1653952200000,2013.56,0.21862372940256594,B_ETH,0.75
2022-05-31,2981.89552238806,1997.87,499.4975999011335,498965.6349572388,1653955860000,2016.77,0.32366174976349815,B_ETH,0.75
2022-06-01,2898.0298507462685,1941.68,513.9133459848861,498927.6328159668,1654090260000,1972.77,0.31927202216637135,B_ETH,0.75
2022-06-11,2480.522388059702,1661.95,600.9600181601072,499382.7510905951,1654908000000,1680.97,0.3223322602966396,B_ETH,0.75
2022-06-13,2140.820895522388,1434.35,695.9236520461469,499099.04515619535,1655080440000,1454.58,0.320550353818803,B_ETH,0.75
2022-06-14,1804.5223880597016,1209.03,825.3170916018038,498916.5616296644,1655222520000,1268.9,0.29682224593268985,B_ETH,0.75
2022-06-17,1593.6865671641795,1067.77,934.1991856286302,498754.9322193412,1656109020000,1244.94,0.21883008513069307,B_ETH,0.75
2022-06-25,1827.4925373134333,1224.42,814.149937747678,498430.733388506,1656245520000,1280.0,0.2995867431110242,B_ETH,0.75
2022-06-30,1640.7910447761196,1099.33,906.6540028265014,498355.97246362886,1656547860000,1106.6,0.32556921033720554,B_ETH,0.75
2022-07-01,1598.358208955224,1070.9,930.0871288803912,498015.1531590055,1657148700000,1205.45,0.2458198711364273,B_ETH,0.75
2022-07-07,1770.686567164179,1186.36,839.8538091156083,498184.4824911965,1657243740000,1277.0,0.278810816278364,B_ETH,0.75
2022-07-13,1549.074626865672,1037.88,960.2973692216524,498336.71678388433,1657827000000,1216.9,0.21443423131768613,B_ETH,0.75
2022-07-15,1780.6119402985075,1193.01,835.0832594244738,498131.3396629957,1657988040000,1440.57,0.19096914527120484,B_ETH,0.75
2022-07-17,2022.9552238805977,1355.38,735.0893572384881,498162.7065069511,1658188680000,1597.19,0.21046695391698295,B_ETH,0.75
2022-07-19,2358.3880597014927,1580.12,630.7159636962168,498303.45427783305,1659040620000,1784.5,0.24333911348505183,B_ETH,0.75
2022-08-01,2503.9253731343288,1677.63,595.240988755288,499297.0699827669,1660167060000,1886.75,0.2464831339449105,B_ETH,0.75
2022-08-11,2766.044776119403,1853.25,539.1975024834043,499633.8857386845,1660463580000,2030.0,0.26610009442870636,B_ETH,0.75
2022-08-20,2400.432835820896,1608.29,621.7160790432199,499949.87638221006,1661438340000,1722.0,0.2826293765427878,B_ETH,0.75
2022-08-29,2128.7910447761196,1426.29,700.104361736667,499275.92505069537,1661916240000,1621.29,0.23839871274425267,B_ETH,0.75
2022-09-01,2317.9701492537315,1553.04,642.9160913878443,499237.2032844888,1662727200000,1746.3,0.24662532838819354,B_ETH,0.75
2022-09-10,2563.417910447761,1717.49,580.1981409621297,498242.2525605241,1662852720000,1788.98,0.3021114533417953,B_ETH,0.75
2022-09-16,2196.9253731343283,1471.94,670.7435950722173,493647.16366529977,1663289880000,1482.65,0.32512500509531633,B_ETH,0.75
2022-09-21,1973.2686567164178,1322.09,746.5828413012201,493524.854327965,1663783200000,1420.0,0.2803818196945745,B_ETH,0.75
2022-10-01,1981.761194029851,1327.78,743.3351219484637,493492.7541103655,1666795380000,1595.0,0.19516034282787817,B_ETH,0.75
2022-10-27,2336.492537313433,1565.45,631.2815717300499,494119.8682324033,1667065860000,1665.0,0.2873934012584241,B_ETH,0.75
2022-11-01,2346.268656716418,1572.0,629.0004381361337,494394.34437500103,1667571780000,1679.4,0.2842251908396946,B_ETH,0.75
2022-11-09,1990.1492537313436,1333.4,741.5126783322628,494366.50264411967,1667953920000,1336.47,0.3284574021298936,B_ETH,0.75
2022-11-10,1644.0746268656717,1101.53,896.5883646655265,493809.49066500866,1668097740000,1350.0,0.17886939075649327,B_ETH,0.75
2022-11-11,1937.761194029851,1298.3,760.2288378236451,493502.55007321923,1668172980000,1309.88,0.32402403142571057,B_ETH,0.75
2022-11-21,1703.7761194029854,1141.53,864.1629283107721,493233.95377729787,1669849080000,1312.99,0.22936471227212615,B_ETH,0.75
2022-12-01,1931.4776119402986,1294.09,762.0962079170683,493110.5408516995,1671043200000,1354.4,0.2987752011065691,B_ETH,0.75
2022-12-17,1740.582089552239,1166.19,846.8299701059208,493782.3214189119,1671740520000,1239.99,0.28760039101690127,B_ETH,0.75
2023-01-01,1785.223880597015,1196.1,827.0894182482318,494640.826583355,1673282220000,1345.0,0.24659309422289113,B_ETH,0.75
2023-01-10,1970.6268656716418,1320.32,750.4468904547192,495415.0192025874,1673656800000,1644.92,0.1652808410082404,B_ETH,0.75
2023-01-15,2313.8358208955224,1550.27,640.2165074906003,496254.2225337264,1674295980000,1682.44,0.2728784018267785,B_ETH,0.75
2023-02-01,2365.7014925373137,1585.02,628.844203200053,498365.31947807403,1676563440000,1744.5,0.2625865919672939,B_ETH,0.75
2023-03-01,2395.119402985075,1604.73,624.424804999717,501016.60866359796,1677716520000,1677.74,0.29951717734447547,B_ETH,0.75
2023-03-10,2143.910447761194,1436.42,698.2570598973172,501495.20298885216,1678720140000,1700.0,0.2070564319627964,B_ETH,0.75
2023-03-14,2498.3731343283584,1673.91,598.9633287783939,501305.3528377207,1679584560000,1860.0,0.255515529508755,B_ETH,0.75
2023-04-01,2717.6268656716416,1820.81,552.5493517277949,503043.6925597431,1681413120000,2025.0,0.25486459323048527,B_ETH,0.75
2023-04-14,3002.6865671641795,2011.8,500.5927772148546,503546.27460042224,1681671600000,2146.1,0.28527338701660215,B_ETH,0.75
2023-05-01,2788.671641791045,1868.41,540.4318410387958,504874.12805764825,1683333360000,2023.66,0.2743283326464749,B_ETH,0.75
2023-06-01,2795.2985074626868,1872.85,540.7487118206244,506370.6124666282,1685886900000,1914.53,0.3150892490055264,B_ETH,0.75
2023-06-15,2462.970149253732,1650.19,614.4745691431522,506999.8946271692,1687365000000,1901.6,0.22792405722977377,B_ETH,0.75
2023-06-22,2818.358208955224,1888.3,537.1790685814105,507177.6176011388,1688146860000,1947.31,0.30906227823968657,B_ETH,0.75
2023-07-01,2885.7014925373137,1933.42,525.3112083350748,507823.59820960014,1689296820000,2031.28,0.296087968470379,B_ETH,0.75
2023-08-01,2769.253731343284,1855.4,549.7332461069961,509987.5324134604,1690939980000,1879.27,0.32138034925083553,B_ETH,0.75
2023-08-19,2478.746268656717,1660.76,615.737086782994,511295.7621228625,1693326420000,1747.15,0.2951477034610661,B_ETH,0.75
2023-09-01,2455.6119402985078,1645.26,621.3825065732699,511167.89138236904,1696088760000,1694.11,0.3101067916317179,B_ETH,0.75
2023-10-01,2492.7910447761196,1670.17,612.9475927058236,511863.3404547427,1698307320000,1872.64,0.24877778908733844,B_ETH,0.75
2023-11-01,2709.940298507463,1815.66,565.8822330655702,513724.8676439166,1699573920000,2134.3,0.21241807386845557,B_ETH,0.75
2023-11-10,3168.537313432836,2122.92,485.3291411459578,515157.4701607884,1699592160000,2139.6,0.3247357413374033,B_ETH,0.75
2023-12-01,3062.34328358209,2051.77,505.10420588011885,518178.82824932574,1701800100000,2311.51,0.24518259843939624,B_ETH,0.75
2023-12-06,3423.835820895522,2293.97,452.11596093936157,518570.22545803356,1703723580000,2455.52,0.28281607867583264,B_ETH,0.75
2024-01-01,3408.716417910448,2283.84,459.88287227407403,525149.4495072106,1704928740000,2645.65,0.22385740682359537,B_ETH,0.75
2024-01-11,3859.4179104477616,2585.81,407.6483476137841,527050.5868715995,1705072260000,2719.89,0.295259009749363,B_ETH,0.75
2024-01-23,3454.223880597015,2314.33,456.7663630277302,528554.0484729834,1706650260000,2392.84,0.3072713053021825,B_ETH,0.75
2024-02-01,3405.955223880597,2281.99,464.2677608134946,529727.1937493932,1707777600000,2667.74,0.2167424922983887,B_ETH,0.75
2024-02-13,3971.507462686567,2660.91,398.7568776038466,530528.0815924257,1708380840000,2988.22,0.24758545009038266,B_ETH,0.75
2024-02-20,4397.835820895523,2946.55,360.7132889672077,531429.8708031629,1709140560000,3502.07,0.203683324566018,B_ETH,0.75
2024-02-29,5055.328358208955,3387.07,315.43171520868486,534194.6498159402,1709206500000,3531.0,0.3015290501820157,B_ETH,0.75
2024-03-01,4989.79104477612,3343.16,319.9746144153921,534863.1659644812,1709726820000,3906.42,0.21711751755823833,B_ETH,0.75
2024-03-07,5705.0,3822.35,281.64405938652186,538271.0851980359,1710202920000,4098.64,0.2815705521472392,B_ETH,0.75
2024-03-20,4717.89552238806,3160.99,344.1021687935298,543851.7572673298,1710978060000,3539.16,0.24984349839765402,B_ETH,0.75
2024-03-21,5250.447761194031,3517.8,309.3658696030591,544143.6280448206,1711438140000,3684.45,0.2982598499061916,B_ETH,0.75
2024-04-01,5445.9701492537315,3648.8,300.2124691783219,547707.6287689304,1711929900000,3649.67,0.32984024884893665,B_ETH,0.75
2024-04-03,4896.522388059702,3280.67,334.1383071634928,548098.760081028,1712617140000,3735.31,0.2371504296378485,B_ETH,0.75
2024-04-09,5518.7910447761205,3697.59,296.8624812293104,548837.8709843429,1712629680000,3730.0,0.3241273369951781,B_ETH,0.75
2024-04-13,4833.298507462687,3238.31,339.3948540780833,549532.874954799,1714330020000,3365.69,0.3036453273466716,B_ETH,0.75
2024-05-01,4496.373134328359,3012.57,365.77515153966755,550961.6241369281,1716247680000,3698.86,0.17736809435133466,B_ETH,0.75
2024-05-21,5469.23880597015,3664.39,301.3603468476727,552150.9206925717,1716824820000,3980.0,0.2722936150355176,B_ETH,0.75
2024-06-01,5618.432835820896,3764.35,294.28663788574863,553898.9526626089,1717617660000,3892.06,0.3072694621913478,B_ETH,0.75
2024-06-25,5002.9701492537315,3351.99,332.32693226825506,556978.2768469341,1719538740000,3487.98,0.3028181468321803,B_ETH,0.75
2024-07-01,5129.432835820896,3436.72,324.617885091706,557810.3890261839,1719799200000,3524.16,0.31295328103540593,B_ETH,0.75
2024-07-05,4566.119402985076,3059.3,364.8333120902209,558067.2758388064,1721083260000,3493.94,0.2348119504461807,B_ETH,0.75
2024-07-16,5196.44776119403,3481.62,321.14810508087004,559057.8328058294,1721609280000,3562.33,0.31446823605103374,B_ETH,0.75
2024-08-01,4823.119402985075,3231.49,346.8236734591769,560378.6162732978,1722471000000,3241.83,0.32785615923304734,B_ETH,0.75
2024-08-04,4331.268656716418,2901.95,386.3296469102423,560554.6594255888,1722738840000,2934.66,0.32244794017815614,B_ETH,0.75
2024-08-06,3609.850746268657,2418.6,463.3072802815272,560277.4940444508,1723157820000,2723.77,0.24546187877284387,B_ETH,0.75
2024-08-09,4002.373134328359,2681.59,417.7314377670258,560092.2231008394,1724517420000,2819.35,0.29558042057137757,B_ETH,0.75
2024-09-01,3749.119402985075,2511.91,446.34289573176363,560586.5916087872,1725310500000,2564.49,0.3159753733214965,B_ETH,0.75
2024-09-07,3318.9552238805973,2223.7,504.4142300179108,560832.9616454141,1726770180000,2494.68,0.24835382470657025,B_ETH,0.75
2024-09-20,3678.4328358208963,2464.55,455.31236746122687,561070.0476132834,1727455020000,2727.66,0.2584722565985679,B_ETH,0.75
2024-10-01,3882.820895522388,2601.49,432.09802017167584,562049.3392482065,1729470180000,2770.0,0.2866011401158567,B_ETH,0.75
2024-11-01,3758.761194029851,2518.37,448.91315257878523,565264.7080299177,1731015120000,2916.56,0.22406350139177333,B_ETH,0.75
2024-11-08,4322.029850746269,2895.76,390.91148331099436,565992.9184563225,1731369120000,3392.06,0.21516969638367836,B_ETH,0.75
2024-11-12,5037.34328358209,3375.02,335.7980861538828,566662.6283655388,1733008140000,3742.18,0.2571123726674214,B_ETH,0.75
2024-12-01,5530.955223880598,3705.74,308.24916367226183,571145.6278934238,1734375180000,4109.99,0.2569113591347479,B_ETH,0.75
2024-12-22,4981.507462686568,3337.61,344.928752520626,575618.8268501833,1735122060000,3547.01,0.28796453150607776,B_ETH,0.75
2025-01-01,4979.970149253732,3336.58,345.65733819879097,576656.680743661,1736181180000,3744.28,0.24813203939363074,B_ETH,0.75
2025-01-07,5501.074626865672,3685.72,313.36098052800196,577480.4165758337,1736216160000,3700.31,0.3273477909336575,B_ETH,0.75
2025-01-10,4803.3432835820895,3218.24,358.95952601226054,577608.9524968487,1737147600000,3524.85,0.26616737719996025,B_ETH,0.75
2025-02-01,4924.626865671642,3299.5,351.5935727343752,580041.4966185355,1738372020000,3330.82,0.3236401272920139,B_ETH,0.75
2025-02-03,4280.686567164179,2868.06,404.3843449531516,579899.282193168,1738621800000,2919.34,0.31802061323682207,B_ETH,0.75
2025-02-25,3749.6417910447767,2512.26,462.167948294581,580543.0248912721,1740521160000,2532.89,0.3244981411159674,B_ETH,0.75
2025-03-01,3338.194029850747,2236.59,519.1818430732595,580598.4591996107,1740956100000,2550.0,0.23611390554370734,B_ETH,0.75
2025-03-03,3756.89552238806,2517.12,461.3103777888228,580586.7890699008,1740960000000,2522.84,0.3284774663107043,B_ETH,0.75
2025-03-04,3206.2835820895525,2148.21,540.3720093260058,580416.2770771094,1741240620000,2318.99,0.27673584053700534,B_ETH,0.75
2025-03-11,2782.865671641791,1864.52,622.7007959472027,580519.0440297391,1742427780000,2069.69,0.25627383991590325,B_ETH,0.75
2025-03-20,3067.492537313433,2055.22,565.1904406157128,580795.3486811125,1742815080000,2104.24,0.31401952102451325,B_ETH,0.75
2025-03-30,2727.3283582089553,1827.31,635.8845845123852,580979.1300626633,1743433380000,1853.34,0.3204558613481019,B_ETH,0.75
2025-04-01,2718.7910447761196,1821.59,637.9413941944135,581033.8321253009,1743624960000,1957.97,0.27983799867149034,B_ETH,0.75
2025-04-07,2358.1791044776123,1579.98,735.5058230338173,581042.2451384853,1745358540000,1779.02,0.2455958936189067,B_ETH,0.75
2025-04-23,2620.2686567164183,1755.58,662.4140370717062,581460.4176011729,1745716440000,1857.0,0.29129404527278746,B_ETH,0.75
2025-05-01,2675.6865671641795,1792.71,648.850873225147,581600.7244697267,1746739260000,2227.0,0.16769025665054593,B_ETH,0.75
2025-05-09,3293.3283582089557,2206.53,527.3366037439107,581792.0181295257,1746919080000,2600.76,0.2102943535777896,B_ETH,0.75
2025-05-11,3853.5820895522393,2581.9,450.82449441462785,581991.8810645639,1748485920000,2788.88,0.2762889345055967,B_ETH,0.75
2025-06-01,3771.761194029851,2527.08,461.9061350050425,583636.8778242713,1749594720000,2827.0,0.2504827706285516,B_ETH,0.75
2025-06-11,4202.5970149253735,2815.74,415.0635464495714,584355.515139958,1749656280000,2879.0,0.3149474028141803,B_ETH,0.75
2025-06-15,3775.6119402985078,2529.66,462.1451779128306,584535.0853794855,1750106700000,2680.0,0.29018128918510794,B_ETH,0.75
2025-06-23,3322.8805970149256,2226.33,525.3994563767827,584856.2858576613,1751238300000,2524.41,0.24029470024659427,B_ETH,0.75
2025-06-30,3730.2238805970155,2499.25,468.118934685606,584973.1237565004,1751243940000,2523.43,0.32351781534460355,B_ETH,0.75
2025-07-01,3707.910447761195,2484.3,471.008076171408,585062.6818163145,1752090840000,2795.73,0.24600929839391397,B_ETH,0.75
2025-07-10,4130.880597014926,2767.69,423.1773690430565,585611.8862633886,1752623820000,3144.48,0.23878700287965787,B_ETH,0.75
2025-07-16,4683.014925373134,3137.62,373.58275167773974,586080.3566595549,1752794640000,3524.0,0.24749332296454,B_ETH,0.75
2025-07-18,5189.044776119403,3476.66,337.26584500277556,586279.3363436748,1753656540000,3878.53,0.2525541467960628,B_ETH,0.75
2025-07-28,5778.328358208955,3871.48,303.5770067169858,587646.1549823381,1753681980000,3940.81,0.31800172027235063,B_ETH,0.75
2025-08-01,5517.268656716419,3696.57,318.1124568227629,587962.4822586604,1754778240000,4325.24,0.21605412585180336,B_ETH,0.75
2025-08-10,6356.880597014925,4259.11,276.37601758339173,588557.9301247997,1755128460000,4783.62,0.24748940506349917,B_ETH,0.75
2025-08-14,7087.104477611942,4748.36,248.05674965688462,588931.3739003823,1755153540000,4794.0,0.3235601344464195,B_ETH,0.75
2025-08-20,6080.492537313433,4073.93,289.34233756026805,589380.2146284514,1755896760000,4888.49,0.19603716804166987,B_ETH,0.75
2025-08-23,7209.492537313433,4830.36,244.1066652580951,589561.535798046,1756060140000,4957.67,0.31234133687758264,B_ETH,0.75
2025-09-01,6551.611940298509,4389.58,268.75252876303625,589855.3626038244,1757735220000,4768.0,0.27224016876329865,B_ETH,0.75
2025-09-26,5780.746268656717,3873.1,305.0569830534473,590758.1005321534,1759193400000,4246.87,0.26534225813947493,B_ETH,0.75
2025-10-01,6183.208955223881,4142.75,285.32263361818445,591010.1702108668,1759781340000,4734.99,0.23421801943153714,B_ETH,0.75
2025-10-07,6988.68656716418,4682.42,252.60326759927443,591397.2961360973,1759843680000,4754.0,0.3197577321128819,B_ETH,0.75
2025-10-11,5701.492537313434,3820.0,309.99455388670015,592089.5979235973,1760389200000,4293.03,0.24703400523560226,B_ETH,0.75
2025-10-14,6327.910447761194,4239.7,278.8142459076692,591044.3791873725,1760401980000,4262.0,0.32647592990070046,B_ETH,0.75
2025-10-23,5677.522388059702,3803.94,310.90704443087407,591335.8712961896,1761542880000,4253.0,0.2509056399417447,B_ETH,0.75
2025-11-01,5740.92537313433,3846.42,307.7148358010045,591800.2493608498,1762070040000,3917.0,0.31770581475761894,B_ETH,0.75
2025-11-05,4903.402985074627,3285.28,360.37397465184915,591964.7057221135,1762738080000,3658.0,0.25398748356304496,B_ETH,0.75
2025-11-21,4228.298507462687,2832.96,418.62704867158527,592976.8419023271,1764340200000,3099.0,0.2670810742121315,B_ETH,0.75
2025-12-01,4462.716417910448,2990.02,396.8503504212669,593295.2423832982,1765299900000,3397.5,0.2386923833285397,B_ETH,0.75
2025-12-10,4950.0,3316.5,358.13310793623293,593874.2262352583,1765397820000,3446.12,0.3038141414141414,B_ETH,0.75
2025-12-16,4422.761194029851,2963.25,400.91197767996715,594001.2089300813,1766406780000,3077.99,0.3040569307348352,B_ETH,0.75
2026-01-01,4433.432835820897,2970.4,400.4655191393695,594771.3890257917,1767709440000,3308.0,0.2538513331537842,B_ETH,0.75
2026-01-07,4918.5970149253735,3295.46,361.20413873263584,595166.895513926,1768408380000,3403.77,0.3079794929994599,B_ETH,0.75
2026-01-21,4385.44776119403,2938.25,405.7358034385734,596076.6122266941,1769025360000,3069.34,0.30010795541563856,B_ETH,0.75
2026-02-01,3657.2835820895525,2450.38,486.617520834405,596198.9203511047,1769904960000,2474.98,0.32327369632465175,B_ETH,0.75
2026-02-05,3204.492537313433,2147.01,554.989926819672,595784.461390552,1770255000000,2173.0,0.3218895114601236,B_ETH,0.75
2026-02-06,2723.791044776119,1824.94,652.8165949499539,595675.5583939845,1770410100000,2095.1,0.23081471171654955,B_ETH,0.75
2026-02-07,3078.432835820896,2062.55,577.3167179151867,595372.2982679842,1770592020000,2152.0,0.3009430074422439,B_ETH,0.75
2026-02-25,2762.835820895523,1851.1,642.3663264706304,594542.153464892,1772055360000,2149.95,0.22183215385446511,B_ETH,0.75
2026-02-26,3069.417910447762,2056.51,578.1953177980622,594532.2265024466,1772080620000,2083.09,0.32134037763006273,B_ETH,0.75
2026-03-01,2930.567164179105,1963.48,605.4485203369161,594393.030355564,1773412020000,2209.49,0.24605379224641985,B_ETH,0.75
2026-03-16,3250.3432835820895,2177.73,545.5133349621324,593990.3774735422,1773698820000,2385.78,0.26599137634141967,B_ETH,0.75
2026-04-01,3141.0149253731347,2104.48,564.3931257434746,593877.0226323137,1776122940000,2395.85,0.2372369896601537,B_ETH,0.75
2026-04-14,3535.522388059702,2368.8,501.3470757718837,593795.4765442191,1776443940000,2463.86,0.30311288416075655,B_ETH,0.75
2026-05-01,3367.910447761195,2256.5,525.6794331406578,593097.8204409472,1778066520000,2422.52,0.28070534012851783,B_ETH,0.75
2026-05-28,3020.44776119403,2023.7,587.0998272690351,594056.9602221732,1780068960000,2046.0,0.32261698868409355,B_ETH,0.75
2026-06-01,2994.477611940299,2006.3,592.4433733234729,594309.5699494418,1780273800000,2020.9,0.32512435827144504,B_ETH,0.75
2026-06-05,2641.5671641791046,1769.85,671.8059627639277,594497.8915988686,1780619520000,1774.34,0.32830025143373737,B_ETH,0.75
2026-06-06,2361.716417910448,1582.35,751.2812344806506,594394.9306902287,1781538840000,1848.78,0.21718797990330843,B_ETH,0.75
2026-06-16,2679.3283582089553,1795.15,661.7950653901169,594010.7058175341,1781613240000,1839.54,0.3134324151185138,B_ETH,0.75
2026-06-26,2338.7761194029854,1566.98,758.1937666460689,594037.2342295285,1782755160000,1637.2,0.29997574953094497,B_ETH,0.75
2026-07-01,2345.492537313433,1571.48,756.0302688227049,594043.2234247521,1783113180000,1775.5,0.2430161376536768,B_ETH,0.75
2026-07-04,2623.0000000000005,1757.41,676.3648150295621,594325.1447905514,1785107340000,1966.97,0.25010674799847515,B_ETH,0.75
2026-07-27,2916.1194029850753,1953.8,609.4847691716212,595405.6710037568,1785132360000,1982.0,0.32032961408537225,B_ETH,0.75
2025-07-14,73.04179104477613,48.938,13471.320446278964,329629.74,1752469080000,49.89,0.3169663656054601,C_HYPE,0.66
2025-07-24,65.21194029850747,43.692,15185.34131182176,331738.96629805816,1753723800000,46.112,0.29289023162134953,C_HYPE,0.66
2025-08-01,60.943283582089556,40.832,16294.782433275706,332674.27815775684,1754853960000,45.479,0.2537487754702195,C_HYPE,0.66
2025-08-11,67.56268656716419,45.267,14728.606932249359,333359.9250010659,1755230400000,49.555,0.2665330152208012,C_HYPE,0.66
2025-08-22,60.359701492537326,40.441,16537.426405264163,334395.03062764404,1755906180000,45.512,0.2459869933977895,C_HYPE,0.66
2025-08-23,67.6313432835821,45.313,14762.974097843593,334477.3226477934,1756267020000,51.227,0.24255533732041593,C_HYPE,0.66
2025-09-01,66.07910447761196,44.273,15150.294958027856,335374.5043383837,1757338440000,51.928,0.21415399905134086,C_HYPE,0.66
2025-09-09,75.91194029850746,50.861,13209.765833275607,335930.9500231153,1757634900000,57.199,0.24650852322997974,C_HYPE,0.66
2025-09-12,85.1492537313433,57.05,11781.036066495948,336054.0537967969,1758159660000,59.45,0.3018141980718668,C_HYPE,0.66
2025-09-22,75.94626865671643,50.884,13228.878248896635,336569.1204084282,1758499620000,51.324,0.3242064303120825,C_HYPE,0.66
2025-09-24,66.64477611940299,44.652,15100.69042666254,337138.0144656679,1759136820000,48.131,0.2777978589984772,C_HYPE,0.66
2025-10-01,67.47910447761194,45.211,14962.3729338226,338231.9213555268,1759434420000,51.085,0.24295083055008737,C_HYPE,0.66
2025-10-03,75.85373134328358,50.822,13312.749436875622,338290.2759404464,1759651980000,51.486,0.3212463106528669,C_HYPE,0.66
2025-10-08,67.36119402985075,45.132,15030.401606725987,339176.0426573786,1759949400000,47.355,0.296998803509705,C_HYPE,0.66
2025-10-11,56.117910447761204,37.599,18023.787639766622,338838.1957337926,1760397420000,43.633,0.22247639564882055,C_HYPE,0.66
2025-10-14,63.29701492537314,42.409,15991.97803329007,339101.8982068993,1760402040000,43.146,0.3183564809356505,C_HYPE,0.66
2025-10-16,55.78208955223882,37.374,18144.937909149216,339074.4547082714,1761432660000,44.663,0.19933081821587229,C_HYPE,0.66
2025-10-26,65.9865671641791,44.211,15367.27770111879,339701.3572220814,1761814080000,50.181,0.23952704078170597,C_HYPE,0.66
2025-11-01,65.14925373134328,43.65,15585.855452398322,340161.2952485934,1761974520000,44.467,0.3174595647193585,C_HYPE,0.66
2025-11-05,58.17611940298509,38.978,17463.60812686056,340348.25878438546,1762546380000,43.299,0.25572553748268273,C_HYPE,0.66
2025-11-22,50.49104477611941,33.829,20213.060807284393,341893.81702481187,1763794740000,34.517,0.3163738212776021,C_HYPE,0.66
2025-11-23,44.732835820895524,29.971,22805.592129048055,341753.2008498496,1764027120000,34.629,0.2258706749858197,C_HYPE,0.66
2025-11-25,50.30746268656718,33.706,20284.782506640335,341859.4395844096,1764339900000,36.77,0.26909452323028554,C_HYPE,0.66
2025-12-01,47.64925373134329,31.925,21428.89159279301,342058.68204995844,1764816000000,36.162,0.24107940485512938,C_HYPE,0.66
2025-12-10,41.637313432835825,27.897,24571.70932570517,342738.4875295986,1765560300000,30.248,0.2735362225328889,C_HYPE,0.66
2025-12-18,36.516417910447764,24.466,28076.428132633075,343458.94534650043,1767082500000,26.7,0.26882203874764987,C_HYPE,0.66
2026-01-01,37.98059701492538,25.447,27054.975759826706,344233.9840801551,1767743580000,28.394,0.25240774944001276,C_HYPE,0.66
2026-01-07,42.149253731343286,28.24,24411.11282373469,344684.9130711338,1767744180000,28.387,0.3265123937677054,C_HYPE,0.66
2026-01-10,37.42089552238806,25.072,27518.593114273906,344973.0832805377,1768409340000,26.886,0.2815244097000638,C_HYPE,0.66
2026-01-21,31.304477611940303,20.974,32954.37404009846,345592.52055851254,1769296260000,23.75,0.24132258987317642,C_HYPE,0.66
2026-01-25,34.626865671641795,23.2,29824.259968931645,345961.41563960706,1769558160000,31.035,0.10373060344827596,C_HYPE,0.66
2026-01-28,45.979104477611955,30.806,22482.466923870343,346297.4380283749,1769597220000,34.849,0.2420687528403561,C_HYPE,0.66
2026-01-29,51.376119402985076,34.422,20121.91542915218,346318.28645113815,1769695380000,34.567,0.327177677066992,C_HYPE,0.66
2026-01-30,45.929850746268656,30.773,22504.911691213932,346271.82373686315,1769801220000,32.91,0.28347252461573463,C_HYPE,0.66
2026-02-01,46.27014925373135,31.001,22333.58751523466,346181.77327989484,1770091980000,38.414,0.16978871649301638,C_HYPE,0.66
2026-02-05,52.952238805970154,35.478,19546.07321946131,346727.79284002417,1770343320000,36.832,0.30442978747392757,C_HYPE,0.66
2026-02-08,46.85373134328359,31.392,22088.674370334844,346703.8329167757,1770608700000,33.504,0.2849235474006118,C_HYPE,0.66
2026-02-24,39.36119402985075,26.372,26341.274208932697,347336.0417189865,1772322420000,31.371,0.20299673896556966,C_HYPE,0.66
2026-03-01,46.55522388059702,31.192,22255.006612021618,347089.08312108915,1773093120000,35.345,0.24079411387535274,C_HYPE,0.66
2026-03-10,51.7223880597015,34.654,20059.85541924875,347577.1148493231,1773701460000,41.436,0.19887689732786992,C_HYPE,0.66
2026-03-17,60.86567164179105,40.78,17039.20006954182,347429.2894179577,1773856260000,43.781,0.2806947032859246,C_HYPE,0.66
2026-04-01,54.60746268656717,36.587,19043.99877054425,348381.39150895126,1775834640000,42.3,0.22538059966654833,C_HYPE,0.66
2026-04-11,62.04776119402986,41.572,16781.93455306081,348829.29161992203,1776318600000,45.797,0.26190729337053803,C_HYPE,0.66
2026-05-01,59.22537313432836,39.681,17614.43688489478,349479.2350147549,1778015100000,44.6,0.24694438144199993,C_HYPE,0.66
2026-05-06,65.19701492537314,43.682,16008.929023062481,349651.01879270765,1778068920000,44.79,0.313005356897578,C_HYPE,0.66
2026-05-14,57.9402985074627,38.82,18024.3089717643,349851.8371419451,1778787240000,44.76,0.227480680061824,C_HYPE,0.66
2026-05-15,65.84477611940298,44.116,15870.842332508058,350079.04017046274,1779321540000,54.903,0.16617531054492696,C_HYPE,0.66
2026-05-21,81.81044776119406,54.813,12762.37168495305,349771.9395836658,1779649380000,64.656,0.20968529363472185,C_HYPE,0.66
2026-05-25,93.71641791044779,62.79,11155.599052001353,350230.0322375825,1780267920000,73.109,0.21989122471731196,C_HYPE,0.66
2026-06-01,107.57462686567165,72.075,9733.280379694463,350763.0916832392,1780355940000,75.815,0.295233437391606,C_HYPE,0.66
2026-06-05,96.14179104477613,64.415,10905.922843233428,351252.50997344067,1780624260000,65.997,0.31354513700225106,C_HYPE,0.66
2026-06-07,84.31940298507463,56.494,12438.997958138649,351364.3753235424,1780933500000,65.765,0.2200490317555847,C_HYPE,0.66
2026-06-09,95.18656716417911,63.775,11025.03408989149,351560.77454141487,1780963320000,63.989,0.327751783614269,C_HYPE,0.66
2026-06-11,79.5358208955224,53.289,13193.20217233185,351526.275280696,1781221020000,59.6,0.2506521045619172,C_HYPE,0.66
2026-06-12,87.97761194029853,58.945,11928.344989253595,351558.1476957766,1781542920000,68.69,0.21923318347612203,C_HYPE,0.66
2026-06-16,99.78955223880597,66.859,10528.047728002588,351947.37152326247,1781614740000,76.993,0.2284462824750595,C_HYPE,0.66
2026-06-17,109.79850746268657,73.565,9568.71346681627,351961.2030931695,1781713920000,76.639,0.3020032624209883,C_HYPE,0.66
2026-06-24,92.79850746268659,62.175,11330.580752147796,352239.4291323946,1782770640000,67.818,0.2691908323281063,C_HYPE,0.66
2026-07-01,97.08059701492539,65.044,10843.960899131493,352667.2963615544,1783438200000,72.984,0.2482122870672162,C_HYPE,0.66
2026-07-24,85.73731343283583,57.444,12335.64802592361,354304.48260057793,1785127500000,60.456,0.2948694380614164,C_HYPE,0.66
2026-08-01,78.41641791044778,52.539,13495.567519510942,354521.8109537927,1785951420000,57.984,0.2605630103351797,C_HYPE,0.66
2025-07-14,73.04179104477613,48.938,15305.973885324287,374521.875,1752469080000,49.89,0.3169663656054601,C_HYPE,0.75
2025-07-22,66.13283582089552,44.309,17006.4980712389,376770.46151926223,1753228800000,46.313,0.29969735268229925,C_HYPE,0.75
2025-08-01,60.943283582089556,40.832,18538.771025771166,378487.54926214414,1754853960000,45.479,0.2537487754702195,C_HYPE,0.75
2025-08-11,67.56268656716419,45.267,16761.620361701018,379374.13445656,1755230400000,49.555,0.2665330152208012,C_HYPE,0.75
2025-08-22,60.359701492537326,40.441,18828.047698377788,380712.5384850481,1755906180000,45.512,0.2459869933977895,C_HYPE,0.75
2025-08-23,67.6313432835821,45.313,16808.378613462366,380819.0300559101,1756267020000,51.227,0.24255533732041593,C_HYPE,0.75
2025-09-01,66.07910447761195,44.273,17255.647006332743,381979.6299556848,1757338440000,51.928,0.2141539990513407,C_HYPE,0.75
2025-09-09,75.91194029850747,50.861,15048.8565451166,382699.9463705877,1757634900000,57.199,0.24650852322997988,C_HYPE,0.75
2025-09-12,85.1492537313433,57.05,13421.887688558554,382859.34631613275,1758159660000,59.45,0.3018141980718668,C_HYPE,0.75
2025-09-22,75.94626865671643,50.884,15074.524782285891,383526.05951091764,1758499620000,51.324,0.3242064303120825,C_HYPE,0.75
2025-09-24,66.64477611940299,44.652,17211.439635964478,384262.6013125429,1759136820000,48.131,0.2777978589984772,C_HYPE,0.75
2025-10-01,67.47910447761194,45.211,17061.319142492837,385679.64987562184,1759434420000,51.085,0.24295083055008737,C_HYPE,0.75
2025-10-03,75.85373134328358,50.822,15180.641657035998,385755.2851469418,1759651980000,51.486,0.3212463106528669,C_HYPE,0.75
2025-10-08,67.36119402985075,45.132,17145.39049764273,386902.8819698058,1759949400000,47.355,0.296998803509705,C_HYPE,0.75
2025-10-11,56.11791044776119,37.599,20557.195508606408,386464.99696404615,1760397420000,43.633,0.22247639564882035,C_HYPE,0.75
2025-10-14,63.29701492537314,42.409,18241.73363901634,386806.840948522,1760402040000,43.146,0.3183564809356505,C_HYPE,0.75
2025-10-16,55.78208955223881,37.374,20697.34384380903,386771.26440925937,1761432660000,44.663,0.1993308182158721,C_HYPE,0.75
2025-10-26,65.98656716417912,44.211,17533.374125374332,387584.0017284623,1761814080000,50.181,0.23952704078170614,C_HYPE,0.75
2025-11-01,65.14925373134328,43.65,17786.036079393252,388180.23743275774,1761974520000,44.467,0.3174595647193585,C_HYPE,0.75
2025-11-05,58.17611940298508,38.978,19930.35263503184,388422.6425041355,1762546380000,43.299,0.2557255374826826,C_HYPE,0.75
2025-11-22,50.49104477611941,33.829,23082.36851819262,390426.72230096906,1763794740000,34.517,0.3163738212776021,C_HYPE,0.75
2025-11-23,44.732835820895524,29.971,26041.457915699768,390244.26759571885,1764027120000,34.629,0.2258706749858197,C_HYPE,0.75
2025-11-25,50.30746268656717,33.706,23163.95618937554,390382.15365954605,1764339900000,36.77,0.26909452323028543,C_HYPE,0.75
2025-12-01,47.64925373134329,31.925,24472.398326445655,390640.6582858888,1764816000000,36.162,0.24107940485512938,C_HYPE,0.75
2025-12-10,41.63731343283582,27.897,28069.164241187114,391522.73741819843,1765560300000,30.248,0.2735362225328888,C_HYPE,0.75
2025-12-18,36.516417910447764,24.466,32081.89472254569,392457.81814090145,1767082500000,26.7,0.26882203874764987,C_HYPE,0.75
2026-01-01,37.98059701492538,25.447,30924.222722165578,393464.3478054737,1767743580000,28.394,0.25240774944001276,C_HYPE,0.75
2026-01-07,42.149253731343286,28.24,27907.23429897272,394050.1483014948,1767744180000,28.387,0.3265123937677054,C_HYPE,0.75
2026-01-10,37.420895522388065,25.072,31463.34138989786,394424.4476637596,1768409340000,26.886,0.2815244097000639,C_HYPE,0.75
2026-01-21,31.304477611940307,20.974,37687.52947899029,395229.1216461712,1769296260000,23.75,0.2413225898731765,C_HYPE,0.75
2026-01-25,34.626865671641795,23.2,34112.811254686625,395708.61055436486,1769558160000,31.035,0.10373060344827596,C_HYPE,0.75
2026-01-28,45.97910447761195,30.806,25718.720577025233,396145.45304791967,1769597220000,34.849,0.24206875284035598,C_HYPE,0.75
2026-01-29,51.376119402985076,34.422,23018.567655154362,396172.5679128617,1769695380000,34.567,0.327177677066992,C_HYPE,0.75
2026-01-30,45.92985074626866,30.773,25744.13738048866,396112.1698048888,1769801220000,32.91,0.28347252461573474,C_HYPE,0.75
2026-02-01,46.27014925373135,31.001,25547.24645202364,395995.09362959245,1770091980000,38.414,0.16978871649301638,C_HYPE,0.75
2026-02-05,52.95223880597016,35.478,22363.43495212542,396704.97261575283,1770343320000,36.832,0.3044297874739276,C_HYPE,0.75
2026-02-08,46.853731343283584,31.392,25272.287000859655,396673.81676549313,1770608700000,33.504,0.2849235474006117,C_HYPE,0.75
2026-02-24,39.36119402985075,26.372,30145.278507662482,397495.6424020375,1772322420000,31.371,0.20299673896556966,C_HYPE,0.75
2026-03-01,46.55522388059702,31.192,25466.430212198233,397174.44558944367,1773093120000,35.345,0.24079411387535274,C_HYPE,0.75
2026-03-10,51.7223880597015,34.654,22958.917264276963,397809.15943812695,1773701460000,41.436,0.19887689732786992,C_HYPE,0.75
2026-03-17,60.865671641791046,40.78,19500.582797908337,397616.883249351,1773856260000,43.781,0.2806947032859245,C_HYPE,0.75
2026-04-01,54.60746268656718,36.587,21803.094522928524,398854.909655193,1775834640000,42.3,0.22538059966654853,C_HYPE,0.75
2026-04-11,62.04776119402987,41.572,19216.67119105069,399437.72737717966,1776318600000,45.797,0.2619072933705381,C_HYPE,0.75
2026-05-01,59.22537313432836,39.681,20175.062067791867,400283.3189560245,1778015100000,44.6,0.24694438144199993,C_HYPE,0.75
2026-05-06,65.19701492537314,43.682,18337.3905727269,400506.9474989283,1778068920000,44.79,0.313005356897578,C_HYPE,0.75
2026-05-14,57.940298507462686,38.82,20647.516381904512,400768.29297276656,1778787240000,44.76,0.22748068006182381,C_HYPE,0.75
2026-05-15,65.844776119403,44.116,18182.251774680382,401064.10964589985,1779321540000,54.903,0.16617531054492715,C_HYPE,0.75
2026-05-21,81.81044776119404,54.813,14619.315302861984,400664.264847887,1779649380000,64.656,0.20968529363472171,C_HYPE,0.75
2026-05-25,93.71641791044777,62.79,12781.037406839614,401260.66938772966,1780267920000,73.109,0.21989122471731185,C_HYPE,0.75
2026-06-01,107.57462686567166,72.075,11153.792514376788,401954.79773685354,1780355940000,75.815,0.2952334373916061,C_HYPE,0.75
2026-06-05,96.14179104477613,64.415,12499.94618090042,402592.0166213503,1780624260000,65.997,0.31354513700225106,C_HYPE,0.75
2026-06-07,84.31940298507465,56.494,14257.715308843428,402737.6843289003,1780933500000,65.765,0.22004903175558482,C_HYPE,0.75
2026-06-09,95.18656716417911,63.775,12637.978705043888,402993.54595708696,1780963320000,63.989,0.327751783614269,C_HYPE,0.75
2026-06-11,79.53582089552239,53.289,15123.143641510445,402948.60075622506,1781221020000,59.6,0.2506521045619171,C_HYPE,0.75
2026-06-12,87.97761194029852,58.945,13673.42886631248,402990.1322623946,1781542920000,68.69,0.21923318347612192,C_HYPE,0.75
2026-06-16,99.78955223880598,66.859,12070.094597054258,403497.2273322253,1781614740000,76.993,0.2284462824750596,C_HYPE,0.75
2026-06-17,109.79850746268659,73.565,10970.305385478014,403515.25784134504,1781713920000,76.639,0.3020032624209884,C_HYPE,0.75
2026-06-23,98.92686567164182,66.281,12187.953317503341,403914.8669187195,1782770640000,67.818,0.3144632700170489,C_HYPE,0.75
2026-07-01,97.08059701492536,65.044,12435.884002296134,404439.81952267484,1783438200000,72.984,0.248212287067216,C_HYPE,0.75
2026-07-24,85.73731343283585,57.444,14155.45713802561,406573.0399183716,1785127500000,60.456,0.2948694380614165,C_HYPE,0.75
2026-08-01,78.41641791044776,52.539,15487.785720703067,406856.3869900092,1785951420000,57.984,0.2605630103351796,C_HYPE,0.75
