date,nav,basis_pnl,funding_pnl,switch_cost,venue,ret
2023-05-12,1000000.0,0.0,0.0,0.0,,0.0
2023-05-13,999931.2915673791,-68.7084326208664,0.0,0.0,,-6.870843262085691e-05
2023-05-14,999996.3322900737,65.0407226945407,0.0,0.0,,6.50407226945972e-05
2023-05-15,1000075.5548244835,79.22253440973786,0.0,0.0,,7.922253440972418e-05
2023-05-16,999927.3793434578,-148.17548102565706,0.0,0.0,,-0.00014817548102571162
2023-05-17,999915.1536437031,-12.225699754685817,0.0,0.0,,-1.2225699754664675e-05
2023-05-18,1000000.9675418786,18.827577622089844,66.98632055340187,0.0,bybit,8.581389817548916e-05
2023-05-19,1000203.7606213546,47.924743037998354,154.86833643792014,0.0,bybit,0.00020279307947598864
2023-05-20,1000306.5161299238,-42.05640715575272,144.8119157249173,0.0,bybit,0.00010275550856918563
2023-05-21,1000496.30262041,65.04072269445176,124.74576779172745,0.0,bybit,0.0001897864904862363
2023-05-22,1000745.2139551896,52.81502293985489,196.09631183981224,0.0,bybit,0.0002489113347795792
2023-05-23,1000688.0653654307,-144.26325710427858,87.11466734537827,0.0,bybit,-5.7148589758900924e-05
2023-05-24,1000903.065787773,15.404381690816955,199.59604065156316,0.0,bybit,0.00021500042234233116
2023-05-25,1001169.7951289811,131.79304335453995,134.9362978536117,0.0,bybit,0.00026672934120811986
2023-05-26,1001171.3341434674,-73.35419852758119,74.89321301392397,0.0,bybit,1.5390144862467422e-06
2023-05-27,1001374.0482944126,98.53914002211121,104.17501092310702,0.0,bybit,0.00020271415094519035
2023-05-28,1001271.6226228259,-84.35732830673615,-18.068343279866276,0.0,bybit,-0.00010242567158665042
2023-05-29,1000386.4869230535,-84.8463562969307,156.71065652452256,957.0,binance,-0.0008851356997723924
2023-05-30,1000640.0598086832,124.21310950674683,129.3597761229861,0.0,binance,0.000253572885629721
2023-05-31,1000744.5212341553,2.4451399508837914,102.01628552121493,0.0,binance,0.0001044614254720509
2023-06-01,1000763.6594205217,-125.43567948209977,144.57386584850804,0.0,binance,1.913818636641372e-05
2023-06-02,1001003.2451638131,82.40121634595795,157.18452694544226,0.0,binance,0.00023958574329141993
2023-06-03,1001209.0912782367,52.81502293985489,153.03109148379986,0.0,binance,0.00020584611442359165
2023-06-04,1001361.9893673598,-11.492157769349516,164.3902468924494,0.0,binance,0.00015289808912307489
2023-06-05,1001506.3609797651,-37.16612725398514,181.53773965928087,0.0,binance,0.00014437161240528804
2023-06-06,1000725.2753407434,19.561119607426146,156.35324137087883,957.0,bybit,-0.0007810856390217086
2023-06-07,1000798.8109708559,-122.99053953130493,196.52616964380982,0.0,bybit,7.35356301125139e-05
2023-06-08,1001010.6600652382,119.07831560974854,92.77077877262866,0.0,bybit,0.00021184909438237083
2023-06-09,1001060.9155195897,-20.05014759753174,70.30560194899883,0.0,bybit,5.025545435142703e-05
2023-06-10,1001169.4488943274,-73.84322651777573,182.37660125546824,0.0,bybit,0.00010853337473771534
2023-06-11,1000688.9274528358,122.74602553625213,320.73253297222317,924.0,hyperliquid,-0.0004805214414915536
2023-06-12,1001185.9085885544,22.495287548415533,474.48584817014626,0.0,hyperliquid,0.0004969811357185245
2023-06-13,1001596.361932937,-125.68019347724153,536.1335378599246,0.0,hyperliquid,0.0004104533443826949
2023-06-14,1002167.2907344215,142.79617313369494,428.1326283507309,0.0,hyperliquid,0.000570928801484406
2023-06-15,1002497.4048420814,-86.5579542626561,416.67206192259135,0.0,hyperliquid,0.0003301141076599015
2023-06-16,1002818.2086173194,-5.13479389682038,325.9385691347761,0.0,hyperliquid,0.0003208037752379896
2023-06-17,1002714.8869528254,-82.64573034118865,-20.675934152825693,0.0,hyperliquid,-0.00010332166449399665
2023-06-18,1002635.5003045971,-22.495287548326576,-56.89136068001565,0.0,hyperliquid,-7.938664822827558e-05
2023-06-19,1002667.1907867595,53.54856492510224,-21.858082762741397,0.0,hyperliquid,3.169048216240481e-05
2023-06-20,1003161.5954034318,131.30401536434542,363.10060130797206,0.0,hyperliquid,0.0004944046166723129
2023-06-21,1004101.8431964263,37.89966923923249,902.3481237553349,0.0,hyperliquid,0.0009402477929944871
2023-06-22,1004199.0756736195,-291.21616815449374,388.44864534767675,0.0,hyperliquid,9.723247719323262e-05
2023-06-23,1004559.306664796,110.76483977661913,249.4661513997315,0.0,hyperliquid,0.00036023099117644594
2023-06-24,1005320.1736510571,124.45762350179963,636.4093627592961,0.0,hyperliquid,0.0007608669862610986
2023-06-25,1005521.47634354,-287.79297222322083,489.09566470618313,0.0,hyperliquid,0.00020130269248294644
2023-06-26,1006046.102467578,34.965501298154145,489.6606227398015,0.0,hyperliquid,0.0005246261240380118
2023-06-27,1006866.3160528033,78.73350641972122,741.4800788055492,0.0,hyperliquid,0.0008202135852252831
2023-06-28,1007121.8578341408,33.009389337287,222.5323920002134,0.0,hyperliquid,0.0002555417813374661
2023-06-29,1007427.6603864388,45.47960308720352,260.3229492108644,0.0,hyperliquid,0.0003058025522980606
2023-06-30,1008232.7351204552,-90.22566418898178,895.3003982053342,0.0,hyperliquid,0.0008050747340163216
2023-07-01,1009180.7893499302,107.09712985029343,840.9570996247378,0.0,hyperliquid,0.0009480542294750922
2023-07-02,1010373.4730037285,12.470213749738615,1180.2134400485472,0.0,hyperliquid,0.0011926836537983036
2023-07-03,1011718.2681785381,-195.12216808344422,1539.917342892912,0.0,hyperliquid,0.001344795174809522
2023-07-04,1012780.1799366582,70.42003058650285,991.4917275336096,0.0,hyperliquid,0.0010619117581201717
2023-07-05,1013288.2008671821,78.73350641963226,429.28742410427856,0.0,hyperliquid,0.0005080209305238677
2023-07-06,1014116.5783224857,146.21936906487886,682.1580862386635,0.0,hyperliquid,0.0008283774553035618
2023-07-07,1015511.9042680177,115.41060568342286,1279.9153398486458,0.0,hyperliquid,0.0013953259455320658
2023-07-08,1015961.0233036386,-108.07518583059358,557.1942214514352,0.0,hyperliquid,0.0004491190356208244
2023-07-09,1016425.0865398408,-31.053277376686708,495.1165135789736,0.0,hyperliquid,0.0004640632362022297
2023-07-10,1017075.5083181569,-61.617526763178866,712.0393050793559,0.0,hyperliquid,0.0006504217783161439
2023-07-11,1017655.9879963981,43.034463136141824,537.44521510503,0.0,hyperliquid,0.0005804796782411868
2023-07-12,1018229.1250466062,-21.272717572973637,594.4097677810578,0.0,hyperliquid,0.0005731370502080536
2023-07-13,1018986.5203187967,-66.01877867484086,823.4140508654907,0.0,hyperliquid,0.0007573952721905662
2023-07-14,1019926.6072106494,37.41064124912689,902.6762506035494,0.0,hyperliquid,0.0009400868918526685
2023-07-15,1020339.2879603786,148.4199950207988,264.2607547082948,0.0,hyperliquid,0.0004126807497291593
2023-07-16,1020425.2531445306,-138.8839492122275,224.8491333642681,0.0,hyperliquid,8.596518415200989e-05
2023-07-17,1020697.7657036585,50.8589109790767,221.6536481488068,0.0,hyperliquid,0.00027251255912787744
2023-07-18,1020843.1977376592,-75.55482448341218,220.9868584841911,0.0,hyperliquid,0.00014543203400075436
2023-07-19,1020988.4365365157,34.965501298154145,110.27329755834992,0.0,hyperliquid,0.0001452387988565024
2023-07-20,1021132.0690563434,6.601877867492981,137.03064196015754,0.0,hyperliquid,0.00014363251982768996
2023-07-21,1021144.3417163433,-115.16609168828111,127.43875168825801,0.0,hyperliquid,1.2272659999900498e-05
2023-07-22,1021234.2839517094,29.830707401244812,60.11152796484333,0.0,hyperliquid,8.994223536609207e-05
2023-07-23,1021140.1366885473,6.601877867492981,-100.74914102955952,0.0,hyperliquid,-9.414726316207089e-05
2023-07-24,1021206.8047067147,57.705302841622476,8.962715325781556,0.0,hyperliquid,6.666801816737279e-05
2023-07-25,1020398.3756561494,-3.6677099263256867,86.2386593610627,891.0,binance,-0.000808429050565348
2023-07-26,1020578.778900312,0.24451399505279767,180.15873016769217,0.0,binance,0.00018040324416267685
2023-07-27,1020728.5987164376,79.22253440982682,70.59728171568801,0.0,binance,0.00014981981612555682
2023-07-28,1020806.3071885007,-72.62065654233383,150.32912860547,0.0,binance,7.770847206306643e-05
2023-07-29,1020992.979466393,28.363623430661164,158.3086544617136,0.0,binance,0.00018667227789235768
2023-07-30,1021114.2825803189,-8.313475833040473,129.61658975886473,0.0,binance,0.00012130311392585282
2023-07-31,1021147.2928166527,-95.60497208103287,128.615208414838,0.0,binance,3.301023633382283e-05
2023-08-01,1021350.4999413104,38.38869722942704,164.81842742824625,0.0,binance,0.00020320712465769612
2023-08-02,1021405.2798787149,-163.09083472627947,217.87077213073945,0.0,binance,5.4779937404557134e-05
2023-08-03,1021888.4654515001,269.2099085961838,213.9756641889249,0.0,binance,0.00048318557278520893
2023-08-04,1022034.0558551616,-55.01564889559693,200.6060525571718,0.0,binance,0.0001455904036614811
2023-08-05,1022190.2254031686,-15.893409681011505,172.06295768796457,0.0,binance,0.00015616954800696113
2023-08-06,1022440.7864738731,37.41064124903794,213.1504294554896,0.0,binance,0.00025056107070448345
2023-08-07,1022591.0405872231,-46.45765906750366,196.71177241748768,0.0,binance,0.00015025411335006355
2023-08-08,1022668.1612098892,-101.96233595329515,179.08295861934062,0.0,binance,7.7120622666087e-05
2023-08-09,1022938.1113783949,77.02190845390687,192.92826005174808,0.0,binance,0.00026995016850566025
2023-08-10,1023083.4096371508,-59.17238681220612,204.47064556807274,0.0,binance,0.00014529825875593815
2023-08-11,1023351.2995308561,72.62065654224489,195.26923716301525,0.0,binance,0.0002678898937052581
2023-08-12,1023524.4206298022,-37.655155244090736,210.77625419008075,0.0,binance,0.00017312109894608148
2023-08-13,1023673.7796195948,-27.874595440466617,177.233585233133,0.0,binance,0.00014935898979264313
2023-08-14,1023917.2664113933,28.608137425713963,214.87865437279936,0.0,binance,0.0002434867917984957
2023-08-15,1024154.3435133245,21.272717572973637,215.80438435821748,0.0,binance,0.00023707710193120873
2023-08-16,1024360.8764160168,-7.579933847882079,214.11283654017143,0.0,binance,0.00020653290269232822
2023-08-17,1024693.7655933829,122.25699754596863,210.63217982003772,0.0,binance,0.00033288917736604346
2023-08-18,1024733.4596686754,-58.68335882201158,98.3774341145926,0.0,binance,3.969407529255841e-05
2023-08-19,1024654.193355502,-41.811893160699924,-37.454420012803645,0.0,binance,-7.926631317345891e-05
2023-08-20,1024596.0112165291,-9.536045808660274,-48.64609316427784,0.0,binance,-5.818213897291571e-05
2023-08-21,1024633.8538553242,60.88398477793152,-23.04134598285735,0.0,binance,3.784263879514765e-05
2023-08-22,1024575.9543361898,-63.08461073376252,5.185091599388274,0.0,binance,-5.789951913442928e-05
2023-08-23,1024594.1090081189,-0.733541985158393,18.888213914180035,0.0,binance,1.8154671929078176e-05
2023-08-24,1024673.1128523411,49.39182700849305,29.612017213785258,0.0,binance,7.900384422228671e-05
2023-08-25,1024767.6413810471,47.435715047892764,47.09281365810719,0.0,binance,9.452852870593778e-05
2023-08-26,1024664.4764335732,-174.82750649077073,71.662559016787,0.0,binance,-0.0001031649474739097
2023-08-27,1024815.0982331318,116.8776896540065,33.744109904595085,0.0,binance,0.00015062179955863394
2023-08-28,1024896.5525061428,26.89653946007752,54.55773355087669,0.0,binance,8.145427301095333e-05
2023-08-29,1024839.4483858262,-16.62695166625885,-40.47716865019383,0.0,binance,-5.710412031656597e-05
2023-08-30,1025004.9458628263,66.99683465522995,98.50064234493367,0.0,binance,0.00016549747700011358
2023-08-31,1024961.608524899,-162.60180673617387,119.26446880890568,0.0,binance,-4.333733792731073e-05
2023-09-01,1025133.2241053308,77.75545043924318,93.8601299925312,0.0,binance,0.00017161558043176774
2023-09-02,1025082.8143580516,-81.42316036556886,31.013413086389015,0.0,binance,-5.0409747279132716e-05
2023-09-03,1025237.815591807,104.65198989932068,50.349243856030164,0.0,binance,0.00015500123375537805
2023-09-04,1025144.7737401248,-112.72095173739731,19.679100055126792,0.0,binance,-9.304185168223921e-05
2023-09-05,1025250.2181304402,71.39808656680299,34.04630374862183,0.0,binance,0.00010544439031544608
2023-09-06,1025266.5002409139,9.291531813518523,6.99057866015222,0.0,binance,1.628211047372315e-05
2023-09-07,1025362.0721287354,3.4231959312728892,92.14869189013764,0.0,binance,9.557188782142475e-05
2023-09-08,1025387.5126233472,42.789949141089025,-17.34945452928833,0.0,binance,2.5440494611859323e-05
2023-09-09,1025271.641231309,-90.47017818403458,-25.401213854162968,0.0,binance,-0.00011587139203818515
2023-09-10,1025269.4293229885,-39.12223921467438,36.91033089412099,0.0,binance,-2.2119083205470817e-06
2023-09-11,1024473.1827215818,102.6958779385425,58.05752065476402,957.0,bybit,-0.0007962466014067176
2023-09-12,1024543.8455663021,-26.16299747483017,96.82584219511328,0.0,bybit,7.066284472029657e-05
2023-09-13,1024588.4243677523,53.05953693499664,-8.480735484760109,0.0,bybit,4.457880145020317e-05
2023-09-14,1024520.8910631323,-53.79307892024399,-13.7402256997546,0.0,bybit,-6.753330461995211e-05
2023-09-15,1024577.8353557755,8.068961838076628,48.87533080520681,0.0,bybit,5.694429264322389e-05
2023-09-16,1024488.3645520626,-86.55795426247819,-2.9128494505103646,0.0,bybit,-8.947080371296033e-05
2023-09-17,1024670.5174975892,92.42629014463488,89.7266553819753,0.0,bybit,0.00018215294552664273
2023-09-18,1024778.9218479155,15.404381690816955,92.999968635523,0.0,bybit,0.00010840435032628011
2023-09-19,1024888.6174429558,-17.1159796564534,126.81157469680265,0.0,bybit,0.00010969559504033532
2023-09-20,1025008.5448187428,42.789949141089025,77.13742664580147,0.0,bybit,0.00011992737578693777
2023-09-21,1025159.5249276916,72.37614254719209,78.60396640155423,0.0,bybit,0.00015098010894877372
2023-09-22,1025118.3821942698,-44.746061101689314,3.603327679873388,0.0,bybit,-4.114273342175875e-05
2023-09-23,1025088.2749500491,-49.88085499886551,19.773610778176906,0.0,bybit,-3.0107244220678696e-05
2023-09-24,1024317.5485928631,-11.492157769260563,164.76580058327704,924.0,hyperliquid,-0.0007707263571859803
2023-09-25,1024573.3228477751,73.84322651768677,181.93102839420993,0.0,hyperliquid,0.00025577425491192843
2023-09-26,1024657.5464120576,-41.322865170505374,125.54642945304442,0.0,hyperliquid,8.422356428252532e-05
2023-09-27,1024645.3779260452,-32.2758473521286,20.1073613397144,0.0,hyperliquid,-1.2168486012378708e-05
2023-09-28,1024734.5097754954,10.269587793907622,78.86226165629336,0.0,hyperliquid,8.913184945017566e-05
2023-09-29,1024841.9372437529,-90.71469217917634,198.1421604367465,0.0,hyperliquid,0.00010742746825749055
2023-09-30,1025194.948700345,155.75541487353914,197.2560417185333,0.0,hyperliquid,0.00035301145659212487
2023-10-01,1025282.8588170004,-109.78678379623003,197.6969004516841,0.0,hyperliquid,8.791011665540282e-05
2023-10-02,1025433.2826869815,-9.536045808571322,159.9599157896024,0.0,hyperliquid,0.00015042386998108121
2023-10-03,1025768.3959909524,137.66137923669663,197.45192473421332,0.0,hyperliquid,0.0003351133039708948
2023-10-04,1025855.3331096147,-57.705302841622476,144.64242150389447,0.0,hyperliquid,8.693711866228841e-05
2023-10-05,1026153.5228289673,108.07518583059358,190.11453352209074,0.0,hyperliquid,0.00029818971935263836
2023-10-06,1026188.7203740468,-165.780488672305,200.97803375182275,0.0,hyperliquid,3.5197545079514384e-05
2023-10-07,1026452.6968875367,66.26329266989366,197.71322081996655,0.0,hyperliquid,0.000263976513489848
2023-10-08,1026598.5425541947,-27.63008144541382,173.47574810346055,0.0,hyperliquid,0.00014584566665801685
2023-10-09,1026738.5128583504,53.548564925191194,86.4217392305367,0.0,hyperliquid,0.00013997030415572226
2023-10-10,1026588.4542436388,-101.22879396813676,-48.82982074350039,0.0,hyperliquid,-0.00015005861471162644
2023-10-11,1026718.3985166765,-70.90905857660844,200.85333161432587,0.0,hyperliquid,0.00012994427303771955
2023-10-12,1026971.0755612458,53.79307892024399,198.88396564900683,0.0,hyperliquid,0.00025267704456928184
2023-10-13,1027279.9749815253,112.72095173739731,196.1784685421631,0.0,hyperliquid,0.00030889942027954387
2023-10-14,1027395.5056435802,-81.42316036565781,196.95382242059966,0.0,hyperliquid,0.0001155306620548945
2023-10-15,1027684.7881950615,92.42629014472382,196.856261336558,0.0,hyperliquid,0.0002892825514812721
2023-10-16,1027875.4450230065,-42.54543514594727,233.20226309096813,0.0,hyperliquid,0.00019065682794502936
2023-10-17,1028087.5826754944,3.1786819362200918,208.95897055162357,0.0,hyperliquid,0.0002121376524878433
2023-10-18,1028249.514967433,-13.692783725180512,175.62507566374438,0.0,hyperliquid,0.00016193229193857406
2023-10-19,1028336.6179479758,-27.14105345521927,114.2440339979372,0.0,hyperliquid,8.710298054281156e-05
2023-10-20,1028725.8153611011,95.60497208094391,293.5924410443415,0.0,hyperliquid,0.00038919741312530825
2023-10-21,1029025.3442781315,-16.1379236760643,315.6668407064676,0.0,hyperliquid,0.0002995289170304313
2023-10-22,1029293.362154822,-40.34480919020523,308.362685880695,0.0,hyperliquid,0.00026801787669048643
2023-10-23,1030100.3928411191,-81.6676743607106,888.6983606577428,0.0,hyperliquid,0.0008070306862971047
2023-10-24,1031293.6453612524,-368.48259060354235,1561.7351107368322,0.0,hyperliquid,0.0011932525201332755
2023-10-25,1032249.2478323712,238.156631219675,717.4458398991269,0.0,hyperliquid,0.0009556024711187929
2023-10-26,1033132.7450154191,61.61752676308991,821.8796562847655,0.0,hyperliquid,0.0008834971830479335
2023-10-27,1033508.781436114,-258.9403208022762,634.976741497137,0.0,hyperliquid,0.0003760364206949016
2023-10-28,1034347.8538643235,28.11910943560837,810.9533187738734,0.0,hyperliquid,0.0008390724282094743
2023-10-29,1034900.3231442386,-110.03129779137177,662.5005777065254,0.0,hyperliquid,0.0005524692799150943
2023-10-30,1035726.6555786029,72.62065654215593,753.7117778222695,0.0,hyperliquid,0.0008263324343643617
2023-10-31,1036497.0818648858,-155.02187288838076,925.448159171231,0.0,hyperliquid,0.0007704262862828328
2023-11-01,1037375.1192055767,-62.595582743479014,940.632923434488,0.0,hyperliquid,0.0008780373406909639
2023-11-02,1037854.7309006811,-108.80872781584092,588.4204229202974,0.0,hyperliquid,0.00047961169510439506
2023-11-03,1038960.4749978959,429.1220613864211,676.62203582828,0.0,hyperliquid,0.0011057440972147743
2023-11-04,1039802.4106695714,361.8807127359604,480.05495893954287,0.0,hyperliquid,0.0008419356716754846
2023-11-05,1040271.0639100786,-584.8774762598713,1053.5307167670362,0.0,hyperliquid,0.00046865324050723574
2023-11-06,1040778.0325867246,-145.974855069915,652.9435317159104,0.0,hyperliquid,0.0005069686766460072
2023-11-07,1041243.4232461076,53.79307892015504,411.5975804628872,0.0,hyperliquid,0.0004653906593830325
2023-11-08,1042681.5974770742,98.78365401716401,1339.3905769494434,0.0,hyperliquid,0.0014381742309666006
2023-11-09,1044156.4566228382,131.79304335471787,1343.0661024091742,0.0,hyperliquid,0.0014748591457639122
2023-11-10,1044900.5230356291,-403.93711989198,1148.0035326828965,0.0,hyperliquid,0.0007440664127909113
2023-11-11,1046412.5296553992,-248.6707330086354,1760.6773527787464,0.0,hyperliquid,0.0015120066197700799
2023-11-12,1047786.0133864828,-84.11281431150545,1457.5965453951567,0.0,hyperliquid,0.0013734837310836884
2023-11-13,1048906.5152747505,260.16289077780704,860.3389974897749,0.0,hyperliquid,0.0011205018882676958
2023-11-14,1049494.4110760048,-44.012519116441965,631.9083203708167,0.0,hyperliquid,0.0005878958012543153
2023-11-15,1050577.4761350711,375.81801045619375,707.2470486101379,0.0,hyperliquid,0.0010830650590662844
2023-11-16,1050455.657166015,-474.3571504783939,352.5381814221601,0.0,hyperliquid,-0.00012181896905624308
2023-11-17,1051119.3860580376,362.12522673128007,301.60366529146074,0.0,hyperliquid,0.0006637288920227438
2023-11-18,1051499.0870983556,110.03129779137177,269.6697425266965,0.0,hyperliquid,0.0003797010403180029
2023-11-19,1051651.1565511331,-117.36671764420106,269.4361704218756,0.0,hyperliquid,0.00015206945277750493
2023-11-20,1051905.4846468237,-77.26642244913758,331.59451813969315,0.0,hyperliquid,0.0002543280956905801
2023-11-21,1052281.0176760443,52.325994949838254,323.20703427077035,0.0,hyperliquid,0.0003755330292205326
2023-11-22,1053014.5866393682,451.3728349396949,282.196128384296,0.0,hyperliquid,0.0007335689633239526
2023-11-23,1053017.1378354318,-239.6237151901697,242.17491125375665,0.0,hyperliquid,2.5511960636358706e-06
2023-11-24,1053436.557483703,122.74602553607423,296.6736227350002,0.0,hyperliquid,0.00041941964827105406
2023-11-25,1053927.8365922463,180.94035636806916,310.3387521754855,0.0,hyperliquid,0.0004912791085434147
2023-11-26,1054438.5407023996,163.82437671170473,346.87973344166784,0.0,hyperliquid,0.0005107041101532523
2023-11-27,1054638.4000336197,-108.80872781601883,308.668059036037,0.0,hyperliquid,0.0001998593312201556
2023-11-28,1054842.9312170923,-29.830707401244812,234.3618908738486,0.0,hyperliquid,0.0002045311834726017
2023-11-29,1055147.1519288674,-34.72098730301239,338.94169907796,0.0,hyperliquid,0.0003042207117751241
2023-11-30,1055731.5215999344,258.45129281234847,325.9183782547035,0.0,hyperliquid,0.0005843696710669901
2023-12-01,1055936.1470459139,-253.80552690554475,458.43097288493175,0.0,hyperliquid,0.0002046254459794145
2023-12-02,1057197.6976203804,379.9747483728919,881.5758260937334,0.0,hyperliquid,0.001261550574466586
2023-12-03,1058025.7654790026,-179.96230038768007,1008.030159009785,0.0,hyperliquid,0.0008280678586221765
2023-12-04,1058989.074716418,-557.2473948145464,1520.556632230101,0.0,hyperliquid,0.0009633092374154367
2023-12-05,1059641.7614557953,135.4607532809546,517.2259860962674,0.0,hyperliquid,0.0006526867393772118
2023-12-06,1059292.0605987003,-143.77422911399506,-205.92662798095898,0.0,hyperliquid,-0.0003497008570949547
2023-12-07,1059666.3323266795,-110.76483977661913,485.0365677556505,0.0,hyperliquid,0.0003742717279791832
2023-12-08,1060447.6518525607,-255.27261087603944,1036.5921367571223,0.0,hyperliquid,0.0007813195258812047
2023-12-09,1060975.5548279365,-385.1095422698012,913.0125176455526,0.0,hyperliquid,0.0005279029753757641
2023-12-10,1062062.6063557528,439.88067717034534,647.1708506460504,0.0,hyperliquid,0.0010870515278163365
2023-12-11,1064367.0036350442,0.24451399514175134,2304.1527652960845,0.0,hyperliquid,0.002304397279291414
2023-12-12,1065783.5260243553,71.15357257183915,1345.368816739117,0.0,hyperliquid,0.0014165223893111106
2023-12-13,1066631.2239496151,-118.10025962962631,965.7981848894799,0.0,hyperliquid,0.0008476979252598248
2023-12-14,1067366.4350986753,404.67066187722736,330.540487183021,0.0,hyperliquid,0.0007352111490601674
2023-12-15,1067873.9595214962,-99.51719600241135,607.041618823421,0.0,hyperliquid,0.0005075244228208904
2023-12-16,1067750.8500965221,-432.05622932741045,308.94680435323824,0.0,hyperliquid,-0.00012310942497407087
2023-12-17,1068496.665467708,448.1941530033858,297.62121818246084,0.0,hyperliquid,0.000745815371185774
2023-12-18,1068634.9251624255,-307.5986058255219,445.85830054322116,0.0,hyperliquid,0.00013825969471759162
2023-12-19,1069924.086937216,194.63314009316073,1094.528634697514,0.0,hyperliquid,0.001289161774790613
2023-12-20,1071007.1259176156,-200.74598997045916,1283.784970369883,0.0,hyperliquid,0.0010830389803994913
2023-12-21,1072509.2021641317,-434.50136927847217,1936.5776157944929,0.0,hyperliquid,0.0015020762465160805
2023-12-22,1074519.5326450898,131.30401536443438,1879.0264655935914,0.0,hyperliquid,0.002010330480958102
2023-12-23,1076480.8857056382,108.80872781601883,1852.5443327323326,0.0,hyperliquid,0.0019613530605484264
2023-12-24,1078610.5951678806,173.84945051038164,1955.8600117319593,0.0,hyperliquid,0.0021297094622424336
2023-12-25,1080638.2778489126,150.3761069813991,1877.3065740506636,0.0,hyperliquid,0.0020276826810319906
2023-12-26,1082311.2716837858,-461.6424227335135,2134.6362576067195,0.0,hyperliquid,0.0016729938348731958
2023-12-27,1084638.0661076123,149.3980510011879,2177.3963728252925,0.0,hyperliquid,0.0023267944238265044
2023-12-28,1086010.0753368135,115.6551196783867,1256.3541095227088,0.0,hyperliquid,0.001372009229201125
2023-12-29,1087967.202087134,-278.7459544046662,2235.8727047249217,0.0,hyperliquid,0.001957126750320429
2023-12-30,1089100.969446514,200.01244798521182,933.7549113949524,0.0,hyperliquid,0.0011337673593801447
2023-12-31,1089874.4522093502,-143.04068712892564,916.5234499650791,0.0,hyperliquid,0.0007734827628361527
2024-01-01,1091807.5670773068,87.780524238098,1845.3343437186577,0.0,hyperliquid,0.0019331148679566103
2024-01-02,1093818.1570726293,-497.09695202195115,2507.6869473444676,0.0,hyperliquid,0.0020105899953225164
2024-01-03,1096449.969108734,439.1471351852759,2192.664900919528,0.0,hyperliquid,0.0026318120361047332
2024-01-04,1099028.969845794,697.3539140021269,1881.64682305767,0.0,hyperliquid,0.0025790007370598616
2024-01-05,1100531.9329697678,282.9026923211864,1220.0604316526035,0.0,hyperliquid,0.0015029631239739246
2024-01-06,1101002.8619622632,-182.89646832866944,653.8254608242345,0.0,hyperliquid,0.0004709289924954064
2024-01-07,1102475.5827690235,290.97165415944096,1181.7491526007843,0.0,hyperliquid,0.0014727208067602479
2024-01-08,1104729.2241605937,9.536045808571322,2244.1053457616836,0.0,hyperliquid,0.002253641391570214
2024-01-09,1106368.4371708021,-823.2786214745101,2462.4916316830563,0.0,hyperliquid,0.0016392130102084485
2024-01-10,1109265.0794112491,431.8117153322687,2464.8305251147663,0.0,hyperliquid,0.0028966422404469922
2024-01-11,1110582.4868685328,-124.70213749685243,1442.1095947805154,0.0,hyperliquid,0.001317407457283698
2024-01-12,1111541.3424159389,250.87135896437746,707.9841884415789,0.0,hyperliquid,0.0009588555474060122
2024-01-13,1111901.0030985163,-183.87452430923645,543.5352068866255,0.0,hyperliquid,0.000359660682577407
2024-01-14,1112806.7117763008,191.9434861471352,713.7651916374435,0.0,hyperliquid,0.0009057086777845397
2024-01-15,1113078.8348988316,-101.2287939680478,373.35191649884854,0.0,hyperliquid,0.0002721231225307565
2024-01-16,1113274.6407193404,-33.00938933737595,228.8152098463563,0.0,hyperliquid,0.00019580582050886006
2024-01-17,1113843.647846291,216.15037166136506,352.8567552892823,0.0,hyperliquid,0.0005690071269506588
2024-01-18,1114121.3761196937,-297.0845040369173,574.8127774395384,0.0,hyperliquid,0.0002777282734026667
2024-01-19,1114713.2853766961,281.68012234618925,310.22913465625777,0.0,hyperliquid,0.0005919092570024077
2024-01-20,1114825.066843644,-180.45132837796356,292.23279532584826,0.0,hyperliquid,0.00011178146694786847
2024-01-21,1115294.1810761848,178.98424440729096,290.12998813342466,0.0,hyperliquid,0.0004691142325408291
2024-01-22,1115349.118035667,-93.64886012025467,148.58581960244248,0.0,hyperliquid,5.493695948226377e-05
2024-01-23,1115956.7773232555,12.225699754596864,595.4335878338061,0.0,hyperliquid,0.0006076592875884381
2024-01-24,1116857.723814252,165.53597467716327,735.4105163193532,0.0,hyperliquid,0.0009009464909965172
2024-01-25,1117190.1401813307,-39.12223921467438,371.5386062932568,0.0,hyperliquid,0.0003324163670786656
2024-01-26,1117387.899419857,41.56737916555817,156.19185936059594,0.0,hyperliquid,0.0001977592385262251
2024-01-27,1117837.2688848535,227.88704342585632,221.48242157058013,0.0,hyperliquid,0.0004493694649965037
2024-01-28,1117832.6678068687,32.2758473521286,-36.87692533685136,0.0,hyperliquid,-4.601077984785661e-06
2024-01-29,1117668.673154531,-209.79300778874696,45.79835545115057,0.0,hyperliquid,-0.00016399465233762748
2024-01-30,1116608.8365173684,128.6143614182309,-297.4509985808408,891.0,binance,-0.0010598366371626035
2024-01-31,1117029.3546247454,188.03126222557879,232.4868451515098,0.0,binance,0.0004205181073769927
2024-02-01,1117260.8641430084,-80.68961838023256,312.19913664331193,0.0,binance,0.0002315095182629302
2024-02-02,1117353.0894426492,-223.7303055091582,315.95560514990933,0.0,binance,9.222529964079149e-05
2024-02-03,1117800.66396149,186.80869225022585,260.7658265906747,0.0,binance,0.00044757451884075997
2024-02-04,1118103.4634024242,17.360493651506196,285.4389472827827,0.0,binance,0.00030279944093432277
2024-02-05,1118266.0918611856,-149.64256499632967,312.271023757869,0.0,binance,0.00016262845876137725
2024-02-06,1118623.787073017,78.73350641963226,278.9617054117616,0.0,binance,0.00035769521183148025
2024-02-07,1118946.4319440161,99.27268200744751,223.37218899153538,0.0,binance,0.0003226448709990364
2024-02-08,1119237.8291717274,84.11281431150545,207.28441339981154,0.0,binance,0.00029139722771127707
2024-02-09,1119657.4813249325,-93.89337411504061,1404.5455273202156,891.0,hyperliquid,0.00041965215320512655
2024-02-10,1120584.141400161,-67.97489063570801,994.6349658641792,0.0,hyperliquid,0.0009266600752284285
2024-02-11,1121266.7419457869,44.01251911661987,638.5880265094072,0.0,hyperliquid,0.0006826005456259008
2024-02-12,1122604.4287973386,-534.9966212612726,1872.6834728131562,0.0,hyperliquid,0.0013376868515517562
2024-02-13,1123397.5800135178,-560.4260767506776,1353.5772929299,0.0,hyperliquid,0.0007931512161791325
2024-02-14,1125499.2781433165,721.8053135113206,1379.8928162875663,0.0,hyperliquid,0.002101698129798751
2024-02-15,1125879.759816184,-761.1720667211367,1141.6537395885275,0.0,hyperliquid,0.0003804816728674341
2024-02-16,1126588.099046532,233.26635131772952,475.0728790303021,0.0,hyperliquid,0.0007083392303481233
2024-02-17,1127492.0997942784,-151.8431909520717,1055.843938698363,0.0,hyperliquid,0.0009040007477463223
2024-02-18,1127961.8274545034,-299.7741579827649,769.5018182078458,0.0,hyperliquid,0.0004697276602250058
2024-02-19,1128649.0482922504,-33.2539033325177,720.4747410795737,0.0,hyperliquid,0.0006872208377469796
2024-02-20,1129234.8659465488,-18.094035636753546,603.9116899353594,0.0,hyperliquid,0.0005858176542983856
2024-02-21,1129839.3167518268,11.73667176431336,592.7141335135773,0.0,hyperliquid,0.0006044508052780293
2024-02-22,1130528.5172961815,243.53593911154817,445.66460524315806,0.0,hyperliquid,0.0006892005443547386
2024-02-23,1131021.5458882467,0.978055980389098,492.0505360849308,0.0,hyperliquid,0.0004930285920652095
2024-02-24,1131637.7017780566,17.8495216417897,598.306368168079,0.0,hyperliquid,0.0006161558898098302
2024-02-25,1132097.8736536908,-150.13159298643527,610.3034686207411,0.0,hyperliquid,0.00046017187563423065
2024-02-26,1133029.6321100583,-52.815022939943844,984.5734793075363,0.0,hyperliquid,0.0009317584563675337
2024-02-27,1135011.802735903,20.294661592851398,1961.875964251854,0.0,hyperliquid,0.0019821706258447377
2024-02-28,1140622.532641722,-47.19120105292892,5657.921106871621,0.0,hyperliquid,0.005610729905818822
2024-02-29,1144611.8215256725,-455.77408685135686,4445.06297080205,0.0,hyperliquid,0.003989288883950561
2024-03-01,1147042.5776387113,-403.93711989198,2834.6932329306783,0.0,hyperliquid,0.002430756113038864
2024-03-02,1150509.2998509596,724.0059394674184,2742.7162727810137,0.0,hyperliquid,0.003466722212248249
2024-03-03,1154562.5632620114,-242.55788313133698,4295.821294183123,0.0,hyperliquid,0.004053263411051827
2024-03-04,1159233.1632907565,-291.2161681544048,4961.816196899563,0.0,hyperliquid,0.004670600028745132
2024-03-05,1169805.6486062433,335.9622292564499,10236.523086230307,0.0,hyperliquid,0.010572485315486789
2024-03-06,1176624.4734572326,667.523206600882,6151.301644388293,0.0,hyperliquid,0.006818824850989273
2024-03-07,1179521.4002550486,-745.0341430453393,3641.9609408614006,0.0,hyperliquid,0.0028969267978160643
2024-03-08,1184070.140429654,174.582992495629,4374.157182109579,0.0,hyperliquid,0.004548740174605278
2024-03-09,1187033.040082962,-224.46384749422762,3187.363500802228,0.0,hyperliquid,0.0029628996533080936
2024-03-10,1190578.9028095077,222.01870754352174,3323.8440190021156,0.0,hyperliquid,0.00354586272654566
2024-03-11,1193058.532849191,24.451399509193728,2455.1786401743166,0.0,hyperliquid,0.0024796300396833105
2024-03-12,1196214.130024842,-730.6078173344666,3886.2049929854275,0.0,hyperliquid,0.0031555971756509972
2024-03-13,1200765.9015498608,599.0592879748905,3952.712237044026,0.0,hyperliquid,0.004551771525018848
2024-03-14,1204650.6461438583,-95.36045808606903,3980.105052083526,0.0,hyperliquid,0.003884744593997486
2024-03-15,1207269.1430105546,-280.21303837516086,2898.709905071488,0.0,hyperliquid,0.0026184968666962813
2024-03-16,1208507.2048267517,352.10015293224734,885.9616632648622,0.0,hyperliquid,0.0012380618161971215
2024-03-17,1210372.2461747928,46.45765906768157,1818.5836889735303,0.0,hyperliquid,0.0018650413480410352
2024-03-18,1211455.592348794,-99.51719600223345,1182.8633700034677,0.0,hyperliquid,0.0010833461740012281
2024-03-19,1213198.716117359,108.31969982555742,1634.8040687395528,0.0,hyperliquid,0.001743123768565012
2024-03-20,1214185.954416546,325.4481274674895,661.7901717195781,0.0,hyperliquid,0.00098723829918704
2024-03-21,1214818.4432212603,19.561119607248237,612.9276851071415,0.0,hyperliquid,0.0006324888047142885
2024-03-22,1215344.2998174648,-66.75232065999924,592.6089168645748,0.0,hyperliquid,0.0005258565962044522
2024-03-23,1216042.564693203,223.97481950412202,474.29005623397325,0.0,hyperliquid,0.000698264875738183
2024-03-24,1217084.2028920832,-22.49528754859344,1064.133486428851,0.0,hyperliquid,0.001041638198880246
2024-03-25,1219469.6628632927,-501.7427179283991,2887.20268913811,0.0,hyperliquid,0.0023854599712095225
2024-03-26,1221593.3784493215,251.84941494441074,1871.8661710844422,0.0,hyperliquid,0.0021237155860287602
2024-03-27,1224560.976973588,-381.6863463381725,3349.284870604839,0.0,hyperliquid,0.002967598524266621
2024-03-28,1226866.167684662,-156.48895685905333,2461.6796679330123,0.0,hyperliquid,0.0023051907110738104
2024-03-29,1231276.8239929797,107.83067183562973,4302.825636482023,0.0,hyperliquid,0.0044106563083177895
2024-03-30,1234857.7397723023,125.43567948192187,3455.4800998407545,0.0,hyperliquid,0.0035809157793226186
2024-03-31,1238171.2040491316,-165.2914606820215,3478.755737511114,0.0,hyperliquid,0.0033134642768292686
2024-04-01,1240904.1902930303,-566.538926627976,3299.5251705267274,0.0,hyperliquid,0.0027329862438987473
2024-04-02,1242983.3031826967,802.2504178965893,1276.862471769748,0.0,hyperliquid,0.002079112889666343
2024-04-03,1244484.04830113,288.03748621827367,1212.7076322150301,0.0,hyperliquid,0.0015007451184333768
2024-04-04,1245788.0322317998,730.6078173348225,573.3761133348153,0.0,hyperliquid,0.001303983930669725
2024-04-05,1246698.965526918,159.66763879500658,751.265656323221,0.0,hyperliquid,0.0009109332951181569
2024-04-06,1248183.8839762616,-77.51093644410142,1562.4293857878245,0.0,hyperliquid,0.0014849184493436478
2024-04-07,1249085.4800872316,-8.068961838076628,909.6650728079321,0.0,hyperliquid,0.0009015961109700147
2024-04-08,1250538.2636587208,77.75545043942108,1375.0281210496541,0.0,hyperliquid,0.0014527835714891553
2024-04-09,1251305.632692688,-1368.789344524921,2136.158378492038,0.0,hyperliquid,0.0007673690339671448
2024-04-10,1252989.4636958537,369.21613258896764,1314.6148705769642,0.0,hyperliquid,0.0016838310031658038
2024-04-11,1253952.4724083974,-183.87452430923645,1146.8832368530161,0.0,hyperliquid,0.0009630087125436403
2024-04-12,1255285.1695269307,32.7648753422342,1299.93224319113,0.0,hyperliquid,0.0013326971185333096
2024-04-13,1257096.1650907132,721.3162855215708,1089.6792782609277,0.0,hyperliquid,0.0018109955637825186
2024-04-14,1258503.1573604075,114.92157769296145,1292.0706920013693,0.0,hyperliquid,0.0014069922696943395
2024-04-15,1260538.907377697,1494.7140519973043,541.0359652923498,0.0,hyperliquid,0.002035750017289538
2024-04-16,1260653.230370721,-458.70825479288,573.0312478169791,0.0,hyperliquid,0.00011432299302401952
2024-04-17,1261623.1082735849,32.03133335716476,937.8465695066818,0.0,hyperliquid,0.00096987790286378
2024-04-18,1261227.3692983568,-137.4168652417328,-258.322109986285,0.0,hyperliquid,-0.00039573897522804326
2024-04-19,1261723.0697494685,54.03759291529679,441.6628581963314,0.0,hyperliquid,0.0004957004511116539
2024-04-20,1262261.3225622522,134.971725290849,403.28108749284246,0.0,hyperliquid,0.0005382528127836995
2024-04-21,1262940.741965697,312.2443717325035,367.1750317123093,0.0,hyperliquid,0.0006794194034447428
2024-04-22,1262860.41897998,-365.0593946722695,284.736408955414,0.0,hyperliquid,-8.03229857168626e-05
2024-04-23,1263615.3780986501,317.134651634449,437.82446703569013,0.0,hyperliquid,0.0007549591186700854
2024-04-24,1263697.5673471296,-333.02806131546055,415.21730979483056,0.0,hyperliquid,8.218924847943708e-05
2024-04-25,1264181.6134636917,288.03748621827367,196.00863034374223,0.0,hyperliquid,0.0004840461165620945
2024-04-26,1264107.8146679294,-490.2505601594054,416.4517643969841,0.0,hyperliquid,-7.379879576223902e-05
2024-04-27,1264618.7171246284,43.27897713137253,467.6234795675215,0.0,hyperliquid,0.0005109024566989392
2024-04-28,1265526.9379377465,483.6486822918235,424.5721308264129,0.0,hyperliquid,0.0009082208131181541
2024-04-29,1265633.9600927713,-265.5421986698581,372.56435369456204,0.0,hyperliquid,0.00010702215502480977
2024-04-30,1265869.9268550782,-161.86826475092653,397.835027057652,0.0,hyperliquid,0.00023596676230686718
2024-05-01,1266413.3006089695,-68.21940463049394,611.5931585218907,0.0,hyperliquid,0.0005433737538913265
2024-05-02,1267690.3959140112,891.4980261051819,385.59727893658646,0.0,hyperliquid,0.0012770953050416428
2024-05-03,1266836.9469175558,-815.9432016218587,-37.50579483364159,0.0,hyperliquid,-0.0008534489964554087
2024-05-04,1267373.439608231,107.83067183562973,428.6620188394699,0.0,hyperliquid,0.0005364926906751934
2024-05-05,1267850.5931560926,-14.181811715552968,491.3353595771242,0.0,hyperliquid,0.00047715354786161335
2024-05-06,1268751.3798584754,-88.75858021830918,989.5452826011624,0.0,hyperliquid,0.0009007867023828439
2024-05-07,1269675.4883730172,-39.61126720477998,963.7197817466746,0.0,hyperliquid,0.0009241085145417601
2024-05-08,1269980.9717055045,-156.73347085401718,462.2168033413949,0.0,hyperliquid,0.00030548333248728884
2024-05-09,1270568.0092362736,466.04367464517554,120.9938561239864,0.0,hyperliquid,0.0005870375307691283
2024-05-10,1270895.4800750788,-272.14407653726215,599.6149153425864,0.0,hyperliquid,0.00032747083880519496
2024-05-11,1271354.106302111,-49.14731301352921,507.773540045613,0.0,hyperliquid,0.0004586262270321604
2024-05-12,1271682.493332679,-127.14727744773622,455.5343080155244,0.0,hyperliquid,0.00032838703056797385
2024-05-13,1272391.9212019623,281.43560835086964,427.9922609324208,0.0,hyperliquid,0.0007094278692833613
2024-05-14,1272941.2891579207,-10.025073798854823,559.3930297572199,0.0,hyperliquid,0.0005493679559584707
2024-05-15,1273796.0260657826,-22.006259558309935,876.7431674200661,0.0,hyperliquid,0.000854736907861894
2024-05-16,1274297.753360971,100.7397659779422,400.9875292104865,0.0,hyperliquid,0.0005017272951884661
2024-05-17,1274498.0760998593,-332.53903332499914,532.8617722132074,0.0,hyperliquid,0.00020032273888820782
2024-05-18,1275624.0357444338,647.7175729984921,478.242071575915,0.0,hyperliquid,0.0011259596445744391
2024-05-19,1275672.1201646193,-334.9841732758829,383.06859346142903,0.0,hyperliquid,4.808442018553615e-05
2024-05-20,1276055.7782676816,105.14101788960419,278.5170851726268,0.0,hyperliquid,0.0003836581030623056
2024-05-21,1275207.212944203,-1332.1122452611305,483.5469217826404,0.0,hyperliquid,-0.0008485653234785423
2024-05-22,1275927.6509043926,-11.73667176431336,732.1746319539113,0.0,hyperliquid,0.0007204379601895343
2024-05-23,1275712.742568634,-787.8240921862504,572.9157564277839,0.0,hyperliquid,-0.00021490833575860596
2024-05-24,1276778.3608289259,546.2442650356583,519.3739952561618,0.0,hyperliquid,0.0010656182602918707
2024-05-25,1277189.2714879578,-92.18177614975998,503.09243518156285,0.0,hyperliquid,0.00041091065903194247
2024-05-26,1278609.7499961185,246.2255930573958,1174.252915103185,0.0,hyperliquid,0.0014204785081606823
2024-05-27,1280895.2391049725,176.29459046144333,2109.1945183925204,0.0,hyperliquid,0.0022854891088539735
2024-05-28,1282299.3028562816,-203.92467190694612,1607.9884232161594,0.0,hyperliquid,0.0014040637513091788
2024-05-29,1284244.4140473371,-413.962193690479,2359.0733847459724,0.0,hyperliquid,0.0019451111910555046
2024-05-30,1285514.2049349847,186.0751502649785,1083.7157373826333,0.0,hyperliquid,0.0012697908876475412
2024-05-31,1286071.50822533,-392.2004481276666,949.5037384730324,0.0,hyperliquid,0.0005573032903452403
2024-06-01,1287820.846954616,306.6205498454886,1442.7181794405296,0.0,hyperliquid,0.0017493387292861007
2024-06-02,1288634.064733703,135.21623928581286,678.00153980101,0.0,hyperliquid,0.0008132177790869027
2024-06-03,1290590.8792875537,-193.65508411277162,2150.469637963443,0.0,hyperliquid,0.0019568145538507963
2024-06-04,1292161.6683188435,-27.63008144550277,1598.4191127351114,0.0,hyperliquid,0.0015707890312897507
2024-06-05,1293104.3188770867,-18.58306362685914,961.233621870221,0.0,hyperliquid,0.0009426505582432729
2024-06-06,1294061.0259495734,412.4951097199843,544.2119627666093,0.0,hyperliquid,0.0009567070724866353
2024-06-07,1295381.9107083783,-137.90589323183838,1458.7906520365796,0.0,hyperliquid,0.0013208847588049247
2024-06-08,1296969.3675620744,233.2663513179074,1354.190502378232,0.0,hyperliquid,0.0015874568536961451
2024-06-09,1297603.3400942348,-360.41362876564364,994.3861609259968,0.0,hyperliquid,0.0006339725321603474
2024-06-10,1298625.7397608617,420.3195575627413,602.0801090643117,0.0,hyperliquid,0.0010223996666269377
2024-06-11,1300381.889787827,3.667709926592548,1752.4823170386244,0.0,hyperliquid,0.0017561500269651878
2024-06-12,1301764.8793731532,303.93089589910727,1079.058689427037,0.0,hyperliquid,0.001382989585326286
2024-06-13,1303049.6629661398,1.2225699755308492,1283.5610230110121,0.0,hyperliquid,0.0012847835929866414
2024-06-14,1303528.1346839708,-182.65195433370562,661.1236721647047,0.0,hyperliquid,0.0004784717178309802
2024-06-15,1304454.6449135477,442.0813031266211,484.42892645019026,0.0,hyperliquid,0.0009265102295768447
2024-06-16,1305191.2215620163,250.87135896419954,485.70528950457026,0.0,hyperliquid,0.0007365766484686173
2024-06-17,1306338.069508969,215.41682967593982,931.4311172768032,0.0,hyperliquid,0.0011468479469527956
2024-06-18,1307567.9399423194,216.8839136464345,1012.9865197039383,0.0,hyperliquid,0.0012298704333503264
2024-06-19,1308260.957116211,-166.51403065755235,859.531204549183,0.0,hyperliquid,0.0006930171738916542
2024-06-20,1309590.5815750118,375.32898246626604,954.295476334424,0.0,hyperliquid,0.0013296244588007684
2024-06-21,1309582.157324959,-605.90567983797,597.4814297853612,0.0,hyperliquid,-8.424250052776188e-06
2024-06-22,1310137.3808774361,84.8463562969307,470.37719618024687,0.0,hyperliquid,0.0005552235524770803
2024-06-23,1310698.398469692,59.905928797631375,501.11166345847266,0.0,hyperliquid,0.0005610175922559574
2024-06-24,1310693.264808515,-166.2695166625885,161.13585548571595,0.0,hyperliquid,-5.133661177009344e-06
2024-06-25,1311260.2835891638,114.67706369817552,452.3417169505993,0.0,hyperliquid,0.0005670187806487083
2024-06-26,1311916.6415532068,203.19112992134293,453.16683412170585,0.0,hyperliquid,0.0006563579640430398
2024-06-27,1312067.9096425623,-568.0060105984707,719.2740999539647,0.0,hyperliquid,0.00015126808935543522
2024-06-28,1313225.528869285,476.3132624389942,681.3059642837073,0.0,hyperliquid,0.0011576192267227453
2024-06-29,1313296.1591525283,-643.5608350821497,714.1911183253903,0.0,hyperliquid,7.063028324325569e-05
2024-06-30,1313883.0614724718,150.13159298661316,436.77072695677884,0.0,hyperliquid,0.0005869023199435323
2024-07-01,1314368.761125518,42.30092115098343,443.39873189529476,0.0,hyperliquid,0.0004856996530462056
2024-07-02,1315084.0895078133,254.0500409005086,461.2783413948856,0.0,hyperliquid,0.0007153283822953235
2024-07-03,1315203.2272522245,-106.11907386999329,225.25681828097777,0.0,hyperliquid,0.00011913774441112764
2024-07-04,1315241.128827773,-278.5014404097023,316.4030159583171,0.0,hyperliquid,3.790157554857433e-05
2024-07-05,1315559.1118498729,86.80246825753099,231.18055384233742,0.0,hyperliquid,0.0003179830220998265
2024-07-06,1315977.2899661204,483.4041682968596,-65.22605204940515,0.0,hyperliquid,0.00041817811624752355
2024-07-07,1315135.1329494063,-238.6456592097806,287.48864249564326,891.0,binance,-0.0008421570167141035
2024-07-08,1315801.8484130716,310.0437457765836,356.6717178886439,0.0,binance,0.0006667154636653141
2024-07-09,1316125.2267272233,34.2319593129068,289.1463548387097,0.0,binance,0.0003233783141516615
2024-07-10,1316443.767530185,-32.031333356986856,350.57213631877505,0.0,binance,0.00031854080296168106
2024-07-11,1316670.238837579,-196.83376604908068,423.3050734431127,0.0,binance,0.00022647130739409478
2024-07-12,1316989.1780816463,130.570473379187,188.36877068810685,0.0,binance,0.0003189392440672964
2024-07-13,1317220.8301711294,-124.70213749703034,356.35422698011877,0.0,binance,0.00023165208948310465
2024-07-14,1317791.077447646,269.4544225914145,300.79285392511656,0.0,binance,0.0005702472765166313
2024-07-15,1317943.2274909473,44.01251911661987,108.13752418465697,0.0,binance,0.0001521500433012843
2024-07-16,1318327.9504080305,282.4136643310808,102.3092527518939,0.0,binance,0.00038472291708318516
2024-07-17,1317470.5445892643,-231.3102393569513,264.9044205907458,891.0,hyperliquid,-0.0008574058187662158
2024-07-18,1318022.8782303887,-44.25703311176162,596.5906742362718,0.0,hyperliquid,0.0005523336411244236
2024-07-19,1318542.9440620744,-104.40747590417894,624.4733075897144,0.0,hyperliquid,0.0005200658316856716
2024-07-20,1319571.5600250831,102.45136394357864,926.1645990652453,0.0,hyperliquid,0.0010286159630087204
2024-07-21,1321533.9286600805,299.774157982587,1662.5944770148844,0.0,hyperliquid,0.0019623686349974014
2024-07-22,1321988.0105656271,-416.16281964622107,870.2447251929437,0.0,hyperliquid,0.00045408190554659816
2024-07-23,1322680.8540830472,133.26012732503466,559.5833900949604,0.0,hyperliquid,0.000692843517420115
2024-07-24,1323015.681886957,-320.31333357058014,655.14113748035,0.0,hyperliquid,0.0003348278039097786
2024-07-25,1323644.1105251345,137.17235124676895,491.2562869307714,0.0,hyperliquid,0.0006284286381774582
2024-07-26,1324270.7918039267,40.100295194885575,586.5809835973345,0.0,hyperliquid,0.0006266812787922099
2024-07-27,1325178.3843041519,-35.45452928825974,943.047029513395,0.0,hyperliquid,0.0009075925002251751
2024-07-28,1326129.5173312556,-66.26329266971574,1017.3963197735134,0.0,hyperliquid,0.0009511330271037296
2024-07-29,1328370.2061129473,283.3917203114699,1957.2970613802368,0.0,hyperliquid,0.002240688781691715
2024-07-30,1328888.0982688714,4.890279901411768,513.0018760226687,0.0,hyperliquid,0.0005178921559241135
2024-07-31,1329229.6302824223,-143.77422911381717,485.30624266458017,0.0,hyperliquid,0.0003415320135508664
2024-08-01,1329979.8859625277,-60.88398477784257,811.1396648833003,0.0,hyperliquid,0.0007502556801054161
2024-08-02,1330432.9183912624,-29.097165415997466,482.12959415078075,0.0,hyperliquid,0.000453032428734703
2024-08-03,1330718.854583504,-253.80552690536683,539.7417191470017,0.0,hyperliquid,0.00028593619224149733
2024-08-04,1331262.749045177,-28.11910943560837,572.0135711086709,0.0,hyperliquid,0.0005438944616729859
2024-08-05,1331781.8487887809,73.59871252272293,445.5010310812853,0.0,hyperliquid,0.0005190997436039616
2024-08-06,1332149.1344833786,-28.852651420855715,396.13834601842314,0.0,hyperliquid,0.0003672856945977546
2024-08-07,1332858.7702630365,376.0625244513355,333.5732552065699,0.0,hyperliquid,0.0007096357796578668
2024-08-08,1333049.2882828985,3.912223921556392,186.60579594037864,0.0,hyperliquid,0.00019051801986200734
2024-08-09,1332906.1038340342,-113.94352171292816,-29.240927151367487,0.0,hyperliquid,-0.00014318444886431098
2024-08-10,1333419.7788885473,77.99996443438492,435.6750900786891,0.0,hyperliquid,0.0005136750545131508
2024-08-11,1334008.8368905324,105.63004587970978,483.42795610533665,0.0,hyperliquid,0.0005890580019850749
2024-08-12,1334091.6765204717,-347.6989010207633,430.5385309599176,0.0,hyperliquid,8.283962993929163e-05
2024-08-13,1334611.1980954977,84.35732830682511,435.1642467190668,0.0,hyperliquid,0.0005195215750259813
2024-08-14,1335480.1568045877,337.91834121705017,531.0403678728172,0.0,hyperliquid,0.0008689587090900168
2024-08-15,1335925.4811161319,-35.943557278543246,481.2678688225984,0.0,hyperliquid,0.00044532431154418735
2024-08-16,1335944.0111916123,-130.57047337900912,149.10054885940895,0.0,hyperliquid,1.8530075480462982e-05
2024-08-17,1336027.0505054093,-250.87135896455536,333.91067276160777,0.0,hyperliquid,8.303931379690766e-05
2024-08-18,1336537.7277927508,92.91531813500733,417.7619692066854,0.0,hyperliquid,0.0005106772873415612
2024-08-19,1337198.0823832974,336.4512572465555,323.90333330004984,0.0,hyperliquid,0.0006603545905465726
2024-08-20,1337603.2510012977,69.68648860116654,335.48212939929584,0.0,hyperliquid,0.0004051686180003453
2024-08-21,1337738.6086934472,-220.06259558256565,355.4202877319549,0.0,hyperliquid,0.00013535769214946777
2024-08-22,1338322.2355052691,120.54539958015428,463.08141224170436,0.0,hyperliquid,0.000583626811821945
2024-08-23,1338634.9749283686,-246.95913504282106,559.6985581422716,0.0,hyperliquid,0.0003127394230994396
2024-08-24,1339223.8199017209,-212.48266173495043,801.3276350873138,0.0,hyperliquid,0.0005888449733522721
2024-08-25,1340801.0126305078,566.7834406231177,1010.4092881636999,0.0,hyperliquid,0.001577192728786962
2024-08-26,1341910.9163125884,-257.4732368317815,1367.376918912313,0.0,hyperliquid,0.0011099036820805632
2024-08-27,1342294.5458222653,-87.78052423792009,471.41003391500254,0.0,hyperliquid,0.00038362950967694634
2024-08-28,1342835.2963468588,105.14101788942628,435.6095067041292,0.0,hyperliquid,0.0005407505245935172
2024-08-29,1343127.7735954542,-139.3729772023331,431.8502257975602,0.0,hyperliquid,0.000292477248595329
2024-08-30,1343824.3484310631,264.0751146991855,432.49972090979213,0.0,hyperliquid,0.0006965748356089461
2024-08-31,1343913.0459415072,-198.30085001957536,286.9983604635986,0.0,hyperliquid,8.86975104440935e-05
2024-09-01,1344455.685336713,110.27581178651353,432.36358341928377,0.0,hyperliquid,0.0005426393952057697
2024-09-02,1344755.7446276722,38.38869722942704,261.6705937298832,0.0,hyperliquid,0.00030005929095926697
2024-09-03,1344419.61448935,-336.2067432512358,0.07660492895757898,0.0,hyperliquid,-0.00033613013832224534
2024-09-04,1345188.9943797835,386.82114023525975,382.5587501982787,0.0,hyperliquid,0.0007693798904335127
2024-09-05,1345378.332324799,-235.7114912686133,425.04943628409865,0.0,hyperliquid,0.0001893379450154025
2024-09-06,1345954.4207050405,200.5014759754953,375.5869042660801,0.0,hyperliquid,0.0005760883802415338
2024-09-07,1346373.720883758,23.717857523946382,395.582321193584,0.0,hyperliquid,0.000419300178717589
2024-09-08,1346467.50599572,-227.64252943071457,321.4276413926851,0.0,hyperliquid,9.378511196188629e-05
2024-09-09,1346566.1516026636,107.34164384534623,-8.696036901874301,0.0,hyperliquid,9.8645606943639e-05
2024-09-10,1346892.4774744492,38.14418323446319,288.1816885510768,0.0,hyperliquid,0.000326325871785637
2024-09-11,1346831.6068286307,-125.19116548713593,64.32051966843903,0.0,hyperliquid,-6.0870645818533375e-05
2024-09-12,1347345.2606109318,137.17235124659103,376.4814310545222,0.0,hyperliquid,0.0005136537823011168
2024-09-13,1347756.6560157791,68.70843262077744,342.68697222643334,0.0,hyperliquid,0.0004113954048473388
2024-09-14,1348361.017834252,160.8902087705374,443.4716097023153,0.0,hyperliquid,0.0006043618184728548
2024-09-15,1348491.078984979,-309.7992317816197,439.8603825088025,0.0,hyperliquid,0.00013006115072709509
2024-09-16,1348982.800296819,58.19433083199493,433.5269810079312,0.0,hyperliquid,0.0004917213118399959
2024-09-17,1349207.3190330963,-110.27581178651353,334.79454806367147,0.0,hyperliquid,0.00022451873627724126
2024-09-18,1349693.9644496976,146.70839705516238,339.9370195460042,0.0,hyperliquid,0.00048664541660132816
2024-09-19,1350559.0678905952,-203.19112992134293,1068.2945708188552,0.0,hyperliquid,0.0008651034408975393
2024-09-20,1350951.660929756,-87.53601024295624,480.1290494039416,0.0,hyperliquid,0.0003925930391608272
2024-09-21,1351516.555255253,101.47330796318955,463.42101753387635,0.0,hyperliquid,0.0005648943254970946
2024-09-22,1352057.3268080505,76.28836646874848,464.4831863285557,0.0,hyperliquid,0.0005407715527974069
2024-09-23,1352371.0666088487,-198.30085001957536,512.0406508178994,0.0,hyperliquid,0.00031373980079824103
2024-09-24,1353534.934482926,431.0781733470214,732.7897007301855,0.0,hyperliquid,0.0011638678740772885
2024-09-25,1354031.6715514725,-449.6612369740584,946.3983055205038,0.0,hyperliquid,0.0004967370685464703
2024-09-26,1355368.8383417784,347.45438702562154,989.7124032800888,0.0,hyperliquid,0.0013371667903058697
2024-09-27,1356699.9319531675,28.852651420855715,1302.24095996848,0.0,hyperliquid,0.0013310936113891658
2024-09-28,1356829.1539318636,-353.0782089128144,482.30018760891994,0.0,hyperliquid,0.00012922197869606316
2024-09-29,1358190.987330616,363.1032827116692,998.7301160406737,0.0,hyperliquid,0.00136183339875238
2024-09-30,1360128.4032099845,-36.43258526882675,1973.848464637319,0.0,hyperliquid,0.0019374158793685492
2024-10-01,1360906.3446310146,-371.90578653481526,1149.8472075648185,0.0,hyperliquid,0.0007779414210300892
2024-10-02,1361587.3897060584,235.22246327850772,445.82261176512435,0.0,hyperliquid,0.0006810450750438031
2024-10-03,1361991.7378539762,-40.34480919020523,444.69295710779954,0.0,hyperliquid,0.00040434814791777174
2024-10-04,1362413.967799383,-23.22882953366288,445.45877494042753,0.0,hyperliquid,0.0004222299454067834
2024-10-05,1363017.8266525678,148.66450901576266,455.1943441690082,0.0,hyperliquid,0.0006038588531848509
2024-10-06,1363551.2811240621,78.48899242466842,454.965479069602,0.0,hyperliquid,0.000533454471494304
2024-10-07,1363909.1703903424,-102.6958779385425,460.5851442188,0.0,hyperliquid,0.00035788926628022456
2024-10-08,1364431.383330912,66.0187786747519,456.19416189493904,0.0,hyperliquid,0.0005222129405697342
2024-10-09,1364771.9800784313,-115.16609168845902,455.7628392075968,0.0,hyperliquid,0.00034059674751921556
2024-10-10,1365139.8471083364,24.69591350433548,343.17111640068737,0.0,hyperliquid,0.0003678670299050864
2024-10-11,1365402.6963388296,82.8902443361525,179.95898615719585,0.0,hyperliquid,0.00026284923049318606
2024-10-12,1365749.411263878,-51.592452964413,398.307378012857,0.0,hyperliquid,0.00034671492504840715
2024-10-13,1366054.7370369264,-18.58306362685914,323.90883667532097,0.0,hyperliquid,0.0003053257730484474
2024-10-14,1366470.2814509475,2.20062595574204,413.3437880651385,0.0,hyperliquid,0.00041554441402107475
2024-10-15,1366622.560350383,-274.3447024930042,426.62360192828186,0.0,hyperliquid,0.00015227889943541958
2024-10-16,1367384.2996895725,269.9434505813422,491.79588860831535,0.0,hyperliquid,0.0007617393391896039
2024-10-17,1367827.7893933107,-52.32599494966034,495.81569868762676,0.0,hyperliquid,0.00044348970373813063
2024-10-18,1368206.8855976337,-188.76480421100405,567.8610085338719,0.0,hyperliquid,0.00037909620432299563
2024-10-19,1368706.4849058813,-2.20062595574204,501.79993420350684,0.0,hyperliquid,0.000499599308247678
2024-10-20,1369228.4683759443,17.115979656364445,504.8674904065602,0.0,hyperliquid,0.0005219834700629581
2024-10-21,1369653.2640675877,-222.2632215384856,647.0589131817051,0.0,hyperliquid,0.00042479569164337593
2024-10-22,1370074.0875684947,-73.35419852758119,494.1776994345059,0.0,hyperliquid,0.0004208235009070486
2024-10-23,1371249.2288079017,261.87448874326554,913.2667506638554,0.0,hyperliquid,0.0011751412394070066
2024-10-24,1371907.1149742005,44.990575096831066,612.8955912019197,0.0,hyperliquid,0.000657886166298762
2024-10-25,1372451.9508577473,76.28836646892638,468.54751707792445,0.0,hyperliquid,0.0005448358835468534
2024-10-26,1373213.5828552935,272.63310452772356,488.9988930184586,0.0,hyperliquid,0.0007616319975461811
2024-10-27,1373344.6807453597,-360.9026567559271,492.0005468222072,0.0,hyperliquid,0.00013109789006621577
2024-10-28,1374042.2256247923,198.78987800985885,498.75500142262683,0.0,hyperliquid,0.0006975448794325349
2024-10-29,1374714.456122943,-163.33534872124332,835.5658468717102,0.0,hyperliquid,0.0006722304981506895
2024-10-30,1374996.1749015525,-621.0655475337342,902.7843261434364,0.0,hyperliquid,0.000281718778609531
2024-10-31,1375656.3839986366,-28.36362343075012,688.5727205149466,0.0,hyperliquid,0.0006602090970841237
2024-11-01,1376028.1666404451,-626.9338834157129,998.7165252241748,0.0,hyperliquid,0.00037178264180850237
2024-11-02,1377283.4677483158,745.5231710354449,509.7779368353665,0.0,hyperliquid,0.0012553011078706476
2024-11-03,1377976.6644353732,184.36355229916416,508.8331347583314,0.0,hyperliquid,0.0006931966870573815
2024-11-04,1378619.1525186975,130.81498737432878,511.6730959500703,0.0,hyperliquid,0.0006424880833243951
2024-11-05,1379242.9478548702,51.836966959376845,571.9583692134652,0.0,hyperliquid,0.0006237953361726831
2024-11-06,1381489.3256872827,80.68961838005465,2165.6882140324806,0.0,hyperliquid,0.002246377832412487
2024-11-07,1381926.0183219411,-655.7865348360349,1092.4791694945675,0.0,hyperliquid,0.0004366926346584223
2024-11-08,1383455.536956514,156.48895685869752,1373.029677714283,0.0,hyperliquid,0.001529518634572858
2024-11-09,1385015.6419290572,711.2912117223601,848.8137608206779,0.0,hyperliquid,0.001560104972543195
2024-11-10,1386911.6626835277,-616.6642956218943,2512.685050092471,0.0,hyperliquid,0.00189602075447049
2024-11-11,1388149.0168227477,-1033.071629263435,2270.425768483435,0.0,hyperliquid,0.0012373541392199695
2024-11-12,1392003.9358532114,-1005.1970338229684,4860.116064286731,0.0,hyperliquid,0.0038549190304637887
2024-11-13,1396127.4096785411,1491.5353700608173,2631.9384552690544,0.0,hyperliquid,0.004123473825329682
2024-11-14,1396983.8264038416,-442.32581712122914,1298.7425424217113,0.0,hyperliquid,0.0008564167253004853
2024-11-15,1398198.2422130746,-462.62047871425847,1677.0362879472386,0.0,hyperliquid,0.0012144158092329744
2024-11-16,1400346.0956387995,354.3007788883452,1793.5526468366115,0.0,hyperliquid,0.0021478534257248975
2024-11-17,1402247.8575968705,-310.53277376668916,2212.2947318376782,0.0,hyperliquid,0.0019017619580710306
2024-11-18,1406088.7322756457,273.8556745028986,3567.019004272327,0.0,hyperliquid,0.0038408746787752025
2024-11-19,1409410.118619578,16.871465661756417,3304.5148782703527,0.0,hyperliquid,0.003321386343932245
2024-11-20,1412242.4438204954,445.74901305250205,2386.5761878649264,0.0,hyperliquid,0.002832325200917432
2024-11-21,1414647.764695286,578.5201123872532,1826.800762403528,0.0,hyperliquid,0.002405320874790661
2024-11-22,1416752.6326389923,-1179.5355123236336,3284.403456029982,0.0,hyperliquid,0.0021048679437062237
2024-11-23,1419585.546648519,493.42924209571447,2339.4847674311804,0.0,hyperliquid,0.002832914009526838
2024-11-24,1422198.1540011365,-579.498168368176,3192.105520985525,0.0,hyperliquid,0.0026126073526174295
2024-11-25,1424988.316166981,-177.27264644129872,2967.434812285606,0.0,hyperliquid,0.0027901621658443475
2024-11-26,1426109.6387656434,157.95604082919223,963.3665578333394,0.0,hyperliquid,0.0011213225986624602
2024-11-27,1427494.7727181145,-57.46078884639177,1442.5947413176416,0.0,hyperliquid,0.0013851339524711948
2024-11-28,1428682.4185109648,348.4324430060106,839.2133498444002,0.0,hyperliquid,0.0011876457928502932
2024-11-29,1430290.2995275294,-203.4356439163068,1811.316660480848,0.0,hyperliquid,0.0016078810165645555
2024-11-30,1431793.3810567164,-141.57360315843093,1644.6551323452893,0.0,hyperliquid,0.0015030815291870385
2024-12-01,1432871.372177013,-269.20990859609486,1347.2010288924848,0.0,hyperliquid,0.0010779911202965305
2024-12-02,1433843.9508995782,-308.57666180626677,1281.1553843715546,0.0,hyperliquid,0.000972578722565202
2024-12-03,1437167.760556568,729.6297613542554,2594.179895635381,0.0,hyperliquid,0.003323809656989761
2024-12-04,1440168.3333062648,-333.0280613151047,3333.6008110121547,0.0,hyperliquid,0.0030005727496969048
2024-12-05,1446724.140332139,-461.39790873837177,7017.204934612646,0.0,hyperliquid,0.006555807025874267
2024-12-06,1451568.9886411156,648.2066009885976,4196.64170798805,0.0,hyperliquid,0.004844848308976506
2024-12-07,1454490.3569326974,-139.12846320736924,3060.49675478914,0.0,hyperliquid,0.002921368291581748
2024-12-08,1458041.5250493232,-135.70526727574054,3686.873383901554,0.0,hyperliquid,0.003551168116625864
2024-12-09,1459328.2013091643,-569.4730945693211,1856.149354410299,0.0,hyperliquid,0.0012866762598410715
2024-12-10,1461259.9858769823,437.1910232241419,1494.5935445939292,0.0,hyperliquid,0.0019317845678180456
2024-12-11,1464125.5569263217,1548.2626169223176,1317.3084324170432,0.0,hyperliquid,0.0028655710493393706
2024-12-12,1466150.849628971,464.5765906746808,1560.7161119746065,0.0,hyperliquid,0.0020252927026492545
2024-12-13,1467580.769255014,300.50769996783436,1129.4119260750836,0.0,hyperliquid,0.0014299196260429453
2024-12-14,1470127.6802091175,742.0999751045277,1804.8109789990265,0.0,hyperliquid,0.0025469109541035725
2024-12-15,1473509.9729140082,-326.1816694529147,3708.474374343591,0.0,hyperliquid,0.003382292704890715
2024-12-16,1476220.5682296543,-868.2691965713411,3578.8645122173643,0.0,hyperliquid,0.0027105953156461473
2024-12-17,1478897.1055532808,781.4667283136323,1895.0705953129782,0.0,hyperliquid,0.002676537323626457
2024-12-18,1481548.033527547,579.2536543728563,2071.674319893259,0.0,hyperliquid,0.0026509279742662328
2024-12-19,1481799.4849052725,-888.3193441690509,1139.7707218944945,0.0,hyperliquid,0.0002514513777254615
2024-12-20,1482677.8025794737,116.1441476686702,762.1735265324581,0.0,hyperliquid,0.0008783176742012147
2024-12-21,1483819.7663428823,327.1597254331259,814.8040379753576,0.0,hyperliquid,0.0011419637634085956
2024-12-22,1484264.0293655905,-260.16289077780704,704.4259134861472,0.0,hyperliquid,0.0004442630227082409
2024-12-23,1484859.508514462,63.08461073376252,532.394538137826,0.0,hyperliquid,0.0005954791488714981
2024-12-24,1485149.2951444252,-303.44186790917956,593.2284978722837,0.0,hyperliquid,0.0002897866299632005
2024-12-25,1486234.2780609208,396.3571860441869,688.625730451484,0.0,hyperliquid,0.00108498291649553
2024-12-26,1487499.9537435747,325.93715545723927,939.7385271967139,0.0,hyperliquid,0.0012656756826539058
2024-12-27,1488298.4965059548,-227.64252943018087,1026.1852918101592,0.0,hyperliquid,0.0007985427623800934
2024-12-28,1489064.5162590658,-13.937297720411216,779.9570508315478,0.0,hyperliquid,0.0007660197531110607
2024-12-29,1489806.3348308706,18.827577621822982,722.9909941829455,0.0,hyperliquid,0.0007418185718047898
2024-12-30,1490734.525879028,-63.81815271865405,992.0092008760269,0.0,hyperliquid,0.0009281910481574013
2024-12-31,1491505.0303788066,-135.4607532811325,905.9652530596927,0.0,hyperliquid,0.0007705044997786171
2025-01-01,1493625.8072504585,-135.70526727609635,2256.482138928051,0.0,hyperliquid,0.0021207768716518765
2025-01-02,1494181.7086090748,-399.0468399898566,954.9481986061814,0.0,hyperliquid,0.0005559013586163055
2025-01-03,1495047.2949980916,154.28833090259968,711.2980581143081,0.0,hyperliquid,0.0008655863890168257
2025-01-04,1496043.0467007984,275.8117864640326,719.9399162428424,0.0,hyperliquid,0.0009957517027067951
2025-01-05,1497223.8527078403,460.66436675312445,720.1416402887933,0.0,hyperliquid,0.0011808060070418287
2025-01-06,1497376.0115953267,-584.3884482695878,736.5473357560818,0.0,hyperliquid,0.00015215888748643919
2025-01-07,1499943.976756066,774.8648504464062,1793.100310293039,0.0,hyperliquid,0.002567965160739375
2025-01-08,1501281.1908021804,-506.143969840239,1843.3580159545384,0.0,hyperliquid,0.001337214046114357
2025-01-09,1502389.3917412343,298.5515880070562,809.6493510469646,0.0,hyperliquid,0.0011082009390539025
2025-01-10,1503053.083274531,-2.9341679409893864,666.6257012376855,0.0,hyperliquid,0.0006636915332966019
2025-01-11,1503851.3657595268,98.05011203173875,700.232372964221,0.0,hyperliquid,0.0007982824849958998
2025-01-12,1504421.8837227179,-315.6675676634206,886.1855308544652,0.0,hyperliquid,0.0005705179631910287
2025-01-13,1505325.7904526833,185.34160827973116,718.5651216859462,0.0,hyperliquid,0.0009039067299654708
2025-01-14,1506147.7444535482,135.4607532807767,686.4932475842907,0.0,hyperliquid,0.0008219540008648765
2025-01-15,1506497.9744355383,-116.38866166363405,466.6186436537282,0.0,hyperliquid,0.0003502299819900654
2025-01-16,1507033.205543471,-210.28203577920837,745.5131437119893,0.0,hyperliquid,0.0005352311079327483
2025-01-17,1508293.425712944,306.8650638404524,953.3551056324466,0.0,hyperliquid,0.001260220169472974
2025-01-18,1508706.7514878188,-367.5045346235091,780.8303094983019,0.0,hyperliquid,0.000413325774874771
2025-01-19,1510854.1251928331,-71.88711455708649,2219.2608195714115,0.0,hyperliquid,0.0021473737050143535
2025-01-20,1515519.7883508736,-289.993598178696,4955.656756219214,0.0,hyperliquid,0.0046656631580404935
2025-01-21,1517308.1596027105,-189.98737418653488,1978.3586260234024,0.0,hyperliquid,0.0017883712518368849
2025-01-22,1519004.1939308431,394.15656008844485,1301.8777680440658,0.0,hyperliquid,0.001696034328132635
2025-01-23,1520090.8011657898,326.18166945255894,760.425565494185,0.0,hyperliquid,0.001086607234946685
2025-01-24,1520964.9191371237,112.23192374711381,761.8860475868693,0.0,hyperliquid,0.0008741179713339079
2025-01-25,1522128.86443712,395.1346160683002,768.8106839278728,0.0,hyperliquid,0.001163945299996296
2025-01-26,1522465.3303652063,-431.56720133712696,768.0331294234807,0.0,hyperliquid,0.0003364659280863125
2025-01-27,1523477.9201411782,370.43870256414266,642.1510734075471,0.0,hyperliquid,0.0010125897759718356
2025-01-28,1524256.6673809404,37.16612725407409,741.581112508158,0.0,hyperliquid,0.0007787472397622186
2025-01-29,1524596.0878635747,-139.6174911972969,479.03797383173446,0.0,hyperliquid,0.0003394204826343339
2025-01-30,1524827.433382611,-505.41042785534745,736.7559468915382,0.0,hyperliquid,0.00023134551903628743
2025-01-31,1526289.1855331191,266.2757406554613,1195.476409852847,0.0,hyperliquid,0.0014617521505081094
2025-02-01,1527129.5962488377,90.95920617387331,749.4515095445372,0.0,hyperliquid,0.0008404107157185208
2025-02-02,1527434.776122224,-432.7897713126578,737.9696446989367,0.0,hyperliquid,0.00030517987338639797
2025-02-03,1528521.0289287362,98.53914002202225,987.7136664900238,0.0,hyperliquid,0.0010862528065121732
2025-02-04,1529371.0101622997,-28.852651421033624,878.8338849845289,0.0,hyperliquid,0.000849981233563507
2025-02-05,1530568.4935294266,445.74901305285783,751.7343540740477,0.0,hyperliquid,0.0011974833671269008
2025-02-06,1531425.9053265601,149.15353700622407,708.2582601273252,0.0,hyperliquid,0.0008574117971335072
2025-02-07,1531647.5450374112,-486.33833623784903,707.9780470889499,0.0,hyperliquid,0.00022163971085101367
2025-02-08,1532648.1489305145,316.6456236439876,683.958269459313,0.0,hyperliquid,0.0010006038931033108
2025-02-09,1532751.932681566,-478.0248604048085,581.8086114565922,0.0,hyperliquid,0.00010378375105164014
2025-02-10,1533615.7292281392,156.48895685869752,707.3075897144079,0.0,hyperliquid,0.0008637965465730522
2025-02-11,1534647.754158418,304.9089518800301,727.1159783988335,0.0,hyperliquid,0.0010320249302787706
2025-02-12,1535232.3729388712,-117.6112316391649,702.2300120923285,0.0,hyperliquid,0.0005846187804532237
2025-02-13,1536136.754449297,168.47014261797474,735.9113678077321,0.0,hyperliquid,0.0009043815104258247
2025-02-14,1536804.0977280082,-150.8651349716826,818.2084136827809,0.0,hyperliquid,0.0006673432787111961
2025-02-15,1537708.1530148454,189.25383220128754,714.8014546359854,0.0,hyperliquid,0.0009040552868372761
2025-02-16,1537846.5821680268,-577.0530284171143,715.4821815983214,0.0,hyperliquid,0.00013842915318137966
2025-02-17,1539026.8536674755,475.57972045374686,704.6917789949141,0.0,hyperliquid,0.0011802714994486887
2025-02-18,1539374.931214184,-347.4543870257994,695.531933734529,0.0,hyperliquid,0.00034807754670851865
2025-02-19,1540390.0701870478,313.71145570335403,701.4275171604369,0.0,hyperliquid,0.0010151389728637879
2025-02-20,1540859.668022124,-79.95607639516312,549.5539114714406,0.0,hyperliquid,0.00046959783507627434
2025-02-21,1541686.0957146941,140.35103318254428,686.0766593875592,0.0,hyperliquid,0.0008264276925700251
2025-02-22,1543083.7286436697,43.523491126692186,1354.1094378489884,0.0,hyperliquid,0.001397632928975625
2025-02-23,1542978.743755934,-153.55478891806396,48.569901182291886,0.0,hyperliquid,-0.00010498488773568533
2025-02-24,1543384.9311027527,-198.30085001921955,604.4881968378561,0.0,hyperliquid,0.0004061873468186241
2025-02-25,1544082.580782497,-29.830707401244812,727.480387145677,0.0,hyperliquid,0.0006976496797443833
2025-02-26,1544803.9393689393,71.15357257148332,650.2050138706121,0.0,hyperliquid,0.0007213585864421911
2025-02-27,1545393.4616946864,4.890279901767583,584.6320458454406,0.0,hyperliquid,0.0005895223257471807
2025-02-28,1545723.449304873,-27.3855674498273,357.3731776361721,0.0,hyperliquid,0.0003299876101864502
2025-03-01,1545489.178041063,244.02496710129796,-478.2962309113704,0.0,hyperliquid,-0.00023427126380987464
2025-03-02,1546143.429200627,158.6895828147954,495.5615767490975,0.0,hyperliquid,0.0006542511595638935
2025-03-03,1546425.2564298986,-216.394885656151,498.2221149278017,0.0,hyperliquid,0.00028182722927164286
2025-03-04,1545575.9179415843,-492.2066721201836,-357.13181619425086,0.0,hyperliquid,-0.0008493384883143008
2025-03-05,1546350.8462021642,200.9905039656009,573.9377566142147,0.0,hyperliquid,0.0007749282605799381
2025-03-06,1546921.0150776722,93.40434612493502,476.76452938309126,0.0,hyperliquid,0.0005701688755080104
2025-03-07,1547567.6125423075,99.76170999790892,546.8357546373413,0.0,hyperliquid,0.0006465974646352698
2025-03-08,1548300.8156311857,96.8275420562079,636.3755468222073,0.0,hyperliquid,0.0007332030888781883
2025-03-09,1548684.1013435663,-248.91524700342134,632.2009593840025,0.0,hyperliquid,0.0003832857123806607
2025-03-10,1549423.0318181785,147.19742504509006,591.7330495670102,0.0,hyperliquid,0.0007389304746121634
2025-03-11,1549441.2098359012,-384.37600028455387,402.55401800721097,0.0,hyperliquid,1.8178017722675576e-05
2025-03-12,1549983.7169338563,218.350997617285,324.1561003378739,0.0,hyperliquid,0.0005425070979550947
2025-03-13,1550461.831289859,59.41690080716997,418.6974551956112,0.0,hyperliquid,0.00047811435600277036
2025-03-14,1550535.878213784,-223.48579151401643,297.53271543894715,0.0,hyperliquid,7.404692392493598e-05
2025-03-15,1549741.9554911614,318.11270761483814,-1112.035430237423,0.0,hyperliquid,-0.0007939227226225194
2025-03-16,1548446.160622625,-191.94348614731308,-1103.851382389213,0.0,hyperliquid,-0.0012957948685365264
2025-03-17,1547541.1926710652,-61.61752676326782,80.64957520361351,924.0,bybit,-0.0009049679515596944
2025-03-18,1547885.4441509307,344.76473307977386,-0.5132532142476054,0.0,bybit,0.00034425147986551745
2025-03-19,1548115.4590475678,44.257033111583716,185.75786352562505,0.0,bybit,0.00023001489663706162
2025-03-20,1547959.813935549,-310.532773767045,154.88766174823064,0.0,bybit,-0.00015564511201879942
2025-03-21,1548051.9433133279,89.2476082087706,2.8817695700110306,0.0,bybit,9.212937777885236e-05
2025-03-22,1548182.1411133907,-31.542305367059164,161.740105429989,0.0,bybit,0.00013019780006282963
2025-03-23,1548043.883244855,-68.46391862545778,-69.79394991019667,0.0,bybit,-0.00013825786853558384
2025-03-24,1547514.993262433,66.26329266971574,328.846724908085,924.0,hyperliquid,-0.0005288899824221153
2025-03-25,1547143.7724786224,-89.00309421309512,-282.2176895975744,0.0,hyperliquid,-0.0003712207838105969
2025-03-26,1546883.247328628,-288.03748621827367,27.512336223992577,0.0,hyperliquid,-0.00026052514999429693
2025-03-27,1547351.3747380667,300.50769996783436,167.61970947069383,0.0,hyperliquid,0.00046812740943860264
2025-03-28,1547816.6534276018,135.4607532807767,329.8179362544013,0.0,hyperliquid,0.0004652786895351019
2025-03-29,1548058.3981593102,67.73037664056625,174.0143550677526,0.0,hyperliquid,0.00024174473170842975
2025-03-30,1548416.95635931,3.6677099262367334,354.890490073621,0.0,hyperliquid,0.00035855819999985395
2025-03-31,1548532.4748371162,-167.00305864783584,282.5215364537691,0.0,hyperliquid,0.00011551847780612297
2025-04-01,1548602.213682442,-107.58615784031008,177.32500316590054,0.0,hyperliquid,6.973884532577359e-05
2025-04-02,1548701.8585183176,118.5892876197319,-18.94445174427392,0.0,hyperliquid,9.964483587560244e-05
2025-04-03,1548798.6012325222,-150.86513497203842,247.60784917665472,0.0,hyperliquid,9.674271420459263e-05
2025-04-04,1549312.9666309434,5.134793897087241,509.2306045241313,0.0,hyperliquid,0.0005143653984211851
2025-04-05,1549856.0399906847,-71.39808656680299,614.4714463079721,0.0,hyperliquid,0.0005430733597413637
2025-04-06,1550273.5129499228,83.62378632139985,333.8491729167408,0.0,hyperliquid,0.00041747295923810453
2025-04-07,1550950.1447486365,195.85571006851367,480.77608864523694,0.0,hyperliquid,0.0006766317987137009
2025-04-08,1551120.8651535518,-409.8054557739588,580.5258606892628,0.0,hyperliquid,0.0001707204049152788
2025-04-09,1551877.4388549055,31.297791371739507,725.2759099819505,0.0,hyperliquid,0.0007565737013537437
2025-04-10,1552554.16483474,70.9090585768753,605.8169212576022,0.0,hyperliquid,0.0006767259798345622
2025-04-11,1553618.9765811923,481.20354234076177,583.6082041113918,0.0,hyperliquid,0.0010648117464522365
2025-04-12,1554219.5440507107,-35.943557278543246,636.511026796978,0.0,hyperliquid,0.0006005674695183989
2025-04-13,1554675.5781179708,-159.42312479968692,615.4571920598303,0.0,hyperliquid,0.0004560340672601014
2025-04-14,1555197.038186175,175.805562470804,345.6545057333197,0.0,hyperliquid,0.0005214600682042073
2025-04-15,1555133.0812164668,-208.32592381807436,144.36895411003576,0.0,hyperliquid,-6.395696970820427e-05
2025-04-16,1555446.4115228574,-55.99370487625289,369.3240112665825,0.0,hyperliquid,0.00031333030639053323
2025-04-17,1555563.5048035944,119.5673435999431,-2.474062862703164,0.0,hyperliquid,0.00011709328073705547
2025-04-18,1555062.745914151,-177.51716043661835,-323.2417290068064,0.0,hyperliquid,-0.0005007588894434739
2025-04-19,1556001.706118007,505.6549418499555,433.30526200608176,0.0,hyperliquid,0.0009389602038559969
2025-04-20,1555294.0085536786,-577.0530284167585,-130.644535911437,0.0,hyperliquid,-0.0007076975643283222
2025-04-21,1555576.8545566108,250.38233097427187,32.46367195773466,0.0,hyperliquid,0.00028284600293217225
2025-04-22,1556186.522132662,241.57982715059208,368.0877489005762,0.0,hyperliquid,0.0006096675760510844
2025-04-23,1556394.8127050996,-296.59547604627795,504.88604848379094,0.0,hyperliquid,0.00020829057243769056
2025-04-24,1556982.2322093637,508.1000818010172,79.31942246318954,0.0,hyperliquid,0.0005874195042641368
2025-04-25,1556788.5826588566,-242.06885514123138,48.419304634207094,0.0,hyperliquid,-0.00019364955050707794
2025-04-26,1555945.8180178055,-51.10342497448531,-791.6612160767952,0.0,hyperliquid,-0.0008427646410511806
2025-04-27,1555997.5973659635,132.52658534014313,-80.74723718195396,0.0,hyperliquid,5.177934815804474e-05
2025-04-28,1556414.1435055493,-0.24451399531965867,416.7906535810186,0.0,hyperliquid,0.0004165461395857856
2025-04-29,1556863.577344508,-247.2036490379628,696.6374879965858,0.0,hyperliquid,0.00044943383895861916
2025-04-30,1557910.0979770436,355.52334886387604,690.9972836718001,0.0,hyperliquid,0.0010465206325356849
2025-05-01,1558357.9879546373,-242.5578831311591,690.4478607248285,0.0,hyperliquid,0.0004478899775936734
2025-05-02,1559551.8754604165,486.58285023281286,707.3046555464666,0.0,hyperliquid,0.0011938875057792757
2025-05-03,1559998.8313945492,-263.3415727137603,710.297506846392,0.0,hyperliquid,0.00044695593413268214
2025-05-04,1560231.0319803078,-68.70843262113326,300.9090183796725,0.0,hyperliquid,0.00023220058575854636
2025-05-05,1560732.1294111367,-139.6174911972969,640.7149220261764,0.0,hyperliquid,0.0005010974308289587
2025-05-06,1560838.8244707969,-255.0280968810756,361.72315654114954,0.0,hyperliquid,0.00010669505966012366
2025-05-07,1561310.3468346738,-45.47960308675875,517.0019669637363,0.0,hyperliquid,0.0004715223638769239
2025-05-08,1562814.5673134115,170.67076857407258,1333.549710163602,0.0,hyperliquid,0.0015042204787377269
2025-05-09,1563870.5170923006,-207.59238183318283,1263.5421607221608,0.0,hyperliquid,0.001055949778889073
2025-05-10,1564598.295058508,-86.06892627210573,813.8468924795053,0.0,hyperliquid,0.000727777966207359
2025-05-11,1567598.9050926194,-228.86509940642333,3229.475133517801,0.0,hyperliquid,0.0030006100341114215
2025-05-12,1571119.0976702115,600.7708859410607,2919.4216916509804,0.0,hyperliquid,0.003520192577592097
2025-05-13,1572122.1136281034,164.31340470181033,838.7025531901298,0.0,hyperliquid,0.001003015957891941
2025-05-14,1572144.7213920895,-740.8774051286412,763.4851691147705,0.0,hyperliquid,2.2607763986103237e-05
2025-05-15,1573586.6407065839,684.8837002523882,757.0356142421845,0.0,hyperliquid,0.0014419193144943566
2025-05-16,1574237.9757007465,-5.37930789169527,656.7143020544066,0.0,hyperliquid,0.0006513349941626657
2025-05-17,1575050.0961705688,53.54856492483538,758.5719048973931,0.0,hyperliquid,0.0008121204698223155
2025-05-18,1575721.6167599023,-111.25386776690263,782.774457100242,0.0,hyperliquid,0.0006715205893334932
2025-05-19,1577673.7818213739,-9.291531813251662,1961.4565932848677,0.0,hyperliquid,0.001952165061471518
2025-05-20,1578211.5647748567,-111.00935377193878,648.7923072549526,0.0,hyperliquid,0.0005377829534828197
2025-05-21,1579684.1294571664,189.98737418653488,1282.5773081231996,0.0,hyperliquid,0.0014725646823097486
2025-05-22,1583099.568836662,-381.6863463385283,3797.125725834193,0.0,hyperliquid,0.0034154393794955684
2025-05-23,1586886.5113257463,-18.827577622178797,3805.7700667064855,0.0,hyperliquid,0.003786942489084322
2025-05-24,1588125.9376082555,319.82430558029665,919.6019769289043,0.0,hyperliquid,0.00123942628250923
2025-05-25,1588075.6388445974,396.11267204886724,-446.4114357070456,0.0,hyperliquid,-5.029876365815289e-05
2025-05-26,1588534.0190319014,-359.43557278507666,817.8157600890921,0.0,hyperliquid,0.00045838018730399196
2025-05-27,1589493.3201703036,-5.379307892051085,964.680446294057,0.0,hyperliquid,0.0009593011384021956
2025-05-28,1590319.396029932,24.206885514229885,801.8689741140591,0.0,hyperliquid,0.000826075859628385
2025-05-29,1591798.5391876877,237.42308923407182,1241.7200685215796,0.0,hyperliquid,0.0014791431577557232
2025-05-30,1592255.8383848798,-215.9058576658675,673.2050548581152,0.0,hyperliquid,0.000457299197192071
2025-05-31,1592669.1885600407,-349.165984991258,762.5161601522211,0.0,hyperliquid,0.0004133501751609147
2025-06-01,1593722.3929826317,286.32588825245927,766.8785343386564,0.0,hyperliquid,0.0010532044225910213
2025-06-02,1594806.310591031,301.97478393832904,781.9428244610467,0.0,hyperliquid,0.0010839176083994098
2025-06-03,1595003.8323992286,-391.95593413199117,589.4777423295516,0.0,hyperliquid,0.000197521808197489
2025-06-04,1595690.0370442537,78.24447842899295,607.9601665960763,0.0,hyperliquid,0.0006862046450250782
2025-06-05,1596643.8968240474,201.96855994616791,751.8912198475123,0.0,hyperliquid,0.0009538597797937691
2025-06-06,1596797.984542761,-123.96859551142717,278.0563142251574,0.0,hyperliquid,0.00015408771871356294
2025-06-07,1597186.4925268334,-40.589323185702796,429.0973072579757,0.0,hyperliquid,0.00038850798407243564
2025-06-08,1597497.1134608183,-89.98115019366213,400.60208417838857,0.0,hyperliquid,0.000310620933984872
2025-06-09,1598365.3581966585,314.44499768824556,553.7997381518521,0.0,hyperliquid,0.0008682447358402424
2025-06-10,1599489.966310909,-549.9119749615392,1674.5200892120426,0.0,hyperliquid,0.00112460811425047
2025-06-11,1600969.649904833,97.07205605152757,1382.6115378724614,0.0,hyperliquid,0.0014796835939239244
2025-06-12,1602023.1133154358,147.68645303537355,905.776957567575,0.0,hyperliquid,0.0010534634106028826
2025-06-13,1602921.9890795448,423.2537255044423,475.62203860440303,0.0,hyperliquid,0.0008988757641089615
2025-06-14,1602380.4909629426,-563.6047586873424,22.106642085148664,0.0,hyperliquid,-0.0005414981166021899
2025-06-15,1603509.1761201913,379.97474837306976,748.7104088756357,0.0,hyperliquid,0.0011286851572487504
2025-06-16,1604499.9540628954,109.78678379640793,880.9911589075781,0.0,hyperliquid,0.0009907779427040368
2025-06-17,1604836.3102478369,-364.08133869223616,700.4375236337004,0.0,hyperliquid,0.0003363561849414837
2025-06-18,1605200.2670782714,-30.808763381456004,394.76559381601885,0.0,hyperliquid,0.0003639568304345012
2025-06-19,1605838.4480711238,264.5641426892911,373.6168501630687,0.0,hyperliquid,0.0006381809928524308
2025-06-20,1606544.6565704301,-61.128498772984315,767.3369980794539,0.0,hyperliquid,0.0007062084993063472
2025-06-21,1607032.1952626952,9.536045808571322,478.00264645645876,0.0,hyperliquid,0.0004875386922650505
2025-06-22,1607431.9485111372,-285.10331827692846,684.8565667188446,0.0,hyperliquid,0.0003997532484419644
2025-06-23,1607925.5361030225,463.35402069915,30.233571186092945,0.0,hyperliquid,0.0004935875918853562
2025-06-24,1607904.645920993,-396.84621403411455,375.95603200465916,0.0,hyperliquid,-2.08901820294559e-05
2025-06-25,1608622.5080428005,126.16922146752503,591.6929003399189,0.0,hyperliquid,0.0007178621218074113
2025-06-26,1609321.1418615,302.95283991854023,395.6809787810755,0.0,hyperliquid,0.0006986338186995126
2025-06-27,1608620.2747219082,-665.8116086352455,-35.055530956494295,0.0,hyperliquid,-0.0007008671395918355
2025-06-28,1609404.9417886483,90.95920617422914,693.7078605659389,0.0,hyperliquid,0.0007846670667401049
2025-06-29,1610547.9126977287,462.3759647189388,680.5949443614851,0.0,hyperliquid,0.0011429709090804681
2025-06-30,1611067.923706644,-214.19425970076477,734.2052686160953,0.0,hyperliquid,0.0005200110089152585
2025-07-01,1611807.3650120685,295.37290607110293,444.0683993534384,0.0,hyperliquid,0.0007394413054245524
2025-07-02,1611996.5162370068,-390.7333641564603,579.8845890946981,0.0,hyperliquid,0.00018915122493822127
2025-07-03,1612940.1334735537,155.5109008781305,788.1063356688126,0.0,hyperliquid,0.0009436172365469393
2025-07-04,1613343.3755761986,-242.5578831311591,645.7999857760208,0.0,hyperliquid,0.00040324210264487193
2025-07-05,1614362.0353060772,226.9089874452893,791.7507424334034,0.0,hyperliquid,0.0010186597298786509
2025-07-06,1615051.9564836568,-103.42941992378984,793.3505975032899,0.0,hyperliquid,0.0006899211775795557
2025-07-07,1616178.5239072796,325.9371554575951,800.6302681651671,0.0,hyperliquid,0.0011265674236228223
2025-07-08,1616996.4518289997,24.206885514229885,793.7210362058541,0.0,hyperliquid,0.000817927921720082
2025-07-09,1617568.9070162529,-226.17544546004197,798.6306327133052,0.0,hyperliquid,0.0005724551872531884
2025-07-10,1618003.406918447,-381.1973183486006,815.6972205427323,0.0,hyperliquid,0.000434499902194133
2025-07-11,1620175.0286324823,-82.8902443361525,2254.5119583714477,0.0,hyperliquid,0.0021716217140352817
2025-07-12,1621548.5667016443,-77.02190845381791,1450.5599776158551,0.0,hyperliquid,0.001373538069162052
2025-07-13,1623085.6132195832,71.88711455708649,1465.1594033819842,0.0,hyperliquid,0.0015370465179388411
2025-07-14,1627228.826437186,434.01234128783284,3709.2008763149297,0.0,hyperliquid,0.00414321321760281
2025-07-15,1629952.989095288,-579.0091403775367,3303.171798479679,0.0,hyperliquid,0.002724162658102112
2025-07-16,1633522.6204215689,-126.90276345277238,3696.534089733525,0.0,hyperliquid,0.003569631326280767
2025-07-17,1636084.4007461288,495.38535405649264,2066.394970503432,0.0,hyperliquid,0.0025617803245598916
2025-07-18,1637193.4993842796,-945.7801330157984,2054.8787711664654,0.0,hyperliquid,0.001109098638150841
2025-07-19,1638725.3538895613,667.0341786107764,864.8203266706976,0.0,hyperliquid,0.0015318545052816627
2025-07-20,1639719.0760407308,-64.30718070929336,1058.029331878779,0.0,hyperliquid,0.0009937221511695535
2025-07-21,1641515.6198868693,569.717608564285,1226.8262375741547,0.0,hyperliquid,0.0017965438461385202
2025-07-22,1643504.6087490625,28.119109435786275,1960.8697527575844,0.0,hyperliquid,0.0019889888621931894
2025-07-23,1644144.0849186024,-2186.68865810738,2826.1648276471087,0.0,hyperliquid,0.0006394761695398483
2025-07-24,1647669.4053724476,2001.8360778179324,1523.4843760271365,0.0,hyperliquid,0.0035253204538451973
2025-07-25,1650261.8027247454,97.3165700464914,2495.080782251307,0.0,hyperliquid,0.0025923973522977905
2025-07-26,1651663.224437107,-383.153430309023,1784.575142670626,0.0,hyperliquid,0.0014014217123617418
2025-07-27,1652916.1951432067,-5.379307892051085,1258.3500139915134,0.0,hyperliquid,0.0012529707060996442
2025-07-28,1653745.6503492575,-944.5575630402676,1774.0127690908748,0.0,hyperliquid,0.0008294552060507704
2025-07-29,1655402.5436299786,703.2222498846393,953.6710308364381,0.0,hyperliquid,0.0016568932807210367
2025-07-30,1657124.4755868583,802.7394458865169,919.1925109932827,0.0,hyperliquid,0.0017219319568797947
2025-07-31,1658714.1548941587,379.974748372714,1209.704558927584,0.0,hyperliquid,0.0015896793073003645
2025-08-01,1659262.6000265176,-59.17238681185031,607.6175191708087,0.0,hyperliquid,0.000548445132358931
2025-08-02,1659242.52389119,-333.76160330070786,313.68546797311234,0.0,hyperliquid,-2.0076135327573866e-05
2025-08-03,1659262.1017099062,-380.7082903579613,400.2861090742256,0.0,hyperliquid,1.9577818716177717e-05
2025-08-04,1660387.8821733315,497.8304940071985,627.9499694181901,0.0,hyperliquid,0.0011257804634252097
2025-08-05,1660620.9697851506,-121.76796955604095,354.85558137536907,0.0,hyperliquid,0.00023308761181915178
2025-08-06,1661342.7065398465,176.5391044564072,545.1976502395348,0.0,hyperliquid,0.0007217367546958848
2025-08-07,1661968.7186055009,-217.12842764139836,843.1404932958708,0.0,hyperliquid,0.0006260120656543876
2025-08-08,1662850.8265606528,20.783689582956995,861.324265568873,0.0,hyperliquid,0.0008821079551519361
2025-08-09,1663683.0187167884,-136.4388092613437,968.630965396913,0.0,hyperliquid,0.0008321921561355702
2025-08-10,1664520.3421753321,-156.2444428640895,993.567901407845,0.0,hyperliquid,0.0008373234585437458
2025-08-11,1665532.5551145999,-28.85265142067781,1041.065590688507,0.0,hyperliquid,0.0010122129392677451
2025-08-12,1666591.1117225653,127.88081943298357,930.6757885324271,0.0,hyperliquid,0.0010585566079653799
2025-08-13,1669546.7191286804,219.81808158777972,2735.789324527421,0.0,hyperliquid,0.0029556074061151596
2025-08-14,1669946.2387849505,-1727.4913753243945,2127.0110315943425,0.0,hyperliquid,0.00039951965627004393
2025-08-15,1672533.7509217358,1720.1559554715652,867.356181313796,0.0,hyperliquid,0.0025875121367853137
2025-08-16,1673639.7789252566,245.7365650671123,860.2914384536048,0.0,hyperliquid,0.001106028003520798
2025-08-17,1674205.069363426,-295.3729060707471,860.6633442401396,0.0,hyperliquid,0.0005652904381693806
2025-08-18,1674651.2586078933,6.112849877298432,440.0763945901946,0.0,hyperliquid,0.0004461892444672994
2025-08-19,1674680.0616295359,-187.29772024050934,216.10074188302454,0.0,hyperliquid,2.8803021642612292e-05
2025-08-20,1675603.8274467275,132.0375573495038,791.7282598422441,0.0,hyperliquid,0.0009237658171916847
2025-08-21,1676438.954970422,45.968631077398065,789.1588926171222,0.0,hyperliquid,0.0008351275236944203
2025-08-22,1676934.6918030828,-316.15659565370413,811.8934283143649,0.0,hyperliquid,0.0004957368326608557
2025-08-23,1678057.2750623715,17.115979656364445,1105.4672796323177,0.0,hyperliquid,0.0011225832592886872
2025-08-24,1680257.48124869,549.1784329762919,1651.027753342284,0.0,hyperliquid,0.002200206186318537
2025-08-25,1681137.2664312352,-331.80549133957385,1211.590673884794,0.0,hyperliquid,0.0008797851825451944
2025-08-26,1681956.6140012103,11.981185759277205,807.3663842159549,0.0,hyperliquid,0.0008193475699750706
2025-08-27,1682917.791004985,130.57047337936493,830.6065303953126,0.0,hyperliquid,0.0009611770037747919
2025-08-28,1684073.0822211532,339.62993918268666,815.6612769854536,0.0,hyperliquid,0.001155291216168087
2025-08-29,1684672.6802257393,-183.63001031427262,783.2280149002606,0.0,hyperliquid,0.0005995980045860633
2025-08-30,1684676.3174227497,-356.99043283401494,360.6276298444891,0.0,hyperliquid,3.6371970104519277e-06
2025-08-31,1685800.0401705536,325.9371554575951,797.7855923462675,0.0,hyperliquid,0.0011237227478038986
2025-09-01,1686095.7192081467,-498.07500800216235,793.7540455951914,0.0,hyperliquid,0.0002956790375930723
2025-09-02,1687176.2782074613,282.9026923211864,797.6563069934562,0.0,hyperliquid,0.0010805589993146713
2025-09-03,1688054.9727472416,63.08461073376252,815.6099290464844,0.0,hyperliquid,0.0008786945397802629
2025-09-04,1688725.1345043639,-148.9090230109044,819.0707801330157,0.0,hyperliquid,0.0006701617571222596
2025-09-05,1689667.8300933312,130.81498737397294,811.8806015933424,0.0,hyperliquid,0.0009426955889672973
2025-09-06,1690268.311227111,-150.8651349716826,751.3462687514672,0.0,hyperliquid,0.0006004811337797437
2025-09-07,1691149.6574453607,185.34160827973116,696.0046099701249,0.0,hyperliquid,0.0008813462182497606
2025-09-08,1692094.1764604775,221.7741935485579,722.7448215682462,0.0,hyperliquid,0.0009445190151168499
2025-09-09,1692687.9496003927,-227.88704342585632,821.6601833410393,0.0,hyperliquid,0.0005937731399151962
2025-09-10,1693357.917213403,-147.9309670303374,817.8985800405449,0.0,hyperliquid,0.0006699676130102016
2025-09-11,1694602.2254610818,408.82739979339175,835.4808478856208,0.0,hyperliquid,0.0012443082476789131
2025-09-12,1695265.3009581123,-183.6300103139168,846.7055073443114,0.0,hyperliquid,0.0006630754970305134
2025-09-13,1696001.6186662605,-114.43254970285585,850.7502578511221,0.0,hyperliquid,0.0007363177081481554
2025-09-14,1696963.5076257866,111.98740975179416,849.901549774158,0.0,hyperliquid,0.0009618889595260844
2025-09-15,1697867.7937338352,59.17238681220612,845.113721236263,0.0,hyperliquid,0.0009042861080486328
2025-09-16,1698498.3989948875,-215.17231568062016,845.7775767329375,0.0,hyperliquid,0.0006306052610522602
2025-09-17,1698942.178848754,-184.60806629448382,628.387920161068,0.0,hyperliquid,0.0004437798538664356
2025-09-18,1699877.7084660672,81.66767436062166,853.8619429526623,0.0,hyperliquid,0.0009355296173132956
2025-09-19,1701015.5575209092,279.4794963899135,858.369558452182,0.0,hyperliquid,0.001137849054842023
2025-09-20,1702018.819960003,155.51090087848635,847.7515382153146,0.0,hyperliquid,0.0010032624390937854
2025-09-21,1702814.1628575386,-52.81502293958803,848.1579204751575,0.0,hyperliquid,0.0007953428975355346
2025-09-22,1703359.7999943239,-299.28512999265934,844.9222667781057,0.0,hyperliquid,0.0005456371367853135
2025-09-23,1704134.4548072487,-51.34793896909334,826.0027518938721,0.0,hyperliquid,0.0007746548129247968
2025-09-24,1705090.360264801,134.72721129552934,821.178246256713,0.0,hyperliquid,0.0009559054575522896
2025-09-25,1705762.8914026828,32.031333356986856,640.4998045246648,0.0,hyperliquid,0.0006725311378818006
2025-09-26,1706586.07372179,165.780488672305,657.401830435146,0.0,hyperliquid,0.0008231823191072326
2025-09-27,1707035.8805927765,-120.54539958015428,570.352270566739,0.0,hyperliquid,0.0004498068709864747
2025-09-28,1707462.616812231,90.22566418898178,336.5105552655866,0.0,hyperliquid,0.00042673621945455673
2025-09-29,1707643.5367053812,-351.8556389372835,532.7755320875273,0.0,hyperliquid,0.00018091989315021783
2025-09-30,1708621.764492227,259.4293487922039,718.7984380535797,0.0,hyperliquid,0.0009782277868457603
2025-10-01,1709585.442387774,131.30401536461227,832.3738801823185,0.0,hyperliquid,0.0009636778955468908
2025-10-02,1709923.3509089765,-421.7866415335918,759.6951627360672,0.0,hyperliquid,0.0003379085212026257
2025-10-03,1710930.8559103992,123.72408151646333,883.7809199061066,0.0,hyperliquid,0.0010075050014227162
2025-10-04,1711865.260763335,38.144183234285286,896.2606697016041,0.0,hyperliquid,0.0009344048529358115
2025-10-05,1713335.0360179686,-44.50154710654756,1514.2768017400504,0.0,hyperliquid,0.0014697752546335104
2025-10-06,1715470.2762748098,191.4544581570296,1943.78579868427,0.0,hyperliquid,0.0021352402568412944
2025-10-07,1716009.4850836108,-627.9119393966357,1167.1207481973984,0.0,hyperliquid,0.0005392088088009041
2025-10-08,1717386.7401514812,401.4919799412741,975.7630879292777,0.0,hyperliquid,0.0013772550678704865
2025-10-09,1718758.1824886121,544.0436390795604,827.3986980512678,0.0,hyperliquid,0.0013714423371308949
2025-10-10,1720105.7172220845,352.1001529326032,995.4345805397979,0.0,hyperliquid,0.001347534733472392
2025-10-11,1720243.8601763782,-575.0969164563361,713.2398707499023,0.0,hyperliquid,0.00013814295429363848
2025-10-12,1720898.754621004,142.06263114800282,512.8318134780116,0.0,hyperliquid,0.0006548944446258247
2025-10-13,1721608.415871661,-24.20688551387407,733.8681361707331,0.0,hyperliquid,0.0007096612506569363
2025-10-14,1721529.6463701602,-252.0939289397304,173.32442743891596,0.0,hyperliquid,-7.8769501500763e-05
2025-10-15,1722119.5405400577,-238.89017320456654,828.7843431020378,0.0,hyperliquid,0.0005898941698975395
2025-10-16,1723403.2096976354,487.8054202079879,795.8637373696297,0.0,hyperliquid,0.0012836691575776786
2025-10-17,1724213.255710724,16.871465661756417,793.1745474268237,0.0,hyperliquid,0.0008100460130886641
2025-10-18,1724707.749811268,-285.8368602628874,780.3309608066295,0.0,hyperliquid,0.0004944941005439032
2025-10-19,1725446.2265531623,350.14404097182495,388.3327009227069,0.0,hyperliquid,0.0007384767418943812
2025-10-20,1725676.2815109887,-267.25379663531663,497.30875446184695,0.0,hyperliquid,0.000230054957826389
2025-10-21,1725973.9580398405,137.4168652415549,160.25966361024913,0.0,hyperliquid,0.00029767652885173446
2025-10-22,1726185.2344081146,-448.1941530035637,659.4705212776523,0.0,hyperliquid,0.0002112763682741206
2025-10-23,1726765.9460994399,-208.08140982346634,788.7931011487713,0.0,hyperliquid,0.0005807116913252976
2025-10-24,1727984.7945718945,411.7615677350928,807.0869047195647,0.0,hyperliquid,0.0012188484724545852
2025-10-25,1728488.484110252,-310.28825977172534,813.9777981292457,0.0,hyperliquid,0.0005036895383575466
2025-10-26,1729731.7600198444,424.720809474937,818.5551001173667,0.0,hyperliquid,0.0012432759095923976
2025-10-27,1730897.9835244631,113.45449372264466,1052.7690108961883,0.0,hyperliquid,0.0011662235046187416
2025-10-28,1731293.1000464957,-441.5922751363376,836.7087971689728,0.0,hyperliquid,0.0003951165220325347
2025-10-29,1732659.979016948,525.4605754527013,841.4183949994665,0.0,hyperliquid,0.0013668789704523515
2025-10-30,1732817.2244203647,-714.9589216489527,872.2043250656188,0.0,hyperliquid,0.00015724540341668762
2025-10-31,1734187.7028675673,576.3194864315111,794.1589607710638,0.0,hyperliquid,0.0013704784472025932
2025-11-01,1734784.4920876124,-206.85883984757967,803.6480598925916,0.0,hyperliquid,0.0005967892200450879
2025-11-02,1735591.4907227799,-0.244513994963844,807.2431491624286,0.0,hyperliquid,0.0008069986351674889
2025-11-03,1736241.7562374107,-122.50151154093248,772.7670261718667,0.0,hyperliquid,0.0006502655146308243
2025-11-04,1736684.3854069272,-164.80243269209382,607.4316022086284,0.0,hyperliquid,0.0004426291695164982
2025-11-05,1737623.6873861568,195.12216808326633,744.1798111462816,0.0,hyperliquid,0.0009393019792295527
2025-11-06,1738343.2792706538,27.63008144550277,691.961803051757,0.0,hyperliquid,0.0007195918844970874
2025-11-07,1738805.9767695074,-188.76480421135986,651.4623030650498,0.0,hyperliquid,0.0004626974988535512
2025-11-08,1739139.752208024,-162.60180673599595,496.37724525269414,0.0,hyperliquid,0.00033377543851663356
2025-11-09,1739833.091995334,241.09079916066437,452.2489881492069,0.0,hyperliquid,0.0006933397873099893
2025-11-10,1740811.1775618952,210.28203577920837,767.8035307820892,0.0,hyperliquid,0.0009780855665612034
2025-11-11,1741407.0554782804,-181.42938435817476,777.3073007433227,0.0,hyperliquid,0.0005958779163851868
2025-11-12,1742367.3044824414,204.65821389183765,755.5907902692322,0.0,hyperliquid,0.0009602490041609854
2025-11-13,1742974.8484277132,-113.20997972768082,720.7539249993778,0.0,hyperliquid,0.0006075439452717546
2025-11-14,1743440.8013876663,-265.05317067957463,731.0061306327133,0.0,hyperliquid,0.0004659529599531088
2025-11-15,1744417.9592885212,278.01241241977465,699.1454884352438,0.0,hyperliquid,0.000977157900854945
2025-11-16,1744794.4648723316,-324.47007148710037,700.9756552975068,0.0,hyperliquid,0.0003765055838103872
2025-11-17,1745613.5523841502,95.84948607599671,723.2380257425446,0.0,hyperliquid,0.0008190875118186232
2025-11-18,1746450.8229727442,136.68332325630755,700.587265337874,0.0,hyperliquid,0.0008372705885940231
2025-11-19,1747100.375378762,-32.031333356986856,681.5837393747555,0.0,hyperliquid,0.0006495524060176686
2025-11-20,1747818.823515121,47.19120105292892,671.2569353060428,0.0,hyperliquid,0.0007184481363589876
2025-11-21,1748206.1439529343,-247.93719102321018,635.2576288366469,0.0,hyperliquid,0.00038732043781341055
2025-11-22,1748738.7138601164,-3.5581469287271797e-10,532.5699071826654,0.0,hyperliquid,0.0005325699071821291
2025-11-23,1749628.3814874548,355.2788348689122,534.3887924694579,0.0,hyperliquid,0.00088966762733832
2025-11-24,1749015.8335729667,-683.4166162822494,70.86870179411034,0.0,hyperliquid,-0.0006125479144880083
2025-11-25,1749792.4538856784,746.0121990253725,30.6081136863597,0.0,hyperliquid,0.0007766203127116897
2025-11-26,1749994.9691333435,-172.1378525445673,374.6531002097041,0.0,hyperliquid,0.00020251524766511285
2025-11-27,1750237.8160746065,3.4231959312728892,239.423745331561,0.0,hyperliquid,0.00024284694126294927
2025-11-28,1750584.0703466842,-104.40747590400103,450.6617479817815,0.0,hyperliquid,0.00034625427207769826
2025-11-29,1750857.9212793258,28.608137425713963,245.2427952158392,0.0,hyperliquid,0.0002738509326416533
2025-11-30,1751302.2481338652,-131.30401536425646,575.630869903528,0.0,hyperliquid,0.00044432685453933663
2025-12-01,1751583.5932798483,48.169257032784294,233.1758889505237,0.0,hyperliquid,0.0002813451459831558
2025-12-02,1751272.0650139903,122.25699754596863,-433.7852634039238,0.0,hyperliquid,-0.00031152826585806906
2025-12-03,1751353.045348819,-384.6205142795177,465.60084910825753,0.0,hyperliquid,8.098033482884057e-05
2025-12-04,1752277.7786443322,595.8806060389372,328.85268947416154,0.0,hyperliquid,0.0009247332955130841
2025-12-05,1752403.6140620639,-239.37920119485003,365.21461892645016,0.0,hyperliquid,0.00012583541773166507
2025-12-06,1752539.4922498397,-46.94668705796507,182.82487483395278,0.0,hyperliquid,0.0001358781877758447
2025-12-07,1752271.6215709976,-42.54543514576937,-225.3252436962292,0.0,hyperliquid,-0.0002678706788420677
2025-12-08,1752658.7183147708,249.8933029843442,137.20344078880214,0.0,hyperliquid,0.00038709674377320337
2025-12-09,1752247.2651519128,-644.7834050576805,233.33024219964796,0.0,hyperliquid,-0.00041145316285802984
2025-12-10,1753257.9750459816,414.6957356757264,596.0141583931209,0.0,hyperliquid,0.001010709894068772
2025-12-11,1753753.7438247995,-64.30718070893755,560.0759595268212,0.0,hyperliquid,0.000495768778817961
2025-12-12,1754367.8513929565,-51.34793896944915,665.4555071262938,0.0,hyperliquid,0.0006141075681569054
2025-12-13,1755089.1903782084,72.13162855205033,649.207356699928,0.0,hyperliquid,0.0007213389852519613
2025-12-14,1755772.4172508575,243.78045310668992,439.44641954244776,0.0,hyperliquid,0.0006832268726490438
2025-12-15,1756167.301637969,113.94352171292816,280.94086539860234,0.0,hyperliquid,0.0003948843871115241
2025-12-16,1756167.2241822926,-275.81178646367675,275.734330787424,0.0,hyperliquid,-7.745567639358342e-08
2025-12-17,1756161.4417824228,-121.0344275707936,115.25202770116834,0.0,hyperliquid,-5.782399869756773e-06
2025-12-18,1756778.279613015,110.03129779137177,506.80653280079673,0.0,hyperliquid,0.0006168378305921796
2025-12-19,1757169.7531418456,121.76796955604095,269.7055592743714,0.0,hyperliquid,0.0003914735288305674
2025-12-20,1756717.4667082378,-236.2005192588968,-216.0859143489704,0.0,hyperliquid,-0.0004522864336078055
2025-12-21,1757240.1855466035,79.71156240019927,443.00727596563024,0.0,hyperliquid,0.0005227188383657485
2025-12-22,1757526.850871582,-64.55169470461303,351.2170196831099,0.0,hyperliquid,0.0002866653249785304
2025-12-23,1757931.5093023852,42.056407155841676,362.6020236471709,0.0,hyperliquid,0.0004046584308031015
2025-12-24,1758152.0446352176,-400.75843795567096,621.2937707883355,0.0,hyperliquid,0.00022053533283248542
2025-12-25,1759262.8281914296,467.9997866063095,642.7837696055767,0.0,hyperliquid,0.0011107835562119727
2025-12-26,1759859.2520766307,10.514101788782511,585.9097834122595,0.0,hyperliquid,0.0005964238852011039
2025-12-27,1760714.6962696454,214.9278016856563,640.5163913290892,0.0,hyperliquid,0.0008554441930146423
2025-12-28,1761219.8731360722,-91.93726215444032,597.1141285812411,0.0,hyperliquid,0.0005051768664268311
2025-12-29,1761442.145194963,-371.41675854435385,593.6888174351816,0.0,hyperliquid,0.00022227205889089965
2025-12-30,1762106.470241424,39.61126720477998,624.7137792559662,0.0,hyperliquid,0.0006643250464608427
2025-12-31,1762666.567691365,-88.7585802184871,648.8560301596899,0.0,hyperliquid,0.000560097449941095
2026-01-01,1763544.1893037348,234.97794928336594,642.6436630863891,0.0,hyperliquid,0.0008776216123697814
2026-01-02,1763899.580370527,-21.028203577920838,376.4192703702386,0.0,hyperliquid,0.0003553910667921882
2026-01-03,1764481.6153310486,112.23192374711381,469.80303677446034,0.0,hyperliquid,0.0005820349605216179
2026-01-04,1764642.2539211689,-279.47949639026933,440.1180865106075,0.0,hyperliquid,0.00016063859012024477
2026-01-05,1765137.0802502434,8.068961838432443,486.7573672360138,0.0,hyperliquid,0.0004948263290745672
2026-01-06,1765908.7695225943,119.0783156096596,652.6109567412286,0.0,hyperliquid,0.0007716892723508645
2026-01-07,1767048.2682340331,60.150442792417316,1079.3482686466152,0.0,hyperliquid,0.0011394987114388495
2026-01-08,1767625.038359758,-93.15983212997118,669.9299578546787,0.0,hyperliquid,0.0005767701257248409
2026-01-09,1768394.2290184342,101.2287939680478,667.9618647081837,0.0,hyperliquid,0.0007691906586762052
2026-01-10,1768994.5380174385,-64.30718070893755,664.6161797133408,0.0,hyperliquid,0.0006003089990043081
2026-01-11,1769560.725335561,-62.84009673879867,629.0274148614274,0.0,hyperliquid,0.0005661873181224801
2026-01-12,1770372.2541849206,348.67695700133027,462.85189235827085,0.0,hyperliquid,0.0008115288493596017
2026-01-13,1770702.4944710606,-135.94978127141601,466.1900674113971,0.0,hyperliquid,0.0003302402861400042
2026-01-14,1771120.4404118215,-120.05637158987078,538.002312350891,0.0,hyperliquid,0.0004179459407608956
2026-01-15,1771953.3137624632,122.01248355064898,710.8608670910837,0.0,hyperliquid,0.0008328733506416902
2026-01-16,1772498.5853508264,-155.75541487345018,701.0270032364762,0.0,hyperliquid,0.0005452715883632191
2026-01-17,1773437.0579385846,237.91211722435534,700.5604705338408,0.0,hyperliquid,0.0009384725877582096
2026-01-18,1773956.9526419672,-177.7616744315822,697.6563778141337,0.0,hyperliquid,0.0005198947033826261
2026-01-19,1774936.0598713055,471.17846854190697,507.9287607964043,0.0,hyperliquid,0.0009791072293382603
2026-01-20,1774012.125465602,-434.0123412881887,-489.9220644153004,0.0,hyperliquid,-0.0009239344057035633
2026-01-21,1774003.0636774737,-108.31969982555742,99.25791169737167,0.0,hyperliquid,-9.06178812822327e-06
2026-01-22,1774176.0249714649,155.75541487345018,17.205879117926887,0.0,hyperliquid,0.00017296129399118945
2026-01-23,1773024.8728628934,-50.12536899391831,-210.02673957747987,891.0,binance,-0.0011511521085714922
2026-01-24,1773345.7635714437,6.8463918625457785,314.0443166878579,0.0,binance,0.00032089070855034513
2026-01-25,1773732.985893811,75.31031048835938,311.91201187893444,0.0,binance,0.0003872223223673645
2026-01-26,1773920.4288133082,-77.75545043906526,265.1983699363375,0.0,binance,0.00018744291949714535
2026-01-27,1774427.4466954346,122.74602553589632,384.27185659031903,0.0,binance,0.0005070178821263835
2026-01-28,1774921.2821901487,139.61749119765275,354.2180035165559,0.0,binance,0.0004938354947140906
2026-01-29,1774954.632234257,-339.62993918268666,372.9799832908028,0.0,binance,3.335004410822876e-05
2026-01-30,1775264.211344613,175.07202048591247,134.50708987000746,0.0,binance,0.00030957911035604774
2026-01-31,1775761.448945095,89.00309421345094,408.2345062684497,0.0,binance,0.000497237600482069
2026-02-01,1774687.0458006605,-359.43557278507666,176.03242835048638,891.0,hyperliquid,-0.00107440314443456
2026-02-02,1774268.228374222,54.282106910082724,-473.099533348597,0.0,hyperliquid,-0.00041881742643844335
2026-02-03,1774512.381401299,231.79926734741272,12.35375972943416,0.0,hyperliquid,0.00024415302707697265
2026-02-04,1774820.9051863789,-202.70210193105945,511.22588701070526,0.0,hyperliquid,0.0003085237850798294
2026-02-05,1775109.6785206853,-231.55475335244887,520.3280876588229,0.0,hyperliquid,0.0002887733343064319
2026-02-06,1774844.1098324999,328.3822954086568,-593.9509835941557,0.0,hyperliquid,-0.0002655686881854199
2026-02-07,1773979.0009526578,-146.95291105048202,-718.1559687915675,0.0,hyperliquid,-0.0008651088798420969
2026-02-08,1773849.0875813004,-16.871465661400602,-113.04190569615358,0.0,hyperliquid,-0.0001299133713573683
2026-02-09,1774022.1354558489,173.84945051073746,-0.8015759622292649,0.0,hyperliquid,0.00017304787454847247
2026-02-10,1773802.993832279,-361.3916847462106,142.2500611761568,0.0,hyperliquid,-0.00021914162356988527
2026-02-11,1774070.5229586514,209.79300778892488,57.736118583508194,0.0,hyperliquid,0.0002675291263724212
2026-02-12,1773894.0399238393,-201.9685599458121,25.48552513363802,0.0,hyperliquid,-0.0001764830348121468
2026-02-13,1774161.7261804612,30.564249386492158,237.12200723548034,0.0,hyperliquid,0.0002676862566219643
2026-02-14,1774732.2320189571,85.57989828217805,484.92594021366085,0.0,hyperliquid,0.000570505838495912
2026-02-15,1774992.2720277705,-120.54539958015428,380.5854083935875,0.0,hyperliquid,0.0002600400088133756
2026-02-16,1775416.4110273784,199.27890599978656,224.8600936080041,0.0,hyperliquid,0.00042413899960787966
2026-02-17,1775571.9697211655,-143.2852011242453,298.84389491126365,0.0,hyperliquid,0.00015555869378708302
2026-02-18,1775804.7750181446,-54.03759291476307,286.84288989383646,0.0,hyperliquid,0.00023280529697914607
2026-02-19,1776464.7971870652,258.6958068069565,401.3263621137569,0.0,hyperliquid,0.0006600221689206082
2026-02-20,1776634.1486014156,-204.65821389183765,374.009628242011,0.0,hyperliquid,0.0001693514143503271
2026-02-21,1776812.1474657245,265.78671266482195,-87.78784835593237,0.0,hyperliquid,0.00017799886430893094
2026-02-22,1776919.5259696888,49.636341003634804,57.74216296066437,0.0,hyperliquid,0.00010737850396428258
2026-02-23,1776763.6501981607,-316.40110964902374,160.52533812106557,0.0,hyperliquid,-0.0001558757715281099
2026-02-24,1777058.6550801618,10.269587793996575,284.73529420706336,0.0,hyperliquid,0.0002950048820010852
2026-02-25,1777053.0661710054,-84.60184230178895,79.0129331454725,0.0,hyperliquid,-5.5889091563876715e-06
2026-02-26,1777506.788935056,214.9278016856563,238.79496236485045,0.0,hyperliquid,0.00045372276405058803
2026-02-27,1777744.648550271,37.89966923932144,199.95994597587762,0.0,hyperliquid,0.00023785961521510034
2026-02-28,1777357.9402652453,-24.451399509193728,-362.2568855167692,0.0,hyperliquid,-0.0003867082850257866
2026-03-01,1777360.9807714913,4.156737916520236,-1.1162316703417616,0.0,hyperliquid,3.0405062460340557e-06
2026-03-02,1776979.0842233691,-236.68954724882448,-145.20700087335953,0.0,hyperliquid,-0.0003818965481221676
2026-03-03,1777257.0013528133,41.07835117527467,236.83877826906325,0.0,hyperliquid,0.00027791712944419124
2026-03-04,1777271.64318394,355.7678628588399,-341.126031732226,0.0,hyperliquid,1.4641831126762554e-05
2026-03-05,1776832.6643463399,-426.4324074400397,-12.546430160089983,0.0,hyperliquid,-0.0004389788376002107
2026-03-06,1777476.5314317988,265.29768467453846,378.56940078440095,0.0,hyperliquid,0.0006438670854589436
2026-03-07,1777551.8596172628,-127.14727744773622,202.47546291167268,0.0,hyperliquid,7.532818546402269e-05
2026-03-08,1777641.5986730545,-5.134793897087241,94.87384968880039,0.0,hyperliquid,8.973905579163692e-05
2026-03-09,1777697.4549047996,148.9090230109044,-93.0527912657823,0.0,hyperliquid,5.585623174509965e-05
2026-03-10,1777480.886237751,30.80876338181182,-247.37743043043352,0.0,hyperliquid,-0.0002165686670485884
2026-03-11,1777249.382189595,212.23814773963076,-443.7421958955881,0.0,hyperliquid,-0.00023150404815608635
2026-03-12,1776604.1012422033,-121.76796955568514,-523.5129778359178,0.0,hyperliquid,-0.0006452809473916423
2026-03-13,1777466.0388532912,473.8681224879325,388.06948859984624,0.0,hyperliquid,0.0008619376110879239
2026-03-14,1776639.6728045135,-653.5859088806487,-172.78013989712628,0.0,hyperliquid,-0.0008263660487777088
2026-03-15,1776711.9088511828,74.33225450814818,-2.096207838674111,0.0,hyperliquid,7.223604666930623e-05
2026-03-16,1776897.4061688206,-26.896539460255426,212.393857098019,0.0,hyperliquid,0.00018549731763778255
2026-03-17,1777098.9152228956,44.501547106903374,157.00750696802646,0.0,hyperliquid,0.0002015090540749952
2026-03-18,1777122.282632846,-29.341679411317124,52.70908936164065,0.0,hyperliquid,2.3367409950355067e-05
2026-03-19,1777140.5760685864,160.89020877089325,-142.59677303041752,0.0,hyperliquid,1.8293435740517452e-05
2026-03-20,1777464.0339243491,-25.429455489760734,348.8873112526229,0.0,hyperliquid,0.000323457855762681
2026-03-21,1777411.0266041942,-109.54226980144409,56.53494964656615,0.0,hyperliquid,-5.3007320154923943e-05
2026-03-22,1776890.906563102,-36.921613258754434,-483.1984278333615,0.0,hyperliquid,-0.0005201200410921592
2026-03-23,1776721.091166921,-203.4356439163068,33.620247735266915,0.0,hyperliquid,-0.0001698153961810749
2026-03-24,1777272.7125557563,297.08450403656144,254.53688479878718,0.0,hyperliquid,0.0005516213888353669
2026-03-25,1777539.9606856236,-188.52029021568438,455.7684200830459,0.0,hyperliquid,0.0002672481298672501
2026-03-26,1777965.3949180807,153.79930291267198,271.63492954440375,0.0,hyperliquid,0.00042543423245707527
2026-03-27,1778207.607417043,-166.75854465287202,408.9710436154507,0.0,hyperliquid,0.00024221249896241352
2026-03-28,1778948.0933669503,268.23185261588367,472.2540972911629,0.0,hyperliquid,0.000740485949907219
2026-03-29,1779249.8262668215,-22.984315538699033,324.7172154100722,0.0,hyperliquid,0.00030173289987118915
2026-03-30,1778830.6518789597,-227.64252943053668,-191.53185843128716,0.0,hyperliquid,-0.0004191743878617417
2026-03-31,1778617.3598137668,1.222569975886664,-214.51463516902584,0.0,hyperliquid,-0.0002132920651929453
2026-04-01,1778681.810462797,247.2036490379628,-182.75300000769107,0.0,hyperliquid,6.445064903027377e-05
2026-04-02,1777773.2763680662,-380.70829035831713,-527.8258043724436,0.0,hyperliquid,-0.0009085340947308577
2026-04-03,1777862.329144199,143.52971511885332,-54.47693898611161,0.0,hyperliquid,8.905277613271028e-05
2026-04-04,1776831.6043104527,22.00625955813203,-128.73109330431768,924.0,bybit,-0.001030724833746208
2026-04-05,1776692.2833339928,-121.52345556072129,-17.79752089927802,0.0,bybit,-0.00013932097645988687
2026-04-06,1777040.1836848615,170.1817405841449,177.71861028470317,0.0,bybit,0.00034790035086870193
2026-04-07,1776881.0577551108,-12.714727744524552,-146.41120200634847,0.0,bybit,-0.00015912592975073493
2026-04-08,1777181.3919091187,-42.54543514612518,342.87958915424827,0.0,bybit,0.00030033415400795637
2026-04-09,1777293.034473008,-55.99370487625289,167.63626876533772,0.0,bybit,0.00011164256388926879
2026-04-10,1777859.990275263,143.04068712892564,423.9151151260803,0.0,bybit,0.0005669558022550773
2026-04-11,1777962.6521735322,189.0093182063237,-86.34741993722658,0.0,bybit,0.00010266189826908521
2026-04-12,1777616.9245171498,-380.21926236803364,34.49160598570259,0.0,bybit,-0.00034572765638236886
2026-04-13,1777518.4331052813,14.670839705302747,-113.16225157378099,0.0,bybit,-9.849141186848283e-05
2026-04-14,1776315.2547167388,66.9968346553189,-346.1752231976874,924.0,hyperliquid,-0.0012031783885424958
2026-04-15,1775760.1405168793,-206.61432585261582,-348.4998740070509,0.0,hyperliquid,-0.0005551141998595558
2026-04-16,1775916.146055923,221.04065156295474,-65.03511251913879,0.0,hyperliquid,0.0001560055390438065
2026-04-17,1776020.4390048129,337.18479923162494,-232.89185034178615,0.0,hyperliquid,0.00010429294888977892
2026-04-18,1775410.544977861,-148.41999502097673,-461.4740319308604,0.0,hyperliquid,-0.0006098940269518644
2026-04-19,1775051.3563593999,-84.35732830664719,-274.831290154444,0.0,hyperliquid,-0.0003591886184611358
2026-04-20,1775184.681993711,133.01561333042662,0.31002098054557337,0.0,hyperliquid,0.00013332563431118615
2026-04-21,1775329.1602312138,182.6519543333498,-38.17371683058736,0.0,hyperliquid,0.00014447823750274257
2026-04-22,1775019.929481722,-74.08774051282853,-235.14300897899847,0.0,hyperliquid,-0.000309230749491835
2026-04-23,1775037.394204151,-227.8870434255005,245.35176585446527,0.0,hyperliquid,1.746472242893651e-05
2026-04-24,1775564.7381579608,38.144183234285286,489.19977057554144,0.0,hyperliquid,0.0005273439538099337
2026-04-25,1775968.3002718876,42.789949141089025,360.7721647857391,0.0,hyperliquid,0.00040356211392674596
2026-04-26,1776073.5364882569,-44.74606110186722,149.98227747114737,0.0,hyperliquid,0.00010523621636931784
2026-04-27,1776358.9437343786,77.02190845417373,208.38533766760324,0.0,hyperliquid,0.00028540724612167106
2026-04-28,1776171.9595961776,-74.08774051282853,-112.89639768823133,0.0,hyperliquid,-0.00018698413820099086
2026-04-29,1776153.529079971,109.05324181080476,-127.48375801739161,0.0,hyperliquid,-1.8430516206659376e-05
2026-04-30,1775596.4678583634,-354.05626489302557,-203.00495671466552,0.0,hyperliquid,-0.0005570612216074951
2026-05-01,1775570.4010855618,270.9215065619092,-296.9882793634634,0.0,hyperliquid,-2.606677280156873e-05
2026-05-02,1775491.6174712128,-47.6802290428566,-31.10338530619819,0.0,hyperliquid,-7.878361434908584e-05
2026-05-03,1775672.0932111633,-126.90276345312819,307.37850340363485,0.0,hyperliquid,0.000180475739950547
2026-05-04,1775658.412927429,135.4607532811325,-149.14103701541774,0.0,hyperliquid,-1.3680283734342083e-05
2026-05-05,1775691.079509603,-114.18803570824782,146.8546178822643,0.0,hyperliquid,3.266658217413351e-05
2026-05-06,1776326.4252548334,213.21620372055358,422.12954150978504,0.0,hyperliquid,0.0006353457452303264
2026-05-07,1776983.6415736906,327.15972543277013,330.05659342435183,0.0,hyperliquid,0.0006572163188571577
2026-05-08,1776983.0857017054,-501.49820393343526,500.94233194830986,0.0,hyperliquid,-5.558719851542265e-07
2026-05-09,1777133.5810263401,36.18807127350709,114.30725336131168,0.0,hyperliquid,0.00015049532463471405
2026-05-10,1777512.0982858045,157.2224988443007,221.2947606199097,0.0,hyperliquid,0.00037851725946436637
2026-05-11,1777392.3234309137,-294.3948500905359,174.61999519976797,0.0,hyperliquid,-0.00011977485489076935
2026-05-12,1778162.0935639113,346.96535903516013,422.8047739624383,0.0,hyperliquid,0.0007697701329975389
2026-05-13,1778399.8849817046,-75.55482448332322,313.34624227669207,0.0,hyperliquid,0.00023779141779337078
2026-05-14,1777922.5526346439,-441.59227513598177,-35.74007192490308,0.0,hyperliquid,-0.00047733234706078654
2026-05-15,1778353.8882938505,386.0875982500124,45.24806095653875,0.0,hyperliquid,0.000431335659206612
2026-05-16,1777968.9006582433,-48.902799018387455,-336.0848365886297,0.0,hyperliquid,-0.0003849876356071327
2026-05-17,1778119.1235493901,111.25386776690263,38.96902337989472,0.0,hyperliquid,0.0001502228911467828
2026-05-18,1778103.6601677323,-402.959063911413,387.49568225344103,0.0,hyperliquid,-1.5463381657842548e-05
2026-05-19,1778947.2080213442,278.99046839998584,564.5573852117936,0.0,hyperliquid,0.0008435478536118754
2026-05-20,1779404.9382201561,-105.63004587988769,563.3602446918235,0.0,hyperliquid,0.0004577301988119725
2026-05-21,1780050.0893111292,185.34160827973116,459.80948269334397,0.0,hyperliquid,0.0006451510909730568
2026-05-22,1780101.917586391,-311.0218017569727,362.8500770187743,0.0,hyperliquid,5.182827526191249e-05
2026-05-23,1779907.581457959,-68.95294661609711,-125.38318181589432,0.0,hyperliquid,-0.00019433612843207084
2026-05-24,1779863.5421783363,251.84941494476655,-295.88869456754367,0.0,hyperliquid,-4.403927962272428e-05
2026-05-25,1779501.936271286,-49.88085499859864,-311.7250520516058,0.0,hyperliquid,-0.0003616059070501942
2026-05-26,1778565.5715737108,143.04068712856983,-155.40538470398246,924.0,bybit,-0.0009363646975753363
2026-05-27,1778020.7144322658,-393.66753209816136,-151.18960934665864,0.0,bybit,-0.0005448571414449253
2026-05-28,1778438.2809011282,168.71465661365022,248.85181224881745,0.0,bybit,0.00041756646886235104
2026-05-29,1777751.9223903122,-126.90276345241656,397.54425263630543,957.0,binance,-0.0006863585108160042
2026-05-30,1778168.5987778623,157.95604082919223,258.72034672084504,0.0,binance,0.0004166763875500765
2026-05-31,1778334.340272103,-124.70213749667452,290.44363173747195,0.0,binance,0.00016574149424070493
2026-06-01,1778543.26503544,-153.79930291302782,362.7240662499555,0.0,binance,0.00020892476333701052
2026-06-02,1778875.3913664294,-92.67080414004349,424.797135129548,0.0,binance,0.000332126330989413
2026-06-03,1779566.9634681249,326.18166945255894,365.39043224294915,0.0,binance,0.000691572101695463
2026-06-04,1779477.1726480897,-139.12846320701343,49.33764317183554,0.0,binance,-8.979082003515213e-05
2026-06-05,1779646.2510245033,184.36355229916416,-15.285175885585236,0.0,binance,0.0001690783764135558
2026-06-06,1778885.2929130343,45.968631077398065,84.07325745367572,891.0,hyperliquid,-0.0007609581114689354
2026-06-07,1779306.6074505688,11.003129779243922,410.31140775545043,0.0,hyperliquid,0.0004213145375344902
2026-06-08,1779651.4030047231,-46.702173062645414,391.4977272168528,0.0,hyperliquid,0.00034479555415431966
2026-06-09,1779892.605932623,-120.0563715902266,361.25929948987715,0.0,hyperliquid,0.00024120292789977976
2026-06-10,1780248.7620843812,171.1597965643561,184.99635519396628,0.0,hyperliquid,0.0003561561517582741
2026-06-11,1780260.7166631136,-188.5202902158623,200.4748689483231,0.0,hyperliquid,1.1954578732373193e-05
2026-06-12,1780588.0991077523,14.915353700622406,312.46709093831134,0.0,hyperliquid,0.0003273824446387589
2026-06-13,1781174.3321506658,122.25699754596863,463.9760453675713,0.0,hyperliquid,0.0005862330429134891
2026-06-14,1781776.6820783536,164.06889070666855,438.2810369811192,0.0,hyperliquid,0.0006023499276877846
2026-06-15,1782224.970171891,113.45449372246675,334.83359981488076,0.0,hyperliquid,0.00044828809353732505
2026-06-16,1782469.5756522708,-36.92161325839862,281.52709363814597,0.0,hyperliquid,0.00024460548037989066
2026-06-17,1782452.6078096302,-308.57666180626677,291.60881916562937,0.0,hyperliquid,-1.696784264058806e-05
2026-06-18,1782634.7525129628,153.55478891770815,28.58991441485579,0.0,hyperliquid,0.00018214470333256758
2026-06-19,1782970.5250329943,-60.88398477784257,396.656504809368,0.0,hyperliquid,0.0003357725200315472
2026-06-20,1783228.0446915112,-63.81815271900986,321.3378112357516,0.0,hyperliquid,0.00025751965851685964
2026-06-21,1783132.717591912,-85.33538428703629,-9.99171531215545,0.0,hyperliquid,-9.532709959917701e-05
2026-06-22,1783291.507386495,-76.04385247360672,234.833647056585,0.0,hyperliquid,0.0001587897945828736
2026-06-23,1783654.22491296,124.94665149199417,237.77087497321463,0.0,hyperliquid,0.0003627175264651887
2026-06-24,1784039.4773885934,194.63314009316073,190.6193355401981,0.0,hyperliquid,0.00038525247563328595
2026-06-25,1783639.5156128702,-270.67699256676747,-129.2847831564534,0.0,hyperliquid,-0.00039996177572314626
2026-06-26,1783451.1816031279,-101.7178219583313,-86.6161877840808,0.0,hyperliquid,-0.0001883340097423643
2026-06-27,1783614.6850792102,66.75232065999924,96.75115542220901,0.0,hyperliquid,0.00016350347608234733
2026-06-28,1783758.6074750097,79.22253440991577,64.69986138963972,0.0,hyperliquid,0.00014392239579954185
2026-06-29,1783918.5991191994,-44.012519116441965,204.00416330622932,0.0,hyperliquid,0.00015999164418969302
2026-06-30,1784423.785855237,212.4826617347725,292.7040743026016,0.0,hyperliquid,0.000505186736037489
2026-07-01,1784292.834174776,-395.86815805390336,264.91647759295984,0.0,hyperliquid,-0.00013095168046094478
2026-07-02,1784857.4140552753,124.45762350188859,440.12225699754606,0.0,hyperliquid,0.000564579880499281
2026-07-03,1785198.685247778,-119.81185759508485,461.08305009769447,0.0,hyperliquid,0.00034127119250269605
2026-07-04,1785615.0840234298,-42.54543514594727,458.94421079773804,0.0,hyperliquid,0.0004163987756518181
2026-07-05,1786355.5816983238,277.52338442931324,462.97429046484336,0.0,hyperliquid,0.0007404976748940535
2026-07-06,1786912.710748365,90.47017818412354,466.6588718568837,0.0,hyperliquid,0.0005571290500410832
2026-07-07,1787055.1902758747,-327.1597254331259,469.63925294305943,0.0,hyperliquid,0.00014247952750977129
2026-07-08,1787744.0013599163,224.2193334992638,464.59175054237653,0.0,hyperliquid,0.0006888110840416047
2026-07-09,1788354.9569872948,154.28833090313339,456.66729647544196,0.0,hyperliquid,0.000610955627378542
2026-07-10,1788769.631450253,-48.902799018387455,463.57726197674015,0.0,hyperliquid,0.00041467446295823904
2026-07-11,1789223.1767920393,-16.871465661400602,470.4168074474518,0.0,hyperliquid,0.00045354534178623
2026-07-12,1789781.2782742388,90.22566418898178,467.8758180104563,0.0,hyperliquid,0.000558101482199505
2026-07-13,1790106.8479251615,-142.06263114853652,467.6322820713448,0.0,hyperliquid,0.0003255696509226691
2026-07-14,1790498.7655723242,-63.08461073376252,455.00225789646834,0.0,hyperliquid,0.0003919176471626852
2026-07-15,1791013.7798136203,45.72411708225632,469.2901242136875,0.0,hyperliquid,0.0005150142412960995
2026-07-16,1791622.776639384,134.23818330542375,474.7586424582993,0.0,hyperliquid,0.0006089968257637229
2026-07-17,1791949.4554057887,-141.3290891631113,468.007855567806,0.0,hyperliquid,0.00032667876640474425
2026-07-18,1792239.032596634,-179.22875840243273,468.8059492477861,0.0,hyperliquid,0.00028957719084527346
2026-07-19,1792854.7679835886,140.3510331829001,475.3843537717395,0.0,hyperliquid,0.0006157353869546204
2026-07-20,1793175.8565956804,5.86833588215668,315.2202762094107,0.0,hyperliquid,0.00032108861209172754
2026-07-21,1793455.50926091,74.82128249825378,204.83138273139915,0.0,hyperliquid,0.00027965266522974707
2026-07-22,1793916.6589334952,74.33225450761446,386.8174180773865,0.0,hyperliquid,0.00046114967258507384
2026-07-23,1794243.761014128,-33.009389337198044,360.11146997012486,0.0,hyperliquid,0.0003271020806329325
2026-07-24,1794584.0241957493,-76.28836646857057,416.55154808976783,0.0,hyperliquid,0.0003402631816212088
2026-07-25,1794856.717256337,-143.77422911417298,416.4672897018486,0.0,hyperliquid,0.00027269306058762597
2026-07-26,1795503.3258759617,330.3384073692571,316.270212255486,0.0,hyperliquid,0.0006466086196247489
2026-07-27,1795408.877815409,-298.55158800723405,204.10352745456487,0.0,hyperliquid,-9.44480605525896e-05
2026-07-28,1796078.1434384268,253.31649891526126,415.94912410241136,0.0,hyperliquid,0.0006692656230176799
2026-07-29,1795833.0876629017,-580.9652523384927,335.9094768133158,0.0,hyperliquid,-0.00024505577552504836
2026-07-30,1796393.5814358308,342.07507913357045,218.41869379552406,0.0,hyperliquid,0.0005604937729290686
2026-07-31,1796811.6344538003,113.45449372264466,304.59852424689694,0.0,hyperliquid,0.00041805301796947605
