date,nav,basis_pnl,funding_pnl,switch_cost,venue,ret
2023-05-12,1000046.194318095,0.0,46.19431809499412,0.0,bybit,0.0
2023-05-13,1000136.0457773592,-25.728271583601835,115.5797308477521,0.0,bybit,8.985145926417318e-05
2023-05-14,1000194.5691457534,-88.21121685823057,146.73458525246562,0.0,bybit,5.852336839423515e-05
2023-05-15,1000261.0166879351,95.56215159640253,-29.114609414765354,0.0,bybit,6.644754218170419e-05
2023-05-16,1000214.8857999532,-106.58855370357688,60.457665721811665,0.0,bybit,-4.613088798185345e-05
2023-05-17,1000401.9772256849,14.701869476343905,172.38955625525563,0.0,bybit,0.00018709142573166172
2023-05-18,1000449.2604937934,-80.86028212005861,128.14355022860292,0.0,bybit,4.728326810849831e-05
2023-05-19,1000783.4554073577,147.0186947636062,187.17621880057249,0.0,bybit,0.00033419491356424986
2023-05-20,1000980.8245852024,22.052804214515856,175.3163736301923,0.0,bybit,0.00019736917784472462
2023-05-21,1001049.5527699193,-36.754673690776194,105.4828584076316,0.0,bybit,6.872818471689243e-05
2023-05-22,1001309.9488065626,66.15841264354758,194.23762399968814,0.0,bybit,0.0002603960366433021
2023-05-23,1001312.5595427854,-121.29042318000435,123.90115940279225,0.0,bybit,2.610736222821288e-06
2023-05-24,1001443.1357759984,3.6754673691695467,126.90076584377033,0.0,bybit,0.0001305762332129525
2023-05-25,1001702.2692735754,132.31682528726228,126.81667228976046,0.0,bybit,0.00025913349757704417
2023-05-26,1001763.6363886731,-33.07920632194093,94.44632141962141,0.0,bybit,6.136711509770248e-05
2023-05-27,1001761.6301781435,11.026402107341498,-13.032612636925082,0.0,bybit,-2.0062105295946823e-06
2023-05-28,1001757.085909311,18.37733684551345,-22.921605678040187,0.0,bybit,-4.544268832542002e-06
2023-05-29,1001657.5221543644,-279.3355200507849,179.77176510422174,0.0,bybit,-9.95637549465755e-05
2023-05-30,1002163.8005097597,297.7128568961312,208.56549849918414,0.0,bybit,0.000506278355395305
2023-05-31,1002204.4272670797,-117.61495581083481,158.2417131308856,0.0,bybit,4.062675732001662e-05
2023-06-01,1002349.9186423282,3.6754673691695467,141.8159078794224,0.0,bybit,0.00014549137524852996
2023-06-02,1002686.7441271791,150.6941621326086,186.13132271828653,0.0,bybit,0.00033682548485090954
2023-06-03,1002840.6209274855,-33.07920632177379,186.95600662809278,0.0,bybit,0.0001538768003063742
2023-06-04,1003011.5286249054,18.37733684534631,152.53036057448668,0.0,bybit,0.00017090769741986877
2023-06-05,1003333.7061277038,113.93948844183241,208.23801435659828,0.0,bybit,0.0003221775027983822
2023-06-06,1003099.9187016936,-367.5467369089319,133.7593108988745,0.0,bybit,-0.00023378742601012345
2023-06-07,1003639.612398207,341.81846532533007,197.87523118801127,0.0,bybit,0.0005396936965133064
2023-06-08,1003598.3301032719,-216.8525747763233,175.57027984117525,0.0,bybit,-4.1282294935081154e-05
2023-06-09,1003694.7677914051,-29.40373895268781,125.84142708596696,0.0,bybit,9.643768813321367e-05
2023-06-10,1003885.6859590242,14.701869476343905,176.21629814277514,0.0,bybit,0.00019091816761915105
2023-06-11,1004100.8180407253,40.43014105994574,174.70194064120201,0.0,bybit,0.000215132081701071
2023-06-12,1004192.9132011373,36.754673690943335,55.34048672098191,0.0,bybit,9.209516041202004e-05
2023-06-13,1004314.0942041836,0.0,121.1810030461828,0.0,bybit,0.00012118100304622202
2023-06-14,1004459.193704115,-33.079206321857356,178.17870625330653,0.0,bybit,0.00014509949993144256
2023-06-15,1004463.3187211325,-44.10560842903171,48.230625446485746,0.0,bybit,4.125017017475329e-06
2023-06-16,1004777.0574841973,205.8261726689818,107.9125903958924,0.0,bybit,0.00031373876306484453
2023-06-17,1004701.7813396513,-264.63365057435743,189.35750602832337,0.0,bybit,-7.527614454599097e-05
2023-06-18,1004839.030715069,-14.701869476427476,151.95124489416324,0.0,bybit,0.00013724937541771215
2023-06-19,1005153.9681880784,147.0186947636062,167.9187782456883,0.0,bybit,0.00031493747300934046
2023-06-20,1005229.9775347026,-22.052804214599426,98.06215083895327,0.0,bybit,7.600934662425425e-05
2023-06-21,1005158.6748179989,-102.91308633440734,31.610369630615537,0.0,bybit,-7.130271670373622e-05
2023-06-22,1005364.7444525238,66.15841264354758,139.9112218812824,0.0,bybit,0.00020606963452487253
2023-06-23,1005396.8843457092,-62.4829452744616,94.62283845986778,0.0,bybit,3.213989318546373e-05
2023-06-24,1005397.7557218376,-73.5093473818031,74.3807235101827,0.0,bybit,8.713761284016073e-07
2023-06-25,1005565.6432552659,18.37733684542988,149.51019658292913,0.0,bybit,0.00016788753342826385
2023-06-26,1005634.3302786073,22.052804214515856,46.634219126909436,0.0,bybit,6.86870233414229e-05
2023-06-27,1005832.7965389151,106.58855370357688,91.8777066041466,0.0,bybit,0.0001984662603078177
2023-06-28,1005906.7687810895,-110.26402107266286,184.23626324699697,0.0,bybit,7.397224217432086e-05
2023-06-29,1006177.2464583745,88.211216858147,182.26646042691107,0.0,bybit,0.00027047767728508916
2023-06-30,1006396.0668783803,14.701869476343905,204.118550529323,0.0,bybit,0.000218820420005708
2023-07-01,1006451.2084451318,-158.0450968708641,213.18666362234012,0.0,bybit,5.5141566751524806e-05
2023-07-02,1006678.0671122738,14.701869476427476,212.1567976655213,0.0,bybit,0.00022685866714199074
2023-07-03,1006663.8456263825,-227.87897688358123,213.6574909923205,0.0,bybit,-1.4221485891263e-05
2023-07-04,1007155.0718402613,275.6600526816989,215.56616119708858,0.0,bybit,0.0004912262138788355
2023-07-05,1007339.1083721794,-29.40373895268781,213.44027087080732,0.0,bybit,0.00018403653191810009
2023-07-06,1007529.910881882,-8.357045246815048e-11,190.80250970267699,0.0,bybit,0.00019080250970250926
2023-07-07,1008017.4550294576,327.1165958490697,160.4275517266343,0.0,bybit,0.00048754414757562335
2023-07-08,1008010.3591354,-161.7205642399501,154.6246701824925,0.0,bybit,-7.095894057536498e-06
2023-07-09,1008168.1598136908,-47.781075798201265,205.58175408895747,0.0,bybit,0.000157800678290776
2023-07-10,1008431.1805742464,77.18481475088907,185.83594580467673,0.0,bybit,0.0002630207605556352
2023-07-11,1008508.8110397835,22.052804214599426,55.57766132238859,0.0,bybit,7.763046553707681e-05
2023-07-12,1008479.1376897151,-150.69416213277574,121.02081206444318,0.0,bybit,-2.96733500683913e-05
2023-07-13,1008650.2116943885,128.6413579181763,42.43264675528627,0.0,bybit,0.00017107400467339902
2023-07-14,1008400.805872671,-470.4598232434228,221.05400152587583,0.0,bybit,-0.0002494058217175771
2023-07-15,1009075.4623526981,499.8635621961106,174.79291783102875,0.0,bybit,0.0006746564800271298
2023-07-16,1009228.8220607992,-25.728271583601835,179.08797968468946,0.0,bybit,0.0001533597081011394
2023-07-17,1009407.8258599683,51.45654316720367,127.54725600187115,0.0,bybit,0.0001790037991690915
2023-07-18,1009480.4828030654,-113.93948844166526,186.59643153885133,0.0,bybit,7.265694309712854e-05
2023-07-19,1009652.10864399,-36.754673690943335,208.3805146155517,0.0,bybit,0.00017162584092456383
2023-07-20,1009876.489274277,128.6413579181763,95.73927236883871,0.0,bybit,0.00022438063028699254
2023-07-21,1009933.5751185729,-22.052804214599426,79.13864851060038,0.0,bybit,5.708584429591428e-05
2023-07-22,1009951.0111569047,-51.45654316720367,68.89258149903378,0.0,bybit,1.743603833182715e-05
2023-07-23,1010013.5264110075,11.026402107257928,51.48885199561171,0.0,bybit,6.251525410276373e-05
2023-07-24,1010052.8058091776,-11.026402107257928,50.30580027733072,0.0,bybit,3.9279398170067e-05
2023-07-25,1010160.6987627274,25.728271583601835,82.16468196626366,0.0,bybit,0.00010789295354986098
2023-07-26,1010232.8247379581,-77.18481475088907,149.31078998156696,0.0,bybit,7.212597523070872e-05
2023-07-27,1010413.564877127,99.23761896540493,81.50252020337585,0.0,bybit,0.00018074013916880358
2023-07-28,1010394.7338887013,-7.3509347381719525,-11.480053687440481,0.0,bybit,-1.8830988425645047e-05
2023-07-29,1010516.1308924224,-66.15841264363114,187.55541636474,0.0,bybit,0.00012139700372109655
2023-07-30,1010522.4740087889,-84.53574948897746,90.87886585546502,0.0,bybit,6.343116366537288e-06
2023-07-31,1010564.1843235871,158.04509687078055,-116.33478207262947,0.0,bybit,4.171031479816884e-05
2023-08-01,1010582.0373153173,-106.58855370357688,124.44154543378868,0.0,bybit,1.7852991730207577e-05
2023-08-02,1010674.6289541859,-113.93948844174884,206.53112731039317,0.0,bybit,9.259163886855822e-05
2023-08-03,1011028.1063695527,150.69416213269216,202.78325323413281,0.0,bybit,0.0003534774153667968
2023-08-04,1011308.9091955359,106.5885537034933,174.21427227973646,0.0,bybit,0.0002808028259832645
2023-08-05,1011407.7131093518,-102.9130863344909,201.71700015036004,0.0,bybit,9.880391381587834e-05
2023-08-06,1011661.5592631979,51.456543167287236,202.38961067890335,0.0,bybit,0.000253846153846127
2023-08-07,1011830.1959543863,-33.079206321857356,201.71589751014932,0.0,bybit,0.00016863669118832332
2023-08-08,1012042.8048345381,11.026402107257928,201.5824780446514,0.0,bybit,0.00021260888015187812
2023-08-09,1012180.9638722519,7.350934738255523,130.80810297545787,0.0,bybit,0.00013815903771377633
2023-08-10,1012276.1974235397,-99.2376189654885,194.47117025321742,0.0,bybit,9.523355128779076e-05
2023-08-11,1012518.1551604186,135.99229265634827,105.9654442225551,0.0,bybit,0.0002419577368788887
2023-08-12,1012633.7162650636,-88.211216858147,203.77232150315473,0.0,bybit,0.00011556110464502126
2023-08-13,1012824.6626326327,0.0,190.94636756901247,0.0,bybit,0.0001909463675690349
2023-08-14,1012968.7508772629,-58.80747790537562,202.89572253562696,0.0,bybit,0.00014408824463025668
2023-08-15,1013194.2187475524,22.052804214515856,203.41506607487926,0.0,bybit,0.00022546787028945983
2023-08-16,1013399.4866167279,3.6754673690859763,201.59240180654788,0.0,bybit,0.00020526786917552818
2023-08-17,1013565.6754466484,-33.079206321857356,199.26803624233577,0.0,bybit,0.00016618882992048748
2023-08-18,1013556.0216515056,-47.78107579811769,38.127280655346965,0.0,bybit,-9.65379514277447e-06
2023-08-19,1013601.6110440532,128.64135791809275,-83.0519653704147,0.0,bybit,4.558939254761208e-05
2023-08-20,1013664.0461090143,51.456543167287236,10.978521793850831,0.0,bybit,6.243506496108602e-05
2023-08-21,1013784.979114494,36.75467369085976,84.17833178889451,0.0,bybit,0.0001209330054797465
2023-08-22,1013618.5439209362,-117.61495581083481,-48.82023774704988,0.0,bybit,-0.0001664351935578743
2023-08-23,1013520.0069179802,-91.88668422723298,-6.650318728733799,0.0,bybit,-9.853700295602903e-05
2023-08-24,1013497.143845627,113.93948844174884,-136.8025607950147,0.0,bybit,-2.286307235318236e-05
2023-08-25,1013512.4698601105,40.43014106002931,-25.104126576413524,0.0,bybit,1.5326014483580366e-05
2023-08-26,1013413.2843142479,-143.34322739452023,44.15768153189025,0.0,bybit,-9.918554586265237e-05
2023-08-27,1013573.1276913073,73.5093473818031,86.33402967772832,0.0,bybit,0.000159843377059442
2023-08-28,1013611.7779908223,0.0,38.65029951494968,0.0,bybit,3.865029951499309e-05
2023-08-29,1013654.9298797898,-58.80747790545919,101.9593668729012,0.0,bybit,4.315188896749169e-05
2023-08-30,1013820.4249277547,113.93948844183241,51.555559523080255,0.0,bybit,0.00016549504796485416
2023-08-31,1013771.4082646145,-18.37733684551345,-30.639326294627693,0.0,bybit,-4.901666314015165e-05
2023-09-01,1013624.9074838539,-121.29042317992078,-25.210357580651447,0.0,bybit,-0.00014650078076065983
2023-09-02,1013798.5049776084,154.36962950177815,19.2278642527385,0.0,bybit,0.00017359749375458341
2023-09-03,1013701.3715631238,-55.132010536373215,-42.00140394834297,0.0,bybit,-9.71334144846769e-05
2023-09-04,1013677.5068116421,11.026402107257928,-34.89115358887113,0.0,bybit,-2.3864751481683925e-05
2023-09-05,1013586.1677214785,-135.99229265626468,44.65320249263513,0.0,bybit,-9.133909016358667e-05
2023-09-06,1013692.0978206057,143.34322739443664,-37.41312826712851,0.0,bybit,0.0001059300991272321
2023-09-07,1013804.6161348616,-3.675467369002406,116.19378162489068,0.0,bybit,0.00011251831425586715
2023-09-08,1013872.4575927133,14.701869476260335,53.1395883754991,0.0,bybit,6.784145785169676e-05
2023-09-09,1013862.19077971,-73.50934738171952,63.24253437842833,0.0,bybit,-1.0266813003341667e-05
2023-09-10,1013907.2989305612,22.052804214515856,23.055346636668908,0.0,bybit,4.510815085121431e-05
2023-09-11,1013984.0673076552,88.211216858147,-11.442839764101821,0.0,bybit,7.676837709406391e-05
2023-09-12,1013903.0012071546,-51.456543167287236,-29.609557333392733,0.0,bybit,-8.106610050064046e-05
2023-09-13,1013837.32916025,-51.45654316720367,-14.215503737282042,0.0,bybit,-6.567204690456856e-05
2023-09-14,1013867.2369881923,88.21121685806342,-58.30338891568143,0.0,bybit,2.9907827942282892e-05
2023-09-15,1013822.6200114369,-33.07920632177379,-11.53777043364946,0.0,bybit,-4.461697675543837e-05
2023-09-16,1013712.9446509392,-69.83388001271712,-39.84148048493894,0.0,bybit,-0.00010967536049766932
2023-09-17,1013733.7378830718,29.40373895277138,-8.610506820219523,0.0,bybit,2.07932321325643e-05
2023-09-18,1013737.937624399,47.78107579811769,-43.581334470871916,0.0,bybit,4.19974132720381e-06
2023-09-19,1013762.6212863663,66.15841264363114,-41.474750676341685,0.0,bybit,2.4683661967283113e-05
2023-09-20,1013562.2526814067,-139.66776002535067,-60.70084493425925,0.0,bybit,-0.0002003686049595708
2023-09-21,1013572.6373263287,7.3509347381719525,3.0337101838290508,0.0,bybit,1.0384644921985455e-05
2023-09-22,1013810.0703718989,99.23761896540493,138.19542660481486,0.0,bybit,0.00023743304557027295
2023-09-23,1013784.4811411876,-55.132010536373215,29.542779825025473,0.0,bybit,-2.5589230711339043e-05
2023-09-24,1013928.7157997143,33.07920632177379,111.15545220500198,0.0,bybit,0.00014423465852672233
2023-09-25,1013853.6655786862,-58.80747790537562,-16.242743122699352,0.0,bybit,-7.505022102815565e-05
2023-09-26,1013924.2858105345,-22.052804214599426,92.67303606301756,0.0,bybit,7.06202318483265e-05
2023-09-27,1014041.7524130885,22.052804214599426,95.41379833935702,0.0,bybit,0.00011746660255396273
2023-09-28,1014087.3482753409,7.3509347381719525,38.244927514214595,0.0,bybit,4.559586225240491e-05
2023-09-29,1014194.7112484018,47.78107579811769,59.58189726289059,0.0,bybit,0.00010736297306092455
2023-09-30,1014206.6128573199,-11.026402107174357,22.92801102528832,0.0,bybit,1.1901608918095008e-05
2023-10-01,1014192.5927986917,-44.105608429115286,30.085549800912183,0.0,bybit,-1.4020058628171682e-05
2023-10-02,1014081.3680111838,-117.61495581091837,6.390168302992166,0.0,bybit,-0.00011122478750790469
2023-10-03,1014363.666125903,191.12430319272147,91.17381152648841,0.0,bybit,0.00028229811471921855
2023-10-04,1014395.7686009927,-84.53574948906102,116.63822457885269,0.0,bybit,3.210247508971952e-05
2023-10-05,1014365.1917445954,47.78107579811769,-78.35793219542347,0.0,bybit,-3.057685639732517e-05
2023-10-06,1014392.4078737446,-99.23761896540493,126.45374811465229,0.0,bybit,2.7216129149193874e-05
2023-10-07,1014487.7250081007,58.80747790545919,36.509656450723675,0.0,bybit,9.53171343561262e-05
2023-10-08,1014455.6059820137,-117.61495581091837,85.49592972395013,0.0,bybit,-3.211902608699165e-05
2023-10-09,1014598.3789666002,158.0450968708641,-15.27211228441434,0.0,bybit,0.00014277298458642326
2023-10-10,1014703.558264372,-29.40373895268781,134.58303672460167,0.0,bybit,0.00010517929777188692
2023-10-11,1014764.4648180845,-3.6754673691695467,64.5820210815898,0.0,bybit,6.0906553712440654e-05
2023-10-12,1014876.7410216965,18.37733684551345,93.8988667665354,0.0,bybit,0.00011227620361198206
2023-10-13,1014954.7178200547,3.6754673690859763,74.3013309892019,0.0,bybit,7.797679835825693e-05
2023-10-14,1014972.5597570818,-66.15841264354758,84.00034967060014,0.0,bybit,1.7841937027056703e-05
2023-10-15,1015168.1172618126,66.15841264354758,129.39909208716426,0.0,bybit,0.00019555750473076476
2023-10-16,1015172.5009899059,-95.56215159631896,99.94587968970146,0.0,bybit,4.383728093351238e-06
2023-10-17,1015271.1275424267,99.2376189654885,-0.6110664446535843,0.0,bybit,9.862655252078549e-05
2023-10-18,1015289.8565626919,77.1848147508055,-58.45579448568515,0.0,bybit,1.8729020265163855e-05
2023-10-19,1015052.0664705334,-80.86028211997505,-156.929810038481,0.0,bybit,-0.00023779009215848054
2023-10-20,1015138.2116443329,-44.105608429115286,130.25078222855836,0.0,bybit,8.614517379947938e-05
2023-10-21,1015259.8859959916,22.052804214599426,99.62154744415795,0.0,bybit,0.00012167435165878852
2023-10-22,1015351.9243325018,-29.40373895268781,121.44207546291399,0.0,bybit,9.203833651018795e-05
2023-10-23,1015596.0387596824,80.86028211997505,163.25414506067304,0.0,bybit,0.00024411442718061152
2023-10-24,1015147.5968237135,-643.2067895906308,194.76485362172755,0.0,bybit,-0.00044844193596893457
2023-10-25,1015917.7138260914,573.3729095779137,196.74409279998213,0.0,bybit,0.0007701170023778686
2023-10-26,1016030.1868030529,-84.53574948906102,197.0087264505566,0.0,bybit,0.00011247297696152236
2023-10-27,1016093.0347222373,-135.99229265626468,198.8402118405738,0.0,bybit,6.28479191843653e-05
2023-10-28,1016032.025271831,-257.28271583626906,196.27326543000183,0.0,bybit,-6.1009450406301765e-05
2023-10-29,1016253.6662454957,25.728271583601835,195.9127020810942,0.0,bybit,0.00022164097366470377
2023-10-30,1016528.8279048022,77.18481475088907,197.9768445555747,0.0,bybit,0.0002751616593064973
2023-10-31,1016562.9899038109,-165.39603160903607,199.5580306177569,0.0,bybit,3.416199900873471e-05
2023-11-01,1016735.8557771877,-73.5093473818031,246.3752207585942,0.0,bybit,0.00017286587337683886
2023-11-02,1016951.2110003722,-80.86028211997505,296.21550530436764,0.0,bybit,0.00021535522318445147
2023-11-03,1017634.9229105571,485.16169271976673,198.55021746515268,0.0,bybit,0.0006837119101849384
2023-11-04,1017873.7353002236,36.754673690943335,202.0577159754746,0.0,bybit,0.00023881238966644741
2023-11-05,1017823.1590444288,-275.6600526816989,225.08379688699046,0.0,bybit,-5.057625579473097e-05
2023-11-06,1017943.6213848105,-88.211216858147,208.67355723983536,0.0,bybit,0.00012046234038169496
2023-11-07,1018156.988146334,3.6754673690859763,209.6912941543362,0.0,bybit,0.00021336676152341533
2023-11-08,1018453.1341514908,88.211216858147,207.9347882986484,0.0,bybit,0.0002961460051567992
2023-11-09,1019129.8088267543,80.86028211989148,595.8143931435826,0.0,bybit,0.0006766746752635809
2023-11-10,1019771.3306903633,-470.4598232434228,1111.9816868524076,0.0,bybit,0.0006415218636089703
2023-11-11,1020604.4977034559,77.18481475088907,755.9821983415845,0.0,bybit,0.0008331670130925486
2023-11-12,1021221.7965197772,3.675467369002406,613.6233489522133,0.0,bybit,0.0006172988163213013
2023-11-13,1021983.1649805484,-3.6754673689188353,765.0439281401576,0.0,bybit,0.0007613684607712785
2023-11-14,1022221.3902895763,-55.13201053628964,293.35731956406727,0.0,bybit,0.00023822530902782455
2023-11-15,1022741.1135046077,301.38832426530075,218.33489076622357,0.0,bybit,0.0005197232150314376
2023-11-16,1023075.5296253299,-36.754673691110476,371.1707944132896,0.0,bybit,0.0003344161207221914
2023-11-17,1023453.6036358775,161.72056424003367,216.3534463075475,0.0,bybit,0.00037807401054759974
2023-11-18,1023662.5036019073,-7.3509347381719525,216.2509007679499,0.0,bybit,0.00020889996602979955
2023-11-19,1023801.788010686,-77.18481475088907,216.4692235296738,0.0,bybit,0.0001392844087787671
2023-11-20,1023939.5184772533,-139.66776002535067,277.39822659256333,0.0,bybit,0.0001377304665672127
2023-11-21,1024155.1666013726,-7.3509347381719525,222.9990588575979,0.0,bybit,0.0002156481241193833
2023-11-22,1024577.8571103135,209.5016400380678,213.1888689027616,0.0,bybit,0.0004226905089408392
2023-11-23,1024706.1956097204,-99.2376189654885,227.57611837232486,0.0,bybit,0.00012833849940693473
2023-11-24,1025021.8451149246,88.21121685823057,227.438288345984,0.0,bybit,0.0003156495052041719
2023-11-25,1025302.7787281875,51.45654316737081,229.47707009561782,0.0,bybit,0.0002809336132629542
2023-11-26,1025734.5950550591,202.15070529981227,229.6656215716521,0.0,bybit,0.0004318163268715143
2023-11-27,1026013.4127017576,51.45654316737081,227.36110353123306,0.0,bybit,0.0002788176466985606
2023-11-28,1026075.2601587239,-161.72056424003367,223.56802120633296,0.0,bybit,6.184745696629398e-05
2023-11-29,1026301.1040293251,-8.357045246815048e-11,225.84387060127307,0.0,bybit,0.00022584387060115113
2023-11-30,1026693.8361712872,169.07149897812204,223.66064298403398,0.0,bybit,0.0003927321419621585
2023-12-01,1026842.8877670526,-77.18481475088907,226.23641051629178,0.0,bybit,0.00014905159576539883
2023-12-02,1027098.7359479747,25.728271583685405,230.11990933847153,0.0,bybit,0.00025584818092209754
2023-12-03,1027144.8409267784,-279.33552005086847,325.4404988544793,0.0,bybit,4.6104978803661655e-05
2023-12-04,1027618.0810343416,80.86028212005861,392.37982544314445,0.0,bybit,0.00047324010756320784
2023-12-05,1027858.1261757636,-7.3509347381719525,247.39607616013902,0.0,bybit,0.00024004514142195695
2023-12-06,1027989.7781090037,-121.29042317992078,252.94235642009474,0.0,bybit,0.00013165193324012216
2023-12-07,1028243.3838872837,7.350934738004812,246.25484354203678,0.0,bybit,0.0002536057782800635
2023-12-08,1028667.1656298061,-253.60724846718307,677.3889909895361,0.0,bybit,0.00042378174252237657
2023-12-09,1029155.3009095616,-294.03738952704526,782.1726692825598,0.0,bybit,0.0004881352797554573
2023-12-10,1029479.7428678061,66.15841264371471,258.28354560085535,0.0,bybit,0.0003244419582445407
2023-12-11,1029957.9288450629,121.29042317992078,356.8955540767059,0.0,bybit,0.00047818597725674043
2023-12-12,1030736.8873984767,426.3542148143075,352.60433859964695,0.0,bybit,0.0007789585534138605
2023-12-13,1030738.6219066601,-294.0373895272124,295.77189771062933,0.0,bybit,1.734508183435537e-06
2023-12-14,1031067.606584344,-18.37733684534631,347.3620145292339,0.0,bybit,0.00032898467768379487
2023-12-15,1031502.8629116421,29.40373895268781,405.8525883454271,0.0,bybit,0.0004352563272981206
2023-12-16,1031777.2762275987,3.6754673691695467,270.737848587451,0.0,bybit,0.0002744133159565972
2023-12-17,1032217.9239674646,194.79977056164032,245.84796930427856,0.0,bybit,0.00044064773986593356
2023-12-18,1032303.1588221623,-268.3091179433598,353.5439726411574,0.0,bybit,8.523485469771549e-05
2023-12-19,1032743.7347003561,128.64135791809275,311.9345202757713,0.0,bybit,0.0004405758781938348
2023-12-20,1033053.3456409927,-22.052804214682997,331.6637448512828,0.0,bybit,0.0003096109406366013
2023-12-21,1033596.6819781001,-246.256313728844,789.5926508361687,0.0,bybit,0.0005433363371073501
2023-12-22,1034825.2636962062,-33.079206321857356,1261.6609244279355,0.0,bybit,0.0012285817181060556
2023-12-23,1035260.082284419,-47.781075798201265,482.5996640110486,0.0,bybit,0.00043481858821283094
2023-12-24,1035865.4019109022,124.9658905489232,480.35373593437623,0.0,bybit,0.0006053196264832513
2023-12-25,1036464.2483109446,102.91308633457447,495.9333137078226,0.0,bybit,0.0005988464000424137
2023-12-26,1036944.784328743,-124.9658905489232,605.5019083472091,0.0,bybit,0.000480536017798353
2023-12-27,1037950.3523162241,55.132010536373215,950.4359769447956,0.0,bybit,0.0010055679874811322
2023-12-28,1039223.3494809461,-147.01869476377334,1420.0158594857687,0.0,bybit,0.00127299716472195
2023-12-29,1040402.2160584,51.45654316737081,1127.4100342865415,0.0,bybit,0.0011788665774539113
2023-12-30,1041149.7358818783,154.369629501611,593.1501939766886,0.0,bybit,0.000747519823478302
2023-12-31,1041587.8395051317,-62.482945274545166,500.5865685279753,0.0,bybit,0.00043810362325340973
2024-01-01,1042260.4776684851,-143.34322739443664,815.9813907478463,0.0,bybit,0.0006726381633534329
2024-01-02,1043306.1119339899,-224.20350951432812,1269.8377750190734,0.0,bybit,0.0010456342655047774
2024-01-03,1044321.6632416699,371.22220427793434,644.3291034020348,0.0,bybit,0.001015551307679969
2024-01-04,1044896.1817944268,330.79206321807214,243.7264895388402,0.0,bybit,0.0005745185527568683
2024-01-05,1045120.5157830329,-25.728271583518264,250.0622601896764,0.0,bybit,0.00022433398860611487
2024-01-06,1045591.2240678704,220.5280421453257,250.18024269222417,0.0,bybit,0.00047070828483754306
2024-01-07,1046040.4058754207,202.15070529981227,247.03110225038841,0.0,bybit,0.0004491818075502524
2024-01-08,1046336.7444750677,51.45654316737081,244.88205647968186,0.0,bybit,0.00029633859964704604
2024-01-09,1046138.0251861034,-455.75795376716246,257.0386648029448,0.0,bybit,-0.00019871928896429016
2024-01-10,1046639.1012849847,242.5808463600087,258.4952525213149,0.0,bybit,0.0005010760988813127
2024-01-11,1046405.9821942729,-518.2408990417076,285.12180832994557,0.0,bybit,-0.00023311909071181436
2024-01-12,1047007.1342862265,312.41472637272585,288.7373655809188,0.0,bybit,0.0006011520919535542
2024-01-13,1047226.5560126937,-58.80747790554276,278.2292043726924,0.0,bybit,0.0002194217264672043
2024-01-14,1047665.2425231714,154.369629501611,284.31688097611504,0.0,bybit,0.0004386865104776807
2024-01-15,1047533.7673799116,-404.30141059979167,272.82626734013104,0.0,bybit,-0.00013147514325974043
2024-01-16,1048185.6703252976,374.897671647271,277.0052737387856,0.0,bybit,0.0006519029453860131
2024-01-17,1048625.3370829227,154.369629501611,285.29712812345116,0.0,bybit,0.00043966675762506204
2024-01-18,1048750.0026877876,-154.36962950177815,279.0352343667337,0.0,bybit,0.00012466560486494563
2024-01-19,1048996.7687888409,-25.728271583518264,272.4943726367023,0.0,bybit,0.00024676610105321743
2024-01-20,1049275.2729181726,3.675467369002406,274.82866196281094,0.0,bybit,0.00027850412933179175
2024-01-21,1049632.4099963987,84.53574948906102,272.6013287371428,0.0,bybit,0.0003571370782260783
2024-01-22,1050006.2439877891,102.91308633457447,270.92090505599515,0.0,bybit,0.0003738339913904201
2024-01-23,1050195.2729070347,-66.15841264354758,255.18733188913453,0.0,bybit,0.00018902891924558207
2024-01-24,1050835.7234636452,393.2750084924502,247.17554811799363,0.0,bybit,0.0006404505566104781
2024-01-25,1050887.3218798528,-194.79977056164032,246.39818676943122,0.0,bybit,5.159841620759107e-05
2024-01-26,1051216.4243307211,84.53574948889388,244.56670137941404,0.0,bybit,0.00032910245086834766
2024-01-27,1051580.302583649,113.93948844191597,249.93876448607497,0.0,bybit,0.0003638782529279124
2024-01-28,1051712.7109170475,0.0,132.4083333983037,0.0,bybit,0.00013240833339840172
2024-01-29,1051921.4828150922,-14.701869476343905,223.47376752112,0.0,bybit,0.00020877189804473893
2024-01-30,1052243.0711404711,66.15841264354758,255.42991273549444,0.0,bybit,0.0003215883253789507
2024-01-31,1052468.208334401,-14.701869476343905,239.8390634062672,0.0,bybit,0.00022513719392986968
2024-02-01,1052622.457014122,44.10560842919885,110.14307129181537,0.0,bybit,0.00015424867972102947
2024-02-02,1052689.3102576996,-73.50934738188667,140.36259095946406,0.0,bybit,6.685324357752689e-05
2024-02-03,1052800.8023112277,40.43014106002931,71.0619124681877,0.0,bybit,0.00011149205352808349
2024-02-04,1052940.9385389362,7.3509347381719525,132.7852929703902,0.0,bybit,0.0001401362277085427
2024-02-05,1053143.688324467,14.701869476343905,188.04791605455281,0.0,bybit,0.00020274978553084657
2024-02-06,1053304.9011286604,-44.10560842903171,205.31841262244595,0.0,bybit,0.00016121280419337564
2024-02-07,1053398.0661028754,-44.10560842903171,137.27058264399756,0.0,bybit,9.31649742149748e-05
2024-02-08,1053636.1841481293,-3.6754673691695467,241.79351262300287,0.0,bybit,0.000238118045253912
2024-02-09,1053842.1155547586,-33.079206321857356,239.01061295101044,0.0,bybit,0.0002059314066292718
2024-02-10,1054310.947881051,194.79977056180746,274.03255573066616,0.0,bybit,0.00046883232629252596
2024-02-11,1054483.6066361815,-102.91308633457447,275.57184146484076,0.0,bybit,0.00017265875513036735
2024-02-12,1054746.4845456178,25.728271583518264,237.1496378528588,0.0,bybit,0.00026287790943635626
2024-02-13,1054319.7432194068,-746.1198759250382,319.3785497140375,0.0,bybit,-0.00042674132621102034
2024-02-14,1054750.2734734884,11.026402107174357,419.50385197444996,0.0,bybit,0.0004305302540815901
2024-02-15,1055152.4227475438,-165.39603160878536,567.5453056641179,0.0,bybit,0.00040214927405538036
2024-02-16,1055403.9915280356,-224.20350951466241,475.77229000662703,0.0,bybit,0.00025156878049182707
2024-02-17,1055735.1915681318,22.052804214682997,309.1472358814717,0.0,bybit,0.0003312000400961842
2024-02-18,1056220.092510847,135.99229265626468,348.90865005875173,0.0,bybit,0.0004849009427151177
2024-02-19,1056229.3061724475,-308.7392590035563,317.95292060433593,0.0,bybit,9.21366160060279e-06
2024-02-20,1056999.1008212678,224.20350951449527,545.5911393057821,0.0,bybit,0.0007697946488203015
2024-02-21,1057090.7411622931,-242.58084635984156,334.22118738535045,0.0,bybit,9.16403410253115e-05
2024-02-22,1057664.4430262004,246.256313728844,327.4455501784829,0.0,bybit,0.0005737018639072776
2024-02-23,1058117.2017985943,124.96589054909033,327.7928818448619,0.0,bybit,0.0004527587723939214
2024-02-24,1058546.131780941,106.58855370357688,322.34142864302856,0.0,bybit,0.0004289299823467154
2024-02-25,1058633.7244166408,-242.58084635984156,330.173482059821,0.0,bybit,8.759263569978065e-05
2024-02-26,1059005.456368989,-319.76566111073066,691.4976134588932,0.0,bybit,0.00037173195234825834
2024-02-27,1059569.9408046766,-3.6754673691695467,568.1599030567636,0.0,bybit,0.00056448443568754
2024-02-28,1060101.8447468528,3.6754673691695467,528.2284748068987,0.0,bybit,0.0005319039421761408
2024-02-29,1061592.5364471627,-485.1616927198503,1975.8533930299773,0.0,bybit,0.0014906917003099807
2024-03-01,1062921.0508971135,330.79206321807214,997.7223867326766,0.0,bybit,0.0013285144499507733
2024-03-02,1064404.9153634913,238.90537899083915,1244.9590873870209,0.0,bybit,0.0014838644663777668
2024-03-03,1065352.8684159077,-231.55444425266722,1179.5074966692468,0.0,bybit,0.0009479530524164439
2024-03-04,1066081.188858278,-345.49393269441606,1073.8143750647382,0.0,bybit,0.0007283204423703719
2024-03-05,1069796.4632257202,738.7689411870333,2976.505426255088,0.0,bybit,0.0037152743674421216
2024-03-06,1071224.5745930732,73.50934738171952,1354.602019971153,0.0,bybit,0.0014281113673530054
2024-03-07,1071952.1285102917,-735.0934738178638,1462.6473910363145,0.0,bybit,0.0007275539172184654
2024-03-08,1074256.2931859854,308.7392590035563,1995.4254166899632,0.0,bybit,0.0023041646756937263
2024-03-09,1076055.8902291942,95.56215159623538,1704.0348916126945,0.0,bybit,0.001799597043208778
2024-03-10,1077755.484951722,-106.58855370357688,1806.1832762314205,0.0,bybit,0.0016995947225277779
2024-03-11,1080077.6226169805,40.430141059862166,2281.707524198497,0.0,bybit,0.0023221376652584878
2024-03-12,1081084.9815049001,-1054.8591349284272,2062.2180228480415,0.0,bybit,0.0010073588879196905
2024-03-13,1083646.2404270635,554.9955727324003,2006.2633494311374,0.0,bybit,0.002561258922163397
2024-03-14,1085761.0488303625,88.21121685806342,2026.5971864408666,0.0,bybit,0.0021148084032989573
2024-03-15,1087519.6960164271,246.25631372917826,1512.390872335425,0.0,bybit,0.001758647186064627
2024-03-16,1088299.7401751056,176.42243371612685,603.6217249625491,0.0,bybit,0.0007800441586785019
2024-03-17,1089041.3699190025,124.96589054909033,616.6638533477382,0.0,bybit,0.0007416297438968904
2024-03-18,1089677.6600318316,69.83388001271712,566.4562328163547,0.0,bybit,0.0006362901128290686
2024-03-19,1089983.8525003933,-249.93178109818066,556.1242496600191,0.0,bybit,0.00030619246856169774
2024-03-20,1090563.9504126166,231.55444425283434,348.5434679705294,0.0,bybit,0.0005800979122233111
2024-03-21,1091445.2128410756,393.2750084924502,487.987419966698,0.0,bybit,0.0008812624284590129
2024-03-22,1091676.0418642145,-385.9240737542782,616.7530968931162,0.0,bybit,0.00023082902313885278
2024-03-23,1092024.1380003137,-117.61495581091837,465.7110919100735,0.0,bybit,0.00034809613609919327
2024-03-24,1092843.1942256086,444.731551659821,374.32467363520425,0.0,bybit,0.0008190562252949458
2024-03-25,1093290.2170584805,-271.98458531269654,719.0074181846531,0.0,bybit,0.0004470228328718804
2024-03-26,1094205.968631654,-124.96589054909033,1040.71746372258,0.0,bybit,0.000915751573173562
2024-03-27,1095656.6281962392,66.15841264371471,1384.5011519415934,0.0,bybit,0.0014506595645851922
2024-03-28,1096774.4419886812,-536.618235887054,1654.4320283289428,0.0,bybit,0.0011178137924419717
2024-03-29,1098562.1954917915,102.91308633440734,1684.8404167757242,0.0,bybit,0.0017877535031102598
2024-03-30,1100507.2707276708,286.68645478904045,1658.388781090277,0.0,bybit,0.0019450752358792815
2024-03-31,1102618.6464739433,-102.91308633440734,2214.288832606964,0.0,bybit,0.0021113757462725043
2024-04-01,1104072.562906735,-183.7733684546331,1637.6898012463175,0.0,bybit,0.0014539164327918553
2024-04-02,1105261.921345067,290.36192215820995,898.996516173727,0.0,bybit,0.0011893584383318666
2024-04-03,1106009.9679677703,371.22220427793434,376.8244184252293,0.0,bybit,0.0007480466227033176
2024-04-04,1106103.3189581973,-271.98458531269654,365.33557573968784,0.0,bybit,9.335099042695947e-05
2024-04-05,1106540.2934359745,69.83388001271712,367.14059776464757,0.0,bybit,0.00043697447777725756
2024-04-06,1107071.7285277776,165.39603160911963,366.0390601941315,0.0,bybit,0.0005314350918030832
2024-04-07,1107529.6726495358,88.21121685823057,369.7329049000662,0.0,bybit,0.0004579441217582207
2024-04-08,1107925.7581850123,-84.53574948922817,480.62128496566777,0.0,bybit,0.00039608553547644987
2024-04-09,1108154.733134772,-433.7051495524795,662.6800993122421,0.0,bybit,0.00022897494975966402
2024-04-10,1108974.035858888,338.1429979562441,481.1597261598605,0.0,bybit,0.0008193027241160162
2024-04-11,1109387.2657148207,22.052804214515856,391.17705171828095,0.0,bybit,0.00041322985593276096
2024-04-12,1109810.431829239,36.75467369085976,386.4114407275198,0.0,bybit,0.00042316611441830176
2024-04-13,1110538.723115597,371.22220427810146,357.06908207986896,0.0,bybit,0.0007282912863579113
2024-04-14,1111492.3413116387,893.1385706888115,60.479625352928394,0.0,bybit,0.0009536181960417889
2024-04-15,1111774.922125298,150.6941621326086,131.88665152671115,0.0,bybit,0.00028258081365935506
2024-04-16,1111818.6672415351,-260.9581832055222,304.70329944255406,0.0,bybit,4.3745116237085314e-05
2024-04-17,1111769.841253005,47.781075798201265,-96.6070643284754,0.0,bybit,-4.882598853018135e-05
2024-04-18,1112170.4637216693,286.6864547888733,113.9360138754462,0.0,bybit,0.00040062246866431087
2024-04-19,1112132.1367831947,-220.52804214515857,182.20110367045532,0.0,bybit,-3.8326938474550844e-05
2024-04-20,1112179.7069211272,-3.6754673691695467,51.24560530158323,0.0,bybit,4.757013793243095e-05
2024-04-21,1112285.357133157,-18.37733684551345,124.02754887536267,0.0,bybit,0.00010565021202992647
2024-04-22,1112483.696025583,158.0450968709477,40.29379555491204,0.0,bybit,0.00019833889242587612
2024-04-23,1112431.6308111998,-143.34322739443664,91.27801301115448,0.0,bybit,-5.2065214383183044e-05
2024-04-24,1112579.6494707433,-36.7546736910269,184.77333323457833,0.0,bybit,0.00014801865954347886
2024-04-25,1112739.4400858805,191.1243031926379,-31.33368805528794,0.0,bybit,0.0001597906151372008
2024-04-26,1112587.7461794221,-213.17710740715376,61.483200948938844,0.0,bybit,-0.00015169390645832756
2024-04-27,1112827.6367711169,-18.37733684534631,258.2679285400041,0.0,bybit,0.00023989059169474058
2024-04-28,1113034.6648230858,95.56215159640253,111.46590037255874,0.0,bybit,0.00020702805196889677
2024-04-29,1113074.5938883775,-158.0450968709477,197.97416216273407,0.0,bybit,3.9929065291769804e-05
2024-04-30,1113437.1768742604,113.93948844158169,248.6434974410951,0.0,bybit,0.0003625829858828802
2024-05-01,1113632.9066360178,3.6754673691695467,192.05429438822958,0.0,bybit,0.00019572976175742223
2024-05-02,1114005.9220159955,139.66776002543423,233.3476199522189,0.0,bybit,0.00037301537997764536
2024-05-03,1113896.157229245,-169.07149897812204,59.30671222761167,0.0,bybit,-0.00010976478675054386
2024-05-04,1114061.4624746416,143.3432273946038,21.962018001993656,0.0,bybit,0.00016530524539668114
2024-05-05,1114112.246646553,-1.6714090493630097e-10,50.784171911632846,0.0,bybit,5.0784171911422164e-05
2024-05-06,1114165.183166496,-227.87897688333052,280.81549682628963,0.0,bybit,5.293651994294487e-05
2024-05-07,1114477.028195426,-25.728271583685405,337.57330051400857,0.0,bybit,0.00031184502893011085
2024-05-08,1114826.6992967853,18.37733684534631,331.2937645139194,0.0,bybit,0.00034967110135918485
2024-05-09,1115186.9651017606,44.10560842903171,316.1601965461744,0.0,bybit,0.0003602658049752936
2024-05-10,1115493.7467838717,84.53574948906102,222.2459326220004,0.0,bybit,0.00030678168211109005
2024-05-11,1115682.1714562818,-132.31682528709516,320.741497697264,0.0,bybit,0.00018842467241012492
2024-05-12,1116021.5571297554,18.37733684534631,321.00833662825994,0.0,bybit,0.0003393856734735891
2024-05-13,1116319.156082264,143.3432273946038,154.255725114023,0.0,bybit,0.0002975989525085315
2024-05-14,1116438.5713488855,-110.26402107274643,229.67928769442386,0.0,bybit,0.00011941526662162505
2024-05-15,1116679.0428445223,-77.18481475088907,317.65631038765036,0.0,bybit,0.00024047149563673884
2024-05-16,1117301.104405558,301.3883242653843,320.67323677026656,0.0,bybit,0.0006220615610356908
2024-05-17,1117478.6169828959,-147.0186947636062,324.53127210153195,0.0,bybit,0.00017751257733791134
2024-05-18,1117837.7619689459,18.37733684551345,340.767649204484,0.0,bybit,0.0003591449860499706
2024-05-19,1118112.1282571137,-69.83388001271712,344.20016818047657,0.0,bybit,0.00027436628816789017
2024-05-20,1118403.9583247176,-44.10560842919885,335.9356760331683,0.0,bybit,0.00029183006760384887
2024-05-21,1117933.7710191496,-1404.028534992013,933.8412294237869,0.0,bybit,-0.0004701873055680189
2024-05-22,1118491.9742526377,-51.45654316720367,609.6597766552132,0.0,bybit,0.0005582032334881369
2024-05-23,1119445.527205458,77.18481475072193,876.3681380694886,0.0,bybit,0.0009535529528202024
2024-05-24,1120355.3659972316,492.5126274580222,417.3261643156669,0.0,bybit,0.0009098387917736545
2024-05-25,1120715.1512496974,-51.45654316720367,411.2417956328765,0.0,bybit,0.0003597852524658665
2024-05-26,1120915.5921275772,-213.17710740715376,413.6179852869927,0.0,bybit,0.00020044087787973695
2024-05-27,1121682.005577678,308.7392590033891,457.6741910975725,0.0,bybit,0.0007664134501009248
2024-05-28,1121813.8912706429,-297.71285689621476,429.5985498610562,0.0,bybit,0.00013188569296477363
2024-05-29,1122194.9318459516,-161.7205642399501,542.7611395485858,0.0,bybit,0.0003810405753087252
2024-05-30,1122518.7416238086,-91.88668422723298,415.6964620842127,0.0,bybit,0.00032380977785703723
2024-05-31,1122965.352809481,33.079206321857356,413.53197935055607,0.0,bybit,0.0004466111856724601
2024-06-01,1123534.7948067079,154.36962950177815,415.0723677249414,0.0,bybit,0.0005694419972267933
2024-06-02,1124099.0698319073,143.3432273946038,420.9317978047435,0.0,bybit,0.0005642750251994002
2024-06-03,1124183.6463926833,-510.8899643035357,595.4665250794958,0.0,bybit,8.457656077598222e-05
2024-06-04,1124963.1181946092,363.8712695399295,415.60053238587955,0.0,bybit,0.0007794718019259162
2024-06-05,1125209.9566621229,-297.71285689638194,544.5513244101153,0.0,bybit,0.00024683846751367674
2024-06-06,1125739.437140379,102.91308633457447,426.56739192176826,0.0,bybit,0.0005294804782562424
2024-06-07,1126270.4433051401,110.26402107257928,420.7421436884986,0.0,bybit,0.0005310061647610273
2024-06-08,1126966.5569773216,290.36192215804283,405.75175002366774,0.0,bybit,0.0006961136721814982
2024-06-09,1127729.0826693957,356.52033480175754,406.0053572721349,0.0,bybit,0.000762525692074094
2024-06-10,1127869.5961544628,-268.309117943527,408.82260301054185,0.0,bybit,0.00014051348506705837
2024-06-11,1128079.4267488304,-194.79977056180746,404.6303649293586,0.0,bybit,0.00020983059436758048
2024-06-12,1128757.3840775965,352.844867432588,325.1124613335263,0.0,bybit,0.0006779573287661187
2024-06-13,1129044.8739767617,194.79977056180746,92.69012860348946,0.0,bybit,0.0002874898991652299
2024-06-14,1129414.5262615348,194.79977056180746,174.85251421125025,0.0,bybit,0.00036965228477306666
2024-06-15,1130195.2506627399,396.95047586161974,383.77392534346126,0.0,bybit,0.0007807244012050796
2024-06-16,1130283.7810852649,-158.0450968709477,246.5755193958868,0.0,bybit,8.853042252501473e-05
2024-06-17,1130478.728491118,213.17710740715376,-18.229701554277185,0.0,bybit,0.0001949474058530759
2024-06-18,1130605.696762176,169.07149897812204,-42.10322792018667,0.0,bybit,0.00012696827105805277
2024-06-19,1130658.1804508662,-301.3883242652172,353.87201295546555,0.0,bybit,5.2483688690233976e-05
2024-06-20,1131056.2751771987,213.17710740715376,184.91761892531562,0.0,bybit,0.00039809472633246335
2024-06-21,1131282.1245297962,51.45654316720367,174.39280943035826,0.0,bybit,0.0002258493525974918
2024-06-22,1131242.3005474764,-180.0979010852964,140.27391876548845,0.0,bybit,-3.982398231979459e-05
2024-06-23,1131588.8497454447,69.83388001271712,276.71531795577187,0.0,bybit,0.0003465491979683284
2024-06-24,1131445.2863022757,7.350934738004812,-150.91437790709975,0.0,bybit,-0.00014356344316899776
2024-06-25,1131405.7046922196,-286.6864547888733,247.1048447326654,0.0,bybit,-3.9581610056106e-05
2024-06-26,1131801.9782152453,400.6259432306221,-4.352420205046549,0.0,bybit,0.0003962735230256803
2024-06-27,1131695.6576961023,-312.4147263725587,206.0942072295329,0.0,bybit,-0.00010632051914301701
2024-06-28,1131428.1700402643,-327.1165958489026,59.62894001080364,0.0,bybit,-0.00026748765583802013
2024-06-29,1131667.7707901155,202.1507052999794,37.45004455111963,0.0,bybit,0.00023960074985120445
2024-06-30,1131845.0282433028,191.1243031926379,-13.866850005290445,0.0,bybit,0.00017725745318736882
2024-07-01,1131981.503678203,99.23761896540493,37.237815934821704,0.0,bybit,0.00013647543490026147
2024-07-02,1132281.2244367115,106.58855370357688,193.13220480483824,0.0,bybit,0.0002997207585084252
2024-07-03,1132174.4753815962,-297.71285689621476,190.963801780931,0.0,bybit,-0.00010674905511527322
2024-07-04,1132351.2748052438,-66.15841264371471,242.957836291342,0.0,bybit,0.0001767994236475788
2024-07-05,1132504.5617809913,-124.96589054909033,278.2528662965211,0.0,bybit,0.00015328697574744002
2024-07-06,1133025.2824643522,374.897671647271,145.8230117136031,0.0,bybit,0.000520720683360938
2024-07-07,1132940.9515716312,-29.40373895268781,-54.92715376818938,0.0,bybit,-8.433089272095822e-05
2024-07-08,1132881.257231861,-213.1771074073209,153.48276763695293,0.0,bybit,-5.9694339770358056e-05
2024-07-09,1133485.9646034006,271.98458531269654,332.72278622702134,0.0,bybit,0.0006047073715396692
2024-07-10,1133842.8958041812,36.75467369085976,320.1765270898652,0.0,bybit,0.00035693120078067296
2024-07-11,1133916.7743404987,124.96589054909033,-51.08735423152102,0.0,bybit,7.387853631749749e-05
2024-07-12,1133916.0273514485,-224.20350951432812,223.45652046399988,0.0,bybit,-7.469890501815826e-07
2024-07-13,1133875.4125925445,-249.93178109818066,209.31702219425398,0.0,bybit,-4.0614758904092015e-05
2024-07-14,1134545.709855435,470.45982324333926,199.83743964715512,0.0,bybit,0.0006702972628904972
2024-07-15,1134634.814654272,-91.88668422723298,180.99148306444874,0.0,bybit,8.910479883709922e-05
2024-07-16,1134740.8826177914,-36.75467369085976,142.82263721020888,0.0,bybit,0.00010606796351936646
2024-07-17,1134904.223314963,-102.91308633457447,266.2537835060617,0.0,bybit,0.0001633406971716322
2024-07-18,1135005.3446184532,-95.56215159623538,196.68345508634562,0.0,bybit,0.00010112130349013023
2024-07-19,1135537.6932896448,169.07149897812204,363.27717221346666,0.0,bybit,0.0005323486711916048
2024-07-20,1135812.25561379,-55.132010536206074,329.6943346813759,0.0,bybit,0.00027456232414511033
2024-07-21,1136064.9522293068,44.10560842886457,208.59100708808313,0.0,bybit,0.0002526966155169066
2024-07-22,1136298.5818769855,58.80747790537562,174.8221697731791,0.0,bybit,0.00023362964767869562
2024-07-23,1136637.2493641353,-40.430141059862166,379.09762820976897,0.0,bybit,0.0003386674871498253
2024-07-24,1137013.7285893916,-7.3509347381719525,383.8301599942083,0.0,bybit,0.00037647922525624745
2024-07-25,1137217.3708476454,33.079206321857356,170.56305193212637,0.0,bybit,0.00020364225825387984
2024-07-26,1137644.497278154,77.18481475072193,349.941615757731,0.0,bybit,0.0004271264305084478
2024-07-27,1137851.066531749,-3.675467369002406,210.24472096408618,0.0,bybit,0.00020656925359508022
2024-07-28,1137725.5889202862,-349.16940006341844,223.69178860048225,0.0,bybit,-0.00012547761146281845
2024-07-29,1138560.0703396846,474.13529061234163,360.34612878614905,0.0,bybit,0.0008344814193984493
2024-07-30,1138370.8028854737,-488.83716008885267,299.5697058779634,0.0,bybit,-0.00018926745421090163
2024-07-31,1138788.9700970636,84.53574948906102,333.6314621009194,0.0,bybit,0.0004181672115898691
2024-08-01,1139084.7014565377,80.86028212005861,214.871077354109,0.0,bybit,0.0002957313594741281
2024-08-02,1139419.0490172235,180.09790108546355,154.24965960048783,0.0,bybit,0.00033434756068582646
2024-08-03,1139218.9097459908,-84.53574948906102,-115.60352174373082,0.0,bybit,-0.00020013927123276517
2024-08-04,1139184.8992306346,69.83388001271712,-103.8443953689111,0.0,bybit,-3.401051535620354e-05
2024-08-05,1138947.9799463036,-143.3432273946038,-93.57605693633087,0.0,bybit,-0.0002369192843309138
2024-08-06,1138782.5738696423,-55.132010536206074,-110.27406612499928,0.0,bybit,-0.00016540607666131108
2024-08-07,1138761.2489349174,113.93948844158169,-135.2644231665822,0.0,bybit,-2.1324934724951162e-05
2024-08-08,1138537.1231328691,-29.40373895268781,-194.72206309552314,0.0,bybit,-0.00022412580204824917
2024-08-09,1138343.1075668249,-176.422433716294,-17.593132327963076,0.0,bybit,-0.00019401556604425424
2024-08-10,1138385.3029009283,-3.675467369002406,45.87080147241451,0.0,bybit,4.2195334103424104e-05
2024-08-11,1138402.620217217,91.88668422723298,-74.56936793878674,0.0,bybit,1.7317316288594155e-05
2024-08-12,1138338.0670635502,-158.04509687078055,93.49194320400514,0.0,bybit,-6.455315366666764e-05
2024-08-13,1138617.6803689925,158.04509687078055,121.56820857163541,0.0,bybit,0.000279613305442268
2024-08-14,1138777.9444733101,102.91308633440734,57.351017983059435,0.0,bybit,0.0001602641043176409
2024-08-15,1138866.8315970765,73.50934738171952,15.377776384565266,0.0,bybit,8.888712376635521e-05
2024-08-16,1138659.3435163712,-169.07149897795492,-38.41658172735828,0.0,bybit,-0.0002074880807052832
2024-08-17,1138618.0022219517,7.350934738004812,-48.692229157594014,0.0,bybit,-4.1341294419486074e-05
2024-08-18,1138613.5212379782,51.45654316753795,-55.937527141098954,0.0,bybit,-4.480983973480761e-06
2024-08-19,1138576.3931660226,55.132010536206074,-92.26008249196687,0.0,bybit,-3.712807195563801e-05
2024-08-20,1138552.6973310087,-102.91308633440734,79.21725132066223,0.0,bybit,-2.3695835013873875e-05
2024-08-21,1138662.4364961495,36.75467369069262,72.98449145008325,0.0,bybit,0.00010973916514078156
2024-08-22,1138730.9291004254,14.701869476511046,53.79073479943642,0.0,bybit,6.849260427593254e-05
2024-08-23,1138749.8035883382,-165.39603160911963,184.27051952174372,0.0,bybit,1.8874487912748008e-05
2024-08-24,1138848.1196939778,7.3509347381719525,90.96517090143621,0.0,bybit,9.831610563956201e-05
2024-08-25,1139361.946497847,257.2827158363526,256.5440880330124,0.0,bybit,0.000513826803869335
2024-08-26,1139396.0726948632,11.026402107174357,23.099794908920803,0.0,bybit,3.412619701609947e-05
2024-08-27,1139375.8189509185,-150.69416213277574,130.4404181879946,0.0,bybit,-2.0253743944689632e-05
2024-08-28,1139384.2954862919,44.10560842919885,-35.629073056039736,0.0,bybit,8.47653537336737e-06
2024-08-29,1139342.9592027105,-124.96589054909033,83.62960696779511,0.0,bybit,-4.133628358133137e-05
2024-08-30,1139445.3106870402,113.93948844174884,-11.588004112068344,0.0,bybit,0.00010235148432967253
2024-08-31,1139463.5903614617,-117.61495581075124,135.89463023238974,0.0,bybit,1.8279674421530218e-05
2024-09-01,1139629.6906099725,33.079206321857356,133.02104218879649,0.0,bybit,0.00016610024851071648
2024-09-02,1139639.3071527833,25.728271583518264,-16.11172877278372,0.0,bybit,9.616542810807005e-06
2024-09-03,1139689.7266887077,29.40373895268781,21.01579697163764,0.0,bybit,5.04195359244477e-05
2024-09-04,1139639.4811776732,-3.675467369002406,-46.57004366566613,0.0,bybit,-5.024551103450358e-05
2024-09-05,1139426.0475710495,-69.83388001271712,-143.59972661094065,0.0,bybit,-0.00021343360662367194
2024-09-06,1139508.8322626075,161.7205642399501,-78.93587268181031,0.0,bybit,8.278469155798666e-05
2024-09-07,1139471.9730968494,22.052804214515856,-58.91196997254535,0.0,bybit,-3.6859165758127345e-05
2024-09-08,1139339.6471114522,-62.482945274545166,-69.84304012273833,0.0,bybit,-0.0001323259853972122
2024-09-09,1139464.162974469,11.026402107341498,113.48946090917698,0.0,bybit,0.00012451586301671341
2024-09-10,1139468.40627795,-29.40373895268781,33.647042433827664,0.0,bybit,4.243303481023758e-06
2024-09-11,1139323.094658159,-158.0450968709477,12.733477080119616,0.0,bybit,-0.0001453116197909694
2024-09-12,1139590.5869534663,172.7469663472916,94.74532895989839,0.0,bybit,0.0002674922953073401
2024-09-13,1139600.5786933156,-147.0186947636062,157.0104346128786,0.0,bybit,9.991739849327132e-06
2024-09-14,1139848.5312046558,25.728271583685405,222.22423975630534,0.0,bybit,0.0002479525113401469
2024-09-15,1140092.1070332956,44.10560842903171,199.4702202106154,0.0,bybit,0.0002435758286397904
2024-09-16,1140104.247668589,33.079206321857356,-20.9385710284069,0.0,bybit,1.2140635293442756e-05
2024-09-17,1140161.9812517464,-66.15841264371471,123.89199580105698,0.0,bybit,5.773358315741643e-05
2024-09-18,1140131.2900189578,51.45654316720367,-82.14777595576072,0.0,bybit,-3.069123278860934e-05
2024-09-19,1140162.0165714808,-143.34322739443664,174.06977991746902,0.0,bybit,3.0726552522974086e-05
2024-09-20,1140378.635754079,-55.132010536373215,271.75119313467246,0.0,bybit,0.00021661918259831145
2024-09-21,1140754.9581894104,161.7205642399501,214.60187109133534,0.0,bybit,0.00037632243533129803
2024-09-22,1140697.2988201876,-36.75467369085976,-20.904695532079586,0.0,bybit,-5.7659369222819803e-05
2024-09-23,1140854.181625115,14.701869476343905,142.18093545099654,0.0,bybit,0.00015688280492741615
2024-09-24,1141126.0308870699,36.75467369085976,235.09458826412128,0.0,bybit,0.0002718492619548924
2024-09-25,1141394.7011270332,22.052804214515856,246.6174357489321,0.0,bybit,0.0002686702399633359
2024-09-26,1141675.3855436086,-3.675467369002406,284.3598839443334,0.0,bybit,0.00028068441657535734
2024-09-27,1141854.0756762975,-36.75467369085976,215.4448063797203,0.0,bybit,0.00017869013268896378
2024-09-28,1142036.0890816045,-66.15841264371471,248.17181795075984,0.0,bybit,0.00018201340530696325
2024-09-29,1142393.4144997103,143.3432273946038,213.98219071109153,0.0,bybit,0.0003573254181058146
2024-09-30,1142636.9749397193,7.350934738004812,236.20950527095437,0.0,bybit,0.0002435604400089942
2024-10-01,1142579.9057872642,-209.5016400379842,152.43248758304605,0.0,bybit,-5.706915245507844e-05
2024-10-02,1142697.3710752872,66.15841264371471,51.30687537938062,0.0,bybit,0.00011746528802299872
2024-10-03,1142661.5801238425,58.80747790537562,-94.5984293502776,0.0,bybit,-3.5790951444767415e-05
2024-10-04,1142643.1036867672,-11.026402107174357,-7.450034968173793,0.0,bybit,-1.8476437075296417e-05
2024-10-05,1142512.949163191,-11.02640210750864,-119.12812146862765,0.0,bybit,-0.00013015452357614414
2024-10-06,1142563.8331041941,77.18481475088907,-26.30087374769587,0.0,bybit,5.088394100312143e-05
2024-10-07,1142598.720165297,7.3509347381719525,27.536126364795706,0.0,bybit,3.4887061102781444e-05
2024-10-08,1142471.0463364902,-113.93948844174884,-13.734340364985048,0.0,bybit,-0.00012767382880672813
2024-10-09,1142596.9307416247,33.079206321857356,92.80519881271266,0.0,bybit,0.00012588440513447858
2024-10-10,1142590.0311072334,-62.482945274545166,55.58331088328161,0.0,bybit,-6.899634391302243e-06
2024-10-11,1142881.3569823098,139.66776002543423,151.65811505103886,0.0,bybit,0.00029132587507646533
2024-10-12,1143071.575629025,-77.18481475088907,267.40346146606595,0.0,bybit,0.00019021864671516233
2024-10-13,1143414.5059626305,102.91308633457447,240.01724727096544,0.0,bybit,0.0003429303336055018
2024-10-14,1143616.7805311808,-69.83388001271712,272.1084485629479,0.0,bybit,0.00020227456855028867
2024-10-15,1143829.4654935072,-77.18481475088907,289.86977707733513,0.0,bybit,0.00021268496232642792
2024-10-16,1144098.4957381485,-18.37733684551345,287.40758148678225,0.0,bybit,0.0002690302446412388
2024-10-17,1144284.1536554506,-58.80747790537562,244.46539520741328,0.0,bybit,0.00018565791730210186
2024-10-18,1144597.1208045688,25.728271583518264,287.2388775345411,0.0,bybit,0.00031296714911819434
2024-10-19,1144991.2532995986,102.91308633457447,291.2194086952648,0.0,bybit,0.00039413249502982947
2024-10-20,1145165.5579290169,-117.61495581091837,291.9195852290763,0.0,bybit,0.00017430462941830046
2024-10-21,1145170.7381327269,-297.71285689621476,302.8930606062293,0.0,bybit,5.180203709984198e-06
2024-10-22,1145523.5778545053,58.80747790554276,294.03224387282876,0.0,bybit,0.0003528397217784077
2024-10-23,1146154.4854276387,341.8184653252465,289.08910780814057,0.0,bybit,0.0006309075731334743
2024-10-24,1146333.5376582576,-99.23761896540493,278.28984958428236,0.0,bybit,0.0001790522306188941
2024-10-25,1146495.4849988343,-117.61495581075124,279.56229638746106,0.0,bybit,0.00016194734057667666
2024-10-26,1146779.3041289067,36.75467369085976,247.0644563816694,0.0,bybit,0.0002838191300723702
2024-10-27,1147030.9310355554,-22.052804214515856,273.6797108632336,0.0,bybit,0.0002516269066487439
2024-10-28,1147351.491700258,44.10560842903171,276.4550562736329,0.0,bybit,0.0003205606647026725
2024-10-29,1147788.8517345623,154.369629501611,282.9904048026107,0.0,bybit,0.00043736003430420534
2024-10-30,1147532.2247221048,-547.6446379942283,291.01762553670176,0.0,bybit,-0.00025662701245746577
2024-10-31,1147943.0703023553,117.61495581091837,293.23062443963045,0.0,bybit,0.00041084558025049047
2024-11-01,1148367.7745998676,147.0186947636062,277.68560274880406,0.0,bybit,0.00042470429751230405
2024-11-02,1148527.095451462,-117.61495581108552,276.9358074055099,0.0,bybit,0.0001593208515944425
2024-11-03,1149059.3336328855,257.2827158363526,274.9554655870445,0.0,bybit,0.0005322381814233958
2024-11-04,1149260.4515318547,-69.83388001271712,270.95177898189553,0.0,bybit,0.00020111789896921255
2024-11-05,1149679.1637149153,154.36962950177815,264.3425535587991,0.0,bybit,0.0004187121830605902
2024-11-06,1150071.12400873,124.96589054909033,266.99440326559704,0.0,bybit,0.00039196029381477276
2024-11-07,1149968.207449079,-665.2595938051467,562.343034154002,0.0,bybit,-0.00010291655965102836
2024-11-08,1150586.0064825423,121.29042317975365,496.50861028351216,0.0,bybit,0.0006177990334632341
2024-11-09,1150915.8142088472,-29.40373895252067,359.21146525736617,0.0,bybit,0.0003298077263049781
2024-11-10,1151508.8354163028,-165.39603160911963,758.4172390646493,0.0,bybit,0.0005930212074555457
2024-11-11,1152119.6923155417,-430.02968218347706,1040.8865814221829,0.0,bybit,0.0006108568992388901
2024-11-12,1153075.375925439,-529.2673011487149,1484.950911045893,0.0,bybit,0.0009556836098972708
2024-11-13,1154032.7640932386,452.0824863979929,505.3056814015781,0.0,bybit,0.0009573881677996833
2024-11-14,1154602.1677494599,169.07149897795492,400.33215724317665,0.0,bybit,0.0005694036562212278
2024-11-15,1154759.5924274388,-180.0979010852964,337.5225790643151,0.0,bybit,0.00015742467797896824
2024-11-16,1155712.121458452,180.09790108546355,772.4311299277715,0.0,bybit,0.0009525290310131386
2024-11-17,1156328.9483957784,-33.079206321857356,649.9061436484025,0.0,bybit,0.000616826937326463
2024-11-18,1157498.307115829,-99.23761896557207,1268.5963390161999,0.0,bybit,0.001169358720050659
2024-11-19,1158421.6658658583,-209.5016400379842,1132.860390067328,0.0,bybit,0.0009233587500292342
2024-11-20,1159343.952371608,290.36192215804283,631.9245835918225,0.0,bybit,0.000922286505749682
2024-11-21,1160373.858621289,294.03738952704526,735.8688601540355,0.0,bybit,0.001029906249681022
2024-11-22,1161148.5021848697,-635.8558548522917,1410.4994184330258,0.0,bybit,0.0007746435635806992
2024-11-23,1162840.047490369,202.1507052999794,1489.394600199366,0.0,bybit,0.0016915453054993413
2024-11-24,1163694.9058308264,-55.132010536540356,909.9903509937683,0.0,bybit,0.0008548583404573146
2024-11-25,1165384.499629431,235.22991162183675,1454.3638869827196,0.0,bybit,0.001689593798604561
2024-11-26,1165955.9219094114,-238.90537899083915,810.3276589712032,0.0,bybit,0.0005714222799804993
2024-11-27,1167145.8242339585,-3.6754673691695467,1193.5777919161992,0.0,bybit,0.0011899023245470599
2024-11-28,1168676.2151169395,-69.83388001254998,1600.224762993612,0.0,bybit,0.0015303908829810099
2024-11-29,1169985.0925487278,-58.80747790537562,1367.6849096937667,0.0,bybit,0.001308877431788249
2024-11-30,1171271.1254674718,180.09790108512925,1105.93501765895,0.0,bybit,0.001286032918744022
2024-12-01,1172401.339106,51.45654316753795,1078.7570953605575,0.0,bybit,0.0011302136385282502
2024-12-02,1173337.9868984164,-536.618235887054,1473.266028303326,0.0,bybit,0.0009366477924163919
2024-12-03,1174892.702915085,286.68645478870616,1268.0295618798345,0.0,bybit,0.0015547160166685934
2024-12-04,1177030.633208439,187.44883582380265,1950.4814575299745,0.0,bybit,0.0021379302933539727
2024-12-05,1179637.110371074,-227.87897688349767,2834.3561395185134,0.0,bybit,0.002606477162634954
2024-12-06,1181210.0038522314,312.41472637239156,1260.4787547850688,0.0,bybit,0.0015728934811574872
2024-12-07,1182564.7360411952,-290.36192215804283,1645.0941111216302,0.0,bybit,0.0013547321889637969
2024-12-08,1183860.3929547605,-257.2827158363526,1552.9396294015112,0.0,bybit,0.001295656913565239
2024-12-09,1184954.3087266032,154.3696295019453,939.5461423408271,0.0,bybit,0.0010939157718427013
2024-12-10,1186322.9664013686,959.296983332192,409.3606914333766,0.0,bybit,0.0013686576747654472
2024-12-11,1186862.7172380944,139.66776002543423,400.08307670032127,0.0,bybit,0.0005397508367258124
2024-12-12,1187854.7743971809,569.6974422089113,422.3597168776348,0.0,bybit,0.0009920571590864564
2024-12-13,1188172.392115161,-110.26402107274643,427.8817390529546,0.0,bybit,0.00031761771798017436
2024-12-14,1188650.8192490204,47.781075798201265,430.64605806124666,0.0,bybit,0.00047842713385936805
2024-12-15,1189257.4845420276,180.09790108546355,426.56739192176826,0.0,bybit,0.0006066652930071578
2024-12-16,1189285.987791475,-407.9768779689612,436.4801274162021,0.0,bybit,2.8503249447327108e-05
2024-12-17,1190052.4800479333,327.11659584873547,439.3756606095707,0.0,bybit,0.0007664922564583831
2024-12-18,1190746.1300543377,264.6336505746917,429.0163558297925,0.0,bybit,0.0006936500064043794
2024-12-19,1190805.02288549,-297.71285689621476,356.6056880486052,0.0,bybit,5.8892831152305006e-05
2024-12-20,1190614.8096472248,-393.2750084926173,203.06177022760053,0.0,bybit,-0.00019021323826513253
2024-12-21,1191138.8478056686,367.5467369087648,156.49142153489743,0.0,bybit,0.0005240381584437564
2024-12-22,1191078.2889764933,-3.675467369002406,-56.88336180632515,0.0,bybit,-6.055882917530835e-05
2024-12-23,1191141.4118939256,-106.58855370357688,169.71147113588646,0.0,bybit,6.3122917432338e-05
2024-12-24,1191797.933064061,279.33552005086847,377.1856500843687,0.0,bybit,0.0006565211701353547
2024-12-25,1191966.1202455899,-216.8525747763233,385.0397563053756,0.0,bybit,0.0001681871815288905
2024-12-26,1192171.8945416466,29.40373895268781,176.37055710395444,0.0,bybit,0.00020577429605671204
2024-12-27,1192523.0174121866,227.87897688349767,123.24389365647747,0.0,bybit,0.00035112287054001355
2024-12-28,1192640.9277259826,-176.42243371612685,294.33274751209836,0.0,bybit,0.00011791031379601919
2024-12-29,1192933.0063999207,25.728271583518264,266.35040235452664,0.0,bybit,0.00029207867393805643
2024-12-30,1192912.1144990579,-169.07149897812204,148.1795981154876,0.0,bybit,-2.0891900862799956e-05
2024-12-31,1193512.7947742057,260.958183205355,339.72209194237314,0.0,bybit,0.0006006802751477808
2025-01-01,1193593.2858476895,-194.79977056164032,275.2908440454644,0.0,bybit,8.049107348383405e-05
2025-01-02,1193904.8938089744,-58.80747790554276,370.4154391905061,0.0,bybit,0.000311607961284928
2025-01-03,1194216.0033768844,-69.83388001271712,380.94344792252554,0.0,bybit,0.00031110956790996716
2025-01-04,1194705.7116227397,91.88668422723298,397.82156162812066,0.0,bybit,0.0004897082458552905
2025-01-05,1195035.3253311191,-73.50934738171952,403.1230557612951,0.0,bybit,0.0003296137083794456
2025-01-06,1195487.5871803246,51.45654316720367,400.8053060383473,0.0,bybit,0.0004522618492054753
2025-01-07,1196117.0580766287,249.93178109818066,379.53911520585393,0.0,bybit,0.0006294708963041194
2025-01-08,1196259.028518431,80.86028211989148,61.1101596823505,0.0,bybit,0.000141970441802172
2025-01-09,1196476.0829358345,-11.026402107341498,228.08081951116282,0.0,bybit,0.00021705441740364767
2025-01-10,1196279.6554225066,-349.16940006341844,152.74188673546098,0.0,bybit,-0.00019642751332791522
2025-01-11,1196714.3585278657,213.17710740715376,221.52599795176226,0.0,bybit,0.0004347031053591054
2025-01-12,1196808.3536939356,-205.8261726689818,299.8213387388691,0.0,bybit,9.399516606982797e-05
2025-01-13,1197072.1815773118,227.87897688366482,35.948906492768785,0.0,bybit,0.00026382788337627426
2025-01-14,1197254.373108154,-80.86028212005861,263.05181296214823,0.0,bybit,0.0001821915308421012
2025-01-15,1197650.229597987,95.56215159640253,300.2943382365553,0.0,bybit,0.0003958564898329787
2025-01-16,1198052.672324738,22.052804214515856,380.38992253674076,0.0,bybit,0.000402442726751091
2025-01-17,1198200.4551491675,-216.8525747763233,364.6353992058763,0.0,bybit,0.00014778282442945055
2025-01-18,1198608.8309389886,55.132010536206074,353.2437792848432,0.0,bybit,0.00040837578982114793
2025-01-19,1198877.8799285137,-95.56215159623538,364.6111411212402,0.0,bybit,0.00026904898952506484
2025-01-20,1199246.988003961,14.701869476343905,354.40620597096375,0.0,bybit,0.00036910807544738054
2025-01-21,1199513.4457889907,-95.56215159640253,362.01993662603235,0.0,bybit,0.00026645778502966275
2025-01-22,1199902.3150147481,22.052804214682997,366.8164215426939,0.0,bybit,0.00038886922575742937
2025-01-23,1200150.391177154,-80.86028211989148,328.9364445255027,0.0,bybit,0.0002480761624057777
2025-01-24,1200419.2005262063,-99.23761896557207,368.04696801786497,0.0,bybit,0.0002688093490523752
2025-01-25,1201173.72935143,419.0032800761356,335.52554514754775,0.0,bybit,0.0007545288252236787
2025-01-26,1201293.6872216396,-235.22991162150248,355.18778183093957,0.0,bybit,0.0001199578702095896
2025-01-27,1201842.8084492458,463.1088885051673,86.01233910084702,0.0,bybit,0.0005491212276061997
2025-01-28,1201880.2736900167,-246.2563137290111,283.72155449994153,0.0,bybit,3.7465240770950914e-05
2025-01-29,1202074.5518557446,117.61495581075124,76.66320991707923,0.0,bybit,0.00019427816572785376
2025-01-30,1202168.677747383,-147.01869476343904,241.1445864018845,0.0,bybit,9.412589163845405e-05
2025-01-31,1202585.3868007273,58.80747790537562,357.90157543896777,0.0,bybit,0.0004167090533443261
2025-02-01,1202746.8820110364,-11.026402107341498,172.52161241639703,0.0,bybit,0.00016149521030904725
2025-02-02,1202582.3944279738,-66.15841264354758,-98.32917041917034,0.0,bybit,-0.0001644875830626115
2025-02-03,1202403.4499655864,113.93948844174884,-292.8839508289292,0.0,bybit,-0.00017894446238735692
2025-02-04,1202351.3236893406,-150.6941621326086,98.5678858867622,0.0,bybit,-5.212627624580636e-05
2025-02-05,1202383.931593422,-29.40373895268781,62.011643034154,0.0,bybit,3.260790408146568e-05
2025-02-06,1202546.370432197,44.10560842903171,118.33323034599512,0.0,bybit,0.00016243883877503686
2025-02-07,1202627.4869862795,44.10560842903171,37.010945653202945,0.0,bybit,8.11165540823713e-05
2025-02-08,1202665.1358459024,29.40373895285495,8.245120670048848,0.0,bybit,3.764885962288827e-05
2025-02-09,1202719.8993686717,7.3509347381719525,47.4125880313417,0.0,bybit,5.476352276932448e-05
2025-02-10,1202697.741214205,-132.31682528742942,110.15867082068732,0.0,bybit,-2.2158154466655104e-05
2025-02-11,1202914.671385265,33.0792063220245,183.8509647377888,0.0,bybit,0.0002169301710599102
2025-02-12,1203165.0064215518,132.31682528709516,118.01821099967144,0.0,bybit,0.00025033503628685137
2025-02-13,1203224.554877575,-158.04509687078055,217.59355289387366,0.0,bybit,5.954845602321438e-05
2025-02-14,1203552.8783737062,80.86028211989148,247.46321401132707,0.0,bybit,0.00032832349613122643
2025-02-15,1203584.5840845194,-55.132010536373215,86.8377213494534,0.0,bybit,3.1705710813170296e-05
2025-02-16,1203669.6185625864,36.7546736910269,48.27980437603371,0.0,bybit,8.503447806695476e-05
2025-02-17,1203847.4815013886,36.75467369069262,141.10826511146132,0.0,bybit,0.00017786293880222366
2025-02-18,1203788.6621053764,-124.96589054875605,66.14649453636206,0.0,bybit,-5.8819396012229845e-05
2025-02-19,1204165.670012799,139.66776002526709,237.34014739737927,0.0,bybit,0.0003770079074227251
2025-02-20,1204334.7781600093,3.6754673691695467,165.43267984117523,0.0,bybit,0.0001691081472102087
2025-02-21,1204374.6095288424,-99.23761896557207,139.0689877985621,0.0,bybit,3.98313688330818e-05
2025-02-22,1205293.2903080035,352.844867432588,565.8359117286392,0.0,bybit,0.0009186807791611646
2025-02-23,1205263.3720036193,-334.4675305870745,304.549226202741,0.0,bybit,-2.991830438422039e-05
2025-02-24,1205488.2388710405,-25.728271583685405,250.5951390050621,0.0,bybit,0.0002248668674211949
2025-02-25,1205554.9292962654,36.75467369085976,29.935751533950736,0.0,bybit,6.669042522483505e-05
2025-02-26,1205818.9520841632,-11.026402107174357,275.0491900049563,0.0,bybit,0.0002640227878978476
2025-02-27,1205662.605450682,-69.83388001271712,-86.5127534685831,0.0,bybit,-0.00015634663348109462
2025-02-28,1205634.1073384355,11.026402107174357,-39.52451435381385,0.0,bybit,-2.849811224662699e-05
2025-03-01,1205750.0267360564,-25.728271583518264,141.64766920459545,0.0,bybit,0.00011591939762094989
2025-03-02,1205857.080611574,-69.83388001271712,176.88775553018615,0.0,bybit,0.00010705387551756576
2025-03-03,1206204.4622643092,69.83388001271712,277.5477727224632,0.0,bybit,0.0003473816527351737
2025-03-04,1206203.9445217669,-69.83388001271712,69.31613747027606,0.0,bybit,-5.177425423171372e-07
2025-03-05,1206495.8142655632,66.15841264354758,225.7113311529273,0.0,bybit,0.00029186974379629825
2025-03-06,1206728.636665492,58.80747790554276,174.01492202328907,0.0,bybit,0.000232822399928933
2025-03-07,1206467.4269874396,-99.23761896540493,-161.97205908703614,0.0,bybit,-0.0002612096780524589
2025-03-08,1206402.7980320365,0.0,-64.62895540321547,0.0,bybit,-6.462895540311001e-05
2025-03-09,1206293.7434873814,-51.45654316720367,-57.5980014880074,0.0,bybit,-0.00010905454465514049
2025-03-10,1206282.7766815072,128.64135791809275,-139.60816379219128,0.0,bybit,-1.0966805874137207e-05
2025-03-11,1206153.0596383738,-183.7733684545495,54.05632532118572,0.0,bybit,-0.00012971704313345254
2025-03-12,1206098.5205152736,84.53574948914459,-139.07487258936675,0.0,bybit,-5.4539123100228606e-05
2025-03-13,1206223.892341346,55.13201053628964,70.23981553608917,0.0,bybit,0.0001253718260724563
2025-03-14,1206317.7929657577,-47.781075798201265,141.68170020994714,0.0,bybit,9.390062441164628e-05
2025-03-15,1206467.3387746424,7.350934738255523,142.19487414642836,0.0,bybit,0.00014954580888478086
2025-03-16,1206452.5984443403,22.052804214515856,-36.79313451653682,0.0,bybit,-1.4740330302156507e-05
2025-03-17,1206447.6563676924,47.78107579811769,-52.723152446134904,0.0,bybit,-4.942076647887006e-06
2025-03-18,1206343.6500715143,-40.43014105994574,-63.5761551180883,0.0,bybit,-0.00010400629617809318
2025-03-19,1206484.690254363,-11.026402107341498,152.06658495620067,0.0,bybit,0.0001410401828486938
2025-03-20,1206422.2382289579,-29.40373895252067,-33.0482864525614,0.0,bybit,-6.245202540513128e-05
2025-03-21,1206558.4079743547,88.21121685797986,47.95852853889034,0.0,bybit,0.0001361697453968227
2025-03-22,1206641.6414003058,-51.45654316720367,134.68996911827765,0.0,bybit,8.323342595109716e-05
2025-03-23,1206819.2088306863,73.5093473818031,104.05808299873586,0.0,bybit,0.00017756743038049898
2025-03-24,1206940.1720821382,-51.456543167287236,172.41979461933852,0.0,bybit,0.0001209632514519617
2025-03-25,1206886.0669339667,-69.83388001280069,15.728731841242091,0.0,bybit,-5.410514817154035e-05
2025-03-26,1207025.6053648808,51.45654316737081,88.08188774677143,0.0,bybit,0.00013953843091404997
2025-03-27,1207074.9583612187,-40.43014106002931,89.78313739788047,0.0,bybit,4.935299633792601e-05
2025-03-28,1207052.567012645,14.701869476427476,-37.09321804988612,0.0,bybit,-2.239134857361205e-05
2025-03-29,1207200.9605630976,0.0,148.39355045247228,0.0,bybit,0.0001483935504525434
2025-03-30,1207135.2271035071,-33.079206321857356,-32.65425326865995,0.0,bybit,-6.573345959046855e-05
2025-03-31,1207223.2259551687,-11.026402107257928,99.02525376874627,0.0,bybit,8.799885166157038e-05
2025-04-01,1207354.1420402513,33.079206321857356,97.83687876081059,0.0,bybit,0.00013091608508257195
2025-04-02,1207365.892673172,-25.728271583685405,37.47890450467508,0.0,bybit,1.1750632920768112e-05
2025-04-03,1207450.6776452241,121.29042318000435,-36.50545112797866,0.0,bybit,8.478497205208987e-05
2025-04-04,1207335.6895518226,-128.6413579181763,13.653264516703885,0.0,bybit,-0.0001149880934015382
2025-04-05,1207543.412657716,58.80747790545919,148.9156279881271,0.0,bybit,0.00020772310589347036
2025-04-06,1207591.3225903278,-11.026402107341498,58.9363347192444,0.0,bybit,4.790993261174299e-05
2025-04-07,1207515.6710578762,-33.07920632177379,-42.57232612978855,0.0,bybit,-7.565153245162219e-05
2025-04-08,1207523.6719403581,-69.83388001271712,77.83476249463993,0.0,bybit,8.000882481923326e-06
2025-04-09,1207637.79754991,47.781075798201265,66.34453375359888,0.0,bybit,0.00011412560955178923
2025-04-10,1207747.025568833,29.40373895268781,79.82427997037351,0.0,bybit,0.00010922801892319694
2025-04-11,1207739.6443094308,-47.78107579811769,40.3998163959258,0.0,bybit,-7.381259402260185e-06
2025-04-12,1207879.7813116706,73.50934738171952,66.62765485802116,0.0,bybit,0.00014013700223970227
2025-04-13,1207809.0037951062,-106.5885537034933,35.811037138927084,0.0,bybit,-7.07775165643543e-05
2025-04-14,1207980.972264753,88.21121685806342,83.75725278862163,0.0,bybit,0.00017196846964675933
2025-04-15,1208016.800512562,-25.728271583601835,61.55651939254548,0.0,bybit,3.5828247809084135e-05
2025-04-16,1208015.9409089556,3.6754673690859763,-4.535070975502457,0.0,bybit,-8.59603606397286e-07
2025-04-17,1207967.9643793008,-69.83388001263354,21.85735035780117,0.0,bybit,-4.797652965481393e-05
2025-04-18,1208045.3586304155,77.18481475088907,0.2094363637376162,0.0,bybit,7.739425111468881e-05
2025-04-19,1208046.3590551068,-36.7546736910269,37.75509838223746,0.0,bybit,1.0004246912430973e-06
2025-04-20,1208066.0415267083,44.105608429115286,-24.42313682762614,0.0,bybit,1.968247160152532e-05
2025-04-21,1208090.7923733522,-7.3509347381719525,32.10178138208711,0.0,bybit,2.4750846643932162e-05
2025-04-22,1208223.459223284,55.13201053628964,77.5348393954413,0.0,bybit,0.000132666849931702
2025-04-23,1208240.6131883136,-99.23761896532136,116.39158399501025,0.0,bybit,1.715396502963267e-05
2025-04-24,1208302.1612286603,-14.701869476427476,76.24990982296498,0.0,bybit,6.154804034670815e-05
2025-04-25,1208565.9438035581,80.86028212005861,182.92229277770662,0.0,bybit,0.00026378257489786483
2025-04-26,1208611.0985538592,-3.6754673691695467,48.83021767008782,0.0,bybit,4.515475030103699e-05
2025-04-27,1208696.7071502204,14.701869476343905,70.90672688493002,0.0,bybit,8.560859636124223e-05
2025-04-28,1208762.3956962612,69.83388001271712,-4.145333971899387,0.0,bybit,6.568854604079388e-05
2025-04-29,1208739.204258903,-147.01869476352263,123.82725740523139,0.0,bybit,-2.319143735826947e-05
2025-04-30,1208919.7375095787,209.5016400380678,-28.968389362306404,0.0,bybit,0.00018053325067576953
2025-05-01,1208976.7928244504,-121.29042318000435,178.34573805166815,0.0,bybit,5.705531487171538e-05
2025-05-02,1209027.9856001278,3.6754673690859763,47.51730830822692,0.0,bybit,5.1192775677423924e-05
2025-05-03,1209122.185059039,22.052804214599426,72.14665469652334,0.0,bybit,9.419945891108364e-05
2025-05-04,1209290.9647633976,-3.6754673690859763,172.45517172785944,0.0,bybit,0.00016877970435866154
2025-05-05,1209322.4760716478,7.3509347381719525,24.16037351213182,0.0,bybit,3.151130825025029e-05
2025-05-06,1209282.3704483344,-84.53574948906102,44.43012617545344,0.0,bybit,-4.010562331345864e-05
2025-05-07,1209447.2924756831,3.6754673690859763,161.24655997972923,0.0,bybit,0.00016492202734877355
2025-05-08,1209684.2774688068,77.1848147508055,159.800178372659,0.0,bybit,0.00023698499312368223
2025-05-09,1209883.4727307952,-44.105608429115286,243.30087041749968,0.0,bybit,0.00019919526198832317
2025-05-10,1210089.5576766925,-47.781075798034124,253.86602169528146,0.0,bybit,0.0002060849458973389
2025-05-11,1210553.559717,216.85257477615616,247.14946553135564,0.0,bybit,0.0004640020403075032
2025-05-12,1210749.845846566,-80.86028211989148,277.1464116857587,0.0,bybit,0.0001962861295659095
2025-05-13,1211039.7550417078,80.86028212005861,209.04891302173536,0.0,bybit,0.0002899091951418668
2025-05-14,1211156.9571059528,-69.83388001271712,187.03594425763907,0.0,bybit,0.00011720206424500793
2025-05-15,1211074.3414619663,-47.781075798201265,-34.834568188273025,0.0,bybit,-8.26156439865008e-05
2025-05-16,1211149.648336066,-22.052804214682997,97.35967831418563,0.0,bybit,7.530687409965321e-05
2025-05-17,1211330.562970915,176.42243371646114,4.492201132712211,0.0,bybit,0.00018091463484917769
2025-05-18,1211445.7773765887,-154.36962950177815,269.58403517533645,0.0,bybit,0.00011521440567355603
2025-05-19,1211555.7000910416,-73.50934738171952,183.43206183472648,0.0,bybit,0.00010992271445295773
2025-05-20,1212000.1786325693,172.74696634712444,271.7315751805712,0.0,bybit,0.00044447854152764195
2025-05-21,1212207.3072628207,-58.80747790537562,265.9361081567531,0.0,bybit,0.00020712863025139087
2025-05-22,1212197.1996974167,-135.99229265643183,125.88472725247678,0.0,bybit,-1.0107565403915942e-05
2025-05-23,1212549.7853619223,135.99229265643183,216.59337184926127,0.0,bybit,0.00035258566450560466
2025-05-24,1212823.4265824824,-1.6714090493630097e-10,273.6412205603417,0.0,bybit,0.00027364122056006455
2025-05-25,1213066.6454046702,11.026402107341498,232.1924200803034,0.0,bybit,0.0002432188221877441
2025-05-26,1213352.4497693065,18.37733684534631,267.4270277909884,0.0,bybit,0.0002858043646363076
2025-05-27,1213598.321325849,33.079206321857356,212.79235022080647,0.0,bybit,0.00024587155654258095
2025-05-28,1213589.6702791385,-110.26402107257928,101.61297436194442,0.0,bybit,-8.651046710554511e-06
2025-05-29,1213935.4244569754,84.53574948906102,261.2184283478774,0.0,bybit,0.0003457541778369341
2025-05-30,1214074.6935405252,-44.10560842919885,183.37469197912782,0.0,bybit,0.0001392690835497342
2025-05-31,1214531.976498851,235.22991162183675,222.05304670405243,0.0,bybit,0.00045728295832592994
2025-06-01,1214245.347081876,-275.6600526816989,-10.9693642933914,0.0,bybit,-0.0002866294169751927
2025-06-02,1214567.9715867827,121.29042317992078,201.33408172680134,0.0,bybit,0.00032262450490682385
2025-06-03,1214633.2406615831,-139.66776002526709,204.93683482561016,0.0,bybit,6.526907480042428e-05
2025-06-04,1214917.05469981,95.56215159623538,188.2518866307659,0.0,bybit,0.0002838140382268466
2025-06-05,1215019.1516974254,-47.781075798201265,149.87807341356245,0.0,bybit,0.0001020969976154156
2025-06-06,1215206.5760777916,22.052804214515856,165.3715761517857,0.0,bybit,0.0001874243803662248
2025-06-07,1215099.7531352704,-147.0186947636062,40.19575224231354,0.0,bybit,-0.00010682294252119027
2025-06-08,1215266.816156066,187.4488358236355,-20.385815028206423,0.0,bybit,0.00016706302079558372
2025-06-09,1215430.7452076096,110.26402107274643,53.66503047073827,0.0,bybit,0.00016392905154358596
2025-06-10,1215531.3570838242,-194.79977056180746,295.41164677644804,0.0,bybit,0.00010061187621462159
2025-06-11,1215670.6378234574,-121.29042317992078,260.5711628131804,0.0,bybit,0.00013928073963313364
2025-06-12,1216065.202975761,213.17710740715376,181.38804489639077,0.0,bybit,0.0003945651523035485
2025-06-13,1216034.6972448027,11.026402107174357,-41.5321330652841,0.0,bybit,-3.0505730958189817e-05
2025-06-14,1215981.2658403064,-69.83388001254998,16.40247551637532,0.0,bybit,-5.343140449631028e-05
2025-06-15,1216149.7177246583,7.3509347381719525,161.10094961379747,0.0,bybit,0.00016845188435190357
2025-06-16,1216313.9362732496,69.83388001254998,94.38466857865221,0.0,bybit,0.0001642185485912487
2025-06-17,1216263.029403615,-88.21121685806342,37.30434722362991,0.0,bybit,-5.090686963452026e-05
2025-06-18,1216289.3788974376,-36.75467369085976,63.10416751332356,0.0,bybit,2.6349493822548538e-05
2025-06-19,1216548.9952116122,198.47523793080987,61.141076243672345,0.0,bybit,0.0002596163141746074
2025-06-20,1216366.2204240875,-198.47523793080987,15.700450406250514,0.0,bybit,-0.00018277478752471506
2025-06-21,1216377.8841142321,36.75467369085976,-25.090983546157737,0.0,bybit,1.1663690144661814e-05
2025-06-22,1216299.9179750967,7.3509347381719525,-85.31707387355276,0.0,bybit,-7.79661391354166e-05
2025-06-23,1216472.8608804992,106.58855370357688,66.35435169878986,0.0,bybit,0.0001729429054025095
2025-06-24,1216448.8205305503,-40.43014106002931,16.389791110937864,0.0,bybit,-2.4040349948918446e-05
2025-06-25,1216206.913225715,-139.66776002526709,-102.239544810073,0.0,bybit,-0.00024190730483527296
2025-06-26,1216405.0263060261,124.9658905489232,73.1471897621527,0.0,bybit,0.00019811308031110093
2025-06-27,1216464.7820596215,55.132010536373215,4.623743059214011,0.0,bybit,5.975575359538197e-05
2025-06-28,1216498.8287667169,-99.23761896540493,133.28432606073432,0.0,bybit,3.4046707095345484e-05
2025-06-29,1216545.6060709064,-102.91308633457447,149.69039052397684,0.0,bybit,4.67773041895125e-05
2025-06-30,1216676.3421732404,7.3509347383390935,123.38516759574313,0.0,bybit,0.00013073610233399087
2025-07-01,1216817.4559183633,121.29042317975365,19.823321943097078,0.0,bybit,0.00014111374512291514
2025-07-02,1216976.7130707274,66.15841264388186,93.09873972010759,0.0,bybit,0.00015925715236412362
2025-07-03,1217086.106120451,-113.93948844191597,223.3325381652735,0.0,bybit,0.00010939304972346872
2025-07-04,1217104.9206826617,14.701869476511046,4.112692734269274,0.0,bybit,1.8814562210813165e-05
2025-07-05,1217150.5953160971,33.079206321690215,12.595427113811407,0.0,bybit,4.567463343543932e-05
2025-07-06,1217345.12269961,0.0,194.52738351274436,0.0,bybit,0.00019452738351281732
2025-07-07,1217493.5533644173,14.701869476343905,133.72879533104265,0.0,bybit,0.00014843066480732523
2025-07-08,1217525.82326017,-99.23761896540493,131.50751471801925,0.0,bybit,3.2269895752659064e-05
2025-07-09,1217939.0159938824,124.96589054909033,288.2268431633522,0.0,bybit,0.00041319273371249435
2025-07-10,1218138.294508882,-84.53574948922817,283.8142644888594,0.0,bybit,0.00019927851499966346
2025-07-11,1218327.6483394431,-135.99229265626468,325.3461232172591,0.0,bybit,0.00018935383056104183
2025-07-12,1218870.54500869,216.8525747763233,326.04409447064916,0.0,bybit,0.0005428966692469548
2025-07-13,1219195.4892961471,51.45654316720367,273.48774428993863,0.0,bybit,0.0003249442874570377
2025-07-14,1219614.9009206484,91.88668422740011,327.5249402736552,0.0,bybit,0.00041941162450122646
2025-07-15,1219833.105332323,-113.93948844191597,332.1439001163898,0.0,bybit,0.00021820441167452373
2025-07-16,1219785.7969216285,-393.2750084924502,345.96659779806083,0.0,bybit,-4.730841069435701e-05
2025-07-17,1220352.2459857767,194.79977056164032,371.64929358630945,0.0,bybit,0.0005664490641481243
2025-07-18,1220518.743922503,-216.85257477615616,383.3505115025422,0.0,bybit,0.00016649793672631494
2025-07-19,1221034.745726823,124.9658905489232,391.03591377130795,0.0,bybit,0.0005160018043201417
2025-07-20,1221474.8447194109,44.10560842903171,395.9933841587356,0.0,bybit,0.00044009899258776566
2025-07-21,1222010.251521253,121.29042318008793,414.11637866224123,0.0,bybit,0.0005354068018421531
2025-07-22,1222557.2658165935,132.31682528726228,414.69747005329424,0.0,bybit,0.0005470142953405157
2025-07-23,1222536.6118952597,-433.7051495526466,413.0512282186791,0.0,bybit,-2.0653921333840116e-05
2025-07-24,1223157.122673846,220.5280421453257,399.9827364411452,0.0,bybit,0.0006205107785863802
2025-07-25,1223543.7325898116,-22.052804214515856,408.66272017998654,0.0,bybit,0.00038660991596546954
2025-07-26,1223976.4284560245,22.052804214515856,410.6430619984518,0.0,bybit,0.0004326958662129473
2025-07-27,1224506.4308506472,117.61495581091837,412.38743881182154,0.0,bybit,0.0005300023946226575
2025-07-28,1224756.8933692335,-176.422433716294,426.88495230245746,0.0,bybit,0.0002504625185863115
2025-07-29,1226050.2157244286,874.7612338432981,418.56112135168087,0.0,bybit,0.0012933223551951814
2025-07-30,1226016.1802802149,-283.010987420038,248.97554320623266,0.0,bybit,-3.403544421377592e-05
2025-07-31,1226088.9892488387,-334.4675305870745,407.2764992108883,0.0,bybit,7.280896862386726e-05
2025-08-01,1226001.403515152,180.0979010852964,-267.68363477214893,0.0,bybit,-8.758573368680663e-05
2025-08-02,1226323.261837828,-7.350934738004812,329.20925741414163,0.0,bybit,0.00032185832267603835
2025-08-03,1226354.8115251616,-102.91308633457447,134.46277366806072,0.0,bybit,3.1549687333637846e-05
2025-08-04,1226580.3026155469,80.86028211989148,144.63080826534647,0.0,bybit,0.0002254910903852433
2025-08-05,1226592.0079381515,-58.80747790537562,70.51280051011031,0.0,bybit,1.1705322604626417e-05
2025-08-06,1226934.0444487776,88.21121685823057,253.82529376785521,0.0,bybit,0.000342036510626087
2025-08-07,1227413.285606552,102.91308633440734,376.32807143994785,0.0,bybit,0.00047924115777434783
2025-08-08,1227730.5527040577,-73.50934738171952,390.7764448874806,0.0,bybit,0.0003172670975057408
2025-08-09,1227647.013741319,-525.5918337797125,442.0528710412153,0.0,bybit,-8.353896273858845e-05
2025-08-10,1228502.5644098644,385.9240737544454,469.6265947908603,0.0,bybit,0.0008555506685453001
2025-08-11,1229072.8764826548,106.5885537032426,463.7235190873703,0.0,bybit,0.0005703120727904606
2025-08-12,1229442.449581211,36.7546736910269,332.8184248650937,0.0,bybit,0.00036957309855613856
2025-08-13,1229691.202639924,-257.2827158361855,506.03577454905917,0.0,bybit,0.0002487530587129295
2025-08-14,1230119.2137554283,-95.56215159606825,523.5732671006688,0.0,bybit,0.0004280111155044287
2025-08-15,1230851.9468441014,231.55444425233293,501.1786444208076,0.0,bybit,0.0007327330886730925
2025-08-16,1231459.9864417717,271.98458531286366,336.05501235736676,0.0,bybit,0.0006080395976703148
2025-08-17,1231392.4082421735,-198.47523793114414,130.8970383328971,0.0,bybit,-6.757819959823973e-05
2025-08-18,1231386.9725124743,-36.75467369069262,31.31894399144619,0.0,bybit,-5.435729699209332e-06
2025-08-19,1231628.1257658484,-150.69416213294286,391.84741550713096,0.0,bybit,0.00024115325337415561
2025-08-20,1232217.0014292428,139.66776002560138,449.2079033686215,0.0,bybit,0.0005888756633943413
2025-08-21,1232497.6746411556,3.675467369002406,276.99774454388006,0.0,bybit,0.0002806732119128574
2025-08-22,1232929.7892693633,-18.37733684517917,450.4919650529879,0.0,bybit,0.000432114628207637
2025-08-23,1233499.1588598827,36.75467369069262,532.6149168286286,0.0,bybit,0.0005693695905194618
2025-08-24,1233807.4668294375,-205.82617266914895,514.1341422238805,0.0,bybit,0.0003083079695547931
2025-08-25,1234448.8815530257,246.2563137290111,395.15840985916276,0.0,bybit,0.0006414147235881537
2025-08-26,1234309.4438561238,36.7546736910269,-176.19237059291967,0.0,bybit,-0.00013943769690184855
2025-08-27,1234215.0601567659,77.18481475088907,-171.5685141087827,0.0,bybit,-9.438369935797528e-05
2025-08-28,1234246.527463938,-102.91308633440734,134.3803935066743,0.0,bybit,3.146730717225e-05
2025-08-29,1234347.4961795178,91.8866842268987,9.082031352850445,0.0,bybit,0.00010096871557971462
2025-08-30,1234483.4834952243,-209.50164003764993,345.4889557440315,0.0,bybit,0.00013598731570644304
2025-08-31,1234578.779631194,62.482945274210884,32.81319069549866,0.0,bybit,9.529613596969284e-05
2025-09-01,1235034.4562105546,202.1507052999794,253.5258740606675,0.0,bybit,0.00045567657936061733
2025-09-02,1235103.3139930225,-275.6600526816989,344.5178351497196,0.0,bybit,6.885778246796689e-05
2025-09-03,1235701.2416248722,150.6941621326086,447.2334697169333,0.0,bybit,0.0005979276318496559
2025-09-04,1235976.4605894932,121.29042317992078,153.92854144089458,0.0,bybit,0.000275218964620959
2025-09-05,1235803.7406557675,-132.31682528709516,-40.403108438538936,0.0,bybit,-0.00017271993372566067
2025-09-06,1236085.4780702945,-47.781075798201265,329.5184903251675,0.0,bybit,0.000281737414526986
2025-09-07,1236453.5775974956,-102.91308633474162,471.012613535744,0.0,bybit,0.00036809952720114964
2025-09-08,1237126.0139415977,327.1165958490697,345.31974825276075,0.0,bybit,0.0006724363441020251
2025-09-09,1237565.1210437822,11.026402107174357,428.0807000774076,0.0,bybit,0.00043910710218455644
2025-09-10,1237719.9676787474,-264.6336505741903,419.4802855392634,0.0,bybit,0.00015484663496515713
2025-09-11,1238003.154760492,-62.482945274545166,345.6700270191402,0.0,bybit,0.00028318708174466156
2025-09-12,1238663.6586670685,169.07149897812204,491.43240759819344,0.0,bybit,0.0006605039065764285
2025-09-13,1238917.5200552123,-227.87897688349767,481.740365027371,0.0,bybit,0.0002538613881438505
2025-09-14,1239600.944543849,169.07149897812204,514.3529896585713,0.0,bybit,0.0006834244886366651
2025-09-15,1240358.3113499233,249.9317810978464,507.4350249764715,0.0,bybit,0.0007573668060742784
2025-09-16,1240647.4018746975,-102.91308633440734,392.0036111088217,0.0,bybit,0.00028909052477427757
2025-09-17,1240834.741370439,-113.93948844158169,301.2789841832387,0.0,bybit,0.0001873394957415294
2025-09-18,1241238.2023903497,124.96589054875605,278.49512936197226,0.0,bybit,0.00040346101991063914
2025-09-19,1241533.9078614858,40.43014106019645,255.27533007590392,0.0,bybit,0.00029570547113614155
2025-09-20,1241941.8641568376,-84.53574948889388,492.49204484070185,0.0,bybit,0.00040795629535173066
2025-09-21,1242450.3569813226,14.701869476009623,493.79095500893806,0.0,bybit,0.0005084928244850598
2025-09-22,1242352.5846866614,-62.482945274545166,-35.289349386586764,0.0,bybit,-9.7772294661263e-05
2025-09-23,1242379.356301369,88.2112168583977,-61.439602150705284,0.0,bybit,2.677161470754072e-05
2025-09-24,1242621.9308608419,-80.86028212005861,323.4348415929253,0.0,bybit,0.00024257455947296694
2025-09-25,1242466.726256967,110.26402107274643,-265.46862494751315,0.0,bybit,-0.00015520460387482307
2025-09-26,1242396.6441715404,-385.9240737544454,315.8419883276066,0.0,bybit,-7.008208542666398e-05
2025-09-27,1242711.1121614082,301.3883242652172,13.07966560263742,0.0,bybit,0.00031446798986778596
2025-09-28,1242568.208302985,-253.60724846718307,110.70339004393853,0.0,bybit,-0.00014290385842323302
2025-09-29,1243176.06805445,455.75795376716246,152.10179769782087,0.0,bybit,0.0006078597514650319
2025-09-30,1242875.300840285,-198.47523793080987,-102.29197623420522,0.0,bybit,-0.00030076721416506916
2025-10-01,1243449.7120693945,117.61495581075124,456.79627329884335,0.0,bybit,0.0005744112291096244
2025-10-02,1243779.7420075464,-80.86028212005861,410.8902202718732,0.0,bybit,0.0003300299381518271
2025-10-03,1244174.6843965894,172.7469663476259,222.19542269545408,0.0,bybit,0.000394942389043048
2025-10-04,1244280.9648199852,-327.1165958490697,433.3970192449698,0.0,bybit,0.00010628042339580133
2025-10-05,1244994.124301901,224.20350951432812,488.95597240169513,0.0,bybit,0.0007131594819158782
2025-10-06,1245290.1737534488,-147.01869476377334,443.06814631144573,0.0,bybit,0.00029604945154767485
2025-10-07,1245670.4839183441,-135.9922926559304,516.3024575511363,0.0,bybit,0.00038031016489537434
2025-10-08,1246203.5167816086,121.2904231795865,411.74244008486994,0.0,bybit,0.0005330328632644378
2025-10-09,1246604.1468138706,47.78107579853555,352.8489564635321,0.0,bybit,0.00040063003226206635
2025-10-10,1247085.1882507366,73.50934738171952,407.53208948426504,0.0,bybit,0.0004810414368659258
2025-10-11,1247879.9520551793,2741.898657340478,-1947.1348528977717,0.0,bybit,0.0007947638044427149
2025-10-12,1244761.1506986849,-2907.2946889494306,-211.5066675450662,0.0,bybit,-0.003118801356494427
2025-10-13,1245092.9726278593,176.42243371612685,155.39949545857024,0.0,bybit,0.00033182192917447536
2025-10-14,1244702.670918834,-415.32781270713315,25.02610368159315,0.0,bybit,-0.00039030170902539977
2025-10-15,1245157.789004312,290.36192215804283,164.75616331994945,0.0,bybit,0.0004551180854779668
2025-10-16,1244977.3482034388,-51.45654316720367,-128.98425770595145,0.0,bybit,-0.00018044080087309703
2025-10-17,1245347.957817056,246.2563137290111,124.35329988806528,0.0,bybit,0.00037060961361718364
2025-10-18,1245116.887505365,-330.79206321807214,99.72175152726805,0.0,bybit,-0.00023107031169091353
2025-10-19,1245588.6202725552,224.20350951432812,247.52925767587948,0.0,bybit,0.0004717327671900857
2025-10-20,1245846.5046668104,-77.18481475072193,335.0692090060088,0.0,bybit,0.00025788439425523393
2025-10-21,1245995.5581169226,-110.26402107274643,259.3174711848927,0.0,bybit,0.00014905345011223108
2025-10-22,1245884.5230900461,91.88668422723298,-202.92171110380963,0.0,bybit,-0.0001110350268764887
2025-10-23,1245945.8574536056,-124.9658905489232,186.30025410844854,0.0,bybit,6.13343635594938e-05
2025-10-24,1246179.2274882488,-3.675467369002406,237.0455020120399,0.0,bybit,0.00023337003464321605
2025-10-25,1246615.0207428527,36.75467369085976,399.03858091318654,0.0,bybit,0.00043579325460386465
2025-10-26,1247010.380476437,-40.43014106002931,435.7898746442871,0.0,bybit,0.00039535973358433696
2025-10-27,1247630.1743007163,194.79977056180746,424.99405371751243,0.0,bybit,0.0006197938242792152
2025-10-28,1247515.5796283127,-147.01869476377334,32.42402236020694,0.0,bybit,-0.00011459467240353115
2025-10-29,1247431.4907439107,-25.728271583518264,-58.3606128184709,0.0,bybit,-8.408888440206647e-05
2025-10-30,1247719.8271078418,363.87126953976235,-75.53490560842906,0.0,bybit,0.0002883363639311865
2025-10-31,1247478.9978466218,-172.7469663472916,-68.08229487272301,0.0,bybit,-0.00024082926122006028
2025-11-01,1247289.3026916517,-209.5016400379842,19.806485068135373,0.0,bybit,-0.00018969515497004613
2025-11-02,1247341.0148259378,22.052804214682997,29.659330071448835,0.0,bybit,5.1712134286062795e-05
2025-11-03,1247168.5970144167,55.132010536206074,-227.5498220572593,0.0,bybit,-0.00017241781152109616
2025-11-04,1247128.042579893,-36.75467369085976,-3.799760832883173,0.0,bybit,-4.05544345236849e-05
2025-11-05,1247122.3323949592,29.40373895268781,-35.11392388663967,0.0,bybit,-5.710184933850542e-06
2025-11-06,1246824.5525983195,-198.47523793080987,-99.30455870890856,0.0,bybit,-0.00029777979663969016
2025-11-07,1246935.1820350932,77.18481475088907,33.444622022732204,0.0,bybit,0.00011062943677371367
2025-11-08,1247158.519356475,84.53574948906102,138.80157189269863,0.0,bybit,0.0002233373213817831
2025-11-09,1247156.1492295777,-88.21121685806342,85.84108996096207,0.0,bybit,-2.3701268972363324e-06
2025-11-10,1247586.9392782263,264.63365057435743,166.1563980742778,0.0,bybit,0.0004307900486486033
2025-11-11,1247321.854518135,-249.93178109818066,-15.152978993033315,0.0,bybit,-0.0002650847600912675
2025-11-12,1247372.7107065297,-14.701869476176764,65.5580578707906,0.0,bybit,5.085618839459494e-05
2025-11-13,1247336.6769722714,11.026402107174357,-47.06013636540827,0.0,bybit,-3.60337342582643e-05
2025-11-14,1247216.0866173094,-14.701869476343905,-105.88848548580208,0.0,bybit,-0.00012059035496204161
2025-11-15,1247381.2299443649,-80.86028211989148,246.0036091753031,0.0,bybit,0.00016514332705549895
2025-11-16,1247536.195429463,40.430141059862166,114.53534403822485,0.0,bybit,0.00015496548509807325
2025-11-17,1247741.458393948,-22.052804214515856,227.31576869949714,0.0,bybit,0.00020526296448498033
2025-11-18,1247969.7795393327,47.781075798201265,180.54006958662129,0.0,bybit,0.00022832114538480527
2025-11-19,1248136.3815917585,25.728271583685405,140.87378084190476,0.0,bybit,0.00016660205242573282
2025-11-20,1248404.5465666929,-18.37733684551345,286.5423117798729,0.0,bybit,0.0002681649749344215
2025-11-21,1248512.6401543033,-55.132010536373215,163.2255981466734,0.0,bybit,0.00010809358761040494
2025-11-22,1248622.4325467544,-33.079206321690215,142.8715987726166,0.0,bybit,0.00010979239245108329
2025-11-23,1248756.712267519,-36.7546736910269,171.03439445561315,0.0,bybit,0.00013427972076460718
2025-11-24,1249001.1722390596,132.31682528726228,112.14314625352925,0.0,bybit,0.0002444599715406075
2025-11-25,1249049.477990471,-80.86028211989148,129.16603353140016,0.0,bybit,4.830575141147711e-05
2025-11-26,1249126.7157978164,-29.40373895268781,106.64154629808039,0.0,bybit,7.723780734534376e-05
2025-11-27,1249347.5843522393,154.369629501611,66.49892492133942,0.0,bybit,0.0002208685544228647
2025-11-28,1249403.6716588289,-44.10560842903171,100.1929150187393,0.0,bybit,5.608730658958666e-05
2025-11-29,1249257.1179253892,-29.40373895285495,-117.14999448679895,0.0,bybit,-0.00014655373343965038
2025-11-30,1249345.5704138924,-47.781075798034124,136.2335643011878,0.0,bybit,8.845248850318604e-05
2025-12-01,1249274.7404738425,7.3509347381719525,-78.18087478796451,0.0,bybit,-7.082994004990906e-05
2025-12-02,1249509.0243538306,132.31682528726228,101.96705470097845,0.0,bybit,0.00023428387998812833
2025-12-03,1249644.0654985295,-55.132010536373215,190.17315523503498,0.0,bybit,0.00013504114469885825
2025-12-04,1249724.8456664872,-47.781075798201265,128.56124375588212,0.0,bybit,8.078016795776785e-05
2025-12-05,1249743.371254228,-22.052804214515856,40.578391955181566,0.0,bybit,1.85255877408199e-05
2025-12-06,1249711.1461366944,51.45654316720367,-83.68166070090047,0.0,bybit,-3.222511753370054e-05
2025-12-07,1249799.2096673928,51.45654316720367,36.6069875312554,0.0,bybit,8.806353069841861e-05
2025-12-08,1250093.058616443,69.83388001288426,224.0150690375287,0.0,bybit,0.00029384894905029797
2025-12-09,1249972.8448925763,-260.9581832055222,140.74445933875,0.0,bybit,-0.00012021372386673466
2025-12-10,1250228.8125151615,194.79977056180746,61.16785202345615,0.0,bybit,0.00025596762258512897
2025-12-11,1250016.5896972807,-73.50934738188667,-138.71347049880546,0.0,bybit,-0.0002122228178808
2025-12-12,1250259.3753429612,95.56215159640253,147.22349408416818,0.0,bybit,0.00024278564568050207
2025-12-13,1250135.1394402208,-29.40373895268781,-94.83216378773618,0.0,bybit,-0.00012423590274038724
2025-12-14,1250127.1851775139,44.10560842903171,-52.05987113588648,0.0,bybit,-7.95426270691678e-06
2025-12-15,1250141.373205111,-58.80747790554276,72.99550550262018,0.0,bybit,1.4188027597032487e-05
2025-12-16,1250137.9054898596,44.10560842919885,-47.57332368059074,0.0,bybit,-3.4677152512595057e-06
2025-12-17,1250211.4635537239,-47.781075798034124,121.33913966219112,0.0,bybit,7.355806386424228e-05
2025-12-18,1250198.300833144,14.701869476343905,-27.864590056190103,0.0,bybit,-1.316272057988681e-05
2025-12-19,1250095.2078851673,-99.23761896557207,-3.85532901113222,0.0,bybit,-0.00010309294797666372
2025-12-20,1250053.6996494026,-33.079206321857356,-8.42902944272118,0.0,bybit,-4.150823576468974e-05
2025-12-21,1250021.9628215313,84.53574948906102,-116.27257736023479,0.0,bybit,-3.1736827871296556e-05
2025-12-22,1250124.7835577053,14.701869476511046,88.1188666974812,0.0,bybit,0.00010282073617400601
2025-12-23,1249778.6104409092,-161.7205642399501,-184.45255255639893,0.0,bybit,-0.00034617311679618434
2025-12-24,1250017.2771906957,279.33552005086847,-40.6687702643552,0.0,bybit,0.00023866674978658556
2025-12-25,1250073.798791539,-180.09790108546355,236.6195019285066,0.0,bybit,5.6521600843174385e-05
2025-12-26,1250324.8579222797,121.29042317992078,129.76870756088186,0.0,bybit,0.0002510591307408176
2025-12-27,1250338.742265525,-150.6941621326086,164.57850537787698,0.0,bybit,1.3884343245299533e-05
2025-12-28,1250618.1142148604,99.23761896540493,180.13433036994135,0.0,bybit,0.00027937194933532736
2025-12-29,1250636.594300131,-47.781075798201265,66.26116106900409,0.0,bybit,1.8480085270712152e-05
2025-12-30,1250835.9724322418,55.132010536373215,144.24612157443653,0.0,bybit,0.00019937813211069443
2025-12-31,1250977.4425624425,0.0,141.4701302006471,0.0,bybit,0.00014147013020073063
2026-01-01,1251227.785995886,-77.18481475088907,327.52824819428747,0.0,bybit,0.0002503434334434569
2026-01-02,1251567.3340698853,161.7205642399501,177.8275097594796,0.0,bybit,0.00033954807399935087
2026-01-03,1251552.5885342394,-40.43014106002931,25.68460541407481,0.0,bybit,-1.4745535645866766e-05
2026-01-04,1251709.5158430492,25.728271583685405,131.19903722580176,0.0,bybit,0.00015692730880971067
2026-01-05,1251647.156060334,-99.23761896540493,36.87783625013225,0.0,bybit,-6.23597827150952e-05
2026-01-06,1251815.653652578,-40.43014106002931,208.92773330363252,0.0,bybit,0.0001684975922438316
2026-01-07,1251985.3172053224,36.75467369085976,132.9088790537342,0.0,bybit,0.0001696635527445469
2026-01-08,1251735.969512775,-66.15841264371471,-183.1892799035468,0.0,bybit,-0.00024934769254736605
2026-01-09,1251856.7980502623,11.026402107341498,109.80213537971474,0.0,bybit,0.00012082853748719209
2026-01-10,1252086.795028155,7.3509347383390935,222.646043154442,0.0,bybit,0.0002299969778927043
2026-01-11,1252372.1469349293,3.675467369002406,281.6764394054652,0.0,bybit,0.00028535190677433274
2026-01-12,1252617.1508331522,77.18481475088907,167.81908347209148,0.0,bybit,0.00024500389822293075
2026-01-13,1252875.8348538184,161.7205642399501,96.96345642622055,0.0,bybit,0.00025868402066617273
2026-01-14,1252947.8512093006,-275.6600526816989,347.6764081639927,0.0,bybit,7.201635548216291e-05
2026-01-15,1253252.6275076417,180.0979010852964,124.67839725565102,0.0,bybit,0.0003047762983411085
2026-01-16,1253513.1709290561,22.052804214515856,238.49061720007347,0.0,bybit,0.00026054342141444795
2026-01-17,1253545.8466721578,-69.83388001254998,102.50962311423461,0.0,bybit,3.267574310163036e-05
2026-01-18,1253762.2887240597,69.83388001254998,146.6081718893573,0.0,bybit,0.0002164420519019477
2026-01-19,1253574.0914078648,-158.04509687078055,-30.152219324048144,0.0,bybit,-0.00018819731619488449
2026-01-20,1253629.2442628588,102.91308633440734,-47.76023134059888,0.0,bybit,5.51528549939394e-05
2026-01-21,1253780.6061002864,29.40373895285495,121.95809847468104,0.0,bybit,0.00015136183742759748
2026-01-22,1254000.2501278413,-7.3509347381719525,226.99496229304611,0.0,bybit,0.00021964402755489572
2026-01-23,1254013.6991049561,-44.10560842919885,57.554585544275454,0.0,bybit,1.3448977114865557e-05
2026-01-24,1253982.1860742348,-58.80747790537562,27.294447184090792,0.0,bybit,-3.151303072134033e-05
2026-01-25,1253972.7558725842,-69.83388001271712,60.40367836207809,0.0,bybit,-9.430201650597155e-06
2026-01-26,1254154.8104692586,99.23761896557207,82.81697770884726,0.0,bybit,0.00018205459667439573
2026-01-27,1254343.749093885,18.37733684534631,170.56128778129852,0.0,bybit,0.00018893862462649122
2026-01-28,1254691.0408170489,143.34322739443664,203.94849576931432,0.0,bybit,0.00034729172316379844
2026-01-29,1254649.3996265451,-158.04509687078055,116.40390636691188,0.0,bybit,-4.164119050372392e-05
2026-01-30,1254582.0533175496,66.15841264354758,-133.50472163903567,0.0,bybit,-6.734630899550394e-05
2026-01-31,1254487.386542516,40.43014106002931,-135.09691609353504,0.0,bybit,-9.466677503357641e-05
2026-02-01,1254338.194621817,-47.781075798201265,-101.41084490084592,0.0,bybit,-0.00014919192069908605
2026-02-02,1254083.079605704,-165.39603160911963,-89.71898450400683,0.0,bybit,-0.00025511501611303537
2026-02-03,1254085.4400215754,117.61495581108552,-115.25453993952183,0.0,bybit,2.3604158714879303e-06
2026-02-04,1254242.5718118509,14.701869476176764,142.42992079924707,0.0,bybit,0.00015713179027545266
2026-02-05,1254327.670423442,-91.88668422723298,176.98529581832054,0.0,bybit,8.509861159115098e-05
2026-02-06,1254578.635900775,238.90537899083915,12.060098342141465,0.0,bybit,0.00025096547733293844
2026-02-07,1254279.8408416556,-393.2750084926173,94.47994937322143,0.0,bybit,-0.0002987950591193512
2026-02-08,1254312.1702652776,117.61495581091837,-85.28553218874082,0.0,bybit,3.2329423621995374e-05
2026-02-09,1254282.285477958,0.0,-29.88478731963758,0.0,bybit,-2.9884787319693714e-05
2026-02-10,1254294.1297547673,-29.40373895268781,41.248015762186114,0.0,bybit,1.1844276809366419e-05
2026-02-11,1254233.5515065175,36.754673690943335,-97.33292194086951,0.0,bybit,-6.0578248249832544e-05
2026-02-12,1254291.4611883366,-14.701869476343905,72.61155129560224,0.0,bybit,5.79096818191465e-05
2026-02-13,1254159.9643282103,-154.3696295018617,22.872769375560367,0.0,bybit,-0.00013149686012626626
2026-02-14,1254299.5606415607,154.36962950177815,-14.773316151451528,0.0,bybit,0.0001395963133503683
2026-02-15,1254400.8225645733,14.701869476511046,86.56005353596667,0.0,bybit,0.00010126192301255651
2026-02-16,1254356.9443043836,-18.37733684559702,-25.500923344229793,0.0,bybit,-4.387826018966735e-05
2026-02-17,1254294.6422726698,-47.78107579811769,-14.520955915553355,0.0,bybit,-6.23020317137707e-05
2026-02-18,1254339.8764789305,3.6754673690859763,41.55873889145677,0.0,bybit,4.523420626064763e-05
2026-02-19,1254344.201433728,51.456543167287236,-47.13158836993021,0.0,bybit,4.3249547975137826e-06
2026-02-20,1254264.7203446422,-73.50934738188667,-5.97174170374619,0.0,bybit,-7.948108908580616e-05
2026-02-21,1254477.9690343493,36.7546736910269,176.4940160161275,0.0,bybit,0.00021324868970713578
2026-02-22,1254402.5680070517,-80.86028212005861,5.459254822380252,0.0,bybit,-7.54010272976011e-05
2026-02-23,1254240.3610535131,3.6754673690859763,-165.8824209078404,0.0,bybit,-0.00016220695353858172
2026-02-24,1254140.0698980298,3.6754673690859763,-103.96662285249681,0.0,bybit,-0.00010029115548334085
2026-02-25,1254272.594526156,7.350934738255523,125.17369338805696,0.0,bybit,0.00013252462812629527
2026-02-26,1254532.0683330146,44.105608428948145,215.36819842957306,0.0,bybit,0.0002594738068585284
2026-02-27,1254562.3369792732,3.6754673691695467,26.593178889451963,0.0,bybit,3.0268646258627995e-05
2026-02-28,1254570.8408493544,128.64135791809275,-120.13748783698743,0.0,bybit,8.503870081156493e-06
2026-03-01,1254629.2096130361,-110.26402107266286,168.63278475460686,0.0,bybit,5.836876368173398e-05
2026-03-02,1254709.4421810496,36.754673690943335,43.47789432251669,0.0,bybit,8.023256801348179e-05
2026-03-03,1254563.0840443687,-176.42243371637758,30.064297035679886,0.0,bybit,-0.0001463581366809085
2026-03-04,1254756.734807045,113.93948844183241,79.71127423441685,0.0,bybit,0.00019365076267626136
2026-03-05,1254885.7668616313,128.64135791825987,0.39069666813314186,0.0,bybit,0.00012903205458633603
2026-03-06,1254692.7852820735,-227.87897688366482,34.89739732581904,0.0,bybit,-0.0001929815795577597
2026-03-07,1254773.3630175646,121.29042317992078,-40.71268768885498,0.0,bybit,8.057773549109698e-05
2026-03-08,1254723.534079407,69.83388001263354,-119.66281817017415,0.0,bybit,-4.98289381575305e-05
2026-03-09,1254709.5570291502,-29.40373895268781,15.426688695710268,0.0,bybit,-1.397705025691539e-05
2026-03-10,1254680.5651898284,-161.72056423986652,132.72872491799808,0.0,bybit,-2.8991839321795852e-05
2026-03-11,1254906.3729380833,158.04509687078055,67.7626513841476,0.0,bybit,0.00022580774825485422
2026-03-12,1254869.1681113057,-47.781075798201265,10.576249020710698,0.0,bybit,-3.7204826777568085e-05
2026-03-13,1254934.0343215093,-29.40373895252067,94.26994915603471,0.0,bybit,6.486621020361782e-05
2026-03-14,1254994.3355424325,110.26402107257928,-49.96280014924625,0.0,bybit,6.030122092319652e-05
2026-03-15,1254909.8719385455,-121.29042318008793,36.826819292862346,0.0,bybit,-8.446360388700851e-05
2026-03-16,1254964.1386485745,-117.61495581075124,171.8816658398721,0.0,bybit,5.426671002898365e-05
2026-03-17,1255339.4749619649,275.6600526816989,99.67626070869693,0.0,bybit,0.00037533631339040584
2026-03-18,1255125.4285800618,-139.66776002526709,-74.37862187794106,0.0,bybit,-0.0002140463819031138
2026-03-19,1255347.8633183916,183.7733684542988,38.66136987564669,0.0,bybit,0.00022243473832984456
2026-03-20,1255297.418802227,-62.482945274378025,12.038429109701564,0.0,bybit,-5.0444516164716336e-05
2026-03-21,1255302.288224,-47.781075798201265,52.65049757140709,0.0,bybit,4.869421773124486e-06
2026-03-22,1255461.3368876458,132.31682528726228,26.731838358513993,0.0,bybit,0.0001590486636457499
2026-03-23,1255323.3752757506,-165.39603160911963,27.43441971387043,0.0,bybit,-0.0001379616118951235
2026-03-24,1255388.4339665049,-3.675467369002406,68.73415812306132,0.0,bybit,6.505869075423106e-05
2026-03-25,1255491.5694255985,-40.43014106019645,143.56560015370138,0.0,bybit,0.00010313545909360983
2026-03-26,1255505.0403957549,36.7546736910269,-23.28370353457445,0.0,bybit,1.347097015636973e-05
2026-03-27,1255468.3750046059,84.53574948906102,-121.20114063786065,0.0,bybit,-3.6665391148999335e-05
2026-03-28,1255481.4140433199,-22.052804214515856,35.09184292834509,0.0,bybit,1.3039038714021445e-05
2026-03-29,1255436.363778029,25.728271583601835,-70.77853687440482,0.0,bybit,-4.5050265290774406e-05
2026-03-30,1255513.558473539,-22.052804214515856,99.24749972433995,0.0,bybit,7.71946955099702e-05
2026-03-31,1255505.0483034863,-150.69416213269216,142.1839920799247,0.0,bybit,-8.51017005275935e-06
2026-04-01,1255691.598440492,58.80747790537562,127.74265910040151,0.0,bybit,0.00018655013700574636
2026-04-02,1255748.6865685764,220.5280421453257,-163.4399140608902,0.0,bybit,5.708812808431685e-05
2026-04-03,1255648.740748319,-124.9658905489232,25.02007029164276,0.0,bybit,-9.994582025730051e-05
2026-04-04,1255488.2456653928,-113.93948844174884,-46.55559448457139,0.0,bybit,-0.00016049508292623795
2026-04-05,1255429.7753647564,66.15841264371471,-124.62871328013185,0.0,bybit,-5.847030063648708e-05
2026-04-06,1255481.1297616865,-99.23761896557207,150.5920158958395,0.0,bybit,5.135439693019725e-05
2026-04-07,1255428.760382972,77.18481475088907,-129.55419346546455,0.0,bybit,-5.2369378714589405e-05
2026-04-08,1255562.2902792103,-55.132010536206074,188.6619067745546,0.0,bybit,0.0001335298962383531
2026-04-09,1255745.3913843576,95.56215159623538,87.53895355100266,0.0,bybit,0.0001831011051472742
2026-04-10,1255935.358354915,44.10560842903171,145.861362128207,0.0,bybit,0.00018996697055734694
2026-04-11,1255973.5727107003,-36.75467369085976,74.96902947613451,0.0,bybit,3.8214355785399674e-05
2026-04-12,1255940.408232874,-3.6754673691695467,-29.489010457261564,0.0,bybit,-3.316447782632895e-05
2026-04-13,1255895.4370370307,-40.43014106002931,-4.541054783398025,0.0,bybit,-4.497119584330358e-05
2026-04-14,1255955.0089592221,-135.99229265626468,195.5642148477744,0.0,bybit,5.957192219141871e-05
2026-04-15,1256121.8546736694,227.87897688366482,-61.03326243616659,0.0,bybit,0.00016684571444732136
2026-04-16,1256051.3537860839,-73.50934738188667,3.00845979651276,0.0,bybit,-7.050088758557103e-05
2026-04-17,1256125.1180962264,55.132010536373215,18.632299606279474,0.0,bybit,7.376431014249101e-05
2026-04-18,1255809.3054164432,44.10560842903171,-359.9182882123306,0.0,bybit,-0.0003158126797832083
2026-04-19,1255556.7394877183,-3.675467369002406,-248.8904613558019,0.0,bybit,-0.00025256592872482725
2026-04-20,1255425.847885659,-99.23761896540493,-31.653983093963873,0.0,bybit,-0.0001308916020593606
2026-04-21,1255295.9062801066,66.15841264354758,-196.10001819579102,0.0,bybit,-0.0001299416055523325
2026-04-22,1255261.41036033,-80.86028211989148,46.36436234316613,0.0,bybit,-3.4495919776614756e-05
2026-04-23,1255198.7684691013,-1.6714090493630097e-10,-62.64189122844143,0.0,bybit,-6.264189122873358e-05
2026-04-24,1255195.4420469014,110.26402107274643,-113.59044327250248,0.0,bybit,-3.3264221998397262e-06
2026-04-25,1255169.946409247,-80.86028211989148,55.36464446535872,0.0,bybit,-2.5495637654559687e-05
2026-04-26,1255240.8220521528,62.482945274378025,8.392697631551103,0.0,bybit,7.08756429059431e-05
2026-04-27,1255094.0036168462,-55.132010536373215,-91.68642477042252,0.0,bybit,-0.00014681843530666084
2026-04-28,1255061.2372417548,91.88668422723298,-124.653059318702,0.0,bybit,-3.276637509139255e-05
2026-04-29,1254969.3088462655,-117.61495581075124,25.68656032165908,0.0,bybit,-9.192839548923075e-05
2026-04-30,1255083.0662753563,113.93948844174884,-0.18205935100156445,0.0,bybit,0.00011375742909079418
2026-05-01,1254968.6887061212,-132.31682528709516,17.93925605199116,0.0,bybit,-0.00011437756923516281
2026-05-02,1255031.8918700325,102.91308633440734,-39.709922423135396,0.0,bybit,6.320316391135566e-05
2026-05-03,1254972.1091666974,-84.53574948906102,24.75304615384615,0.0,bybit,-5.9782703335164114e-05
2026-05-04,1254915.194318963,-29.40373895268781,-27.511108781582568,0.0,bybit,-5.691484773438424e-05
2026-05-05,1254979.8472075397,25.728271583685405,38.9246169929108,0.0,bybit,6.465288857673295e-05
2026-05-06,1254996.8773762125,88.21121685823057,-71.1810481853772,0.0,bybit,1.703016867279075e-05
2026-05-07,1254944.2722172586,-51.45654316737081,-1.148615786689236,0.0,bybit,-5.2605158953927456e-05
2026-05-08,1255034.718762807,-3.6754673691695467,94.12201291759713,0.0,bybit,9.044654554850422e-05
2026-05-09,1255082.9328312655,-88.21121685806342,136.42528531650785,0.0,bybit,4.821406845841557e-05
2026-05-10,1255351.5855597954,110.26402107257928,158.38870745730054,0.0,bybit,0.00026865272852987984
2026-05-11,1255397.430046943,-55.132010536206074,100.97649768389866,0.0,bybit,4.584448714763858e-05
2026-05-12,1255451.8367297223,77.18481475088907,-22.77813197155411,0.0,bybit,5.4406682779314e-05
2026-05-13,1255545.0484536032,36.75467369069262,56.4570501901776,0.0,bybit,9.321172388084233e-05
2026-05-14,1255575.814456314,-84.53574948906102,115.30175219998998,0.0,bybit,3.076600271090865e-05
2026-05-15,1255620.8259055086,25.728271583852546,19.283177610834827,0.0,bybit,4.5011449194513264e-05
2026-05-16,1255658.762945443,-73.50934738188667,111.44638731629624,0.0,bybit,3.793703993433155e-05
2026-05-17,1255847.8445906644,36.75467369085976,152.32697153072075,0.0,bybit,0.00018908164522144944
2026-05-18,1255842.646753385,7.3509347381719525,-12.54877201744176,0.0,bybit,-5.197837279411033e-06
2026-05-19,1255945.86583708,-11.026402107174357,114.24548580211504,0.0,bybit,0.00010321908369497395
2026-05-20,1256012.711098241,-55.132010536373215,121.97727169723058,0.0,bybit,6.684526116098277e-05
2026-05-21,1256082.832512602,-33.079206321857356,103.20062068285728,0.0,bybit,7.012141436105594e-05
2026-05-22,1256260.080899771,51.45654316720367,125.79184400202709,0.0,bybit,0.0001772483871690929
2026-05-23,1256331.4693291094,-44.10560842886457,115.49403776709786,0.0,bybit,7.13884293383453e-05
2026-05-24,1256464.1857348897,-1.6714090493630097e-10,132.71640578050778,0.0,bybit,0.00013271640578028747
2026-05-25,1256614.2225673231,1.6714090493630097e-10,150.03683243321504,0.0,bybit,0.00015003683243342675
2026-05-26,1256852.9379230337,183.77336845446595,54.94198725615223,0.0,bybit,0.00023871535571059213
2026-05-27,1256622.946780019,-220.52804214549286,-9.463100869303718,0.0,bybit,-0.00022999114301474764
2026-05-28,1256663.3368279783,132.31682528717872,-91.92677732793524,0.0,bybit,4.039004795928486e-05
2026-05-29,1256734.1357856023,-58.80747790537562,129.6064355295179,0.0,bybit,7.079895762400701e-05
2026-05-30,1256887.0821994531,77.18481475088907,75.76159910006737,0.0,bybit,0.00015294641385087745
2026-05-31,1256876.6962561356,-121.29042317992078,110.90447986233701,0.0,bybit,-1.0385943317553029e-05
2026-06-01,1256971.249869042,-47.781075798201265,142.33468870462048,0.0,bybit,9.455361290648579e-05
2026-06-02,1257066.605192276,0.0,95.35532323396576,0.0,bybit,9.535532323387452e-05
2026-06-03,1257201.1651167795,58.80747790537562,75.75244659824358,0.0,bybit,0.00013455992450355552
2026-06-04,1257150.1325777334,-102.9130863344909,51.88054728822903,0.0,bybit,-5.103253904613666e-05
2026-06-05,1257166.4706572238,113.93948844183241,-97.6014089514337,0.0,bybit,1.6338079490466044e-05
2026-06-06,1257192.1919500139,51.456543167287236,-25.735250377292296,0.0,bybit,2.5721292790025474e-05
2026-06-07,1257066.3261639148,11.026402107257928,-136.89218820620485,0.0,bybit,-0.00012586578609910794
2026-06-08,1256895.9590180689,-88.21121685823057,-82.15592898774288,0.0,bybit,-0.00017036714584589937
2026-06-09,1256984.697495423,161.7205642399501,-72.98208688582103,0.0,bybit,8.873847735417075e-05
2026-06-10,1256835.1552609305,-147.0186947636062,-2.5235397290178163,0.0,bybit,-0.0001495422344924882
2026-06-11,1256882.8641008572,0.0,47.708839926713395,0.0,bybit,4.770883992663585e-05
2026-06-12,1256910.0290757704,3.6754673691695467,23.48950754417522,0.0,bybit,2.7164974913233892e-05
2026-06-13,1256960.4802374742,14.701869476343905,35.74929222750029,0.0,bybit,5.045116170379333e-05
2026-06-14,1256903.20448913,-58.80747790545919,1.5317295613385387,0.0,bybit,-5.727574834413827e-05
2026-06-15,1256994.3915260173,44.105608429115286,47.08142845814144,0.0,bybit,9.118703688727692e-05
2026-06-16,1257046.7175156926,36.75467369085976,15.571315984384828,0.0,bybit,5.232598967524245e-05
2026-06-17,1257022.574731828,-117.61495581083481,93.47217194615995,0.0,bybit,-2.414278386463411e-05
2026-06-18,1257139.0312036267,135.99229265626468,-19.535820857720424,0.0,bybit,0.00011645647179870866
2026-06-19,1257123.096477497,-40.43014106002931,24.49541493019396,0.0,bybit,-1.5934726129751654e-05
2026-06-20,1257182.3468297406,-18.37733684534631,77.62768908887391,0.0,bybit,5.925035224366002e-05
2026-06-21,1257296.2233941809,73.50934738171952,40.3672170586237,0.0,bybit,0.00011387656444031745
2026-06-22,1257167.754057692,-161.72056423986652,33.25122775089242,0.0,bybit,-0.00012846933648898265
2026-06-23,1257153.408675471,84.53574948906102,-98.88113170981629,0.0,bybit,-1.4345382220810279e-05
2026-06-24,1257072.2223588128,-51.456543167287236,-29.729773490970047,0.0,bybit,-8.118631665827707e-05
2026-06-25,1257034.1088155843,-36.75467369085976,-1.358869537615064,0.0,bybit,-3.8113543228479105e-05
2026-06-26,1257157.9485614556,91.8866842271494,31.95306164427045,0.0,bybit,0.00012383974587125703
2026-06-27,1257123.0489158097,-18.37733684534631,-16.52230880051679,0.0,bybit,-3.48996456458699e-05
2026-06-28,1257099.4635523339,25.728271583601835,-49.31363505950358,0.0,bybit,-2.3585363475838676e-05
2026-06-29,1257087.807807447,-18.37733684542988,6.721591958522908,0.0,bybit,-1.165574488695711e-05
2026-06-30,1257136.5789782926,36.75467369085976,12.016497154854122,0.0,bybit,4.8771170845720916e-05
2026-07-01,1257104.345046253,-158.0450968708641,125.81116483134616,0.0,bybit,-3.223393203970045e-05
2026-07-02,1257303.211483031,73.5093473818031,125.35708939627663,0.0,bybit,0.00019886643677810207
2026-07-03,1257404.4891998207,-14.701869476427476,115.9795862660036,0.0,bybit,0.00010127771678962745
2026-07-04,1257545.0323275689,47.781075798201265,92.76205194994682,0.0,bybit,0.0001405431277481839
2026-07-05,1257565.241016973,-40.43014105994574,60.638830464055594,0.0,bybit,2.0208689404185862e-05
2026-07-06,1257640.4728288772,-44.10560842903171,119.33742033313096,0.0,bybit,7.52318119041156e-05
2026-07-07,1257778.5674865162,51.45654316720367,86.63811447187432,0.0,bybit,0.00013809465763904154
2026-07-08,1257790.0252019258,22.052804214515856,-10.595088804860527,0.0,bybit,1.145771540957503e-05
2026-07-09,1257886.5012771548,36.75467369085976,59.7214015381274,0.0,bybit,9.647607522900216e-05
2026-07-10,1257995.2821606973,11.026402107341498,97.75448143499155,0.0,bybit,0.00010878088354249485
2026-07-11,1258028.2418559631,-33.079206321857356,66.03890158769053,0.0,bybit,3.295969526586123e-05
2026-07-12,1258144.675690117,91.88668422723298,24.547149926769094,0.0,bybit,0.000116433834153926
2026-07-13,1258116.678603101,-69.83388001271712,41.836792996564,0.0,bybit,-2.7997087016003208e-05
2026-07-14,1258142.3382463579,-62.4829452744616,88.14258853142802,0.0,bybit,2.5659643256803976e-05
2026-07-15,1258277.8093944958,14.701869476343905,120.76927866168434,0.0,bybit,0.0001354711481379345
2026-07-16,1258427.1992093413,73.50934738171952,75.88046746376044,0.0,bybit,0.00014938981484551915
2026-07-17,1258500.417476872,11.026402107341498,62.19186542331917,0.0,bybit,7.321826753066853e-05
2026-07-18,1258489.9294772195,-44.10560842903171,33.61760877657056,0.0,bybit,-1.0487999652512372e-05
2026-07-19,1258598.4905210244,-8.357045246815048e-11,108.56104380488836,0.0,bybit,0.0001085610438049771
2026-07-20,1258635.1350977444,-40.43014105994574,77.07471777979495,0.0,bybit,3.664457671996206e-05
2026-07-21,1258943.9625495507,187.44883582355192,121.37861598271417,0.0,bybit,0.0003088274518062826
2026-07-22,1258818.9193330857,-169.07149897812204,44.028282513128644,0.0,bybit,-0.00012504321646504104
2026-07-23,1258865.0909073518,55.132010536373215,-8.960436270180264,0.0,bybit,4.617157426616177e-05
2026-07-24,1258875.3562528514,3.6754673690859763,6.589878130412267,0.0,bybit,1.0265345499617979e-05
2026-07-25,1258930.5383876476,-36.75467369085976,91.93680848698827,0.0,bybit,5.518213479616679e-05
2026-07-26,1259066.5040932226,33.07920632177379,102.88649925321184,0.0,bybit,0.0001359657055749558
2026-07-27,1259143.475235413,-11.026402107257928,87.99754429773512,0.0,bybit,7.697114219050855e-05
2026-07-28,1259219.178591991,66.15841264354758,9.544943934643507,0.0,bybit,7.570335657801479e-05
2026-07-29,1259291.7059829861,-3.6754673690859763,76.20285836419427,0.0,bybit,7.252739099506288e-05
2026-07-30,1259405.9309617386,-18.37733684542988,132.60231559790384,0.0,bybit,0.00011422497875243425
2026-07-31,1259388.0125835175,-11.026402107257928,-6.891976113917202,0.0,bybit,-1.791837822110392e-05
