date,nav,basis_pnl,funding_pnl,switch_cost,venue,ret
2023-05-12,1000086.7428252547,0.0,86.74282525473913,0.0,bybit,0.0
2023-05-13,1000091.0990110853,-68.7084326208664,73.06461845147065,0.0,bybit,4.3561858306638896e-06
2023-05-14,1000293.5611958847,65.0407226945407,137.42146210477645,0.0,bybit,0.00020246218479936942
2023-05-15,1000471.7809905151,79.22253440973786,98.99726022068499,0.0,bybit,0.00017821979463042225
2023-05-16,1000454.1647138298,-148.17548102565706,130.5592043403457,0.0,bybit,-1.7616276685381307e-05
2023-05-17,1000624.8131271006,-12.225699754685817,182.87411302548284,0.0,bybit,0.0001706484132708283
2023-05-18,1000743.175678433,18.827577622089844,99.53497371029982,0.0,bybit,0.0001183625513324514
2023-05-19,1000945.968757909,47.924743037998354,154.86833643792014,0.0,bybit,0.00020279307947598864
2023-05-20,1001048.7242664782,-42.05640715575272,144.8119157249173,0.0,bybit,0.00010275550856918563
2023-05-21,1001238.5107569644,65.04072269445176,124.74576779172745,0.0,bybit,0.0001897864904862363
2023-05-22,1001487.422091744,52.81502293985489,196.09631183981224,0.0,bybit,0.0002489113347795792
2023-05-23,1001430.2735019851,-144.26325710427858,87.11466734537827,0.0,bybit,-5.7148589758900924e-05
2023-05-24,1001645.2739243275,15.404381690816955,199.59604065156316,0.0,bybit,0.00021500042234233116
2023-05-25,1001912.0032655356,131.79304335453995,134.9362978536117,0.0,bybit,0.00026672934120811986
2023-05-26,1001913.5422800218,-73.35419852758119,74.89321301392397,0.0,bybit,1.5390144862467422e-06
2023-05-27,1002116.256430967,98.53914002211121,104.17501092310702,0.0,bybit,0.00020271415094519035
2023-05-28,1002013.8307593804,-84.35732830673615,-18.068343279866276,0.0,bybit,-0.00010242567158665042
2023-05-29,1002085.695059608,-84.8463562969307,156.71065652452256,0.0,bybit,7.18643002276076e-05
2023-05-30,1002413.2614118148,124.21310950674683,203.3532427001458,0.0,bybit,0.00032756635220686437
2023-05-31,1002618.7509732901,2.4451399508837914,203.04442152434473,0.0,bybit,0.00020548956147523132
2023-06-01,1002692.8467827649,-125.43567948209977,199.53148895685882,0.0,bybit,7.409580947482028e-05
2023-06-02,1002971.87612889,82.40121634595795,196.62812977913717,0.0,bybit,0.00027902934612508397
2023-06-03,1003224.4184964967,52.81502293985489,199.72734466692748,0.0,bybit,0.00025254236760677306
2023-06-04,1003411.3853893017,-11.492157769349516,198.45905057438563,0.0,bybit,0.00018696689280495047
2023-06-05,1003573.0267450651,-37.16612725398514,198.80748301739163,0.0,bybit,0.00016164135576342232
2023-06-06,1003748.9411060434,19.561119607426146,156.35324137087883,0.0,bybit,0.00017591436097829136
2023-06-07,1003822.4767361559,-122.99053953130493,196.52616964380982,0.0,bybit,7.35356301125139e-05
2023-06-08,1004034.3258305383,119.07831560974854,92.77077877262866,0.0,bybit,0.00021184909438237083
2023-06-09,1004084.5812848897,-20.05014759753174,70.30560194899883,0.0,bybit,5.025545435142703e-05
2023-06-10,1004193.1146596274,-73.84322651777573,182.37660125546824,0.0,bybit,0.00010853337473771534
2023-06-11,1004499.2725328536,122.74602553625213,183.41184769000958,0.0,bybit,0.0003061578732262133
2023-06-12,1004674.1965245667,22.495287548415533,152.4287041647402,0.0,bybit,0.0001749239917130908
2023-06-13,1004652.4565497473,-125.68019347724153,103.94021865775153,0.0,bybit,-2.173997481947299e-05
2023-06-14,1004822.1799688976,142.79617313369494,26.927246016644737,0.0,bybit,0.00016972341915033758
2023-06-15,1004888.7771283361,-86.5579542626561,153.1551137012306,0.0,bybit,6.65971594385337e-05
2023-06-16,1005054.334723919,-5.13479389682038,170.69238947967423,0.0,bybit,0.00016555759558291175
2023-06-17,1005064.93933694,-82.64573034118865,93.2503433621119,0.0,bybit,1.0604613020899705e-05
2023-06-18,1005158.8113127555,-22.495287548326576,116.36726336380127,0.0,bybit,9.387197581550572e-05
2023-06-19,1005388.5152211383,53.54856492510224,176.15534345769464,0.0,bybit,0.00022970390838279855
2023-06-20,1005556.9289764331,131.30401536434542,37.10973993046911,0.0,bybit,0.00016841375529486687
2023-06-21,1005537.7802534207,37.89966923923249,-57.04839225157379,0.0,bybit,-1.9148723012418487e-05
2023-06-22,1005465.2884475626,-291.21616815449374,218.72436229638654,0.0,bybit,-7.249180585809517e-05
2023-06-23,1005795.1989554404,110.76483977661913,219.1456681011488,0.0,bybit,0.00032991050787782296
2023-06-24,1006144.6595797958,124.45762350179963,225.00300085357617,0.0,bybit,0.00034946062435535713
2023-06-25,1006080.7744302421,-287.79297222322083,223.90782266955938,0.0,bybit,-6.388514955365099e-05
2023-06-26,1006339.1621494156,34.965501298154145,223.42221787530676,0.0,bybit,0.00025838771917345
2023-06-27,1006639.8661941218,78.73350641972122,221.97053828644593,0.0,bybit,0.00030070404470618813
2023-06-28,1006833.8936335355,33.009389337287,161.0180500764662,0.0,bybit,0.00019402743941370864
2023-06-29,1007066.0164477671,45.47960308720352,186.64321114450334,0.0,bybit,0.0002321228142316686
2023-06-30,1007101.0710491827,-90.22566418898178,125.28026560443863,0.0,bybit,3.5054601415526125e-05
2023-07-01,1007431.6065348319,107.09712985029343,223.43835579898285,0.0,bybit,0.0003305354856492486
2023-07-02,1007668.346940992,12.470213749738615,224.27019241028563,0.0,bybit,0.00023674040616012643
2023-07-03,1007693.8969440084,-195.12216808344422,220.67217109977952,0.0,bybit,2.5550003016367556e-05
2023-07-04,1007992.8079675885,70.42003058650285,228.49099299356266,0.0,bybit,0.00029891102358011996
2023-07-05,1008279.2144724721,78.73350641963226,207.67299846400752,0.0,bybit,0.0002864065048835473
2023-07-06,1008545.1287604116,146.21936906487886,119.69491887470214,0.0,bybit,0.0002659142879395513
2023-07-07,1008807.2539531443,115.41060568342286,146.7145870492051,0.0,bybit,0.0002621251927326666
2023-07-08,1008818.3403722147,-108.07518583059358,119.16160490094963,0.0,bybit,1.1086419070372358e-05
2023-07-09,1008978.2317635171,-31.053277376686708,190.94466867909097,0.0,bybit,0.00015989139130245895
2023-07-10,1009120.6147611075,-61.617526763178866,204.00052435359393,0.0,bybit,0.00014238299759035
2023-07-11,1009289.8153593332,43.034463136141824,126.1661350895366,0.0,bybit,0.00016920059822569602
2023-07-12,1009397.2477020018,-21.272717572973637,128.70506024157982,0.0,bybit,0.00010743234266864602
2023-07-13,1009399.9010669411,-66.01877867484086,68.67214361418358,0.0,bybit,2.6533649392658843e-06
2023-07-14,1009667.9490450327,37.41064124912689,230.63733684247964,0.0,bybit,0.0002680479780916357
2023-07-15,1009933.6462212941,148.4199950207988,117.27718124044173,0.0,bybit,0.00026569717626133936
2023-07-16,1009960.0200655097,-138.8839492122275,165.2577934279084,0.0,bybit,2.6373844215646388e-05
2023-07-17,1010188.5787062098,50.8589109790767,177.6997297208984,0.0,bybit,0.00022855864070006645
2023-07-18,1010140.7503662375,-75.55482448341218,27.72648451114985,0.0,bybit,-4.782833997230046e-05
2023-07-19,1010350.1379883323,34.965501298154145,174.42212079658216,0.0,bybit,0.00020938762209482957
2023-07-20,1010469.8235263298,6.601877867492981,113.08366012999252,0.0,bybit,0.0001196855379975168
2023-07-21,1010389.760555507,-115.16609168828111,35.10312086549063,0.0,bybit,-8.006297082279343e-05
2023-07-22,1010546.1154591575,29.830707401244812,126.52419624915532,0.0,bybit,0.00015635490365047009
2023-07-23,1010651.919314632,6.601877867492981,99.20197760696377,0.0,bybit,0.00010580385547445621
2023-07-24,1010793.5269149916,57.705302841622476,83.90229751796068,0.0,bybit,0.00014160760035959537
2023-07-25,1010833.4364848203,-3.6677099263256867,43.577279755130355,0.0,bybit,3.9909569828771056e-05
2023-07-26,1010932.8722422579,0.24451399505279767,99.19124344257924,0.0,bybit,9.943575743760448e-05
2023-07-27,1011079.4928724817,79.22253440982682,67.3980958139204,0.0,bybit,0.00014662063022376968
2023-07-28,1011079.9512564131,-72.62065654233383,73.07904047373475,0.0,bybit,4.583839314291254e-07
2023-07-29,1011280.0350291306,28.363623430661164,171.72014928690828,0.0,bybit,0.0002000837727175094
2023-07-30,1011382.1194777939,-8.313475833040473,110.39792449630117,0.0,bybit,0.000102084448663285
2023-07-31,1011335.5486065949,-95.60497208103287,49.03410088202867,0.0,bybit,-4.6570871199015526e-05
2023-08-01,1011588.2841402579,38.38869722942704,214.34683643347444,0.0,bybit,0.00025273553366295527
2023-08-02,1011643.0640776624,-163.09083472627947,217.87077213073945,0.0,bybit,5.4779937404557134e-05
2023-08-03,1012126.2496504476,269.2099085961838,213.9756641889249,0.0,bybit,0.00048318557278520893
2023-08-04,1012285.2822863974,-55.01564889559693,214.04828484546715,0.0,bybit,0.0001590326359497849
2023-08-05,1012471.6292052142,-15.893409681011505,202.24032849788384,0.0,bybit,0.00018634691881679464
2023-08-06,1012722.1902759187,37.41064124903794,213.1504294554896,0.0,bybit,0.00025056107070448345
2023-08-07,1012879.6036199899,-46.45765906750366,203.8710031386706,0.0,bybit,0.0001574133440712467
2023-08-08,1012858.6499030772,-101.96233595329515,81.0086190405271,0.0,bybit,-2.0953716912772505e-05
2023-08-09,1013069.7916610171,77.02190845390687,134.11984948607605,0.0,bybit,0.00021114175793994218
2023-08-10,1013227.5489119686,-59.17238681220612,216.92963776363058,0.0,bybit,0.00015775725095148663
2023-08-11,1013494.466887117,72.62065654224489,194.29731860618134,0.0,bybit,0.0002669179751484189
2023-08-12,1013672.5867745518,-37.655155244090736,215.77504267880644,0.0,bybit,0.00017811988743476103
2023-08-13,1013860.5260995154,-27.874595440466617,215.81392040402608,0.0,bybit,0.00018793932496360502
2023-08-14,1014104.0128913139,28.608137425713963,214.87865437279936,0.0,bybit,0.0002434867917984957
2023-08-15,1014341.0899932451,21.272717572973637,215.80438435821748,0.0,bybit,0.00023707710193120873
2023-08-16,1014547.6228959374,-7.579933847882079,214.11283654017143,0.0,bybit,0.00020653290269232822
2023-08-17,1014880.5120733035,122.25699754596863,210.63217982003772,0.0,bybit,0.00033288917736604346
2023-08-18,1014859.8198413197,-58.68335882201158,37.99112683830068,0.0,bybit,-2.0692231983761303e-05
2023-08-19,1014806.9792070059,-41.811893160699924,-11.028741153039086,0.0,bybit,-5.2840634313761254e-05
2023-08-20,1014879.0366804294,-9.536045808660274,81.59351923213714,0.0,bybit,7.205747342342511e-05
2023-08-21,1014906.7219258704,60.88398477793152,-33.198739336966966,0.0,bybit,2.7685245441040024e-05
2023-08-22,1014812.5139943787,-63.08461073376252,-31.12332075790448,0.0,bybit,-9.420793149166275e-05
2023-08-23,1014895.2426680238,-0.733541985158393,83.46221563022372,0.0,bybit,8.272867364506238e-05
2023-08-24,1015000.1247279875,49.39182700849305,55.49023295515169,0.0,bybit,0.00010488205996365286
2023-08-25,1015079.7276305198,47.435715047892764,32.167187484440014,0.0,bybit,7.960290253232233e-05
2023-08-26,1014891.9307933484,-174.82750649077073,-12.969330680726962,0.0,bybit,-0.00018779683717142325
2023-08-27,1015055.3647997014,116.8776896540065,46.556316698972154,0.0,bybit,0.00016343400635302532
2023-08-28,1015193.9793498489,26.89653946007752,111.71801068748444,0.0,bybit,0.00013861455014755483
2023-08-29,1015223.3895122507,-16.62695166625885,46.03711406800157,0.0,bybit,2.941016240173485e-05
2023-08-30,1015426.910959967,66.99683465522995,136.52461306104846,0.0,bybit,0.00020352144771628082
2023-08-31,1015318.9066961051,-162.60180673617387,54.59754287441762,0.0,bybit,-0.00010800426386180334
2023-09-01,1015432.494463648,77.75545043924318,35.83231710353167,0.0,bybit,0.00011358776754280553
2023-09-02,1015420.3390076783,-81.42316036556886,69.26770439591706,0.0,bybit,-1.215545596962329e-05
2023-09-03,1015610.2761934112,104.65198989932068,85.28519583348152,0.0,bybit,0.0001899371857328806
2023-09-04,1015589.6216894479,-112.72095173739731,92.0664477740335,0.0,bybit,-2.0654503963305616e-05
2023-09-05,1015688.6658291143,71.39808656680299,27.64605309954832,0.0,bybit,9.904413966636639e-05
2023-09-06,1015749.9296973146,9.291531813518523,51.972336386794474,0.0,bybit,6.126386820035987e-05
2023-09-07,1015853.780298659,3.4231959312728892,100.42740541309529,0.0,bybit,0.00010385060134436935
2023-09-08,1015990.1058795042,42.789949141089025,93.53563170412919,0.0,bybit,0.0001363255808452377
2023-09-09,1015942.8639949549,-90.47017818403458,43.22829363463386,0.0,bybit,-4.7241884549381215e-05
2023-09-10,1016026.7614194801,-39.12223921467438,123.01966373990822,0.0,bybit,8.389742452523205e-05
2023-09-11,1016187.5148180734,102.6958779385425,58.05752065476402,0.0,bybit,0.00016075339859328232
2023-09-12,1016258.1776627937,-26.16299747483017,96.82584219511328,0.0,bybit,7.066284472029657e-05
2023-09-13,1016302.7564642439,53.05953693499664,-8.480735484760109,0.0,bybit,4.457880145020317e-05
2023-09-14,1016235.2231596239,-53.79307892024399,-13.7402256997546,0.0,bybit,-6.753330461995211e-05
2023-09-15,1016292.1674522671,8.068961838076628,48.87533080520681,0.0,bybit,5.694429264322389e-05
2023-09-16,1016202.6966485542,-86.55795426247819,-2.9128494505103646,0.0,bybit,-8.947080371296033e-05
2023-09-17,1016384.8495940808,92.42629014463488,89.7266553819753,0.0,bybit,0.00018215294552664273
2023-09-18,1016493.2539444071,15.404381690816955,92.999968635523,0.0,bybit,0.00010840435032628011
2023-09-19,1016602.9495394474,-17.1159796564534,126.81157469680265,0.0,bybit,0.00010969559504033532
2023-09-20,1016722.8769152344,42.789949141089025,77.13742664580147,0.0,bybit,0.00011992737578693777
2023-09-21,1016873.8570241831,72.37614254719209,78.60396640155423,0.0,bybit,0.00015098010894877372
2023-09-22,1016832.7142907614,-44.746061101689314,3.603327679873388,0.0,bybit,-4.114273342175875e-05
2023-09-23,1016802.6070465407,-49.88085499886551,19.773610778176906,0.0,bybit,-3.0107244220678696e-05
2023-09-24,1016890.4173298436,-11.492157769260563,99.3024410721272,0.0,bybit,8.781028330291155e-05
2023-09-25,1016982.4319535854,73.84322651768677,18.1713972240993,0.0,bybit,9.20146237417357e-05
2023-09-26,1016949.2988638843,-41.322865170505374,8.18977546946687,0.0,bybit,-3.3133089701063e-05
2023-09-27,1016896.6507321869,-32.2758473521286,-20.372284345324893,0.0,bybit,-5.2648131697438655e-05
2023-09-28,1016909.762693358,10.269587793907622,2.842373377316214,0.0,bybit,1.3111961171147414e-05
2023-09-29,1016826.8283833453,-90.71469217917634,7.780382166482912,0.0,bybit,-8.293431001272985e-05
2023-09-30,1017149.7122671655,155.75541487353914,167.12846894672265,0.0,bybit,0.0003228838838202646
2023-10-01,1017199.6645789342,-109.78678379623003,159.73909556496073,0.0,bybit,4.995231176866218e-05
2023-10-02,1017157.3903100532,-9.536045808571322,-32.73822307234058,0.0,bybit,-4.2274268880952146e-05
2023-10-03,1017472.0688092908,137.66137923669663,177.01712000080025,0.0,bybit,0.00031467849923751785
2023-10-04,1017591.2254779433,-57.705302841622476,176.8619714941139,0.0,bybit,0.00011915666865254752
2023-10-05,1017819.3807172047,108.07518583059358,120.08005343075364,0.0,bybit,0.00022815523926133756
2023-10-06,1017730.8762825099,-165.780488672305,77.27605397757584,0.0,bybit,-8.850443469476886e-05
2023-10-07,1017822.0542052301,66.26329266989366,24.914630050325428,0.0,bybit,9.117792272020597e-05
2023-10-08,1017748.8174895642,-27.63008144541382,-45.60663422040048,0.0,bybit,-7.323671566590202e-05
2023-10-09,1017766.1468148212,53.548564925191194,-36.21923966817228,0.0,bybit,1.7329325256985614e-05
2023-10-10,1017772.0286736966,-101.22879396813676,107.11065284347548,0.0,bybit,5.8818588753929364e-06
2023-10-11,1017873.3446518682,-70.90905857660844,172.22503674823062,0.0,bybit,0.00010131597817165312
2023-10-12,1018119.9041573942,53.79307892024399,192.76642660579012,0.0,bybit,0.0002465595055259764
2023-10-13,1018416.0127415247,112.72095173739731,183.38763239321406,0.0,bybit,0.0002961085841305321
2023-10-14,1018529.8955565988,-81.42316036565781,195.30597543968062,0.0,bybit,0.00011388281507405918
2023-10-15,1018761.5057853837,92.42629014472382,139.18393864032439,0.0,bybit,0.00023161022878496443
2023-10-16,1018746.5995439863,-42.54543514594727,27.639193748444004,0.0,bybit,-1.4906241397489794e-05
2023-10-17,1018864.9215839955,3.1786819362200918,115.14335807296297,0.0,bybit,0.00011832204000919592
2023-10-18,1018889.793247802,-13.692783725180512,38.56444753174237,0.0,bybit,2.4871663806494326e-05
2023-10-19,1018899.7030189724,-27.14105345521927,37.0508246256713,0.0,bybit,9.909771170467138e-06
2023-10-20,1019082.1551488893,95.60497208094391,86.8471578360067,0.0,bybit,0.00018245212991687003
2023-10-21,1019213.1966166178,-16.1379236760643,147.17939140466623,0.0,bybit,0.00013104146772855894
2023-10-22,1019224.7078385565,-40.34480919020523,51.85603112885443,0.0,bybit,1.1511221938650123e-05
2023-10-23,1019326.927754746,-81.6676743607106,183.88759055020097,0.0,bybit,0.00010221991618955508
2023-10-24,1019201.0568403526,-368.48259060354235,242.61167621012203,0.0,bybit,-0.00012587091439345387
2023-10-25,1019688.0089067182,238.156631219675,248.7954351459971,0.0,bybit,0.00048695206636562943
2023-10-26,1020002.6089262794,61.61752676308991,252.98249279795147,0.0,bybit,0.0003146000195611268
2023-10-27,1019994.2025351282,-258.9403208022762,250.53392965110078,0.0,bybit,-8.406391151132994e-06
2023-10-28,1020336.2137577693,28.11910943560837,313.892113205534,0.0,bybit,0.0003420112226411002
2023-10-29,1020476.2227158729,-110.03129779137177,250.04025589501015,0.0,bybit,0.00014000895810360088
2023-10-30,1020802.125150343,72.62065654215593,253.28177792794395,0.0,bybit,0.000325902434470132
2023-10-31,1020904.4072227724,-155.02187288838076,257.3039453177793,0.0,bybit,0.00010228207242931239
2023-11-01,1021112.3466193563,-62.595582743479014,270.53497932745313,0.0,bybit,0.00020793939658394085
2023-11-02,1021389.1201557734,-108.80872781584092,385.58226423293735,0.0,bybit,0.0002767735364170512
2023-11-03,1022074.5425203572,429.1220613864211,256.3003031973539,0.0,bybit,0.000685422364583821
2023-11-04,1022690.9659696937,361.8807127359604,254.54273660063308,0.0,bybit,0.0006164234493365511
2023-11-05,1022363.3394670442,-584.8774762598713,257.2509736102714,0.0,bybit,-0.00032762650264950933
2023-11-06,1022633.1149114484,-145.974855069915,415.7502994740727,0.0,bybit,0.00026977544440422207
2023-11-07,1022947.7897412888,53.79307892015504,260.88175092026177,0.0,bybit,0.00031467482984031086
2023-11-08,1023509.1374634187,98.78365401716401,462.56406811270756,0.0,bybit,0.0005613477221298963
2023-11-09,1024288.5579481968,131.79304335471787,647.6274414233383,0.0,bybit,0.000779420484778122
2023-11-10,1024720.1739093412,-403.93711989198,835.5530810363837,0.0,bybit,0.00043161596114444544
2023-11-11,1025162.1293265397,-248.6707330086354,690.6261502071702,0.0,bybit,0.00044195541719847824
2023-11-12,1025689.4937753475,-84.11281431150545,611.4772631192873,0.0,bybit,0.0005273644488077843
2023-11-13,1026872.2841253493,260.16289077780704,922.627459223957,0.0,bybit,0.001182790350001771
2023-11-14,1027212.3551390244,-44.012519116441965,384.0835327915496,0.0,bybit,0.0003400710136751877
2023-11-15,1027849.0140775668,375.81801045619375,260.8409280862112,0.0,bybit,0.0006366589385423577
2023-11-16,1027785.2909048421,-474.3571504783939,410.6339777536722,0.0,bybit,-6.372317272471264e-05
2023-11-17,1028412.7822801667,362.12522673128007,265.3661485933777,0.0,bybit,0.0006274913753246655
2023-11-18,1028791.4505902638,110.03129779137177,268.6370123057226,0.0,bybit,0.00037866831009706947
2023-11-19,1028942.4201327114,-117.36671764420106,268.33626009175947,0.0,bybit,0.000150969542447594
2023-11-20,1029189.8956023827,-77.26642244913758,324.7418921204254,0.0,bybit,0.0002474754696713062
2023-11-21,1029517.0254971085,52.325994949838254,274.80389977593626,0.0,bybit,0.00032712989472574554
2023-11-22,1030230.5442313262,451.3728349396949,262.1458992780169,0.0,bybit,0.0007135187342177378
2023-11-23,1030265.3642467972,-239.6237151901697,274.4437306611659,0.0,bybit,3.482001547096297e-05
2023-11-24,1030661.68035449,122.74602553607423,273.57008215670237,0.0,bybit,0.00039631610769277903
2023-11-25,1031119.212252452,180.94035636806916,276.59154159405347,0.0,bybit,0.00045753189796209336
2023-11-26,1031560.0712301169,163.82437671170473,277.03460095316,0.0,bybit,0.00044085897766484413
2023-11-27,1031725.8852172064,-108.80872781601883,274.62271490557316,0.0,bybit,0.00016581398708955385
2023-11-28,1031969.1844667707,-29.830707401244812,273.1299569655369,0.0,bybit,0.0002432992495642975
2023-11-29,1032211.8303749402,-34.72098730301239,277.36689547249,0.0,bybit,0.00024264590816944838
2023-11-30,1032747.8334158054,258.45129281234847,277.55174805277943,0.0,bybit,0.0005360030408651801
2023-12-01,1032770.6971859443,-253.80552690554475,276.6692970444927,0.0,bybit,2.2863770138937978e-05
2023-12-02,1033434.2585322829,379.9747483728919,283.58659796564365,0.0,bybit,0.0006635613463385962
2023-12-03,1033543.5692473308,-179.96230038768007,289.2730154355017,0.0,bybit,0.00010931071504787542
2023-12-04,1033565.4882718266,-557.2473948145464,579.1664193103817,0.0,bybit,2.19190244958736e-05
2023-12-05,1034008.9860445264,135.4607532809546,308.0370194188569,0.0,bybit,0.00044349777269980404
2023-12-06,1034188.5695927358,-143.77422911399506,323.3577773233275,0.0,bybit,0.00017958354820939713
2023-12-07,1034479.0622314598,-110.76483977661913,401.2574785005513,0.0,bybit,0.00029049263872392477
2023-12-08,1035303.6633019865,-255.27261087603944,1079.8736814027102,0.0,bybit,0.0008246010705267545
2023-12-09,1035935.5243254954,-385.1095422698012,1016.9705657787105,0.0,bybit,0.0006318610235088272
2023-12-10,1037485.6384298716,439.88067717034534,1110.2334272059609,0.0,bybit,0.0015501141043762908
2023-12-11,1038120.3976544134,0.24451399514175134,634.5147105465554,0.0,bybit,0.0006347592245417182
2023-12-12,1038676.8145294957,71.15357257183915,485.26330251049194,0.0,bybit,0.000556416875082301
2023-12-13,1039065.8569336459,-118.10025962962631,507.14266377991964,0.0,bybit,0.00038904240415024103
2023-12-14,1039822.606720252,404.67066187722736,352.0791247288118,0.0,bybit,0.0007567497866060585
2023-12-15,1040135.9201782022,-99.51719600241135,412.83065395267994,0.0,bybit,0.0003133134579502512
2023-12-16,1040235.5669548854,-432.05622932741045,531.7030060105986,0.0,bybit,9.96467766831629e-05
2023-12-17,1041069.2931694619,448.1941530033858,385.53206157306977,0.0,bybit,0.0008337262145765126
2023-12-18,1041106.1883469436,-307.5986058255219,344.4937833072518,0.0,bybit,3.689517748169601e-05
2023-12-19,1041735.6314137582,194.63314009316073,434.8099267213786,0.0,bybit,0.0006294430668145651
2023-12-20,1041935.3988085949,-200.74598997045916,400.51338480723405,0.0,bybit,0.0001997673948367592
2023-12-21,1042265.5622361741,-434.50136927847217,764.664796857773,0.0,bybit,0.0003301634275792167
2023-12-22,1043200.6711670612,131.30401536443438,803.8049155226378,0.0,bybit,0.0009351089308870723
2023-12-23,1043688.8540654323,108.80872781601883,379.37417055518006,0.0,bybit,0.00048818289837113116
2023-12-24,1044345.9237765591,173.84945051038164,483.22026061635313,0.0,bybit,0.0006570697111267364
2023-12-25,1044903.3592386282,150.3761069813991,407.0593550876695,0.0,bybit,0.0005574354620691156
2023-12-26,1045406.8154582352,-461.6424227335135,965.098642340488,0.0,bybit,0.0005034562196070329
2023-12-27,1046962.1549366202,149.3980510011879,1405.9414273837892,0.0,bybit,0.0015553394783849362
2023-12-28,1048304.4203665868,115.6551196783867,1226.6103102882598,0.0,bybit,0.0013422654299666175
2023-12-29,1049559.7484510997,-278.7459544046662,1534.0740389177365,0.0,bybit,0.001255328084512963
2023-12-30,1050793.2444857229,200.01244798521182,1033.4835866379772,0.0,bybit,0.0012334960346231238
2023-12-31,1051791.9506870734,-143.04068712892564,1141.7468884793898,0.0,bybit,0.0009987062013505493
2024-01-01,1053230.1698347866,87.780524238098,1350.4386234751219,0.0,bybit,0.0014382191477131565
2024-01-02,1054607.8729849025,-497.09695202195115,1874.8001021379418,0.0,bybit,0.0013777031501159072
2024-01-03,1056049.7009311984,439.1471351852759,1002.6808111107159,0.0,bybit,0.0014418279462959616
2024-01-04,1057061.3739181813,697.3539140021269,314.319072980759,0.0,bybit,0.001011672986982856
2024-01-05,1057668.0899173988,282.9026923211864,323.8133068961838,0.0,bybit,0.0006067159992174711
2024-01-06,1057809.0177590959,-182.89646832866944,323.824310025963,0.0,bybit,0.00014092784169712105
2024-01-07,1058422.4295295551,290.97165415944096,322.4401162997475,0.0,bybit,0.0006134117704592645
2024-01-08,1058754.1144754954,9.536045808571322,322.14890013159305,0.0,bybit,0.0003316849459402729
2024-01-09,1058275.3995965966,-823.2786214745101,344.56374257566597,0.0,bybit,-0.00047871487889881244
2024-01-10,1059045.4761294771,431.8117153322687,338.26481754810266,0.0,bybit,0.0007700765328805428
2024-01-11,1059263.0666885695,-124.70213749685243,342.29269658925205,0.0,bybit,0.0002175905590923503
2024-01-12,1059853.845999129,250.87135896437746,339.9079515951204,0.0,bybit,0.0005907793105593883
2024-01-13,1059983.8467548992,-183.87452430923645,313.87528007966716,0.0,bybit,0.00013000075577036476
2024-01-14,1060490.0865742255,191.9434861471352,314.2963331792155,0.0,bybit,0.0005062398193262052
2024-01-15,1060695.0007942703,-101.2287939680478,306.1430140128748,0.0,bybit,0.00020491422004485503
2024-01-16,1060973.856779973,-33.00938933737595,311.86537504001143,0.0,bybit,0.00027885598570271395
2024-01-17,1061506.4058161434,216.15037166136506,316.39866450901593,0.0,bybit,0.000532549036170356
2024-01-18,1061523.1547802929,-297.0845040369173,313.8334681865064,0.0,bybit,1.67489641495049e-05
2024-01-19,1062107.9579242985,281.68012234618925,303.12302165949427,0.0,bybit,0.0005848031440055929
2024-01-20,1062233.1155913682,-180.45132837796356,305.608995447594,0.0,bybit,0.0001251576670696959
2024-01-21,1062717.9266931927,178.98424440729096,305.82685741722094,0.0,bybit,0.0004848111018245108
2024-01-22,1062929.2838570082,-93.64886012025467,305.0060239356973,0.0,bybit,0.0002113571638155263
2024-01-23,1063231.750847619,12.225699754596864,290.24129085606575,0.0,bybit,0.00030246699061081743
2024-01-24,1063689.8959866806,165.53597467716327,292.6091643845361,0.0,bybit,0.000458145139061613
2024-01-25,1063944.7685726609,-39.12223921467438,293.99482519472207,0.0,bybit,0.0002548725859802216
2024-01-26,1064279.4101818297,41.56737916555817,293.07423000320097,0.0,bybit,0.00033464160916884427
2024-01-27,1064813.964721788,227.88704342585632,306.66749653234706,0.0,bybit,0.000534554539958248
2024-01-28,1064961.7560190503,32.2758473521286,115.51544991019668,0.0,bybit,0.00014779129726230167
2024-01-29,1065060.2061559784,-209.79300778874696,308.2431447167194,0.0,bybit,9.845013692812062e-05
2024-01-30,1065487.3118590137,128.6143614182309,298.49134161717114,0.0,bybit,0.0004271057030353695
2024-01-31,1065898.8889718945,188.03126222557879,223.54585065529756,0.0,bybit,0.00041157711288076826
2024-02-01,1066082.8609682848,-80.68961838023256,264.6616147704236,0.0,bybit,0.00018397199639026075
2024-02-02,1066146.629199755,-223.7303055091582,287.4985369794075,0.0,bybit,6.376823147013783e-05
2024-02-03,1066578.8831851552,186.80869225022585,245.4452931500516,0.0,bybit,0.00043225398540031165
2024-02-04,1066897.3353566353,17.360493651506196,301.0916778283601,0.0,bybit,0.0003184521714800503
2024-02-05,1067042.8409542607,-149.64256499632967,295.1481626218125,0.0,bybit,0.0001455055976253934
2024-02-06,1067434.7448069123,78.73350641963226,313.17034623181706,0.0,bybit,0.0003919038526515942
2024-02-07,1067802.4938801776,99.27268200744751,268.47639125795786,0.0,bybit,0.0003677490732653532
2024-02-08,1068067.0010357506,84.11281431150545,180.39434126151443,0.0,bybit,0.00026450715557299555
2024-02-09,1068162.6081360816,-93.89337411504061,189.5004744460647,0.0,bybit,9.560710033099166e-05
2024-02-10,1068440.2496207703,-67.97489063570801,345.61637532453676,0.0,bybit,0.00027764148468873464
2024-02-11,1068834.4008015506,44.01251911661987,350.1386616637622,0.0,bybit,0.0003941511807802599
2024-02-12,1068653.729899605,-534.9966212612726,354.3257193157165,0.0,bybit,-0.0001806709019455593
2024-02-13,1068459.6610978125,-560.4260767506776,366.3572749582104,0.0,bybit,-0.00019406880179257131
2024-02-14,1069560.0210099919,721.8053135113206,378.55459866806564,0.0,bybit,0.0011003599121794105
2024-02-15,1069249.7379748242,-761.1720667211367,450.8890315534197,0.0,bybit,-0.00031028303516772573
2024-02-16,1069863.7008798283,233.26635131772952,380.696553686382,0.0,bybit,0.0006139629050041549
2024-02-17,1070094.3902981519,-151.8431909520717,382.53260927552725,0.0,bybit,0.00023068941832357087
2024-02-18,1070200.9256920638,-299.7741579827649,406.30955189476117,0.0,bybit,0.00010653539391187951
2024-02-19,1070808.084708633,-33.2539033325177,640.412919901661,0.0,bybit,0.0006071590165691451
2024-02-20,1071170.065916621,-18.094035636753546,380.07524362485333,0.0,bybit,0.0003619812079879921
2024-02-21,1071565.425241051,11.73667176431336,383.62265266564714,0.0,bybit,0.0003953593244301155
2024-02-22,1072189.507357742,243.53593911154817,380.54617757940036,0.0,bybit,0.00062408211669093
2024-02-23,1072566.9164207643,0.978055980389098,376.4310070420031,0.0,bybit,0.0003774090630223509
2024-02-24,1072965.367847219,17.8495216417897,380.60190481292466,0.0,bybit,0.0003984514264548197
2024-02-25,1073193.7593230167,-150.13159298643527,378.5230687840097,0.0,bybit,0.00022839147579763086
2024-02-26,1073520.6615752128,-52.815022939943844,379.7172751360387,0.0,bybit,0.00032690225219610147
2024-02-27,1075189.2847127768,20.294661592851398,1648.3284759709427,0.0,bybit,0.0016686231375639326
2024-02-28,1076438.4770304358,-47.19120105292892,1296.3835187119894,0.0,bybit,0.0012491923176590352
2024-02-29,1079087.4600481342,-455.77408685135686,3104.757104549739,0.0,bybit,0.002648983017698396
2024-03-01,1080465.0688303234,-403.93711989198,1781.5459020810367,0.0,bybit,0.0013776087821891997
2024-03-02,1082661.276888998,724.0059394674184,1472.2021192072411,0.0,bybit,0.0021962080586745867
2024-03-03,1084598.6394553878,-242.55788313133698,2179.920449521197,0.0,bybit,0.001937362566389842
2024-03-04,1087341.4776683461,-291.2161681544048,3034.05438111285,0.0,bybit,0.0027428382129583042
2024-03-05,1092435.063122998,335.9622292564499,4757.623225395224,0.0,bybit,0.005093585454651853
2024-03-06,1094665.7130849315,667.523206600882,1563.1267553326281,0.0,bybit,0.0022306499619334937
2024-03-07,1095567.3039484657,-745.0341430453393,1646.6250065796494,0.0,bybit,0.0009015908635342494
2024-03-08,1098178.395528293,174.582992495629,2436.508587331508,0.0,bybit,0.0026110915798272473
2024-03-09,1099247.7523355584,-224.46384749422762,1293.820654759576,0.0,bybit,0.0010693568072654308
2024-03-10,1102104.0256487587,222.01870754352174,2634.25460565672,0.0,bybit,0.002856273313200334
2024-03-11,1105403.8369905136,24.451399509193728,3275.3599422457946,0.0,bybit,0.0032998113417548594
2024-03-12,1107447.8339786418,-730.6078173344666,2774.6048054624425,0.0,bybit,0.0020439969881281723
2024-03-13,1110860.0501263211,599.0592879748905,2813.1568597045384,0.0,bybit,0.00341221614767937
2024-03-14,1113033.413509052,-95.36045808606903,2268.7238408169437,0.0,bybit,0.002173363382730866
2024-03-15,1113992.7440066605,-280.21303837516086,1239.5435359835687,0.0,bybit,0.0009593304976085201
2024-03-16,1114855.038014734,352.10015293224734,510.19385514101805,0.0,bybit,0.000862294008073397
2024-03-17,1115530.102763796,46.45765906768157,628.6070899944873,0.0,bybit,0.0006750647490620614
2024-03-18,1116330.3214308193,-99.51719600223345,899.7358630254828,0.0,bybit,0.0008002186670233495
2024-03-19,1116960.4662035545,108.31969982555742,521.8250729096277,0.0,bybit,0.0006301447727351915
2024-03-20,1117740.5203745188,325.4481274674895,454.6060434968169,0.0,bybit,0.0007800541709642858
2024-03-21,1118257.9833862197,19.561119607248237,497.90189209375114,0.0,bybit,0.0005174630117008929
2024-03-22,1118671.9937491675,-66.75232065999924,480.7626836077818,0.0,bybit,0.00041401036294782536
2024-03-23,1119364.1598097358,223.97481950412202,468.19124106412494,0.0,bybit,0.0006921660605682991
2024-03-24,1119811.2810353287,-22.49528754859344,469.6165131415159,0.0,bybit,0.0004471212255929131
2024-03-25,1120059.7167152246,-501.7427179283991,750.1783978242701,0.0,bybit,0.0002484356798958033
2024-03-26,1121432.981134299,251.84941494441074,1121.415004130064,0.0,bybit,0.0013732644190744031
2024-03-27,1123125.982405981,-381.6863463381725,2074.687618020237,0.0,bybit,0.001693001271682093
2024-03-28,1125312.955919518,-156.48895685905333,2343.4624703960244,0.0,bybit,0.0021869735135368537
2024-03-29,1127394.350218163,107.83067183562973,1973.563626809404,0.0,bybit,0.002081394298645202
2024-03-30,1129310.2327811942,125.43567948192187,1790.4468835490989,0.0,bybit,0.0019158825630310457
2024-03-31,1131264.2843882737,-165.2914606820215,2119.3430677614965,0.0,bybit,0.001954051607079571
2024-04-01,1132788.619559567,-566.538926627976,2090.874097921187,0.0,bybit,0.0015243351712932345
2024-04-02,1134349.028213584,802.2504178965893,758.1582361204967,0.0,bybit,0.0015604086540171411
2024-04-03,1135117.5533051658,288.03748621827367,480.4876053633034,0.0,bybit,0.0007685250915817451
2024-04-04,1136332.091973943,730.6078173348225,483.9308514421881,0.0,bybit,0.0012145386687770952
2024-04-05,1136994.1610513693,159.66763879500658,502.401438631433,0.0,bybit,0.0006620690774263348
2024-04-06,1137414.1808347744,-77.51093644410142,497.5307198492016,0.0,bybit,0.0004200197834051214
2024-04-07,1137911.533303921,-8.068961838076628,505.4214309848136,0.0,bybit,0.0004973524691467173
2024-04-08,1138690.1330694791,77.75545043942108,700.8443151185226,0.0,bybit,0.0007785997655580286
2024-04-09,1138255.3753619732,-1368.789344524921,934.0316370189744,0.0,bybit,-0.00043475770750595256
2024-04-10,1139165.7388507968,369.21613258896764,541.1473562346624,0.0,bybit,0.000910363488823641
2024-04-11,1139500.345005436,-183.87452430923645,518.4806789486788,0.0,bybit,0.00033460615463927387
2024-04-12,1140046.997119815,32.7648753422342,513.8872390368817,0.0,bybit,0.0005466521143789869
2024-04-13,1141260.7870867392,721.3162855215708,492.4736814027101,0.0,bybit,0.001213789966924116
2024-04-14,1141803.3965126467,114.92157769296145,427.68784821460326,0.0,bybit,0.000542609425907489
2024-04-15,1143378.0097137797,1494.7140519973043,79.89914913575417,0.0,bybit,0.0015746132011329756
2024-04-16,1143251.7701131639,-458.70825479288,332.4686541771882,0.0,bybit,-0.00012623960061580874
2024-04-17,1143420.3354277934,32.03133335716476,136.53398127245083,0.0,bybit,0.00016856531462958082
2024-04-18,1143250.7766704801,-137.4168652417328,-32.141892071522555,0.0,bybit,-0.00016955875731329434
2024-04-19,1143499.7685273862,54.03759291529679,194.95426399064627,0.0,bybit,0.0002489918569060974
2024-04-20,1143596.3250583953,134.971725290849,-38.415194281929075,0.0,bybit,9.655653100903147e-05
2024-04-21,1144035.4838827187,312.2443717325035,126.91445259095921,0.0,bybit,0.0004391588243234437
2024-04-22,1143860.8575072298,-365.0593946722695,190.43301918323442,0.0,bybit,-0.0001746263754889369
2024-04-23,1144021.7319441142,317.134651634449,-156.26021474997333,0.0,bybit,0.00016087443688442
2024-04-24,1144093.3764924745,-333.02806131546055,404.67260967564107,0.0,bybit,7.164454836025835e-05
2024-04-25,1144556.2351278197,288.03748621827367,174.8211491268628,0.0,bybit,0.00046285863534524106
2024-04-26,1144092.2033740852,-490.2505601594054,26.21880642493865,0.0,bybit,-0.0004640317537344527
2024-04-27,1144603.1058307842,43.27897713137253,467.6234795675215,0.0,bybit,0.0005109024566989392
2024-04-28,1145394.4192980817,483.6486822918235,307.6647850055127,0.0,bybit,0.0007913134672974702
2024-04-29,1145221.7415997142,-265.5421986698581,92.86450030230823,0.0,bybit,-0.00017267769836750812
2024-04-30,1145222.720613407,-161.86826475092653,162.8472784436462,0.0,bybit,9.790136928204448e-07
2024-05-01,1145525.9350723464,-68.21940463049394,371.43386357008217,0.0,bybit,0.00030321445893938655
2024-05-02,1146431.5903477825,891.4980261051819,14.15724933092082,0.0,bybit,0.0009056552754361183
2024-05-03,1145280.3151417016,-815.9432016218587,-335.3320044590461,0.0,bybit,-0.0011512752060808707
2024-05-04,1145233.0919143772,107.83067183562973,-155.0538991602056,0.0,bybit,-4.72232273244299e-05
2024-05-05,1145533.5042998067,-14.181811715552968,314.59419714496573,0.0,bybit,0.0003004123854294885
2024-05-06,1145765.2996782076,-88.75858021830918,320.5539586193407,0.0,bybit,0.00023179537840094418
2024-05-07,1146188.8666261395,-39.61126720477998,463.17821513675005,0.0,bybit,0.00042356694793188945
2024-05-08,1146489.1004704328,-156.73347085401718,456.96731514741975,0.0,bybit,0.00030023384429328146
2024-05-09,1147308.5511399054,466.04367464517554,353.40699482741763,0.0,bybit,0.0008194506694725715
2024-05-10,1147212.418469946,-272.14407653726215,176.01140657787104,0.0,bybit,-9.613266995945013e-05
2024-05-11,1147609.1033047433,-49.14731301352921,445.83214781093295,0.0,bybit,0.000396684834797401
2024-05-12,1147863.3976681358,-127.14727744773622,381.44164084006115,0.0,bybit,0.000254294363392517
2024-05-13,1148292.8169934019,281.43560835086964,147.9837169150336,0.0,bybit,0.0004294193252660334
2024-05-14,1148543.5015352627,-10.025073798854823,260.7096156595654,0.0,bybit,0.00025068454186082817
2024-05-15,1148572.9811842628,-22.006259558309935,51.48590855843439,0.0,bybit,2.9479649000102652e-05
2024-05-16,1148880.835336555,100.7397659779422,207.1143863143294,0.0,bybit,0.000307854152292246
2024-05-17,1149026.6955145614,-332.53903332499914,478.39921133122317,0.0,bybit,0.00014586017800634728
2024-05-18,1149864.5727903198,647.7175729984921,190.1597027598962,0.0,bybit,0.0008378772757584229
2024-05-19,1149869.3981400682,-334.9841732758829,339.80952302432695,0.0,bybit,4.8253497483674436e-06
2024-05-20,1150266.7233022477,105.14101788960419,292.18414428993134,0.0,bybit,0.00039732516217953523
2024-05-21,1149458.8478398935,-1332.1122452611305,524.2367829071381,0.0,bybit,-0.0008078754623541608
2024-05-22,1149961.8280431514,-11.73667176431336,514.7168750222286,0.0,bybit,0.0005029802032578736
2024-05-23,1149776.7392991176,-787.8240921862504,602.7353481523634,0.0,bybit,-0.00018508874403382652
2024-05-24,1150821.791380599,546.2442650356583,498.80781644556674,0.0,bybit,0.0010450520814813207
2024-05-25,1151232.7020396309,-92.18177614975998,503.09243518156285,0.0,bybit,0.00041091065903194247
2024-05-26,1151987.3785920723,246.2255930573958,508.4509593840026,0.0,bybit,0.0007546765524414368
2024-05-27,1152666.3284266922,176.29459046144333,502.6552441583384,0.0,bybit,0.0006789498346198815
2024-05-28,1152971.9330208877,-203.92467190694612,509.52926610235806,0.0,bybit,0.0003056045941954944
2024-05-29,1153071.5065907654,-413.962193690479,513.5357635683038,0.0,bybit,9.957356987777166e-05
2024-05-30,1153754.09283752,186.0751502649785,496.51109648966826,0.0,bybit,0.0006825862467545084
2024-05-31,1153863.6541794124,-392.2004481276666,501.76179002027254,0.0,bybit,0.00010956134189246222
2024-06-01,1154665.9869985257,306.6205498454886,495.7122692677028,0.0,bybit,0.000802332819113275
2024-06-02,1155298.5388354927,135.21623928581286,497.3355976811182,0.0,bybit,0.0006325518369670026
2024-06-03,1155602.2684963741,-193.65508411277162,497.3847449941317,0.0,bybit,0.0003037296608814504
2024-06-04,1156184.9278581326,-27.63008144550277,610.2894432038447,0.0,bybit,0.0005826593617585022
2024-06-05,1156702.0268373978,-18.58306362685914,535.6820428922005,0.0,bybit,0.0005170989792651963
2024-06-06,1157636.31456813,412.4951097199843,521.7926210121991,0.0,bybit,0.0009342877307322342
2024-06-07,1158098.2670052678,-137.90589323183838,599.8583303695274,0.0,bybit,0.00046195243713771926
2024-06-08,1158925.5154716095,233.2663513179074,593.982115023829,0.0,bybit,0.0008272484663417563
2024-06-09,1159073.7882692053,-360.41362876564364,508.6864263612762,0.0,bybit,0.00014827279759570955
2024-06-10,1160005.145255192,420.3195575627413,511.0374284240852,0.0,bybit,0.0009313569859866984
2024-06-11,1160519.0559675726,3.667709926592548,510.2430024540314,0.0,bybit,0.0005139107123806607
2024-06-12,1160935.0028038505,303.93089589910727,112.0159403785966,0.0,bybit,0.00041594683627784254
2024-06-13,1161257.249299127,1.2225699755308492,321.02392530097455,0.0,bybit,0.0003222464952764567
2024-06-14,1161352.669817283,-182.65195433370562,278.0724724899527,0.0,bybit,9.542051815614105e-05
2024-06-15,1161999.7452944526,442.0813031266211,204.99417404283886,0.0,bybit,0.0006470754771695938
2024-06-16,1162198.3547642662,250.87135896419954,-52.26188915069176,0.0,bybit,0.00019860946981352753
2024-06-17,1162355.7028404856,215.41682967593982,-58.068753456538744,0.0,bybit,0.00015734807621943763
2024-06-18,1162843.6440177248,216.8839136464345,271.05726359275536,0.0,bybit,0.0004879411772391759
2024-06-19,1162966.515499333,-166.51403065755235,289.38551226571116,0.0,bybit,0.00012287148160813375
2024-06-20,1163792.8991165932,375.32898246626604,451.054634793897,0.0,bybit,0.0008263836172602605
2024-06-21,1163255.3401696037,-605.90567983797,68.34673284845468,0.0,bybit,-0.0005375589469894767
2024-06-22,1163383.978642865,84.8463562969307,43.792116964380995,0.0,bybit,0.00012863847326138056
2024-06-23,1163471.3257549703,59.905928797631375,27.44118330769641,0.0,bybit,8.7347112105228e-05
2024-06-24,1163002.0108794766,-166.2695166625885,-303.0453588309564,0.0,bybit,-0.00046931487549375743
2024-06-25,1162780.240663804,114.67706369817552,-336.4472793705765,0.0,bybit,-0.00022177021567244083
2024-06-26,1162551.216372901,203.19112992134293,-432.2154208241456,0.0,bybit,-0.00022902429090300574
2024-06-27,1162126.7092550388,-568.0060105984707,143.49889273615608,0.0,bybit,-0.0004245071178623475
2024-06-28,1162650.3200981587,476.3132624389942,47.29758068072696,0.0,bybit,0.00052361084311991
2024-06-29,1162009.5075863951,-643.5608350821497,2.748323318632842,0.0,bybit,-0.0006408125117635355
2024-06-30,1161763.7054127215,150.13159298661316,-395.9337666602945,0.0,bybit,-0.00024580217367364094
2024-07-01,1161540.3464772687,42.30092115098343,-265.6598566036562,0.0,bybit,-0.00022335893545276486
2024-07-02,1161763.4447414617,254.0500409005086,-30.951776707596807,0.0,bybit,0.0002230982641929295
2024-07-03,1161736.4203369534,-106.11907386999329,79.09466936150727,0.0,bybit,-2.7024404508294537e-05
2024-07-04,1161552.682470538,-278.5014404097023,94.76357399438061,0.0,bybit,-0.00018373786641540937
2024-07-05,1161864.3629929486,86.80246825753099,224.87805415318138,0.0,bybit,0.0003116805224106647
2024-07-06,1162508.9558397895,483.4041682968596,161.18867854411923,0.0,bybit,0.0006445928468408529
2024-07-07,1162416.1296968868,-238.6456592097806,145.81951630686063,0.0,bybit,-9.282614290271886e-05
2024-07-08,1162950.7126708883,310.0437457765836,224.53922822491734,0.0,bybit,0.0005345829740015324
2024-07-09,1163386.791671066,34.2319593129068,401.84704086495725,0.0,bybit,0.0004360790001777932
2024-07-10,1163694.0676307967,-32.031333356986856,339.3072930878117,0.0,bybit,0.00030727595973061397
2024-07-11,1163707.6729269254,-196.83376604908068,210.43906217768608,0.0,bybit,1.3605296128662303e-05
2024-07-12,1163995.976494129,130.570473379187,157.73309382446564,0.0,bybit,0.0002883035672036931
2024-07-13,1163980.9936496753,-124.70213749703034,109.71929304335455,0.0,bybit,-1.4982844453770668e-05
2024-07-14,1164513.8389574874,269.4544225914145,263.39088522068505,0.0,bybit,0.0005328453078120947
2024-07-15,1164701.0987795256,44.01251911661987,143.24730292171998,0.0,bybit,0.00018725982203823515
2024-07-16,1165226.5463419922,282.4136643310808,243.0338981354697,0.0,bybit,0.0005254475624666084
2024-07-17,1165250.5871144787,-231.3102393569513,255.35101184336878,0.0,bybit,2.404077248647809e-05
2024-07-18,1165310.9715082129,-44.25703311176162,104.6414268458584,0.0,bybit,6.038439373415895e-05
2024-07-19,1165666.9483033903,-104.40747590417894,460.38427108155213,0.0,bybit,0.00035597679517744107
2024-07-20,1166068.3152655752,102.45136394357864,298.9155982412775,0.0,bybit,0.0004013669621848967
2024-07-21,1166778.7433339944,299.774157982587,410.6539104367465,0.0,bybit,0.00071042806841922
2024-07-22,1166862.4013522754,-416.16281964622107,499.8208379272327,0.0,bybit,8.365801828098483e-05
2024-07-23,1167313.9342394255,133.26012732503466,318.2727598250169,0.0,bybit,0.00045153288715006786
2024-07-24,1167477.1446414953,-320.31333357058014,483.52373564036003,0.0,bybit,0.00016321040206984617
2024-07-25,1168093.6918149136,137.17235124676895,479.3748221716399,0.0,bybit,0.0006165471734183375
2024-07-26,1168364.028020501,40.100295194885575,230.23591039228938,0.0,bybit,0.0002703362055872567
2024-07-27,1168798.3695460905,-35.45452928825974,469.79605487783203,0.0,bybit,0.0004343415255895816
2024-07-28,1169229.988339881,-66.26329266971574,497.88208646014874,0.0,bybit,0.0004316187937904615
2024-07-29,1170013.7693931581,283.3917203114699,500.3893329658214,0.0,bybit,0.0007837810532771982
2024-07-30,1170121.3045402195,4.890279901411768,102.6448671599922,0.0,bybit,0.00010753514706133864
2024-07-31,1170379.7359481514,-143.77422911381717,402.2056370456486,0.0,bybit,0.00025843140793195926
2024-08-01,1170636.9527016368,-60.88398477784257,318.10073826332825,0.0,bybit,0.0002572167534853797
2024-08-02,1170967.7784322447,-29.097165415997466,359.9228960237579,0.0,bybit,0.00033082573060784487
2024-08-03,1170634.5201965799,-253.80552690536683,-79.45270875938044,0.0,bybit,-0.0003332582356648054
2024-08-04,1170724.6022643012,-28.11910943560837,118.20117715705801,0.0,bybit,9.008206772129051e-05
2024-08-05,1170745.8392355174,73.59871252272293,-52.36174130641604,0.0,bybit,2.1236971216276288e-05
2024-08-06,1170883.6683954897,-28.852651420855715,166.6818113930185,0.0,bybit,0.00013782915997225792
2024-08-07,1171526.5481235613,376.0625244513355,266.81720362014084,0.0,bybit,0.0006428797280716244
2024-08-08,1171679.9345823452,3.912223921556392,149.47423486236084,0.0,bybit,0.00015338645878387616
2024-08-09,1171547.959346527,-113.94352171292816,-18.03171410534552,0.0,bybit,-0.00013197523581818678
2024-08-10,1171919.7619325072,77.99996443438492,293.80262154568413,0.0,bybit,0.00037180258598015645
2024-08-11,1172165.670560997,105.63004587970978,140.2785826101647,0.0,bybit,0.0002459086284898222
2024-08-12,1172136.1970394931,-347.6989010207633,318.2253795168404,0.0,bybit,-2.947352150385268e-05
2024-08-13,1172432.377817628,84.35732830682511,211.82344982795107,0.0,bybit,0.0002961807781348471
2024-08-14,1172713.0732097395,337.91834121705017,-57.222949105523355,0.0,bybit,0.00028069539211154914
2024-08-15,1172797.6310356834,-35.943557278543246,120.50138322233879,0.0,bybit,8.455782594392076e-05
2024-08-16,1172847.0435409718,-130.57047337900912,179.98297866726537,0.0,bybit,4.941250528837554e-05
2024-08-17,1172897.4445582943,-250.87135896455536,301.2723762870327,0.0,bybit,5.040101732243784e-05
2024-08-18,1173119.5701407043,92.91531813500733,129.21026427517162,0.0,bybit,0.00022212558241002263
2024-08-19,1173457.5490579896,336.4512572465555,1.5276600388554948,0.0,bybit,0.00033797891728533434
2024-08-20,1173601.1032886684,69.68648860116654,73.86774207774658,0.0,bybit,0.00014355423067882657
2024-08-21,1173292.734201615,-220.06259558256565,-88.30649147090728,0.0,bybit,-0.00030836908705346287
2024-08-22,1173562.9656701214,120.54539958015428,149.68606892627236,0.0,bybit,0.0002702314685063902
2024-08-23,1173612.1968985775,-246.95913504282106,296.19036349895083,0.0,bybit,4.923122845613398e-05
2024-08-24,1173643.6158759755,-212.48266173495043,243.90163913290888,0.0,bybit,3.141897739795968e-05
2024-08-25,1174585.951577753,566.7834406231177,375.5522611542839,0.0,bybit,0.0009423357017775998
2024-08-26,1174561.4448335525,-257.4732368317815,232.96649263123734,0.0,bybit,-2.4506744200596586e-05
2024-08-27,1174865.1848872078,-87.78052423792009,391.52057789326744,0.0,bybit,0.00030374005365534686
2024-08-28,1174903.3872442336,105.14101788942628,-66.93866086353452,0.0,bybit,3.820235702581704e-05
2024-08-29,1174838.106005348,-139.3729772023331,74.09173831667675,0.0,bybit,-6.528123888559639e-05
2024-08-30,1174976.8836727866,264.0751146991855,-125.2974472605541,0.0,bybit,0.00013877766743861138
2024-08-31,1174999.3194471935,-198.30085001957536,220.73662442650357,0.0,bybit,2.2435774406883865e-05
2024-09-01,1175299.8208235651,110.27581178651353,190.22556458503755,0.0,bybit,0.0003005013763715979
2024-09-02,1175297.5732445158,38.38869722942704,-40.6362762785859,0.0,bybit,-2.247579049319029e-06
2024-09-03,1175147.9500914367,-336.2067432512358,186.58359017231567,0.0,bybit,-0.0001496231530790683
2024-09-04,1175565.0583273792,386.82114023525975,30.2870957072234,0.0,bybit,0.00041710823594243266
2024-09-05,1175278.9643095965,-235.7114912686133,-50.38252651420849,0.0,bybit,-0.00028609401778271424
2024-09-06,1175395.626389279,200.5014759754953,-83.83939629272325,0.0,bybit,0.00011666207968257368
2024-09-07,1175533.2192109975,23.717857523946382,113.8749641942597,0.0,bybit,0.00013759282171842642
2024-09-08,1175433.8671721683,-227.64252943071457,128.29049060177118,0.0,bybit,-9.935203882912174e-05
2024-09-09,1175748.5931784457,107.34164384534623,207.38436243198066,0.0,bybit,0.0003147260062773712
2024-09-10,1175957.7922463608,38.14418323446319,171.05488468053136,0.0,bybit,0.0002091990679150913
2024-09-11,1176042.6271525563,-125.19116548713593,210.02607168261196,0.0,bybit,8.483490619552322e-05
2024-09-12,1176312.5914286883,137.17235124659103,132.79192488530072,0.0,bybit,0.000269964276131941
2024-09-13,1176386.9252607026,68.70843262077744,5.625399393605292,0.0,bybit,7.433383201435209e-05
2024-09-14,1176475.4704675437,160.8902087705374,-72.3450019294377,0.0,bybit,8.854520684108139e-05
2024-09-15,1176386.2758796029,-309.7992317816197,220.60464384091475,0.0,bybit,-8.919458794081584e-05
2024-09-16,1176591.2046426067,58.19433083199493,146.7344321718178,0.0,bybit,0.00020492876300378702
2024-09-17,1176764.2986619943,-110.27581178651353,283.36983117420067,0.0,bybit,0.00017309401938761585
2024-09-18,1177132.7340816916,146.70839705516238,221.72702264199594,0.0,bybit,0.0003684354196973145
2024-09-19,1177254.4508493324,-203.19112992134293,324.9078975619732,0.0,bybit,0.00012171676764078438
2024-09-20,1177354.5071411843,-87.53601024295624,187.59230209481814,0.0,bybit,0.00010005629185191356
2024-09-21,1177430.3532668778,101.47330796318955,-25.627182269623358,0.0,bybit,7.584612569352612e-05
2024-09-22,1177514.940399609,76.28836646874848,8.298766262403532,0.0,bybit,8.458713273121975e-05
2024-09-23,1177522.712450548,-198.30085001957536,206.0729009584949,0.0,bybit,7.77205093903467e-06
2024-09-24,1178239.2250205034,431.0781733470214,285.43439660836856,0.0,bybit,0.0007165125699553173
2024-09-25,1178260.814628214,-449.6612369740584,471.2508446847104,0.0,bybit,2.1589607710717245e-05
2024-09-26,1179055.9429715895,347.45438702562154,447.67395634980625,0.0,bybit,0.0007951283433753997
2024-09-27,1179406.179135605,28.852651420855715,321.38351259469357,0.0,bybit,0.000350236164015485
2024-09-28,1179392.6402587688,-353.0782089128144,339.53933207667967,0.0,bybit,-1.3538876836188138e-05
2024-09-29,1180238.5806818227,363.1032827116692,482.83714034214177,0.0,bybit,0.0008459404230539222
2024-09-30,1180683.1183725435,-36.43258526882675,480.97027598961483,0.0,bybit,0.00044453769072075376
2024-10-01,1180437.2966689256,-371.90578653481526,126.08408291691859,0.0,bybit,-0.0002458217036179267
2024-10-02,1180942.2566730757,235.22246327850772,269.7375408716257,0.0,bybit,0.000504960004150169
2024-10-03,1181266.1302188553,-40.34480919020523,364.21835496985807,0.0,bybit,0.0003238735457796138
2024-10-04,1181502.2029422147,-23.22882953366288,259.3015528928229,0.0,bybit,0.00023607272335933523
2024-10-05,1181836.7991676787,148.66450901576266,185.9317164482342,0.0,bybit,0.00033459622546401805
2024-10-06,1182283.1125844151,78.48899242466842,367.82442431180425,0.0,bybit,0.0004463134167364333
2024-10-07,1182327.6657770833,-102.6958779385425,147.24907060675037,0.0,bybit,4.455319266812876e-05
2024-10-08,1182350.1332197692,66.0187786747519,-43.55133598890352,0.0,bybit,2.2467442685971038e-05
2024-10-09,1182531.2281656603,-115.16609168845902,296.2610375795782,0.0,bybit,0.0001810949458910618
2024-10-10,1182769.7635268075,24.69591350433548,213.83944764288512,0.0,bybit,0.00023853536114725284
2024-10-11,1183080.514711429,82.8902443361525,227.86094028523672,0.0,bybit,0.00031075118462136014
2024-10-12,1183437.2277250416,-51.592452964413,408.30546657715973,0.0,bybit,0.00035671301361266523
2024-10-13,1183759.1366082795,-18.58306362685914,340.491946864886,0.0,bybit,0.00032190888323797845
2024-10-14,1184162.7988165878,2.20062595574204,401.46158235231354,0.0,bybit,0.00040366220830823297
2024-10-15,1184373.0678931253,-274.3447024930042,484.6137790304798,0.0,bybit,0.0002102690765375737
2024-10-16,1185134.807232315,269.9434505813422,491.79588860831535,0.0,bybit,0.0007617393391896039
2024-10-17,1185578.296936053,-52.32599494966034,495.81569868762676,0.0,bybit,0.00044348970373813063
2024-10-18,1185858.619735416,-188.76480421100405,469.0876035739054,0.0,bybit,0.0002803227993629407
2024-10-19,1186358.2190436637,-2.20062595574204,501.79993420350684,0.0,bybit,0.000499599308247678
2024-10-20,1186876.763051737,17.115979656364445,501.42802841697204,0.0,bybit,0.000518544008073397
2024-10-21,1187160.79197552,-222.2632215384856,506.29214532133585,0.0,bybit,0.0002840289237829857
2024-10-22,1187581.6154764271,-73.35419852758119,494.1776994345059,0.0,bybit,0.0004208235009070486
2024-10-23,1188337.9449434753,261.87448874326554,494.45497830494014,0.0,bybit,0.00075632946704817
2024-10-24,1188871.821446125,44.990575096831066,488.8859275527261,0.0,bybit,0.0005338765026496258
2024-10-25,1189399.8018504311,76.28836646892638,451.69203783742944,0.0,bybit,0.0005279804043062032
2024-10-26,1190098.336690815,272.63310452772356,425.9017358559768,0.0,bybit,0.0006985348403837998
2024-10-27,1190203.0797515898,-360.9026567559271,465.6457175307642,0.0,bybit,0.00010474306077486836
2024-10-28,1190900.6246310223,198.78987800985885,498.75500142262683,0.0,bybit,0.0006975448794325349
2024-10-29,1191250.3278132612,-163.33534872124332,513.0385309599176,0.0,bybit,0.0003497031822388526
2024-10-30,1191162.837038107,-621.0655475337342,533.5747723796992,0.0,bybit,-8.749077515420504e-05
2024-10-31,1191665.1837056035,-28.36362343075012,530.7102909271972,0.0,bybit,0.0005023466674964875
2024-11-01,1191554.0904835314,-626.9338834157129,515.8406613436711,0.0,bybit,-0.00011109322207211517
2024-11-02,1192809.391591402,745.5231710354449,509.7779368353665,0.0,bybit,0.0012553011078706476
2024-11-03,1193502.5882784594,184.36355229916416,508.8331347583314,0.0,bybit,0.0006931966870573815
2024-11-04,1194137.805073459,130.81498737432878,504.4018076252802,0.0,bybit,0.0006352167949995491
2024-11-05,1194687.2358448782,51.836966959376845,497.59380445993526,0.0,bybit,0.0005494307714193128
2024-11-06,1195232.179251129,80.68961838005465,464.2537878707722,0.0,bybit,0.0005449434062507935
2024-11-07,1195152.9979075228,-655.7865348360349,576.6051912299499,0.0,bybit,-7.918134360620752e-05
2024-11-08,1195865.9474131598,156.48895685869752,556.4605487783192,0.0,bybit,0.0007129495056369342
2024-11-09,1197138.2676731448,711.2912117223601,561.0290482626169,0.0,bybit,0.0012723202599850484
2024-11-10,1197679.6944261568,-616.6642956218943,1158.091048633834,0.0,bybit,0.0005414267530119978
2024-11-11,1197965.1126525411,-1033.071629263435,1318.4898556478286,0.0,bybit,0.000285418226384325
2024-11-12,1200230.509570998,-1005.1970338229684,3270.5939522797594,0.0,bybit,0.002265396918456769
2024-11-13,1203005.1609272058,1491.5353700608173,1283.115986147171,0.0,bybit,0.002774651356207905
2024-11-14,1203433.4433684403,-442.32581712122914,870.6082583557102,0.0,bybit,0.0004282824412344489
2024-11-15,1203611.8109485516,-462.62047871425847,640.9880588256217,0.0,bybit,0.00017836758011137134
2024-11-16,1205829.471498775,354.3007788883452,1863.3597713349577,0.0,bybit,0.002217660550223431
2024-11-17,1207640.0108014036,-310.53277376668916,2121.0720763950635,0.0,bybit,0.0018105393026284873
2024-11-18,1210290.517592224,273.8556745028986,2376.6511163175305,0.0,bybit,0.0026505067908205093
2024-11-19,1212431.811828683,16.871465661756417,2124.4227707970267,0.0,bybit,0.002141294236458838
2024-11-20,1213732.8386585766,445.74901305250205,855.2778168412349,0.0,bybit,0.0013010268298937007
2024-11-21,1215269.997730668,578.5201123872532,958.6389597040936,0.0,bybit,0.0015371590720913372
2024-11-22,1215743.4159384067,-1179.5355123236336,1652.9537200625957,0.0,bybit,0.00047341820773878134
2024-11-23,1217512.3588864233,493.42924209571447,1275.5137059207952,0.0,bybit,0.001768942948016571
2024-11-24,1219236.8911052586,-579.498168368176,2304.0303872034715,0.0,bybit,0.0017245322188353166
2024-11-25,1221607.5883271908,-177.27264644129872,2547.9698683736706,0.0,bybit,0.002370697221932234
2024-11-26,1222510.7626144546,157.95604082919223,745.2182464345415,0.0,bybit,0.0009031742872637697
2024-11-27,1224116.789588383,-57.46078884639177,1663.487762774745,0.0,bybit,0.001606026973928325
2024-11-28,1225930.951057174,348.4324430060106,1465.729025785112,0.0,bybit,0.0018141614687910768
2024-11-29,1227869.869666592,-203.4356439163068,2142.3542533342816,0.0,bybit,0.001938918609417975
2024-11-30,1229160.7765961497,-141.57360315843093,1432.4805327159727,0.0,bybit,0.0012909069295576774
2024-12-01,1230426.1839897197,-269.20990859609486,1534.6173021659495,0.0,bybit,0.0012654073935700581
2024-12-02,1231051.5997053008,-308.57666180626677,933.9923773873458,0.0,bybit,0.000625415715581039
2024-12-03,1232893.7937842077,729.6297613542554,1112.5643175525483,0.0,bybit,0.001842194078906905
2024-12-04,1235062.4528453096,-333.0280613151047,2501.687122417043,0.0,bybit,0.0021686590611019636
2024-12-05,1239535.9376732386,-461.39790873837177,4934.8827366673195,0.0,bybit,0.004473484827928944
2024-12-06,1240977.8991867711,648.2066009885976,793.7549125440125,0.0,bybit,0.0014419615135325586
2024-12-07,1241695.9298918939,-139.12846320736924,857.159168330103,0.0,bybit,0.0007180307051227428
2024-12-08,1243517.589155827,-135.70526727574054,1957.364531208877,0.0,bybit,0.0018216592639330774
2024-12-09,1244028.1293808375,-569.4730945693211,1080.0133195797916,0.0,bybit,0.0005105402250105981
2024-12-10,1245179.4169248496,437.1910232241419,714.0965207881354,0.0,bybit,0.0011512875440120697
2024-12-11,1247436.2979710142,1548.2626169223176,708.6184292420955,0.0,bybit,0.002256881046164548
2024-12-12,1248642.5977407265,464.5765906746808,741.723179037593,0.0,bybit,0.0012062997697123792
2024-12-13,1249676.5175890387,300.50769996783436,733.412148344418,0.0,bybit,0.001033919848312158
2024-12-14,1251162.2230119149,742.0999751045277,743.6054477718106,0.0,bybit,0.00148570542287617
2024-12-15,1251579.7135425545,-326.1816694529147,743.6722000924708,0.0,bybit,0.00041749053063965403
2024-12-16,1251477.7059715122,-868.2691965713411,766.2616255290395,0.0,bybit,-0.00010200757104228251
2024-12-17,1253036.8973859588,781.4667283136323,777.7246861329447,0.0,bybit,0.00155919141444657
2024-12-18,1254376.9270352635,579.2536543728563,760.7759949318918,0.0,bybit,0.0013400296493046918
2024-12-19,1253478.1970162804,-888.3193441690509,-10.410674814169354,0.0,bybit,-0.0008987300189831294
2024-12-20,1253762.9201414094,116.1441476686702,168.57897746025535,0.0,bybit,0.0002847231251290068
2024-12-21,1253884.1401141463,327.1597254331259,-205.9397526963225,0.0,bybit,0.00012121997273690068
2024-12-22,1253821.9610982817,-260.16289077780704,197.98387491330868,0.0,bybit,-6.217901586461812e-05
2024-12-23,1254030.6697184357,63.08461073376252,145.62400942045738,0.0,bybit,0.000208708620154066
2024-12-24,1254151.6006813762,-303.44186790917956,424.3728308496639,0.0,bybit,0.00012093096294044516
2024-12-25,1255271.4275876964,396.3571860441869,723.4697202759896,0.0,bybit,0.0011198269063201732
2024-12-26,1256110.7445689973,325.93715545723927,513.3798258437956,0.0,bybit,0.0008393169813009445
2024-12-27,1256039.473693551,-227.64252943018087,156.37165398379986,0.0,bybit,-7.127087544626557e-05
2024-12-28,1255978.2657267759,-13.937297720411216,-47.270669054753355,0.0,bybit,-6.120796677516773e-05
2024-12-29,1256154.7115075022,18.827577621822982,157.6182031044386,0.0,bybit,0.0001764457807263825
2024-12-30,1255845.3568441472,-63.81815271865405,-245.53651063635874,0.0,bybit,-0.00030935466335504317
2024-12-31,1255952.0152003572,-135.4607532811325,242.1191094911442,0.0,bybit,0.00010665835620998404
2025-01-01,1256365.4229568033,-135.70526727609635,549.1130237223033,0.0,bybit,0.00041340775644616224
2025-01-02,1256660.1667283652,-399.0468399898566,693.7906115517303,0.0,bybit,0.0002947437715618871
2025-01-03,1257502.3988311407,154.28833090259968,687.9437718728884,0.0,bybit,0.0008422321027754806
2025-01-04,1258231.676772849,275.8117864640326,453.46615524415836,0.0,bybit,0.0007292779417082202
2025-01-05,1259351.942872664,460.66436675312445,659.6017330618488,0.0,bybit,0.001120266099815024
2025-01-06,1259488.9210797986,-584.3884482695878,721.3666554042039,0.0,bybit,0.00013697820713464172
2025-01-07,1260717.3306892319,774.8648504464062,453.5447589870008,0.0,bybit,0.0012284096094332636
2025-01-08,1260759.850809942,-506.143969840239,548.6640905502011,0.0,bybit,4.252012071013451e-05
2025-01-09,1261307.033966662,298.5515880070562,248.63156871287842,0.0,bybit,0.000547183156719897
2025-01-10,1261640.7385488097,-2.9341679409893864,336.6387500889142,0.0,bybit,0.0003337045821477659
2025-01-11,1262149.8776451035,98.05011203173875,411.0889842621902,0.0,bybit,0.0005091390962938312
2025-01-12,1262370.4284418281,-315.6675676634206,536.2183643880927,0.0,bybit,0.00022055079672462306
2025-01-13,1262972.1038334994,185.34160827973116,416.33378339172026,0.0,bybit,0.0006016753916712478
2025-01-14,1263800.6546657358,135.4607532807767,693.0900789557919,0.0,bybit,0.0008285508322364185
2025-01-15,1264212.299083759,-116.38866166363405,528.033079687111,0.0,bybit,0.00041164441802329384
2025-01-16,1264634.6596729932,-210.28203577920837,632.6426250133372,0.0,bybit,0.0004223605892341584
2025-01-17,1265614.8612776054,306.8650638404524,673.3365407715972,0.0,bybit,0.0009802016046121717
2025-01-18,1265993.9406602783,-367.5045346235091,746.5839172964755,0.0,bybit,0.00037907938267290594
2025-01-19,1266688.783171037,-71.88711455708649,766.7296253156454,0.0,bybit,0.0006948425107586664
2025-01-20,1267141.951961271,-289.993598178696,743.1623884127041,0.0,bybit,0.00045316879023402
2025-01-21,1267701.9943955634,-189.98737418653488,750.0298084788564,0.0,bybit,0.0005600424342923798
2025-01-22,1268874.5519674954,394.15656008844485,778.4010118433689,0.0,bybit,0.001172557571931975
2025-01-23,1269961.159202442,326.18166945255894,760.425565494185,0.0,bybit,0.001086607234946685
2025-01-24,1270679.0651378192,112.23192374711381,605.6740116299748,0.0,bybit,0.0007179059353771154
2025-01-25,1271655.651274142,395.1346160683002,581.4515202546502,0.0,bybit,0.0009765861363229343
2025-01-26,1271992.1172022284,-431.56720133712696,768.0331294234807,0.0,bybit,0.0003364659280863125
2025-01-27,1272653.5033814083,370.43870256414266,290.9474766155707,0.0,bybit,0.0006613861791798845
2025-01-28,1272852.3421732935,37.16612725407409,161.67266463127294,0.0,bybit,0.0001988387918851804
2025-01-29,1272863.3411794421,-139.6174911972969,150.61649734591174,0.0,bybit,1.0999006148660556e-05
2025-01-30,1273057.4167016281,-505.41042785534745,699.4859500413452,0.0,bybit,0.00019407552218600176
2025-01-31,1273508.4369141823,266.2757406554613,184.74447189867337,0.0,bybit,0.00045102021255414003
2025-02-01,1272867.5477727596,90.95920617387331,-731.8483475966498,0.0,bybit,-0.0006408891414226964
2025-02-02,1272312.3288373915,-432.7897713126578,-122.4291640555536,0.0,bybit,-0.000555218935368117
2025-02-03,1272471.4762729064,98.53914002202225,60.60829549294019,0.0,bybit,0.00015914743551495486
2025-02-04,1272855.2040149486,-28.852651421033624,412.5803934630295,0.0,bybit,0.00038372774204215965
2025-02-05,1273630.6552099553,445.74901305285783,329.702181953978,0.0,bybit,0.0007754511950067244
2025-02-06,1274284.0650195633,149.15353700622407,504.2562726019846,0.0,bybit,0.0006534098096080124
2025-02-07,1274244.3900332337,-486.33833623784903,446.66334990841847,0.0,bybit,-3.9674986329628154e-05
2025-02-08,1274482.8295373146,316.6456236439876,-78.2061195628979,0.0,bybit,0.0002384395040809177
2025-02-09,1274149.0309185074,-478.0248604048085,144.22624159761,0.0,bybit,-0.00033379861880722454
2025-02-10,1274776.3273839995,156.48895685869752,470.80750863356695,0.0,bybit,0.0006272964654921088
2025-02-11,1275353.272180742,304.9089518800301,272.0358448625387,0.0,bybit,0.0005769447967424057
2025-02-12,1275364.0988183145,-117.6112316391649,128.4378692116869,0.0,bybit,1.0826637572608889e-05
2025-02-13,1276027.7559347206,168.47014261797474,495.18697378809975,0.0,bybit,0.0006636571164061315
2025-02-14,1276558.4055174687,-150.8651349716826,681.514717719707,0.0,bybit,0.0005306495827480684
2025-02-15,1276943.300507804,189.25383220128754,195.6411581338692,0.0,bybit,0.0003848949903352186
2025-02-16,1276464.745526387,-577.0530284171143,98.49804700003557,0.0,bybit,-0.00047855498141702264
2025-02-17,1277036.3982260437,475.57972045374686,96.07297920297329,0.0,bybit,0.0005716526996567845
2025-02-18,1277011.2599869177,-347.4543870257994,322.31614789984707,0.0,bybit,-2.513823912595399e-05
2025-02-19,1278019.6418746994,313.71145570335403,694.670432078458,0.0,bybit,0.0010083818877816666
2025-02-20,1278595.8365763477,-79.95607639516312,656.1507780435323,0.0,bybit,0.0005761947016483173
2025-02-21,1279039.7812310404,140.35103318254428,303.59362151011845,0.0,bybit,0.00044394465469266287
2025-02-22,1281114.9048900371,43.523491126692186,2031.6001678699718,0.0,bybit,0.0020751236589967737
2025-02-23,1281669.2423237958,-153.55478891806396,707.8922226766725,0.0,bybit,0.0005543374337586575
2025-02-24,1282176.743835337,-198.30085001921955,705.8023615606216,0.0,bybit,0.0005075015115411952
2025-02-25,1282818.210408051,-29.830707401244812,671.2972801152328,0.0,bybit,0.0006414665727140382
2025-02-26,1283533.0235973534,71.15357257148332,643.6596167309813,0.0,bybit,0.0007148131893023383
2025-02-27,1283224.9019425446,4.890279901767583,-313.0119347103176,0.0,bybit,-0.0003081216548087541
2025-02-28,1283154.8483992661,-27.3855674498273,-42.66797582868014,0.0,bybit,-7.005354327848181e-05
2025-03-01,1283717.3354404685,244.02496710129796,318.4620741010777,0.0,bybit,0.0005624870412023738
2025-03-02,1284384.427360448,158.6895828147954,508.4023371647935,0.0,bybit,0.0006670919199795462
2025-03-03,1284859.1904041586,-216.394885656151,691.1579293665754,0.0,bybit,0.0004747630437104963
2025-03-04,1284328.5210026954,-492.2066721201836,-38.46272934301314,0.0,bybit,-0.0005306694014631212
2025-03-05,1285169.4968135927,200.9905039656009,639.9853069317495,0.0,bybit,0.0008409758108973037
2025-03-06,1285564.5781207932,93.40434612493502,301.6769610755949,0.0,bybit,0.0003950813072004821
2025-03-07,1286090.3338925643,99.76170999790892,425.99406177312665,0.0,bybit,0.0005257557717710733
2025-03-08,1286563.2169577559,96.8275420562079,376.0555231354696,0.0,bybit,0.0004728830651915632
2025-03-09,1286429.6151657442,-248.91524700342134,115.31345499164206,0.0,bybit,-0.00013360179201164283
2025-03-10,1285692.138877593,147.19742504509006,-884.673713196198,0.0,bybit,-0.0007374762881512288
2025-03-11,1285424.6613660564,-384.37600028455387,116.89848874791053,0.0,bybit,-0.0002674775115365628
2025-03-12,1286079.5710854435,218.350997617285,436.5587217697479,0.0,bybit,0.0006549097193870693
2025-03-13,1286398.4743560979,59.41690080716997,259.4863698474233,0.0,bybit,0.0003189032706543803
2025-03-14,1286146.3788680148,-223.48579151401643,-28.60969656924638,0.0,bybit,-0.0002520954880830832
2025-03-15,1286926.0255640596,318.11270761483814,461.5339884300423,0.0,bybit,0.0007796466960448307
2025-03-16,1286841.1885941657,-191.94348614731308,107.10651625351213,0.0,bybit,-8.483696989389137e-05
2025-03-17,1286860.220642606,-61.61752676326782,80.64957520361351,0.0,bybit,1.9032048440305515e-05
2025-03-18,1287204.4721224715,344.76473307977386,-0.5132532142476054,0.0,bybit,0.00034425147986551745
2025-03-19,1287434.4870191086,44.257033111583716,185.75786352562505,0.0,bybit,0.00023001489663706162
2025-03-20,1287278.8419070898,-310.532773767045,154.88766174823064,0.0,bybit,-0.00015564511201879942
2025-03-21,1287370.9712848687,89.2476082087706,2.8817695700110306,0.0,bybit,9.212937777885236e-05
2025-03-22,1287501.1690849315,-31.542305367059164,161.740105429989,0.0,bybit,0.00013019780006282963
2025-03-23,1287362.911216396,-68.46391862545778,-69.79394991019667,0.0,bybit,-0.00013825786853558384
2025-03-24,1287725.0457782557,66.26329266971574,295.87126918990293,0.0,bybit,0.00036213456185976977
2025-03-25,1287679.0713670636,-89.00309421309512,43.02868302094817,0.0,bybit,-4.597441119211726e-05
2025-03-26,1287401.3950150455,-288.03748621827367,10.361134200394773,0.0,bybit,-0.0002776763520180248
2025-03-27,1287676.3699700148,300.50769996783436,-25.532744998577385,0.0,bybit,0.00027497495496924966
2025-03-28,1287867.4532170002,135.4607532807767,55.62249370487605,0.0,bybit,0.0001910832469854504
2025-03-29,1287991.2002515346,67.73037664056625,56.01665789380092,0.0,bybit,0.0001237470345343463
2025-03-30,1288000.6647959736,3.6677099262367334,5.796834512928127,0.0,bybit,9.464544438989834e-06
2025-03-31,1287875.6060366,-167.00305864783584,41.94429927401573,0.0,bybit,-0.0001250587593736127
2025-04-01,1287618.9545403968,-107.58615784031008,-149.06533836291212,0.0,bybit,-0.0002566514962031506
2025-04-02,1287675.561892755,118.5892876197319,-61.98193526158552,0.0,bybit,5.660735235828906e-05
2025-04-03,1287492.0637019405,-150.86513497203842,-32.633055842550775,0.0,bybit,-0.0001834981908146292
2025-04-04,1287951.4924052875,5.134793897087241,454.29390944979906,0.0,bybit,0.0004594287033469882
2025-04-05,1288344.3750031553,-71.39808656680299,464.2806844346837,0.0,bybit,0.00039288259786786513
2025-04-06,1288825.0143559577,83.62378632139985,397.01556648113245,0.0,bybit,0.00048063935280242
2025-04-07,1289031.9872024118,195.85571006851367,11.117136385460746,0.0,bybit,0.0002069728464540094
2025-04-08,1288848.4320254102,-409.8054557739588,226.2502787726287,0.0,bybit,-0.0001835551770015154
2025-04-09,1289070.001634588,31.297791371739507,190.2718178059537,0.0,bybit,0.0002215696091777645
2025-04-10,1289623.72658551,70.9090585768753,482.8158923449337,0.0,bybit,0.0005537249509219546
2025-04-11,1290338.0232445728,481.20354234076177,233.0931167220899,0.0,bybit,0.0007142966590628493
2025-04-12,1290455.3299783126,-35.943557278543246,153.25029101833414,0.0,bybit,0.00011730673373979516
2025-04-13,1290473.5420217095,-159.42312479968692,177.6351681967315,0.0,bybit,1.821204339689575e-05
2025-04-14,1290763.995549197,175.805562470804,114.64796501671586,0.0,bybit,0.0002904535274875816
2025-04-15,1290918.6951355485,-208.32592381807436,363.0255101695593,0.0,bybit,0.00015469958635140211
2025-04-16,1290511.5438982141,-55.99370487625289,-351.15753245812147,0.0,bybit,-0.0004071512373343576
2025-04-17,1290605.851033288,119.5673435999431,-25.26020852598073,0.0,bybit,9.430713507393374e-05
2025-04-18,1290399.2035501886,-177.51716043661835,-29.130322662890777,0.0,bybit,-0.00020664748309948483
2025-04-19,1291227.948891352,505.6549418499555,323.09039931358257,0.0,bybit,0.0008287453411633614
2025-04-20,1290600.5923774526,-577.0530284167585,-50.30348548253727,0.0,bybit,-0.0006273565138992854
2025-04-21,1291289.103024557,250.38233097427187,438.1283161299214,0.0,bybit,0.0006885106471043546
2025-04-22,1291660.3501779248,241.57982715059208,129.66732621723514,0.0,bybit,0.0003712471533678472
2025-04-23,1291490.8754919567,-296.59547604627795,127.12079007806665,0.0,bybit,-0.0001694746859681327
2025-04-24,1291932.0781857807,508.1000818010172,-66.89738797702458,0.0,bybit,0.00044120269382395784
2025-04-25,1292082.1575581573,-242.06885514123138,392.14822751804957,0.0,bybit,0.0001500793723766692
2025-04-26,1292006.8149213537,-51.10342497448531,-24.239211829142533,0.0,bybit,-7.534263680363074e-05
2025-04-27,1291870.6974262465,132.52658534014313,-268.6440804473272,0.0,bybit,-0.00013611749510723166
2025-04-28,1292037.995408139,-0.24451399531965867,167.54249588771918,0.0,bybit,0.00016729798189247958
2025-04-29,1291808.323802549,-247.2036490379628,17.532043447914077,0.0,bybit,-0.00022967160559003242
2025-04-30,1292323.9512220395,355.52334886387604,160.10407062675608,0.0,bybit,0.0005156274194906
2025-05-01,1292288.2745329102,-242.5578831311591,206.88119400184942,0.0,bybit,-3.567668912932277e-05
2025-05-02,1292687.7174495796,486.58285023281286,-87.1399335633247,0.0,bybit,0.00039944291666941715
2025-05-03,1291972.0347479226,-263.3415727137603,-452.3411289433439,0.0,bybit,-0.0007156827016570605
2025-05-04,1292100.707451798,-68.70843262113326,197.3811364966035,0.0,bybit,0.00012867270387546158
2025-05-05,1292002.4708829785,-139.6174911972969,41.38092237792086,0.0,bybit,-9.823656881949864e-05
2025-05-06,1291754.481805303,-255.0280968810756,7.0390192054629,0.0,bybit,-0.00024798907767562196
2025-05-07,1291997.1921200238,-45.47960308675875,288.189917807732,0.0,bybit,0.00024271031472086906
2025-05-08,1292798.7773115805,170.67076857407258,630.9144229825373,0.0,bybit,0.0008015851915567182
2025-05-09,1293216.1191904258,-207.59238183318283,624.9342606785931,0.0,bybit,0.0004173418788453564
2025-05-10,1293825.719044478,-86.06892627210573,695.6687803241811,0.0,bybit,0.0006095998540520668
2025-05-11,1294316.354541259,-228.86509940642333,719.5005961873601,0.0,bybit,0.0004906354967809748
2025-05-12,1295616.1354335863,600.7708859410607,699.010006386261,0.0,bybit,0.0012997808923274278
2025-05-13,1296068.7145703742,164.31340470181033,288.2657320860156,0.0,bybit,0.0004525791367879137
2025-05-14,1295503.1333600744,-740.8774051286412,175.29619482875128,0.0,bybit,-0.0005655812102998606
2025-05-15,1296105.7260710609,684.8837002523882,-82.2909892658356,0.0,bybit,0.0006025927109865006
2025-05-16,1296197.1696143714,-5.37930789169527,96.82285120211972,0.0,bybit,9.144354331051e-05
2025-05-17,1296352.8725291558,53.54856492483538,102.1543498595156,0.0,bybit,0.0001557029147844296
2025-05-18,1296746.0591298556,-111.25386776690263,504.4404684665861,0.0,bybit,0.00039318660069978794
2025-05-19,1297170.2295261018,-9.291531813251662,433.461928059537,0.0,bybit,0.00042417039624624884
2025-05-20,1297396.4001083004,-111.00935377193878,337.17993597067607,0.0,bybit,0.0002261705821985379
2025-05-21,1298038.8925150295,189.98737418653488,452.5050325425899,0.0,bybit,0.0006424924067291431
2025-05-22,1298396.0047729516,-381.6863463385283,738.7986042607675,0.0,bybit,0.00035711225792206823
2025-05-23,1298762.259672443,-18.827577622178797,385.0824771134901,0.0,bybit,0.00036625489949132316
2025-05-24,1299338.2141420254,319.82430558029665,256.1301640022051,0.0,bybit,0.0005759544695825317
2025-05-25,1300336.6624005744,396.11267204886724,602.33558650016,0.0,bybit,0.000998448258548975
2025-05-26,1300766.5276407318,-359.43557278507666,789.3008129423481,0.0,bybit,0.000429865240157349
2025-05-27,1301173.2599992338,-5.379307892051085,412.11166639399653,0.0,bybit,0.00040673235850199126
2025-05-28,1300611.9846011652,24.206885514229885,-585.4822835828858,0.0,bybit,-0.0005612753980685956
2025-05-29,1301178.8659781523,237.42308923407182,329.45828775296087,0.0,bybit,0.0005668813769870903
2025-05-30,1301725.062398352,-215.9058576658675,762.102277865704,0.0,bybit,0.0005461964201997035
2025-05-31,1302138.4125735129,-349.165984991258,762.5161601522211,0.0,bybit,0.0004133501751609147
2025-06-01,1303110.1233705215,286.32588825245927,685.3849087562685,0.0,bybit,0.0009717107970085927
2025-06-02,1303856.8664444713,301.97478393832904,444.76829001138105,0.0,bybit,0.0007467430739498232
2025-06-03,1303632.10249341,-391.95593413199117,167.19198307074012,0.0,bybit,-0.00022476395106129347
2025-06-04,1303650.106767005,78.24447842899295,-60.24020483381939,0.0,bybit,1.8004273595055566e-05
2025-06-05,1303900.408007407,201.96855994616791,48.33268045577409,0.0,bybit,0.000250301240402041
2025-06-06,1303986.8614792258,-123.96859551142717,210.42206733026285,0.0,bybit,8.645347181870602e-05
2025-06-07,1304100.501032167,-40.589323185702796,154.22887612698727,0.0,bybit,0.00011363955294131302
2025-06-08,1303985.1861867225,-89.98115019366213,-25.33369525109365,0.0,bybit,-0.00011531484544463456
2025-06-09,1304519.9119262106,314.44499768824556,220.2807417998898,0.0,bybit,0.0005347257394881453
2025-06-10,1304685.0172168713,-549.9119749615392,715.0172656222215,0.0,bybit,0.00016510529066063464
2025-06-11,1305252.3843757787,97.07205605152757,470.29510285592346,0.0,bybit,0.0005673671589074657
2025-06-12,1305873.4267880337,147.68645303537355,473.35595921951136,0.0,bybit,0.0006210424122549594
2025-06-13,1306550.158849029,423.2537255044423,253.47833549098414,0.0,bybit,0.0006767320609954186
2025-06-14,1305895.7382593744,-563.6047586873424,-90.8158309674752,0.0,bybit,-0.0006544205896547064
2025-06-15,1306906.0820551254,379.97474837306976,630.3690473779209,0.0,bybit,0.0010103437957509887
2025-06-16,1307518.5962209194,109.78678379640793,502.727381997546,0.0,bybit,0.0006125141657940112
2025-06-17,1307488.6191180986,-364.08133869223616,334.1042358715369,0.0,bybit,-2.9977102820761502e-05
2025-06-18,1307502.81036512,-30.808763381456004,45.00001040295908,0.0,bybit,1.4191247021313757e-05
2025-06-19,1307841.095265287,264.5641426892911,73.72075747768255,0.0,bybit,0.0003382849001670256
2025-06-20,1308157.7267706683,-61.128498772984315,377.7600041545151,0.0,bybit,0.00031663150538131595
2025-06-21,1308265.340093647,9.536045808571322,98.07727716995058,0.0,bybit,0.00010761332297860645
2025-06-22,1308158.2510654258,-285.10331827692846,178.01429005583813,0.0,bybit,-0.0001070890282210894
2025-06-23,1308566.2397463217,463.35402069915,-55.36533980332183,0.0,bybit,0.0004079886808958836
2025-06-24,1308421.3095614025,-396.84621403411455,251.91602911494826,0.0,bybit,-0.00014493018491915427
2025-06-25,1308546.026869917,126.16922146752503,-1.4519129530177324,0.0,bybit,0.00012471730851451867
2025-06-26,1308665.8314756667,302.95283991854023,-183.14823416883024,0.0,bybit,0.00011980460574966856
2025-06-27,1308086.5757653713,-665.8116086352455,86.55589833997229,0.0,bybit,-0.0005792557102954015
2025-06-28,1308244.937529642,90.95920617422914,67.40255809652524,0.0,bybit,0.00015836176427057945
2025-06-29,1308874.9501067905,462.3759647189388,167.6366124297578,0.0,bybit,0.00063001257714862
2025-06-30,1308794.5757694987,-214.19425970076477,133.8199224090408,0.0,bybit,-8.037433729181067e-05
2025-07-01,1309073.5572765097,295.37290607110293,-16.391399060177122,0.0,bybit,0.00027898150701099073
2025-07-02,1309127.4089250413,-390.7333641564603,444.58501268805355,0.0,bybit,5.385164853162132e-05
2025-07-03,1309766.431580374,155.5109008781305,483.51175445460046,0.0,bybit,0.0006390226553326939
2025-07-04,1309815.91393265,-242.5578831311591,292.0402354069603,0.0,bybit,4.948235227586702e-05
2025-07-05,1310642.9435911684,226.9089874452893,600.1206710731053,0.0,bybit,0.0008270296585184988
2025-07-06,1310713.3637321775,-103.42941992378984,173.84956093288758,0.0,bybit,7.042014100914821e-05
2025-07-07,1311539.4012408068,325.9371554575951,500.10035317156894,0.0,bybit,0.0008260375086292625
2025-07-08,1311625.0950492593,24.206885514229885,61.486922938080156,0.0,bybit,8.569380845245905e-05
2025-07-09,1311799.1666558941,-226.17544546004197,400.24705209481806,0.0,bybit,0.0001740716066348832
2025-07-10,1312036.3765903465,-381.1973183486006,618.4072528007966,0.0,bybit,0.0002372099344523158
2025-07-11,1312804.2424721974,-82.8902443361525,850.7561261870044,0.0,bybit,0.0007678658818509429
2025-07-12,1313589.1323964426,-77.02190845381791,861.9118326990789,0.0,bybit,0.000784889924245188
2025-07-13,1314408.5695890128,71.88711455708649,747.5500780133016,0.0,bybit,0.0008194371925701853
2025-07-14,1315603.9214434088,434.01234128783284,761.339513108173,0.0,bybit,0.0011953518543960527
2025-07-15,1315903.8166358192,-579.0091403775367,878.9043327879931,0.0,bybit,0.0002998951924103312
2025-07-16,1316640.5759362422,-126.90276345277238,863.6620638759471,0.0,bybit,0.0007367593004230876
2025-07-17,1318005.8738654312,495.38535405649264,869.9125751324823,0.0,bybit,0.0013652979291889351
2025-07-18,1317934.3033964976,-945.7801330157984,874.2096640822278,0.0,bybit,-7.157046893355436e-05
2025-07-19,1319466.1579017793,667.0341786107764,864.8203266706976,0.0,bybit,0.0015318545052816627
2025-07-20,1320266.068076229,-64.30718070929336,864.2173551588008,0.0,bybit,0.0007999101744496729
2025-07-21,1321695.6149917962,569.717608564285,859.8293070028808,0.0,bybit,0.001429546915567247
2025-07-22,1322584.40037964,28.119109435786275,860.6662784080806,0.0,bybit,0.0008887853878438473
2025-07-23,1321319.9016295888,-2186.68865810738,922.1899080560694,0.0,bybit,-0.0012644987500512507
2025-07-24,1324192.5503385551,2001.8360778179324,870.8126311484157,0.0,bybit,0.0028726487089663277
2025-07-25,1325157.6059988318,97.3165700464914,867.73909023011,0.0,bybit,0.0009650556602766738
2025-07-26,1325636.9761752377,-383.153430309023,862.5236067147989,0.0,bybit,0.00047937017640587874
2025-07-27,1326496.3643789934,-5.379307892051085,864.7675116477578,0.0,bybit,0.0008593882037557195
2025-07-28,1326427.8283287392,-944.5575630402676,876.0215127858592,0.0,bybit,-6.853605025424622e-05
2025-07-29,1327996.934541173,703.2222498846393,865.8839625493476,0.0,bybit,0.0015691062124338932
2025-07-30,1329664.4987149823,802.7394458865169,864.8247279226092,0.0,bybit,0.0016675641738092526
2025-07-31,1330908.3739283762,379.974748372714,863.9004650211617,0.0,bybit,0.0012438752133939416
2025-08-01,1330730.2720251419,-59.17238681185031,-118.92951642244908,0.0,bybit,-0.00017810190323437565
2025-08-02,1331227.2085759828,-333.76160330070786,830.6981541416226,0.0,bybit,0.0004969365508409682
2025-08-03,1331615.349099652,-380.7082903579613,768.8488140271012,0.0,bybit,0.0003881405236690771
2025-08-04,1332462.0732511883,497.8304940071985,348.8936575292527,0.0,bybit,0.0008467241515363567
2025-08-05,1332964.026637509,-121.76796955604095,623.7213558767828,0.0,bybit,0.0005019533863207325
2025-08-06,1333940.6366784985,176.5391044564072,800.0709365330583,0.0,bybit,0.0009766100409894715
2025-08-07,1334237.5148002533,-217.12842764139836,514.0065493962727,0.0,bybit,0.00029687812175485304
2025-08-08,1334525.7683851044,20.783689582956995,267.46989526798734,0.0,bybit,0.0002882535848510452
2025-08-09,1334522.2483714605,-136.4388092613437,132.9187956174201,0.0,bybit,-3.5200136438943446e-06
2025-08-10,1334940.9200835826,-156.2444428640895,574.9161549863073,0.0,bybit,0.00041867171212215906
2025-08-11,1335786.8551273285,-28.85265142067781,874.7876951666253,0.0,bybit,0.000845935043745907
2025-08-12,1336584.886265959,127.88081943298357,670.1503191974607,0.0,bybit,0.0007980311386303511
2025-08-13,1337685.5481653437,219.81808158777972,880.8438177970622,0.0,bybit,0.0011006618993848096
2025-08-14,1336862.689374399,-1727.4913753243945,904.6325843795569,0.0,bybit,-0.0008228587909447961
2025-08-15,1339432.7098281945,1720.1559554715652,849.8644983239678,0.0,bybit,0.0025700204537955577
2025-08-16,1340073.4635454183,245.7365650671123,395.0171521566134,0.0,bybit,0.0006407537172238809
2025-08-17,1340128.294554119,-295.3729060707471,350.2039147713127,0.0,bybit,5.483100870065391e-05
2025-08-18,1340756.737427096,6.112849877298432,622.330023099904,0.0,bybit,0.000628442872977117
2025-08-19,1340756.3677434528,-187.29772024050934,186.92803659707653,0.0,bybit,-3.696836433373392e-07
2025-08-20,1341716.017443812,132.0375573495038,827.6121430095673,0.0,bybit,0.0009596497003592085
2025-08-21,1342570.0416771828,45.968631077398065,808.0556022935414,0.0,bybit,0.0008540242333707866
2025-08-22,1342944.9519412182,-316.15659565370413,691.0668596889782,0.0,bybit,0.00037491026403545404
2025-08-23,1343819.5601631124,17.115979656364445,857.4922422377922,0.0,bybit,0.0008746082218941302
2025-08-24,1345215.0780659823,549.1784329762919,846.3394698936587,0.0,bybit,0.001395517902869964
2025-08-25,1345715.4480823427,-331.80549133957385,832.1755076999681,0.0,bybit,0.0005003700163604225
2025-08-26,1346534.7956523178,11.981185759277205,807.3663842159549,0.0,bybit,0.0008193475699750706
2025-08-27,1347321.3549616328,130.57047337936493,655.988835935555,0.0,bybit,0.0007865593093149364
2025-08-28,1348214.6557756332,339.62993918268666,553.6708748177259,0.0,bybit,0.000893300814000424
2025-08-29,1348356.3544060835,-183.63001031427262,325.32864076448413,0.0,bybit,0.00014169863045029342
2025-08-30,1348794.0276109064,-356.99043283401494,794.6636376569336,0.0,bybit,0.0004376732048229314
2025-08-31,1349626.1597247077,325.9371554575951,506.19495834370673,0.0,bybit,0.0008321321138013155
2025-09-01,1349787.6678701271,-498.07500800216235,659.5831534214176,0.0,bybit,0.00016150814541941508
2025-09-02,1350871.5096517892,282.9026923211864,800.9390893409682,0.0,bybit,0.0010838417816620785
2025-09-03,1351750.2041915695,63.08461073376252,815.6099290464844,0.0,bybit,0.0008786945397802629
2025-09-04,1352140.8443937916,-148.9090230109044,539.5492252329552,0.0,bybit,0.00039064020222215914
2025-09-05,1353070.6852065672,130.81498737397294,799.0258254014477,0.0,bybit,0.0009298408127755393
2025-09-06,1353251.3876100332,-150.8651349716826,331.5675384376001,0.0,bybit,0.0001807024034659844
2025-09-07,1354015.3654852153,185.34160827973116,578.6362669025857,0.0,bybit,0.0007639778751821723
2025-09-08,1354802.1933729814,221.7741935485579,565.0536942174663,0.0,bybit,0.0007868278877660632
2025-09-09,1354726.1217427643,-227.88704342585632,151.81541320864602,0.0,bybit,-7.607163021713496e-05
2025-09-10,1355170.0494515372,-147.9309670303374,591.8586758033396,0.0,bybit,0.0004439277087729424
2025-09-11,1356012.7977543606,408.82739979339175,433.9209030301953,0.0,bybit,0.0008427483028233982
2025-09-12,1356547.1457907578,-183.6300103139168,717.9780467110645,0.0,bybit,0.0005343480363972485
2025-09-13,1356602.4379174963,-114.43254970285585,169.72467644129884,0.0,bybit,5.5292126738466325e-05
2025-09-14,1356881.7142822954,111.98740975179416,167.28895504721342,0.0,bybit,0.00027927636479912327
2025-09-15,1357662.1067188107,59.17238681220612,721.2200497030267,0.0,bybit,0.0007803924365153071
2025-09-16,1358108.4452384787,-215.17231568062016,661.5108353487216,0.0,bybit,0.00044633851966797375
2025-09-17,1358416.1189561917,-184.60806629448382,492.281784007451,0.0,bybit,0.0003076737177129835
2025-09-18,1359313.7655653027,81.66767436062166,815.9789347503291,0.0,bybit,0.0008976466091109906
2025-09-19,1360070.6988224222,279.4794963899135,477.4537607297186,0.0,bybit,0.0007569332571194972
2025-09-20,1360841.253464276,155.51090087848635,615.0437409752108,0.0,bybit,0.0007705546418537852
2025-09-21,1361494.5581820626,-52.81502293958803,706.119740726251,0.0,bybit,0.0006533047177866102
2025-09-22,1361547.5211450895,-299.28512999265934,352.2480930197923,0.0,bybit,5.296296302694827e-05
2025-09-23,1361482.9846955154,-51.34793896909334,-13.188510605238825,0.0,bybit,-6.453644957416691e-05
2025-09-24,1361766.2630515588,134.72721129552934,148.55114474783943,0.0,bybit,0.0002832783560433891
2025-09-25,1361826.457315245,32.031333356986856,28.162930329071372,0.0,bybit,6.0194263686193154e-05
2025-09-26,1362427.1776071812,165.780488672305,434.9398032640396,0.0,bybit,0.0006007202919363045
2025-09-27,1362846.7576063701,-120.54539958015428,540.1253987689831,0.0,bybit,0.00041957999918889254
2025-09-28,1363403.9076514586,90.22566418898178,466.9243808994558,0.0,bybit,0.0005571500450884924
2025-09-29,1363780.902836449,-351.8556389372835,728.850823927695,0.0,bybit,0.0003769951849903446
2025-09-30,1364488.3652310786,259.4293487922039,448.0330458374827,0.0,bybit,0.0007074623946296051
2025-10-01,1365255.1748977327,131.30401536461227,635.5056512897002,0.0,bybit,0.000766809666654095
2025-10-02,1365416.0684690597,-421.7866415335918,582.680212860547,0.0,bybit,0.00016089357132697478
2025-10-03,1365626.520918183,123.72408151646333,86.72836760678594,0.0,bybit,0.00021045244912337512
2025-10-04,1366012.1752384163,38.144183234285286,347.5101369989686,0.0,bybit,0.00038565432023326864
2025-10-05,1366795.231866364,-44.50154710654756,827.5581750542376,0.0,bybit,0.0007830566279476043
2025-10-06,1367807.5098754999,191.4544581570296,820.8235509789451,0.0,bybit,0.0010122780091359747
2025-10-07,1367403.8519581675,-627.9119393966357,224.2540220640538,0.0,bybit,-0.0004036579173323698
2025-10-08,1368695.0320716223,401.4919799412741,889.6881335135329,0.0,bybit,0.001291180113454815
2025-10-09,1369612.6077134584,544.0436390795604,373.5320027563396,0.0,bybit,0.0009175756418360397
2025-10-10,1370695.359327811,352.1001529326032,730.6514614201373,0.0,bybit,0.0010827516143526881
2025-10-11,1370282.0143693562,-575.0969164563361,161.75195800138715,0.0,bybit,-0.0004133449584548362
2025-10-12,1370645.6545374368,142.06263114800282,221.57753693272753,0.0,bybit,0.00036364016808057207
2025-10-13,1371318.8360590255,-24.20688551387407,697.3884071024647,0.0,bybit,0.0006731815215887037
2025-10-14,1371222.8425913726,-252.0939289397304,156.10046128676603,0.0,bybit,-9.59934676529374e-05
2025-10-15,1371067.6320106767,-238.89017320456654,83.67959250853575,0.0,bybit,-0.00015521058069588615
2025-10-16,1371448.9810352144,487.8054202079879,-106.45639567032403,0.0,bybit,0.0003813490245377179
2025-10-17,1371502.9995088472,16.871465661756417,37.14700797115624,0.0,bybit,5.401847363286652e-05
2025-10-18,1371273.5025439546,-285.8368602628874,56.33989537023865,0.0,bybit,-0.0002294969648926053
2025-10-19,1372087.6330441304,350.14404097182495,463.98645920395137,0.0,bybit,0.0008141305001757573
2025-10-20,1372502.1253092948,-267.25379663531663,681.7460617998008,0.0,bybit,0.00041449226516438646
2025-10-21,1373122.99286656,137.4168652415549,483.4506920235089,0.0,bybit,0.0006208675572650972
2025-10-22,1372996.9863089079,-448.1941530035637,322.18759535156664,0.0,bybit,-0.00012600655765202827
2025-10-23,1373377.8967077122,-208.08140982346634,588.9918086277876,0.0,bybit,0.0003809103988043498
2025-10-24,1374179.481250427,411.7615677350928,389.82297497954977,0.0,bybit,0.0008015845427147578
2025-10-25,1374497.8009115572,-310.28825977172534,628.6079209019454,0.0,bybit,0.00031831966113019737
2025-10-26,1375617.938848922,424.720809474937,695.4171278897109,0.0,bybit,0.001120137937364867
2025-10-27,1376455.994587572,113.45449372264466,724.601244927446,0.0,bybit,0.0008380557386500295
2025-10-28,1376393.5429587262,-441.5922751363376,379.1406462905004,0.0,bybit,-6.245162884588353e-05
2025-10-29,1376997.9091319935,525.4605754527013,78.90559781448945,0.0,bybit,0.0006043661732673645
2025-10-30,1376365.4579909754,-714.9589216489527,82.50778063093503,0.0,bybit,-0.0006324511410181876
2025-10-31,1377418.6699333498,576.3194864315111,476.89245594302383,0.0,bybit,0.0010532119423744735
2025-11-01,1377523.9212116958,-206.85883984757967,312.11011819361954,0.0,bybit,0.00010525127834593877
2025-11-02,1377860.7007124762,-0.244513994963844,337.0240147753139,0.0,bybit,0.0003367795007803943
2025-11-03,1377809.768689392,-122.50151154093248,71.56948845671656,0.0,bybit,-5.0932023084256796e-05
2025-11-04,1377831.9378656908,-164.80243269209382,186.97160899100192,0.0,bybit,2.2169176298892125e-05
2025-11-05,1378152.801615864,195.12216808326633,125.74158209001669,0.0,bybit,0.0003208637501732446
2025-11-06,1378439.83723753,27.63008144550277,259.4055402203294,0.0,bybit,0.0002870356216658838
2025-11-07,1378328.9017747133,-188.76480421135986,77.82934139488566,0.0,bybit,-0.00011093546281661838
2025-11-08,1378369.0587098883,-162.60180673599595,202.75874191103247,0.0,bybit,4.015693517494947e-05
2025-11-09,1378892.0452484572,241.09079916066437,281.8957394080984,0.0,bybit,0.0005229865385689773
2025-11-10,1379665.8182954774,210.28203577920837,563.4910112409752,0.0,bybit,0.0007737730470201931
2025-11-11,1379540.6400494496,-181.42938435817476,56.251138330458446,0.0,bybit,-0.00012517824602779
2025-11-12,1380236.93600421,204.65821389183765,491.63774086851373,0.0,bybit,0.0006962959547603968
2025-11-13,1380193.9849698357,-113.20997972768082,70.25894535334496,0.0,bybit,-4.2951034374302256e-05
2025-11-14,1380002.739051479,-265.05317067957463,73.80725232288296,0.0,bybit,-0.0001912459183568135
2025-11-15,1380653.9149756043,278.01241241977465,373.16351170555174,0.0,bybit,0.0006511759241253604
2025-11-16,1380555.8133090679,-324.47007148710037,226.36840495074154,0.0,bybit,-9.8101666536415e-05
2025-11-17,1381182.7929341567,95.84948607599671,531.1301390128748,0.0,bybit,0.0006269796250888613
2025-11-18,1381825.9233624027,136.68332325630755,506.4471049898639,0.0,bybit,0.0006431304282459896
2025-11-19,1381873.251095767,-32.031333356986856,79.35906672120069,0.0,bybit,4.732773336418904e-05
2025-11-20,1382276.0518459138,47.19120105292892,355.6095490939646,0.0,bybit,0.0004028007501468528
2025-11-21,1382121.2222480236,-247.93719102321018,93.10759313315786,0.0,bybit,-0.0001548295978901442
2025-11-22,1382366.157261787,-3.5581469287271797e-10,244.9350137639151,0.0,bybit,0.00024493501376337374
2025-11-23,1382934.1667460005,355.2788348689122,212.7306493447025,0.0,bybit,0.000568009484213544
2025-11-24,1382151.9446215294,-683.4166162822494,-98.80550818899597,0.0,bybit,-0.0007822221244710964
2025-11-25,1382638.1619028004,746.0121990253725,-259.7949177543835,0.0,bybit,0.0004862172812710051
2025-11-26,1382443.9674708666,-172.1378525445673,-22.056579389248498,0.0,bybit,-0.0001941944319338072
2025-11-27,1382498.3840673207,3.4231959312728892,50.993400522815385,0.0,bybit,5.441659645410255e-05
2025-11-28,1382372.6811930188,-104.40747590400103,-21.295398397766476,0.0,bybit,-0.00012570287430193274
2025-11-29,1382187.1950533967,28.608137425713963,-214.0942770476936,0.0,bybit,-0.00018548613962205126
2025-11-30,1382370.3033535643,-131.30401536425646,314.41231553197355,0.0,bybit,0.00018310830016760155
2025-12-01,1382419.3118263963,48.169257032784294,0.8392157991606508,0.0,bybit,4.900847283191979e-05
2025-12-02,1382661.8716063448,122.25699754596863,120.30278240255006,0.0,bybit,0.00024255977994855493
2025-12-03,1382429.59525669,-384.6205142795177,152.34416462460433,0.0,bybit,-0.00023227634965488687
2025-12-04,1383244.8450886065,595.8806060389372,219.36922587758298,0.0,bybit,0.0008152498319165315
2025-12-05,1383124.9834214814,-239.37920119485003,119.51753406969092,0.0,bybit,-0.00011986166712502018
2025-12-06,1382890.2133516879,-46.94668705796507,-187.8233827355337,0.0,bybit,-0.0002347700697935652
2025-12-07,1382853.9709889917,-42.54543514576937,6.303072449496753,0.0,bybit,-3.6242362696211785e-05
2025-12-08,1383436.130731661,249.8933029843442,332.26643968506596,0.0,bybit,0.0005821597426694352
2025-12-09,1382810.3125276563,-644.7834050576805,18.9652010527439,0.0,bybit,-0.0006258182040047832
2025-12-10,1383365.650562735,414.6957356757264,140.6422994029413,0.0,bybit,0.0005553380350787193
2025-12-11,1383407.8774982302,-64.30718070893755,106.53411620416475,0.0,bybit,4.2226935495156795e-05
2025-12-12,1383830.3202081742,-51.34793896944915,473.7906489134688,0.0,bybit,0.0004224427099439781
2025-12-13,1383970.9556645595,72.13162855205033,68.50382783325034,0.0,bybit,0.00014063545638532378
2025-12-14,1384304.3155461836,243.78045310668992,89.57942851744498,0.0,bybit,0.00033335988162411375
2025-12-15,1384574.2972264306,113.94352171292816,156.03815853398302,0.0,bybit,0.00026998168024700134
2025-12-16,1384403.3005647135,-275.81178646367675,104.81512474659459,0.0,bybit,-0.00017099666171707214
2025-12-17,1384586.7352771515,-121.0344275707936,304.46914000871357,0.0,bybit,0.00018343471243791282
2025-12-18,1385069.8804374458,110.03129779137177,373.11386250311205,0.0,bybit,0.00048314516029437075
2025-12-19,1385365.7125320465,121.76796955604095,174.0641250444571,0.0,bybit,0.000295832094600657
2025-12-20,1385106.096203402,-236.2005192588968,-23.415809385780847,0.0,bybit,-0.00025961632864456626
2025-12-21,1385179.0699238738,79.71156240019927,-6.7378419283707345,0.0,bybit,7.297372047184036e-05
2025-12-22,1385496.2636114801,-64.55169470461303,381.74538231096847,0.0,bybit,0.0003171936876063701
2025-12-23,1385471.3274435368,42.056407155841676,-66.99257509913934,0.0,bybit,-2.4936167943291367e-05
2025-12-24,1385183.615147875,-400.75843795567096,113.04614229380803,0.0,bybit,-0.0002877122956619132
2025-12-25,1386127.296350115,467.9997866063095,475.6814156337802,0.0,bybit,0.0009436812022400555
2025-12-26,1386643.971147284,10.514101788782511,506.1606953800192,0.0,bybit,0.0005166747971689328
2025-12-27,1387106.33043094,214.9278016856563,247.43148197042714,0.0,bybit,0.00046235928365611473
2025-12-28,1387564.145566701,-91.93726215444032,549.7523979154071,0.0,bybit,0.0004578151357609313
2025-12-29,1387426.861002212,-371.41675854435385,234.13219405519794,0.0,bybit,-0.00013728456448903307
2025-12-30,1387634.1090003625,39.61126720477998,167.63673094569123,0.0,bybit,0.0002072479981505312
2025-12-31,1388036.7723488526,-88.7585802184871,491.42192870861044,0.0,bybit,0.00040266334849013946
2026-01-01,1388550.8290195588,234.97794928336594,279.07872142298254,0.0,bybit,0.0005140566707062535
2026-01-02,1389079.4180048702,-21.028203577920838,549.6171888892841,0.0,bybit,0.000528588985311333
2026-01-03,1389294.8036675698,112.23192374711381,103.15373895241316,0.0,bybit,0.00021538566269958391
2026-01-04,1389369.1571247173,-279.47949639026933,353.8329535378952,0.0,bybit,7.435345714748837e-05
2026-01-05,1389569.2255591701,8.068961838432443,191.99947261443253,0.0,bybit,0.00020006843445287086
2026-01-06,1389637.8110300305,119.0783156096596,-50.492844749173116,0.0,bybit,6.858547086035832e-05
2026-01-07,1390176.7503068377,60.150442792417316,478.7888340150087,0.0,bybit,0.000538939276807243
2026-01-08,1390362.1473511837,-93.15983212997118,278.5568764759754,0.0,bybit,0.00018539704434596935
2026-01-09,1390620.525306522,101.2287939680478,157.14916137034535,0.0,bybit,0.0002583779553382192
2026-01-10,1391087.445838258,-64.30718070893755,531.2277124448733,0.0,bybit,0.0004669205317359883
2026-01-11,1391434.1780520985,-62.84009673879867,409.57231057945376,0.0,bybit,0.00034673221384058704
2026-01-12,1391942.085980034,348.67695700133027,159.23097093395455,0.0,bybit,0.0005079079279354773
2026-01-13,1392268.8084753212,-135.94978127141601,462.67227655866566,0.0,bybit,0.00032672249528719114
2026-01-14,1392796.341044959,-120.05637158987078,647.5889412277271,0.0,bybit,0.000527532569637755
2026-01-15,1392894.2790404775,122.01248355064898,-24.074488032151365,0.0,bybit,9.793799551855773e-05
2026-01-16,1392779.7206458277,-155.75541487345018,41.19702022353026,0.0,bybit,-0.00011455839464976452
2026-01-17,1393231.4671706748,237.91211722435534,213.8344076226127,0.0,bybit,0.0004517465248471126
2026-01-18,1393217.282661628,-177.7616744315822,163.57716538482057,0.0,bybit,-1.4184509046841412e-05
2026-01-19,1393648.5181968466,471.17846854190697,-39.9429333232564,0.0,bybit,0.0004312355352186132
2026-01-20,1393220.2336371674,-434.0123412881887,5.727781608991005,0.0,bybit,-0.00042828455967921765
2026-01-21,1393274.6148186058,-108.31969982555742,162.70088126400395,0.0,bybit,5.4381181438453495e-05
2026-01-22,1393622.9337120508,155.75541487345018,192.56347857168262,0.0,bybit,0.0003483188934449572
2026-01-23,1393666.206579462,-50.12536899391831,93.39823640502189,0.0,bybit,4.327286741114222e-05
2026-01-24,1393546.020610882,6.8463918625457785,-127.03236044252587,0.0,bybit,-0.00012018596857995726
2026-01-25,1393744.8615105269,75.31031048835938,123.53058915647117,0.0,bybit,0.00019884089964488521
2026-01-26,1393835.6086984938,-77.75545043906526,168.5026384060355,0.0,bybit,9.074718796694651e-05
2026-01-27,1393996.2464595234,122.74602553589632,37.891735493651524,0.0,bybit,0.00016063776102964765
2026-01-28,1394520.1144763017,139.61749119765275,384.2505255806096,0.0,bybit,0.0005238680167782586
2026-01-29,1394251.3526982605,-339.62993918268666,70.86816114139134,0.0,bybit,-0.00026876177804125475
2026-01-30,1394168.7884072668,175.07202048591247,-257.6363114797098,0.0,bybit,-8.256429099361412e-05
2026-01-31,1394587.6777632036,89.00309421345094,329.88626172333466,0.0,bybit,0.00041888935593678616
2026-02-01,1394246.7750191586,-359.43557278507666,18.532828740174978,0.0,bybit,-0.0003409027440450154
2026-02-02,1394360.8756381788,54.282106910082724,59.81851211011133,0.0,bybit,0.00011410061902017333
2026-02-03,1394519.1342076166,231.79926734741272,-73.54069790962762,0.0,bybit,0.00015825856943777763
2026-02-04,1394568.9755665634,-202.70210193105945,252.54346087776077,0.0,bybit,4.984135894686915e-05
2026-02-05,1394503.3584907616,-231.55475335244887,165.93767755050325,0.0,bybit,-6.561707580182702e-05
2026-02-06,1394689.6254415945,328.3822954086568,-142.11534457579046,0.0,bybit,0.00018626695083291268
2026-02-07,1394498.2560529127,-146.95291105048202,-44.41647763141516,0.0,bybit,-0.00019136938868183644
2026-02-08,1394398.7483968684,-16.871465661400602,-82.6361903830423,0.0,bybit,-9.950765604432673e-05
2026-02-09,1394501.4975095629,173.84945051073746,-71.1003378160899,0.0,bybit,0.00010274911269452423
2026-02-10,1394069.8708599778,-361.3916847462106,-70.23496483888752,0.0,bybit,-0.00043162664958508684
2026-02-11,1394121.1494702804,209.79300778892488,-158.51439748639615,0.0,bybit,5.127861030260101e-05
2026-02-12,1394216.0931232574,-201.9685599458121,296.912212922787,0.0,bybit,9.494365297700278e-05
2026-02-13,1394358.8566895695,30.564249386492158,112.19931692570333,0.0,bybit,0.0001427635663121473
2026-02-14,1394540.3215057172,85.57989828217805,95.88491786552619,0.0,bybit,0.00018146481614769437
2026-02-15,1394617.9118099373,-120.54539958015428,198.13570380019203,0.0,bybit,7.759030422009528e-05
2026-02-16,1394963.7591017603,199.27890599978656,146.5683858230786,0.0,bybit,0.0003458472918230109
2026-02-17,1394885.8553476655,-143.2852011242453,65.38144702937726,0.0,bybit,-7.79037540948484e-05
2026-02-18,1394866.580730315,-54.03759291476307,34.76297556416047,0.0,bybit,-1.9274617350427434e-05
2026-02-19,1395198.914610334,258.6958068069565,73.63807321193585,0.0,bybit,0.0003323338800189085
2026-02-20,1395443.8610099657,-204.65821389183765,449.6046135234022,0.0,bybit,0.0002449463996316772
2026-02-21,1396179.1828777501,265.78671266482195,469.53515511967856,0.0,bybit,0.0007353218677844853
2026-02-22,1396205.6307958425,49.636341003634804,-23.188422911405915,0.0,bybit,2.6447918092366308e-05
2026-02-23,1395807.1294329301,-316.40110964902374,-82.10025326315042,0.0,bybit,-0.00039850136291235685
2026-02-24,1395646.596148036,10.269587793996575,-170.8028726882314,0.0,bybit,-0.00016053328489419073
2026-02-25,1395827.35756872,-84.60184230178895,265.363262985916,0.0,bybit,0.0001807614206839353
2026-02-26,1396334.8980747415,214.9278016856563,292.6127043359,0.0,bybit,0.0005075405060215853
2026-02-27,1396424.8465098431,37.89966923932144,52.04876586228973,0.0,bybit,8.99484351016581e-05
2026-02-28,1396269.0529693696,-24.451399509193728,-131.34214096454104,0.0,bybit,-0.00015579354047356173
2026-03-01,1396575.6888495088,4.156737916520236,302.47914222267667,0.0,bybit,0.00030663588013919073
2026-03-02,1396451.1830083851,-236.68954724882448,112.18370612529785,0.0,bybit,-0.00012450584112363866
2026-03-03,1396555.4317357785,41.07835117527467,63.17037621812427,0.0,bybit,0.0001042487273933366
2026-03-04,1396998.8366444104,355.7678628588399,87.63704577301988,0.0,bybit,0.00044340490863192827
2026-03-05,1396321.1275017255,-426.4324074400397,-251.2767352446918,0.0,bybit,-0.0006777091426849365
2026-03-06,1396571.733594694,265.29768467453846,-14.691591706085287,0.0,bybit,0.00025060609296848995
2026-03-07,1396266.793726465,-127.14727744773622,-177.79259078137784,0.0,bybit,-0.0003049398682289757
2026-03-08,1396077.441376494,-5.134793897087241,-184.21755607372768,0.0,bybit,-0.0001893523499709554
2026-03-09,1396050.6221352431,148.9090230109044,-175.7282642618345,0.0,bybit,-2.6819241250865163e-05
2026-03-10,1396126.0820834064,30.80876338181182,44.651184781448954,0.0,bybit,7.545994816324674e-05
2026-03-11,1396016.6835701312,212.23814773963076,-321.6366610146886,0.0,bybit,-0.00010939851327519864
2026-03-12,1395625.6703474813,-121.76796955568514,-269.24525309421347,0.0,bybit,-0.00039101322264992633
2026-03-13,1396113.5664338213,473.8681224879325,14.027963851940106,0.0,bybit,0.0004878960863400716
2026-03-14,1395142.24837414,-653.5859088806487,-317.7321508006722,0.0,bybit,-0.0009713180596814491
2026-03-15,1395191.3634832911,74.33225450814818,-25.217145356901526,0.0,bybit,4.911510915122926e-05
2026-03-16,1395256.3091846195,-26.896539460255426,91.84224078849095,0.0,bybit,6.494570132833905e-05
2026-03-17,1395481.2585156295,44.501547106903374,180.44778390297682,0.0,bybit,0.00022494933100999332
2026-03-18,1395410.4446217038,-29.341679411317124,-41.47221451435076,0.0,bybit,-7.081389392563142e-05
2026-03-19,1395640.1743877844,160.89020877089325,68.83955730963473,0.0,bybit,0.00022972976608062162
2026-03-20,1395799.3172524523,-25.429455489760734,184.57232015773374,0.0,bybit,0.0001591428646678105
2026-03-21,1395803.2101905276,-109.54226980144409,113.43520787690721,0.0,bybit,3.892938075354323e-06
2026-03-22,1395478.3493553568,-36.921613258754434,-287.93922191201057,0.0,bybit,-0.00032486083517083896
2026-03-23,1395332.6314443958,-203.4356439163068,57.717732955151696,0.0,bybit,-0.00014571791096101516
2026-03-24,1395819.957082666,297.08450403656144,190.24113423373763,0.0,bybit,0.0004873256382702384
2026-03-25,1395898.3410494833,-188.52029021568438,266.9042570331117,0.0,bybit,7.838396681728773e-05
2026-03-26,1396068.0394641433,153.79930291267198,15.899111747341465,0.0,bybit,0.00016969841466005892
2026-03-27,1395954.1619089807,-166.75854465287202,52.88098949034392,0.0,bybit,-0.00011387755516264587
2026-03-28,1396242.75858538,268.23185261588367,20.364823783209452,0.0,bybit,0.0002885966763992328
2026-03-29,1396181.1062977246,-22.984315538699033,-38.66797211651314,0.0,bybit,-6.165228765527717e-05
2026-03-30,1395952.753936342,-227.64252943053668,-0.7098319521997354,0.0,bybit,-0.00022835236138268373
2026-03-31,1395979.0024709746,1.222569975886664,25.02596465661344,0.0,bybit,2.6248534632613883e-05
2026-04-01,1396420.981533557,247.2036490379628,194.77541354429707,0.0,bybit,0.00044197906258236616
2026-04-02,1395847.3553190958,-380.70829035831713,-192.91792410285592,0.0,bybit,-0.0005736262144611683
2026-04-03,1396015.655751641,143.52971511885332,24.770717426290144,0.0,bybit,0.00016830043254513293
2026-04-04,1396187.470165963,22.00625955813203,149.80815476402177,0.0,bybit,0.0001718144143221434
2026-04-05,1396048.1491895032,-121.52345556072129,-17.79752089927802,0.0,bybit,-0.00013932097645988687
2026-04-06,1396396.0495403719,170.1817405841449,177.71861028470317,0.0,bybit,0.00034790035086870193
2026-04-07,1396236.9236106211,-12.714727744524552,-146.41120200634847,0.0,bybit,-0.00015912592975073493
2026-04-08,1396537.257764629,-42.54543514612518,342.87958915424827,0.0,bybit,0.00030033415400795637
2026-04-09,1396648.9003285184,-55.99370487625289,167.63626876533772,0.0,bybit,0.00011164256388926879
2026-04-10,1397215.8561307734,143.04068712892564,423.9151151260803,0.0,bybit,0.0005669558022550773
2026-04-11,1397318.5180290425,189.0093182063237,-86.34741993722658,0.0,bybit,0.00010266189826908521
2026-04-12,1396972.7903726602,-380.21926236803364,34.49160598570259,0.0,bybit,-0.00034572765638236886
2026-04-13,1396874.2989607917,14.670839705302747,-113.16225157378099,0.0,bybit,-9.849141186848283e-05
2026-04-14,1397041.239674606,66.9968346553189,99.94387915896078,0.0,bybit,0.0001669407138142269
2026-04-15,1396272.8274683873,-206.61432585261582,-561.7978803659707,0.0,bybit,-0.0007684122062185779
2026-04-16,1396253.417184255,221.04065156295474,-240.45093569504215,0.0,bybit,-1.9410284132231027e-05
2026-04-17,1396591.8324159563,337.18479923162494,1.2304324696802609,0.0,bybit,0.00033841523170121947
2026-04-18,1395956.46962121,-148.41999502097673,-486.94279972525527,0.0,bybit,-0.000635362794746412
2026-04-19,1395794.3449651478,-84.35732830664719,-77.76732775545045,0.0,bybit,-0.00016212465606210753
2026-04-20,1395874.8788418064,133.01561333042662,-52.481736671764416,0.0,bybit,8.053387665865012e-05
2026-04-21,1395705.1497573887,182.6519543333498,-352.3810387510225,0.0,bybit,-0.00016972908441768958
2026-04-22,1395607.9875668525,-74.08774051282853,-23.074450023562264,0.0,bybit,-9.716219053626992e-05
2026-04-23,1395162.1746333914,-227.8870434255005,-217.92589003538782,0.0,bybit,-0.0004458129334610421
2026-04-24,1395111.1760312247,38.144183234285286,-89.14278540118077,0.0,bybit,-5.0998602166771885e-05
2026-04-25,1395079.8965284727,42.789949141089025,-74.0694518929829,0.0,bybit,-3.127950275200419e-05
2026-04-26,1395140.74092888,-44.74606110186722,105.59046150905147,0.0,bybit,6.084440040728077e-05
2026-04-27,1395252.920462472,77.02190845417373,35.15762513781698,0.0,bybit,0.00011217953359195962
2026-04-28,1395054.0362216213,-74.08774051282853,-124.79650033787388,0.0,bybit,-0.0001988842408505734
2026-04-29,1394946.139098755,109.05324181080476,-216.9503646770637,0.0,bybit,-0.00010789712286624126
2026-04-30,1394446.5747035851,-354.05626489302557,-145.50813027705658,0.0,bybit,-0.0004995643951699603
2026-05-01,1394527.6910394272,270.9215065619092,-189.80517071967137,0.0,bybit,8.111633584205992e-05
2026-05-02,1394175.4640387227,-47.6802290428566,-304.5467716617171,0.0,bybit,-0.00035222700070450084
2026-05-03,1394152.816377094,-126.90276345312819,104.25510182451896,0.0,bybit,-2.2647661628667264e-05
2026-05-04,1394414.9106240133,135.4607532811325,126.6334936381904,0.0,bybit,0.00026209424691926687
2026-05-05,1394126.7338001742,-114.18803570824782,-173.98878813084613,0.0,bybit,-0.0002881768238390796
2026-05-06,1394138.0001623265,213.21620372055358,-201.9498415682683,0.0,bybit,1.1266362152295188e-05
2026-05-07,1394509.5391045143,327.15972543277013,44.37921675498811,0.0,bybit,0.0003715389421877917
2026-05-08,1394218.6533932344,-501.49820393343526,210.6124926534659,0.0,bybit,-0.0002908857112799305
2026-05-09,1394323.888981704,36.18807127350709,69.04751719600242,0.0,bybit,0.00010523558846954256
2026-05-10,1394499.6840858227,157.2224988443007,18.57260527438916,0.0,bybit,0.00017579510411876254
2026-05-11,1394402.186399932,-294.3948500905359,196.89716420003913,0.0,bybit,-9.749768589064478e-05
2026-05-12,1394770.7064815972,346.96535903516013,21.554722629992522,0.0,bybit,0.0003685200816651341
2026-05-13,1394759.2883773365,-75.55482448332322,64.13672022264112,0.0,bybit,-1.1418104260694235e-05
2026-05-14,1394470.9315394093,-441.59227513598177,153.23543720880608,0.0,bybit,-0.000288356837927131
2026-05-15,1394673.5282951263,386.0875982500124,-183.4908425329872,0.0,bybit,0.0002025967557169497
2026-05-16,1394544.2511496716,-48.902799018387455,-80.37434643631966,0.0,bybit,-0.00012927714545466005
2026-05-17,1394756.7222679008,111.25386776690263,101.21725046235376,0.0,bybit,0.0002124711182292085
2026-05-18,1394550.9484872702,-402.959063911413,197.1852832805776,0.0,bybit,-0.00020577378063066864
2026-05-19,1395133.7649218116,278.99046839998584,303.8259661414802,0.0,bybit,0.0005828164345414844
2026-05-20,1395549.3182169711,-105.63004587988769,521.1833410392289,0.0,bybit,0.0004155532951594796
2026-05-21,1395972.1707144727,185.34160827973116,237.51088922182313,0.0,bybit,0.0004228524975015316
2026-05-22,1395957.0955170833,-311.0218017569727,295.94660436746454,0.0,bybit,-1.507519738934934e-05
2026-05-23,1395968.6087250134,-68.95294661609711,80.46615454618205,0.0,bybit,1.1513207930140197e-05
2026-05-24,1396483.0696427857,251.84941494476655,262.61150282747093,0.0,bybit,0.0005144609177722596
2026-05-25,1396761.8969703724,-49.88085499859864,328.70818258526873,0.0,bybit,0.00027882732758671046
2026-05-26,1396975.7236030367,143.04068712856983,70.78594553561902,0.0,bybit,0.00021382663266430608
2026-05-27,1396430.8664615918,-393.66753209816136,-151.18960934665864,0.0,bybit,-0.0005448571414449253
2026-05-28,1396848.4329304541,168.71465661365022,248.85181224881745,0.0,bybit,0.00041756646886235104
2026-05-29,1397023.1117391824,-126.90276345241656,301.58157218053134,0.0,bybit,0.00017467880872823298
2026-05-30,1397417.8301125728,157.95604082919223,236.76233256126187,0.0,bybit,0.0003947183733903803
2026-05-31,1397641.4869663224,-124.70213749667452,348.35899124639894,0.0,bybit,0.0002236568537496496
2026-06-01,1397690.4896945916,-153.79930291302782,202.80203118220294,0.0,bybit,4.9002728269202637e-05
2026-06-02,1398107.575452607,-92.67080414004349,509.7565621554576,0.0,bybit,0.00041708575801528057
2026-06-03,1398648.1062382679,326.18166945255894,214.34911620861047,0.0,bybit,0.000540530785660958
2026-06-04,1398547.6232438942,-139.12846320701343,38.64546883335704,0.0,bybit,-0.00010048299437365494
2026-06-05,1398596.4186836146,184.36355229916416,-135.56811257868907,0.0,bybit,4.879543972038664e-05
2026-06-06,1398734.4929995534,45.968631077398065,92.10568486147172,0.0,bybit,0.00013807431593886577
2026-06-07,1398670.8650554449,11.003129779243922,-74.63107388768361,0.0,bybit,-6.36279441085644e-05
2026-06-08,1398732.9232142768,-46.702173062645414,108.76033189440552,0.0,bybit,6.20581588319037e-05
2026-06-09,1398721.875913778,-120.0563715902266,109.00907109133263,0.0,bybit,-1.1047300498699769e-05
2026-06-10,1398947.2974138558,171.1597965643561,54.261703513443834,0.0,bybit,0.00022542150007770397
2026-06-11,1398985.6792585314,-188.5202902158623,226.90213489170253,0.0,bybit,3.8381844675634054e-05
2026-06-12,1399252.3743939921,14.915353700622406,251.7797817601451,0.0,bybit,0.0002666951354607008
2026-06-13,1399459.9201917523,122.25699754596863,85.28880021428319,0.0,bybit,0.0002075457977601327
2026-06-14,1399664.4065997927,164.06889070666855,40.417517333819404,0.0,bybit,0.00020448640804039315
2026-06-15,1399813.1239506055,113.45449372246675,35.262857090461296,0.0,bybit,0.0001487173508128617
2026-06-16,1399824.4044244431,-36.92161325839862,48.202087095885055,0.0,bybit,1.1280473837628961e-05
2026-06-17,1399634.3809826816,-308.57666180626677,118.55322004481275,0.0,bybit,-0.00019002344176149928
2026-06-18,1399715.2613051068,153.55478891770815,-72.67446649269127,0.0,bybit,8.088032242516056e-05
2026-06-19,1399439.5761856951,-60.88398477784257,-214.8011346338514,0.0,bybit,-0.0002756851194116753
2026-06-20,1399476.1885712738,-63.81815271900986,100.4305382975602,0.0,bybit,3.661238557868637e-05
2026-06-21,1399346.709923572,-85.33538428703629,-44.14326341492691,0.0,bybit,-0.0001294786477019079
2026-06-22,1399345.625063096,-76.04385247360672,74.95899199772379,0.0,bybit,-1.084860475966707e-06
2026-06-23,1399452.2653388411,124.94665149199417,-18.30637574687912,0.0,bybit,0.00010664027574518696
2026-06-24,1399583.4160354459,194.63314009316073,-63.48244348837001,0.0,bybit,0.00013115069660474547
2026-06-25,1399114.4670361215,-270.67699256676747,-198.2720067574777,0.0,bybit,-0.00046894899932434784
2026-06-26,1399069.397304998,-101.7178219583313,56.64809083472632,0.0,bybit,-4.506973112351261e-05
2026-06-27,1399164.3513925606,66.75232065999924,28.201766902585632,0.0,bybit,9.495408756262623e-05
2026-06-28,1399212.1927916342,79.22253440991577,-31.38113533627343,0.0,bybit,4.784139907360077e-05
2026-06-29,1399318.7977805377,-44.012519116441965,150.61750802005906,0.0,bybit,0.00010660498890350573
2026-06-30,1399707.4596981232,212.4826617347725,176.17925585055303,0.0,bybit,0.0003886619175854139
2026-07-01,1399616.8171424628,-395.86815805390336,305.2256023935698,0.0,bybit,-9.064255566033535e-05
2026-07-02,1400101.676211478,124.45762350188859,360.4014455133905,0.0,bybit,0.0004848590690151323
2026-07-03,1400209.6536134724,-119.81185759508485,227.7892595893943,0.0,bybit,0.00010797740199440159
2026-07-04,1400415.06043728,-42.54543514594727,247.95225895365792,0.0,bybit,0.00020540682380762882
2026-07-05,1400848.5598601669,277.52338442931324,155.97603845760574,0.0,bybit,0.0004334994228868745
2026-07-06,1401160.6152260043,90.47017818412354,221.58518765337698,0.0,bybit,0.00031205536583741195
2026-07-07,1401196.956282349,-327.1597254331259,363.50078177792795,0.0,bybit,3.6341056344797836e-05
2026-07-08,1401644.3809792006,224.2193334992638,223.20536335224244,0.0,bybit,0.0004474246968515217
2026-07-09,1402101.378838694,154.28833090313339,302.7095285903546,0.0,bybit,0.00045699785949336364
2026-07-10,1402472.0289143398,-48.902799018387455,419.552874664349,0.0,bybit,0.0003706500756458845
2026-07-11,1402862.5227233677,-16.871465661400602,407.365274689245,0.0,bybit,0.00039049380902783014
2026-07-12,1403152.3598073807,90.22566418898178,199.61141982386098,0.0,bybit,0.0002898370840130374
2026-07-13,1403035.253152352,-142.06263114853652,24.955976119874094,0.0,bybit,-0.00011710665502864867
2026-07-14,1403268.9145761793,-63.08461073376252,296.7460345609418,0.0,bybit,0.00023366142382728867
2026-07-15,1403695.705190901,45.72411708225632,381.06649763932853,0.0,bybit,0.0004267906147215981
2026-07-16,1404025.148302697,134.23818330542375,195.20492849077073,0.0,bybit,0.0003294431117961649
2026-07-17,1403941.1813763648,-141.3290891631113,57.36216283076076,0.0,bybit,-8.396692633233033e-05
2026-07-18,1403843.1341815072,-179.22875840243273,81.18156354474162,0.0,bybit,-9.804719485761598e-05
2026-07-19,1404292.7068906734,140.3510331829001,309.2216759833908,0.0,bybit,0.000449572709166212
2026-07-20,1404426.0113505374,5.86833588215668,127.43612398193264,0.0,bybit,0.00013330445986404083
2026-07-21,1404730.9992487486,74.82128249825378,230.16661571291388,0.0,bybit,0.0003049878982112277
2026-07-22,1404852.3554492297,74.33225450761446,47.02394597352136,0.0,bybit,0.00012135620048106648
2026-07-23,1404742.5633682825,-33.009389337198044,-76.78269161005798,0.0,bybit,-0.00010979208094719797
2026-07-24,1404748.78648067,-76.28836646857057,82.511478856208,0.0,bybit,6.2231123875826595e-06
2026-07-25,1404460.8744054353,-143.77422911417298,-144.13784612067434,0.0,bybit,-0.0002879120752348099
2026-07-26,1404813.2055077045,330.3384073692571,21.992694899882636,0.0,bybit,0.000352331102269236
2026-07-27,1404741.7229943674,-298.55158800723405,227.0690746701284,0.0,bybit,-7.148251333716325e-05
2026-07-28,1404987.8100935244,253.31649891526126,-7.229399758153427,0.0,bybit,0.00024608709915704095
2026-07-29,1404706.4604391782,-580.9652523384927,299.6155979923178,0.0,bybit,-0.00028134965434623883
2026-07-30,1405379.3596699948,342.07507913357045,330.82415168314543,0.0,bybit,0.0006728992308166344
2026-07-31,1405658.1665083843,113.45449372264466,165.3523446669275,0.0,bybit,0.0002788068383894861
